TICKER,SET,DECISION_DATE,FAISAL_DATE_RAW,DATE_AMBIGUOUS,FAISAL_STATE,EVIDENCE_ID,EVIDENCE_CLASS,REPEATED_ATTENTION,DATA_CUTOFF,EVIDENCE_CUTOFF,LOOKAHEAD_SAFE,EVENT,LEVEL,PRICE,TOLERANCE,TOUCH_INDEX,PREVIOUS_TOUCH_DATE,DAYS_SINCE_PREVIOUS_TOUCH,EVENT_DATE,SESSIONS_FIRST_TOUCH_TO_DECISION,TOUCHES_AT_DECISION,DATA_AVAILABLE_AT_EVENT,EVIDENCE_SOURCE,FUTURE_REVEAL_DATE,FWD_STATUS,FWD_POSITION_VS_DECISION,FWD_SWEEP_PCT,LEVEL_MISMATCH
AMIX,discovery,2026-08-24,2026-08-24,0,ENTRY,X_20260827_amix_3m_inflow,ACTION,0,bars < 2026-08-24,Faisal units dated <= 2026-08-24,1,FIRST_TOUCH(E1) of LEVEL(T),2.44,2.44,0.015,1,,,2026-07-28,19,1,daily bar closed (observable next session),bars,,,,,
AMIX,discovery,2026-08-24,2026-08-24,0,ENTRY,X_20260827_amix_3m_inflow,ACTION,0,bars < 2026-08-24,Faisal units dated <= 2026-08-24,1,SECOND_TOUCH(E2 production tested_level),2.44,2.44,0.015,2,2026-07-28,,,,,bars < event date,bars,2026-10-08,WINDOW_EXPIRED,NEVER,,
AMIX,discovery,2026-08-24,2026-08-24,0,ENTRY,X_20260827_amix_3m_inflow,ACTION,0,bars < 2026-08-24,Faisal units dated <= 2026-08-24,1,RETEST(E3 pivot_cycle_state stage>=3),2.44,2.44,0.015,,2026-07-28,,,,,bars < event date,bars,2026-10-08,NO_RETEST_IN_60,NEVER,,0
AMIX,discovery,2026-08-24,2026-08-24,0,ENTRY,X_20260827_amix_3m_inflow,ACTION,0,bars < 2026-08-24,Faisal units dated <= 2026-08-24,1,TRIGGER(E4 sweep-reclaim | stability),2.44,,,,,,,,,bars < event date,bars,2026-10-08,NONE,NEVER,,
AMIX,discovery,2026-08-24,2026-08-24,0,ENTRY,X_20260827_amix_3m_inflow,ACTION,0,bars < 2026-08-24,Faisal units dated <= 2026-08-24,1,BREAK/INVALIDATION(E5),2.44,,13.0,,,,2026-10-08,,,bars < event date,bars,2026-10-08,NO_RETEST_IN_60,AFTER,,
BETA,discovery,2026-04-06,2026-04-05,1,WATCH,TG_2117,DIRECT_TEXT,0,bars < 2026-04-06,Faisal units dated <= 2026-04-05,1,FIRST_TOUCH(E1) of LEVEL(T),13.43,13.43,0.015,1,,,2026-03-30,4,1,daily bar closed (observable next session),bars,,,,,
BETA,discovery,2026-04-06,2026-04-05,1,WATCH,TG_2117,DIRECT_TEXT,0,bars < 2026-04-06,Faisal units dated <= 2026-04-05,1,SECOND_TOUCH(E2 production tested_level),13.43,13.43,0.015,2,2026-03-30,,,,,bars < event date,bars,2026-10-08,WINDOW_EXPIRED,NEVER,,
BETA,discovery,2026-04-06,2026-04-05,1,WATCH,TG_2117,DIRECT_TEXT,0,bars < 2026-04-06,Faisal units dated <= 2026-04-05,1,RETEST(E3 pivot_cycle_state stage>=3),13.43,13.43,0.015,,2026-03-30,27,2026-05-07,,,bars < event date,bars,2026-10-08,E3:sweep,AFTER,5.29,1
BETA,discovery,2026-04-06,2026-04-05,1,WATCH,TG_2117,DIRECT_TEXT,0,bars < 2026-04-06,Faisal units dated <= 2026-04-05,1,TRIGGER(E4 sweep-reclaim | stability),13.43,,,,2026-05-07,0,2026-05-07,,,bars < event date,bars,2026-10-08,E4:sweep_reclaim,AFTER,,
BETA,discovery,2026-04-06,2026-04-05,1,WATCH,TG_2117,DIRECT_TEXT,0,bars < 2026-04-06,Faisal units dated <= 2026-04-05,1,BREAK/INVALIDATION(E5),13.43,,13.0,,,,,,,bars < event date,bars,2026-10-08,NONE,NEVER,,
BRTX,validation,2026-10-05,2026-10-03,1,WATCH,TG_58402,DIRECT_TEXT,0,bars < 2026-10-05,Faisal units dated <= 2026-10-03,1,FIRST_TOUCH(E1) of LEVEL(T),2.14,2.14,0.015,1,,,2026-10-02,1,1,daily bar closed (observable next session),bars,,,,,
BRTX,validation,2026-10-05,2026-10-03,1,WATCH,TG_58402,DIRECT_TEXT,0,bars < 2026-10-05,Faisal units dated <= 2026-10-03,1,SECOND_TOUCH(E2 production tested_level),2.14,2.14,0.015,2,2026-10-02,,,,,bars < event date,bars,2026-10-08,LEVEL_INVALIDATED,NEVER,,
BRTX,validation,2026-10-05,2026-10-03,1,WATCH,TG_58402,DIRECT_TEXT,0,bars < 2026-10-05,Faisal units dated <= 2026-10-03,1,RETEST(E3 pivot_cycle_state stage>=3),2.14,2.14,0.015,,2026-10-02,,,,,bars < event date,bars,2026-10-08,NO_RETEST_IN_60,NEVER,,0
BRTX,validation,2026-10-05,2026-10-03,1,WATCH,TG_58402,DIRECT_TEXT,0,bars < 2026-10-05,Faisal units dated <= 2026-10-03,1,TRIGGER(E4 sweep-reclaim | stability),2.14,,,,,,,,,bars < event date,bars,2026-10-08,NONE,NEVER,,
BRTX,validation,2026-10-05,2026-10-03,1,WATCH,TG_58402,DIRECT_TEXT,0,bars < 2026-10-05,Faisal units dated <= 2026-10-03,1,BREAK/INVALIDATION(E5),2.14,,13.0,,,,2026-10-08,,,bars < event date,bars,2026-10-08,NO_RETEST_IN_60,AFTER,,
BRTX,validation,2026-10-05,2026-10-03,1,WATCH,TG_58407,DIRECT_TEXT,0,bars < 2026-10-05,Faisal units dated <= 2026-10-03,1,FIRST_TOUCH(E1) of LEVEL(T),2.14,2.14,0.015,1,,,2026-10-02,1,1,daily bar closed (observable next session),bars,,,,,
BRTX,validation,2026-10-05,2026-10-03,1,WATCH,TG_58407,DIRECT_TEXT,0,bars < 2026-10-05,Faisal units dated <= 2026-10-03,1,SECOND_TOUCH(E2 production tested_level),2.14,2.14,0.015,2,2026-10-02,,,,,bars < event date,bars,2026-10-08,LEVEL_INVALIDATED,NEVER,,
BRTX,validation,2026-10-05,2026-10-03,1,WATCH,TG_58407,DIRECT_TEXT,0,bars < 2026-10-05,Faisal units dated <= 2026-10-03,1,RETEST(E3 pivot_cycle_state stage>=3),2.14,2.14,0.015,,2026-10-02,,,,,bars < event date,bars,2026-10-08,NO_RETEST_IN_60,NEVER,,0
BRTX,validation,2026-10-05,2026-10-03,1,WATCH,TG_58407,DIRECT_TEXT,0,bars < 2026-10-05,Faisal units dated <= 2026-10-03,1,TRIGGER(E4 sweep-reclaim | stability),2.14,,,,,,,,,bars < event date,bars,2026-10-08,NONE,NEVER,,
BRTX,validation,2026-10-05,2026-10-03,1,WATCH,TG_58407,DIRECT_TEXT,0,bars < 2026-10-05,Faisal units dated <= 2026-10-03,1,BREAK/INVALIDATION(E5),2.14,,13.0,,,,2026-10-08,,,bars < event date,bars,2026-10-08,NO_RETEST_IN_60,AFTER,,
CANF,discovery,2026-07-20,2026-07-20,0,WATCH,TG_1833,DIRECT_TEXT,1,bars < 2026-07-20,Faisal units dated <= 2026-07-20,1,FIRST_TOUCH(E1) of LEVEL(T),2.56,2.56,0.015,1,,,2026-06-29,14,1,daily bar closed (observable next session),bars,,,,,
CANF,discovery,2026-07-20,2026-07-20,0,WATCH,TG_1833,DIRECT_TEXT,1,bars < 2026-07-20,Faisal units dated <= 2026-07-20,1,SECOND_TOUCH(E2 production tested_level),2.56,2.56,0.015,2,2026-06-29,,,,,bars < event date,bars,2026-10-08,WINDOW_EXPIRED,NEVER,,
CANF,discovery,2026-07-20,2026-07-20,0,WATCH,TG_1833,DIRECT_TEXT,1,bars < 2026-07-20,Faisal units dated <= 2026-07-20,1,RETEST(E3 pivot_cycle_state stage>=3),2.56,2.56,0.015,,2026-06-29,2,2026-07-01,,,bars < event date,bars,2026-10-08,E3:sweep,BEFORE,11.72,1
CANF,discovery,2026-07-20,2026-07-20,0,WATCH,TG_1833,DIRECT_TEXT,1,bars < 2026-07-20,Faisal units dated <= 2026-07-20,1,TRIGGER(E4 sweep-reclaim | stability),2.56,,,,2026-07-01,0,2026-07-01,,,bars < event date,bars,2026-10-08,E4:sweep_reclaim,BEFORE,,
CANF,discovery,2026-07-20,2026-07-20,0,WATCH,TG_1833,DIRECT_TEXT,1,bars < 2026-07-20,Faisal units dated <= 2026-07-20,1,BREAK/INVALIDATION(E5),2.56,,13.0,,,,,,,bars < event date,bars,2026-10-08,NONE,NEVER,,
CANF,discovery,2026-07-31,2026-07-31,0,WATCH,IMG_0602,DIRECT_CHART,1,bars < 2026-07-31,Faisal units dated <= 2026-07-31,1,FIRST_TOUCH(E1) of LEVEL(T),2.56,2.56,0.015,1,,,2026-06-29,23,1,daily bar closed (observable next session),bars,,,,,
CANF,discovery,2026-07-31,2026-07-31,0,WATCH,IMG_0602,DIRECT_CHART,1,bars < 2026-07-31,Faisal units dated <= 2026-07-31,1,SECOND_TOUCH(E2 production tested_level),2.56,2.56,0.015,2,2026-06-29,,,,,bars < event date,bars,2026-10-08,WINDOW_EXPIRED,NEVER,,
CANF,discovery,2026-07-31,2026-07-31,0,WATCH,IMG_0602,DIRECT_CHART,1,bars < 2026-07-31,Faisal units dated <= 2026-07-31,1,RETEST(E3 pivot_cycle_state stage>=3),2.56,2.56,0.015,,2026-06-29,2,2026-07-01,,,bars < event date,bars,2026-10-08,E3:sweep,BEFORE,11.72,1
CANF,discovery,2026-07-31,2026-07-31,0,WATCH,IMG_0602,DIRECT_CHART,1,bars < 2026-07-31,Faisal units dated <= 2026-07-31,1,TRIGGER(E4 sweep-reclaim | stability),2.56,,,,2026-07-01,0,2026-07-01,,,bars < event date,bars,2026-10-08,E4:sweep_reclaim,BEFORE,,
CANF,discovery,2026-07-31,2026-07-31,0,WATCH,IMG_0602,DIRECT_CHART,1,bars < 2026-07-31,Faisal units dated <= 2026-07-31,1,BREAK/INVALIDATION(E5),2.56,,13.0,,,,,,,bars < event date,bars,2026-10-08,NONE,NEVER,,
CANF,discovery,2026-08-03,2026-08-01,1,WATCH,IMG_0510,DIRECT_CHART,1,bars < 2026-08-03,Faisal units dated <= 2026-08-01,1,FIRST_TOUCH(E1) of LEVEL(T),2.56,2.56,0.015,1,,,2026-06-29,24,1,daily bar closed (observable next session),bars,,,,,
CANF,discovery,2026-08-03,2026-08-01,1,WATCH,IMG_0510,DIRECT_CHART,1,bars < 2026-08-03,Faisal units dated <= 2026-08-01,1,SECOND_TOUCH(E2 production tested_level),2.56,2.56,0.015,2,2026-06-29,,,,,bars < event date,bars,2026-10-08,WINDOW_EXPIRED,NEVER,,
CANF,discovery,2026-08-03,2026-08-01,1,WATCH,IMG_0510,DIRECT_CHART,1,bars < 2026-08-03,Faisal units dated <= 2026-08-01,1,RETEST(E3 pivot_cycle_state stage>=3),2.56,2.56,0.015,,2026-06-29,2,2026-07-01,,,bars < event date,bars,2026-10-08,E3:sweep,BEFORE,11.72,1
CANF,discovery,2026-08-03,2026-08-01,1,WATCH,IMG_0510,DIRECT_CHART,1,bars < 2026-08-03,Faisal units dated <= 2026-08-01,1,TRIGGER(E4 sweep-reclaim | stability),2.56,,,,2026-07-01,0,2026-07-01,,,bars < event date,bars,2026-10-08,E4:sweep_reclaim,BEFORE,,
CANF,discovery,2026-08-03,2026-08-01,1,WATCH,IMG_0510,DIRECT_CHART,1,bars < 2026-08-03,Faisal units dated <= 2026-08-01,1,BREAK/INVALIDATION(E5),2.56,,13.0,,,,,,,bars < event date,bars,2026-10-08,NONE,NEVER,,
CANF,discovery,2026-08-03,2026-08-01,1,WATCH,IMG_0512,DIRECT_CHART,1,bars < 2026-08-03,Faisal units dated <= 2026-08-01,1,FIRST_TOUCH(E1) of LEVEL(T),2.56,2.56,0.015,1,,,2026-06-29,24,1,daily bar closed (observable next session),bars,,,,,
CANF,discovery,2026-08-03,2026-08-01,1,WATCH,IMG_0512,DIRECT_CHART,1,bars < 2026-08-03,Faisal units dated <= 2026-08-01,1,SECOND_TOUCH(E2 production tested_level),2.56,2.56,0.015,2,2026-06-29,,,,,bars < event date,bars,2026-10-08,WINDOW_EXPIRED,NEVER,,
CANF,discovery,2026-08-03,2026-08-01,1,WATCH,IMG_0512,DIRECT_CHART,1,bars < 2026-08-03,Faisal units dated <= 2026-08-01,1,RETEST(E3 pivot_cycle_state stage>=3),2.56,2.56,0.015,,2026-06-29,2,2026-07-01,,,bars < event date,bars,2026-10-08,E3:sweep,BEFORE,11.72,1
CANF,discovery,2026-08-03,2026-08-01,1,WATCH,IMG_0512,DIRECT_CHART,1,bars < 2026-08-03,Faisal units dated <= 2026-08-01,1,TRIGGER(E4 sweep-reclaim | stability),2.56,,,,2026-07-01,0,2026-07-01,,,bars < event date,bars,2026-10-08,E4:sweep_reclaim,BEFORE,,
CANF,discovery,2026-08-03,2026-08-01,1,WATCH,IMG_0512,DIRECT_CHART,1,bars < 2026-08-03,Faisal units dated <= 2026-08-01,1,BREAK/INVALIDATION(E5),2.56,,13.0,,,,,,,bars < event date,bars,2026-10-08,NONE,NEVER,,
CANF,discovery,2026-08-03,2026-08-01,1,WATCH,IMG_0513,DIRECT_CHART,1,bars < 2026-08-03,Faisal units dated <= 2026-08-01,1,FIRST_TOUCH(E1) of LEVEL(T),2.56,2.56,0.015,1,,,2026-06-29,24,1,daily bar closed (observable next session),bars,,,,,
CANF,discovery,2026-08-03,2026-08-01,1,WATCH,IMG_0513,DIRECT_CHART,1,bars < 2026-08-03,Faisal units dated <= 2026-08-01,1,SECOND_TOUCH(E2 production tested_level),2.56,2.56,0.015,2,2026-06-29,,,,,bars < event date,bars,2026-10-08,WINDOW_EXPIRED,NEVER,,
CANF,discovery,2026-08-03,2026-08-01,1,WATCH,IMG_0513,DIRECT_CHART,1,bars < 2026-08-03,Faisal units dated <= 2026-08-01,1,RETEST(E3 pivot_cycle_state stage>=3),2.56,2.56,0.015,,2026-06-29,2,2026-07-01,,,bars < event date,bars,2026-10-08,E3:sweep,BEFORE,11.72,1
CANF,discovery,2026-08-03,2026-08-01,1,WATCH,IMG_0513,DIRECT_CHART,1,bars < 2026-08-03,Faisal units dated <= 2026-08-01,1,TRIGGER(E4 sweep-reclaim | stability),2.56,,,,2026-07-01,0,2026-07-01,,,bars < event date,bars,2026-10-08,E4:sweep_reclaim,BEFORE,,
CANF,discovery,2026-08-03,2026-08-01,1,WATCH,IMG_0513,DIRECT_CHART,1,bars < 2026-08-03,Faisal units dated <= 2026-08-01,1,BREAK/INVALIDATION(E5),2.56,,13.0,,,,,,,bars < event date,bars,2026-10-08,NONE,NEVER,,
CDIO,discovery,2026-01-28,2026-01-28,0,WATCH,TG_2089,DIRECT_TEXT,0,bars < 2026-01-28,Faisal units dated <= 2026-01-28,1,FIRST_TOUCH(E1) of LEVEL(T),1.64,1.64,0.015,1,,,2026-01-14,9,2,daily bar closed (observable next session),bars,,,,,
CDIO,discovery,2026-01-28,2026-01-28,0,WATCH,TG_2089,DIRECT_TEXT,0,bars < 2026-01-28,Faisal units dated <= 2026-01-28,1,SECOND_TOUCH(E2 production tested_level),1.64,1.64,0.015,2,2026-01-14,5,2026-01-22,,,bars < event date,bars,2026-10-08,E2,BEFORE,,
CDIO,discovery,2026-01-28,2026-01-28,0,WATCH,TG_2089,DIRECT_TEXT,0,bars < 2026-01-28,Faisal units dated <= 2026-01-28,1,RETEST(E3 pivot_cycle_state stage>=3),1.64,1.64,0.015,,2026-01-14,2,2026-01-16,,,bars < event date,bars,2026-10-08,E3:sweep,BEFORE,5.75,1
CDIO,discovery,2026-01-28,2026-01-28,0,WATCH,TG_2089,DIRECT_TEXT,0,bars < 2026-01-28,Faisal units dated <= 2026-01-28,1,TRIGGER(E4 sweep-reclaim | stability),1.64,,,,2026-01-16,0,2026-01-16,,,bars < event date,bars,2026-10-08,E4:sweep_reclaim,BEFORE,,
CDIO,discovery,2026-01-28,2026-01-28,0,WATCH,TG_2089,DIRECT_TEXT,0,bars < 2026-01-28,Faisal units dated <= 2026-01-28,1,BREAK/INVALIDATION(E5),1.64,,13.0,,,,,,,bars < event date,bars,2026-10-08,NONE,NEVER,,
CDIO,discovery,2026-01-28,2026-01-28,0,WATCH,TG_2218,DIRECT_TEXT,0,bars < 2026-01-28,Faisal units dated <= 2026-01-28,1,FIRST_TOUCH(E1) of LEVEL(T),1.64,1.64,0.015,1,,,2026-01-14,9,2,daily bar closed (observable next session),bars,,,,,
CDIO,discovery,2026-01-28,2026-01-28,0,WATCH,TG_2218,DIRECT_TEXT,0,bars < 2026-01-28,Faisal units dated <= 2026-01-28,1,SECOND_TOUCH(E2 production tested_level),1.64,1.64,0.015,2,2026-01-14,5,2026-01-22,,,bars < event date,bars,2026-10-08,E2,BEFORE,,
CDIO,discovery,2026-01-28,2026-01-28,0,WATCH,TG_2218,DIRECT_TEXT,0,bars < 2026-01-28,Faisal units dated <= 2026-01-28,1,RETEST(E3 pivot_cycle_state stage>=3),1.64,1.64,0.015,,2026-01-14,2,2026-01-16,,,bars < event date,bars,2026-10-08,E3:sweep,BEFORE,5.75,1
CDIO,discovery,2026-01-28,2026-01-28,0,WATCH,TG_2218,DIRECT_TEXT,0,bars < 2026-01-28,Faisal units dated <= 2026-01-28,1,TRIGGER(E4 sweep-reclaim | stability),1.64,,,,2026-01-16,0,2026-01-16,,,bars < event date,bars,2026-10-08,E4:sweep_reclaim,BEFORE,,
CDIO,discovery,2026-01-28,2026-01-28,0,WATCH,TG_2218,DIRECT_TEXT,0,bars < 2026-01-28,Faisal units dated <= 2026-01-28,1,BREAK/INVALIDATION(E5),1.64,,13.0,,,,,,,bars < event date,bars,2026-10-08,NONE,NEVER,,
CETX,validation,2026-09-14,2026-09-13,1,FOCUS,X_20260918_23_watchlist,DIRECT_TEXT,0,bars < 2026-09-14,Faisal units dated <= 2026-09-13,1,FIRST_TOUCH(E1) of LEVEL(T),2.4,2.4,0.015,1,,,2026-09-10,2,2,daily bar closed (observable next session),bars,,,,,
CETX,validation,2026-09-14,2026-09-13,1,FOCUS,X_20260918_23_watchlist,DIRECT_TEXT,0,bars < 2026-09-14,Faisal units dated <= 2026-09-13,1,SECOND_TOUCH(E2 production tested_level),2.4,2.4,0.015,2,2026-09-10,2,2026-09-14,,,bars < event date,bars,2026-10-08,E2,SAME,,
CETX,validation,2026-09-14,2026-09-13,1,FOCUS,X_20260918_23_watchlist,DIRECT_TEXT,0,bars < 2026-09-14,Faisal units dated <= 2026-09-13,1,RETEST(E3 pivot_cycle_state stage>=3),2.4,2.38,0.015,,2026-09-10,2,2026-09-14,,,bars < event date,bars,2026-10-08,E3:sweep,SAME,8.11,1
CETX,validation,2026-09-14,2026-09-13,1,FOCUS,X_20260918_23_watchlist,DIRECT_TEXT,0,bars < 2026-09-14,Faisal units dated <= 2026-09-13,1,TRIGGER(E4 sweep-reclaim | stability),2.4,,,,2026-09-14,,,,,bars < event date,bars,2026-10-08,NONE,NEVER,,
CETX,validation,2026-09-14,2026-09-13,1,FOCUS,X_20260918_23_watchlist,DIRECT_TEXT,0,bars < 2026-09-14,Faisal units dated <= 2026-09-13,1,BREAK/INVALIDATION(E5),2.4,,13.0,,,,2026-09-21,,,bars < event date,bars,2026-10-08,BROKEN_BELOW_SWEEP_MAX,AFTER,,
CIIT,validation,2026-09-25,2026-09-25,0,WATCH,TG_57881,DIRECT_TEXT,1,bars < 2026-09-25,Faisal units dated <= 2026-09-25,1,FIRST_TOUCH(E1) of LEVEL(T),2.26,2.26,0.015,1,,,2026-09-16,7,1,daily bar closed (observable next session),bars,,,,,
CIIT,validation,2026-09-25,2026-09-25,0,WATCH,TG_57881,DIRECT_TEXT,1,bars < 2026-09-25,Faisal units dated <= 2026-09-25,1,SECOND_TOUCH(E2 production tested_level),2.26,2.26,0.015,2,2026-09-16,,,,,bars < event date,bars,2026-10-08,WINDOW_EXPIRED,NEVER,,
CIIT,validation,2026-09-25,2026-09-25,0,WATCH,TG_57881,DIRECT_TEXT,1,bars < 2026-09-25,Faisal units dated <= 2026-09-25,1,RETEST(E3 pivot_cycle_state stage>=3),2.26,2.26,0.015,,2026-09-16,,,,,bars < event date,bars,2026-10-08,NO_RETEST_IN_60,NEVER,,0
CIIT,validation,2026-09-25,2026-09-25,0,WATCH,TG_57881,DIRECT_TEXT,1,bars < 2026-09-25,Faisal units dated <= 2026-09-25,1,TRIGGER(E4 sweep-reclaim | stability),2.26,,,,,,,,,bars < event date,bars,2026-10-08,NONE,NEVER,,
CIIT,validation,2026-09-25,2026-09-25,0,WATCH,TG_57881,DIRECT_TEXT,1,bars < 2026-09-25,Faisal units dated <= 2026-09-25,1,BREAK/INVALIDATION(E5),2.26,,13.0,,,,2026-10-08,,,bars < event date,bars,2026-10-08,NO_RETEST_IN_60,AFTER,,
CIIT,validation,2026-09-25,2026-09-25,0,WATCH,TG_57883,DIRECT_TEXT,1,bars < 2026-09-25,Faisal units dated <= 2026-09-25,1,FIRST_TOUCH(E1) of LEVEL(T),2.26,2.26,0.015,1,,,2026-09-16,7,1,daily bar closed (observable next session),bars,,,,,
CIIT,validation,2026-09-25,2026-09-25,0,WATCH,TG_57883,DIRECT_TEXT,1,bars < 2026-09-25,Faisal units dated <= 2026-09-25,1,SECOND_TOUCH(E2 production tested_level),2.26,2.26,0.015,2,2026-09-16,,,,,bars < event date,bars,2026-10-08,WINDOW_EXPIRED,NEVER,,
CIIT,validation,2026-09-25,2026-09-25,0,WATCH,TG_57883,DIRECT_TEXT,1,bars < 2026-09-25,Faisal units dated <= 2026-09-25,1,RETEST(E3 pivot_cycle_state stage>=3),2.26,2.26,0.015,,2026-09-16,,,,,bars < event date,bars,2026-10-08,NO_RETEST_IN_60,NEVER,,0
CIIT,validation,2026-09-25,2026-09-25,0,WATCH,TG_57883,DIRECT_TEXT,1,bars < 2026-09-25,Faisal units dated <= 2026-09-25,1,TRIGGER(E4 sweep-reclaim | stability),2.26,,,,,,,,,bars < event date,bars,2026-10-08,NONE,NEVER,,
CIIT,validation,2026-09-25,2026-09-25,0,WATCH,TG_57883,DIRECT_TEXT,1,bars < 2026-09-25,Faisal units dated <= 2026-09-25,1,BREAK/INVALIDATION(E5),2.26,,13.0,,,,2026-10-08,,,bars < event date,bars,2026-10-08,NO_RETEST_IN_60,AFTER,,
CIIT,validation,2026-09-28,2026-09-26,1,WATCH,TG_57879,DIRECT_TEXT,1,bars < 2026-09-28,Faisal units dated <= 2026-09-26,1,FIRST_TOUCH(E1) of LEVEL(T),2.26,2.26,0.015,1,,,2026-09-16,8,1,daily bar closed (observable next session),bars,,,,,
CIIT,validation,2026-09-28,2026-09-26,1,WATCH,TG_57879,DIRECT_TEXT,1,bars < 2026-09-28,Faisal units dated <= 2026-09-26,1,SECOND_TOUCH(E2 production tested_level),2.26,2.26,0.015,2,2026-09-16,,,,,bars < event date,bars,2026-10-08,WINDOW_EXPIRED,NEVER,,
CIIT,validation,2026-09-28,2026-09-26,1,WATCH,TG_57879,DIRECT_TEXT,1,bars < 2026-09-28,Faisal units dated <= 2026-09-26,1,RETEST(E3 pivot_cycle_state stage>=3),2.26,2.26,0.015,,2026-09-16,,,,,bars < event date,bars,2026-10-08,NO_RETEST_IN_60,NEVER,,0
CIIT,validation,2026-09-28,2026-09-26,1,WATCH,TG_57879,DIRECT_TEXT,1,bars < 2026-09-28,Faisal units dated <= 2026-09-26,1,TRIGGER(E4 sweep-reclaim | stability),2.26,,,,,,,,,bars < event date,bars,2026-10-08,NONE,NEVER,,
CIIT,validation,2026-09-28,2026-09-26,1,WATCH,TG_57879,DIRECT_TEXT,1,bars < 2026-09-28,Faisal units dated <= 2026-09-26,1,BREAK/INVALIDATION(E5),2.26,,13.0,,,,2026-10-08,,,bars < event date,bars,2026-10-08,NO_RETEST_IN_60,AFTER,,
CIIT,validation,2026-09-28,2026-09-26,1,WATCH,TG_57884,DIRECT_TEXT,1,bars < 2026-09-28,Faisal units dated <= 2026-09-26,1,FIRST_TOUCH(E1) of LEVEL(T),2.26,2.26,0.015,1,,,2026-09-16,8,1,daily bar closed (observable next session),bars,,,,,
CIIT,validation,2026-09-28,2026-09-26,1,WATCH,TG_57884,DIRECT_TEXT,1,bars < 2026-09-28,Faisal units dated <= 2026-09-26,1,SECOND_TOUCH(E2 production tested_level),2.26,2.26,0.015,2,2026-09-16,,,,,bars < event date,bars,2026-10-08,WINDOW_EXPIRED,NEVER,,
CIIT,validation,2026-09-28,2026-09-26,1,WATCH,TG_57884,DIRECT_TEXT,1,bars < 2026-09-28,Faisal units dated <= 2026-09-26,1,RETEST(E3 pivot_cycle_state stage>=3),2.26,2.26,0.015,,2026-09-16,,,,,bars < event date,bars,2026-10-08,NO_RETEST_IN_60,NEVER,,0
CIIT,validation,2026-09-28,2026-09-26,1,WATCH,TG_57884,DIRECT_TEXT,1,bars < 2026-09-28,Faisal units dated <= 2026-09-26,1,TRIGGER(E4 sweep-reclaim | stability),2.26,,,,,,,,,bars < event date,bars,2026-10-08,NONE,NEVER,,
CIIT,validation,2026-09-28,2026-09-26,1,WATCH,TG_57884,DIRECT_TEXT,1,bars < 2026-09-28,Faisal units dated <= 2026-09-26,1,BREAK/INVALIDATION(E5),2.26,,13.0,,,,2026-10-08,,,bars < event date,bars,2026-10-08,NO_RETEST_IN_60,AFTER,,
CRE,discovery,2025-08-04,2025-08-02,1,ENTRY,TG_2103,ACTION,0,bars < 2025-08-04,Faisal units dated <= 2025-08-02,1,FIRST_TOUCH(E1) of LEVEL(T),45.6,45.6,0.015,1,,,2025-07-23,8,1,daily bar closed (observable next session),bars,,,,,
CRE,discovery,2025-08-04,2025-08-02,1,ENTRY,TG_2103,ACTION,0,bars < 2025-08-04,Faisal units dated <= 2025-08-02,1,SECOND_TOUCH(E2 production tested_level),45.6,45.6,0.015,2,2025-07-23,,,,,bars < event date,bars,2026-10-08,LEVEL_INVALIDATED,NEVER,,
CRE,discovery,2025-08-04,2025-08-02,1,ENTRY,TG_2103,ACTION,0,bars < 2025-08-04,Faisal units dated <= 2025-08-02,1,RETEST(E3 pivot_cycle_state stage>=3),45.6,45.6,0.015,,2025-07-23,,,,,bars < event date,bars,2026-10-08,BROKEN_BELOW_SWEEP_MAX,NEVER,,0
CRE,discovery,2025-08-04,2025-08-02,1,ENTRY,TG_2103,ACTION,0,bars < 2025-08-04,Faisal units dated <= 2025-08-02,1,TRIGGER(E4 sweep-reclaim | stability),45.6,,,,,,,,,bars < event date,bars,2026-10-08,NONE,NEVER,,
CRE,discovery,2025-08-04,2025-08-02,1,ENTRY,TG_2103,ACTION,0,bars < 2025-08-04,Faisal units dated <= 2025-08-02,1,BREAK/INVALIDATION(E5),45.6,,13.0,,,,2025-08-14,,,bars < event date,bars,2026-10-08,BROKEN_BELOW_SWEEP_MAX,AFTER,,
CUPR,validation,2026-09-14,2026-09-13,1,FOCUS,X_20260918_23_watchlist,DIRECT_TEXT,0,bars < 2026-09-14,Faisal units dated <= 2026-09-13,1,FIRST_TOUCH(E1) of LEVEL(T),2.5,2.5,0.015,1,,,2026-07-31,30,1,daily bar closed (observable next session),bars,,,,,
CUPR,validation,2026-09-14,2026-09-13,1,FOCUS,X_20260918_23_watchlist,DIRECT_TEXT,0,bars < 2026-09-14,Faisal units dated <= 2026-09-13,1,SECOND_TOUCH(E2 production tested_level),2.5,2.5,0.015,2,2026-07-31,,,,,bars < event date,bars,2026-10-08,WINDOW_EXPIRED,NEVER,,
CUPR,validation,2026-09-14,2026-09-13,1,FOCUS,X_20260918_23_watchlist,DIRECT_TEXT,0,bars < 2026-09-14,Faisal units dated <= 2026-09-13,1,RETEST(E3 pivot_cycle_state stage>=3),2.5,1.86,0.015,,2026-07-31,8,2026-08-12,,,bars < event date,bars,2026-10-08,E3:sweep,BEFORE,7.0,1
CUPR,validation,2026-09-14,2026-09-13,1,FOCUS,X_20260918_23_watchlist,DIRECT_TEXT,0,bars < 2026-09-14,Faisal units dated <= 2026-09-13,1,TRIGGER(E4 sweep-reclaim | stability),2.5,,,,2026-08-12,0,2026-08-12,,,bars < event date,bars,2026-10-08,E4:sweep_reclaim,BEFORE,,
CUPR,validation,2026-09-14,2026-09-13,1,FOCUS,X_20260918_23_watchlist,DIRECT_TEXT,0,bars < 2026-09-14,Faisal units dated <= 2026-09-13,1,BREAK/INVALIDATION(E5),2.5,,13.0,,,,,,,bars < event date,bars,2026-10-08,NONE,NEVER,,
DCOY,validation,2026-09-22,2026-09-22,0,WATCH,TG_50575,DIRECT_TEXT,0,bars < 2026-09-22,Faisal units dated <= 2026-09-22,1,FIRST_TOUCH(E1) of LEVEL(T),2.18,2.18,0.015,1,,,2026-09-21,1,1,daily bar closed (observable next session),bars,,,,,
DCOY,validation,2026-09-22,2026-09-22,0,WATCH,TG_50575,DIRECT_TEXT,0,bars < 2026-09-22,Faisal units dated <= 2026-09-22,1,SECOND_TOUCH(E2 production tested_level),2.18,2.18,0.015,2,2026-09-21,,,,,bars < event date,bars,2026-10-08,LEVEL_INVALIDATED,NEVER,,
DCOY,validation,2026-09-22,2026-09-22,0,WATCH,TG_50575,DIRECT_TEXT,0,bars < 2026-09-22,Faisal units dated <= 2026-09-22,1,RETEST(E3 pivot_cycle_state stage>=3),2.18,2.01,0.015,,2026-09-21,7,2026-09-30,,,bars < event date,bars,2026-10-08,E3:sweep,AFTER,7.8,0
DCOY,validation,2026-09-22,2026-09-22,0,WATCH,TG_50575,DIRECT_TEXT,0,bars < 2026-09-22,Faisal units dated <= 2026-09-22,1,TRIGGER(E4 sweep-reclaim | stability),2.18,,,,2026-09-30,,,,,bars < event date,bars,2026-10-08,NONE,NEVER,,
DCOY,validation,2026-09-22,2026-09-22,0,WATCH,TG_50575,DIRECT_TEXT,0,bars < 2026-09-22,Faisal units dated <= 2026-09-22,1,BREAK/INVALIDATION(E5),2.18,,13.0,,,,2026-10-02,,,bars < event date,bars,2026-10-08,BROKEN_BELOW_SWEEP_MAX,AFTER,,
DCOY,validation,2026-09-22,2026-09-22,0,WATCH,TG_50576,DIRECT_TEXT,0,bars < 2026-09-22,Faisal units dated <= 2026-09-22,1,FIRST_TOUCH(E1) of LEVEL(T),2.18,2.18,0.015,1,,,2026-09-21,1,1,daily bar closed (observable next session),bars,,,,,
DCOY,validation,2026-09-22,2026-09-22,0,WATCH,TG_50576,DIRECT_TEXT,0,bars < 2026-09-22,Faisal units dated <= 2026-09-22,1,SECOND_TOUCH(E2 production tested_level),2.18,2.18,0.015,2,2026-09-21,,,,,bars < event date,bars,2026-10-08,LEVEL_INVALIDATED,NEVER,,
DCOY,validation,2026-09-22,2026-09-22,0,WATCH,TG_50576,DIRECT_TEXT,0,bars < 2026-09-22,Faisal units dated <= 2026-09-22,1,RETEST(E3 pivot_cycle_state stage>=3),2.18,2.01,0.015,,2026-09-21,7,2026-09-30,,,bars < event date,bars,2026-10-08,E3:sweep,AFTER,7.8,0
DCOY,validation,2026-09-22,2026-09-22,0,WATCH,TG_50576,DIRECT_TEXT,0,bars < 2026-09-22,Faisal units dated <= 2026-09-22,1,TRIGGER(E4 sweep-reclaim | stability),2.18,,,,2026-09-30,,,,,bars < event date,bars,2026-10-08,NONE,NEVER,,
DCOY,validation,2026-09-22,2026-09-22,0,WATCH,TG_50576,DIRECT_TEXT,0,bars < 2026-09-22,Faisal units dated <= 2026-09-22,1,BREAK/INVALIDATION(E5),2.18,,13.0,,,,2026-10-02,,,bars < event date,bars,2026-10-08,BROKEN_BELOW_SWEEP_MAX,AFTER,,
DKI,anchor,2026-09-14,2026-09-13,1,FOCUS,X_20260918_22_pipeline,DIRECT_TEXT,0,bars < 2026-09-14,Faisal units dated <= 2026-09-13,1,FIRST_TOUCH(E1) of LEVEL(T),2.32,2.32,0.015,1,,,2026-09-11,1,1,daily bar closed (observable next session),bars,,,,,
DKI,anchor,2026-09-14,2026-09-13,1,FOCUS,X_20260918_22_pipeline,DIRECT_TEXT,0,bars < 2026-09-14,Faisal units dated <= 2026-09-13,1,SECOND_TOUCH(E2 production tested_level),2.32,2.32,0.015,2,2026-09-11,,,,,bars < event date,bars,2026-10-08,LEVEL_INVALIDATED,NEVER,,
DKI,anchor,2026-09-14,2026-09-13,1,FOCUS,X_20260918_22_pipeline,DIRECT_TEXT,0,bars < 2026-09-14,Faisal units dated <= 2026-09-13,1,RETEST(E3 pivot_cycle_state stage>=3),2.32,2.32,0.015,,2026-09-11,2,2026-09-15,,,bars < event date,bars,2026-10-08,E3:sweep,AFTER,12.45,1
DKI,anchor,2026-09-14,2026-09-13,1,FOCUS,X_20260918_22_pipeline,DIRECT_TEXT,0,bars < 2026-09-14,Faisal units dated <= 2026-09-13,1,TRIGGER(E4 sweep-reclaim | stability),2.32,,,,2026-09-15,3,2026-09-18,,,bars < event date,bars,2026-10-08,E4:sweep_reclaim,AFTER,,
DKI,anchor,2026-09-14,2026-09-13,1,FOCUS,X_20260918_22_pipeline,DIRECT_TEXT,0,bars < 2026-09-14,Faisal units dated <= 2026-09-13,1,BREAK/INVALIDATION(E5),2.32,,13.0,,,,,,,bars < event date,bars,2026-10-08,NONE,NEVER,,
DKI,anchor,2026-09-14,2026-09-13,1,FOCUS,X_20260918_23_watchlist,DIRECT_TEXT,0,bars < 2026-09-14,Faisal units dated <= 2026-09-13,1,FIRST_TOUCH(E1) of LEVEL(T),2.32,2.32,0.015,1,,,2026-09-11,1,1,daily bar closed (observable next session),bars,,,,,
DKI,anchor,2026-09-14,2026-09-13,1,FOCUS,X_20260918_23_watchlist,DIRECT_TEXT,0,bars < 2026-09-14,Faisal units dated <= 2026-09-13,1,SECOND_TOUCH(E2 production tested_level),2.32,2.32,0.015,2,2026-09-11,,,,,bars < event date,bars,2026-10-08,LEVEL_INVALIDATED,NEVER,,
DKI,anchor,2026-09-14,2026-09-13,1,FOCUS,X_20260918_23_watchlist,DIRECT_TEXT,0,bars < 2026-09-14,Faisal units dated <= 2026-09-13,1,RETEST(E3 pivot_cycle_state stage>=3),2.32,2.32,0.015,,2026-09-11,2,2026-09-15,,,bars < event date,bars,2026-10-08,E3:sweep,AFTER,12.45,1
DKI,anchor,2026-09-14,2026-09-13,1,FOCUS,X_20260918_23_watchlist,DIRECT_TEXT,0,bars < 2026-09-14,Faisal units dated <= 2026-09-13,1,TRIGGER(E4 sweep-reclaim | stability),2.32,,,,2026-09-15,3,2026-09-18,,,bars < event date,bars,2026-10-08,E4:sweep_reclaim,AFTER,,
DKI,anchor,2026-09-14,2026-09-13,1,FOCUS,X_20260918_23_watchlist,DIRECT_TEXT,0,bars < 2026-09-14,Faisal units dated <= 2026-09-13,1,BREAK/INVALIDATION(E5),2.32,,13.0,,,,,,,bars < event date,bars,2026-10-08,NONE,NEVER,,
DXST,discovery,2026-06-16,2026-06-16,0,WATCH,IMG_0627,DIRECT_CHART,1,bars < 2026-06-16,Faisal units dated <= 2026-06-16,1,FIRST_TOUCH(E1) of LEVEL(T),1.5,1.5,0.015,1,,,2026-05-29,12,1,daily bar closed (observable next session),bars,,,,,
DXST,discovery,2026-06-16,2026-06-16,0,WATCH,IMG_0627,DIRECT_CHART,1,bars < 2026-06-16,Faisal units dated <= 2026-06-16,1,SECOND_TOUCH(E2 production tested_level),1.5,1.5,0.015,2,2026-05-29,,,,,bars < event date,bars,2026-10-08,WINDOW_EXPIRED,NEVER,,
DXST,discovery,2026-06-16,2026-06-16,0,WATCH,IMG_0627,DIRECT_CHART,1,bars < 2026-06-16,Faisal units dated <= 2026-06-16,1,RETEST(E3 pivot_cycle_state stage>=3),1.5,1.5,0.015,,2026-05-29,2,2026-06-02,,,bars < event date,bars,2026-10-08,E3:sweep,BEFORE,11.77,1
DXST,discovery,2026-06-16,2026-06-16,0,WATCH,IMG_0627,DIRECT_CHART,1,bars < 2026-06-16,Faisal units dated <= 2026-06-16,1,TRIGGER(E4 sweep-reclaim | stability),1.5,,,,2026-06-02,1,2026-06-03,,,bars < event date,bars,2026-10-08,E4:sweep_reclaim,BEFORE,,
DXST,discovery,2026-06-16,2026-06-16,0,WATCH,IMG_0627,DIRECT_CHART,1,bars < 2026-06-16,Faisal units dated <= 2026-06-16,1,BREAK/INVALIDATION(E5),1.5,,13.0,,,,,,,bars < event date,bars,2026-10-08,NONE,NEVER,,
DXST,discovery,2026-06-16,2026-06-16,0,WATCH,TG_58429,DIRECT_TEXT,1,bars < 2026-06-16,Faisal units dated <= 2026-06-16,1,FIRST_TOUCH(E1) of LEVEL(T),1.5,1.5,0.015,1,,,2026-05-29,12,1,daily bar closed (observable next session),bars,,,,,
DXST,discovery,2026-06-16,2026-06-16,0,WATCH,TG_58429,DIRECT_TEXT,1,bars < 2026-06-16,Faisal units dated <= 2026-06-16,1,SECOND_TOUCH(E2 production tested_level),1.5,1.5,0.015,2,2026-05-29,,,,,bars < event date,bars,2026-10-08,WINDOW_EXPIRED,NEVER,,
DXST,discovery,2026-06-16,2026-06-16,0,WATCH,TG_58429,DIRECT_TEXT,1,bars < 2026-06-16,Faisal units dated <= 2026-06-16,1,RETEST(E3 pivot_cycle_state stage>=3),1.5,1.5,0.015,,2026-05-29,2,2026-06-02,,,bars < event date,bars,2026-10-08,E3:sweep,BEFORE,11.77,1
DXST,discovery,2026-06-16,2026-06-16,0,WATCH,TG_58429,DIRECT_TEXT,1,bars < 2026-06-16,Faisal units dated <= 2026-06-16,1,TRIGGER(E4 sweep-reclaim | stability),1.5,,,,2026-06-02,1,2026-06-03,,,bars < event date,bars,2026-10-08,E4:sweep_reclaim,BEFORE,,
DXST,discovery,2026-06-16,2026-06-16,0,WATCH,TG_58429,DIRECT_TEXT,1,bars < 2026-06-16,Faisal units dated <= 2026-06-16,1,BREAK/INVALIDATION(E5),1.5,,13.0,,,,,,,bars < event date,bars,2026-10-08,NONE,NEVER,,
DXST,discovery,2026-08-04,2026-08-04,0,WATCH,IMG_0688,DIRECT_CHART,1,bars < 2026-08-04,Faisal units dated <= 2026-08-04,1,FIRST_TOUCH(E1) of LEVEL(T),1.7402,1.7402,0.015,1,,,2026-07-01,23,2,daily bar closed (observable next session),bars,,,,,
DXST,discovery,2026-08-04,2026-08-04,0,WATCH,IMG_0688,DIRECT_CHART,1,bars < 2026-08-04,Faisal units dated <= 2026-08-04,1,SECOND_TOUCH(E2 production tested_level),1.7402,1.7402,0.015,2,2026-07-01,,,,,bars < event date,bars,2026-10-08,LEVEL_INVALIDATED,NEVER,,
DXST,discovery,2026-08-04,2026-08-04,0,WATCH,IMG_0688,DIRECT_CHART,1,bars < 2026-08-04,Faisal units dated <= 2026-08-04,1,RETEST(E3 pivot_cycle_state stage>=3),1.7402,1.5,0.015,,2026-07-01,2,2026-07-06,,,bars < event date,bars,2026-10-08,E3:sweep,BEFORE,11.77,1
DXST,discovery,2026-08-04,2026-08-04,0,WATCH,IMG_0688,DIRECT_CHART,1,bars < 2026-08-04,Faisal units dated <= 2026-08-04,1,TRIGGER(E4 sweep-reclaim | stability),1.7402,,,,2026-07-06,0,2026-07-06,,,bars < event date,bars,2026-10-08,E4:sweep_reclaim,BEFORE,,
DXST,discovery,2026-08-04,2026-08-04,0,WATCH,IMG_0688,DIRECT_CHART,1,bars < 2026-08-04,Faisal units dated <= 2026-08-04,1,BREAK/INVALIDATION(E5),1.7402,,13.0,,,,,,,bars < event date,bars,2026-10-08,NONE,NEVER,,
DXST,discovery,2026-08-04,2026-08-04,0,WATCH,IMG_0689,DIRECT_CHART,1,bars < 2026-08-04,Faisal units dated <= 2026-08-04,1,FIRST_TOUCH(E1) of LEVEL(T),1.7402,1.7402,0.015,1,,,2026-07-01,23,2,daily bar closed (observable next session),bars,,,,,
DXST,discovery,2026-08-04,2026-08-04,0,WATCH,IMG_0689,DIRECT_CHART,1,bars < 2026-08-04,Faisal units dated <= 2026-08-04,1,SECOND_TOUCH(E2 production tested_level),1.7402,1.7402,0.015,2,2026-07-01,,,,,bars < event date,bars,2026-10-08,LEVEL_INVALIDATED,NEVER,,
DXST,discovery,2026-08-04,2026-08-04,0,WATCH,IMG_0689,DIRECT_CHART,1,bars < 2026-08-04,Faisal units dated <= 2026-08-04,1,RETEST(E3 pivot_cycle_state stage>=3),1.7402,1.5,0.015,,2026-07-01,2,2026-07-06,,,bars < event date,bars,2026-10-08,E3:sweep,BEFORE,11.77,1
DXST,discovery,2026-08-04,2026-08-04,0,WATCH,IMG_0689,DIRECT_CHART,1,bars < 2026-08-04,Faisal units dated <= 2026-08-04,1,TRIGGER(E4 sweep-reclaim | stability),1.7402,,,,2026-07-06,0,2026-07-06,,,bars < event date,bars,2026-10-08,E4:sweep_reclaim,BEFORE,,
DXST,discovery,2026-08-04,2026-08-04,0,WATCH,IMG_0689,DIRECT_CHART,1,bars < 2026-08-04,Faisal units dated <= 2026-08-04,1,BREAK/INVALIDATION(E5),1.7402,,13.0,,,,,,,bars < event date,bars,2026-10-08,NONE,NEVER,,
EDBL,validation,2026-09-22,2026-09-22,0,WATCH,TG_50579,DIRECT_TEXT,0,bars < 2026-09-22,Faisal units dated <= 2026-09-22,1,FIRST_TOUCH(E1) of LEVEL(T),1.26,1.26,0.015,1,,,2026-09-21,1,1,daily bar closed (observable next session),bars,,,,,
EDBL,validation,2026-09-22,2026-09-22,0,WATCH,TG_50579,DIRECT_TEXT,0,bars < 2026-09-22,Faisal units dated <= 2026-09-22,1,SECOND_TOUCH(E2 production tested_level),1.26,1.26,0.015,2,2026-09-21,,,,,bars < event date,bars,2026-10-08,LEVEL_INVALIDATED,NEVER,,
EDBL,validation,2026-09-22,2026-09-22,0,WATCH,TG_50579,DIRECT_TEXT,0,bars < 2026-09-22,Faisal units dated <= 2026-09-22,1,RETEST(E3 pivot_cycle_state stage>=3),1.26,1.119,0.015,,2026-09-21,11,2026-10-06,,,bars < event date,bars,2026-10-08,E3:hold,AFTER,0.0,1
EDBL,validation,2026-09-22,2026-09-22,0,WATCH,TG_50579,DIRECT_TEXT,0,bars < 2026-09-22,Faisal units dated <= 2026-09-22,1,TRIGGER(E4 sweep-reclaim | stability),1.26,,,,2026-10-06,,,,,bars < event date,bars,2026-10-08,NONE,NEVER,,
EDBL,validation,2026-09-22,2026-09-22,0,WATCH,TG_50579,DIRECT_TEXT,0,bars < 2026-09-22,Faisal units dated <= 2026-09-22,1,BREAK/INVALIDATION(E5),1.26,,13.0,,,,,,,bars < event date,bars,2026-10-08,NONE,NEVER,,
EHGO,discovery,2026-05-22,2026-05-22,0,WATCH,TG_1822,DIRECT_TEXT,0,bars < 2026-05-22,Faisal units dated <= 2026-05-22,1,FIRST_TOUCH(E1) of LEVEL(T),1.42,1.42,0.015,1,,,2026-05-20,2,1,daily bar closed (observable next session),bars,,,,,
EHGO,discovery,2026-05-22,2026-05-22,0,WATCH,TG_1822,DIRECT_TEXT,0,bars < 2026-05-22,Faisal units dated <= 2026-05-22,1,SECOND_TOUCH(E2 production tested_level),1.42,1.42,0.015,2,2026-05-20,12,2026-06-08,,,bars < event date,bars,2026-10-08,E2,AFTER,,
EHGO,discovery,2026-05-22,2026-05-22,0,WATCH,TG_1822,DIRECT_TEXT,0,bars < 2026-05-22,Faisal units dated <= 2026-05-22,1,RETEST(E3 pivot_cycle_state stage>=3),1.42,1.42,0.015,,2026-05-20,2,2026-05-22,,,bars < event date,bars,2026-10-08,E3:sweep,SAME,6.58,1
EHGO,discovery,2026-05-22,2026-05-22,0,WATCH,TG_1822,DIRECT_TEXT,0,bars < 2026-05-22,Faisal units dated <= 2026-05-22,1,TRIGGER(E4 sweep-reclaim | stability),1.42,,,,2026-05-22,0,2026-05-22,,,bars < event date,bars,2026-10-08,E4:sweep_reclaim,SAME,,
EHGO,discovery,2026-05-22,2026-05-22,0,WATCH,TG_1822,DIRECT_TEXT,0,bars < 2026-05-22,Faisal units dated <= 2026-05-22,1,BREAK/INVALIDATION(E5),1.42,,13.0,,,,,,,bars < event date,bars,2026-10-08,NONE,NEVER,,
EHGO,discovery,2026-05-22,2026-05-22,0,WATCH,TG_1958,DIRECT_TEXT,0,bars < 2026-05-22,Faisal units dated <= 2026-05-22,1,FIRST_TOUCH(E1) of LEVEL(T),1.42,1.42,0.015,1,,,2026-05-20,2,1,daily bar closed (observable next session),bars,,,,,
EHGO,discovery,2026-05-22,2026-05-22,0,WATCH,TG_1958,DIRECT_TEXT,0,bars < 2026-05-22,Faisal units dated <= 2026-05-22,1,SECOND_TOUCH(E2 production tested_level),1.42,1.42,0.015,2,2026-05-20,12,2026-06-08,,,bars < event date,bars,2026-10-08,E2,AFTER,,
EHGO,discovery,2026-05-22,2026-05-22,0,WATCH,TG_1958,DIRECT_TEXT,0,bars < 2026-05-22,Faisal units dated <= 2026-05-22,1,RETEST(E3 pivot_cycle_state stage>=3),1.42,1.42,0.015,,2026-05-20,2,2026-05-22,,,bars < event date,bars,2026-10-08,E3:sweep,SAME,6.58,1
EHGO,discovery,2026-05-22,2026-05-22,0,WATCH,TG_1958,DIRECT_TEXT,0,bars < 2026-05-22,Faisal units dated <= 2026-05-22,1,TRIGGER(E4 sweep-reclaim | stability),1.42,,,,2026-05-22,0,2026-05-22,,,bars < event date,bars,2026-10-08,E4:sweep_reclaim,SAME,,
EHGO,discovery,2026-05-22,2026-05-22,0,WATCH,TG_1958,DIRECT_TEXT,0,bars < 2026-05-22,Faisal units dated <= 2026-05-22,1,BREAK/INVALIDATION(E5),1.42,,13.0,,,,,,,bars < event date,bars,2026-10-08,NONE,NEVER,,
EHGO,discovery,2026-05-22,2026-05-22,0,WATCH,TG_2071,DIRECT_TEXT,0,bars < 2026-05-22,Faisal units dated <= 2026-05-22,1,FIRST_TOUCH(E1) of LEVEL(T),1.42,1.42,0.015,1,,,2026-05-20,2,1,daily bar closed (observable next session),bars,,,,,
EHGO,discovery,2026-05-22,2026-05-22,0,WATCH,TG_2071,DIRECT_TEXT,0,bars < 2026-05-22,Faisal units dated <= 2026-05-22,1,SECOND_TOUCH(E2 production tested_level),1.42,1.42,0.015,2,2026-05-20,12,2026-06-08,,,bars < event date,bars,2026-10-08,E2,AFTER,,
EHGO,discovery,2026-05-22,2026-05-22,0,WATCH,TG_2071,DIRECT_TEXT,0,bars < 2026-05-22,Faisal units dated <= 2026-05-22,1,RETEST(E3 pivot_cycle_state stage>=3),1.42,1.42,0.015,,2026-05-20,2,2026-05-22,,,bars < event date,bars,2026-10-08,E3:sweep,SAME,6.58,1
EHGO,discovery,2026-05-22,2026-05-22,0,WATCH,TG_2071,DIRECT_TEXT,0,bars < 2026-05-22,Faisal units dated <= 2026-05-22,1,TRIGGER(E4 sweep-reclaim | stability),1.42,,,,2026-05-22,0,2026-05-22,,,bars < event date,bars,2026-10-08,E4:sweep_reclaim,SAME,,
EHGO,discovery,2026-05-22,2026-05-22,0,WATCH,TG_2071,DIRECT_TEXT,0,bars < 2026-05-22,Faisal units dated <= 2026-05-22,1,BREAK/INVALIDATION(E5),1.42,,13.0,,,,,,,bars < event date,bars,2026-10-08,NONE,NEVER,,
ELAB,discovery,2026-04-13,2026-04-12,1,WATCH,TG_1997,DIRECT_TEXT,0,bars < 2026-04-13,Faisal units dated <= 2026-04-12,1,FIRST_TOUCH(E1) of LEVEL(T),16.2,16.2,0.015,1,,,2026-03-27,10,1,daily bar closed (observable next session),bars,,,,,
ELAB,discovery,2026-04-13,2026-04-12,1,WATCH,TG_1997,DIRECT_TEXT,0,bars < 2026-04-13,Faisal units dated <= 2026-04-12,1,SECOND_TOUCH(E2 production tested_level),16.2,16.2,0.015,2,2026-03-27,,,,,bars < event date,bars,2026-10-08,WINDOW_EXPIRED,NEVER,,
ELAB,discovery,2026-04-13,2026-04-12,1,WATCH,TG_1997,DIRECT_TEXT,0,bars < 2026-04-13,Faisal units dated <= 2026-04-12,1,RETEST(E3 pivot_cycle_state stage>=3),16.2,16.35,0.015,,2026-03-27,46,2026-06-03,,,bars < event date,bars,2026-10-08,E3:hold,AFTER,0.0,0
ELAB,discovery,2026-04-13,2026-04-12,1,WATCH,TG_1997,DIRECT_TEXT,0,bars < 2026-04-13,Faisal units dated <= 2026-04-12,1,TRIGGER(E4 sweep-reclaim | stability),16.2,,,,2026-06-03,,,,,bars < event date,bars,2026-10-08,NONE,NEVER,,
ELAB,discovery,2026-04-13,2026-04-12,1,WATCH,TG_1997,DIRECT_TEXT,0,bars < 2026-04-13,Faisal units dated <= 2026-04-12,1,BREAK/INVALIDATION(E5),16.2,,13.0,,,,2026-06-10,,,bars < event date,bars,2026-10-08,BROKEN_BELOW_SWEEP_MAX,AFTER,,
ELPW,discovery,2026-01-22,2026-01-22,0,WATCH,TG_2095,DIRECT_TEXT,0,bars < 2026-01-22,Faisal units dated <= 2026-01-22,1,FIRST_TOUCH(E1) of LEVEL(T),5508.0,5508.0,0.015,1,,,2026-01-21,1,1,daily bar closed (observable next session),bars,,,,,
ELPW,discovery,2026-01-22,2026-01-22,0,WATCH,TG_2095,DIRECT_TEXT,0,bars < 2026-01-22,Faisal units dated <= 2026-01-22,1,SECOND_TOUCH(E2 production tested_level),5508.0,5508.0,0.015,2,2026-01-21,,,,,bars < event date,bars,2026-10-08,LEVEL_INVALIDATED,NEVER,,
ELPW,discovery,2026-01-22,2026-01-22,0,WATCH,TG_2095,DIRECT_TEXT,0,bars < 2026-01-22,Faisal units dated <= 2026-01-22,1,RETEST(E3 pivot_cycle_state stage>=3),5508.0,5508.0,0.015,,2026-01-21,,,,,bars < event date,bars,2026-10-08,BROKEN_BELOW_SWEEP_MAX,NEVER,,0
ELPW,discovery,2026-01-22,2026-01-22,0,WATCH,TG_2095,DIRECT_TEXT,0,bars < 2026-01-22,Faisal units dated <= 2026-01-22,1,TRIGGER(E4 sweep-reclaim | stability),5508.0,,,,,,,,,bars < event date,bars,2026-10-08,NONE,NEVER,,
ELPW,discovery,2026-01-22,2026-01-22,0,WATCH,TG_2095,DIRECT_TEXT,0,bars < 2026-01-22,Faisal units dated <= 2026-01-22,1,BREAK/INVALIDATION(E5),5508.0,,13.0,,,,2026-01-23,,,bars < event date,bars,2026-10-08,BROKEN_BELOW_SWEEP_MAX,AFTER,,
FRSX,discovery,2026-03-30,2026-03-28,1,WATCH,TG_2079,DIRECT_TEXT,0,bars < 2026-03-30,Faisal units dated <= 2026-03-28,1,FIRST_TOUCH(E1) of LEVEL(T),2.05,2.05,0.015,1,,,2026-03-13,11,1,daily bar closed (observable next session),bars,,,,,
FRSX,discovery,2026-03-30,2026-03-28,1,WATCH,TG_2079,DIRECT_TEXT,0,bars < 2026-03-30,Faisal units dated <= 2026-03-28,1,SECOND_TOUCH(E2 production tested_level),2.05,2.05,0.015,2,2026-03-13,,,,,bars < event date,bars,2026-10-08,LEVEL_INVALIDATED,NEVER,,
FRSX,discovery,2026-03-30,2026-03-28,1,WATCH,TG_2079,DIRECT_TEXT,0,bars < 2026-03-30,Faisal units dated <= 2026-03-28,1,RETEST(E3 pivot_cycle_state stage>=3),2.05,2.05,0.015,,2026-03-13,2,2026-03-17,,,bars < event date,bars,2026-10-08,E3:sweep,BEFORE,11.87,1
FRSX,discovery,2026-03-30,2026-03-28,1,WATCH,TG_2079,DIRECT_TEXT,0,bars < 2026-03-30,Faisal units dated <= 2026-03-28,1,TRIGGER(E4 sweep-reclaim | stability),2.05,,,,2026-03-17,0,2026-03-17,,,bars < event date,bars,2026-10-08,E4:sweep_reclaim,BEFORE,,
FRSX,discovery,2026-03-30,2026-03-28,1,WATCH,TG_2079,DIRECT_TEXT,0,bars < 2026-03-30,Faisal units dated <= 2026-03-28,1,BREAK/INVALIDATION(E5),2.05,,13.0,,,,,,,bars < event date,bars,2026-10-08,NONE,NEVER,,
GCTK,validation,2026-09-24,2026-09-24,0,READY,TG_57890,DIRECT_TEXT,0,bars < 2026-09-24,Faisal units dated <= 2026-09-24,1,FIRST_TOUCH(E1) of LEVEL(T),1.9977,1.9977,0.015,1,,,2026-09-23,1,1,daily bar closed (observable next session),bars,,,,,
GCTK,validation,2026-09-24,2026-09-24,0,READY,TG_57890,DIRECT_TEXT,0,bars < 2026-09-24,Faisal units dated <= 2026-09-24,1,SECOND_TOUCH(E2 production tested_level),1.9977,1.9977,0.015,2,2026-09-23,,,,,bars < event date,bars,2026-10-08,LEVEL_INVALIDATED,NEVER,,
GCTK,validation,2026-09-24,2026-09-24,0,READY,TG_57890,DIRECT_TEXT,0,bars < 2026-09-24,Faisal units dated <= 2026-09-24,1,RETEST(E3 pivot_cycle_state stage>=3),1.9977,1.9977,0.015,,2026-09-23,2,2026-09-25,,,bars < event date,bars,2026-10-08,E3:sweep,AFTER,11.61,1
GCTK,validation,2026-09-24,2026-09-24,0,READY,TG_57890,DIRECT_TEXT,0,bars < 2026-09-24,Faisal units dated <= 2026-09-24,1,TRIGGER(E4 sweep-reclaim | stability),1.9977,,,,2026-09-25,0,2026-09-25,,,bars < event date,bars,2026-10-08,E4:sweep_reclaim,AFTER,,
GCTK,validation,2026-09-24,2026-09-24,0,READY,TG_57890,DIRECT_TEXT,0,bars < 2026-09-24,Faisal units dated <= 2026-09-24,1,BREAK/INVALIDATION(E5),1.9977,,13.0,,,,,,,bars < event date,bars,2026-10-08,NONE,NEVER,,
HUBC,anchor,2026-04-24,2026-04-24,0,WATCH,TG_2098,DIRECT_TEXT,0,bars < 2026-04-24,Faisal units dated <= 2026-04-24,1,FIRST_TOUCH(E1) of LEVEL(T),795.0,795.0,0.015,1,,,2026-04-23,1,1,daily bar closed (observable next session),bars,,,,,
HUBC,anchor,2026-04-24,2026-04-24,0,WATCH,TG_2098,DIRECT_TEXT,0,bars < 2026-04-24,Faisal units dated <= 2026-04-24,1,SECOND_TOUCH(E2 production tested_level),795.0,795.0,0.015,2,2026-04-23,,,,,bars < event date,bars,2026-10-08,LEVEL_INVALIDATED,NEVER,,
HUBC,anchor,2026-04-24,2026-04-24,0,WATCH,TG_2098,DIRECT_TEXT,0,bars < 2026-04-24,Faisal units dated <= 2026-04-24,1,RETEST(E3 pivot_cycle_state stage>=3),795.0,725.0,0.015,,2026-04-23,3,2026-04-28,,,bars < event date,bars,2026-10-08,E3:sweep,AFTER,8.81,0
HUBC,anchor,2026-04-24,2026-04-24,0,WATCH,TG_2098,DIRECT_TEXT,0,bars < 2026-04-24,Faisal units dated <= 2026-04-24,1,TRIGGER(E4 sweep-reclaim | stability),795.0,,,,2026-04-28,,,,,bars < event date,bars,2026-10-08,NONE,NEVER,,
HUBC,anchor,2026-04-24,2026-04-24,0,WATCH,TG_2098,DIRECT_TEXT,0,bars < 2026-04-24,Faisal units dated <= 2026-04-24,1,BREAK/INVALIDATION(E5),795.0,,13.0,,,,2026-04-29,,,bars < event date,bars,2026-10-08,BROKEN_BELOW_SWEEP_MAX,AFTER,,
IPDN,validation,2026-09-23,2026-09-23,0,WATCH,TG_50833,DIRECT_TEXT,0,bars < 2026-09-23,Faisal units dated <= 2026-09-23,1,FIRST_TOUCH(E1) of LEVEL(T),2.9604,2.9604,0.015,1,,,2026-09-16,5,1,daily bar closed (observable next session),bars,,,,,
IPDN,validation,2026-09-23,2026-09-23,0,WATCH,TG_50833,DIRECT_TEXT,0,bars < 2026-09-23,Faisal units dated <= 2026-09-23,1,SECOND_TOUCH(E2 production tested_level),2.9604,2.9604,0.015,2,2026-09-16,,,,,bars < event date,bars,2026-10-08,LEVEL_INVALIDATED,NEVER,,
IPDN,validation,2026-09-23,2026-09-23,0,WATCH,TG_50833,DIRECT_TEXT,0,bars < 2026-09-23,Faisal units dated <= 2026-09-23,1,RETEST(E3 pivot_cycle_state stage>=3),2.9604,2.9604,0.015,,2026-09-16,2,2026-09-18,,,bars < event date,bars,2026-10-08,E3:sweep,BEFORE,9.38,1
IPDN,validation,2026-09-23,2026-09-23,0,WATCH,TG_50833,DIRECT_TEXT,0,bars < 2026-09-23,Faisal units dated <= 2026-09-23,1,TRIGGER(E4 sweep-reclaim | stability),2.9604,,,,2026-09-18,0,2026-09-18,,,bars < event date,bars,2026-10-08,E4:sweep_reclaim,BEFORE,,
IPDN,validation,2026-09-23,2026-09-23,0,WATCH,TG_50833,DIRECT_TEXT,0,bars < 2026-09-23,Faisal units dated <= 2026-09-23,1,BREAK/INVALIDATION(E5),2.9604,,13.0,,,,,,,bars < event date,bars,2026-10-08,NONE,NEVER,,
LIMN,validation,2026-09-22,2026-09-22,0,WATCH,TG_50585,DIRECT_TEXT,0,bars < 2026-09-22,Faisal units dated <= 2026-09-22,1,FIRST_TOUCH(E1) of LEVEL(T),3.29,3.29,0.015,1,,,2026-09-14,6,2,daily bar closed (observable next session),bars,,,,,
LIMN,validation,2026-09-22,2026-09-22,0,WATCH,TG_50585,DIRECT_TEXT,0,bars < 2026-09-22,Faisal units dated <= 2026-09-22,1,SECOND_TOUCH(E2 production tested_level),3.29,3.29,0.015,2,2026-09-14,3,2026-09-17,,,bars < event date,bars,2026-10-08,E2,BEFORE,,
LIMN,validation,2026-09-22,2026-09-22,0,WATCH,TG_50585,DIRECT_TEXT,0,bars < 2026-09-22,Faisal units dated <= 2026-09-22,1,RETEST(E3 pivot_cycle_state stage>=3),3.29,3.29,0.015,,2026-09-14,2,2026-09-16,,,bars < event date,bars,2026-10-08,E3:sweep,BEFORE,3.8,1
LIMN,validation,2026-09-22,2026-09-22,0,WATCH,TG_50585,DIRECT_TEXT,0,bars < 2026-09-22,Faisal units dated <= 2026-09-22,1,TRIGGER(E4 sweep-reclaim | stability),3.29,,,,2026-09-16,0,2026-09-16,,,bars < event date,bars,2026-10-08,E4:sweep_reclaim,BEFORE,,
LIMN,validation,2026-09-22,2026-09-22,0,WATCH,TG_50585,DIRECT_TEXT,0,bars < 2026-09-22,Faisal units dated <= 2026-09-22,1,BREAK/INVALIDATION(E5),3.29,,13.0,,,,,,,bars < event date,bars,2026-10-08,NONE,NEVER,,
LIMN,validation,2026-09-22,2026-09-22,0,WATCH,TG_50586,DIRECT_TEXT,0,bars < 2026-09-22,Faisal units dated <= 2026-09-22,1,FIRST_TOUCH(E1) of LEVEL(T),3.29,3.29,0.015,1,,,2026-09-14,6,2,daily bar closed (observable next session),bars,,,,,
LIMN,validation,2026-09-22,2026-09-22,0,WATCH,TG_50586,DIRECT_TEXT,0,bars < 2026-09-22,Faisal units dated <= 2026-09-22,1,SECOND_TOUCH(E2 production tested_level),3.29,3.29,0.015,2,2026-09-14,3,2026-09-17,,,bars < event date,bars,2026-10-08,E2,BEFORE,,
LIMN,validation,2026-09-22,2026-09-22,0,WATCH,TG_50586,DIRECT_TEXT,0,bars < 2026-09-22,Faisal units dated <= 2026-09-22,1,RETEST(E3 pivot_cycle_state stage>=3),3.29,3.29,0.015,,2026-09-14,2,2026-09-16,,,bars < event date,bars,2026-10-08,E3:sweep,BEFORE,3.8,1
LIMN,validation,2026-09-22,2026-09-22,0,WATCH,TG_50586,DIRECT_TEXT,0,bars < 2026-09-22,Faisal units dated <= 2026-09-22,1,TRIGGER(E4 sweep-reclaim | stability),3.29,,,,2026-09-16,0,2026-09-16,,,bars < event date,bars,2026-10-08,E4:sweep_reclaim,BEFORE,,
LIMN,validation,2026-09-22,2026-09-22,0,WATCH,TG_50586,DIRECT_TEXT,0,bars < 2026-09-22,Faisal units dated <= 2026-09-22,1,BREAK/INVALIDATION(E5),3.29,,13.0,,,,,,,bars < event date,bars,2026-10-08,NONE,NEVER,,
MNDR,discovery,2026-07-31,2026-07-31,0,WATCH,IMG_0566,DIRECT_CHART,0,bars < 2026-07-31,Faisal units dated <= 2026-07-31,1,FIRST_TOUCH(E1) of LEVEL(T),1.4,1.4,0.015,1,,,2026-07-29,2,1,daily bar closed (observable next session),bars,,,,,
MNDR,discovery,2026-07-31,2026-07-31,0,WATCH,IMG_0566,DIRECT_CHART,0,bars < 2026-07-31,Faisal units dated <= 2026-07-31,1,SECOND_TOUCH(E2 production tested_level),1.4,1.4,0.015,2,2026-07-29,28,2026-09-08,,,bars < event date,bars,2026-10-08,E2,AFTER,,
MNDR,discovery,2026-07-31,2026-07-31,0,WATCH,IMG_0566,DIRECT_CHART,0,bars < 2026-07-31,Faisal units dated <= 2026-07-31,1,RETEST(E3 pivot_cycle_state stage>=3),1.4,1.41,0.015,,2026-07-29,28,2026-09-08,,,bars < event date,bars,2026-10-08,E3:hold,AFTER,0.0,0
MNDR,discovery,2026-07-31,2026-07-31,0,WATCH,IMG_0566,DIRECT_CHART,0,bars < 2026-07-31,Faisal units dated <= 2026-07-31,1,TRIGGER(E4 sweep-reclaim | stability),1.4,,,,2026-09-08,5,2026-09-15,,,bars < event date,bars,2026-10-08,E4:sweep_reclaim,AFTER,,
MNDR,discovery,2026-07-31,2026-07-31,0,WATCH,IMG_0566,DIRECT_CHART,0,bars < 2026-07-31,Faisal units dated <= 2026-07-31,1,BREAK/INVALIDATION(E5),1.4,,13.0,,,,,,,bars < event date,bars,2026-10-08,NONE,NEVER,,
MNDR,discovery,2026-07-31,2026-07-31,0,WATCH,IMG_0569,DIRECT_CHART,0,bars < 2026-07-31,Faisal units dated <= 2026-07-31,1,FIRST_TOUCH(E1) of LEVEL(T),1.4,1.4,0.015,1,,,2026-07-29,2,1,daily bar closed (observable next session),bars,,,,,
MNDR,discovery,2026-07-31,2026-07-31,0,WATCH,IMG_0569,DIRECT_CHART,0,bars < 2026-07-31,Faisal units dated <= 2026-07-31,1,SECOND_TOUCH(E2 production tested_level),1.4,1.4,0.015,2,2026-07-29,28,2026-09-08,,,bars < event date,bars,2026-10-08,E2,AFTER,,
MNDR,discovery,2026-07-31,2026-07-31,0,WATCH,IMG_0569,DIRECT_CHART,0,bars < 2026-07-31,Faisal units dated <= 2026-07-31,1,RETEST(E3 pivot_cycle_state stage>=3),1.4,1.41,0.015,,2026-07-29,28,2026-09-08,,,bars < event date,bars,2026-10-08,E3:hold,AFTER,0.0,0
MNDR,discovery,2026-07-31,2026-07-31,0,WATCH,IMG_0569,DIRECT_CHART,0,bars < 2026-07-31,Faisal units dated <= 2026-07-31,1,TRIGGER(E4 sweep-reclaim | stability),1.4,,,,2026-09-08,5,2026-09-15,,,bars < event date,bars,2026-10-08,E4:sweep_reclaim,AFTER,,
MNDR,discovery,2026-07-31,2026-07-31,0,WATCH,IMG_0569,DIRECT_CHART,0,bars < 2026-07-31,Faisal units dated <= 2026-07-31,1,BREAK/INVALIDATION(E5),1.4,,13.0,,,,,,,bars < event date,bars,2026-10-08,NONE,NEVER,,
MNDR,discovery,2026-07-31,2026-07-31,0,WATCH,IMG_0691,DIRECT_CHART,0,bars < 2026-07-31,Faisal units dated <= 2026-07-31,1,FIRST_TOUCH(E1) of LEVEL(T),1.4,1.4,0.015,1,,,2026-07-29,2,1,daily bar closed (observable next session),bars,,,,,
MNDR,discovery,2026-07-31,2026-07-31,0,WATCH,IMG_0691,DIRECT_CHART,0,bars < 2026-07-31,Faisal units dated <= 2026-07-31,1,SECOND_TOUCH(E2 production tested_level),1.4,1.4,0.015,2,2026-07-29,28,2026-09-08,,,bars < event date,bars,2026-10-08,E2,AFTER,,
MNDR,discovery,2026-07-31,2026-07-31,0,WATCH,IMG_0691,DIRECT_CHART,0,bars < 2026-07-31,Faisal units dated <= 2026-07-31,1,RETEST(E3 pivot_cycle_state stage>=3),1.4,1.41,0.015,,2026-07-29,28,2026-09-08,,,bars < event date,bars,2026-10-08,E3:hold,AFTER,0.0,0
MNDR,discovery,2026-07-31,2026-07-31,0,WATCH,IMG_0691,DIRECT_CHART,0,bars < 2026-07-31,Faisal units dated <= 2026-07-31,1,TRIGGER(E4 sweep-reclaim | stability),1.4,,,,2026-09-08,5,2026-09-15,,,bars < event date,bars,2026-10-08,E4:sweep_reclaim,AFTER,,
MNDR,discovery,2026-07-31,2026-07-31,0,WATCH,IMG_0691,DIRECT_CHART,0,bars < 2026-07-31,Faisal units dated <= 2026-07-31,1,BREAK/INVALIDATION(E5),1.4,,13.0,,,,,,,bars < event date,bars,2026-10-08,NONE,NEVER,,
MSGY,validation,2026-09-14,2026-09-13,1,FOCUS,X_20260918_23_watchlist,DIRECT_TEXT,0,bars < 2026-09-14,Faisal units dated <= 2026-09-13,1,FIRST_TOUCH(E1) of LEVEL(T),1.73,1.73,0.015,1,,,2026-09-09,3,1,daily bar closed (observable next session),bars,,,,,
MSGY,validation,2026-09-14,2026-09-13,1,FOCUS,X_20260918_23_watchlist,DIRECT_TEXT,0,bars < 2026-09-14,Faisal units dated <= 2026-09-13,1,SECOND_TOUCH(E2 production tested_level),1.73,1.73,0.015,2,2026-09-09,,,,,bars < event date,bars,2026-10-08,WINDOW_EXPIRED,NEVER,,
MSGY,validation,2026-09-14,2026-09-13,1,FOCUS,X_20260918_23_watchlist,DIRECT_TEXT,0,bars < 2026-09-14,Faisal units dated <= 2026-09-13,1,RETEST(E3 pivot_cycle_state stage>=3),1.73,1.73,0.015,,2026-09-09,2,2026-09-11,,,bars < event date,bars,2026-10-08,E3:sweep,BEFORE,7.19,1
MSGY,validation,2026-09-14,2026-09-13,1,FOCUS,X_20260918_23_watchlist,DIRECT_TEXT,0,bars < 2026-09-14,Faisal units dated <= 2026-09-13,1,TRIGGER(E4 sweep-reclaim | stability),1.73,,,,2026-09-11,0,2026-09-11,,,bars < event date,bars,2026-10-08,E4:sweep_reclaim,BEFORE,,
MSGY,validation,2026-09-14,2026-09-13,1,FOCUS,X_20260918_23_watchlist,DIRECT_TEXT,0,bars < 2026-09-14,Faisal units dated <= 2026-09-13,1,BREAK/INVALIDATION(E5),1.73,,13.0,,,,,,,bars < event date,bars,2026-10-08,NONE,NEVER,,
NRSN,validation,2026-09-28,2026-09-27,1,WATCH,TG_57867,DIRECT_TEXT,0,bars < 2026-09-28,Faisal units dated <= 2026-09-27,1,FIRST_TOUCH(E1) of LEVEL(T),5.0,5.0,0.015,1,,,2026-08-19,27,1,daily bar closed (observable next session),bars,,,,,
NRSN,validation,2026-09-28,2026-09-27,1,WATCH,TG_57867,DIRECT_TEXT,0,bars < 2026-09-28,Faisal units dated <= 2026-09-27,1,SECOND_TOUCH(E2 production tested_level),5.0,5.0,0.015,2,2026-08-19,,,,,bars < event date,bars,2026-10-08,LEVEL_INVALIDATED,NEVER,,
NRSN,validation,2026-09-28,2026-09-27,1,WATCH,TG_57867,DIRECT_TEXT,0,bars < 2026-09-28,Faisal units dated <= 2026-09-27,1,RETEST(E3 pivot_cycle_state stage>=3),5.0,4.925,0.015,,2026-08-19,28,2026-09-29,,,bars < event date,bars,2026-10-08,E3:hold,AFTER,1.5,0
NRSN,validation,2026-09-28,2026-09-27,1,WATCH,TG_57867,DIRECT_TEXT,0,bars < 2026-09-28,Faisal units dated <= 2026-09-27,1,TRIGGER(E4 sweep-reclaim | stability),5.0,,,,2026-09-29,,,,,bars < event date,bars,2026-10-08,NONE,NEVER,,
NRSN,validation,2026-09-28,2026-09-27,1,WATCH,TG_57867,DIRECT_TEXT,0,bars < 2026-09-28,Faisal units dated <= 2026-09-27,1,BREAK/INVALIDATION(E5),5.0,,13.0,,,,2026-10-01,,,bars < event date,bars,2026-10-08,BROKEN_BELOW_SWEEP_MAX,AFTER,,
NUWE,discovery,2026-07-28,2026-07-28,0,WATCH,IMG_0413,DIRECT_CHART,1,bars < 2026-07-28,Faisal units dated <= 2026-07-28,1,FIRST_TOUCH(E1) of LEVEL(T),1.85,1.85,0.015,1,,,2026-07-27,1,1,daily bar closed (observable next session),bars,,,,,
NUWE,discovery,2026-07-28,2026-07-28,0,WATCH,IMG_0413,DIRECT_CHART,1,bars < 2026-07-28,Faisal units dated <= 2026-07-28,1,SECOND_TOUCH(E2 production tested_level),1.85,1.85,0.015,2,2026-07-27,,,,,bars < event date,bars,2026-10-08,LEVEL_INVALIDATED,NEVER,,
NUWE,discovery,2026-07-28,2026-07-28,0,WATCH,IMG_0413,DIRECT_CHART,1,bars < 2026-07-28,Faisal units dated <= 2026-07-28,1,RETEST(E3 pivot_cycle_state stage>=3),1.85,1.61,0.015,,2026-07-27,5,2026-08-03,,,bars < event date,bars,2026-10-08,E3:sweep,AFTER,12.02,1
NUWE,discovery,2026-07-28,2026-07-28,0,WATCH,IMG_0413,DIRECT_CHART,1,bars < 2026-07-28,Faisal units dated <= 2026-07-28,1,TRIGGER(E4 sweep-reclaim | stability),1.85,,,,2026-08-03,,,,,bars < event date,bars,2026-10-08,NONE,NEVER,,
NUWE,discovery,2026-07-28,2026-07-28,0,WATCH,IMG_0413,DIRECT_CHART,1,bars < 2026-07-28,Faisal units dated <= 2026-07-28,1,BREAK/INVALIDATION(E5),1.85,,13.0,,,,2026-08-04,,,bars < event date,bars,2026-10-08,BROKEN_BELOW_SWEEP_MAX,AFTER,,
NUWE,discovery,2026-09-04,2026-09-04,0,WATCH,WA_20260918_46_NUWE,DIRECT_TEXT,1,bars < 2026-09-04,Faisal units dated <= 2026-09-04,1,FIRST_TOUCH(E1) of LEVEL(T),0.7112,0.7112,0.015,1,,,2026-09-03,1,1,daily bar closed (observable next session),bars,,,,,
NUWE,discovery,2026-09-04,2026-09-04,0,WATCH,WA_20260918_46_NUWE,DIRECT_TEXT,1,bars < 2026-09-04,Faisal units dated <= 2026-09-04,1,SECOND_TOUCH(E2 production tested_level),0.7112,0.7112,0.015,2,2026-09-03,19,2026-10-01,,,bars < event date,bars,2026-10-08,E2,AFTER,,
NUWE,discovery,2026-09-04,2026-09-04,0,WATCH,WA_20260918_46_NUWE,DIRECT_TEXT,1,bars < 2026-09-04,Faisal units dated <= 2026-09-04,1,RETEST(E3 pivot_cycle_state stage>=3),0.7112,0.72,0.015,,2026-09-03,19,2026-10-01,,,bars < event date,bars,2026-10-08,E3:hold,AFTER,0.0,0
NUWE,discovery,2026-09-04,2026-09-04,0,WATCH,WA_20260918_46_NUWE,DIRECT_TEXT,1,bars < 2026-09-04,Faisal units dated <= 2026-09-04,1,TRIGGER(E4 sweep-reclaim | stability),0.7112,,,,2026-10-01,,,,,bars < event date,bars,2026-10-08,NONE,NEVER,,
NUWE,discovery,2026-09-04,2026-09-04,0,WATCH,WA_20260918_46_NUWE,DIRECT_TEXT,1,bars < 2026-09-04,Faisal units dated <= 2026-09-04,1,BREAK/INVALIDATION(E5),0.7112,,13.0,,,,,,,bars < event date,bars,2026-10-08,NONE,NEVER,,
OMH,validation,2026-09-28,2026-09-26,1,WATCH,TG_57870,DIRECT_TEXT,0,bars < 2026-09-28,Faisal units dated <= 2026-09-26,1,FIRST_TOUCH(E1) of LEVEL(T),2.05,2.05,0.015,1,,,2026-09-11,11,1,daily bar closed (observable next session),bars,,,,,
OMH,validation,2026-09-28,2026-09-26,1,WATCH,TG_57870,DIRECT_TEXT,0,bars < 2026-09-28,Faisal units dated <= 2026-09-26,1,SECOND_TOUCH(E2 production tested_level),2.05,2.05,0.015,2,2026-09-11,,,,,bars < event date,bars,2026-10-08,WINDOW_EXPIRED,NEVER,,
OMH,validation,2026-09-28,2026-09-26,1,WATCH,TG_57870,DIRECT_TEXT,0,bars < 2026-09-28,Faisal units dated <= 2026-09-26,1,RETEST(E3 pivot_cycle_state stage>=3),2.05,2.05,0.015,,2026-09-11,,,,,bars < event date,bars,2026-10-08,NO_RETEST_IN_60,NEVER,,0
OMH,validation,2026-09-28,2026-09-26,1,WATCH,TG_57870,DIRECT_TEXT,0,bars < 2026-09-28,Faisal units dated <= 2026-09-26,1,TRIGGER(E4 sweep-reclaim | stability),2.05,,,,,,,,,bars < event date,bars,2026-10-08,NONE,NEVER,,
OMH,validation,2026-09-28,2026-09-26,1,WATCH,TG_57870,DIRECT_TEXT,0,bars < 2026-09-28,Faisal units dated <= 2026-09-26,1,BREAK/INVALIDATION(E5),2.05,,13.0,,,,2026-10-08,,,bars < event date,bars,2026-10-08,NO_RETEST_IN_60,AFTER,,
OMH,validation,2026-09-28,2026-09-26,1,WATCH,TG_57872,DIRECT_TEXT,0,bars < 2026-09-28,Faisal units dated <= 2026-09-26,1,FIRST_TOUCH(E1) of LEVEL(T),2.05,2.05,0.015,1,,,2026-09-11,11,1,daily bar closed (observable next session),bars,,,,,
OMH,validation,2026-09-28,2026-09-26,1,WATCH,TG_57872,DIRECT_TEXT,0,bars < 2026-09-28,Faisal units dated <= 2026-09-26,1,SECOND_TOUCH(E2 production tested_level),2.05,2.05,0.015,2,2026-09-11,,,,,bars < event date,bars,2026-10-08,WINDOW_EXPIRED,NEVER,,
OMH,validation,2026-09-28,2026-09-26,1,WATCH,TG_57872,DIRECT_TEXT,0,bars < 2026-09-28,Faisal units dated <= 2026-09-26,1,RETEST(E3 pivot_cycle_state stage>=3),2.05,2.05,0.015,,2026-09-11,,,,,bars < event date,bars,2026-10-08,NO_RETEST_IN_60,NEVER,,0
OMH,validation,2026-09-28,2026-09-26,1,WATCH,TG_57872,DIRECT_TEXT,0,bars < 2026-09-28,Faisal units dated <= 2026-09-26,1,TRIGGER(E4 sweep-reclaim | stability),2.05,,,,,,,,,bars < event date,bars,2026-10-08,NONE,NEVER,,
OMH,validation,2026-09-28,2026-09-26,1,WATCH,TG_57872,DIRECT_TEXT,0,bars < 2026-09-28,Faisal units dated <= 2026-09-26,1,BREAK/INVALIDATION(E5),2.05,,13.0,,,,2026-10-08,,,bars < event date,bars,2026-10-08,NO_RETEST_IN_60,AFTER,,
OMH,validation,2026-09-28,2026-09-26,1,WATCH,TG_57873,DIRECT_TEXT,0,bars < 2026-09-28,Faisal units dated <= 2026-09-26,1,FIRST_TOUCH(E1) of LEVEL(T),2.05,2.05,0.015,1,,,2026-09-11,11,1,daily bar closed (observable next session),bars,,,,,
OMH,validation,2026-09-28,2026-09-26,1,WATCH,TG_57873,DIRECT_TEXT,0,bars < 2026-09-28,Faisal units dated <= 2026-09-26,1,SECOND_TOUCH(E2 production tested_level),2.05,2.05,0.015,2,2026-09-11,,,,,bars < event date,bars,2026-10-08,WINDOW_EXPIRED,NEVER,,
OMH,validation,2026-09-28,2026-09-26,1,WATCH,TG_57873,DIRECT_TEXT,0,bars < 2026-09-28,Faisal units dated <= 2026-09-26,1,RETEST(E3 pivot_cycle_state stage>=3),2.05,2.05,0.015,,2026-09-11,,,,,bars < event date,bars,2026-10-08,NO_RETEST_IN_60,NEVER,,0
OMH,validation,2026-09-28,2026-09-26,1,WATCH,TG_57873,DIRECT_TEXT,0,bars < 2026-09-28,Faisal units dated <= 2026-09-26,1,TRIGGER(E4 sweep-reclaim | stability),2.05,,,,,,,,,bars < event date,bars,2026-10-08,NONE,NEVER,,
OMH,validation,2026-09-28,2026-09-26,1,WATCH,TG_57873,DIRECT_TEXT,0,bars < 2026-09-28,Faisal units dated <= 2026-09-26,1,BREAK/INVALIDATION(E5),2.05,,13.0,,,,2026-10-08,,,bars < event date,bars,2026-10-08,NO_RETEST_IN_60,AFTER,,
OMH,validation,2026-09-28,2026-09-26,1,WATCH,TG_57875,DIRECT_TEXT,0,bars < 2026-09-28,Faisal units dated <= 2026-09-26,1,FIRST_TOUCH(E1) of LEVEL(T),2.05,2.05,0.015,1,,,2026-09-11,11,1,daily bar closed (observable next session),bars,,,,,
OMH,validation,2026-09-28,2026-09-26,1,WATCH,TG_57875,DIRECT_TEXT,0,bars < 2026-09-28,Faisal units dated <= 2026-09-26,1,SECOND_TOUCH(E2 production tested_level),2.05,2.05,0.015,2,2026-09-11,,,,,bars < event date,bars,2026-10-08,WINDOW_EXPIRED,NEVER,,
OMH,validation,2026-09-28,2026-09-26,1,WATCH,TG_57875,DIRECT_TEXT,0,bars < 2026-09-28,Faisal units dated <= 2026-09-26,1,RETEST(E3 pivot_cycle_state stage>=3),2.05,2.05,0.015,,2026-09-11,,,,,bars < event date,bars,2026-10-08,NO_RETEST_IN_60,NEVER,,0
OMH,validation,2026-09-28,2026-09-26,1,WATCH,TG_57875,DIRECT_TEXT,0,bars < 2026-09-28,Faisal units dated <= 2026-09-26,1,TRIGGER(E4 sweep-reclaim | stability),2.05,,,,,,,,,bars < event date,bars,2026-10-08,NONE,NEVER,,
OMH,validation,2026-09-28,2026-09-26,1,WATCH,TG_57875,DIRECT_TEXT,0,bars < 2026-09-28,Faisal units dated <= 2026-09-26,1,BREAK/INVALIDATION(E5),2.05,,13.0,,,,2026-10-08,,,bars < event date,bars,2026-10-08,NO_RETEST_IN_60,AFTER,,
ONCO,discovery,2026-07-27,2026-07-26,1,WATCH,IMG_0267,DIRECT_CHART,1,bars < 2026-07-27,Faisal units dated <= 2026-07-26,1,FIRST_TOUCH(E1) of LEVEL(T),0.711,0.711,0.015,1,,,2026-07-20,5,1,daily bar closed (observable next session),bars,,,,,
ONCO,discovery,2026-07-27,2026-07-26,1,WATCH,IMG_0267,DIRECT_CHART,1,bars < 2026-07-27,Faisal units dated <= 2026-07-26,1,SECOND_TOUCH(E2 production tested_level),0.711,0.711,0.015,2,2026-07-20,,,,,bars < event date,bars,2026-10-08,LEVEL_INVALIDATED,NEVER,,
ONCO,discovery,2026-07-27,2026-07-26,1,WATCH,IMG_0267,DIRECT_CHART,1,bars < 2026-07-27,Faisal units dated <= 2026-07-26,1,RETEST(E3 pivot_cycle_state stage>=3),0.711,0.6652,0.015,,2026-07-20,9,2026-07-31,,,bars < event date,bars,2026-10-08,E3:sweep,AFTER,6.44,0
ONCO,discovery,2026-07-27,2026-07-26,1,WATCH,IMG_0267,DIRECT_CHART,1,bars < 2026-07-27,Faisal units dated <= 2026-07-26,1,TRIGGER(E4 sweep-reclaim | stability),0.711,,,,2026-07-31,0,2026-07-31,,,bars < event date,bars,2026-10-08,E4:sweep_reclaim,AFTER,,
ONCO,discovery,2026-07-27,2026-07-26,1,WATCH,IMG_0267,DIRECT_CHART,1,bars < 2026-07-27,Faisal units dated <= 2026-07-26,1,BREAK/INVALIDATION(E5),0.711,,13.0,,,,,,,bars < event date,bars,2026-10-08,NONE,NEVER,,
ONCO,discovery,2026-07-27,2026-07-27,0,WATCH,IMG_0320,DIRECT_CHART,1,bars < 2026-07-27,Faisal units dated <= 2026-07-27,1,FIRST_TOUCH(E1) of LEVEL(T),0.711,0.711,0.015,1,,,2026-07-20,5,1,daily bar closed (observable next session),bars,,,,,
ONCO,discovery,2026-07-27,2026-07-27,0,WATCH,IMG_0320,DIRECT_CHART,1,bars < 2026-07-27,Faisal units dated <= 2026-07-27,1,SECOND_TOUCH(E2 production tested_level),0.711,0.711,0.015,2,2026-07-20,,,,,bars < event date,bars,2026-10-08,LEVEL_INVALIDATED,NEVER,,
ONCO,discovery,2026-07-27,2026-07-27,0,WATCH,IMG_0320,DIRECT_CHART,1,bars < 2026-07-27,Faisal units dated <= 2026-07-27,1,RETEST(E3 pivot_cycle_state stage>=3),0.711,0.6652,0.015,,2026-07-20,9,2026-07-31,,,bars < event date,bars,2026-10-08,E3:sweep,AFTER,6.44,0
ONCO,discovery,2026-07-27,2026-07-27,0,WATCH,IMG_0320,DIRECT_CHART,1,bars < 2026-07-27,Faisal units dated <= 2026-07-27,1,TRIGGER(E4 sweep-reclaim | stability),0.711,,,,2026-07-31,0,2026-07-31,,,bars < event date,bars,2026-10-08,E4:sweep_reclaim,AFTER,,
ONCO,discovery,2026-07-27,2026-07-27,0,WATCH,IMG_0320,DIRECT_CHART,1,bars < 2026-07-27,Faisal units dated <= 2026-07-27,1,BREAK/INVALIDATION(E5),0.711,,13.0,,,,,,,bars < event date,bars,2026-10-08,NONE,NEVER,,
ONCO,discovery,2026-07-27,2026-07-27,0,WATCH,TG_2171,DIRECT_TEXT,1,bars < 2026-07-27,Faisal units dated <= 2026-07-27,1,FIRST_TOUCH(E1) of LEVEL(T),0.711,0.711,0.015,1,,,2026-07-20,5,1,daily bar closed (observable next session),bars,,,,,
ONCO,discovery,2026-07-27,2026-07-27,0,WATCH,TG_2171,DIRECT_TEXT,1,bars < 2026-07-27,Faisal units dated <= 2026-07-27,1,SECOND_TOUCH(E2 production tested_level),0.711,0.711,0.015,2,2026-07-20,,,,,bars < event date,bars,2026-10-08,LEVEL_INVALIDATED,NEVER,,
ONCO,discovery,2026-07-27,2026-07-27,0,WATCH,TG_2171,DIRECT_TEXT,1,bars < 2026-07-27,Faisal units dated <= 2026-07-27,1,RETEST(E3 pivot_cycle_state stage>=3),0.711,0.6652,0.015,,2026-07-20,9,2026-07-31,,,bars < event date,bars,2026-10-08,E3:sweep,AFTER,6.44,0
ONCO,discovery,2026-07-27,2026-07-27,0,WATCH,TG_2171,DIRECT_TEXT,1,bars < 2026-07-27,Faisal units dated <= 2026-07-27,1,TRIGGER(E4 sweep-reclaim | stability),0.711,,,,2026-07-31,0,2026-07-31,,,bars < event date,bars,2026-10-08,E4:sweep_reclaim,AFTER,,
ONCO,discovery,2026-07-27,2026-07-27,0,WATCH,TG_2171,DIRECT_TEXT,1,bars < 2026-07-27,Faisal units dated <= 2026-07-27,1,BREAK/INVALIDATION(E5),0.711,,13.0,,,,,,,bars < event date,bars,2026-10-08,NONE,NEVER,,
ONCO,discovery,2026-07-27,2026-07-26,1,WATCH,TG_2196,DIRECT_TEXT,1,bars < 2026-07-27,Faisal units dated <= 2026-07-26,1,FIRST_TOUCH(E1) of LEVEL(T),0.711,0.711,0.015,1,,,2026-07-20,5,1,daily bar closed (observable next session),bars,,,,,
ONCO,discovery,2026-07-27,2026-07-26,1,WATCH,TG_2196,DIRECT_TEXT,1,bars < 2026-07-27,Faisal units dated <= 2026-07-26,1,SECOND_TOUCH(E2 production tested_level),0.711,0.711,0.015,2,2026-07-20,,,,,bars < event date,bars,2026-10-08,LEVEL_INVALIDATED,NEVER,,
ONCO,discovery,2026-07-27,2026-07-26,1,WATCH,TG_2196,DIRECT_TEXT,1,bars < 2026-07-27,Faisal units dated <= 2026-07-26,1,RETEST(E3 pivot_cycle_state stage>=3),0.711,0.6652,0.015,,2026-07-20,9,2026-07-31,,,bars < event date,bars,2026-10-08,E3:sweep,AFTER,6.44,0
ONCO,discovery,2026-07-27,2026-07-26,1,WATCH,TG_2196,DIRECT_TEXT,1,bars < 2026-07-27,Faisal units dated <= 2026-07-26,1,TRIGGER(E4 sweep-reclaim | stability),0.711,,,,2026-07-31,0,2026-07-31,,,bars < event date,bars,2026-10-08,E4:sweep_reclaim,AFTER,,
ONCO,discovery,2026-07-27,2026-07-26,1,WATCH,TG_2196,DIRECT_TEXT,1,bars < 2026-07-27,Faisal units dated <= 2026-07-26,1,BREAK/INVALIDATION(E5),0.711,,13.0,,,,,,,bars < event date,bars,2026-10-08,NONE,NEVER,,
ONCO,discovery,2026-07-27,2026-07-26,1,WATCH,TG_2200,DIRECT_TEXT,1,bars < 2026-07-27,Faisal units dated <= 2026-07-26,1,FIRST_TOUCH(E1) of LEVEL(T),0.711,0.711,0.015,1,,,2026-07-20,5,1,daily bar closed (observable next session),bars,,,,,
ONCO,discovery,2026-07-27,2026-07-26,1,WATCH,TG_2200,DIRECT_TEXT,1,bars < 2026-07-27,Faisal units dated <= 2026-07-26,1,SECOND_TOUCH(E2 production tested_level),0.711,0.711,0.015,2,2026-07-20,,,,,bars < event date,bars,2026-10-08,LEVEL_INVALIDATED,NEVER,,
ONCO,discovery,2026-07-27,2026-07-26,1,WATCH,TG_2200,DIRECT_TEXT,1,bars < 2026-07-27,Faisal units dated <= 2026-07-26,1,RETEST(E3 pivot_cycle_state stage>=3),0.711,0.6652,0.015,,2026-07-20,9,2026-07-31,,,bars < event date,bars,2026-10-08,E3:sweep,AFTER,6.44,0
ONCO,discovery,2026-07-27,2026-07-26,1,WATCH,TG_2200,DIRECT_TEXT,1,bars < 2026-07-27,Faisal units dated <= 2026-07-26,1,TRIGGER(E4 sweep-reclaim | stability),0.711,,,,2026-07-31,0,2026-07-31,,,bars < event date,bars,2026-10-08,E4:sweep_reclaim,AFTER,,
ONCO,discovery,2026-07-27,2026-07-26,1,WATCH,TG_2200,DIRECT_TEXT,1,bars < 2026-07-27,Faisal units dated <= 2026-07-26,1,BREAK/INVALIDATION(E5),0.711,,13.0,,,,,,,bars < event date,bars,2026-10-08,NONE,NEVER,,
ONCO,discovery,2026-07-27,2026-07-26,1,WATCH,TG_2201,DIRECT_TEXT,1,bars < 2026-07-27,Faisal units dated <= 2026-07-26,1,FIRST_TOUCH(E1) of LEVEL(T),0.711,0.711,0.015,1,,,2026-07-20,5,1,daily bar closed (observable next session),bars,,,,,
ONCO,discovery,2026-07-27,2026-07-26,1,WATCH,TG_2201,DIRECT_TEXT,1,bars < 2026-07-27,Faisal units dated <= 2026-07-26,1,SECOND_TOUCH(E2 production tested_level),0.711,0.711,0.015,2,2026-07-20,,,,,bars < event date,bars,2026-10-08,LEVEL_INVALIDATED,NEVER,,
ONCO,discovery,2026-07-27,2026-07-26,1,WATCH,TG_2201,DIRECT_TEXT,1,bars < 2026-07-27,Faisal units dated <= 2026-07-26,1,RETEST(E3 pivot_cycle_state stage>=3),0.711,0.6652,0.015,,2026-07-20,9,2026-07-31,,,bars < event date,bars,2026-10-08,E3:sweep,AFTER,6.44,0
ONCO,discovery,2026-07-27,2026-07-26,1,WATCH,TG_2201,DIRECT_TEXT,1,bars < 2026-07-27,Faisal units dated <= 2026-07-26,1,TRIGGER(E4 sweep-reclaim | stability),0.711,,,,2026-07-31,0,2026-07-31,,,bars < event date,bars,2026-10-08,E4:sweep_reclaim,AFTER,,
ONCO,discovery,2026-07-27,2026-07-26,1,WATCH,TG_2201,DIRECT_TEXT,1,bars < 2026-07-27,Faisal units dated <= 2026-07-26,1,BREAK/INVALIDATION(E5),0.711,,13.0,,,,,,,bars < event date,bars,2026-10-08,NONE,NEVER,,
PIII,discovery,2026-05-18,2026-05-16,1,READY,TG_1860,DIRECT_TEXT,0,bars < 2026-05-18,Faisal units dated <= 2026-05-16,1,FIRST_TOUCH(E1) of LEVEL(T),2.28,2.28,0.015,1,,,2026-04-14,24,1,daily bar closed (observable next session),bars,,,,,
PIII,discovery,2026-05-18,2026-05-16,1,READY,TG_1860,DIRECT_TEXT,0,bars < 2026-05-18,Faisal units dated <= 2026-05-16,1,SECOND_TOUCH(E2 production tested_level),2.28,2.28,0.015,2,2026-04-14,,,,,bars < event date,bars,2026-10-08,LEVEL_INVALIDATED,NEVER,,
PIII,discovery,2026-05-18,2026-05-16,1,READY,TG_1860,DIRECT_TEXT,0,bars < 2026-05-18,Faisal units dated <= 2026-05-16,1,RETEST(E3 pivot_cycle_state stage>=3),2.28,2.08,0.015,,2026-04-14,24,2026-05-18,,,bars < event date,bars,2026-10-08,E3:hold,SAME,0.0,1
PIII,discovery,2026-05-18,2026-05-16,1,READY,TG_1860,DIRECT_TEXT,0,bars < 2026-05-18,Faisal units dated <= 2026-05-16,1,TRIGGER(E4 sweep-reclaim | stability),2.28,,,,2026-05-18,0,2026-05-18,,,bars < event date,bars,2026-10-08,E4:stability,SAME,,
PIII,discovery,2026-05-18,2026-05-16,1,READY,TG_1860,DIRECT_TEXT,0,bars < 2026-05-18,Faisal units dated <= 2026-05-16,1,BREAK/INVALIDATION(E5),2.28,,13.0,,,,,,,bars < event date,bars,2026-10-08,NONE,NEVER,,
PPBT,validation,2026-09-04,2026-09-04,0,WATCH,X_20260905_01,DIRECT_TEXT,0,bars < 2026-09-04,Faisal units dated <= 2026-09-04,1,FIRST_TOUCH(E1) of LEVEL(T),1.16,1.16,0.015,1,,,2026-08-06,21,1,daily bar closed (observable next session),bars,,,,,
PPBT,validation,2026-09-04,2026-09-04,0,WATCH,X_20260905_01,DIRECT_TEXT,0,bars < 2026-09-04,Faisal units dated <= 2026-09-04,1,SECOND_TOUCH(E2 production tested_level),1.16,1.16,0.015,2,2026-08-06,,,,,bars < event date,bars,2026-10-08,WINDOW_EXPIRED,NEVER,,
PPBT,validation,2026-09-04,2026-09-04,0,WATCH,X_20260905_01,DIRECT_TEXT,0,bars < 2026-09-04,Faisal units dated <= 2026-09-04,1,RETEST(E3 pivot_cycle_state stage>=3),1.16,1.16,0.015,,2026-08-06,,,,,bars < event date,bars,2026-10-08,NO_RETEST_IN_60,NEVER,,0
PPBT,validation,2026-09-04,2026-09-04,0,WATCH,X_20260905_01,DIRECT_TEXT,0,bars < 2026-09-04,Faisal units dated <= 2026-09-04,1,TRIGGER(E4 sweep-reclaim | stability),1.16,,,,,,,,,bars < event date,bars,2026-10-08,NONE,NEVER,,
PPBT,validation,2026-09-04,2026-09-04,0,WATCH,X_20260905_01,DIRECT_TEXT,0,bars < 2026-09-04,Faisal units dated <= 2026-09-04,1,BREAK/INVALIDATION(E5),1.16,,13.0,,,,2026-10-08,,,bars < event date,bars,2026-10-08,NO_RETEST_IN_60,AFTER,,
PPBT,validation,2026-09-04,2026-09-04,0,WATCH,X_20260905_02,DIRECT_TEXT,0,bars < 2026-09-04,Faisal units dated <= 2026-09-04,1,FIRST_TOUCH(E1) of LEVEL(T),1.16,1.16,0.015,1,,,2026-08-06,21,1,daily bar closed (observable next session),bars,,,,,
PPBT,validation,2026-09-04,2026-09-04,0,WATCH,X_20260905_02,DIRECT_TEXT,0,bars < 2026-09-04,Faisal units dated <= 2026-09-04,1,SECOND_TOUCH(E2 production tested_level),1.16,1.16,0.015,2,2026-08-06,,,,,bars < event date,bars,2026-10-08,WINDOW_EXPIRED,NEVER,,
PPBT,validation,2026-09-04,2026-09-04,0,WATCH,X_20260905_02,DIRECT_TEXT,0,bars < 2026-09-04,Faisal units dated <= 2026-09-04,1,RETEST(E3 pivot_cycle_state stage>=3),1.16,1.16,0.015,,2026-08-06,,,,,bars < event date,bars,2026-10-08,NO_RETEST_IN_60,NEVER,,0
PPBT,validation,2026-09-04,2026-09-04,0,WATCH,X_20260905_02,DIRECT_TEXT,0,bars < 2026-09-04,Faisal units dated <= 2026-09-04,1,TRIGGER(E4 sweep-reclaim | stability),1.16,,,,,,,,,bars < event date,bars,2026-10-08,NONE,NEVER,,
PPBT,validation,2026-09-04,2026-09-04,0,WATCH,X_20260905_02,DIRECT_TEXT,0,bars < 2026-09-04,Faisal units dated <= 2026-09-04,1,BREAK/INVALIDATION(E5),1.16,,13.0,,,,2026-10-08,,,bars < event date,bars,2026-10-08,NO_RETEST_IN_60,AFTER,,
PPBT,validation,2026-09-04,2026-09-04,0,WATCH,X_20260905_03,DIRECT_TEXT,0,bars < 2026-09-04,Faisal units dated <= 2026-09-04,1,FIRST_TOUCH(E1) of LEVEL(T),1.16,1.16,0.015,1,,,2026-08-06,21,1,daily bar closed (observable next session),bars,,,,,
PPBT,validation,2026-09-04,2026-09-04,0,WATCH,X_20260905_03,DIRECT_TEXT,0,bars < 2026-09-04,Faisal units dated <= 2026-09-04,1,SECOND_TOUCH(E2 production tested_level),1.16,1.16,0.015,2,2026-08-06,,,,,bars < event date,bars,2026-10-08,WINDOW_EXPIRED,NEVER,,
PPBT,validation,2026-09-04,2026-09-04,0,WATCH,X_20260905_03,DIRECT_TEXT,0,bars < 2026-09-04,Faisal units dated <= 2026-09-04,1,RETEST(E3 pivot_cycle_state stage>=3),1.16,1.16,0.015,,2026-08-06,,,,,bars < event date,bars,2026-10-08,NO_RETEST_IN_60,NEVER,,0
PPBT,validation,2026-09-04,2026-09-04,0,WATCH,X_20260905_03,DIRECT_TEXT,0,bars < 2026-09-04,Faisal units dated <= 2026-09-04,1,TRIGGER(E4 sweep-reclaim | stability),1.16,,,,,,,,,bars < event date,bars,2026-10-08,NONE,NEVER,,
PPBT,validation,2026-09-04,2026-09-04,0,WATCH,X_20260905_03,DIRECT_TEXT,0,bars < 2026-09-04,Faisal units dated <= 2026-09-04,1,BREAK/INVALIDATION(E5),1.16,,13.0,,,,2026-10-08,,,bars < event date,bars,2026-10-08,NO_RETEST_IN_60,AFTER,,
SLXN,discovery,2026-08-06,2026-08-06,0,WATCH,IMG_0508,DIRECT_CHART,0,bars < 2026-08-06,Faisal units dated <= 2026-08-06,1,FIRST_TOUCH(E1) of LEVEL(T),1.5,1.5,0.015,1,,,2026-07-30,5,1,daily bar closed (observable next session),bars,,,,,
SLXN,discovery,2026-08-06,2026-08-06,0,WATCH,IMG_0508,DIRECT_CHART,0,bars < 2026-08-06,Faisal units dated <= 2026-08-06,1,SECOND_TOUCH(E2 production tested_level),1.5,1.5,0.015,2,2026-07-30,,,,,bars < event date,bars,2026-10-08,LEVEL_INVALIDATED,NEVER,,
SLXN,discovery,2026-08-06,2026-08-06,0,WATCH,IMG_0508,DIRECT_CHART,0,bars < 2026-08-06,Faisal units dated <= 2026-08-06,1,RETEST(E3 pivot_cycle_state stage>=3),1.5,1.45,0.015,,2026-07-30,8,2026-08-11,,,bars < event date,bars,2026-10-08,E3:sweep,AFTER,3.33,0
SLXN,discovery,2026-08-06,2026-08-06,0,WATCH,IMG_0508,DIRECT_CHART,0,bars < 2026-08-06,Faisal units dated <= 2026-08-06,1,TRIGGER(E4 sweep-reclaim | stability),1.5,,,,2026-08-11,,,,,bars < event date,bars,2026-10-08,NONE,NEVER,,
SLXN,discovery,2026-08-06,2026-08-06,0,WATCH,IMG_0508,DIRECT_CHART,0,bars < 2026-08-06,Faisal units dated <= 2026-08-06,1,BREAK/INVALIDATION(E5),1.5,,13.0,,,,2026-08-12,,,bars < event date,bars,2026-10-08,BROKEN_BELOW_SWEEP_MAX,AFTER,,
SMX,discovery,2026-04-27,2026-04-25,1,WATCH,TG_1908,DIRECT_TEXT,1,bars < 2026-04-27,Faisal units dated <= 2026-04-25,1,FIRST_TOUCH(E1) of LEVEL(T),75.405,75.405,0.015,1,,,2026-04-24,1,1,daily bar closed (observable next session),bars,,,,,
SMX,discovery,2026-04-27,2026-04-25,1,WATCH,TG_1908,DIRECT_TEXT,1,bars < 2026-04-27,Faisal units dated <= 2026-04-25,1,SECOND_TOUCH(E2 production tested_level),75.405,75.405,0.015,2,2026-04-24,,,,,bars < event date,bars,2026-10-08,LEVEL_INVALIDATED,NEVER,,
SMX,discovery,2026-04-27,2026-04-25,1,WATCH,TG_1908,DIRECT_TEXT,1,bars < 2026-04-27,Faisal units dated <= 2026-04-25,1,RETEST(E3 pivot_cycle_state stage>=3),75.405,75.405,0.015,,2026-04-24,,,,,bars < event date,bars,2026-10-08,BROKEN_BELOW_SWEEP_MAX,NEVER,,0
SMX,discovery,2026-04-27,2026-04-25,1,WATCH,TG_1908,DIRECT_TEXT,1,bars < 2026-04-27,Faisal units dated <= 2026-04-25,1,TRIGGER(E4 sweep-reclaim | stability),75.405,,,,,,,,,bars < event date,bars,2026-10-08,NONE,NEVER,,
SMX,discovery,2026-04-27,2026-04-25,1,WATCH,TG_1908,DIRECT_TEXT,1,bars < 2026-04-27,Faisal units dated <= 2026-04-25,1,BREAK/INVALIDATION(E5),75.405,,13.0,,,,2026-05-06,,,bars < event date,bars,2026-10-08,BROKEN_BELOW_SWEEP_MAX,AFTER,,
SMX,discovery,2026-05-26,2026-05-24,1,WATCH,TG_2034,DIRECT_TEXT,1,bars < 2026-05-26,Faisal units dated <= 2026-05-24,1,FIRST_TOUCH(E1) of LEVEL(T),13.9613,13.9613,0.015,1,,,2026-05-19,4,1,daily bar closed (observable next session),bars,,,,,
SMX,discovery,2026-05-26,2026-05-24,1,WATCH,TG_2034,DIRECT_TEXT,1,bars < 2026-05-26,Faisal units dated <= 2026-05-24,1,SECOND_TOUCH(E2 production tested_level),13.9613,13.9613,0.015,2,2026-05-19,,,,,bars < event date,bars,2026-10-08,LEVEL_INVALIDATED,NEVER,,
SMX,discovery,2026-05-26,2026-05-24,1,WATCH,TG_2034,DIRECT_TEXT,1,bars < 2026-05-26,Faisal units dated <= 2026-05-24,1,RETEST(E3 pivot_cycle_state stage>=3),13.9613,12.98,0.015,,2026-05-19,13,2026-06-08,,,bars < event date,bars,2026-10-08,E3:sweep,AFTER,7.03,0
SMX,discovery,2026-05-26,2026-05-24,1,WATCH,TG_2034,DIRECT_TEXT,1,bars < 2026-05-26,Faisal units dated <= 2026-05-24,1,TRIGGER(E4 sweep-reclaim | stability),13.9613,,,,2026-06-08,1,2026-06-09,,,bars < event date,bars,2026-10-08,E4:sweep_reclaim,AFTER,,
SMX,discovery,2026-05-26,2026-05-24,1,WATCH,TG_2034,DIRECT_TEXT,1,bars < 2026-05-26,Faisal units dated <= 2026-05-24,1,BREAK/INVALIDATION(E5),13.9613,,13.0,,,,,,,bars < event date,bars,2026-10-08,NONE,NEVER,,
SPRC,discovery,2026-07-17,2026-07-17,0,READY,IMG_0395,DIRECT_CHART,1,bars < 2026-07-17,Faisal units dated <= 2026-07-17,1,FIRST_TOUCH(E1) of LEVEL(T),4.23,4.23,0.015,1,,,2026-07-13,4,1,daily bar closed (observable next session),bars,,,,,
SPRC,discovery,2026-07-17,2026-07-17,0,READY,IMG_0395,DIRECT_CHART,1,bars < 2026-07-17,Faisal units dated <= 2026-07-17,1,SECOND_TOUCH(E2 production tested_level),4.23,4.23,0.015,2,2026-07-13,,,,,bars < event date,bars,2026-10-08,WINDOW_EXPIRED,NEVER,,
SPRC,discovery,2026-07-17,2026-07-17,0,READY,IMG_0395,DIRECT_CHART,1,bars < 2026-07-17,Faisal units dated <= 2026-07-17,1,RETEST(E3 pivot_cycle_state stage>=3),4.23,4.23,0.015,,2026-07-13,28,2026-08-20,,,bars < event date,bars,2026-10-08,E3:sweep,AFTER,1.17,1
SPRC,discovery,2026-07-17,2026-07-17,0,READY,IMG_0395,DIRECT_CHART,1,bars < 2026-07-17,Faisal units dated <= 2026-07-17,1,TRIGGER(E4 sweep-reclaim | stability),4.23,,,,2026-08-20,0,2026-08-20,,,bars < event date,bars,2026-10-08,E4:sweep_reclaim,AFTER,,
SPRC,discovery,2026-07-17,2026-07-17,0,READY,IMG_0395,DIRECT_CHART,1,bars < 2026-07-17,Faisal units dated <= 2026-07-17,1,BREAK/INVALIDATION(E5),4.23,,13.0,,,,,,,bars < event date,bars,2026-10-08,NONE,NEVER,,
SPRC,discovery,2026-07-17,2026-07-17,0,READY,TG_1843,DIRECT_TEXT,1,bars < 2026-07-17,Faisal units dated <= 2026-07-17,1,FIRST_TOUCH(E1) of LEVEL(T),4.23,4.23,0.015,1,,,2026-07-13,4,1,daily bar closed (observable next session),bars,,,,,
SPRC,discovery,2026-07-17,2026-07-17,0,READY,TG_1843,DIRECT_TEXT,1,bars < 2026-07-17,Faisal units dated <= 2026-07-17,1,SECOND_TOUCH(E2 production tested_level),4.23,4.23,0.015,2,2026-07-13,,,,,bars < event date,bars,2026-10-08,WINDOW_EXPIRED,NEVER,,
SPRC,discovery,2026-07-17,2026-07-17,0,READY,TG_1843,DIRECT_TEXT,1,bars < 2026-07-17,Faisal units dated <= 2026-07-17,1,RETEST(E3 pivot_cycle_state stage>=3),4.23,4.23,0.015,,2026-07-13,28,2026-08-20,,,bars < event date,bars,2026-10-08,E3:sweep,AFTER,1.17,1
SPRC,discovery,2026-07-17,2026-07-17,0,READY,TG_1843,DIRECT_TEXT,1,bars < 2026-07-17,Faisal units dated <= 2026-07-17,1,TRIGGER(E4 sweep-reclaim | stability),4.23,,,,2026-08-20,0,2026-08-20,,,bars < event date,bars,2026-10-08,E4:sweep_reclaim,AFTER,,
SPRC,discovery,2026-07-17,2026-07-17,0,READY,TG_1843,DIRECT_TEXT,1,bars < 2026-07-17,Faisal units dated <= 2026-07-17,1,BREAK/INVALIDATION(E5),4.23,,13.0,,,,,,,bars < event date,bars,2026-10-08,NONE,NEVER,,
SPRC,discovery,2026-07-20,2026-07-20,0,WATCH,IMG_0393,DIRECT_CHART,1,bars < 2026-07-20,Faisal units dated <= 2026-07-20,1,FIRST_TOUCH(E1) of LEVEL(T),4.23,4.23,0.015,1,,,2026-07-13,5,1,daily bar closed (observable next session),bars,,,,,
SPRC,discovery,2026-07-20,2026-07-20,0,WATCH,IMG_0393,DIRECT_CHART,1,bars < 2026-07-20,Faisal units dated <= 2026-07-20,1,SECOND_TOUCH(E2 production tested_level),4.23,4.23,0.015,2,2026-07-13,,,,,bars < event date,bars,2026-10-08,WINDOW_EXPIRED,NEVER,,
SPRC,discovery,2026-07-20,2026-07-20,0,WATCH,IMG_0393,DIRECT_CHART,1,bars < 2026-07-20,Faisal units dated <= 2026-07-20,1,RETEST(E3 pivot_cycle_state stage>=3),4.23,4.23,0.015,,2026-07-13,28,2026-08-20,,,bars < event date,bars,2026-10-08,E3:sweep,AFTER,1.17,1
SPRC,discovery,2026-07-20,2026-07-20,0,WATCH,IMG_0393,DIRECT_CHART,1,bars < 2026-07-20,Faisal units dated <= 2026-07-20,1,TRIGGER(E4 sweep-reclaim | stability),4.23,,,,2026-08-20,0,2026-08-20,,,bars < event date,bars,2026-10-08,E4:sweep_reclaim,AFTER,,
SPRC,discovery,2026-07-20,2026-07-20,0,WATCH,IMG_0393,DIRECT_CHART,1,bars < 2026-07-20,Faisal units dated <= 2026-07-20,1,BREAK/INVALIDATION(E5),4.23,,13.0,,,,,,,bars < event date,bars,2026-10-08,NONE,NEVER,,
STKH,validation,2026-09-04,2026-09-04,0,WATCH,TG_20260905_09,DIRECT_TEXT,0,bars < 2026-09-04,Faisal units dated <= 2026-09-04,1,FIRST_TOUCH(E1) of LEVEL(T),1.245,1.245,0.015,1,,,2026-07-24,30,1,daily bar closed (observable next session),bars,,,,,
STKH,validation,2026-09-04,2026-09-04,0,WATCH,TG_20260905_09,DIRECT_TEXT,0,bars < 2026-09-04,Faisal units dated <= 2026-09-04,1,SECOND_TOUCH(E2 production tested_level),1.245,1.245,0.015,2,2026-07-24,,,,,bars < event date,bars,2026-10-08,LEVEL_INVALIDATED,NEVER,,
STKH,validation,2026-09-04,2026-09-04,0,WATCH,TG_20260905_09,DIRECT_TEXT,0,bars < 2026-09-04,Faisal units dated <= 2026-09-04,1,RETEST(E3 pivot_cycle_state stage>=3),1.245,1.245,0.015,,2026-07-24,,,,,bars < event date,bars,2026-10-08,BROKEN_BELOW_SWEEP_MAX,NEVER,,0
STKH,validation,2026-09-04,2026-09-04,0,WATCH,TG_20260905_09,DIRECT_TEXT,0,bars < 2026-09-04,Faisal units dated <= 2026-09-04,1,TRIGGER(E4 sweep-reclaim | stability),1.245,,,,,,,,,bars < event date,bars,2026-10-08,NONE,NEVER,,
STKH,validation,2026-09-04,2026-09-04,0,WATCH,TG_20260905_09,DIRECT_TEXT,0,bars < 2026-09-04,Faisal units dated <= 2026-09-04,1,BREAK/INVALIDATION(E5),1.245,,13.0,,,,2026-10-02,,,bars < event date,bars,2026-10-08,BROKEN_BELOW_SWEEP_MAX,AFTER,,
SVRE,validation,2026-09-14,2026-09-13,1,FOCUS,X_20260918_23_watchlist,DIRECT_TEXT,0,bars < 2026-09-14,Faisal units dated <= 2026-09-13,1,FIRST_TOUCH(E1) of LEVEL(T),2.41,2.41,0.015,1,,,2026-09-10,2,1,daily bar closed (observable next session),bars,,,,,
SVRE,validation,2026-09-14,2026-09-13,1,FOCUS,X_20260918_23_watchlist,DIRECT_TEXT,0,bars < 2026-09-14,Faisal units dated <= 2026-09-13,1,SECOND_TOUCH(E2 production tested_level),2.41,2.41,0.015,2,2026-09-10,,,,,bars < event date,bars,2026-10-08,LEVEL_INVALIDATED,NEVER,,
SVRE,validation,2026-09-14,2026-09-13,1,FOCUS,X_20260918_23_watchlist,DIRECT_TEXT,0,bars < 2026-09-14,Faisal units dated <= 2026-09-13,1,RETEST(E3 pivot_cycle_state stage>=3),2.41,2.41,0.015,,2026-09-10,,,,,bars < event date,bars,2026-10-08,BROKEN_BELOW_SWEEP_MAX,NEVER,,0
SVRE,validation,2026-09-14,2026-09-13,1,FOCUS,X_20260918_23_watchlist,DIRECT_TEXT,0,bars < 2026-09-14,Faisal units dated <= 2026-09-13,1,TRIGGER(E4 sweep-reclaim | stability),2.41,,,,,,,,,bars < event date,bars,2026-10-08,NONE,NEVER,,
SVRE,validation,2026-09-14,2026-09-13,1,FOCUS,X_20260918_23_watchlist,DIRECT_TEXT,0,bars < 2026-09-14,Faisal units dated <= 2026-09-13,1,BREAK/INVALIDATION(E5),2.41,,13.0,,,,2026-09-25,,,bars < event date,bars,2026-10-08,BROKEN_BELOW_SWEEP_MAX,AFTER,,
SXTC,anchor,2026-09-10,2026-09-10,0,READY,WA_20260918_31_SXTC,DIRECT_TEXT,1,bars < 2026-09-10,Faisal units dated <= 2026-09-10,1,FIRST_TOUCH(E1) of LEVEL(T),2.06,2.06,0.015,1,,,2026-09-02,5,1,daily bar closed (observable next session),bars,,,,,
SXTC,anchor,2026-09-10,2026-09-10,0,READY,WA_20260918_31_SXTC,DIRECT_TEXT,1,bars < 2026-09-10,Faisal units dated <= 2026-09-10,1,SECOND_TOUCH(E2 production tested_level),2.06,2.06,0.015,2,2026-09-02,,,,,bars < event date,bars,2026-10-08,LEVEL_INVALIDATED,NEVER,,
SXTC,anchor,2026-09-10,2026-09-10,0,READY,WA_20260918_31_SXTC,DIRECT_TEXT,1,bars < 2026-09-10,Faisal units dated <= 2026-09-10,1,RETEST(E3 pivot_cycle_state stage>=3),2.06,2.06,0.015,,2026-09-02,,,,,bars < event date,bars,2026-10-08,BROKEN_BELOW_SWEEP_MAX,NEVER,,0
SXTC,anchor,2026-09-10,2026-09-10,0,READY,WA_20260918_31_SXTC,DIRECT_TEXT,1,bars < 2026-09-10,Faisal units dated <= 2026-09-10,1,TRIGGER(E4 sweep-reclaim | stability),2.06,,,,,,,,,bars < event date,bars,2026-10-08,NONE,NEVER,,
SXTC,anchor,2026-09-10,2026-09-10,0,READY,WA_20260918_31_SXTC,DIRECT_TEXT,1,bars < 2026-09-10,Faisal units dated <= 2026-09-10,1,BREAK/INVALIDATION(E5),2.06,,13.0,,,,2026-09-11,,,bars < event date,bars,2026-10-08,BROKEN_BELOW_SWEEP_MAX,AFTER,,
SXTC,anchor,2026-09-11,2026-09-11,0,ENTRY,X_20260918_24_SXTC,ACTION,1,bars < 2026-09-11,Faisal units dated <= 2026-09-11,1,FIRST_TOUCH(E1) of LEVEL(T),1.78,1.78,0.015,1,,,2026-09-10,1,1,daily bar closed (observable next session),bars,,,,,
SXTC,anchor,2026-09-11,2026-09-11,0,ENTRY,X_20260918_24_SXTC,ACTION,1,bars < 2026-09-11,Faisal units dated <= 2026-09-11,1,SECOND_TOUCH(E2 production tested_level),1.78,1.78,0.015,2,2026-09-10,,,,,bars < event date,bars,2026-10-08,LEVEL_INVALIDATED,NEVER,,
SXTC,anchor,2026-09-11,2026-09-11,0,ENTRY,X_20260918_24_SXTC,ACTION,1,bars < 2026-09-11,Faisal units dated <= 2026-09-11,1,RETEST(E3 pivot_cycle_state stage>=3),1.78,1.78,0.015,,2026-09-10,,,,,bars < event date,bars,2026-10-08,BROKEN_BELOW_SWEEP_MAX,NEVER,,0
SXTC,anchor,2026-09-11,2026-09-11,0,ENTRY,X_20260918_24_SXTC,ACTION,1,bars < 2026-09-11,Faisal units dated <= 2026-09-11,1,TRIGGER(E4 sweep-reclaim | stability),1.78,,,,,,,,,bars < event date,bars,2026-10-08,NONE,NEVER,,
SXTC,anchor,2026-09-11,2026-09-11,0,ENTRY,X_20260918_24_SXTC,ACTION,1,bars < 2026-09-11,Faisal units dated <= 2026-09-11,1,BREAK/INVALIDATION(E5),1.78,,13.0,,,,2026-10-06,,,bars < event date,bars,2026-10-08,BROKEN_BELOW_SWEEP_MAX,AFTER,,
SXTC,anchor,2026-09-14,2026-09-13,1,FOCUS,X_20260918_22_pipeline,DIRECT_TEXT,1,bars < 2026-09-14,Faisal units dated <= 2026-09-13,1,FIRST_TOUCH(E1) of LEVEL(T),1.78,1.78,0.015,1,,,2026-09-10,2,1,daily bar closed (observable next session),bars,,,,,
SXTC,anchor,2026-09-14,2026-09-13,1,FOCUS,X_20260918_22_pipeline,DIRECT_TEXT,1,bars < 2026-09-14,Faisal units dated <= 2026-09-13,1,SECOND_TOUCH(E2 production tested_level),1.78,1.78,0.015,2,2026-09-10,,,,,bars < event date,bars,2026-10-08,LEVEL_INVALIDATED,NEVER,,
SXTC,anchor,2026-09-14,2026-09-13,1,FOCUS,X_20260918_22_pipeline,DIRECT_TEXT,1,bars < 2026-09-14,Faisal units dated <= 2026-09-13,1,RETEST(E3 pivot_cycle_state stage>=3),1.78,1.78,0.015,,2026-09-10,,,,,bars < event date,bars,2026-10-08,BROKEN_BELOW_SWEEP_MAX,NEVER,,0
SXTC,anchor,2026-09-14,2026-09-13,1,FOCUS,X_20260918_22_pipeline,DIRECT_TEXT,1,bars < 2026-09-14,Faisal units dated <= 2026-09-13,1,TRIGGER(E4 sweep-reclaim | stability),1.78,,,,,,,,,bars < event date,bars,2026-10-08,NONE,NEVER,,
SXTC,anchor,2026-09-14,2026-09-13,1,FOCUS,X_20260918_22_pipeline,DIRECT_TEXT,1,bars < 2026-09-14,Faisal units dated <= 2026-09-13,1,BREAK/INVALIDATION(E5),1.78,,13.0,,,,2026-10-06,,,bars < event date,bars,2026-10-08,BROKEN_BELOW_SWEEP_MAX,AFTER,,
SXTC,anchor,2026-09-14,2026-09-13,1,FOCUS,X_20260918_23_watchlist,DIRECT_TEXT,1,bars < 2026-09-14,Faisal units dated <= 2026-09-13,1,FIRST_TOUCH(E1) of LEVEL(T),1.78,1.78,0.015,1,,,2026-09-10,2,1,daily bar closed (observable next session),bars,,,,,
SXTC,anchor,2026-09-14,2026-09-13,1,FOCUS,X_20260918_23_watchlist,DIRECT_TEXT,1,bars < 2026-09-14,Faisal units dated <= 2026-09-13,1,SECOND_TOUCH(E2 production tested_level),1.78,1.78,0.015,2,2026-09-10,,,,,bars < event date,bars,2026-10-08,LEVEL_INVALIDATED,NEVER,,
SXTC,anchor,2026-09-14,2026-09-13,1,FOCUS,X_20260918_23_watchlist,DIRECT_TEXT,1,bars < 2026-09-14,Faisal units dated <= 2026-09-13,1,RETEST(E3 pivot_cycle_state stage>=3),1.78,1.78,0.015,,2026-09-10,,,,,bars < event date,bars,2026-10-08,BROKEN_BELOW_SWEEP_MAX,NEVER,,0
SXTC,anchor,2026-09-14,2026-09-13,1,FOCUS,X_20260918_23_watchlist,DIRECT_TEXT,1,bars < 2026-09-14,Faisal units dated <= 2026-09-13,1,TRIGGER(E4 sweep-reclaim | stability),1.78,,,,,,,,,bars < event date,bars,2026-10-08,NONE,NEVER,,
SXTC,anchor,2026-09-14,2026-09-13,1,FOCUS,X_20260918_23_watchlist,DIRECT_TEXT,1,bars < 2026-09-14,Faisal units dated <= 2026-09-13,1,BREAK/INVALIDATION(E5),1.78,,13.0,,,,2026-10-06,,,bars < event date,bars,2026-10-08,BROKEN_BELOW_SWEEP_MAX,AFTER,,
SXTC,anchor,2026-09-24,2026-09-24,0,ENTRY,TG_58527,ACTION,1,bars < 2026-09-24,Faisal units dated <= 2026-09-24,1,FIRST_TOUCH(E1) of LEVEL(T),1.78,1.78,0.015,1,,,2026-09-10,10,1,daily bar closed (observable next session),bars,,,,,
SXTC,anchor,2026-09-24,2026-09-24,0,ENTRY,TG_58527,ACTION,1,bars < 2026-09-24,Faisal units dated <= 2026-09-24,1,SECOND_TOUCH(E2 production tested_level),1.78,1.78,0.015,2,2026-09-10,,,,,bars < event date,bars,2026-10-08,LEVEL_INVALIDATED,NEVER,,
SXTC,anchor,2026-09-24,2026-09-24,0,ENTRY,TG_58527,ACTION,1,bars < 2026-09-24,Faisal units dated <= 2026-09-24,1,RETEST(E3 pivot_cycle_state stage>=3),1.78,1.78,0.015,,2026-09-10,,,,,bars < event date,bars,2026-10-08,BROKEN_BELOW_SWEEP_MAX,NEVER,,0
SXTC,anchor,2026-09-24,2026-09-24,0,ENTRY,TG_58527,ACTION,1,bars < 2026-09-24,Faisal units dated <= 2026-09-24,1,TRIGGER(E4 sweep-reclaim | stability),1.78,,,,,,,,,bars < event date,bars,2026-10-08,NONE,NEVER,,
SXTC,anchor,2026-09-24,2026-09-24,0,ENTRY,TG_58527,ACTION,1,bars < 2026-09-24,Faisal units dated <= 2026-09-24,1,BREAK/INVALIDATION(E5),1.78,,13.0,,,,2026-10-06,,,bars < event date,bars,2026-10-08,BROKEN_BELOW_SWEEP_MAX,AFTER,,
TRUG,discovery,2026-03-30,2026-03-30,0,WATCH,TG_2121,DIRECT_TEXT,0,bars < 2026-03-30,Faisal units dated <= 2026-03-30,1,FIRST_TOUCH(E1) of LEVEL(T),35.0,35.0,0.015,1,,,2026-03-25,3,1,daily bar closed (observable next session),bars,,,,,
TRUG,discovery,2026-03-30,2026-03-30,0,WATCH,TG_2121,DIRECT_TEXT,0,bars < 2026-03-30,Faisal units dated <= 2026-03-30,1,SECOND_TOUCH(E2 production tested_level),35.0,35.0,0.015,2,2026-03-25,8,2026-04-07,,,bars < event date,bars,2026-10-08,E2,AFTER,,
TRUG,discovery,2026-03-30,2026-03-30,0,WATCH,TG_2121,DIRECT_TEXT,0,bars < 2026-03-30,Faisal units dated <= 2026-03-30,1,RETEST(E3 pivot_cycle_state stage>=3),35.0,35.5,0.015,,2026-03-25,8,2026-04-07,,,bars < event date,bars,2026-10-08,E3:hold,AFTER,0.0,0
TRUG,discovery,2026-03-30,2026-03-30,0,WATCH,TG_2121,DIRECT_TEXT,0,bars < 2026-03-30,Faisal units dated <= 2026-03-30,1,TRIGGER(E4 sweep-reclaim | stability),35.0,,,,2026-04-07,3,2026-04-10,,,bars < event date,bars,2026-10-08,E4:stability,AFTER,,
TRUG,discovery,2026-03-30,2026-03-30,0,WATCH,TG_2121,DIRECT_TEXT,0,bars < 2026-03-30,Faisal units dated <= 2026-03-30,1,BREAK/INVALIDATION(E5),35.0,,13.0,,,,,,,bars < event date,bars,2026-10-08,NONE,NEVER,,
UPC,discovery,2026-07-31,2026-07-31,0,READY,IMG_0587,DIRECT_CHART,0,bars < 2026-07-31,Faisal units dated <= 2026-07-31,1,FIRST_TOUCH(E1) of LEVEL(T),2.6001,2.6001,0.015,1,,,2026-06-26,24,1,daily bar closed (observable next session),bars,,,,,
UPC,discovery,2026-07-31,2026-07-31,0,READY,IMG_0587,DIRECT_CHART,0,bars < 2026-07-31,Faisal units dated <= 2026-07-31,1,SECOND_TOUCH(E2 production tested_level),2.6001,2.6001,0.015,2,2026-06-26,,,,,bars < event date,bars,2026-10-08,LEVEL_INVALIDATED,NEVER,,
UPC,discovery,2026-07-31,2026-07-31,0,READY,IMG_0587,DIRECT_CHART,0,bars < 2026-07-31,Faisal units dated <= 2026-07-31,1,RETEST(E3 pivot_cycle_state stage>=3),2.6001,2.5,0.015,,2026-06-26,5,2026-07-06,,,bars < event date,bars,2026-10-08,E3:sweep,BEFORE,12.59,1
UPC,discovery,2026-07-31,2026-07-31,0,READY,IMG_0587,DIRECT_CHART,0,bars < 2026-07-31,Faisal units dated <= 2026-07-31,1,TRIGGER(E4 sweep-reclaim | stability),2.6001,,,,2026-07-06,0,2026-07-06,,,bars < event date,bars,2026-10-08,E4:sweep_reclaim,BEFORE,,
UPC,discovery,2026-07-31,2026-07-31,0,READY,IMG_0587,DIRECT_CHART,0,bars < 2026-07-31,Faisal units dated <= 2026-07-31,1,BREAK/INVALIDATION(E5),2.6001,,13.0,,,,,,,bars < event date,bars,2026-10-08,NONE,NEVER,,
WORX,discovery,2026-04-13,2026-04-11,1,WATCH,IMG_0150,DIRECT_CHART,0,bars < 2026-04-13,Faisal units dated <= 2026-04-11,1,FIRST_TOUCH(E1) of LEVEL(T),1.45,1.45,0.015,1,,,2026-04-10,1,1,daily bar closed (observable next session),bars,,,,,
WORX,discovery,2026-04-13,2026-04-11,1,WATCH,IMG_0150,DIRECT_CHART,0,bars < 2026-04-13,Faisal units dated <= 2026-04-11,1,SECOND_TOUCH(E2 production tested_level),1.45,1.45,0.015,2,2026-04-10,,,,,bars < event date,bars,2026-10-08,LEVEL_INVALIDATED,NEVER,,
WORX,discovery,2026-04-13,2026-04-11,1,WATCH,IMG_0150,DIRECT_CHART,0,bars < 2026-04-13,Faisal units dated <= 2026-04-11,1,RETEST(E3 pivot_cycle_state stage>=3),1.45,1.45,0.015,,2026-04-10,,,,,bars < event date,bars,2026-10-08,BROKEN_BELOW_SWEEP_MAX,NEVER,,0
WORX,discovery,2026-04-13,2026-04-11,1,WATCH,IMG_0150,DIRECT_CHART,0,bars < 2026-04-13,Faisal units dated <= 2026-04-11,1,TRIGGER(E4 sweep-reclaim | stability),1.45,,,,,,,,,bars < event date,bars,2026-10-08,NONE,NEVER,,
WORX,discovery,2026-04-13,2026-04-11,1,WATCH,IMG_0150,DIRECT_CHART,0,bars < 2026-04-13,Faisal units dated <= 2026-04-11,1,BREAK/INVALIDATION(E5),1.45,,13.0,,,,2026-04-14,,,bars < event date,bars,2026-10-08,BROKEN_BELOW_SWEEP_MAX,AFTER,,
WORX,discovery,2026-04-13,2026-04-11,1,WATCH,TG_2076,DIRECT_TEXT,0,bars < 2026-04-13,Faisal units dated <= 2026-04-11,1,FIRST_TOUCH(E1) of LEVEL(T),1.45,1.45,0.015,1,,,2026-04-10,1,1,daily bar closed (observable next session),bars,,,,,
WORX,discovery,2026-04-13,2026-04-11,1,WATCH,TG_2076,DIRECT_TEXT,0,bars < 2026-04-13,Faisal units dated <= 2026-04-11,1,SECOND_TOUCH(E2 production tested_level),1.45,1.45,0.015,2,2026-04-10,,,,,bars < event date,bars,2026-10-08,LEVEL_INVALIDATED,NEVER,,
WORX,discovery,2026-04-13,2026-04-11,1,WATCH,TG_2076,DIRECT_TEXT,0,bars < 2026-04-13,Faisal units dated <= 2026-04-11,1,RETEST(E3 pivot_cycle_state stage>=3),1.45,1.45,0.015,,2026-04-10,,,,,bars < event date,bars,2026-10-08,BROKEN_BELOW_SWEEP_MAX,NEVER,,0
WORX,discovery,2026-04-13,2026-04-11,1,WATCH,TG_2076,DIRECT_TEXT,0,bars < 2026-04-13,Faisal units dated <= 2026-04-11,1,TRIGGER(E4 sweep-reclaim | stability),1.45,,,,,,,,,bars < event date,bars,2026-10-08,NONE,NEVER,,
WORX,discovery,2026-04-13,2026-04-11,1,WATCH,TG_2076,DIRECT_TEXT,0,bars < 2026-04-13,Faisal units dated <= 2026-04-11,1,BREAK/INVALIDATION(E5),1.45,,13.0,,,,2026-04-14,,,bars < event date,bars,2026-10-08,BROKEN_BELOW_SWEEP_MAX,AFTER,,
WORX,discovery,2026-04-13,2026-04-11,1,WATCH,TG_2209,DIRECT_TEXT,0,bars < 2026-04-13,Faisal units dated <= 2026-04-11,1,FIRST_TOUCH(E1) of LEVEL(T),1.45,1.45,0.015,1,,,2026-04-10,1,1,daily bar closed (observable next session),bars,,,,,
WORX,discovery,2026-04-13,2026-04-11,1,WATCH,TG_2209,DIRECT_TEXT,0,bars < 2026-04-13,Faisal units dated <= 2026-04-11,1,SECOND_TOUCH(E2 production tested_level),1.45,1.45,0.015,2,2026-04-10,,,,,bars < event date,bars,2026-10-08,LEVEL_INVALIDATED,NEVER,,
WORX,discovery,2026-04-13,2026-04-11,1,WATCH,TG_2209,DIRECT_TEXT,0,bars < 2026-04-13,Faisal units dated <= 2026-04-11,1,RETEST(E3 pivot_cycle_state stage>=3),1.45,1.45,0.015,,2026-04-10,,,,,bars < event date,bars,2026-10-08,BROKEN_BELOW_SWEEP_MAX,NEVER,,0
WORX,discovery,2026-04-13,2026-04-11,1,WATCH,TG_2209,DIRECT_TEXT,0,bars < 2026-04-13,Faisal units dated <= 2026-04-11,1,TRIGGER(E4 sweep-reclaim | stability),1.45,,,,,,,,,bars < event date,bars,2026-10-08,NONE,NEVER,,
WORX,discovery,2026-04-13,2026-04-11,1,WATCH,TG_2209,DIRECT_TEXT,0,bars < 2026-04-13,Faisal units dated <= 2026-04-11,1,BREAK/INVALIDATION(E5),1.45,,13.0,,,,2026-04-14,,,bars < event date,bars,2026-10-08,BROKEN_BELOW_SWEEP_MAX,AFTER,,
YMT,validation,2026-09-04,2026-09-04,0,WATCH,X_20260905_10,DIRECT_TEXT,1,bars < 2026-09-04,Faisal units dated <= 2026-09-04,1,FIRST_TOUCH(E1) of LEVEL(T),1.81,1.81,0.015,1,,,2026-09-03,1,1,daily bar closed (observable next session),bars,,,,,
YMT,validation,2026-09-04,2026-09-04,0,WATCH,X_20260905_10,DIRECT_TEXT,1,bars < 2026-09-04,Faisal units dated <= 2026-09-04,1,SECOND_TOUCH(E2 production tested_level),1.81,1.81,0.015,2,2026-09-03,,,,,bars < event date,bars,2026-10-08,LEVEL_INVALIDATED,NEVER,,
YMT,validation,2026-09-04,2026-09-04,0,WATCH,X_20260905_10,DIRECT_TEXT,1,bars < 2026-09-04,Faisal units dated <= 2026-09-04,1,RETEST(E3 pivot_cycle_state stage>=3),1.81,1.64,0.015,,2026-09-03,14,2026-09-24,,,bars < event date,bars,2026-10-08,E3:sweep,AFTER,9.39,0
YMT,validation,2026-09-04,2026-09-04,0,WATCH,X_20260905_10,DIRECT_TEXT,1,bars < 2026-09-04,Faisal units dated <= 2026-09-04,1,TRIGGER(E4 sweep-reclaim | stability),1.81,,,,2026-09-24,0,2026-09-24,,,bars < event date,bars,2026-10-08,E4:sweep_reclaim,AFTER,,
YMT,validation,2026-09-04,2026-09-04,0,WATCH,X_20260905_10,DIRECT_TEXT,1,bars < 2026-09-04,Faisal units dated <= 2026-09-04,1,BREAK/INVALIDATION(E5),1.81,,13.0,,,,,,,bars < event date,bars,2026-10-08,NONE,NEVER,,
YMT,validation,2026-09-04,2026-09-04,0,WATCH,X_20260918_85_YMT,DIRECT_TEXT,1,bars < 2026-09-04,Faisal units dated <= 2026-09-04,1,FIRST_TOUCH(E1) of LEVEL(T),1.81,1.81,0.015,1,,,2026-09-03,1,1,daily bar closed (observable next session),bars,,,,,
YMT,validation,2026-09-04,2026-09-04,0,WATCH,X_20260918_85_YMT,DIRECT_TEXT,1,bars < 2026-09-04,Faisal units dated <= 2026-09-04,1,SECOND_TOUCH(E2 production tested_level),1.81,1.81,0.015,2,2026-09-03,,,,,bars < event date,bars,2026-10-08,LEVEL_INVALIDATED,NEVER,,
YMT,validation,2026-09-04,2026-09-04,0,WATCH,X_20260918_85_YMT,DIRECT_TEXT,1,bars < 2026-09-04,Faisal units dated <= 2026-09-04,1,RETEST(E3 pivot_cycle_state stage>=3),1.81,1.64,0.015,,2026-09-03,14,2026-09-24,,,bars < event date,bars,2026-10-08,E3:sweep,AFTER,9.39,0
YMT,validation,2026-09-04,2026-09-04,0,WATCH,X_20260918_85_YMT,DIRECT_TEXT,1,bars < 2026-09-04,Faisal units dated <= 2026-09-04,1,TRIGGER(E4 sweep-reclaim | stability),1.81,,,,2026-09-24,0,2026-09-24,,,bars < event date,bars,2026-10-08,E4:sweep_reclaim,AFTER,,
YMT,validation,2026-09-04,2026-09-04,0,WATCH,X_20260918_85_YMT,DIRECT_TEXT,1,bars < 2026-09-04,Faisal units dated <= 2026-09-04,1,BREAK/INVALIDATION(E5),1.81,,13.0,,,,,,,bars < event date,bars,2026-10-08,NONE,NEVER,,
YMT,validation,2026-09-14,2026-09-13,1,FOCUS,X_20260918_23_watchlist,DIRECT_TEXT,1,bars < 2026-09-14,Faisal units dated <= 2026-09-13,1,FIRST_TOUCH(E1) of LEVEL(T),1.81,1.81,0.015,1,,,2026-09-03,6,1,daily bar closed (observable next session),bars,,,,,
YMT,validation,2026-09-14,2026-09-13,1,FOCUS,X_20260918_23_watchlist,DIRECT_TEXT,1,bars < 2026-09-14,Faisal units dated <= 2026-09-13,1,SECOND_TOUCH(E2 production tested_level),1.81,1.81,0.015,2,2026-09-03,,,,,bars < event date,bars,2026-10-08,LEVEL_INVALIDATED,NEVER,,
YMT,validation,2026-09-14,2026-09-13,1,FOCUS,X_20260918_23_watchlist,DIRECT_TEXT,1,bars < 2026-09-14,Faisal units dated <= 2026-09-13,1,RETEST(E3 pivot_cycle_state stage>=3),1.81,1.64,0.015,,2026-09-03,14,2026-09-24,,,bars < event date,bars,2026-10-08,E3:sweep,AFTER,9.39,0
YMT,validation,2026-09-14,2026-09-13,1,FOCUS,X_20260918_23_watchlist,DIRECT_TEXT,1,bars < 2026-09-14,Faisal units dated <= 2026-09-13,1,TRIGGER(E4 sweep-reclaim | stability),1.81,,,,2026-09-24,0,2026-09-24,,,bars < event date,bars,2026-10-08,E4:sweep_reclaim,AFTER,,
YMT,validation,2026-09-14,2026-09-13,1,FOCUS,X_20260918_23_watchlist,DIRECT_TEXT,1,bars < 2026-09-14,Faisal units dated <= 2026-09-13,1,BREAK/INVALIDATION(E5),1.81,,13.0,,,,,,,bars < event date,bars,2026-10-08,NONE,NEVER,,
ZCMD,discovery,2026-07-02,2026-07-02,0,WATCH,TG_1828,DIRECT_TEXT,0,bars < 2026-07-02,Faisal units dated <= 2026-07-02,1,FIRST_TOUCH(E1) of LEVEL(T),1.6057,1.6057,0.015,1,,,2026-06-29,3,1,daily bar closed (observable next session),bars,,,,,
ZCMD,discovery,2026-07-02,2026-07-02,0,WATCH,TG_1828,DIRECT_TEXT,0,bars < 2026-07-02,Faisal units dated <= 2026-07-02,1,SECOND_TOUCH(E2 production tested_level),1.6057,1.6057,0.015,2,2026-06-29,,,,,bars < event date,bars,2026-10-08,WINDOW_EXPIRED,NEVER,,
ZCMD,discovery,2026-07-02,2026-07-02,0,WATCH,TG_1828,DIRECT_TEXT,0,bars < 2026-07-02,Faisal units dated <= 2026-07-02,1,RETEST(E3 pivot_cycle_state stage>=3),1.6057,1.4238,0.015,,2026-06-29,41,2026-08-26,,,bars < event date,bars,2026-10-08,E3:sweep,AFTER,11.33,0
ZCMD,discovery,2026-07-02,2026-07-02,0,WATCH,TG_1828,DIRECT_TEXT,0,bars < 2026-07-02,Faisal units dated <= 2026-07-02,1,TRIGGER(E4 sweep-reclaim | stability),1.6057,,,,2026-08-26,1,2026-08-27,,,bars < event date,bars,2026-10-08,E4:sweep_reclaim,AFTER,,
ZCMD,discovery,2026-07-02,2026-07-02,0,WATCH,TG_1828,DIRECT_TEXT,0,bars < 2026-07-02,Faisal units dated <= 2026-07-02,1,BREAK/INVALIDATION(E5),1.6057,,13.0,,,,,,,bars < event date,bars,2026-10-08,NONE,NEVER,,
ZNB,discovery,2026-08-03,2026-08-01,1,WATCH,IMG_0697,DIRECT_CHART,0,bars < 2026-08-03,Faisal units dated <= 2026-08-01,1,FIRST_TOUCH(E1) of LEVEL(T),1.8304,1.8304,0.015,1,,,2026-07-23,7,1,daily bar closed (observable next session),bars,,,,,
ZNB,discovery,2026-08-03,2026-08-01,1,WATCH,IMG_0697,DIRECT_CHART,0,bars < 2026-08-03,Faisal units dated <= 2026-08-01,1,SECOND_TOUCH(E2 production tested_level),1.8304,1.8304,0.015,2,2026-07-23,,,,,bars < event date,bars,2026-10-08,LEVEL_INVALIDATED,NEVER,,
ZNB,discovery,2026-08-03,2026-08-01,1,WATCH,IMG_0697,DIRECT_CHART,0,bars < 2026-08-03,Faisal units dated <= 2026-08-01,1,RETEST(E3 pivot_cycle_state stage>=3),1.8304,1.8,0.015,,2026-07-23,17,2026-08-17,,,bars < event date,bars,2026-10-08,E3:sweep,AFTER,1.66,0
ZNB,discovery,2026-08-03,2026-08-01,1,WATCH,IMG_0697,DIRECT_CHART,0,bars < 2026-08-03,Faisal units dated <= 2026-08-01,1,TRIGGER(E4 sweep-reclaim | stability),1.8304,,,,2026-08-17,0,2026-08-17,,,bars < event date,bars,2026-10-08,E4:sweep_reclaim,AFTER,,
ZNB,discovery,2026-08-03,2026-08-01,1,WATCH,IMG_0697,DIRECT_CHART,0,bars < 2026-08-03,Faisal units dated <= 2026-08-01,1,BREAK/INVALIDATION(E5),1.8304,,13.0,,,,,,,bars < event date,bars,2026-10-08,NONE,NEVER,,
ZNB,discovery,2026-08-03,2026-08-01,1,WATCH,IMG_0698,DIRECT_CHART,0,bars < 2026-08-03,Faisal units dated <= 2026-08-01,1,FIRST_TOUCH(E1) of LEVEL(T),1.8304,1.8304,0.015,1,,,2026-07-23,7,1,daily bar closed (observable next session),bars,,,,,
ZNB,discovery,2026-08-03,2026-08-01,1,WATCH,IMG_0698,DIRECT_CHART,0,bars < 2026-08-03,Faisal units dated <= 2026-08-01,1,SECOND_TOUCH(E2 production tested_level),1.8304,1.8304,0.015,2,2026-07-23,,,,,bars < event date,bars,2026-10-08,LEVEL_INVALIDATED,NEVER,,
ZNB,discovery,2026-08-03,2026-08-01,1,WATCH,IMG_0698,DIRECT_CHART,0,bars < 2026-08-03,Faisal units dated <= 2026-08-01,1,RETEST(E3 pivot_cycle_state stage>=3),1.8304,1.8,0.015,,2026-07-23,17,2026-08-17,,,bars < event date,bars,2026-10-08,E3:sweep,AFTER,1.66,0
ZNB,discovery,2026-08-03,2026-08-01,1,WATCH,IMG_0698,DIRECT_CHART,0,bars < 2026-08-03,Faisal units dated <= 2026-08-01,1,TRIGGER(E4 sweep-reclaim | stability),1.8304,,,,2026-08-17,0,2026-08-17,,,bars < event date,bars,2026-10-08,E4:sweep_reclaim,AFTER,,
ZNB,discovery,2026-08-03,2026-08-01,1,WATCH,IMG_0698,DIRECT_CHART,0,bars < 2026-08-03,Faisal units dated <= 2026-08-01,1,BREAK/INVALIDATION(E5),1.8304,,13.0,,,,,,,bars < event date,bars,2026-10-08,NONE,NEVER,,
