symbol,date,result,gate,reason
AEHL,2025-08-04,REJECT,M2_FLOOR,M2_هبوط_تحت_40
AEHL,2026-01-22,REJECT,ANCHOR,M_لا_مستوى_مختبر
AEHL,2026-01-28,REJECT,M4_RANGE,M4_base_واسعة
AEHL,2026-03-30,REJECT,ANCHOR,M_لا_مستوى_مختبر
AEHL,2026-03-31,REJECT,M4_RANGE,M4_base_واسعة
AEHL,2026-04-01,REJECT,M4_RANGE,M4_base_واسعة
AEHL,2026-04-02,REJECT,ANCHOR,M_لا_مستوى_مختبر
AEHL,2026-04-06,REJECT,ANCHOR,M_لا_مستوى_مختبر
AEHL,2026-04-07,REJECT,ANCHOR,M_لا_مستوى_مختبر
AEHL,2026-04-08,REJECT,ANCHOR,M_لا_مستوى_مختبر
AEHL,2026-04-09,REJECT,ANCHOR,M_لا_مستوى_مختبر
AEHL,2026-04-10,REJECT,ANCHOR,M_لا_مستوى_مختبر
AEHL,2026-04-13,PASS,,
AEHL,2026-04-24,REJECT,M4_RANGE,M4_base_واسعة
AEHL,2026-04-27,REJECT,M4_RANGE,M4_base_واسعة
AEHL,2026-05-18,REJECT,M4_RANGE,M4_base_واسعة
AEHL,2026-05-22,REJECT,M4_RANGE,M4_base_واسعة
AEHL,2026-06-16,REJECT,ANCHOR,M_لا_مستوى_مختبر
AEHL,2026-07-02,REJECT,ANCHOR,M_لا_مستوى_مختبر
AEHL,2026-07-17,REJECT,ANCHOR,M_لا_مستوى_مختبر
AEHL,2026-07-20,REJECT,ANCHOR,M_لا_مستوى_مختبر
AEHL,2026-07-27,REJECT,M4_RANGE,M4_base_واسعة
AEHL,2026-07-28,REJECT,M4_RANGE,M4_base_واسعة
AEHL,2026-07-31,REJECT,M4_RANGE,M4_base_واسعة
AEHL,2026-08-03,REJECT,M4_RANGE,M4_base_واسعة
AEHL,2026-08-06,REJECT,M4_RANGE,M4_base_واسعة
AEHL,2026-08-17,REJECT,M4_RANGE,M4_base_واسعة
AEHL,2026-08-18,REJECT,M4_RANGE,M4_base_واسعة
AEHL,2026-08-19,REJECT,ANCHOR,M_لا_مستوى_مختبر
AEHL,2026-08-20,REJECT,ANCHOR,M_لا_مستوى_مختبر
AEHL,2026-08-21,REJECT,ANCHOR,M_لا_مستوى_مختبر
AEHL,2026-08-24,REJECT,ANCHOR,M_لا_مستوى_مختبر
AEHL,2026-09-04,REJECT,M4_RANGE,M4_base_واسعة
AEHL,2026-09-10,REJECT,M4_RANGE,M4_base_واسعة
AEHL,2026-09-14,REJECT,M4_RANGE,M4_base_واسعة
AEHL,2026-09-22,REJECT,M4_RANGE,M4_base_واسعة
AEHL,2026-09-23,REJECT,M4_RANGE,M4_base_واسعة
AEHL,2026-09-24,REJECT,M4_RANGE,M4_base_واسعة
AEHL,2026-09-25,REJECT,M4_RANGE,M4_base_واسعة
AEHL,2026-09-28,REJECT,M4_RANGE,M4_base_واسعة
AEHL,2026-10-05,REJECT,M4_RANGE,M4_base_واسعة
AEMD,2025-08-04,REJECT,M3,M3_انفجار_تحت_60
AEMD,2026-01-22,REJECT,ANCHOR,M_لا_مستوى_مختبر
AEMD,2026-01-28,REJECT,ANCHOR,M_لا_مستوى_مختبر
AEMD,2026-03-30,REJECT,ANCHOR,M_لا_مستوى_مختبر
AEMD,2026-04-06,REJECT,ANCHOR,M_لا_مستوى_مختبر
AEMD,2026-04-13,REJECT,ANCHOR,M_لا_مستوى_مختبر
AEMD,2026-04-24,REJECT,ANCHOR,M_لا_مستوى_مختبر
AEMD,2026-04-27,REJECT,ANCHOR,M_لا_مستوى_مختبر
AEMD,2026-05-18,PASS,,
AEMD,2026-05-22,REJECT,ANCHOR,M_لا_مستوى_مختبر
AEMD,2026-06-16,REJECT,ANCHOR,M_لا_مستوى_مختبر
AEMD,2026-07-02,REJECT,M4_RANGE,M4_base_واسعة
AEMD,2026-07-07,REJECT,M4_RANGE,M4_base_واسعة
AEMD,2026-07-08,REJECT,M4_RANGE,M4_base_واسعة
AEMD,2026-07-09,REJECT,M4_RANGE,M4_base_واسعة
AEMD,2026-07-10,REJECT,M4_RANGE,M4_base_واسعة
AEMD,2026-07-13,REJECT,M4_RANGE,M4_base_واسعة
AEMD,2026-07-14,REJECT,M4_RANGE,M4_base_واسعة
AEMD,2026-07-15,REJECT,M4_RANGE,M4_base_واسعة
AEMD,2026-07-16,REJECT,ANCHOR,M_لا_مستوى_مختبر
AEMD,2026-07-17,REJECT,ANCHOR,M_لا_مستوى_مختبر
AEMD,2026-07-20,PASS,,
AEMD,2026-07-27,REJECT,ANCHOR,M_لا_مستوى_مختبر
AEMD,2026-07-28,REJECT,ANCHOR,M_لا_مستوى_مختبر
AEMD,2026-07-31,REJECT,ANCHOR,M_لا_مستوى_مختبر
AEMD,2026-08-03,REJECT,ANCHOR,M_لا_مستوى_مختبر
AEMD,2026-08-06,REJECT,ANCHOR,M_لا_مستوى_مختبر
AEMD,2026-08-24,PASS,,
AEMD,2026-09-04,REJECT,ANCHOR,M_لا_مستوى_مختبر
AEMD,2026-09-08,REJECT,ANCHOR,M_لا_مستوى_مختبر
AEMD,2026-09-09,REJECT,ANCHOR,M_لا_مستوى_مختبر
AEMD,2026-09-10,PASS,,
AEMD,2026-09-14,REJECT,ANCHOR,M_لا_مستوى_مختبر
AEMD,2026-09-22,REJECT,M4_RANGE,M4_base_واسعة
AEMD,2026-09-23,REJECT,M4_RANGE,M4_base_واسعة
AEMD,2026-09-24,REJECT,M4_RANGE,M4_base_واسعة
AEMD,2026-09-25,REJECT,M4_RANGE,M4_base_واسعة
AEMD,2026-09-28,REJECT,M4_RANGE,M4_base_واسعة
AEMD,2026-10-05,REJECT,M4_RANGE,M4_base_واسعة
AFJK,2025-08-04,TOO_FEW_BARS,DEPTH,MIN_BARS
AFJK,2026-01-22,REJECT,M2_FLOOR,M2_هبوط_تحت_40
AFJK,2026-01-28,REJECT,M2_FLOOR,M2_هبوط_تحت_40
AFJK,2026-03-30,REJECT,ANCHOR,M_لا_مستوى_مختبر
AFJK,2026-04-06,REJECT,ANCHOR,M_لا_مستوى_مختبر
AFJK,2026-04-13,REJECT,M2_FLOOR,M2_هبوط_تحت_40
AFJK,2026-04-24,REJECT,M2_FLOOR,M2_هبوط_تحت_40
AFJK,2026-04-27,REJECT,M2_FLOOR,M2_هبوط_تحت_40
AFJK,2026-05-18,REJECT,M2_FLOOR,M2_هبوط_تحت_40
AFJK,2026-05-22,REJECT,M2_FLOOR,M2_هبوط_تحت_40
AFJK,2026-06-16,REJECT,ANCHOR,M_لا_مستوى_مختبر
AFJK,2026-07-02,REJECT,ANCHOR,M_لا_مستوى_مختبر
AFJK,2026-07-17,REJECT,M4_RANGE,M4_base_واسعة
AFJK,2026-07-20,REJECT,M4_RANGE,M4_base_واسعة
AFJK,2026-07-27,REJECT,M4_RANGE,M4_base_واسعة
AFJK,2026-07-28,REJECT,M4_RANGE,M4_base_واسعة
AFJK,2026-07-31,PASS,,
AFJK,2026-08-03,PASS,,
AFJK,2026-08-06,PASS,,
AFJK,2026-08-24,PASS,,
AFJK,2026-09-04,PASS,,
AFJK,2026-09-10,REJECT,ANCHOR,M_لا_مستوى_مختبر
AFJK,2026-09-14,PASS,,
AFJK,2026-09-22,PASS,,
AFJK,2026-09-23,PASS,,
AFJK,2026-09-24,PASS,,
AFJK,2026-09-25,PASS,,
AFJK,2026-09-28,PASS,,
AFJK,2026-10-05,PASS,,
AIFA,2025-08-04,REJECT,M2_FLOOR,M2_هبوط_تحت_40
AIFA,2026-01-22,REJECT,ANCHOR,M_لا_مستوى_مختبر
AIFA,2026-01-28,PASS,,
AIFA,2026-03-30,REJECT,ANCHOR,M_لا_مستوى_مختبر
AIFA,2026-04-06,PASS,,
AIFA,2026-04-13,PASS,,
AIFA,2026-04-24,REJECT,M4_RANGE,M4_base_واسعة
AIFA,2026-04-27,REJECT,M4_RANGE,M4_base_واسعة
AIFA,2026-05-18,PASS,,
AIFA,2026-05-22,REJECT,ANCHOR,M_لا_مستوى_مختبر
AIFA,2026-06-09,REJECT,M4_RANGE,M4_base_واسعة
AIFA,2026-06-10,REJECT,M4_RANGE,M4_base_واسعة
AIFA,2026-06-11,REJECT,M4_RANGE,M4_base_واسعة
AIFA,2026-06-12,REJECT,M4_RANGE,M4_base_واسعة
AIFA,2026-06-15,REJECT,M4_RANGE,M4_base_واسعة
AIFA,2026-06-16,REJECT,ANCHOR,M_لا_مستوى_مختبر
AIFA,2026-07-02,REJECT,ANCHOR,M_لا_مستوى_مختبر
AIFA,2026-07-17,REJECT,ANCHOR,M_لا_مستوى_مختبر
AIFA,2026-07-20,REJECT,ANCHOR,M_لا_مستوى_مختبر
AIFA,2026-07-27,REJECT,ANCHOR,M_لا_مستوى_مختبر
AIFA,2026-07-28,REJECT,ANCHOR,M_لا_مستوى_مختبر
AIFA,2026-07-31,REJECT,ANCHOR,M_لا_مستوى_مختبر
AIFA,2026-08-03,REJECT,ANCHOR,M_لا_مستوى_مختبر
AIFA,2026-08-04,REJECT,ANCHOR,M_لا_مستوى_مختبر
AIFA,2026-08-05,REJECT,ANCHOR,M_لا_مستوى_مختبر
AIFA,2026-08-06,REJECT,ANCHOR,M_لا_مستوى_مختبر
AIFA,2026-08-07,REJECT,ANCHOR,M_لا_مستوى_مختبر
AIFA,2026-08-10,REJECT,ANCHOR,M_لا_مستوى_مختبر
AIFA,2026-08-11,REJECT,ANCHOR,M_لا_مستوى_مختبر
AIFA,2026-08-12,REJECT,M4_RANGE,M4_base_واسعة
AIFA,2026-08-13,REJECT,M4_RANGE,M4_base_واسعة
AIFA,2026-08-14,REJECT,M4_RANGE,M4_base_واسعة
AIFA,2026-08-17,REJECT,M4_RANGE,M4_base_واسعة
AIFA,2026-08-18,REJECT,M4_RANGE,M4_base_واسعة
AIFA,2026-08-19,REJECT,M4_RANGE,M4_base_واسعة
AIFA,2026-08-20,REJECT,M4_RANGE,M4_base_واسعة
AIFA,2026-08-21,REJECT,M4_RANGE,M4_base_واسعة
AIFA,2026-08-24,REJECT,ANCHOR,M_لا_مستوى_مختبر
AIFA,2026-08-25,REJECT,ANCHOR,M_لا_مستوى_مختبر
AIFA,2026-08-26,REJECT,ANCHOR,M_لا_مستوى_مختبر
AIFA,2026-08-27,REJECT,ANCHOR,M_لا_مستوى_مختبر
AIFA,2026-08-28,REJECT,ANCHOR,M_لا_مستوى_مختبر
AIFA,2026-08-31,REJECT,ANCHOR,M_لا_مستوى_مختبر
AIFA,2026-09-01,REJECT,ANCHOR,M_لا_مستوى_مختبر
AIFA,2026-09-02,REJECT,ANCHOR,M_لا_مستوى_مختبر
AIFA,2026-09-03,REJECT,ANCHOR,M_لا_مستوى_مختبر
AIFA,2026-09-04,REJECT,ANCHOR,M_لا_مستوى_مختبر
AIFA,2026-09-08,REJECT,ANCHOR,M_لا_مستوى_مختبر
AIFA,2026-09-09,REJECT,ANCHOR,M_لا_مستوى_مختبر
AIFA,2026-09-10,REJECT,ANCHOR,M_لا_مستوى_مختبر
AIFA,2026-09-11,REJECT,ANCHOR,M_لا_مستوى_مختبر
AIFA,2026-09-14,REJECT,ANCHOR,M_لا_مستوى_مختبر
AIFA,2026-09-22,REJECT,M2_FLOOR,M2_هبوط_تحت_40
AIFA,2026-09-23,REJECT,M2_FLOOR,M2_هبوط_تحت_40
AIFA,2026-09-24,REJECT,M2_FLOOR,M2_هبوط_تحت_40
AIFA,2026-09-25,REJECT,M2_FLOOR,M2_هبوط_تحت_40
AIFA,2026-09-28,REJECT,M2_FLOOR,M2_هبوط_تحت_40
AIFA,2026-10-05,REJECT,M2_FLOOR,M2_هبوط_تحت_40
AIXI,2025-08-04,REJECT,M3,M3_انفجار_تحت_60
AIXI,2026-01-22,REJECT,M3,M3_انفجار_تحت_60
AIXI,2026-01-28,REJECT,M3,M3_انفجار_تحت_60
AIXI,2026-03-30,REJECT,M3,M3_انفجار_تحت_60
AIXI,2026-04-06,REJECT,M3,M3_انفجار_تحت_60
AIXI,2026-04-13,REJECT,M2_FLOOR,M2_هبوط_تحت_40
AIXI,2026-04-24,REJECT,M3,M3_انفجار_تحت_60
AIXI,2026-04-27,REJECT,M3,M3_انفجار_تحت_60
AIXI,2026-05-18,REJECT,M4_RANGE,M4_base_واسعة
AIXI,2026-05-22,REJECT,ANCHOR,M_لا_مستوى_مختبر
AIXI,2026-06-16,REJECT,M4_RANGE,M4_base_واسعة
AIXI,2026-07-02,REJECT,M4_RANGE,M4_base_واسعة
AIXI,2026-07-17,REJECT,ANCHOR,M_لا_مستوى_مختبر
AIXI,2026-07-20,REJECT,ANCHOR,M_لا_مستوى_مختبر
AIXI,2026-07-27,REJECT,ANCHOR,M_لا_مستوى_مختبر
AIXI,2026-07-28,REJECT,ANCHOR,M_لا_مستوى_مختبر
AIXI,2026-07-31,REJECT,ANCHOR,M_لا_مستوى_مختبر
AIXI,2026-08-03,REJECT,ANCHOR,M_لا_مستوى_مختبر
AIXI,2026-08-06,REJECT,ANCHOR,M_لا_مستوى_مختبر
AIXI,2026-08-24,REJECT,M4_RANGE,M4_base_واسعة
AIXI,2026-09-04,REJECT,M4_RANGE,M4_base_واسعة
AIXI,2026-09-10,REJECT,M4_RANGE,M4_base_واسعة
AIXI,2026-09-14,REJECT,M4_RANGE,M4_base_واسعة
AIXI,2026-09-22,REJECT,ANCHOR,M_لا_مستوى_مختبر
AIXI,2026-09-23,REJECT,ANCHOR,M_لا_مستوى_مختبر
AIXI,2026-09-24,REJECT,ANCHOR,M_لا_مستوى_مختبر
AIXI,2026-09-25,REJECT,ANCHOR,M_لا_مستوى_مختبر
AIXI,2026-09-28,REJECT,ANCHOR,M_لا_مستوى_مختبر
AIXI,2026-10-05,REJECT,ANCHOR,M_لا_مستوى_مختبر
ALP,2025-08-04,REJECT,M2_FLOOR,M2_هبوط_تحت_40
ALP,2026-01-22,REJECT,M4_RANGE,M4_base_واسعة
ALP,2026-01-28,REJECT,M4_RANGE,M4_base_واسعة
ALP,2026-03-30,REJECT,ANCHOR,M_لا_مستوى_مختبر
ALP,2026-04-06,REJECT,ANCHOR,M_لا_مستوى_مختبر
ALP,2026-04-13,REJECT,ANCHOR,M_لا_مستوى_مختبر
ALP,2026-04-24,REJECT,ANCHOR,M_لا_مستوى_مختبر
ALP,2026-04-27,REJECT,ANCHOR,M_لا_مستوى_مختبر
ALP,2026-04-28,REJECT,ANCHOR,M_لا_مستوى_مختبر
ALP,2026-04-29,REJECT,ANCHOR,M_لا_مستوى_مختبر
ALP,2026-04-30,REJECT,ANCHOR,M_لا_مستوى_مختبر
ALP,2026-05-01,REJECT,ANCHOR,M_لا_مستوى_مختبر
ALP,2026-05-04,REJECT,ANCHOR,M_لا_مستوى_مختبر
ALP,2026-05-05,REJECT,ANCHOR,M_لا_مستوى_مختبر
ALP,2026-05-06,REJECT,ANCHOR,M_لا_مستوى_مختبر
ALP,2026-05-07,REJECT,ANCHOR,M_لا_مستوى_مختبر
ALP,2026-05-08,REJECT,ANCHOR,M_لا_مستوى_مختبر
ALP,2026-05-11,REJECT,ANCHOR,M_لا_مستوى_مختبر
ALP,2026-05-12,REJECT,ANCHOR,M_لا_مستوى_مختبر
ALP,2026-05-13,REJECT,ANCHOR,M_لا_مستوى_مختبر
ALP,2026-05-14,REJECT,ANCHOR,M_لا_مستوى_مختبر
ALP,2026-05-15,REJECT,M4_RANGE,M4_base_واسعة
ALP,2026-05-18,REJECT,ANCHOR,M_لا_مستوى_مختبر
ALP,2026-05-22,REJECT,ANCHOR,M_لا_مستوى_مختبر
ALP,2026-06-16,REJECT,M4_RANGE,M4_base_واسعة
ALP,2026-07-02,REJECT,ANCHOR,M_لا_مستوى_مختبر
ALP,2026-07-17,REJECT,ANCHOR,M_لا_مستوى_مختبر
ALP,2026-07-20,REJECT,ANCHOR,M_لا_مستوى_مختبر
ALP,2026-07-27,REJECT,ANCHOR,M_لا_مستوى_مختبر
ALP,2026-07-28,REJECT,ANCHOR,M_لا_مستوى_مختبر
ALP,2026-07-31,PASS,,
ALP,2026-08-03,PASS,,
ALP,2026-08-06,PASS,,
ALP,2026-08-24,REJECT,ANCHOR,M_لا_مستوى_مختبر
ALP,2026-09-04,REJECT,ANCHOR,M_لا_مستوى_مختبر
ALP,2026-09-10,PASS,,
ALP,2026-09-14,REJECT,M4_RANGE,M4_base_واسعة
ALP,2026-09-22,REJECT,M4_RANGE,M4_base_واسعة
ALP,2026-09-23,REJECT,M4_RANGE,M4_base_واسعة
ALP,2026-09-24,REJECT,M4_RANGE,M4_base_واسعة
ALP,2026-09-25,REJECT,M4_RANGE,M4_base_واسعة
ALP,2026-09-28,REJECT,ANCHOR,M_لا_مستوى_مختبر
ALP,2026-10-05,REJECT,ANCHOR,M_لا_مستوى_مختبر
AMBR,2025-08-04,REJECT,M2_FLOOR,M2_هبوط_تحت_40
AMBR,2026-01-22,REJECT,ANCHOR,M_لا_مستوى_مختبر
AMBR,2026-01-28,REJECT,ANCHOR,M_لا_مستوى_مختبر
AMBR,2026-03-30,REJECT,ANCHOR,M_لا_مستوى_مختبر
AMBR,2026-04-06,REJECT,ANCHOR,M_لا_مستوى_مختبر
AMBR,2026-04-13,REJECT,ANCHOR,M_لا_مستوى_مختبر
AMBR,2026-04-24,REJECT,ANCHOR,M_لا_مستوى_مختبر
AMBR,2026-04-27,REJECT,ANCHOR,M_لا_مستوى_مختبر
AMBR,2026-05-18,REJECT,ANCHOR,M_لا_مستوى_مختبر
AMBR,2026-05-22,REJECT,ANCHOR,M_لا_مستوى_مختبر
AMBR,2026-06-16,REJECT,ANCHOR,M_لا_مستوى_مختبر
AMBR,2026-07-02,REJECT,ANCHOR,M_لا_مستوى_مختبر
AMBR,2026-07-17,REJECT,ANCHOR,M_لا_مستوى_مختبر
AMBR,2026-07-20,REJECT,ANCHOR,M_لا_مستوى_مختبر
AMBR,2026-07-27,REJECT,ANCHOR,M_لا_مستوى_مختبر
AMBR,2026-07-28,REJECT,ANCHOR,M_لا_مستوى_مختبر
AMBR,2026-07-31,PASS,,
AMBR,2026-08-03,PASS,,
AMBR,2026-08-06,PASS,,
AMBR,2026-08-24,REJECT,ANCHOR,M_لا_مستوى_مختبر
AMBR,2026-09-04,REJECT,ANCHOR,M_لا_مستوى_مختبر
AMBR,2026-09-10,PASS,,
AMBR,2026-09-14,PASS,,
AMBR,2026-09-22,REJECT,M2_FLOOR,M2_هبوط_تحت_40
AMBR,2026-09-23,REJECT,M2_FLOOR,M2_هبوط_تحت_40
AMBR,2026-09-24,REJECT,M2_FLOOR,M2_هبوط_تحت_40
AMBR,2026-09-25,REJECT,M2_FLOOR,M2_هبوط_تحت_40
AMBR,2026-09-28,REJECT,M2_FLOOR,M2_هبوط_تحت_40
AMBR,2026-10-05,REJECT,M2_FLOOR,M2_هبوط_تحت_40
ARCT,2025-08-04,REJECT,M2_FLOOR,M2_هبوط_تحت_40
ARCT,2026-01-22,REJECT,M2_FLOOR,M2_هبوط_تحت_40
ARCT,2026-01-28,REJECT,M2_FLOOR,M2_هبوط_تحت_40
ARCT,2026-03-30,REJECT,M3,M3_انفجار_تحت_60
ARCT,2026-04-06,REJECT,M2_FLOOR,M2_هبوط_تحت_40
ARCT,2026-04-13,REJECT,M2_FLOOR,M2_هبوط_تحت_40
ARCT,2026-04-24,REJECT,M2_FLOOR,M2_هبوط_تحت_40
ARCT,2026-04-27,REJECT,M2_FLOOR,M2_هبوط_تحت_40
ARCT,2026-05-18,REJECT,M2_FLOOR,M2_هبوط_تحت_40
ARCT,2026-05-22,REJECT,M2_FLOOR,M2_هبوط_تحت_40
ARCT,2026-06-16,REJECT,M2_FLOOR,M2_هبوط_تحت_40
ARCT,2026-07-02,REJECT,M2_FLOOR,M2_هبوط_تحت_40
ARCT,2026-07-17,REJECT,M3,M3_انفجار_تحت_60
ARCT,2026-07-20,REJECT,M3,M3_انفجار_تحت_60
ARCT,2026-07-27,REJECT,M3,M3_انفجار_تحت_60
ARCT,2026-07-28,REJECT,M3,M3_انفجار_تحت_60
ARCT,2026-07-31,REJECT,M3,M3_انفجار_تحت_60
ARCT,2026-08-03,REJECT,M3,M3_انفجار_تحت_60
ARCT,2026-08-06,REJECT,M3,M3_انفجار_تحت_60
ARCT,2026-08-24,REJECT,M2_FLOOR,M2_هبوط_تحت_40
ARCT,2026-09-04,REJECT,M2_FLOOR,M2_هبوط_تحت_40
ARCT,2026-09-10,REJECT,M2_FLOOR,M2_هبوط_تحت_40
ARCT,2026-09-14,REJECT,M2_FLOOR,M2_هبوط_تحت_40
ARCT,2026-09-22,REJECT,M2_FLOOR,M2_هبوط_تحت_40
ARCT,2026-09-23,REJECT,M2_FLOOR,M2_هبوط_تحت_40
ARCT,2026-09-24,REJECT,M2_FLOOR,M2_هبوط_تحت_40
ARCT,2026-09-25,REJECT,M2_FLOOR,M2_هبوط_تحت_40
ARCT,2026-09-28,REJECT,M2_FLOOR,M2_هبوط_تحت_40
ARCT,2026-10-05,REJECT,M2_FLOOR,M2_هبوط_تحت_40
ARTL,2025-08-04,REJECT,M2_FLOOR,M2_هبوط_تحت_40
ARTL,2026-01-22,REJECT,ANCHOR,M_لا_مستوى_مختبر
ARTL,2026-01-28,REJECT,ANCHOR,M_لا_مستوى_مختبر
ARTL,2026-03-27,REJECT,M4_RANGE,M4_base_واسعة
ARTL,2026-03-30,REJECT,M4_RANGE,M4_base_واسعة
ARTL,2026-03-31,REJECT,M4_RANGE,M4_base_واسعة
ARTL,2026-04-01,REJECT,M4_RANGE,M4_base_واسعة
ARTL,2026-04-02,REJECT,M4_RANGE,M4_base_واسعة
ARTL,2026-04-06,REJECT,M4_RANGE,M4_base_واسعة
ARTL,2026-04-07,REJECT,M4_RANGE,M4_base_واسعة
ARTL,2026-04-08,REJECT,M4_RANGE,M4_base_واسعة
ARTL,2026-04-09,REJECT,M4_RANGE,M4_base_واسعة
ARTL,2026-04-10,REJECT,M4_RANGE,M4_base_واسعة
ARTL,2026-04-13,REJECT,M4_RANGE,M4_base_واسعة
ARTL,2026-04-14,REJECT,M4_RANGE,M4_base_واسعة
ARTL,2026-04-15,REJECT,M4_RANGE,M4_base_واسعة
ARTL,2026-04-16,REJECT,M4_RANGE,M4_base_واسعة
ARTL,2026-04-17,REJECT,M4_RANGE,M4_base_واسعة
ARTL,2026-04-20,REJECT,M4_RANGE,M4_base_واسعة
ARTL,2026-04-21,REJECT,M4_RANGE,M4_base_واسعة
ARTL,2026-04-22,REJECT,M4_RANGE,M4_base_واسعة
ARTL,2026-04-23,REJECT,M4_RANGE,M4_base_واسعة
ARTL,2026-04-24,REJECT,ANCHOR,M_لا_مستوى_مختبر
ARTL,2026-04-27,REJECT,ANCHOR,M_لا_مستوى_مختبر
ARTL,2026-05-18,REJECT,M4_RANGE,M4_base_واسعة
ARTL,2026-05-22,REJECT,M4_RANGE,M4_base_واسعة
ARTL,2026-06-16,REJECT,ANCHOR,M_لا_مستوى_مختبر
ARTL,2026-07-02,PASS,,
ARTL,2026-07-17,REJECT,ANCHOR,M_لا_مستوى_مختبر
ARTL,2026-07-20,REJECT,ANCHOR,M_لا_مستوى_مختبر
ARTL,2026-07-27,REJECT,ANCHOR,M_لا_مستوى_مختبر
ARTL,2026-07-28,REJECT,ANCHOR,M_لا_مستوى_مختبر
ARTL,2026-07-31,REJECT,ANCHOR,M_لا_مستوى_مختبر
ARTL,2026-08-03,REJECT,ANCHOR,M_لا_مستوى_مختبر
ARTL,2026-08-06,REJECT,ANCHOR,M_لا_مستوى_مختبر
ARTL,2026-08-24,PASS,,
ARTL,2026-09-04,REJECT,ANCHOR,M_لا_مستوى_مختبر
ARTL,2026-09-10,REJECT,ANCHOR,M_لا_مستوى_مختبر
ARTL,2026-09-14,REJECT,ANCHOR,M_لا_مستوى_مختبر
ARTL,2026-09-22,REJECT,ANCHOR,M_لا_مستوى_مختبر
ARTL,2026-09-23,REJECT,ANCHOR,M_لا_مستوى_مختبر
ARTL,2026-09-24,REJECT,M4_RANGE,M4_base_واسعة
ARTL,2026-09-25,REJECT,M4_RANGE,M4_base_واسعة
ARTL,2026-09-28,REJECT,M4_RANGE,M4_base_واسعة
ARTL,2026-10-05,REJECT,M4_RANGE,M4_base_واسعة
ASST,2025-08-04,REJECT,M4_RANGE,M4_base_واسعة
ASST,2026-01-22,REJECT,ANCHOR,M_لا_مستوى_مختبر
ASST,2026-01-28,REJECT,ANCHOR,M_لا_مستوى_مختبر
ASST,2026-03-30,REJECT,ANCHOR,M_لا_مستوى_مختبر
ASST,2026-04-06,REJECT,ANCHOR,M_لا_مستوى_مختبر
ASST,2026-04-09,REJECT,ANCHOR,M_لا_مستوى_مختبر
ASST,2026-04-10,REJECT,ANCHOR,M_لا_مستوى_مختبر
ASST,2026-04-13,REJECT,ANCHOR,M_لا_مستوى_مختبر
ASST,2026-04-14,REJECT,ANCHOR,M_لا_مستوى_مختبر
ASST,2026-04-15,REJECT,ANCHOR,M_لا_مستوى_مختبر
ASST,2026-04-16,REJECT,ANCHOR,M_لا_مستوى_مختبر
ASST,2026-04-17,REJECT,ANCHOR,M_لا_مستوى_مختبر
ASST,2026-04-20,REJECT,RSI_NOW,M10_RSI_فات_القطار
ASST,2026-04-21,REJECT,RSI_NOW,M10_RSI_فات_القطار
ASST,2026-04-22,REJECT,ANCHOR,M_لا_مستوى_مختبر
ASST,2026-04-23,REJECT,RSI_NOW,M10_RSI_فات_القطار
ASST,2026-04-24,REJECT,ANCHOR,M_لا_مستوى_مختبر
ASST,2026-04-27,PASS,,
ASST,2026-05-18,REJECT,ANCHOR,M_لا_مستوى_مختبر
ASST,2026-05-22,REJECT,ANCHOR,M_لا_مستوى_مختبر
ASST,2026-06-16,REJECT,ANCHOR,M_لا_مستوى_مختبر
ASST,2026-07-02,REJECT,ANCHOR,M_لا_مستوى_مختبر
ASST,2026-07-17,REJECT,ANCHOR,M_لا_مستوى_مختبر
ASST,2026-07-20,REJECT,ANCHOR,M_لا_مستوى_مختبر
ASST,2026-07-27,REJECT,ANCHOR,M_لا_مستوى_مختبر
ASST,2026-07-28,REJECT,ANCHOR,M_لا_مستوى_مختبر
ASST,2026-07-31,REJECT,ANCHOR,M_لا_مستوى_مختبر
ASST,2026-08-03,REJECT,ANCHOR,M_لا_مستوى_مختبر
ASST,2026-08-06,REJECT,ANCHOR,M_لا_مستوى_مختبر
ASST,2026-08-24,REJECT,RSI_NOW,M10_RSI_فات_القطار
ASST,2026-09-04,REJECT,M4_RANGE,M4_base_واسعة
ASST,2026-09-10,REJECT,M4_RANGE,M4_base_واسعة
ASST,2026-09-14,REJECT,RSI_NOW,M10_RSI_فات_القطار
ASST,2026-09-22,REJECT,M2_FLOOR,M2_هبوط_تحت_40
ASST,2026-09-23,REJECT,M2_FLOOR,M2_هبوط_تحت_40
ASST,2026-09-24,REJECT,M2_FLOOR,M2_هبوط_تحت_40
ASST,2026-09-25,REJECT,M2_FLOOR,M2_هبوط_تحت_40
ASST,2026-09-28,REJECT,M2_FLOOR,M2_هبوط_تحت_40
ASST,2026-10-05,REJECT,M2_FLOOR,M2_هبوط_تحت_40
ATCX,2025-08-04,TOO_FEW_BARS,DEPTH,MIN_BARS
ATCX,2026-01-22,REJECT,ANCHOR,M_لا_مستوى_مختبر
ATCX,2026-01-28,REJECT,ANCHOR,M_لا_مستوى_مختبر
ATCX,2026-03-30,REJECT,ANCHOR,M_لا_مستوى_مختبر
ATCX,2026-04-06,REJECT,ANCHOR,M_لا_مستوى_مختبر
ATCX,2026-04-13,REJECT,ANCHOR,M_لا_مستوى_مختبر
ATCX,2026-04-24,REJECT,ANCHOR,M_لا_مستوى_مختبر
ATCX,2026-04-27,REJECT,ANCHOR,M_لا_مستوى_مختبر
ATCX,2026-05-18,REJECT,ANCHOR,M_لا_مستوى_مختبر
ATCX,2026-05-22,REJECT,ANCHOR,M_لا_مستوى_مختبر
ATCX,2026-06-16,PASS,,
ATCX,2026-07-02,PASS,,
ATCX,2026-07-17,REJECT,ANCHOR,M_لا_مستوى_مختبر
ATCX,2026-07-20,REJECT,ANCHOR,M_لا_مستوى_مختبر
ATCX,2026-07-27,REJECT,ANCHOR,M_لا_مستوى_مختبر
ATCX,2026-07-28,REJECT,ANCHOR,M_لا_مستوى_مختبر
ATCX,2026-07-31,PASS,,
ATCX,2026-08-03,PASS,,
ATCX,2026-08-06,REJECT,ANCHOR,M_لا_مستوى_مختبر
ATCX,2026-08-24,REJECT,ANCHOR,M_لا_مستوى_مختبر
ATCX,2026-09-04,REJECT,ANCHOR,M_لا_مستوى_مختبر
ATCX,2026-09-10,REJECT,ANCHOR,M_لا_مستوى_مختبر
ATCX,2026-09-14,REJECT,ANCHOR,M_لا_مستوى_مختبر
ATCX,2026-09-22,PASS,,
ATCX,2026-09-23,REJECT,ANCHOR,M_لا_مستوى_مختبر
ATCX,2026-09-24,REJECT,ANCHOR,M_لا_مستوى_مختبر
ATCX,2026-09-25,REJECT,ANCHOR,M_لا_مستوى_مختبر
ATCX,2026-09-28,REJECT,ANCHOR,M_لا_مستوى_مختبر
ATCX,2026-10-05,PASS,,
ATER,2025-08-04,REJECT,M2_FLOOR,M2_هبوط_تحت_40
ATER,2026-01-22,REJECT,M3,M3_انفجار_تحت_60
ATER,2026-01-28,REJECT,M3,M3_انفجار_تحت_60
ATER,2026-03-30,REJECT,M3,M3_انفجار_تحت_60
ATER,2026-04-06,REJECT,M3,M3_انفجار_تحت_60
ATER,2026-04-13,REJECT,M2_FLOOR,M2_هبوط_تحت_40
ATER,2026-04-24,REJECT,M2_FLOOR,M2_هبوط_تحت_40
ATER,2026-04-27,REJECT,M2_FLOOR,M2_هبوط_تحت_40
ATER,2026-05-18,REJECT,M2_FLOOR,M2_هبوط_تحت_40
ATER,2026-05-22,REJECT,M2_FLOOR,M2_هبوط_تحت_40
ATER,2026-06-16,REJECT,M2_FLOOR,M2_هبوط_تحت_40
ATER,2026-07-02,REJECT,M2_FLOOR,M2_هبوط_تحت_40
ATER,2026-07-17,REJECT,M2_FLOOR,M2_هبوط_تحت_40
ATER,2026-07-20,REJECT,M2_FLOOR,M2_هبوط_تحت_40
ATER,2026-07-27,REJECT,M4_RANGE,M4_base_واسعة
ATER,2026-07-28,REJECT,M1,M1_سعر
ATER,2026-07-31,REJECT,M1,M1_سعر
ATER,2026-08-03,REJECT,M4_RANGE,M4_base_واسعة
ATER,2026-08-06,REJECT,M4_RANGE,M4_base_واسعة
ATER,2026-08-24,REJECT,ANCHOR,M_لا_مستوى_مختبر
ATER,2026-09-04,REJECT,M2_FLOOR,M2_هبوط_تحت_40
ATER,2026-09-10,REJECT,M2_FLOOR,M2_هبوط_تحت_40
ATER,2026-09-14,REJECT,M2_FLOOR,M2_هبوط_تحت_40
ATER,2026-09-22,REJECT,M2_FLOOR,M2_هبوط_تحت_40
ATER,2026-09-23,REJECT,M2_FLOOR,M2_هبوط_تحت_40
ATER,2026-09-24,REJECT,M2_FLOOR,M2_هبوط_تحت_40
ATER,2026-09-25,REJECT,M2_FLOOR,M2_هبوط_تحت_40
ATER,2026-09-28,REJECT,M2_FLOOR,M2_هبوط_تحت_40
ATER,2026-10-05,REJECT,M2_FLOOR,M2_هبوط_تحت_40
AVAT,2025-08-04,TOO_FEW_BARS,DEPTH,MIN_BARS
AVAT,2026-01-22,REJECT,M2_FLOOR,M2_هبوط_تحت_40
AVAT,2026-01-28,REJECT,M2_FLOOR,M2_هبوط_تحت_40
AVAT,2026-03-30,REJECT,M2_FLOOR,M2_هبوط_تحت_40
AVAT,2026-04-06,REJECT,M2_FLOOR,M2_هبوط_تحت_40
AVAT,2026-04-13,REJECT,M2_FLOOR,M2_هبوط_تحت_40
AVAT,2026-04-24,REJECT,M2_FLOOR,M2_هبوط_تحت_40
AVAT,2026-04-27,REJECT,M2_FLOOR,M2_هبوط_تحت_40
AVAT,2026-05-18,REJECT,M2_FLOOR,M2_هبوط_تحت_40
AVAT,2026-05-22,REJECT,M2_FLOOR,M2_هبوط_تحت_40
AVAT,2026-06-16,REJECT,M3,M3_انفجار_تحت_60
AVAT,2026-07-02,REJECT,M3,M3_انفجار_تحت_60
AVAT,2026-07-17,REJECT,M3,M3_انفجار_تحت_60
AVAT,2026-07-20,REJECT,M3,M3_انفجار_تحت_60
AVAT,2026-07-27,REJECT,M1,M1_سعر
AVAT,2026-07-28,REJECT,M1,M1_سعر
AVAT,2026-07-31,REJECT,M1,M1_سعر
AVAT,2026-08-03,REJECT,M1,M1_سعر
AVAT,2026-08-06,REJECT,M1,M1_سعر
AVAT,2026-08-24,REJECT,M3,M3_انفجار_تحت_60
AVAT,2026-09-04,REJECT,M3,M3_انفجار_تحت_60
AVAT,2026-09-10,REJECT,M3,M3_انفجار_تحت_60
AVAT,2026-09-14,REJECT,M3,M3_انفجار_تحت_60
AVAT,2026-09-22,REJECT,M4_RANGE,M4_base_واسعة
AVAT,2026-09-23,REJECT,M4_RANGE,M4_base_واسعة
AVAT,2026-09-24,REJECT,M4_RANGE,M4_base_واسعة
AVAT,2026-09-25,REJECT,M4_RANGE,M4_base_واسعة
AVAT,2026-09-28,REJECT,M4_RANGE,M4_base_واسعة
AVAT,2026-10-05,REJECT,M4_RANGE,M4_base_واسعة
BANL,2025-08-04,REJECT,M2_FLOOR,M2_هبوط_تحت_40
BANL,2026-01-22,REJECT,M3,M3_انفجار_تحت_60
BANL,2026-01-28,REJECT,M3,M3_انفجار_تحت_60
BANL,2026-03-30,REJECT,M2_FLOOR,M2_هبوط_تحت_40
BANL,2026-04-06,REJECT,M2_FLOOR,M2_هبوط_تحت_40
BANL,2026-04-13,REJECT,M2_FLOOR,M2_هبوط_تحت_40
BANL,2026-04-24,REJECT,M2_FLOOR,M2_هبوط_تحت_40
BANL,2026-04-27,REJECT,M2_FLOOR,M2_هبوط_تحت_40
BANL,2026-05-18,REJECT,M2_FLOOR,M2_هبوط_تحت_40
BANL,2026-05-22,REJECT,M2_FLOOR,M2_هبوط_تحت_40
BANL,2026-06-16,REJECT,M2_FLOOR,M2_هبوط_تحت_40
BANL,2026-07-02,REJECT,M2_FLOOR,M2_هبوط_تحت_40
BANL,2026-07-17,REJECT,M2_FLOOR,M2_هبوط_تحت_40
BANL,2026-07-20,REJECT,M2_FLOOR,M2_هبوط_تحت_40
BANL,2026-07-27,REJECT,M2_FLOOR,M2_هبوط_تحت_40
BANL,2026-07-28,REJECT,M2_FLOOR,M2_هبوط_تحت_40
BANL,2026-07-31,REJECT,M2_FLOOR,M2_هبوط_تحت_40
BANL,2026-08-03,REJECT,M2_FLOOR,M2_هبوط_تحت_40
BANL,2026-08-06,REJECT,M2_FLOOR,M2_هبوط_تحت_40
BANL,2026-08-24,REJECT,M2_FLOOR,M2_هبوط_تحت_40
BANL,2026-09-04,REJECT,M2_FLOOR,M2_هبوط_تحت_40
BANL,2026-09-10,REJECT,M2_FLOOR,M2_هبوط_تحت_40
BANL,2026-09-14,REJECT,M2_FLOOR,M2_هبوط_تحت_40
BANL,2026-09-22,REJECT,M2_FLOOR,M2_هبوط_تحت_40
BANL,2026-09-23,REJECT,M2_FLOOR,M2_هبوط_تحت_40
BANL,2026-09-24,REJECT,M2_FLOOR,M2_هبوط_تحت_40
BANL,2026-09-25,REJECT,M2_FLOOR,M2_هبوط_تحت_40
BANL,2026-09-28,REJECT,M2_FLOOR,M2_هبوط_تحت_40
BANL,2026-10-05,REJECT,ANCHOR,M_لا_مستوى_مختبر
BCG,2025-08-04,REJECT,M2_FLOOR,M2_هبوط_تحت_40
BCG,2026-01-22,REJECT,M2_FLOOR,M2_هبوط_تحت_40
BCG,2026-01-28,REJECT,M2_FLOOR,M2_هبوط_تحت_40
BCG,2026-03-30,REJECT,M2_FLOOR,M2_هبوط_تحت_40
BCG,2026-04-06,REJECT,M2_FLOOR,M2_هبوط_تحت_40
BCG,2026-04-13,REJECT,M2_FLOOR,M2_هبوط_تحت_40
BCG,2026-04-24,REJECT,M2_FLOOR,M2_هبوط_تحت_40
BCG,2026-04-27,REJECT,M2_FLOOR,M2_هبوط_تحت_40
BCG,2026-05-18,REJECT,M2_FLOOR,M2_هبوط_تحت_40
BCG,2026-05-22,REJECT,M2_FLOOR,M2_هبوط_تحت_40
BCG,2026-06-16,REJECT,M2_FLOOR,M2_هبوط_تحت_40
BCG,2026-07-02,REJECT,M2_FLOOR,M2_هبوط_تحت_40
BCG,2026-07-17,REJECT,M2_FLOOR,M2_هبوط_تحت_40
BCG,2026-07-20,REJECT,M2_FLOOR,M2_هبوط_تحت_40
BCG,2026-07-27,REJECT,M2_FLOOR,M2_هبوط_تحت_40
BCG,2026-07-28,REJECT,M2_FLOOR,M2_هبوط_تحت_40
BCG,2026-07-31,REJECT,M2_FLOOR,M2_هبوط_تحت_40
BCG,2026-08-03,REJECT,M2_FLOOR,M2_هبوط_تحت_40
BCG,2026-08-06,REJECT,M2_FLOOR,M2_هبوط_تحت_40
BCG,2026-08-24,REJECT,M2_FLOOR,M2_هبوط_تحت_40
BCG,2026-09-04,REJECT,M2_FLOOR,M2_هبوط_تحت_40
BCG,2026-09-10,REJECT,M2_FLOOR,M2_هبوط_تحت_40
BCG,2026-09-14,REJECT,M2_FLOOR,M2_هبوط_تحت_40
BCG,2026-09-22,REJECT,M2_FLOOR,M2_هبوط_تحت_40
BCG,2026-09-23,REJECT,M2_FLOOR,M2_هبوط_تحت_40
BCG,2026-09-24,REJECT,M2_FLOOR,M2_هبوط_تحت_40
BCG,2026-09-25,REJECT,M2_FLOOR,M2_هبوط_تحت_40
BCG,2026-09-28,REJECT,M2_FLOOR,M2_هبوط_تحت_40
BCG,2026-10-05,REJECT,M2_FLOOR,M2_هبوط_تحت_40
BCTX,2025-08-04,REJECT,M3,M3_انفجار_تحت_60
BCTX,2026-01-22,REJECT,M4_RANGE,M4_base_واسعة
BCTX,2026-01-28,REJECT,M4_RANGE,M4_base_واسعة
BCTX,2026-03-30,PASS,,
BCTX,2026-04-06,PASS,,
BCTX,2026-04-13,REJECT,ANCHOR,M_لا_مستوى_مختبر
BCTX,2026-04-24,PASS,,
BCTX,2026-04-27,PASS,,
BCTX,2026-05-18,REJECT,ANCHOR,M_لا_مستوى_مختبر
BCTX,2026-05-22,REJECT,ANCHOR,M_لا_مستوى_مختبر
BCTX,2026-06-16,REJECT,ANCHOR,M_لا_مستوى_مختبر
BCTX,2026-07-02,REJECT,ANCHOR,M_لا_مستوى_مختبر
BCTX,2026-07-17,REJECT,ANCHOR,M_لا_مستوى_مختبر
BCTX,2026-07-20,REJECT,ANCHOR,M_لا_مستوى_مختبر
BCTX,2026-07-27,REJECT,ANCHOR,M_لا_مستوى_مختبر
BCTX,2026-07-28,REJECT,ANCHOR,M_لا_مستوى_مختبر
BCTX,2026-07-31,REJECT,ANCHOR,M_لا_مستوى_مختبر
BCTX,2026-08-03,REJECT,ANCHOR,M_لا_مستوى_مختبر
BCTX,2026-08-06,REJECT,ANCHOR,M_لا_مستوى_مختبر
BCTX,2026-08-24,REJECT,ANCHOR,M_لا_مستوى_مختبر
BCTX,2026-09-04,REJECT,ANCHOR,M_لا_مستوى_مختبر
BCTX,2026-09-10,REJECT,ANCHOR,M_لا_مستوى_مختبر
BCTX,2026-09-14,REJECT,ANCHOR,M_لا_مستوى_مختبر
BCTX,2026-09-22,REJECT,ANCHOR,M_لا_مستوى_مختبر
BCTX,2026-09-23,REJECT,ANCHOR,M_لا_مستوى_مختبر
BCTX,2026-09-24,REJECT,ANCHOR,M_لا_مستوى_مختبر
BCTX,2026-09-25,REJECT,M2_FLOOR,M2_هبوط_تحت_40
BCTX,2026-09-28,REJECT,M2_FLOOR,M2_هبوط_تحت_40
BCTX,2026-10-05,PASS,,
BEAT,2025-08-04,REJECT,M2_FLOOR,M2_هبوط_تحت_40
BEAT,2026-01-22,REJECT,M2_FLOOR,M2_هبوط_تحت_40
BEAT,2026-01-28,REJECT,M2_FLOOR,M2_هبوط_تحت_40
BEAT,2026-03-30,REJECT,M2_FLOOR,M2_هبوط_تحت_40
BEAT,2026-04-06,REJECT,M2_FLOOR,M2_هبوط_تحت_40
BEAT,2026-04-13,REJECT,M2_FLOOR,M2_هبوط_تحت_40
BEAT,2026-04-24,PASS,,
BEAT,2026-04-27,PASS,,
BEAT,2026-05-18,PASS,,
BEAT,2026-05-22,PASS,,
BEAT,2026-06-16,REJECT,ANCHOR,M_لا_مستوى_مختبر
BEAT,2026-07-02,REJECT,ANCHOR,M_لا_مستوى_مختبر
BEAT,2026-07-17,REJECT,ANCHOR,M_لا_مستوى_مختبر
BEAT,2026-07-20,REJECT,ANCHOR,M_لا_مستوى_مختبر
BEAT,2026-07-27,PASS,,
BEAT,2026-07-28,REJECT,ANCHOR,M_لا_مستوى_مختبر
BEAT,2026-07-31,REJECT,ANCHOR,M_لا_مستوى_مختبر
BEAT,2026-08-03,PASS,,
BEAT,2026-08-06,REJECT,ANCHOR,M_لا_مستوى_مختبر
BEAT,2026-08-24,REJECT,ANCHOR,M_لا_مستوى_مختبر
BEAT,2026-09-04,REJECT,ANCHOR,M_لا_مستوى_مختبر
BEAT,2026-09-10,REJECT,ANCHOR,M_لا_مستوى_مختبر
BEAT,2026-09-14,REJECT,ANCHOR,M_لا_مستوى_مختبر
BEAT,2026-09-22,REJECT,ANCHOR,M_لا_مستوى_مختبر
BEAT,2026-09-23,REJECT,ANCHOR,M_لا_مستوى_مختبر
BEAT,2026-09-24,REJECT,M1,M1_سعر
BEAT,2026-09-25,REJECT,M1,M1_سعر
BEAT,2026-09-28,REJECT,M1,M1_سعر
BEAT,2026-10-05,PASS,,
BENF,2025-08-04,REJECT,M2_FLOOR,M2_هبوط_تحت_40
BENF,2026-01-22,REJECT,M2_FLOOR,M2_هبوط_تحت_40
BENF,2026-01-28,REJECT,M2_FLOOR,M2_هبوط_تحت_40
BENF,2026-02-20,REJECT,ANCHOR,M_لا_مستوى_مختبر
BENF,2026-02-23,REJECT,M2_FLOOR,M2_هبوط_تحت_40
BENF,2026-02-24,REJECT,M2_FLOOR,M2_هبوط_تحت_40
BENF,2026-02-25,REJECT,M2_FLOOR,M2_هبوط_تحت_40
BENF,2026-02-26,REJECT,M2_FLOOR,M2_هبوط_تحت_40
BENF,2026-02-27,REJECT,M2_FLOOR,M2_هبوط_تحت_40
BENF,2026-03-02,REJECT,M2_FLOOR,M2_هبوط_تحت_40
BENF,2026-03-03,REJECT,M2_FLOOR,M2_هبوط_تحت_40
BENF,2026-03-04,REJECT,M2_FLOOR,M2_هبوط_تحت_40
BENF,2026-03-05,REJECT,M2_FLOOR,M2_هبوط_تحت_40
BENF,2026-03-06,REJECT,M2_FLOOR,M2_هبوط_تحت_40
BENF,2026-03-09,REJECT,M2_FLOOR,M2_هبوط_تحت_40
BENF,2026-03-10,REJECT,M2_FLOOR,M2_هبوط_تحت_40
BENF,2026-03-11,REJECT,M2_FLOOR,M2_هبوط_تحت_40
BENF,2026-03-12,REJECT,M2_FLOOR,M2_هبوط_تحت_40
BENF,2026-03-13,REJECT,M2_FLOOR,M2_هبوط_تحت_40
BENF,2026-03-16,REJECT,M2_FLOOR,M2_هبوط_تحت_40
BENF,2026-03-17,REJECT,M2_FLOOR,M2_هبوط_تحت_40
BENF,2026-03-18,REJECT,M2_FLOOR,M2_هبوط_تحت_40
BENF,2026-03-19,REJECT,ANCHOR,M_لا_مستوى_مختبر
BENF,2026-03-20,REJECT,M2_FLOOR,M2_هبوط_تحت_40
BENF,2026-03-23,REJECT,M2_FLOOR,M2_هبوط_تحت_40
BENF,2026-03-24,REJECT,M2_FLOOR,M2_هبوط_تحت_40
BENF,2026-03-25,REJECT,M2_FLOOR,M2_هبوط_تحت_40
BENF,2026-03-26,REJECT,M2_FLOOR,M2_هبوط_تحت_40
BENF,2026-03-27,REJECT,ANCHOR,M_لا_مستوى_مختبر
BENF,2026-03-30,REJECT,ANCHOR,M_لا_مستوى_مختبر
BENF,2026-04-06,PASS,,
BENF,2026-04-13,REJECT,M2_FLOOR,M2_هبوط_تحت_40
BENF,2026-04-24,REJECT,ANCHOR,M_لا_مستوى_مختبر
BENF,2026-04-27,REJECT,ANCHOR,M_لا_مستوى_مختبر
BENF,2026-05-18,REJECT,M2_FLOOR,M2_هبوط_تحت_40
BENF,2026-05-22,REJECT,ANCHOR,M_لا_مستوى_مختبر
BENF,2026-06-16,PASS,,
BENF,2026-07-02,REJECT,M2_FLOOR,M2_هبوط_تحت_40
BENF,2026-07-17,REJECT,ANCHOR,M_لا_مستوى_مختبر
BENF,2026-07-20,REJECT,ANCHOR,M_لا_مستوى_مختبر
BENF,2026-07-27,REJECT,ANCHOR,M_لا_مستوى_مختبر
BENF,2026-07-28,REJECT,ANCHOR,M_لا_مستوى_مختبر
BENF,2026-07-31,REJECT,ANCHOR,M_لا_مستوى_مختبر
BENF,2026-08-03,REJECT,ANCHOR,M_لا_مستوى_مختبر
BENF,2026-08-06,REJECT,ANCHOR,M_لا_مستوى_مختبر
BENF,2026-08-24,PASS,,
BENF,2026-09-04,REJECT,ANCHOR,M_لا_مستوى_مختبر
BENF,2026-09-10,REJECT,ANCHOR,M_لا_مستوى_مختبر
BENF,2026-09-14,REJECT,M4_RANGE,M4_base_واسعة
BENF,2026-09-22,REJECT,M4_RANGE,M4_base_واسعة
BENF,2026-09-23,REJECT,M4_RANGE,M4_base_واسعة
BENF,2026-09-24,REJECT,M4_RANGE,M4_base_واسعة
BENF,2026-09-25,REJECT,M4_RANGE,M4_base_واسعة
BENF,2026-09-28,REJECT,M4_RANGE,M4_base_واسعة
BENF,2026-10-05,REJECT,M4_RANGE,M4_base_واسعة
BFRG,2025-08-04,REJECT,ANCHOR,M_لا_مستوى_مختبر
BFRG,2026-01-22,PASS,,
BFRG,2026-01-28,PASS,,
BFRG,2026-03-30,REJECT,ANCHOR,M_لا_مستوى_مختبر
BFRG,2026-04-06,REJECT,M2_FLOOR,M2_هبوط_تحت_40
BFRG,2026-04-13,REJECT,M2_FLOOR,M2_هبوط_تحت_40
BFRG,2026-04-24,REJECT,M2_FLOOR,M2_هبوط_تحت_40
BFRG,2026-04-27,REJECT,M2_FLOOR,M2_هبوط_تحت_40
BFRG,2026-05-18,REJECT,M2_FLOOR,M2_هبوط_تحت_40
BFRG,2026-05-22,REJECT,M2_FLOOR,M2_هبوط_تحت_40
BFRG,2026-06-16,REJECT,M2_FLOOR,M2_هبوط_تحت_40
BFRG,2026-07-02,REJECT,M2_FLOOR,M2_هبوط_تحت_40
BFRG,2026-07-17,REJECT,M2_FLOOR,M2_هبوط_تحت_40
BFRG,2026-07-20,REJECT,M2_FLOOR,M2_هبوط_تحت_40
BFRG,2026-07-27,REJECT,M2_FLOOR,M2_هبوط_تحت_40
BFRG,2026-07-28,REJECT,M2_FLOOR,M2_هبوط_تحت_40
BFRG,2026-07-31,REJECT,ANCHOR,M_لا_مستوى_مختبر
BFRG,2026-08-03,REJECT,ANCHOR,M_لا_مستوى_مختبر
BFRG,2026-08-06,REJECT,M2_FLOOR,M2_هبوط_تحت_40
BFRG,2026-08-24,REJECT,M2_FLOOR,M2_هبوط_تحت_40
BFRG,2026-09-04,REJECT,ANCHOR,M_لا_مستوى_مختبر
BFRG,2026-09-10,PASS,,
BFRG,2026-09-14,REJECT,ANCHOR,M_لا_مستوى_مختبر
BFRG,2026-09-22,REJECT,ANCHOR,M_لا_مستوى_مختبر
BFRG,2026-09-23,REJECT,M2_FLOOR,M2_هبوط_تحت_40
BFRG,2026-09-24,REJECT,M2_FLOOR,M2_هبوط_تحت_40
BFRG,2026-09-25,REJECT,M2_FLOOR,M2_هبوط_تحت_40
BFRG,2026-09-28,REJECT,M2_FLOOR,M2_هبوط_تحت_40
BFRG,2026-10-05,REJECT,M2_FLOOR,M2_هبوط_تحت_40
BGMS,2025-08-04,REJECT,M4_RANGE,M4_base_واسعة
BGMS,2026-01-22,PASS,,
BGMS,2026-01-28,PASS,,
BGMS,2026-03-16,REJECT,ANCHOR,M_لا_مستوى_مختبر
BGMS,2026-03-17,REJECT,ANCHOR,M_لا_مستوى_مختبر
BGMS,2026-03-18,REJECT,ANCHOR,M_لا_مستوى_مختبر
BGMS,2026-03-19,REJECT,ANCHOR,M_لا_مستوى_مختبر
BGMS,2026-03-20,REJECT,ANCHOR,M_لا_مستوى_مختبر
BGMS,2026-03-23,REJECT,ANCHOR,M_لا_مستوى_مختبر
BGMS,2026-03-24,REJECT,ANCHOR,M_لا_مستوى_مختبر
BGMS,2026-03-25,REJECT,ANCHOR,M_لا_مستوى_مختبر
BGMS,2026-03-26,REJECT,ANCHOR,M_لا_مستوى_مختبر
BGMS,2026-03-27,REJECT,ANCHOR,M_لا_مستوى_مختبر
BGMS,2026-03-30,REJECT,ANCHOR,M_لا_مستوى_مختبر
BGMS,2026-04-06,REJECT,ANCHOR,M_لا_مستوى_مختبر
BGMS,2026-04-13,REJECT,ANCHOR,M_لا_مستوى_مختبر
BGMS,2026-04-24,REJECT,ANCHOR,M_لا_مستوى_مختبر
BGMS,2026-04-27,REJECT,ANCHOR,M_لا_مستوى_مختبر
BGMS,2026-05-18,PASS,,
BGMS,2026-05-22,PASS,,
BGMS,2026-06-16,REJECT,M4_RANGE,M4_base_واسعة
BGMS,2026-07-02,REJECT,ANCHOR,M_لا_مستوى_مختبر
BGMS,2026-07-17,REJECT,ANCHOR,M_لا_مستوى_مختبر
BGMS,2026-07-20,REJECT,ANCHOR,M_لا_مستوى_مختبر
BGMS,2026-07-27,REJECT,ANCHOR,M_لا_مستوى_مختبر
BGMS,2026-07-28,REJECT,ANCHOR,M_لا_مستوى_مختبر
BGMS,2026-07-31,REJECT,ANCHOR,M_لا_مستوى_مختبر
BGMS,2026-08-03,REJECT,ANCHOR,M_لا_مستوى_مختبر
BGMS,2026-08-06,REJECT,ANCHOR,M_لا_مستوى_مختبر
BGMS,2026-08-24,PASS,,
BGMS,2026-09-04,REJECT,M5,M5_سيولة
BGMS,2026-09-10,REJECT,M5,M5_سيولة
BGMS,2026-09-14,REJECT,M5,M5_سيولة
BGMS,2026-09-22,REJECT,ANCHOR,M_لا_مستوى_مختبر
BGMS,2026-09-23,REJECT,ANCHOR,M_لا_مستوى_مختبر
BGMS,2026-09-24,REJECT,ANCHOR,M_لا_مستوى_مختبر
BGMS,2026-09-25,REJECT,ANCHOR,M_لا_مستوى_مختبر
BGMS,2026-09-28,REJECT,ANCHOR,M_لا_مستوى_مختبر
BGMS,2026-10-05,REJECT,ANCHOR,M_لا_مستوى_مختبر
BIAF,2025-08-04,REJECT,ANCHOR,M_لا_مستوى_مختبر
BIAF,2026-01-22,REJECT,ANCHOR,M_لا_مستوى_مختبر
BIAF,2026-01-28,REJECT,ANCHOR,M_لا_مستوى_مختبر
BIAF,2026-03-06,REJECT,ANCHOR,M_لا_مستوى_مختبر
BIAF,2026-03-09,REJECT,ANCHOR,M_لا_مستوى_مختبر
BIAF,2026-03-10,REJECT,ANCHOR,M_لا_مستوى_مختبر
BIAF,2026-03-11,REJECT,ANCHOR,M_لا_مستوى_مختبر
BIAF,2026-03-12,REJECT,ANCHOR,M_لا_مستوى_مختبر
BIAF,2026-03-13,REJECT,ANCHOR,M_لا_مستوى_مختبر
BIAF,2026-03-16,REJECT,M4_RANGE,M4_base_واسعة
BIAF,2026-03-17,REJECT,M4_RANGE,M4_base_واسعة
BIAF,2026-03-18,REJECT,M4_RANGE,M4_base_واسعة
BIAF,2026-03-19,REJECT,M4_RANGE,M4_base_واسعة
BIAF,2026-03-20,REJECT,M4_RANGE,M4_base_واسعة
BIAF,2026-03-23,REJECT,M4_RANGE,M4_base_واسعة
BIAF,2026-03-24,REJECT,M4_RANGE,M4_base_واسعة
BIAF,2026-03-25,REJECT,M4_RANGE,M4_base_واسعة
BIAF,2026-03-26,REJECT,M4_RANGE,M4_base_واسعة
BIAF,2026-03-27,REJECT,M4_RANGE,M4_base_واسعة
BIAF,2026-03-30,REJECT,M4_RANGE,M4_base_واسعة
BIAF,2026-03-31,REJECT,M4_RANGE,M4_base_واسعة
BIAF,2026-04-01,REJECT,M4_RANGE,M4_base_واسعة
BIAF,2026-04-02,REJECT,M4_RANGE,M4_base_واسعة
BIAF,2026-04-06,REJECT,M4_RANGE,M4_base_واسعة
BIAF,2026-04-07,REJECT,M4_RANGE,M4_base_واسعة
BIAF,2026-04-08,REJECT,M4_RANGE,M4_base_واسعة
BIAF,2026-04-09,REJECT,M4_RANGE,M4_base_واسعة
BIAF,2026-04-10,REJECT,M4_RANGE,M4_base_واسعة
BIAF,2026-04-13,REJECT,ANCHOR,M_لا_مستوى_مختبر
BIAF,2026-04-14,REJECT,ANCHOR,M_لا_مستوى_مختبر
BIAF,2026-04-15,REJECT,ANCHOR,M_لا_مستوى_مختبر
BIAF,2026-04-16,REJECT,ANCHOR,M_لا_مستوى_مختبر
BIAF,2026-04-17,REJECT,ANCHOR,M_لا_مستوى_مختبر
BIAF,2026-04-20,REJECT,ANCHOR,M_لا_مستوى_مختبر
BIAF,2026-04-21,REJECT,ANCHOR,M_لا_مستوى_مختبر
BIAF,2026-04-22,REJECT,ANCHOR,M_لا_مستوى_مختبر
BIAF,2026-04-23,REJECT,ANCHOR,M_لا_مستوى_مختبر
BIAF,2026-04-24,REJECT,ANCHOR,M_لا_مستوى_مختبر
BIAF,2026-04-27,REJECT,ANCHOR,M_لا_مستوى_مختبر
BIAF,2026-05-18,REJECT,ANCHOR,M_لا_مستوى_مختبر
BIAF,2026-05-22,REJECT,ANCHOR,M_لا_مستوى_مختبر
BIAF,2026-06-16,REJECT,ANCHOR,M_لا_مستوى_مختبر
BIAF,2026-07-02,REJECT,ANCHOR,M_لا_مستوى_مختبر
BIAF,2026-07-17,REJECT,ANCHOR,M_لا_مستوى_مختبر
BIAF,2026-07-20,REJECT,ANCHOR,M_لا_مستوى_مختبر
BIAF,2026-07-27,REJECT,ANCHOR,M_لا_مستوى_مختبر
BIAF,2026-07-28,REJECT,ANCHOR,M_لا_مستوى_مختبر
BIAF,2026-07-31,REJECT,ANCHOR,M_لا_مستوى_مختبر
BIAF,2026-08-03,REJECT,ANCHOR,M_لا_مستوى_مختبر
BIAF,2026-08-06,REJECT,ANCHOR,M_لا_مستوى_مختبر
BIAF,2026-08-14,REJECT,ANCHOR,M_لا_مستوى_مختبر
BIAF,2026-08-17,REJECT,ANCHOR,M_لا_مستوى_مختبر
BIAF,2026-08-18,REJECT,ANCHOR,M_لا_مستوى_مختبر
BIAF,2026-08-19,REJECT,ANCHOR,M_لا_مستوى_مختبر
BIAF,2026-08-20,REJECT,ANCHOR,M_لا_مستوى_مختبر
BIAF,2026-08-21,REJECT,ANCHOR,M_لا_مستوى_مختبر
BIAF,2026-08-24,REJECT,ANCHOR,M_لا_مستوى_مختبر
BIAF,2026-09-04,REJECT,M4_RANGE,M4_base_واسعة
BIAF,2026-09-10,REJECT,M4_RANGE,M4_base_واسعة
BIAF,2026-09-14,REJECT,M4_RANGE,M4_base_واسعة
BIAF,2026-09-22,REJECT,M4_RANGE,M4_base_واسعة
BIAF,2026-09-23,REJECT,M4_RANGE,M4_base_واسعة
BIAF,2026-09-24,REJECT,M4_RANGE,M4_base_واسعة
BIAF,2026-09-25,REJECT,M4_RANGE,M4_base_واسعة
BIAF,2026-09-28,REJECT,M4_RANGE,M4_base_واسعة
BIAF,2026-10-05,REJECT,M4_RANGE,M4_base_واسعة
BIRD,2025-08-04,REJECT,M2_FLOOR,M2_هبوط_تحت_40
BIRD,2026-01-22,REJECT,M2_FLOOR,M2_هبوط_تحت_40
BIRD,2026-01-28,REJECT,M2_FLOOR,M2_هبوط_تحت_40
BIRD,2026-03-30,REJECT,ANCHOR,M_لا_مستوى_مختبر
BIRD,2026-04-06,REJECT,ANCHOR,M_لا_مستوى_مختبر
BIRD,2026-04-13,REJECT,ANCHOR,M_لا_مستوى_مختبر
BIRD,2026-04-24,REJECT,M2_FLOOR,M2_هبوط_تحت_40
BIRD,2026-04-27,REJECT,M2_FLOOR,M2_هبوط_تحت_40
BIRD,2026-05-18,REJECT,ANCHOR,M_لا_مستوى_مختبر
BIRD,2026-05-22,REJECT,ANCHOR,M_لا_مستوى_مختبر
BIRD,2026-06-16,REJECT,ANCHOR,M_لا_مستوى_مختبر
BIRD,2026-07-02,REJECT,ANCHOR,M_لا_مستوى_مختبر
BIRD,2026-07-17,PASS,,
BIRD,2026-07-20,REJECT,ANCHOR,M_لا_مستوى_مختبر
BIRD,2026-07-27,REJECT,ANCHOR,M_لا_مستوى_مختبر
BIRD,2026-07-28,REJECT,ANCHOR,M_لا_مستوى_مختبر
BIRD,2026-07-31,REJECT,ANCHOR,M_لا_مستوى_مختبر
BIRD,2026-08-03,REJECT,ANCHOR,M_لا_مستوى_مختبر
BIRD,2026-08-06,PASS,,
BIRD,2026-08-24,PASS,,
BIRD,2026-09-04,PASS,,
BIRD,2026-09-10,PASS,,
BIRD,2026-09-14,PASS,,
BIRD,2026-09-22,PASS,,
BIRD,2026-09-23,PASS,,
BIRD,2026-09-24,PASS,,
BIRD,2026-09-25,PASS,,
BIRD,2026-09-28,PASS,,
BIRD,2026-10-05,REJECT,RSI_NOW,M10_RSI_فات_القطار
BNC,2025-08-04,REJECT,M3,M3_انفجار_تحت_60
BNC,2026-01-22,REJECT,ANCHOR,M_لا_مستوى_مختبر
BNC,2026-01-28,REJECT,ANCHOR,M_لا_مستوى_مختبر
BNC,2026-03-30,REJECT,ANCHOR,M_لا_مستوى_مختبر
BNC,2026-04-06,REJECT,ANCHOR,M_لا_مستوى_مختبر
BNC,2026-04-13,REJECT,ANCHOR,M_لا_مستوى_مختبر
BNC,2026-04-24,REJECT,ANCHOR,M_لا_مستوى_مختبر
BNC,2026-04-27,REJECT,ANCHOR,M_لا_مستوى_مختبر
BNC,2026-05-18,REJECT,ANCHOR,M_لا_مستوى_مختبر
BNC,2026-05-22,PASS,,
BNC,2026-06-16,REJECT,ANCHOR,M_لا_مستوى_مختبر
BNC,2026-07-02,REJECT,ANCHOR,M_لا_مستوى_مختبر
BNC,2026-07-17,REJECT,ANCHOR,M_لا_مستوى_مختبر
BNC,2026-07-20,REJECT,ANCHOR,M_لا_مستوى_مختبر
BNC,2026-07-27,REJECT,ANCHOR,M_لا_مستوى_مختبر
BNC,2026-07-28,PASS,,
BNC,2026-07-31,REJECT,ANCHOR,M_لا_مستوى_مختبر
BNC,2026-08-03,REJECT,ANCHOR,M_لا_مستوى_مختبر
BNC,2026-08-06,REJECT,ANCHOR,M_لا_مستوى_مختبر
BNC,2026-08-24,REJECT,ANCHOR,M_لا_مستوى_مختبر
BNC,2026-09-04,REJECT,ANCHOR,M_لا_مستوى_مختبر
BNC,2026-09-10,REJECT,M4_RANGE,M4_base_واسعة
BNC,2026-09-14,REJECT,ANCHOR,M_لا_مستوى_مختبر
BNC,2026-09-22,REJECT,M2_FLOOR,M2_هبوط_تحت_40
BNC,2026-09-23,REJECT,M2_FLOOR,M2_هبوط_تحت_40
BNC,2026-09-24,REJECT,M2_FLOOR,M2_هبوط_تحت_40
BNC,2026-09-25,REJECT,M2_FLOOR,M2_هبوط_تحت_40
BNC,2026-09-28,REJECT,M2_FLOOR,M2_هبوط_تحت_40
BNC,2026-10-05,REJECT,M2_FLOOR,M2_هبوط_تحت_40
BNR,2025-08-04,REJECT,M2_FLOOR,M2_هبوط_تحت_40
BNR,2026-01-22,REJECT,M2_FLOOR,M2_هبوط_تحت_40
BNR,2026-01-28,REJECT,M2_FLOOR,M2_هبوط_تحت_40
BNR,2026-03-30,REJECT,M2_FLOOR,M2_هبوط_تحت_40
BNR,2026-04-06,REJECT,M2_FLOOR,M2_هبوط_تحت_40
BNR,2026-04-13,REJECT,M2_FLOOR,M2_هبوط_تحت_40
BNR,2026-04-24,REJECT,M2_FLOOR,M2_هبوط_تحت_40
BNR,2026-04-27,REJECT,M2_FLOOR,M2_هبوط_تحت_40
BNR,2026-05-18,REJECT,M2_FLOOR,M2_هبوط_تحت_40
BNR,2026-05-22,REJECT,M2_FLOOR,M2_هبوط_تحت_40
BNR,2026-06-16,REJECT,ANCHOR,M_لا_مستوى_مختبر
BNR,2026-07-02,REJECT,ANCHOR,M_لا_مستوى_مختبر
BNR,2026-07-17,REJECT,ANCHOR,M_لا_مستوى_مختبر
BNR,2026-07-20,REJECT,ANCHOR,M_لا_مستوى_مختبر
BNR,2026-07-27,REJECT,ANCHOR,M_لا_مستوى_مختبر
BNR,2026-07-28,REJECT,ANCHOR,M_لا_مستوى_مختبر
BNR,2026-07-31,REJECT,ANCHOR,M_لا_مستوى_مختبر
BNR,2026-08-03,REJECT,ANCHOR,M_لا_مستوى_مختبر
BNR,2026-08-06,REJECT,ANCHOR,M_لا_مستوى_مختبر
BNR,2026-08-24,PASS,,
BNR,2026-09-04,PASS,,
BNR,2026-09-10,REJECT,M2_FLOOR,M2_هبوط_تحت_40
BNR,2026-09-14,REJECT,M2_FLOOR,M2_هبوط_تحت_40
BNR,2026-09-22,REJECT,M2_FLOOR,M2_هبوط_تحت_40
BNR,2026-09-23,REJECT,M2_FLOOR,M2_هبوط_تحت_40
BNR,2026-09-24,REJECT,M2_FLOOR,M2_هبوط_تحت_40
BNR,2026-09-25,REJECT,M2_FLOOR,M2_هبوط_تحت_40
BNR,2026-09-28,REJECT,M2_FLOOR,M2_هبوط_تحت_40
BNR,2026-10-05,REJECT,M2_FLOOR,M2_هبوط_تحت_40
BRLS,2025-08-04,REJECT,M2_FLOOR,M2_هبوط_تحت_40
BRLS,2026-01-22,REJECT,M4_RANGE,M4_base_واسعة
BRLS,2026-01-28,PASS,,
BRLS,2026-03-30,REJECT,ANCHOR,M_لا_مستوى_مختبر
BRLS,2026-04-06,REJECT,ANCHOR,M_لا_مستوى_مختبر
BRLS,2026-04-13,REJECT,ANCHOR,M_لا_مستوى_مختبر
BRLS,2026-04-24,REJECT,ANCHOR,M_لا_مستوى_مختبر
BRLS,2026-04-27,REJECT,ANCHOR,M_لا_مستوى_مختبر
BRLS,2026-05-18,REJECT,M4_RANGE,M4_base_واسعة
BRLS,2026-05-22,PASS,,
BRLS,2026-06-16,REJECT,M5,M5_سيولة
BRLS,2026-07-02,REJECT,M2_FLOOR,M2_هبوط_تحت_40
BRLS,2026-07-17,REJECT,M4_RANGE,M4_base_واسعة
BRLS,2026-07-20,REJECT,M4_RANGE,M4_base_واسعة
BRLS,2026-07-27,REJECT,ANCHOR,M_لا_مستوى_مختبر
BRLS,2026-07-28,REJECT,ANCHOR,M_لا_مستوى_مختبر
BRLS,2026-07-31,REJECT,ANCHOR,M_لا_مستوى_مختبر
BRLS,2026-08-03,REJECT,ANCHOR,M_لا_مستوى_مختبر
BRLS,2026-08-06,REJECT,ANCHOR,M_لا_مستوى_مختبر
BRLS,2026-08-24,REJECT,M2_FLOOR,M2_هبوط_تحت_40
BRLS,2026-09-04,REJECT,M4_RANGE,M4_base_واسعة
BRLS,2026-09-10,REJECT,M4_RANGE,M4_base_واسعة
BRLS,2026-09-14,REJECT,ANCHOR,M_لا_مستوى_مختبر
BRLS,2026-09-22,REJECT,ANCHOR,M_لا_مستوى_مختبر
BRLS,2026-09-23,REJECT,ANCHOR,M_لا_مستوى_مختبر
BRLS,2026-09-24,REJECT,ANCHOR,M_لا_مستوى_مختبر
BRLS,2026-09-25,REJECT,ANCHOR,M_لا_مستوى_مختبر
BRLS,2026-09-28,REJECT,ANCHOR,M_لا_مستوى_مختبر
BRLS,2026-10-05,REJECT,ANCHOR,M_لا_مستوى_مختبر
BTCS,2025-08-04,REJECT,M2_FLOOR,M2_هبوط_تحت_40
BTCS,2026-01-22,REJECT,M2_FLOOR,M2_هبوط_تحت_40
BTCS,2026-01-28,REJECT,M2_FLOOR,M2_هبوط_تحت_40
BTCS,2026-03-30,REJECT,ANCHOR,M_لا_مستوى_مختبر
BTCS,2026-04-06,REJECT,ANCHOR,M_لا_مستوى_مختبر
BTCS,2026-04-13,REJECT,ANCHOR,M_لا_مستوى_مختبر
BTCS,2026-04-24,REJECT,ANCHOR,M_لا_مستوى_مختبر
BTCS,2026-04-27,REJECT,ANCHOR,M_لا_مستوى_مختبر
BTCS,2026-05-18,REJECT,ANCHOR,M_لا_مستوى_مختبر
BTCS,2026-05-22,REJECT,ANCHOR,M_لا_مستوى_مختبر
BTCS,2026-06-16,REJECT,ANCHOR,M_لا_مستوى_مختبر
BTCS,2026-07-02,REJECT,ANCHOR,M_لا_مستوى_مختبر
BTCS,2026-07-17,PASS,,
BTCS,2026-07-20,REJECT,ANCHOR,M_لا_مستوى_مختبر
BTCS,2026-07-27,PASS,,
BTCS,2026-07-28,PASS,,
BTCS,2026-07-31,PASS,,
BTCS,2026-08-03,PASS,,
BTCS,2026-08-06,PASS,,
BTCS,2026-08-24,PASS,,
BTCS,2026-09-04,PASS,,
BTCS,2026-09-10,PASS,,
BTCS,2026-09-14,REJECT,ANCHOR,M_لا_مستوى_مختبر
BTCS,2026-09-22,PASS,,
BTCS,2026-09-23,PASS,,
BTCS,2026-09-24,PASS,,
BTCS,2026-09-25,PASS,,
BTCS,2026-09-28,PASS,,
BTCS,2026-10-05,REJECT,ANCHOR,M_لا_مستوى_مختبر
BTCT,2025-08-04,REJECT,ANCHOR,M_لا_مستوى_مختبر
BTCT,2026-01-22,REJECT,ANCHOR,M_لا_مستوى_مختبر
BTCT,2026-01-28,REJECT,ANCHOR,M_لا_مستوى_مختبر
BTCT,2026-03-30,REJECT,ANCHOR,M_لا_مستوى_مختبر
BTCT,2026-04-06,REJECT,ANCHOR,M_لا_مستوى_مختبر
BTCT,2026-04-13,REJECT,ANCHOR,M_لا_مستوى_مختبر
BTCT,2026-04-24,REJECT,ANCHOR,M_لا_مستوى_مختبر
BTCT,2026-04-27,REJECT,ANCHOR,M_لا_مستوى_مختبر
BTCT,2026-05-18,PASS,,
BTCT,2026-05-22,PASS,,
BTCT,2026-06-16,REJECT,M2_FLOOR,M2_هبوط_تحت_40
BTCT,2026-06-30,REJECT,M4_RANGE,M4_base_واسعة
BTCT,2026-07-01,REJECT,M4_RANGE,M4_base_واسعة
BTCT,2026-07-02,REJECT,M4_RANGE,M4_base_واسعة
BTCT,2026-07-06,REJECT,M4_RANGE,M4_base_واسعة
BTCT,2026-07-07,REJECT,M4_RANGE,M4_base_واسعة
BTCT,2026-07-08,REJECT,M4_RANGE,M4_base_واسعة
BTCT,2026-07-09,REJECT,M4_RANGE,M4_base_واسعة
BTCT,2026-07-10,REJECT,ANCHOR,M_لا_مستوى_مختبر
BTCT,2026-07-13,REJECT,ANCHOR,M_لا_مستوى_مختبر
BTCT,2026-07-14,REJECT,ANCHOR,M_لا_مستوى_مختبر
BTCT,2026-07-15,REJECT,ANCHOR,M_لا_مستوى_مختبر
BTCT,2026-07-16,REJECT,ANCHOR,M_لا_مستوى_مختبر
BTCT,2026-07-17,REJECT,ANCHOR,M_لا_مستوى_مختبر
BTCT,2026-07-20,REJECT,ANCHOR,M_لا_مستوى_مختبر
BTCT,2026-07-21,REJECT,ANCHOR,M_لا_مستوى_مختبر
BTCT,2026-07-22,REJECT,ANCHOR,M_لا_مستوى_مختبر
BTCT,2026-07-23,REJECT,ANCHOR,M_لا_مستوى_مختبر
BTCT,2026-07-24,REJECT,ANCHOR,M_لا_مستوى_مختبر
BTCT,2026-07-27,REJECT,ANCHOR,M_لا_مستوى_مختبر
BTCT,2026-07-28,REJECT,ANCHOR,M_لا_مستوى_مختبر
BTCT,2026-07-31,REJECT,ANCHOR,M_لا_مستوى_مختبر
BTCT,2026-08-03,REJECT,ANCHOR,M_لا_مستوى_مختبر
BTCT,2026-08-06,PASS,,
BTCT,2026-08-24,REJECT,M2_FLOOR,M2_هبوط_تحت_40
BTCT,2026-09-04,REJECT,M2_FLOOR,M2_هبوط_تحت_40
BTCT,2026-09-10,REJECT,M2_FLOOR,M2_هبوط_تحت_40
BTCT,2026-09-14,REJECT,M2_FLOOR,M2_هبوط_تحت_40
BTCT,2026-09-22,REJECT,M2_FLOOR,M2_هبوط_تحت_40
BTCT,2026-09-23,REJECT,M2_FLOOR,M2_هبوط_تحت_40
BTCT,2026-09-24,REJECT,M2_FLOOR,M2_هبوط_تحت_40
BTCT,2026-09-25,REJECT,M2_FLOOR,M2_هبوط_تحت_40
BTCT,2026-09-28,REJECT,M2_FLOOR,M2_هبوط_تحت_40
BTCT,2026-10-05,REJECT,M2_FLOOR,M2_هبوط_تحت_40
BTTC,2025-08-04,REJECT,M2_FLOOR,M2_هبوط_تحت_40
BTTC,2026-01-22,REJECT,ANCHOR,M_لا_مستوى_مختبر
BTTC,2026-01-28,REJECT,ANCHOR,M_لا_مستوى_مختبر
BTTC,2026-03-30,REJECT,ANCHOR,M_لا_مستوى_مختبر
BTTC,2026-04-06,REJECT,ANCHOR,M_لا_مستوى_مختبر
BTTC,2026-04-13,REJECT,ANCHOR,M_لا_مستوى_مختبر
BTTC,2026-04-24,REJECT,ANCHOR,M_لا_مستوى_مختبر
BTTC,2026-04-27,REJECT,ANCHOR,M_لا_مستوى_مختبر
BTTC,2026-05-18,PASS,,
BTTC,2026-05-21,REJECT,ANCHOR,M_لا_مستوى_مختبر
BTTC,2026-05-22,REJECT,ANCHOR,M_لا_مستوى_مختبر
BTTC,2026-06-16,PASS,,
BTTC,2026-07-02,REJECT,ANCHOR,M_لا_مستوى_مختبر
BTTC,2026-07-17,REJECT,ANCHOR,M_لا_مستوى_مختبر
BTTC,2026-07-20,REJECT,ANCHOR,M_لا_مستوى_مختبر
BTTC,2026-07-27,REJECT,ANCHOR,M_لا_مستوى_مختبر
BTTC,2026-07-28,REJECT,ANCHOR,M_لا_مستوى_مختبر
BTTC,2026-07-31,REJECT,ANCHOR,M_لا_مستوى_مختبر
BTTC,2026-08-03,REJECT,ANCHOR,M_لا_مستوى_مختبر
BTTC,2026-08-06,REJECT,ANCHOR,M_لا_مستوى_مختبر
BTTC,2026-08-24,REJECT,ANCHOR,M_لا_مستوى_مختبر
BTTC,2026-09-04,REJECT,ANCHOR,M_لا_مستوى_مختبر
BTTC,2026-09-10,REJECT,M1,M1_سعر
BTTC,2026-09-14,REJECT,M1,M1_سعر
BTTC,2026-09-22,REJECT,M4_RANGE,M4_base_واسعة
BTTC,2026-09-23,REJECT,M4_RANGE,M4_base_واسعة
BTTC,2026-09-24,REJECT,M4_RANGE,M4_base_واسعة
BTTC,2026-09-25,REJECT,M4_RANGE,M4_base_واسعة
BTTC,2026-09-28,REJECT,M4_RANGE,M4_base_واسعة
BTTC,2026-10-05,REJECT,M4_RANGE,M4_base_واسعة
CAN,2025-08-04,REJECT,M3,M3_انفجار_تحت_60
CAN,2026-01-22,REJECT,M2_FLOOR,M2_هبوط_تحت_40
CAN,2026-01-28,REJECT,M2_FLOOR,M2_هبوط_تحت_40
CAN,2026-03-30,REJECT,ANCHOR,M_لا_مستوى_مختبر
CAN,2026-04-06,REJECT,ANCHOR,M_لا_مستوى_مختبر
CAN,2026-04-13,REJECT,ANCHOR,M_لا_مستوى_مختبر
CAN,2026-04-24,REJECT,ANCHOR,M_لا_مستوى_مختبر
CAN,2026-04-27,REJECT,ANCHOR,M_لا_مستوى_مختبر
CAN,2026-05-18,REJECT,ANCHOR,M_لا_مستوى_مختبر
CAN,2026-05-22,PASS,,
CAN,2026-06-16,REJECT,M1,M1_سعر
CAN,2026-07-02,REJECT,M1,M1_سعر
CAN,2026-07-17,REJECT,M1,M1_سعر
CAN,2026-07-20,REJECT,M1,M1_سعر
CAN,2026-07-27,REJECT,M1,M1_سعر
CAN,2026-07-28,REJECT,M1,M1_سعر
CAN,2026-07-31,REJECT,M1,M1_سعر
CAN,2026-08-03,REJECT,M1,M1_سعر
CAN,2026-08-06,REJECT,M1,M1_سعر
CAN,2026-08-24,REJECT,M1,M1_سعر
CAN,2026-09-04,REJECT,M1,M1_سعر
CAN,2026-09-10,REJECT,M1,M1_سعر
CAN,2026-09-14,REJECT,M1,M1_سعر
CAN,2026-09-22,REJECT,ANCHOR,M_لا_مستوى_مختبر
CAN,2026-09-23,REJECT,ANCHOR,M_لا_مستوى_مختبر
CAN,2026-09-24,REJECT,M1,M1_سعر
CAN,2026-09-25,REJECT,M1,M1_سعر
CAN,2026-09-28,REJECT,M1,M1_سعر
CAN,2026-10-05,REJECT,M1,M1_سعر
CAPR,2025-08-04,REJECT,M2_FLOOR,M2_هبوط_تحت_40
CAPR,2026-01-22,REJECT,M2_FLOOR,M2_هبوط_تحت_40
CAPR,2026-01-28,REJECT,M2_FLOOR,M2_هبوط_تحت_40
CAPR,2026-03-30,REJECT,M2_FLOOR,M2_هبوط_تحت_40
CAPR,2026-04-06,REJECT,M2_FLOOR,M2_هبوط_تحت_40
CAPR,2026-04-13,REJECT,M2_FLOOR,M2_هبوط_تحت_40
CAPR,2026-04-24,REJECT,M2_FLOOR,M2_هبوط_تحت_40
CAPR,2026-04-27,REJECT,M2_FLOOR,M2_هبوط_تحت_40
CAPR,2026-05-18,REJECT,M2_FLOOR,M2_هبوط_تحت_40
CAPR,2026-05-22,REJECT,M2_FLOOR,M2_هبوط_تحت_40
CAPR,2026-06-16,REJECT,M2_FLOOR,M2_هبوط_تحت_40
CAPR,2026-07-02,REJECT,M2_FLOOR,M2_هبوط_تحت_40
CAPR,2026-07-17,REJECT,M2_FLOOR,M2_هبوط_تحت_40
CAPR,2026-07-20,REJECT,M2_FLOOR,M2_هبوط_تحت_40
CAPR,2026-07-27,REJECT,M2_FLOOR,M2_هبوط_تحت_40
CAPR,2026-07-28,REJECT,M4_RANGE,M4_base_واسعة
CAPR,2026-07-31,REJECT,M4_RANGE,M4_base_واسعة
CAPR,2026-08-03,REJECT,M4_RANGE,M4_base_واسعة
CAPR,2026-08-06,REJECT,M4_RANGE,M4_base_واسعة
CAPR,2026-08-24,REJECT,M4_RANGE,M4_base_واسعة
CAPR,2026-09-04,REJECT,ANCHOR,M_لا_مستوى_مختبر
CAPR,2026-09-10,REJECT,ANCHOR,M_لا_مستوى_مختبر
CAPR,2026-09-14,REJECT,ANCHOR,M_لا_مستوى_مختبر
CAPR,2026-09-22,REJECT,ANCHOR,M_لا_مستوى_مختبر
CAPR,2026-09-23,REJECT,ANCHOR,M_لا_مستوى_مختبر
CAPR,2026-09-24,REJECT,ANCHOR,M_لا_مستوى_مختبر
CAPR,2026-09-25,REJECT,ANCHOR,M_لا_مستوى_مختبر
CAPR,2026-09-28,PASS,,
CAPR,2026-10-05,REJECT,ANCHOR,M_لا_مستوى_مختبر
CCHH,2025-08-04,TOO_FEW_BARS,DEPTH,MIN_BARS
CELU,2025-08-04,REJECT,M2_FLOOR,M2_هبوط_تحت_40
CELU,2026-01-22,REJECT,M2_FLOOR,M2_هبوط_تحت_40
CELU,2026-01-28,REJECT,M2_FLOOR,M2_هبوط_تحت_40
CELU,2026-03-30,REJECT,ANCHOR,M_لا_مستوى_مختبر
CELU,2026-04-06,REJECT,M2_FLOOR,M2_هبوط_تحت_40
CELU,2026-04-13,REJECT,M2_FLOOR,M2_هبوط_تحت_40
CELU,2026-04-24,REJECT,ANCHOR,M_لا_مستوى_مختبر
CELU,2026-04-27,REJECT,ANCHOR,M_لا_مستوى_مختبر
CELU,2026-05-18,PASS,,
CELU,2026-05-22,PASS,,
CELU,2026-06-16,REJECT,ANCHOR,M_لا_مستوى_مختبر
CELU,2026-07-02,PASS,,
CELU,2026-07-17,PASS,,
CELU,2026-07-20,PASS,,
CELU,2026-07-27,PASS,,
CELU,2026-07-28,PASS,,
CELU,2026-07-31,PASS,,
CELU,2026-08-03,PASS,,
CELU,2026-08-06,PASS,,
CELU,2026-08-24,REJECT,ANCHOR,M_لا_مستوى_مختبر
CELU,2026-09-04,REJECT,M2_FLOOR,M2_هبوط_تحت_40
CELU,2026-09-10,REJECT,M2_FLOOR,M2_هبوط_تحت_40
CELU,2026-09-14,REJECT,M2_FLOOR,M2_هبوط_تحت_40
CELU,2026-09-22,REJECT,M2_FLOOR,M2_هبوط_تحت_40
CELU,2026-09-23,REJECT,M2_FLOOR,M2_هبوط_تحت_40
CELU,2026-09-24,REJECT,M2_FLOOR,M2_هبوط_تحت_40
CELU,2026-09-25,REJECT,M2_FLOOR,M2_هبوط_تحت_40
CELU,2026-09-28,REJECT,M2_FLOOR,M2_هبوط_تحت_40
CELU,2026-10-05,REJECT,M2_FLOOR,M2_هبوط_تحت_40
CLIK,2025-08-04,REJECT,ANCHOR,M_لا_مستوى_مختبر
CLIK,2026-01-22,PASS,,
CLIK,2026-01-28,REJECT,ANCHOR,M_لا_مستوى_مختبر
CLIK,2026-03-30,REJECT,M4_RANGE,M4_base_واسعة
CLIK,2026-04-06,REJECT,M4_RANGE,M4_base_واسعة
CLIK,2026-04-13,REJECT,M4_RANGE,M4_base_واسعة
CLIK,2026-04-24,REJECT,M4_RANGE,M4_base_واسعة
CLIK,2026-04-27,REJECT,M4_RANGE,M4_base_واسعة
CLIK,2026-05-18,REJECT,M4_RANGE,M4_base_واسعة
CLIK,2026-05-22,REJECT,M4_RANGE,M4_base_واسعة
CLIK,2026-06-16,REJECT,M4_RANGE,M4_base_واسعة
CLIK,2026-06-23,REJECT,M4_RANGE,M4_base_واسعة
CLIK,2026-06-24,REJECT,M4_RANGE,M4_base_واسعة
CLIK,2026-06-25,REJECT,M4_RANGE,M4_base_واسعة
CLIK,2026-06-26,REJECT,M4_RANGE,M4_base_واسعة
CLIK,2026-06-29,REJECT,M4_RANGE,M4_base_واسعة
CLIK,2026-06-30,REJECT,M4_RANGE,M4_base_واسعة
CLIK,2026-07-01,PASS,,
CLIK,2026-07-02,PASS,,
CLIK,2026-07-06,REJECT,ANCHOR,M_لا_مستوى_مختبر
CLIK,2026-07-07,REJECT,ANCHOR,M_لا_مستوى_مختبر
CLIK,2026-07-08,PASS,,
CLIK,2026-07-09,PASS,,
CLIK,2026-07-10,PASS,,
CLIK,2026-07-13,PASS,,
CLIK,2026-07-14,PASS,,
CLIK,2026-07-15,PASS,,
CLIK,2026-07-16,PASS,,
CLIK,2026-07-17,PASS,,
CLIK,2026-07-20,PASS,,
CLIK,2026-07-21,PASS,,
CLIK,2026-07-22,PASS,,
CLIK,2026-07-23,PASS,,
CLIK,2026-07-24,PASS,,
CLIK,2026-07-27,PASS,,
CLIK,2026-07-28,PASS,,
CLIK,2026-07-31,PASS,,
CLIK,2026-08-03,PASS,,
CLIK,2026-08-06,REJECT,ANCHOR,M_لا_مستوى_مختبر
CLIK,2026-08-24,PASS,,
CLIK,2026-09-04,PASS,,
CLIK,2026-09-10,REJECT,ANCHOR,M_لا_مستوى_مختبر
CLIK,2026-09-14,REJECT,ANCHOR,M_لا_مستوى_مختبر
CLIK,2026-09-15,REJECT,ANCHOR,M_لا_مستوى_مختبر
CLIK,2026-09-16,REJECT,ANCHOR,M_لا_مستوى_مختبر
CLIK,2026-09-17,REJECT,ANCHOR,M_لا_مستوى_مختبر
CLIK,2026-09-18,REJECT,ANCHOR,M_لا_مستوى_مختبر
CLIK,2026-09-21,REJECT,ANCHOR,M_لا_مستوى_مختبر
CLIK,2026-09-22,REJECT,ANCHOR,M_لا_مستوى_مختبر
CLIK,2026-09-23,REJECT,ANCHOR,M_لا_مستوى_مختبر
CLIK,2026-09-24,REJECT,ANCHOR,M_لا_مستوى_مختبر
CLIK,2026-09-25,REJECT,ANCHOR,M_لا_مستوى_مختبر
CLIK,2026-09-28,REJECT,ANCHOR,M_لا_مستوى_مختبر
CLIK,2026-10-05,REJECT,ANCHOR,M_لا_مستوى_مختبر
CNMD,2025-08-04,REJECT,M2_FLOOR,M2_هبوط_تحت_40
CNMD,2026-01-22,REJECT,M2_FLOOR,M2_هبوط_تحت_40
CNMD,2026-01-28,REJECT,M2_FLOOR,M2_هبوط_تحت_40
CNMD,2026-03-30,REJECT,M2_FLOOR,M2_هبوط_تحت_40
CNMD,2026-04-06,REJECT,M2_FLOOR,M2_هبوط_تحت_40
CNMD,2026-04-13,REJECT,M2_FLOOR,M2_هبوط_تحت_40
CNMD,2026-04-24,REJECT,M2_FLOOR,M2_هبوط_تحت_40
CNMD,2026-04-27,REJECT,M2_FLOOR,M2_هبوط_تحت_40
CNMD,2026-05-18,REJECT,M2_FLOOR,M2_هبوط_تحت_40
CNMD,2026-05-22,REJECT,M2_FLOOR,M2_هبوط_تحت_40
CNMD,2026-06-16,REJECT,M2_FLOOR,M2_هبوط_تحت_40
CNMD,2026-07-02,REJECT,M2_FLOOR,M2_هبوط_تحت_40
CNMD,2026-07-17,REJECT,M2_FLOOR,M2_هبوط_تحت_40
CNMD,2026-07-20,REJECT,M2_FLOOR,M2_هبوط_تحت_40
CNMD,2026-07-27,REJECT,M2_FLOOR,M2_هبوط_تحت_40
CNMD,2026-07-28,REJECT,M2_FLOOR,M2_هبوط_تحت_40
CNMD,2026-07-31,REJECT,M2_FLOOR,M2_هبوط_تحت_40
CNMD,2026-08-03,REJECT,M2_FLOOR,M2_هبوط_تحت_40
CNMD,2026-08-06,REJECT,M2_FLOOR,M2_هبوط_تحت_40
CNMD,2026-08-24,REJECT,M2_FLOOR,M2_هبوط_تحت_40
CNMD,2026-09-04,REJECT,M2_FLOOR,M2_هبوط_تحت_40
CNMD,2026-09-10,REJECT,M2_FLOOR,M2_هبوط_تحت_40
CNMD,2026-09-14,REJECT,M2_FLOOR,M2_هبوط_تحت_40
CNMD,2026-09-22,REJECT,M2_FLOOR,M2_هبوط_تحت_40
CNMD,2026-09-23,REJECT,M2_FLOOR,M2_هبوط_تحت_40
CNMD,2026-09-24,REJECT,M2_FLOOR,M2_هبوط_تحت_40
CNMD,2026-09-25,REJECT,M2_FLOOR,M2_هبوط_تحت_40
CNMD,2026-09-28,REJECT,M2_FLOOR,M2_هبوط_تحت_40
CNMD,2026-10-05,REJECT,M2_FLOOR,M2_هبوط_تحت_40
CNSP,2025-08-04,REJECT,M3,M3_انفجار_تحت_60
CNSP,2026-01-22,PASS,,
CNSP,2026-01-28,PASS,,
CNSP,2026-03-19,REJECT,ANCHOR,M_لا_مستوى_مختبر
CNSP,2026-03-20,REJECT,ANCHOR,M_لا_مستوى_مختبر
CNSP,2026-03-23,REJECT,ANCHOR,M_لا_مستوى_مختبر
CNSP,2026-03-24,REJECT,ANCHOR,M_لا_مستوى_مختبر
CNSP,2026-03-25,REJECT,ANCHOR,M_لا_مستوى_مختبر
CNSP,2026-03-26,REJECT,ANCHOR,M_لا_مستوى_مختبر
CNSP,2026-03-27,REJECT,ANCHOR,M_لا_مستوى_مختبر
CNSP,2026-03-30,REJECT,ANCHOR,M_لا_مستوى_مختبر
CNSP,2026-04-06,REJECT,ANCHOR,M_لا_مستوى_مختبر
CNSP,2026-04-13,PASS,,
CNSP,2026-04-24,REJECT,ANCHOR,M_لا_مستوى_مختبر
CNSP,2026-04-27,REJECT,ANCHOR,M_لا_مستوى_مختبر
CNSP,2026-05-18,REJECT,M2_FLOOR,M2_هبوط_تحت_40
CNSP,2026-05-22,REJECT,M2_FLOOR,M2_هبوط_تحت_40
CNSP,2026-06-16,REJECT,M2_FLOOR,M2_هبوط_تحت_40
CNSP,2026-07-02,REJECT,M2_FLOOR,M2_هبوط_تحت_40
CNSP,2026-07-17,REJECT,M2_FLOOR,M2_هبوط_تحت_40
CNSP,2026-07-20,REJECT,M2_FLOOR,M2_هبوط_تحت_40
CNSP,2026-07-27,REJECT,M2_FLOOR,M2_هبوط_تحت_40
CNSP,2026-07-28,REJECT,M2_FLOOR,M2_هبوط_تحت_40
CNSP,2026-07-31,REJECT,M2_FLOOR,M2_هبوط_تحت_40
CNSP,2026-08-03,REJECT,M2_FLOOR,M2_هبوط_تحت_40
CNSP,2026-08-06,REJECT,M2_FLOOR,M2_هبوط_تحت_40
CNSP,2026-08-24,REJECT,M2_FLOOR,M2_هبوط_تحت_40
CNSP,2026-09-04,REJECT,M2_FLOOR,M2_هبوط_تحت_40
CNSP,2026-09-10,REJECT,M2_FLOOR,M2_هبوط_تحت_40
CNSP,2026-09-14,REJECT,M2_FLOOR,M2_هبوط_تحت_40
CNSP,2026-09-22,REJECT,M2_FLOOR,M2_هبوط_تحت_40
CNSP,2026-09-23,REJECT,M2_FLOOR,M2_هبوط_تحت_40
CNSP,2026-09-24,REJECT,M2_FLOOR,M2_هبوط_تحت_40
CNSP,2026-09-25,REJECT,M2_FLOOR,M2_هبوط_تحت_40
CNSP,2026-09-28,REJECT,M2_FLOOR,M2_هبوط_تحت_40
CNSP,2026-10-05,REJECT,M2_FLOOR,M2_هبوط_تحت_40
CPOP,2025-08-04,REJECT,M2_FLOOR,M2_هبوط_تحت_40
CPOP,2026-01-22,PASS,,
CPOP,2026-01-28,REJECT,ANCHOR,M_لا_مستوى_مختبر
CPOP,2026-03-30,PASS,,
CPOP,2026-04-06,REJECT,M5,M5_سيولة
CPOP,2026-04-13,REJECT,ANCHOR,M_لا_مستوى_مختبر
CPOP,2026-04-24,PASS,,
CPOP,2026-04-27,PASS,,
CPOP,2026-05-18,PASS,,
CPOP,2026-05-22,REJECT,ANCHOR,M_لا_مستوى_مختبر
CPOP,2026-06-16,REJECT,M4_RANGE,M4_base_واسعة
CPOP,2026-07-02,REJECT,M4_RANGE,M4_base_واسعة
CPOP,2026-07-17,REJECT,M4_RANGE,M4_base_واسعة
CPOP,2026-07-20,REJECT,M4_RANGE,M4_base_واسعة
CPOP,2026-07-27,REJECT,M4_RANGE,M4_base_واسعة
CPOP,2026-07-28,REJECT,M4_RANGE,M4_base_واسعة
CPOP,2026-07-30,REJECT,M4_RANGE,M4_base_واسعة
CPOP,2026-07-31,REJECT,ANCHOR,M_لا_مستوى_مختبر
CPOP,2026-08-03,REJECT,ANCHOR,M_لا_مستوى_مختبر
CPOP,2026-08-04,REJECT,ANCHOR,M_لا_مستوى_مختبر
CPOP,2026-08-05,REJECT,ANCHOR,M_لا_مستوى_مختبر
CPOP,2026-08-06,REJECT,ANCHOR,M_لا_مستوى_مختبر
CPOP,2026-08-07,REJECT,ANCHOR,M_لا_مستوى_مختبر
CPOP,2026-08-10,REJECT,ANCHOR,M_لا_مستوى_مختبر
CPOP,2026-08-11,REJECT,ANCHOR,M_لا_مستوى_مختبر
CPOP,2026-08-12,REJECT,ANCHOR,M_لا_مستوى_مختبر
CPOP,2026-08-13,REJECT,ANCHOR,M_لا_مستوى_مختبر
CPOP,2026-08-14,REJECT,ANCHOR,M_لا_مستوى_مختبر
CPOP,2026-08-17,REJECT,ANCHOR,M_لا_مستوى_مختبر
CPOP,2026-08-18,REJECT,ANCHOR,M_لا_مستوى_مختبر
CPOP,2026-08-19,REJECT,ANCHOR,M_لا_مستوى_مختبر
CPOP,2026-08-20,REJECT,ANCHOR,M_لا_مستوى_مختبر
CPOP,2026-08-21,REJECT,ANCHOR,M_لا_مستوى_مختبر
CPOP,2026-08-24,REJECT,ANCHOR,M_لا_مستوى_مختبر
CPOP,2026-08-25,REJECT,ANCHOR,M_لا_مستوى_مختبر
CPOP,2026-08-26,REJECT,ANCHOR,M_لا_مستوى_مختبر
CPOP,2026-08-27,REJECT,ANCHOR,M_لا_مستوى_مختبر
CPOP,2026-08-28,REJECT,ANCHOR,M_لا_مستوى_مختبر
CPOP,2026-08-31,REJECT,ANCHOR,M_لا_مستوى_مختبر
CPOP,2026-09-01,REJECT,ANCHOR,M_لا_مستوى_مختبر
CPOP,2026-09-02,PASS,,
CPOP,2026-09-03,PASS,,
CPOP,2026-09-04,PASS,,
CPOP,2026-09-10,REJECT,ANCHOR,M_لا_مستوى_مختبر
CPOP,2026-09-14,REJECT,ANCHOR,M_لا_مستوى_مختبر
CPOP,2026-09-21,REJECT,ANCHOR,M_لا_مستوى_مختبر
CPOP,2026-09-22,REJECT,ANCHOR,M_لا_مستوى_مختبر
CPOP,2026-09-23,REJECT,ANCHOR,M_لا_مستوى_مختبر
CPOP,2026-09-24,REJECT,ANCHOR,M_لا_مستوى_مختبر
CPOP,2026-09-25,REJECT,ANCHOR,M_لا_مستوى_مختبر
CPOP,2026-09-28,REJECT,ANCHOR,M_لا_مستوى_مختبر
CPOP,2026-10-05,REJECT,M4_RANGE,M4_base_واسعة
CRVO,2025-08-04,REJECT,M2_FLOOR,M2_هبوط_تحت_40
CRVO,2026-01-22,REJECT,M2_FLOOR,M2_هبوط_تحت_40
CRVO,2026-01-28,REJECT,M2_FLOOR,M2_هبوط_تحت_40
CRVO,2026-03-30,REJECT,ANCHOR,M_لا_مستوى_مختبر
CRVO,2026-04-06,REJECT,M2_FLOOR,M2_هبوط_تحت_40
CRVO,2026-04-13,REJECT,M2_FLOOR,M2_هبوط_تحت_40
CRVO,2026-04-24,REJECT,M2_FLOOR,M2_هبوط_تحت_40
CRVO,2026-04-27,REJECT,M2_FLOOR,M2_هبوط_تحت_40
CRVO,2026-05-18,REJECT,ANCHOR,M_لا_مستوى_مختبر
CRVO,2026-05-22,REJECT,ANCHOR,M_لا_مستوى_مختبر
CRVO,2026-06-16,REJECT,ANCHOR,M_لا_مستوى_مختبر
CRVO,2026-07-02,REJECT,M4_RANGE,M4_base_واسعة
CRVO,2026-07-17,REJECT,ANCHOR,M_لا_مستوى_مختبر
CRVO,2026-07-20,REJECT,ANCHOR,M_لا_مستوى_مختبر
CRVO,2026-07-27,REJECT,ANCHOR,M_لا_مستوى_مختبر
CRVO,2026-07-28,REJECT,ANCHOR,M_لا_مستوى_مختبر
CRVO,2026-07-31,REJECT,ANCHOR,M_لا_مستوى_مختبر
CRVO,2026-08-03,REJECT,ANCHOR,M_لا_مستوى_مختبر
CRVO,2026-08-06,REJECT,ANCHOR,M_لا_مستوى_مختبر
CRVO,2026-08-24,REJECT,ANCHOR,M_لا_مستوى_مختبر
CRVO,2026-09-04,REJECT,ANCHOR,M_لا_مستوى_مختبر
CRVO,2026-09-10,PASS,,
CRVO,2026-09-14,REJECT,ANCHOR,M_لا_مستوى_مختبر
CRVO,2026-09-22,PASS,,
CRVO,2026-09-23,PASS,,
CRVO,2026-09-24,PASS,,
CRVO,2026-09-25,PASS,,
CRVO,2026-09-28,PASS,,
CRVO,2026-10-05,REJECT,M2_FLOOR,M2_هبوط_تحت_40
CTSO,2025-08-04,REJECT,M2_FLOOR,M2_هبوط_تحت_40
CTSO,2026-01-22,REJECT,M2_FLOOR,M2_هبوط_تحت_40
CTSO,2026-01-28,REJECT,M2_FLOOR,M2_هبوط_تحت_40
CTSO,2026-03-30,REJECT,M2_FLOOR,M2_هبوط_تحت_40
CTSO,2026-04-06,REJECT,M2_FLOOR,M2_هبوط_تحت_40
CTSO,2026-04-13,REJECT,M2_FLOOR,M2_هبوط_تحت_40
CTSO,2026-04-24,REJECT,M2_FLOOR,M2_هبوط_تحت_40
CTSO,2026-04-27,REJECT,M2_FLOOR,M2_هبوط_تحت_40
CTSO,2026-05-18,REJECT,M2_FLOOR,M2_هبوط_تحت_40
CTSO,2026-05-22,REJECT,M2_FLOOR,M2_هبوط_تحت_40
CTSO,2026-06-16,REJECT,M2_FLOOR,M2_هبوط_تحت_40
CTSO,2026-07-02,REJECT,M2_FLOOR,M2_هبوط_تحت_40
CTSO,2026-07-17,REJECT,M2_FLOOR,M2_هبوط_تحت_40
CTSO,2026-07-20,REJECT,M2_FLOOR,M2_هبوط_تحت_40
CTSO,2026-07-27,REJECT,M2_FLOOR,M2_هبوط_تحت_40
CTSO,2026-07-28,REJECT,M2_FLOOR,M2_هبوط_تحت_40
CTSO,2026-07-31,REJECT,M2_FLOOR,M2_هبوط_تحت_40
CTSO,2026-08-03,REJECT,M2_FLOOR,M2_هبوط_تحت_40
CTSO,2026-08-06,REJECT,M2_FLOOR,M2_هبوط_تحت_40
CTSO,2026-08-24,REJECT,M2_FLOOR,M2_هبوط_تحت_40
CTSO,2026-09-04,REJECT,M2_FLOOR,M2_هبوط_تحت_40
CTSO,2026-09-10,REJECT,M2_FLOOR,M2_هبوط_تحت_40
CTSO,2026-09-14,REJECT,M2_FLOOR,M2_هبوط_تحت_40
CTSO,2026-09-22,REJECT,M3,M3_انفجار_تحت_60
CTSO,2026-09-23,REJECT,M3,M3_انفجار_تحت_60
CTSO,2026-09-24,REJECT,M3,M3_انفجار_تحت_60
CTSO,2026-09-25,REJECT,M3,M3_انفجار_تحت_60
CTSO,2026-09-28,REJECT,M3,M3_انفجار_تحت_60
CTSO,2026-10-05,REJECT,M3,M3_انفجار_تحت_60
CURX,2025-08-04,TOO_FEW_BARS,DEPTH,MIN_BARS
CYPH,2025-08-04,REJECT,M1,M1_سعر
CYPH,2026-01-22,REJECT,ANCHOR,M_لا_مستوى_مختبر
CYPH,2026-01-28,REJECT,ANCHOR,M_لا_مستوى_مختبر
CYPH,2026-03-30,REJECT,ANCHOR,M_لا_مستوى_مختبر
CYPH,2026-04-06,REJECT,ANCHOR,M_لا_مستوى_مختبر
CYPH,2026-04-13,REJECT,M2_FLOOR,M2_هبوط_تحت_40
CYPH,2026-04-24,REJECT,ANCHOR,M_لا_مستوى_مختبر
CYPH,2026-04-27,REJECT,ANCHOR,M_لا_مستوى_مختبر
CYPH,2026-05-18,REJECT,M2_FLOOR,M2_هبوط_تحت_40
CYPH,2026-05-22,REJECT,M2_FLOOR,M2_هبوط_تحت_40
CYPH,2026-06-16,REJECT,M4_RANGE,M4_base_واسعة
CYPH,2026-07-01,REJECT,ANCHOR,M_لا_مستوى_مختبر
CYPH,2026-07-02,REJECT,ANCHOR,M_لا_مستوى_مختبر
CYPH,2026-07-06,REJECT,ANCHOR,M_لا_مستوى_مختبر
CYPH,2026-07-07,REJECT,ANCHOR,M_لا_مستوى_مختبر
CYPH,2026-07-08,REJECT,ANCHOR,M_لا_مستوى_مختبر
CYPH,2026-07-09,REJECT,ANCHOR,M_لا_مستوى_مختبر
CYPH,2026-07-10,REJECT,ANCHOR,M_لا_مستوى_مختبر
CYPH,2026-07-13,REJECT,ANCHOR,M_لا_مستوى_مختبر
CYPH,2026-07-14,REJECT,ANCHOR,M_لا_مستوى_مختبر
CYPH,2026-07-15,REJECT,ANCHOR,M_لا_مستوى_مختبر
CYPH,2026-07-16,REJECT,ANCHOR,M_لا_مستوى_مختبر
CYPH,2026-07-17,REJECT,ANCHOR,M_لا_مستوى_مختبر
CYPH,2026-07-20,REJECT,ANCHOR,M_لا_مستوى_مختبر
CYPH,2026-07-21,REJECT,ANCHOR,M_لا_مستوى_مختبر
CYPH,2026-07-22,REJECT,ANCHOR,M_لا_مستوى_مختبر
CYPH,2026-07-23,REJECT,ANCHOR,M_لا_مستوى_مختبر
CYPH,2026-07-24,REJECT,ANCHOR,M_لا_مستوى_مختبر
CYPH,2026-07-27,REJECT,ANCHOR,M_لا_مستوى_مختبر
CYPH,2026-07-28,REJECT,ANCHOR,M_لا_مستوى_مختبر
CYPH,2026-07-31,REJECT,ANCHOR,M_لا_مستوى_مختبر
CYPH,2026-08-03,REJECT,ANCHOR,M_لا_مستوى_مختبر
CYPH,2026-08-06,REJECT,ANCHOR,M_لا_مستوى_مختبر
CYPH,2026-08-24,REJECT,M2_FLOOR,M2_هبوط_تحت_40
CYPH,2026-09-04,REJECT,M2_FLOOR,M2_هبوط_تحت_40
CYPH,2026-09-10,REJECT,M2_FLOOR,M2_هبوط_تحت_40
CYPH,2026-09-14,REJECT,M2_FLOOR,M2_هبوط_تحت_40
CYPH,2026-09-22,REJECT,M2_FLOOR,M2_هبوط_تحت_40
CYPH,2026-09-23,REJECT,M2_FLOOR,M2_هبوط_تحت_40
CYPH,2026-09-24,REJECT,M2_FLOOR,M2_هبوط_تحت_40
CYPH,2026-09-25,REJECT,M2_FLOOR,M2_هبوط_تحت_40
CYPH,2026-09-28,REJECT,M2_FLOOR,M2_هبوط_تحت_40
CYPH,2026-10-05,REJECT,M2_FLOOR,M2_هبوط_تحت_40
DAIC,2025-08-04,TOO_FEW_BARS,DEPTH,MIN_BARS
DAIC,2026-01-22,REJECT,ANCHOR,M_لا_مستوى_مختبر
DAIC,2026-01-28,REJECT,ANCHOR,M_لا_مستوى_مختبر
DAIC,2026-03-30,REJECT,ANCHOR,M_لا_مستوى_مختبر
DAIC,2026-04-06,REJECT,ANCHOR,M_لا_مستوى_مختبر
DAIC,2026-04-13,REJECT,ANCHOR,M_لا_مستوى_مختبر
DAIC,2026-04-24,REJECT,ANCHOR,M_لا_مستوى_مختبر
DAIC,2026-04-27,REJECT,ANCHOR,M_لا_مستوى_مختبر
DAIC,2026-05-18,REJECT,ANCHOR,M_لا_مستوى_مختبر
DAIC,2026-05-22,REJECT,ANCHOR,M_لا_مستوى_مختبر
DAIC,2026-06-16,REJECT,M4_RANGE,M4_base_واسعة
DAIC,2026-07-02,PASS,,
DAIC,2026-07-17,REJECT,ANCHOR,M_لا_مستوى_مختبر
DAIC,2026-07-20,REJECT,ANCHOR,M_لا_مستوى_مختبر
DAIC,2026-07-27,REJECT,ANCHOR,M_لا_مستوى_مختبر
DAIC,2026-07-28,REJECT,ANCHOR,M_لا_مستوى_مختبر
DAIC,2026-07-31,REJECT,M4_RANGE,M4_base_واسعة
DAIC,2026-08-03,REJECT,M4_RANGE,M4_base_واسعة
DAIC,2026-08-06,REJECT,M4_RANGE,M4_base_واسعة
DAIC,2026-08-24,REJECT,M4_RANGE,M4_base_واسعة
DAIC,2026-09-04,REJECT,M4_RANGE,M4_base_واسعة
DAIC,2026-09-10,REJECT,M4_RANGE,M4_base_واسعة
DAIC,2026-09-14,REJECT,M4_RANGE,M4_base_واسعة
DAIC,2026-09-22,REJECT,M4_RANGE,M4_base_واسعة
DAIC,2026-09-23,REJECT,M4_RANGE,M4_base_واسعة
DAIC,2026-09-24,REJECT,M4_RANGE,M4_base_واسعة
DAIC,2026-09-25,REJECT,M4_RANGE,M4_base_واسعة
DAIC,2026-09-28,REJECT,M4_RANGE,M4_base_واسعة
DAIC,2026-10-05,REJECT,M4_RANGE,M4_base_واسعة
DFDV,2025-08-04,REJECT,M4_RANGE,M4_base_واسعة
DFDV,2026-01-22,REJECT,ANCHOR,M_لا_مستوى_مختبر
DFDV,2026-01-28,REJECT,ANCHOR,M_لا_مستوى_مختبر
DFDV,2026-03-30,REJECT,ANCHOR,M_لا_مستوى_مختبر
DFDV,2026-04-06,REJECT,ANCHOR,M_لا_مستوى_مختبر
DFDV,2026-04-13,REJECT,ANCHOR,M_لا_مستوى_مختبر
DFDV,2026-04-24,REJECT,ANCHOR,M_لا_مستوى_مختبر
DFDV,2026-04-27,REJECT,ANCHOR,M_لا_مستوى_مختبر
DFDV,2026-05-18,REJECT,ANCHOR,M_لا_مستوى_مختبر
DFDV,2026-05-22,REJECT,ANCHOR,M_لا_مستوى_مختبر
DFDV,2026-06-16,REJECT,ANCHOR,M_لا_مستوى_مختبر
DFDV,2026-07-02,REJECT,ANCHOR,M_لا_مستوى_مختبر
DFDV,2026-07-17,REJECT,ANCHOR,M_لا_مستوى_مختبر
DFDV,2026-07-20,REJECT,ANCHOR,M_لا_مستوى_مختبر
DFDV,2026-07-27,REJECT,ANCHOR,M_لا_مستوى_مختبر
DFDV,2026-07-28,REJECT,ANCHOR,M_لا_مستوى_مختبر
DFDV,2026-07-31,REJECT,ANCHOR,M_لا_مستوى_مختبر
DFDV,2026-08-03,PASS,,
DFDV,2026-08-06,PASS,,
DFDV,2026-08-24,REJECT,RSI_NOW,M10_RSI_فات_القطار
DFDV,2026-09-04,REJECT,M2_FLOOR,M2_هبوط_تحت_40
DFDV,2026-09-10,REJECT,M2_FLOOR,M2_هبوط_تحت_40
DFDV,2026-09-14,REJECT,ANCHOR,M_لا_مستوى_مختبر
DFDV,2026-09-22,REJECT,M2_FLOOR,M2_هبوط_تحت_40
DFDV,2026-09-23,REJECT,M2_FLOOR,M2_هبوط_تحت_40
DFDV,2026-09-24,REJECT,M2_FLOOR,M2_هبوط_تحت_40
DFDV,2026-09-25,REJECT,M2_FLOOR,M2_هبوط_تحت_40
DFDV,2026-09-28,REJECT,M2_FLOOR,M2_هبوط_تحت_40
DFDV,2026-10-05,REJECT,M2_FLOOR,M2_هبوط_تحت_40
DLXY,2025-08-04,TOO_FEW_BARS,DEPTH,MIN_BARS
DLXY,2026-01-22,REJECT,M3,M3_انفجار_تحت_60
DLXY,2026-01-28,REJECT,ANCHOR,M_لا_مستوى_مختبر
DLXY,2026-03-30,REJECT,M4_RANGE,M4_base_واسعة
DLXY,2026-04-06,REJECT,ANCHOR,M_لا_مستوى_مختبر
DLXY,2026-04-13,PASS,,
DLXY,2026-04-24,PASS,,
DLXY,2026-04-27,PASS,,
DLXY,2026-05-18,REJECT,ANCHOR,M_لا_مستوى_مختبر
DLXY,2026-05-22,PASS,,
DLXY,2026-06-16,REJECT,ANCHOR,M_لا_مستوى_مختبر
DLXY,2026-07-02,REJECT,ANCHOR,M_لا_مستوى_مختبر
DLXY,2026-07-17,REJECT,ANCHOR,M_لا_مستوى_مختبر
DLXY,2026-07-20,PASS,,
DLXY,2026-07-27,PASS,,
DLXY,2026-07-28,PASS,,
DLXY,2026-07-31,PASS,,
DLXY,2026-08-03,PASS,,
DLXY,2026-08-06,PASS,,
DLXY,2026-08-11,REJECT,ANCHOR,M_لا_مستوى_مختبر
DLXY,2026-08-12,REJECT,ANCHOR,M_لا_مستوى_مختبر
DLXY,2026-08-13,REJECT,ANCHOR,M_لا_مستوى_مختبر
DLXY,2026-08-14,REJECT,ANCHOR,M_لا_مستوى_مختبر
DLXY,2026-08-17,REJECT,ANCHOR,M_لا_مستوى_مختبر
DLXY,2026-08-18,REJECT,ANCHOR,M_لا_مستوى_مختبر
DLXY,2026-08-19,REJECT,ANCHOR,M_لا_مستوى_مختبر
DLXY,2026-08-20,REJECT,ANCHOR,M_لا_مستوى_مختبر
DLXY,2026-08-21,REJECT,ANCHOR,M_لا_مستوى_مختبر
DLXY,2026-08-24,REJECT,ANCHOR,M_لا_مستوى_مختبر
DLXY,2026-08-25,REJECT,ANCHOR,M_لا_مستوى_مختبر
DLXY,2026-08-26,REJECT,ANCHOR,M_لا_مستوى_مختبر
DLXY,2026-08-27,REJECT,ANCHOR,M_لا_مستوى_مختبر
DLXY,2026-08-28,REJECT,ANCHOR,M_لا_مستوى_مختبر
DLXY,2026-08-31,REJECT,M5,M5_سيولة
DLXY,2026-09-01,REJECT,M5,M5_سيولة
DLXY,2026-09-02,REJECT,ANCHOR,M_لا_مستوى_مختبر
DLXY,2026-09-03,REJECT,ANCHOR,M_لا_مستوى_مختبر
DLXY,2026-09-04,REJECT,ANCHOR,M_لا_مستوى_مختبر
DLXY,2026-09-08,REJECT,ANCHOR,M_لا_مستوى_مختبر
DLXY,2026-09-09,REJECT,ANCHOR,M_لا_مستوى_مختبر
DLXY,2026-09-10,REJECT,ANCHOR,M_لا_مستوى_مختبر
DLXY,2026-09-11,REJECT,ANCHOR,M_لا_مستوى_مختبر
DLXY,2026-09-14,REJECT,ANCHOR,M_لا_مستوى_مختبر
DLXY,2026-09-22,REJECT,M4_RANGE,M4_base_واسعة
DLXY,2026-09-23,REJECT,M4_RANGE,M4_base_واسعة
DLXY,2026-09-24,REJECT,M4_RANGE,M4_base_واسعة
DLXY,2026-09-25,REJECT,M4_RANGE,M4_base_واسعة
DLXY,2026-09-28,REJECT,M4_RANGE,M4_base_واسعة
DLXY,2026-10-05,REJECT,M4_RANGE,M4_base_واسعة
DTSS,2025-08-04,REJECT,M2_FLOOR,M2_هبوط_تحت_40
DTSS,2026-01-22,REJECT,M2_FLOOR,M2_هبوط_تحت_40
DTSS,2026-01-28,REJECT,M2_FLOOR,M2_هبوط_تحت_40
DTSS,2026-03-30,REJECT,M2_FLOOR,M2_هبوط_تحت_40
DTSS,2026-04-06,REJECT,M2_FLOOR,M2_هبوط_تحت_40
DTSS,2026-04-13,REJECT,M2_FLOOR,M2_هبوط_تحت_40
DTSS,2026-04-24,REJECT,M2_FLOOR,M2_هبوط_تحت_40
DTSS,2026-04-27,REJECT,M2_FLOOR,M2_هبوط_تحت_40
DTSS,2026-05-18,REJECT,M2_FLOOR,M2_هبوط_تحت_40
DTSS,2026-05-22,REJECT,M2_FLOOR,M2_هبوط_تحت_40
DTSS,2026-06-16,REJECT,M2_FLOOR,M2_هبوط_تحت_40
DTSS,2026-07-02,REJECT,M2_FLOOR,M2_هبوط_تحت_40
DTSS,2026-07-17,REJECT,M2_FLOOR,M2_هبوط_تحت_40
DTSS,2026-07-20,REJECT,M2_FLOOR,M2_هبوط_تحت_40
DTSS,2026-07-27,REJECT,M2_FLOOR,M2_هبوط_تحت_40
DTSS,2026-07-28,REJECT,M2_FLOOR,M2_هبوط_تحت_40
DTSS,2026-07-31,REJECT,M2_FLOOR,M2_هبوط_تحت_40
DTSS,2026-08-03,REJECT,ANCHOR,M_لا_مستوى_مختبر
DTSS,2026-08-06,REJECT,M2_FLOOR,M2_هبوط_تحت_40
DTSS,2026-08-24,REJECT,M2_FLOOR,M2_هبوط_تحت_40
DTSS,2026-09-04,REJECT,ANCHOR,M_لا_مستوى_مختبر
DTSS,2026-09-10,REJECT,ANCHOR,M_لا_مستوى_مختبر
DTSS,2026-09-14,REJECT,ANCHOR,M_لا_مستوى_مختبر
DTSS,2026-09-22,REJECT,M2_FLOOR,M2_هبوط_تحت_40
DTSS,2026-09-23,REJECT,M2_FLOOR,M2_هبوط_تحت_40
DTSS,2026-09-24,REJECT,M2_FLOOR,M2_هبوط_تحت_40
DTSS,2026-09-25,REJECT,M2_FLOOR,M2_هبوط_تحت_40
DTSS,2026-09-28,REJECT,M2_FLOOR,M2_هبوط_تحت_40
DTSS,2026-10-05,REJECT,M2_FLOOR,M2_هبوط_تحت_40
ENGN,2025-08-04,REJECT,M2_FLOOR,M2_هبوط_تحت_40
ENGN,2026-01-22,REJECT,M2_FLOOR,M2_هبوط_تحت_40
ENGN,2026-01-28,REJECT,M2_FLOOR,M2_هبوط_تحت_40
ENGN,2026-03-30,REJECT,M2_FLOOR,M2_هبوط_تحت_40
ENGN,2026-04-06,REJECT,M2_FLOOR,M2_هبوط_تحت_40
ENGN,2026-04-13,REJECT,M2_FLOOR,M2_هبوط_تحت_40
ENGN,2026-04-24,REJECT,M2_FLOOR,M2_هبوط_تحت_40
ENGN,2026-04-27,REJECT,M2_FLOOR,M2_هبوط_تحت_40
ENGN,2026-05-18,REJECT,M4_RANGE,M4_base_واسعة
ENGN,2026-05-22,REJECT,M4_RANGE,M4_base_واسعة
ENGN,2026-06-16,REJECT,ANCHOR,M_لا_مستوى_مختبر
ENGN,2026-07-02,REJECT,ANCHOR,M_لا_مستوى_مختبر
ENGN,2026-07-17,REJECT,ANCHOR,M_لا_مستوى_مختبر
ENGN,2026-07-20,REJECT,ANCHOR,M_لا_مستوى_مختبر
ENGN,2026-07-27,REJECT,ANCHOR,M_لا_مستوى_مختبر
ENGN,2026-07-28,REJECT,ANCHOR,M_لا_مستوى_مختبر
ENGN,2026-07-31,REJECT,ANCHOR,M_لا_مستوى_مختبر
ENGN,2026-08-03,REJECT,ANCHOR,M_لا_مستوى_مختبر
ENGN,2026-08-06,PASS,,
ENGN,2026-08-24,REJECT,ANCHOR,M_لا_مستوى_مختبر
ENGN,2026-09-04,REJECT,ANCHOR,M_لا_مستوى_مختبر
ENGN,2026-09-10,REJECT,ANCHOR,M_لا_مستوى_مختبر
ENGN,2026-09-14,REJECT,ANCHOR,M_لا_مستوى_مختبر
ENGN,2026-09-22,REJECT,ANCHOR,M_لا_مستوى_مختبر
ENGN,2026-09-23,REJECT,ANCHOR,M_لا_مستوى_مختبر
ENGN,2026-09-24,REJECT,ANCHOR,M_لا_مستوى_مختبر
ENGN,2026-09-25,REJECT,ANCHOR,M_لا_مستوى_مختبر
ENGN,2026-09-28,REJECT,ANCHOR,M_لا_مستوى_مختبر
ENGN,2026-10-05,PASS,,
ETS,2025-08-04,TOO_FEW_BARS,DEPTH,MIN_BARS
ETS,2026-01-22,TOO_FEW_BARS,DEPTH,MIN_BARS
ETS,2026-01-28,TOO_FEW_BARS,DEPTH,MIN_BARS
ETS,2026-03-30,REJECT,M3,M3_انفجار_تحت_60
ETS,2026-04-06,REJECT,M3,M3_انفجار_تحت_60
ETS,2026-04-13,REJECT,M3,M3_انفجار_تحت_60
ETS,2026-04-24,REJECT,ANCHOR,M_لا_مستوى_مختبر
ETS,2026-04-27,REJECT,ANCHOR,M_لا_مستوى_مختبر
ETS,2026-05-18,REJECT,ANCHOR,M_لا_مستوى_مختبر
ETS,2026-05-22,REJECT,ANCHOR,M_لا_مستوى_مختبر
ETS,2026-06-16,REJECT,RSI_NOW,M10_RSI_فات_القطار
ETS,2026-07-02,REJECT,RSI_NOW,M10_RSI_فات_القطار
ETS,2026-07-17,REJECT,ANCHOR,M_لا_مستوى_مختبر
ETS,2026-07-20,REJECT,ANCHOR,M_لا_مستوى_مختبر
ETS,2026-07-27,PASS,,
ETS,2026-07-28,PASS,,
ETS,2026-07-31,PASS,,
ETS,2026-08-03,REJECT,ANCHOR,M_لا_مستوى_مختبر
ETS,2026-08-06,PASS,,
ETS,2026-08-24,REJECT,ANCHOR,M_لا_مستوى_مختبر
ETS,2026-09-04,REJECT,M2_FLOOR,M2_هبوط_تحت_40
ETS,2026-09-10,REJECT,M2_FLOOR,M2_هبوط_تحت_40
ETS,2026-09-14,REJECT,M2_FLOOR,M2_هبوط_تحت_40
ETS,2026-09-22,REJECT,M2_FLOOR,M2_هبوط_تحت_40
ETS,2026-09-23,REJECT,M2_FLOOR,M2_هبوط_تحت_40
ETS,2026-09-24,REJECT,M2_FLOOR,M2_هبوط_تحت_40
ETS,2026-09-25,REJECT,M2_FLOOR,M2_هبوط_تحت_40
ETS,2026-09-28,REJECT,M2_FLOOR,M2_هبوط_تحت_40
ETS,2026-10-05,REJECT,M2_FLOOR,M2_هبوط_تحت_40
FFR,2025-08-04,REJECT,M2_FLOOR,M2_هبوط_تحت_40
FFR,2026-01-22,REJECT,ANCHOR,M_لا_مستوى_مختبر
FFR,2026-01-28,PASS,,
FFR,2026-03-30,REJECT,ANCHOR,M_لا_مستوى_مختبر
FFR,2026-04-06,REJECT,ANCHOR,M_لا_مستوى_مختبر
FFR,2026-04-13,PASS,,
FFR,2026-04-24,REJECT,ANCHOR,M_لا_مستوى_مختبر
FFR,2026-04-27,PASS,,
FFR,2026-05-18,REJECT,ANCHOR,M_لا_مستوى_مختبر
FFR,2026-05-22,PASS,,
FFR,2026-06-16,PASS,,
FFR,2026-07-02,PASS,,
FFR,2026-07-17,REJECT,ANCHOR,M_لا_مستوى_مختبر
FFR,2026-07-20,REJECT,ANCHOR,M_لا_مستوى_مختبر
FFR,2026-07-27,REJECT,ANCHOR,M_لا_مستوى_مختبر
FFR,2026-07-28,REJECT,ANCHOR,M_لا_مستوى_مختبر
FFR,2026-07-31,REJECT,ANCHOR,M_لا_مستوى_مختبر
FFR,2026-08-03,REJECT,ANCHOR,M_لا_مستوى_مختبر
FFR,2026-08-06,REJECT,ANCHOR,M_لا_مستوى_مختبر
FFR,2026-08-24,REJECT,M4_RANGE,M4_base_واسعة
FFR,2026-09-04,REJECT,M4_RANGE,M4_base_واسعة
FFR,2026-09-10,REJECT,M4_RANGE,M4_base_واسعة
FFR,2026-09-14,REJECT,ANCHOR,M_لا_مستوى_مختبر
FFR,2026-09-22,REJECT,ANCHOR,M_لا_مستوى_مختبر
FFR,2026-09-23,REJECT,ANCHOR,M_لا_مستوى_مختبر
FFR,2026-09-24,REJECT,M4_RANGE,M4_base_واسعة
FFR,2026-09-25,REJECT,M4_RANGE,M4_base_واسعة
FFR,2026-09-28,REJECT,M4_RANGE,M4_base_واسعة
FFR,2026-10-05,REJECT,ANCHOR,M_لا_مستوى_مختبر
FGI,2025-08-04,REJECT,M2_FLOOR,M2_هبوط_تحت_40
FGI,2026-01-22,REJECT,M2_FLOOR,M2_هبوط_تحت_40
FGI,2026-01-28,REJECT,M2_FLOOR,M2_هبوط_تحت_40
FGI,2026-03-30,REJECT,M2_FLOOR,M2_هبوط_تحت_40
FGI,2026-04-06,REJECT,M2_FLOOR,M2_هبوط_تحت_40
FGI,2026-04-13,REJECT,M2_FLOOR,M2_هبوط_تحت_40
FGI,2026-04-24,REJECT,M2_FLOOR,M2_هبوط_تحت_40
FGI,2026-04-27,REJECT,M2_FLOOR,M2_هبوط_تحت_40
FGI,2026-05-18,REJECT,M2_FLOOR,M2_هبوط_تحت_40
FGI,2026-05-22,REJECT,M2_FLOOR,M2_هبوط_تحت_40
FGI,2026-06-16,REJECT,M2_FLOOR,M2_هبوط_تحت_40
FGI,2026-07-02,REJECT,M2_FLOOR,M2_هبوط_تحت_40
FGI,2026-07-17,REJECT,M2_FLOOR,M2_هبوط_تحت_40
FGI,2026-07-20,REJECT,M2_FLOOR,M2_هبوط_تحت_40
FGI,2026-07-27,REJECT,M2_FLOOR,M2_هبوط_تحت_40
FGI,2026-07-28,REJECT,M2_FLOOR,M2_هبوط_تحت_40
FGI,2026-07-31,REJECT,M2_FLOOR,M2_هبوط_تحت_40
FGI,2026-08-03,REJECT,M2_FLOOR,M2_هبوط_تحت_40
FGI,2026-08-06,REJECT,M2_FLOOR,M2_هبوط_تحت_40
FGI,2026-08-24,REJECT,M2_FLOOR,M2_هبوط_تحت_40
FGI,2026-09-04,REJECT,M2_FLOOR,M2_هبوط_تحت_40
FGI,2026-09-10,REJECT,M2_FLOOR,M2_هبوط_تحت_40
FGI,2026-09-14,REJECT,M2_FLOOR,M2_هبوط_تحت_40
FGI,2026-09-22,REJECT,M2_FLOOR,M2_هبوط_تحت_40
FGI,2026-09-23,REJECT,M2_FLOOR,M2_هبوط_تحت_40
FGI,2026-09-24,REJECT,M2_FLOOR,M2_هبوط_تحت_40
FGI,2026-09-25,REJECT,M2_FLOOR,M2_هبوط_تحت_40
FGI,2026-09-28,REJECT,M2_FLOOR,M2_هبوط_تحت_40
FGI,2026-10-05,REJECT,M2_FLOOR,M2_هبوط_تحت_40
FNGR,2025-08-04,REJECT,M2_FLOOR,M2_هبوط_تحت_40
FNGR,2026-01-22,REJECT,ANCHOR,M_لا_مستوى_مختبر
FNGR,2026-01-28,REJECT,ANCHOR,M_لا_مستوى_مختبر
FNGR,2026-03-30,REJECT,ANCHOR,M_لا_مستوى_مختبر
FNGR,2026-04-06,REJECT,ANCHOR,M_لا_مستوى_مختبر
FNGR,2026-04-13,REJECT,ANCHOR,M_لا_مستوى_مختبر
FNGR,2026-04-24,PASS,,
FNGR,2026-04-27,PASS,,
FNGR,2026-05-18,REJECT,ANCHOR,M_لا_مستوى_مختبر
FNGR,2026-05-22,REJECT,ANCHOR,M_لا_مستوى_مختبر
FNGR,2026-06-16,REJECT,M4_RANGE,M4_base_واسعة
FNGR,2026-07-02,REJECT,M1,M1_سعر
FNGR,2026-07-17,REJECT,M1,M1_سعر
FNGR,2026-07-20,REJECT,M1,M1_سعر
FNGR,2026-07-27,REJECT,M1,M1_سعر
FNGR,2026-07-28,REJECT,M1,M1_سعر
FNGR,2026-07-31,REJECT,M1,M1_سعر
FNGR,2026-08-03,REJECT,M1,M1_سعر
FNGR,2026-08-06,REJECT,M1,M1_سعر
FNGR,2026-08-24,REJECT,M1,M1_سعر
FNGR,2026-09-04,REJECT,M1,M1_سعر
FNGR,2026-09-10,REJECT,M1,M1_سعر
FNGR,2026-09-14,REJECT,M1,M1_سعر
FNGR,2026-09-22,REJECT,M1,M1_سعر
FNGR,2026-09-23,REJECT,M1,M1_سعر
FNGR,2026-09-24,REJECT,M1,M1_سعر
FNGR,2026-09-25,REJECT,M1,M1_سعر
FNGR,2026-09-28,REJECT,M1,M1_سعر
FNGR,2026-10-05,REJECT,M1,M1_سعر
FRGT,2025-08-04,REJECT,ANCHOR,M_لا_مستوى_مختبر
FRGT,2026-01-22,REJECT,ANCHOR,M_لا_مستوى_مختبر
FRGT,2026-01-28,REJECT,ANCHOR,M_لا_مستوى_مختبر
FRGT,2026-03-30,REJECT,ANCHOR,M_لا_مستوى_مختبر
FRGT,2026-03-31,REJECT,ANCHOR,M_لا_مستوى_مختبر
FRGT,2026-04-01,REJECT,ANCHOR,M_لا_مستوى_مختبر
FRGT,2026-04-02,REJECT,ANCHOR,M_لا_مستوى_مختبر
FRGT,2026-04-06,REJECT,ANCHOR,M_لا_مستوى_مختبر
FRGT,2026-04-07,REJECT,ANCHOR,M_لا_مستوى_مختبر
FRGT,2026-04-08,REJECT,ANCHOR,M_لا_مستوى_مختبر
FRGT,2026-04-09,REJECT,ANCHOR,M_لا_مستوى_مختبر
FRGT,2026-04-10,REJECT,ANCHOR,M_لا_مستوى_مختبر
FRGT,2026-04-13,REJECT,ANCHOR,M_لا_مستوى_مختبر
FRGT,2026-04-24,REJECT,ANCHOR,M_لا_مستوى_مختبر
FRGT,2026-04-27,REJECT,ANCHOR,M_لا_مستوى_مختبر
FRGT,2026-05-18,REJECT,ANCHOR,M_لا_مستوى_مختبر
FRGT,2026-05-19,REJECT,ANCHOR,M_لا_مستوى_مختبر
FRGT,2026-05-20,REJECT,ANCHOR,M_لا_مستوى_مختبر
FRGT,2026-05-21,REJECT,ANCHOR,M_لا_مستوى_مختبر
FRGT,2026-05-22,REJECT,ANCHOR,M_لا_مستوى_مختبر
FRGT,2026-05-26,REJECT,ANCHOR,M_لا_مستوى_مختبر
FRGT,2026-05-27,REJECT,ANCHOR,M_لا_مستوى_مختبر
FRGT,2026-05-28,REJECT,ANCHOR,M_لا_مستوى_مختبر
FRGT,2026-05-29,REJECT,ANCHOR,M_لا_مستوى_مختبر
FRGT,2026-06-01,REJECT,ANCHOR,M_لا_مستوى_مختبر
FRGT,2026-06-02,REJECT,ANCHOR,M_لا_مستوى_مختبر
FRGT,2026-06-03,REJECT,ANCHOR,M_لا_مستوى_مختبر
FRGT,2026-06-04,REJECT,ANCHOR,M_لا_مستوى_مختبر
FRGT,2026-06-05,REJECT,ANCHOR,M_لا_مستوى_مختبر
FRGT,2026-06-08,REJECT,ANCHOR,M_لا_مستوى_مختبر
FRGT,2026-06-09,REJECT,ANCHOR,M_لا_مستوى_مختبر
FRGT,2026-06-10,REJECT,ANCHOR,M_لا_مستوى_مختبر
FRGT,2026-06-11,REJECT,ANCHOR,M_لا_مستوى_مختبر
FRGT,2026-06-12,REJECT,ANCHOR,M_لا_مستوى_مختبر
FRGT,2026-06-15,REJECT,ANCHOR,M_لا_مستوى_مختبر
FRGT,2026-06-16,REJECT,ANCHOR,M_لا_مستوى_مختبر
FRGT,2026-06-17,REJECT,ANCHOR,M_لا_مستوى_مختبر
FRGT,2026-06-18,REJECT,ANCHOR,M_لا_مستوى_مختبر
FRGT,2026-06-22,REJECT,ANCHOR,M_لا_مستوى_مختبر
FRGT,2026-06-23,REJECT,ANCHOR,M_لا_مستوى_مختبر
FRGT,2026-06-24,REJECT,ANCHOR,M_لا_مستوى_مختبر
FRGT,2026-06-25,REJECT,ANCHOR,M_لا_مستوى_مختبر
FRGT,2026-06-26,REJECT,ANCHOR,M_لا_مستوى_مختبر
FRGT,2026-06-29,REJECT,ANCHOR,M_لا_مستوى_مختبر
FRGT,2026-06-30,REJECT,ANCHOR,M_لا_مستوى_مختبر
FRGT,2026-07-01,REJECT,ANCHOR,M_لا_مستوى_مختبر
FRGT,2026-07-02,REJECT,ANCHOR,M_لا_مستوى_مختبر
FRGT,2026-07-06,REJECT,ANCHOR,M_لا_مستوى_مختبر
FRGT,2026-07-07,REJECT,ANCHOR,M_لا_مستوى_مختبر
FRGT,2026-07-08,REJECT,ANCHOR,M_لا_مستوى_مختبر
FRGT,2026-07-09,REJECT,ANCHOR,M_لا_مستوى_مختبر
FRGT,2026-07-10,REJECT,ANCHOR,M_لا_مستوى_مختبر
FRGT,2026-07-13,REJECT,ANCHOR,M_لا_مستوى_مختبر
FRGT,2026-07-14,REJECT,ANCHOR,M_لا_مستوى_مختبر
FRGT,2026-07-15,REJECT,ANCHOR,M_لا_مستوى_مختبر
FRGT,2026-07-16,REJECT,ANCHOR,M_لا_مستوى_مختبر
FRGT,2026-07-17,REJECT,ANCHOR,M_لا_مستوى_مختبر
FRGT,2026-07-20,REJECT,ANCHOR,M_لا_مستوى_مختبر
FRGT,2026-07-27,PASS,,
FRGT,2026-07-28,REJECT,ANCHOR,M_لا_مستوى_مختبر
FRGT,2026-07-31,PASS,,
FRGT,2026-08-03,PASS,,
FRGT,2026-08-06,PASS,,
FRGT,2026-08-24,REJECT,M4_RANGE,M4_base_واسعة
FRGT,2026-09-04,REJECT,ANCHOR,M_لا_مستوى_مختبر
FRGT,2026-09-10,REJECT,ANCHOR,M_لا_مستوى_مختبر
FRGT,2026-09-14,REJECT,ANCHOR,M_لا_مستوى_مختبر
FRGT,2026-09-22,REJECT,M4_RANGE,M4_base_واسعة
FRGT,2026-09-23,REJECT,M4_RANGE,M4_base_واسعة
FRGT,2026-09-24,REJECT,M4_RANGE,M4_base_واسعة
FRGT,2026-09-25,REJECT,M1,M1_سعر
FRGT,2026-09-28,REJECT,M1,M1_سعر
FRGT,2026-10-05,REJECT,M1,M1_سعر
FTFT,2025-08-04,REJECT,M2_FLOOR,M2_هبوط_تحت_40
FTFT,2026-01-22,REJECT,ANCHOR,M_لا_مستوى_مختبر
FTFT,2026-01-28,REJECT,ANCHOR,M_لا_مستوى_مختبر
FTFT,2026-03-30,PASS,,
FTFT,2026-04-06,REJECT,ANCHOR,M_لا_مستوى_مختبر
FTFT,2026-04-13,REJECT,ANCHOR,M_لا_مستوى_مختبر
FTFT,2026-04-24,REJECT,ANCHOR,M_لا_مستوى_مختبر
FTFT,2026-04-27,REJECT,ANCHOR,M_لا_مستوى_مختبر
FTFT,2026-05-18,REJECT,ANCHOR,M_لا_مستوى_مختبر
FTFT,2026-05-22,REJECT,ANCHOR,M_لا_مستوى_مختبر
FTFT,2026-06-16,REJECT,ANCHOR,M_لا_مستوى_مختبر
FTFT,2026-07-02,REJECT,M4_RANGE,M4_base_واسعة
FTFT,2026-07-17,REJECT,M4_RANGE,M4_base_واسعة
FTFT,2026-07-20,REJECT,M4_RANGE,M4_base_واسعة
FTFT,2026-07-27,REJECT,M4_RANGE,M4_base_واسعة
FTFT,2026-07-28,REJECT,M4_RANGE,M4_base_واسعة
FTFT,2026-07-31,REJECT,M4_RANGE,M4_base_واسعة
FTFT,2026-08-03,REJECT,M4_RANGE,M4_base_واسعة
FTFT,2026-08-06,REJECT,ANCHOR,M_لا_مستوى_مختبر
FTFT,2026-08-24,REJECT,ANCHOR,M_لا_مستوى_مختبر
FTFT,2026-09-04,REJECT,M4_RANGE,M4_base_واسعة
FTFT,2026-09-10,REJECT,M4_RANGE,M4_base_واسعة
FTFT,2026-09-14,REJECT,M4_RANGE,M4_base_واسعة
FTFT,2026-09-22,REJECT,M4_RANGE,M4_base_واسعة
FTFT,2026-09-23,REJECT,M4_RANGE,M4_base_واسعة
FTFT,2026-09-24,REJECT,M4_RANGE,M4_base_واسعة
FTFT,2026-09-25,REJECT,M4_RANGE,M4_base_واسعة
FTFT,2026-09-28,REJECT,M4_RANGE,M4_base_واسعة
FTFT,2026-10-05,REJECT,M4_RANGE,M4_base_واسعة
FUFU,2025-08-04,REJECT,M2_FLOOR,M2_هبوط_تحت_40
FUFU,2026-01-22,REJECT,M2_FLOOR,M2_هبوط_تحت_40
FUFU,2026-01-28,REJECT,M2_FLOOR,M2_هبوط_تحت_40
FUFU,2026-03-30,REJECT,M2_FLOOR,M2_هبوط_تحت_40
FUFU,2026-04-06,REJECT,M2_FLOOR,M2_هبوط_تحت_40
FUFU,2026-04-13,REJECT,M2_FLOOR,M2_هبوط_تحت_40
FUFU,2026-04-24,REJECT,M2_FLOOR,M2_هبوط_تحت_40
FUFU,2026-04-27,REJECT,M2_FLOOR,M2_هبوط_تحت_40
FUFU,2026-05-18,REJECT,M2_FLOOR,M2_هبوط_تحت_40
FUFU,2026-05-22,REJECT,M2_FLOOR,M2_هبوط_تحت_40
FUFU,2026-06-16,REJECT,M2_FLOOR,M2_هبوط_تحت_40
FUFU,2026-07-02,REJECT,M3,M3_انفجار_تحت_60
FUFU,2026-07-17,REJECT,M3,M3_انفجار_تحت_60
FUFU,2026-07-20,REJECT,M3,M3_انفجار_تحت_60
FUFU,2026-07-27,REJECT,M3,M3_انفجار_تحت_60
FUFU,2026-07-28,REJECT,M3,M3_انفجار_تحت_60
FUFU,2026-07-31,REJECT,M3,M3_انفجار_تحت_60
FUFU,2026-08-03,REJECT,M3,M3_انفجار_تحت_60
FUFU,2026-08-06,REJECT,M3,M3_انفجار_تحت_60
FUFU,2026-08-24,REJECT,M2_FLOOR,M2_هبوط_تحت_40
FUFU,2026-09-04,REJECT,M2_FLOOR,M2_هبوط_تحت_40
FUFU,2026-09-10,REJECT,M2_FLOOR,M2_هبوط_تحت_40
FUFU,2026-09-14,REJECT,M2_FLOOR,M2_هبوط_تحت_40
FUFU,2026-09-22,REJECT,M2_FLOOR,M2_هبوط_تحت_40
FUFU,2026-09-23,REJECT,M2_FLOOR,M2_هبوط_تحت_40
FUFU,2026-09-24,REJECT,M2_FLOOR,M2_هبوط_تحت_40
FUFU,2026-09-25,REJECT,M2_FLOOR,M2_هبوط_تحت_40
FUFU,2026-09-28,REJECT,M2_FLOOR,M2_هبوط_تحت_40
FUFU,2026-10-05,REJECT,M2_FLOOR,M2_هبوط_تحت_40
GDHG,2025-08-04,REJECT,M4_RANGE,M4_base_واسعة
GDHG,2026-01-22,PASS,,
GDHG,2026-01-28,PASS,,
GDHG,2026-03-30,REJECT,M5,M5_سيولة
GDHG,2026-04-06,REJECT,M5,M5_سيولة
GDHG,2026-04-13,REJECT,M5,M5_سيولة
GDHG,2026-04-24,REJECT,M5,M5_سيولة
GDHG,2026-04-27,REJECT,M5,M5_سيولة
GDHG,2026-05-05,REJECT,ANCHOR,M_لا_مستوى_مختبر
GDHG,2026-05-06,REJECT,ANCHOR,M_لا_مستوى_مختبر
GDHG,2026-05-07,REJECT,ANCHOR,M_لا_مستوى_مختبر
GDHG,2026-05-08,REJECT,ANCHOR,M_لا_مستوى_مختبر
GDHG,2026-05-11,REJECT,ANCHOR,M_لا_مستوى_مختبر
GDHG,2026-05-12,REJECT,ANCHOR,M_لا_مستوى_مختبر
GDHG,2026-05-13,REJECT,ANCHOR,M_لا_مستوى_مختبر
GDHG,2026-05-14,REJECT,ANCHOR,M_لا_مستوى_مختبر
GDHG,2026-05-15,REJECT,ANCHOR,M_لا_مستوى_مختبر
GDHG,2026-05-18,REJECT,ANCHOR,M_لا_مستوى_مختبر
GDHG,2026-05-19,REJECT,ANCHOR,M_لا_مستوى_مختبر
GDHG,2026-05-20,REJECT,ANCHOR,M_لا_مستوى_مختبر
GDHG,2026-05-21,REJECT,ANCHOR,M_لا_مستوى_مختبر
GDHG,2026-05-22,REJECT,ANCHOR,M_لا_مستوى_مختبر
GDHG,2026-06-16,REJECT,M5,M5_سيولة
GDHG,2026-07-02,REJECT,M4_RANGE,M4_base_واسعة
GDHG,2026-07-17,REJECT,ANCHOR,M_لا_مستوى_مختبر
GDHG,2026-07-20,REJECT,ANCHOR,M_لا_مستوى_مختبر
GDHG,2026-07-27,REJECT,ANCHOR,M_لا_مستوى_مختبر
GDHG,2026-07-28,REJECT,ANCHOR,M_لا_مستوى_مختبر
GDHG,2026-07-31,REJECT,ANCHOR,M_لا_مستوى_مختبر
GDHG,2026-08-03,REJECT,ANCHOR,M_لا_مستوى_مختبر
GDHG,2026-08-06,REJECT,ANCHOR,M_لا_مستوى_مختبر
GDHG,2026-08-24,REJECT,M5,M5_سيولة
GDHG,2026-09-04,REJECT,ANCHOR,M_لا_مستوى_مختبر
GDHG,2026-09-10,REJECT,ANCHOR,M_لا_مستوى_مختبر
GDHG,2026-09-14,REJECT,ANCHOR,M_لا_مستوى_مختبر
GDHG,2026-09-22,PASS,,
GDHG,2026-09-23,PASS,,
GDHG,2026-09-24,PASS,,
GDHG,2026-09-25,PASS,,
GDHG,2026-09-28,PASS,,
GDHG,2026-10-05,PASS,,
GIPR,2025-08-04,REJECT,M2_FLOOR,M2_هبوط_تحت_40
GIPR,2026-01-22,REJECT,M2_FLOOR,M2_هبوط_تحت_40
GIPR,2026-01-28,REJECT,M2_FLOOR,M2_هبوط_تحت_40
GIPR,2026-03-30,REJECT,ANCHOR,M_لا_مستوى_مختبر
GIPR,2026-04-06,REJECT,ANCHOR,M_لا_مستوى_مختبر
GIPR,2026-04-13,REJECT,ANCHOR,M_لا_مستوى_مختبر
GIPR,2026-04-24,REJECT,ANCHOR,M_لا_مستوى_مختبر
GIPR,2026-04-27,REJECT,ANCHOR,M_لا_مستوى_مختبر
GIPR,2026-05-18,REJECT,ANCHOR,M_لا_مستوى_مختبر
GIPR,2026-05-22,REJECT,M4_RANGE,M4_base_واسعة
GIPR,2026-06-16,REJECT,M4_RANGE,M4_base_واسعة
GIPR,2026-07-02,PASS,,
GIPR,2026-07-17,REJECT,ANCHOR,M_لا_مستوى_مختبر
GIPR,2026-07-20,REJECT,ANCHOR,M_لا_مستوى_مختبر
GIPR,2026-07-27,REJECT,M4_RANGE,M4_base_واسعة
GIPR,2026-07-28,REJECT,M4_RANGE,M4_base_واسعة
GIPR,2026-07-31,REJECT,M4_RANGE,M4_base_واسعة
GIPR,2026-08-03,REJECT,M4_RANGE,M4_base_واسعة
GIPR,2026-08-06,REJECT,M4_RANGE,M4_base_واسعة
GIPR,2026-08-24,REJECT,M1,M1_سعر
GIPR,2026-09-04,REJECT,M4_RANGE,M4_base_واسعة
GIPR,2026-09-10,REJECT,M4_RANGE,M4_base_واسعة
GIPR,2026-09-14,REJECT,M4_RANGE,M4_base_واسعة
GIPR,2026-09-22,REJECT,M4_RANGE,M4_base_واسعة
GIPR,2026-09-23,REJECT,M4_RANGE,M4_base_واسعة
GIPR,2026-09-24,REJECT,M4_RANGE,M4_base_واسعة
GIPR,2026-09-25,REJECT,M4_RANGE,M4_base_واسعة
GIPR,2026-09-28,REJECT,M4_RANGE,M4_base_واسعة
GIPR,2026-10-05,REJECT,M4_RANGE,M4_base_واسعة
GLND,2025-08-04,TOO_FEW_BARS,DEPTH,MIN_BARS
GLND,2026-01-22,REJECT,M2_FLOOR,M2_هبوط_تحت_40
GLND,2026-01-28,REJECT,M2_FLOOR,M2_هبوط_تحت_40
GLND,2026-03-30,REJECT,M2_FLOOR,M2_هبوط_تحت_40
GLND,2026-04-06,REJECT,M2_FLOOR,M2_هبوط_تحت_40
GLND,2026-04-13,REJECT,M2_FLOOR,M2_هبوط_تحت_40
GLND,2026-04-24,REJECT,M2_FLOOR,M2_هبوط_تحت_40
GLND,2026-04-27,REJECT,M3,M3_انفجار_تحت_60
GLND,2026-05-18,REJECT,M3,M3_انفجار_تحت_60
GLND,2026-05-22,REJECT,M3,M3_انفجار_تحت_60
GLND,2026-06-16,REJECT,M3,M3_انفجار_تحت_60
GLND,2026-07-02,REJECT,M3,M3_انفجار_تحت_60
GLND,2026-07-17,REJECT,M3,M3_انفجار_تحت_60
GLND,2026-07-20,REJECT,M3,M3_انفجار_تحت_60
GLND,2026-07-27,REJECT,M3,M3_انفجار_تحت_60
GLND,2026-07-28,REJECT,M3,M3_انفجار_تحت_60
GLND,2026-07-31,REJECT,M3,M3_انفجار_تحت_60
GLND,2026-08-03,REJECT,M3,M3_انفجار_تحت_60
GLND,2026-08-06,REJECT,M3,M3_انفجار_تحت_60
GLND,2026-08-24,REJECT,M3,M3_انفجار_تحت_60
GLND,2026-09-04,REJECT,M3,M3_انفجار_تحت_60
GLND,2026-09-10,REJECT,M3,M3_انفجار_تحت_60
GLND,2026-09-14,REJECT,M3,M3_انفجار_تحت_60
GLND,2026-09-22,REJECT,M3,M3_انفجار_تحت_60
GLND,2026-09-23,REJECT,M3,M3_انفجار_تحت_60
GLND,2026-09-24,REJECT,M3,M3_انفجار_تحت_60
GLND,2026-09-25,REJECT,M3,M3_انفجار_تحت_60
GLND,2026-09-28,REJECT,M3,M3_انفجار_تحت_60
GLND,2026-10-05,REJECT,M3,M3_انفجار_تحت_60
GPRO,2025-08-04,REJECT,M2_FLOOR,M2_هبوط_تحت_40
GPRO,2026-01-22,REJECT,M2_FLOOR,M2_هبوط_تحت_40
GPRO,2026-01-28,REJECT,M2_FLOOR,M2_هبوط_تحت_40
GPRO,2026-03-30,PASS,,
GPRO,2026-04-06,PASS,,
GPRO,2026-04-13,PASS,,
GPRO,2026-04-24,REJECT,M2_FLOOR,M2_هبوط_تحت_40
GPRO,2026-04-27,REJECT,M2_FLOOR,M2_هبوط_تحت_40
GPRO,2026-05-18,REJECT,M2_FLOOR,M2_هبوط_تحت_40
GPRO,2026-05-22,REJECT,M2_FLOOR,M2_هبوط_تحت_40
GPRO,2026-06-16,REJECT,ANCHOR,M_لا_مستوى_مختبر
GPRO,2026-07-02,REJECT,ANCHOR,M_لا_مستوى_مختبر
GPRO,2026-07-17,REJECT,ANCHOR,M_لا_مستوى_مختبر
GPRO,2026-07-20,REJECT,ANCHOR,M_لا_مستوى_مختبر
GPRO,2026-07-27,PASS,,
GPRO,2026-07-28,PASS,,
GPRO,2026-07-31,PASS,,
GPRO,2026-08-03,PASS,,
GPRO,2026-08-06,PASS,,
GPRO,2026-08-24,PASS,,
GPRO,2026-09-04,REJECT,M2_FLOOR,M2_هبوط_تحت_40
GPRO,2026-09-10,REJECT,M2_FLOOR,M2_هبوط_تحت_40
GPRO,2026-09-14,REJECT,M2_FLOOR,M2_هبوط_تحت_40
GPRO,2026-09-22,REJECT,M2_FLOOR,M2_هبوط_تحت_40
GPRO,2026-09-23,REJECT,M2_FLOOR,M2_هبوط_تحت_40
GPRO,2026-09-24,REJECT,M2_FLOOR,M2_هبوط_تحت_40
GPRO,2026-09-25,REJECT,M2_FLOOR,M2_هبوط_تحت_40
GPRO,2026-09-28,REJECT,M2_FLOOR,M2_هبوط_تحت_40
GPRO,2026-10-05,REJECT,M2_FLOOR,M2_هبوط_تحت_40
GTBP,2025-08-04,REJECT,M2_FLOOR,M2_هبوط_تحت_40
GTBP,2026-01-22,PASS,,
GTBP,2026-01-28,REJECT,ANCHOR,M_لا_مستوى_مختبر
GTBP,2026-03-12,REJECT,ANCHOR,M_لا_مستوى_مختبر
GTBP,2026-03-13,REJECT,ANCHOR,M_لا_مستوى_مختبر
GTBP,2026-03-16,REJECT,ANCHOR,M_لا_مستوى_مختبر
GTBP,2026-03-17,REJECT,ANCHOR,M_لا_مستوى_مختبر
GTBP,2026-03-18,REJECT,ANCHOR,M_لا_مستوى_مختبر
GTBP,2026-03-19,REJECT,ANCHOR,M_لا_مستوى_مختبر
GTBP,2026-03-20,REJECT,ANCHOR,M_لا_مستوى_مختبر
GTBP,2026-03-23,REJECT,ANCHOR,M_لا_مستوى_مختبر
GTBP,2026-03-24,REJECT,ANCHOR,M_لا_مستوى_مختبر
GTBP,2026-03-25,REJECT,ANCHOR,M_لا_مستوى_مختبر
GTBP,2026-03-26,REJECT,ANCHOR,M_لا_مستوى_مختبر
GTBP,2026-03-27,REJECT,ANCHOR,M_لا_مستوى_مختبر
GTBP,2026-03-30,REJECT,ANCHOR,M_لا_مستوى_مختبر
GTBP,2026-03-31,REJECT,ANCHOR,M_لا_مستوى_مختبر
GTBP,2026-04-01,REJECT,ANCHOR,M_لا_مستوى_مختبر
GTBP,2026-04-02,REJECT,ANCHOR,M_لا_مستوى_مختبر
GTBP,2026-04-06,REJECT,ANCHOR,M_لا_مستوى_مختبر
GTBP,2026-04-13,REJECT,ANCHOR,M_لا_مستوى_مختبر
GTBP,2026-04-24,REJECT,ANCHOR,M_لا_مستوى_مختبر
GTBP,2026-04-27,REJECT,SCORE,نقاط_تحت_5
GTBP,2026-05-18,REJECT,ANCHOR,M_لا_مستوى_مختبر
GTBP,2026-05-22,REJECT,ANCHOR,M_لا_مستوى_مختبر
GTBP,2026-06-16,REJECT,ANCHOR,M_لا_مستوى_مختبر
GTBP,2026-07-02,REJECT,ANCHOR,M_لا_مستوى_مختبر
GTBP,2026-07-17,REJECT,ANCHOR,M_لا_مستوى_مختبر
GTBP,2026-07-20,REJECT,ANCHOR,M_لا_مستوى_مختبر
GTBP,2026-07-27,REJECT,ANCHOR,M_لا_مستوى_مختبر
GTBP,2026-07-28,REJECT,ANCHOR,M_لا_مستوى_مختبر
GTBP,2026-07-31,REJECT,ANCHOR,M_لا_مستوى_مختبر
GTBP,2026-08-03,PASS,,
GTBP,2026-08-06,PASS,,
GTBP,2026-08-24,REJECT,ANCHOR,M_لا_مستوى_مختبر
GTBP,2026-09-04,REJECT,ANCHOR,M_لا_مستوى_مختبر
GTBP,2026-09-10,REJECT,ANCHOR,M_لا_مستوى_مختبر
GTBP,2026-09-14,REJECT,ANCHOR,M_لا_مستوى_مختبر
GTBP,2026-09-22,REJECT,M4_RANGE,M4_base_واسعة
GTBP,2026-09-23,REJECT,M4_RANGE,M4_base_واسعة
GTBP,2026-09-24,REJECT,M4_RANGE,M4_base_واسعة
GTBP,2026-09-25,REJECT,M4_RANGE,M4_base_واسعة
GTBP,2026-09-28,REJECT,M4_RANGE,M4_base_واسعة
GTBP,2026-10-05,REJECT,ANCHOR,M_لا_مستوى_مختبر
GVH,2025-08-04,REJECT,M4_RANGE,M4_base_واسعة
GVH,2026-01-16,REJECT,M4_RANGE,M4_base_واسعة
GVH,2026-01-20,REJECT,M4_RANGE,M4_base_واسعة
GVH,2026-01-21,REJECT,M4_RANGE,M4_base_واسعة
GVH,2026-01-22,REJECT,M4_RANGE,M4_base_واسعة
GVH,2026-01-23,REJECT,M4_RANGE,M4_base_واسعة
GVH,2026-01-26,REJECT,ANCHOR,M_لا_مستوى_مختبر
GVH,2026-01-27,REJECT,ANCHOR,M_لا_مستوى_مختبر
GVH,2026-01-28,REJECT,ANCHOR,M_لا_مستوى_مختبر
GVH,2026-03-30,PASS,,
GVH,2026-04-06,REJECT,M4_RANGE,M4_base_واسعة
GVH,2026-04-13,REJECT,M4_RANGE,M4_base_واسعة
GVH,2026-04-24,REJECT,ANCHOR,M_لا_مستوى_مختبر
GVH,2026-04-27,REJECT,RSI_NOW,M10_RSI_فات_القطار
GVH,2026-05-18,REJECT,ANCHOR,M_لا_مستوى_مختبر
GVH,2026-05-22,REJECT,ANCHOR,M_لا_مستوى_مختبر
GVH,2026-06-16,REJECT,ANCHOR,M_لا_مستوى_مختبر
GVH,2026-07-02,REJECT,M2_FLOOR,M2_هبوط_تحت_40
GVH,2026-07-17,REJECT,M2_FLOOR,M2_هبوط_تحت_40
GVH,2026-07-20,REJECT,M2_FLOOR,M2_هبوط_تحت_40
GVH,2026-07-27,REJECT,M4_RANGE,M4_base_واسعة
GVH,2026-07-28,REJECT,M4_RANGE,M4_base_واسعة
GVH,2026-07-31,REJECT,M4_RANGE,M4_base_واسعة
GVH,2026-08-03,REJECT,M4_RANGE,M4_base_واسعة
GVH,2026-08-06,REJECT,M4_RANGE,M4_base_واسعة
GVH,2026-08-24,PASS,,
GVH,2026-09-04,PASS,,
GVH,2026-09-10,PASS,,
GVH,2026-09-14,REJECT,ANCHOR,M_لا_مستوى_مختبر
GVH,2026-09-22,PASS,,
GVH,2026-09-23,REJECT,ANCHOR,M_لا_مستوى_مختبر
GVH,2026-09-24,REJECT,ANCHOR,M_لا_مستوى_مختبر
GVH,2026-09-25,PASS,,
GVH,2026-09-28,PASS,,
GVH,2026-10-05,PASS,,
HOWL,2025-08-04,REJECT,M2_FLOOR,M2_هبوط_تحت_40
HOWL,2026-01-22,REJECT,M3,M3_انفجار_تحت_60
HOWL,2026-01-28,REJECT,M3,M3_انفجار_تحت_60
HOWL,2026-03-30,REJECT,M2_FLOOR,M2_هبوط_تحت_40
HOWL,2026-04-06,REJECT,M2_FLOOR,M2_هبوط_تحت_40
HOWL,2026-04-13,REJECT,M2_FLOOR,M2_هبوط_تحت_40
HOWL,2026-04-24,REJECT,M2_FLOOR,M2_هبوط_تحت_40
HOWL,2026-04-27,REJECT,M2_FLOOR,M2_هبوط_تحت_40
HOWL,2026-05-18,REJECT,M3,M3_انفجار_تحت_60
HOWL,2026-05-22,REJECT,M3,M3_انفجار_تحت_60
HOWL,2026-06-16,REJECT,M1,M1_سعر
HOWL,2026-07-02,REJECT,M1,M1_سعر
HOWL,2026-07-17,REJECT,M1,M1_سعر
HOWL,2026-07-20,REJECT,M1,M1_سعر
HOWL,2026-07-27,REJECT,M3,M3_انفجار_تحت_60
HOWL,2026-07-28,REJECT,M3,M3_انفجار_تحت_60
HOWL,2026-07-31,REJECT,M3,M3_انفجار_تحت_60
HOWL,2026-08-03,REJECT,M1,M1_سعر
HOWL,2026-08-06,REJECT,M3,M3_انفجار_تحت_60
HOWL,2026-08-24,REJECT,M2_FLOOR,M2_هبوط_تحت_40
HOWL,2026-09-04,REJECT,M2_FLOOR,M2_هبوط_تحت_40
HOWL,2026-09-10,REJECT,M2_FLOOR,M2_هبوط_تحت_40
HOWL,2026-09-14,REJECT,M2_FLOOR,M2_هبوط_تحت_40
HOWL,2026-09-22,REJECT,M2_FLOOR,M2_هبوط_تحت_40
HOWL,2026-09-23,REJECT,M2_FLOOR,M2_هبوط_تحت_40
HOWL,2026-09-24,REJECT,M2_FLOOR,M2_هبوط_تحت_40
HOWL,2026-09-25,REJECT,M2_FLOOR,M2_هبوط_تحت_40
HOWL,2026-09-28,REJECT,M2_FLOOR,M2_هبوط_تحت_40
HOWL,2026-10-05,REJECT,M2_FLOOR,M2_هبوط_تحت_40
HSCS,2025-08-04,REJECT,M2_FLOOR,M2_هبوط_تحت_40
HSCS,2026-01-22,REJECT,M2_FLOOR,M2_هبوط_تحت_40
HSCS,2026-01-28,REJECT,M2_FLOOR,M2_هبوط_تحت_40
HSCS,2026-03-30,REJECT,M2_FLOOR,M2_هبوط_تحت_40
HSCS,2026-04-06,REJECT,M2_FLOOR,M2_هبوط_تحت_40
HSCS,2026-04-13,REJECT,M2_FLOOR,M2_هبوط_تحت_40
HSCS,2026-04-24,REJECT,M2_FLOOR,M2_هبوط_تحت_40
HSCS,2026-04-27,REJECT,M2_FLOOR,M2_هبوط_تحت_40
HSCS,2026-05-18,REJECT,M3,M3_انفجار_تحت_60
HSCS,2026-05-22,REJECT,M2_FLOOR,M2_هبوط_تحت_40
HSCS,2026-06-16,REJECT,M2_FLOOR,M2_هبوط_تحت_40
HSCS,2026-07-02,REJECT,M2_FLOOR,M2_هبوط_تحت_40
HSCS,2026-07-17,REJECT,M2_FLOOR,M2_هبوط_تحت_40
HSCS,2026-07-20,REJECT,M2_FLOOR,M2_هبوط_تحت_40
HSCS,2026-07-27,REJECT,M2_FLOOR,M2_هبوط_تحت_40
HSCS,2026-07-28,REJECT,M2_FLOOR,M2_هبوط_تحت_40
HSCS,2026-07-31,REJECT,M2_FLOOR,M2_هبوط_تحت_40
HSCS,2026-08-03,REJECT,M2_FLOOR,M2_هبوط_تحت_40
HSCS,2026-08-06,REJECT,M2_FLOOR,M2_هبوط_تحت_40
HSCS,2026-08-24,REJECT,M2_FLOOR,M2_هبوط_تحت_40
HSCS,2026-09-04,REJECT,M2_FLOOR,M2_هبوط_تحت_40
HSCS,2026-09-10,REJECT,M2_FLOOR,M2_هبوط_تحت_40
HSCS,2026-09-14,REJECT,M2_FLOOR,M2_هبوط_تحت_40
HSCS,2026-09-22,REJECT,M2_FLOOR,M2_هبوط_تحت_40
HSCS,2026-09-23,REJECT,M2_FLOOR,M2_هبوط_تحت_40
HSCS,2026-09-24,REJECT,M2_FLOOR,M2_هبوط_تحت_40
HSCS,2026-09-25,REJECT,M2_FLOOR,M2_هبوط_تحت_40
HSCS,2026-09-28,REJECT,M2_FLOOR,M2_هبوط_تحت_40
HSCS,2026-10-05,REJECT,M2_FLOOR,M2_هبوط_تحت_40
HTCO,2025-08-04,REJECT,ANCHOR,M_لا_مستوى_مختبر
HTCO,2026-01-22,REJECT,ANCHOR,M_لا_مستوى_مختبر
HTCO,2026-01-28,REJECT,ANCHOR,M_لا_مستوى_مختبر
HTCO,2026-03-30,REJECT,ANCHOR,M_لا_مستوى_مختبر
HTCO,2026-04-06,REJECT,ANCHOR,M_لا_مستوى_مختبر
HTCO,2026-04-07,REJECT,ANCHOR,M_لا_مستوى_مختبر
HTCO,2026-04-08,REJECT,ANCHOR,M_لا_مستوى_مختبر
HTCO,2026-04-09,REJECT,ANCHOR,M_لا_مستوى_مختبر
HTCO,2026-04-10,REJECT,ANCHOR,M_لا_مستوى_مختبر
HTCO,2026-04-13,REJECT,ANCHOR,M_لا_مستوى_مختبر
HTCO,2026-04-14,REJECT,ANCHOR,M_لا_مستوى_مختبر
HTCO,2026-04-15,REJECT,ANCHOR,M_لا_مستوى_مختبر
HTCO,2026-04-16,REJECT,ANCHOR,M_لا_مستوى_مختبر
HTCO,2026-04-17,REJECT,ANCHOR,M_لا_مستوى_مختبر
HTCO,2026-04-20,REJECT,ANCHOR,M_لا_مستوى_مختبر
HTCO,2026-04-21,REJECT,ANCHOR,M_لا_مستوى_مختبر
HTCO,2026-04-22,REJECT,ANCHOR,M_لا_مستوى_مختبر
HTCO,2026-04-23,REJECT,ANCHOR,M_لا_مستوى_مختبر
HTCO,2026-04-24,REJECT,ANCHOR,M_لا_مستوى_مختبر
HTCO,2026-04-27,REJECT,ANCHOR,M_لا_مستوى_مختبر
HTCO,2026-05-18,REJECT,M4_RANGE,M4_base_واسعة
HTCO,2026-05-22,REJECT,M4_RANGE,M4_base_واسعة
HTCO,2026-06-01,REJECT,M4_RANGE,M4_base_واسعة
HTCO,2026-06-02,REJECT,M4_RANGE,M4_base_واسعة
HTCO,2026-06-03,REJECT,M4_RANGE,M4_base_واسعة
HTCO,2026-06-04,REJECT,M4_RANGE,M4_base_واسعة
HTCO,2026-06-05,REJECT,M4_RANGE,M4_base_واسعة
HTCO,2026-06-08,REJECT,M4_RANGE,M4_base_واسعة
HTCO,2026-06-09,REJECT,M4_RANGE,M4_base_واسعة
HTCO,2026-06-10,REJECT,M4_RANGE,M4_base_واسعة
HTCO,2026-06-11,REJECT,M4_RANGE,M4_base_واسعة
HTCO,2026-06-12,REJECT,M4_RANGE,M4_base_واسعة
HTCO,2026-06-15,REJECT,M4_RANGE,M4_base_واسعة
HTCO,2026-06-16,REJECT,M4_RANGE,M4_base_واسعة
HTCO,2026-06-17,REJECT,M4_RANGE,M4_base_واسعة
HTCO,2026-06-18,REJECT,M4_RANGE,M4_base_واسعة
HTCO,2026-06-22,REJECT,M4_RANGE,M4_base_واسعة
HTCO,2026-06-23,REJECT,M4_RANGE,M4_base_واسعة
HTCO,2026-06-24,REJECT,M4_RANGE,M4_base_واسعة
HTCO,2026-06-25,REJECT,M4_RANGE,M4_base_واسعة
HTCO,2026-06-26,REJECT,ANCHOR,M_لا_مستوى_مختبر
HTCO,2026-06-29,REJECT,ANCHOR,M_لا_مستوى_مختبر
HTCO,2026-06-30,REJECT,ANCHOR,M_لا_مستوى_مختبر
HTCO,2026-07-01,REJECT,ANCHOR,M_لا_مستوى_مختبر
HTCO,2026-07-02,REJECT,ANCHOR,M_لا_مستوى_مختبر
HTCO,2026-07-17,REJECT,ANCHOR,M_لا_مستوى_مختبر
HTCO,2026-07-20,REJECT,ANCHOR,M_لا_مستوى_مختبر
HTCO,2026-07-27,PASS,,
HTCO,2026-07-28,PASS,,
HTCO,2026-07-31,PASS,,
HTCO,2026-08-03,PASS,,
HTCO,2026-08-06,PASS,,
HTCO,2026-08-24,PASS,,
HTCO,2026-09-04,REJECT,ANCHOR,M_لا_مستوى_مختبر
HTCO,2026-09-08,REJECT,ANCHOR,M_لا_مستوى_مختبر
HTCO,2026-09-09,REJECT,ANCHOR,M_لا_مستوى_مختبر
HTCO,2026-09-10,REJECT,ANCHOR,M_لا_مستوى_مختبر
HTCO,2026-09-11,REJECT,ANCHOR,M_لا_مستوى_مختبر
HTCO,2026-09-14,REJECT,ANCHOR,M_لا_مستوى_مختبر
HTCO,2026-09-22,REJECT,ANCHOR,M_لا_مستوى_مختبر
HTCO,2026-09-23,REJECT,ANCHOR,M_لا_مستوى_مختبر
HTCO,2026-09-24,REJECT,ANCHOR,M_لا_مستوى_مختبر
HTCO,2026-09-25,REJECT,ANCHOR,M_لا_مستوى_مختبر
HTCO,2026-09-28,REJECT,ANCHOR,M_لا_مستوى_مختبر
HTCO,2026-10-05,REJECT,ANCHOR,M_لا_مستوى_مختبر
HTCR,2025-08-04,REJECT,M3,M3_انفجار_تحت_60
HTCR,2026-01-22,REJECT,ANCHOR,M_لا_مستوى_مختبر
HTCR,2026-01-28,REJECT,ANCHOR,M_لا_مستوى_مختبر
HTCR,2026-03-30,PASS,,
HTCR,2026-04-06,REJECT,ANCHOR,M_لا_مستوى_مختبر
HTCR,2026-04-13,PASS,,
HTCR,2026-04-24,REJECT,ANCHOR,M_لا_مستوى_مختبر
HTCR,2026-04-27,REJECT,ANCHOR,M_لا_مستوى_مختبر
HTCR,2026-05-18,REJECT,ANCHOR,M_لا_مستوى_مختبر
HTCR,2026-05-22,REJECT,ANCHOR,M_لا_مستوى_مختبر
HTCR,2026-06-16,REJECT,ANCHOR,M_لا_مستوى_مختبر
HTCR,2026-07-02,REJECT,ANCHOR,M_لا_مستوى_مختبر
HTCR,2026-07-17,REJECT,ANCHOR,M_لا_مستوى_مختبر
HTCR,2026-07-20,REJECT,ANCHOR,M_لا_مستوى_مختبر
HTCR,2026-07-27,REJECT,ANCHOR,M_لا_مستوى_مختبر
HTCR,2026-07-28,REJECT,ANCHOR,M_لا_مستوى_مختبر
HTCR,2026-07-31,PASS,,
HTCR,2026-08-03,PASS,,
HTCR,2026-08-06,PASS,,
HTCR,2026-08-24,PASS,,
HTCR,2026-09-04,PASS,,
HTCR,2026-09-10,REJECT,ANCHOR,M_لا_مستوى_مختبر
HTCR,2026-09-14,REJECT,ANCHOR,M_لا_مستوى_مختبر
HTCR,2026-09-22,REJECT,ANCHOR,M_لا_مستوى_مختبر
HTCR,2026-09-23,REJECT,ANCHOR,M_لا_مستوى_مختبر
HTCR,2026-09-24,REJECT,ANCHOR,M_لا_مستوى_مختبر
HTCR,2026-09-25,REJECT,ANCHOR,M_لا_مستوى_مختبر
HTCR,2026-09-28,REJECT,ANCHOR,M_لا_مستوى_مختبر
HTCR,2026-10-05,REJECT,ANCHOR,M_لا_مستوى_مختبر
INDP,2025-08-04,REJECT,ANCHOR,M_لا_مستوى_مختبر
INDP,2025-12-26,REJECT,ANCHOR,M_لا_مستوى_مختبر
INDP,2025-12-29,REJECT,ANCHOR,M_لا_مستوى_مختبر
INDP,2025-12-30,REJECT,ANCHOR,M_لا_مستوى_مختبر
INDP,2025-12-31,REJECT,ANCHOR,M_لا_مستوى_مختبر
INDP,2026-01-02,REJECT,ANCHOR,M_لا_مستوى_مختبر
INDP,2026-01-05,REJECT,ANCHOR,M_لا_مستوى_مختبر
INDP,2026-01-06,REJECT,ANCHOR,M_لا_مستوى_مختبر
INDP,2026-01-07,REJECT,ANCHOR,M_لا_مستوى_مختبر
INDP,2026-01-08,REJECT,ANCHOR,M_لا_مستوى_مختبر
INDP,2026-01-09,REJECT,ANCHOR,M_لا_مستوى_مختبر
INDP,2026-01-12,PASS,,
INDP,2026-01-13,PASS,,
INDP,2026-01-14,PASS,,
INDP,2026-01-15,REJECT,ANCHOR,M_لا_مستوى_مختبر
INDP,2026-01-16,REJECT,ANCHOR,M_لا_مستوى_مختبر
INDP,2026-01-20,REJECT,ANCHOR,M_لا_مستوى_مختبر
INDP,2026-01-21,REJECT,ANCHOR,M_لا_مستوى_مختبر
INDP,2026-01-22,REJECT,ANCHOR,M_لا_مستوى_مختبر
INDP,2026-01-23,REJECT,ANCHOR,M_لا_مستوى_مختبر
INDP,2026-01-26,REJECT,ANCHOR,M_لا_مستوى_مختبر
INDP,2026-01-27,REJECT,ANCHOR,M_لا_مستوى_مختبر
INDP,2026-01-28,REJECT,ANCHOR,M_لا_مستوى_مختبر
INDP,2026-03-30,PASS,,
INDP,2026-04-06,REJECT,ANCHOR,M_لا_مستوى_مختبر
INDP,2026-04-13,PASS,,
INDP,2026-04-24,REJECT,M4_RANGE,M4_base_واسعة
INDP,2026-04-27,REJECT,M4_RANGE,M4_base_واسعة
INDP,2026-05-18,REJECT,M4_RANGE,M4_base_واسعة
INDP,2026-05-22,REJECT,M4_RANGE,M4_base_واسعة
INDP,2026-06-16,REJECT,M4_RANGE,M4_base_واسعة
INDP,2026-07-02,REJECT,M4_RANGE,M4_base_واسعة
INDP,2026-07-17,REJECT,ANCHOR,M_لا_مستوى_مختبر
INDP,2026-07-20,REJECT,ANCHOR,M_لا_مستوى_مختبر
INDP,2026-07-27,REJECT,ANCHOR,M_لا_مستوى_مختبر
INDP,2026-07-28,REJECT,ANCHOR,M_لا_مستوى_مختبر
INDP,2026-07-31,REJECT,ANCHOR,M_لا_مستوى_مختبر
INDP,2026-08-03,REJECT,M4_RANGE,M4_base_واسعة
INDP,2026-08-06,REJECT,M4_RANGE,M4_base_واسعة
INDP,2026-08-24,REJECT,ANCHOR,M_لا_مستوى_مختبر
INDP,2026-09-04,REJECT,ANCHOR,M_لا_مستوى_مختبر
INDP,2026-09-10,REJECT,M4_RANGE,M4_base_واسعة
INDP,2026-09-14,REJECT,M2_FLOOR,M2_هبوط_تحت_40
INDP,2026-09-22,REJECT,M2_FLOOR,M2_هبوط_تحت_40
INDP,2026-09-23,REJECT,M2_FLOOR,M2_هبوط_تحت_40
INDP,2026-09-24,REJECT,M2_FLOOR,M2_هبوط_تحت_40
INDP,2026-09-25,REJECT,M2_FLOOR,M2_هبوط_تحت_40
INDP,2026-09-28,REJECT,M2_FLOOR,M2_هبوط_تحت_40
INDP,2026-10-05,REJECT,M2_FLOOR,M2_هبوط_تحت_40
INO,2025-08-04,REJECT,M2_FLOOR,M2_هبوط_تحت_40
INO,2026-01-22,REJECT,M2_FLOOR,M2_هبوط_تحت_40
INO,2026-01-28,REJECT,M2_FLOOR,M2_هبوط_تحت_40
INO,2026-03-30,REJECT,M2_FLOOR,M2_هبوط_تحت_40
INO,2026-04-06,REJECT,M2_FLOOR,M2_هبوط_تحت_40
INO,2026-04-13,REJECT,M2_FLOOR,M2_هبوط_تحت_40
INO,2026-04-24,REJECT,M2_FLOOR,M2_هبوط_تحت_40
INO,2026-04-27,REJECT,M2_FLOOR,M2_هبوط_تحت_40
INO,2026-05-18,REJECT,M2_FLOOR,M2_هبوط_تحت_40
INO,2026-05-22,REJECT,M2_FLOOR,M2_هبوط_تحت_40
INO,2026-06-16,REJECT,M2_FLOOR,M2_هبوط_تحت_40
INO,2026-07-02,REJECT,M2_FLOOR,M2_هبوط_تحت_40
INO,2026-07-17,REJECT,M2_FLOOR,M2_هبوط_تحت_40
INO,2026-07-20,REJECT,M2_FLOOR,M2_هبوط_تحت_40
INO,2026-07-27,REJECT,M2_FLOOR,M2_هبوط_تحت_40
INO,2026-07-28,REJECT,M2_FLOOR,M2_هبوط_تحت_40
INO,2026-07-31,REJECT,ANCHOR,M_لا_مستوى_مختبر
INO,2026-08-03,REJECT,ANCHOR,M_لا_مستوى_مختبر
INO,2026-08-06,REJECT,ANCHOR,M_لا_مستوى_مختبر
INO,2026-08-24,REJECT,M2_FLOOR,M2_هبوط_تحت_40
INO,2026-09-04,REJECT,M2_FLOOR,M2_هبوط_تحت_40
INO,2026-09-10,REJECT,M2_FLOOR,M2_هبوط_تحت_40
INO,2026-09-14,REJECT,M2_FLOOR,M2_هبوط_تحت_40
INO,2026-09-22,REJECT,M2_FLOOR,M2_هبوط_تحت_40
INO,2026-09-23,REJECT,M2_FLOOR,M2_هبوط_تحت_40
INO,2026-09-24,REJECT,M2_FLOOR,M2_هبوط_تحت_40
INO,2026-09-25,REJECT,M2_FLOOR,M2_هبوط_تحت_40
INO,2026-09-28,REJECT,M2_FLOOR,M2_هبوط_تحت_40
INO,2026-10-05,REJECT,M2_FLOOR,M2_هبوط_تحت_40
JZ,2025-08-04,REJECT,M3,M3_انفجار_تحت_60
JZ,2026-01-22,REJECT,M3,M3_انفجار_تحت_60
JZ,2026-01-28,REJECT,M3,M3_انفجار_تحت_60
JZ,2026-03-30,REJECT,M3,M3_انفجار_تحت_60
JZ,2026-04-06,REJECT,M3,M3_انفجار_تحت_60
JZ,2026-04-13,REJECT,M3,M3_انفجار_تحت_60
JZ,2026-04-24,REJECT,ANCHOR,M_لا_مستوى_مختبر
JZ,2026-04-27,REJECT,ANCHOR,M_لا_مستوى_مختبر
JZ,2026-05-18,REJECT,ANCHOR,M_لا_مستوى_مختبر
JZ,2026-05-22,REJECT,M4_RANGE,M4_base_واسعة
JZ,2026-06-16,REJECT,M4_RANGE,M4_base_واسعة
JZ,2026-07-02,REJECT,M4_RANGE,M4_base_واسعة
JZ,2026-07-17,REJECT,ANCHOR,M_لا_مستوى_مختبر
JZ,2026-07-20,REJECT,ANCHOR,M_لا_مستوى_مختبر
JZ,2026-07-21,REJECT,M4_RANGE,M4_base_واسعة
JZ,2026-07-22,REJECT,M4_RANGE,M4_base_واسعة
JZ,2026-07-23,REJECT,ANCHOR,M_لا_مستوى_مختبر
JZ,2026-07-24,REJECT,ANCHOR,M_لا_مستوى_مختبر
JZ,2026-07-27,REJECT,ANCHOR,M_لا_مستوى_مختبر
JZ,2026-07-28,REJECT,ANCHOR,M_لا_مستوى_مختبر
JZ,2026-07-29,REJECT,ANCHOR,M_لا_مستوى_مختبر
JZ,2026-07-30,REJECT,ANCHOR,M_لا_مستوى_مختبر
JZ,2026-07-31,REJECT,ANCHOR,M_لا_مستوى_مختبر
JZ,2026-08-03,REJECT,ANCHOR,M_لا_مستوى_مختبر
JZ,2026-08-04,REJECT,ANCHOR,M_لا_مستوى_مختبر
JZ,2026-08-05,REJECT,ANCHOR,M_لا_مستوى_مختبر
JZ,2026-08-06,REJECT,ANCHOR,M_لا_مستوى_مختبر
JZ,2026-08-24,REJECT,M4_RANGE,M4_base_واسعة
JZ,2026-09-04,REJECT,M4_RANGE,M4_base_واسعة
JZ,2026-09-10,REJECT,M4_RANGE,M4_base_واسعة
JZ,2026-09-14,REJECT,M4_RANGE,M4_base_واسعة
JZ,2026-09-22,REJECT,M4_RANGE,M4_base_واسعة
JZ,2026-09-23,REJECT,M4_RANGE,M4_base_واسعة
JZ,2026-09-24,REJECT,M4_RANGE,M4_base_واسعة
JZ,2026-09-25,REJECT,M4_RANGE,M4_base_واسعة
JZ,2026-09-28,REJECT,M4_RANGE,M4_base_واسعة
JZ,2026-10-05,REJECT,M4_RANGE,M4_base_واسعة
KELYB,2025-08-04,TOO_FEW_BARS,DEPTH,MIN_BARS
KELYB,2026-01-22,TOO_FEW_BARS,DEPTH,MIN_BARS
KELYB,2026-01-28,TOO_FEW_BARS,DEPTH,MIN_BARS
KELYB,2026-03-27,REJECT,ANCHOR,M_لا_مستوى_مختبر
KELYB,2026-03-30,REJECT,ANCHOR,M_لا_مستوى_مختبر
KELYB,2026-03-31,REJECT,ANCHOR,M_لا_مستوى_مختبر
KELYB,2026-04-01,REJECT,ANCHOR,M_لا_مستوى_مختبر
KELYB,2026-04-02,REJECT,ANCHOR,M_لا_مستوى_مختبر
KELYB,2026-04-06,REJECT,ANCHOR,M_لا_مستوى_مختبر
KELYB,2026-04-13,REJECT,ANCHOR,M_لا_مستوى_مختبر
KELYB,2026-04-24,REJECT,ANCHOR,M_لا_مستوى_مختبر
KELYB,2026-04-27,REJECT,ANCHOR,M_لا_مستوى_مختبر
KELYB,2026-05-18,REJECT,ANCHOR,M_لا_مستوى_مختبر
KELYB,2026-05-22,REJECT,ANCHOR,M_لا_مستوى_مختبر
KELYB,2026-06-16,PASS,,
KELYB,2026-07-02,REJECT,RSI_NOW,M10_RSI_فات_القطار
KELYB,2026-07-17,PASS,,
KELYB,2026-07-20,PASS,,
KELYB,2026-07-27,PASS,,
KELYB,2026-07-28,PASS,,
KELYB,2026-07-31,PASS,,
KELYB,2026-08-03,PASS,,
KELYB,2026-08-06,REJECT,ANCHOR,M_لا_مستوى_مختبر
KELYB,2026-08-24,REJECT,ANCHOR,M_لا_مستوى_مختبر
KELYB,2026-09-04,REJECT,ANCHOR,M_لا_مستوى_مختبر
KELYB,2026-09-10,REJECT,ANCHOR,M_لا_مستوى_مختبر
KELYB,2026-09-14,PASS,,
KELYB,2026-09-22,REJECT,ANCHOR,M_لا_مستوى_مختبر
KELYB,2026-09-23,REJECT,ANCHOR,M_لا_مستوى_مختبر
KELYB,2026-09-24,REJECT,ANCHOR,M_لا_مستوى_مختبر
KELYB,2026-09-25,REJECT,ANCHOR,M_لا_مستوى_مختبر
KELYB,2026-09-28,REJECT,ANCHOR,M_لا_مستوى_مختبر
KELYB,2026-10-05,REJECT,ANCHOR,M_لا_مستوى_مختبر
KMRK,2025-08-04,TOO_FEW_BARS,DEPTH,MIN_BARS
KMRK,2026-01-22,REJECT,M3,M3_انفجار_تحت_60
KMRK,2026-01-28,REJECT,M2_FLOOR,M2_هبوط_تحت_40
KMRK,2026-03-30,REJECT,M2_FLOOR,M2_هبوط_تحت_40
KMRK,2026-04-06,REJECT,M2_FLOOR,M2_هبوط_تحت_40
KMRK,2026-04-13,REJECT,M2_FLOOR,M2_هبوط_تحت_40
KMRK,2026-04-24,REJECT,M2_FLOOR,M2_هبوط_تحت_40
KMRK,2026-04-27,REJECT,M2_FLOOR,M2_هبوط_تحت_40
KMRK,2026-05-18,REJECT,M2_FLOOR,M2_هبوط_تحت_40
KMRK,2026-05-22,REJECT,M2_FLOOR,M2_هبوط_تحت_40
KMRK,2026-06-16,REJECT,M4_RANGE,M4_base_واسعة
KMRK,2026-07-02,REJECT,M4_RANGE,M4_base_واسعة
KMRK,2026-07-17,PASS,,
KMRK,2026-07-20,PASS,,
KMRK,2026-07-27,PASS,,
KMRK,2026-07-28,PASS,,
KMRK,2026-07-31,PASS,,
KMRK,2026-08-03,PASS,,
KMRK,2026-08-06,PASS,,
KMRK,2026-08-24,REJECT,ANCHOR,M_لا_مستوى_مختبر
KMRK,2026-09-04,REJECT,ANCHOR,M_لا_مستوى_مختبر
KMRK,2026-09-10,REJECT,ANCHOR,M_لا_مستوى_مختبر
KMRK,2026-09-14,REJECT,ANCHOR,M_لا_مستوى_مختبر
KMRK,2026-09-22,REJECT,ANCHOR,M_لا_مستوى_مختبر
KMRK,2026-09-23,REJECT,ANCHOR,M_لا_مستوى_مختبر
KMRK,2026-09-24,REJECT,ANCHOR,M_لا_مستوى_مختبر
KMRK,2026-09-25,REJECT,ANCHOR,M_لا_مستوى_مختبر
KMRK,2026-09-28,REJECT,M5,M5_سيولة
KMRK,2026-10-05,PASS,,
KOD,2025-08-04,REJECT,M2_FLOOR,M2_هبوط_تحت_40
KOD,2026-01-22,REJECT,M2_FLOOR,M2_هبوط_تحت_40
KOD,2026-01-28,REJECT,M2_FLOOR,M2_هبوط_تحت_40
KOD,2026-03-30,REJECT,M2_FLOOR,M2_هبوط_تحت_40
KOD,2026-04-06,REJECT,M2_FLOOR,M2_هبوط_تحت_40
KOD,2026-04-13,REJECT,M2_FLOOR,M2_هبوط_تحت_40
KOD,2026-04-24,REJECT,M2_FLOOR,M2_هبوط_تحت_40
KOD,2026-04-27,REJECT,M2_FLOOR,M2_هبوط_تحت_40
KOD,2026-05-18,REJECT,M2_FLOOR,M2_هبوط_تحت_40
KOD,2026-05-22,REJECT,M2_FLOOR,M2_هبوط_تحت_40
KOD,2026-06-16,REJECT,M2_FLOOR,M2_هبوط_تحت_40
KOD,2026-07-02,REJECT,M2_FLOOR,M2_هبوط_تحت_40
KOD,2026-07-17,REJECT,M2_FLOOR,M2_هبوط_تحت_40
KOD,2026-07-20,REJECT,M2_FLOOR,M2_هبوط_تحت_40
KOD,2026-07-27,REJECT,M2_FLOOR,M2_هبوط_تحت_40
KOD,2026-07-28,REJECT,M2_FLOOR,M2_هبوط_تحت_40
KOD,2026-07-31,REJECT,M2_FLOOR,M2_هبوط_تحت_40
KOD,2026-08-03,REJECT,M2_FLOOR,M2_هبوط_تحت_40
KOD,2026-08-06,REJECT,M2_FLOOR,M2_هبوط_تحت_40
KOD,2026-08-24,REJECT,M2_FLOOR,M2_هبوط_تحت_40
KOD,2026-09-04,REJECT,M2_FLOOR,M2_هبوط_تحت_40
KOD,2026-09-10,REJECT,M2_FLOOR,M2_هبوط_تحت_40
KOD,2026-09-14,REJECT,M2_FLOOR,M2_هبوط_تحت_40
KOD,2026-09-22,REJECT,M2_FLOOR,M2_هبوط_تحت_40
KOD,2026-09-23,REJECT,M2_FLOOR,M2_هبوط_تحت_40
KOD,2026-09-24,REJECT,M2_FLOOR,M2_هبوط_تحت_40
KOD,2026-09-25,REJECT,M2_FLOOR,M2_هبوط_تحت_40
KOD,2026-09-28,REJECT,M2_FLOOR,M2_هبوط_تحت_40
KOD,2026-10-05,REJECT,M2_FLOOR,M2_هبوط_تحت_40
KPLT,2025-08-04,REJECT,M2_FLOOR,M2_هبوط_تحت_40
KPLT,2026-01-22,REJECT,ANCHOR,M_لا_مستوى_مختبر
KPLT,2026-01-28,PASS,,
KPLT,2026-03-30,REJECT,M2_FLOOR,M2_هبوط_تحت_40
KPLT,2026-04-06,REJECT,M2_FLOOR,M2_هبوط_تحت_40
KPLT,2026-04-13,REJECT,M2_FLOOR,M2_هبوط_تحت_40
KPLT,2026-04-24,REJECT,M2_FLOOR,M2_هبوط_تحت_40
KPLT,2026-04-27,REJECT,M2_FLOOR,M2_هبوط_تحت_40
KPLT,2026-05-18,PASS,,
KPLT,2026-05-22,REJECT,ANCHOR,M_لا_مستوى_مختبر
KPLT,2026-06-16,PASS,,
KPLT,2026-07-02,REJECT,M2_FLOOR,M2_هبوط_تحت_40
KPLT,2026-07-17,REJECT,M2_FLOOR,M2_هبوط_تحت_40
KPLT,2026-07-20,PASS,,
KPLT,2026-07-27,REJECT,M2_FLOOR,M2_هبوط_تحت_40
KPLT,2026-07-28,REJECT,ANCHOR,M_لا_مستوى_مختبر
KPLT,2026-07-31,PASS,,
KPLT,2026-08-03,PASS,,
KPLT,2026-08-06,REJECT,ANCHOR,M_لا_مستوى_مختبر
KPLT,2026-08-24,REJECT,ANCHOR,M_لا_مستوى_مختبر
KPLT,2026-09-04,REJECT,ANCHOR,M_لا_مستوى_مختبر
KPLT,2026-09-10,REJECT,M2_FLOOR,M2_هبوط_تحت_40
KPLT,2026-09-14,REJECT,M2_FLOOR,M2_هبوط_تحت_40
KPLT,2026-09-22,REJECT,M2_FLOOR,M2_هبوط_تحت_40
KPLT,2026-09-23,REJECT,M2_FLOOR,M2_هبوط_تحت_40
KPLT,2026-09-24,REJECT,M2_FLOOR,M2_هبوط_تحت_40
KPLT,2026-09-25,REJECT,M2_FLOOR,M2_هبوط_تحت_40
KPLT,2026-09-28,REJECT,ANCHOR,M_لا_مستوى_مختبر
KPLT,2026-10-05,REJECT,M4_RANGE,M4_base_واسعة
LFS,2025-08-04,TOO_FEW_BARS,DEPTH,MIN_BARS
LFS,2026-01-22,TOO_FEW_BARS,DEPTH,MIN_BARS
LFS,2026-01-28,TOO_FEW_BARS,DEPTH,MIN_BARS
LFS,2026-03-30,TOO_FEW_BARS,DEPTH,MIN_BARS
LFS,2026-04-06,REJECT,ANCHOR,M_لا_مستوى_مختبر
LFS,2026-04-13,REJECT,ANCHOR,M_لا_مستوى_مختبر
LFS,2026-04-24,PASS,,
LFS,2026-04-27,PASS,,
LFS,2026-05-18,REJECT,ANCHOR,M_لا_مستوى_مختبر
LFS,2026-05-22,REJECT,ANCHOR,M_لا_مستوى_مختبر
LFS,2026-06-16,REJECT,ANCHOR,M_لا_مستوى_مختبر
LFS,2026-07-02,REJECT,ANCHOR,M_لا_مستوى_مختبر
LFS,2026-07-17,REJECT,ANCHOR,M_لا_مستوى_مختبر
LFS,2026-07-20,REJECT,ANCHOR,M_لا_مستوى_مختبر
LFS,2026-07-27,REJECT,ANCHOR,M_لا_مستوى_مختبر
LFS,2026-07-28,PASS,,
LFS,2026-07-31,REJECT,ANCHOR,M_لا_مستوى_مختبر
LFS,2026-08-03,REJECT,ANCHOR,M_لا_مستوى_مختبر
LFS,2026-08-06,REJECT,ANCHOR,M_لا_مستوى_مختبر
LFS,2026-08-24,REJECT,ANCHOR,M_لا_مستوى_مختبر
LFS,2026-09-04,REJECT,ANCHOR,M_لا_مستوى_مختبر
LFS,2026-09-10,PASS,,
LFS,2026-09-14,PASS,,
LFS,2026-09-22,PASS,,
LFS,2026-09-23,PASS,,
LFS,2026-09-24,PASS,,
LFS,2026-09-25,PASS,,
LFS,2026-09-28,REJECT,ANCHOR,M_لا_مستوى_مختبر
LFS,2026-10-05,REJECT,ANCHOR,M_لا_مستوى_مختبر
LHSW,2025-08-04,TOO_FEW_BARS,DEPTH,MIN_BARS
LHSW,2026-01-22,REJECT,ANCHOR,M_لا_مستوى_مختبر
LHSW,2026-01-28,REJECT,ANCHOR,M_لا_مستوى_مختبر
LHSW,2026-03-30,REJECT,ANCHOR,M_لا_مستوى_مختبر
LHSW,2026-04-06,REJECT,ANCHOR,M_لا_مستوى_مختبر
LHSW,2026-04-13,PASS,,
LHSW,2026-04-24,REJECT,ANCHOR,M_لا_مستوى_مختبر
LHSW,2026-04-27,REJECT,ANCHOR,M_لا_مستوى_مختبر
LHSW,2026-05-18,REJECT,ANCHOR,M_لا_مستوى_مختبر
LHSW,2026-05-22,REJECT,ANCHOR,M_لا_مستوى_مختبر
LHSW,2026-06-16,REJECT,ANCHOR,M_لا_مستوى_مختبر
LHSW,2026-06-29,REJECT,M4_RANGE,M4_base_واسعة
LHSW,2026-06-30,REJECT,M4_RANGE,M4_base_واسعة
LHSW,2026-07-01,REJECT,ANCHOR,M_لا_مستوى_مختبر
LHSW,2026-07-02,REJECT,ANCHOR,M_لا_مستوى_مختبر
LHSW,2026-07-06,REJECT,ANCHOR,M_لا_مستوى_مختبر
LHSW,2026-07-07,REJECT,M4_RANGE,M4_base_واسعة
LHSW,2026-07-08,REJECT,M4_RANGE,M4_base_واسعة
LHSW,2026-07-09,REJECT,M4_RANGE,M4_base_واسعة
LHSW,2026-07-10,REJECT,M4_RANGE,M4_base_واسعة
LHSW,2026-07-13,REJECT,M4_RANGE,M4_base_واسعة
LHSW,2026-07-14,REJECT,M4_RANGE,M4_base_واسعة
LHSW,2026-07-15,REJECT,M4_RANGE,M4_base_واسعة
LHSW,2026-07-16,REJECT,M4_RANGE,M4_base_واسعة
LHSW,2026-07-17,REJECT,M4_RANGE,M4_base_واسعة
LHSW,2026-07-20,REJECT,M4_RANGE,M4_base_واسعة
LHSW,2026-07-21,REJECT,M4_RANGE,M4_base_واسعة
LHSW,2026-07-22,REJECT,M4_RANGE,M4_base_واسعة
LHSW,2026-07-23,REJECT,M4_RANGE,M4_base_واسعة
LHSW,2026-07-24,REJECT,M4_RANGE,M4_base_واسعة
LHSW,2026-07-27,REJECT,M4_RANGE,M4_base_واسعة
LHSW,2026-07-28,REJECT,M4_RANGE,M4_base_واسعة
LHSW,2026-07-29,REJECT,ANCHOR,M_لا_مستوى_مختبر
LHSW,2026-07-30,REJECT,ANCHOR,M_لا_مستوى_مختبر
LHSW,2026-07-31,REJECT,ANCHOR,M_لا_مستوى_مختبر
LHSW,2026-08-03,REJECT,ANCHOR,M_لا_مستوى_مختبر
LHSW,2026-08-04,REJECT,ANCHOR,M_لا_مستوى_مختبر
LHSW,2026-08-05,REJECT,ANCHOR,M_لا_مستوى_مختبر
LHSW,2026-08-06,REJECT,ANCHOR,M_لا_مستوى_مختبر
LHSW,2026-08-07,REJECT,ANCHOR,M_لا_مستوى_مختبر
LHSW,2026-08-10,REJECT,ANCHOR,M_لا_مستوى_مختبر
LHSW,2026-08-11,REJECT,ANCHOR,M_لا_مستوى_مختبر
LHSW,2026-08-12,REJECT,ANCHOR,M_لا_مستوى_مختبر
LHSW,2026-08-13,REJECT,ANCHOR,M_لا_مستوى_مختبر
LHSW,2026-08-14,REJECT,ANCHOR,M_لا_مستوى_مختبر
LHSW,2026-08-17,PASS,,
LHSW,2026-08-18,PASS,,
LHSW,2026-08-19,PASS,,
LHSW,2026-08-20,PASS,,
LHSW,2026-08-21,PASS,,
LHSW,2026-08-24,PASS,,
LHSW,2026-08-25,PASS,,
LHSW,2026-08-26,PASS,,
LHSW,2026-08-27,PASS,,
LHSW,2026-08-28,PASS,,
LHSW,2026-08-31,REJECT,ANCHOR,M_لا_مستوى_مختبر
LHSW,2026-09-01,REJECT,ANCHOR,M_لا_مستوى_مختبر
LHSW,2026-09-02,REJECT,ANCHOR,M_لا_مستوى_مختبر
LHSW,2026-09-03,REJECT,ANCHOR,M_لا_مستوى_مختبر
LHSW,2026-09-04,REJECT,ANCHOR,M_لا_مستوى_مختبر
LHSW,2026-09-10,REJECT,M4_RANGE,M4_base_واسعة
LHSW,2026-09-14,REJECT,M4_RANGE,M4_base_واسعة
LHSW,2026-09-22,REJECT,M4_RANGE,M4_base_واسعة
LHSW,2026-09-23,REJECT,M4_RANGE,M4_base_واسعة
LHSW,2026-09-24,REJECT,M4_RANGE,M4_base_واسعة
LHSW,2026-09-25,REJECT,M4_RANGE,M4_base_واسعة
LHSW,2026-09-28,REJECT,M4_RANGE,M4_base_واسعة
LHSW,2026-10-05,REJECT,M4_RANGE,M4_base_واسعة
MBRX,2025-08-04,REJECT,ANCHOR,M_لا_مستوى_مختبر
MBRX,2026-01-22,REJECT,ANCHOR,M_لا_مستوى_مختبر
MBRX,2026-01-28,REJECT,ANCHOR,M_لا_مستوى_مختبر
MBRX,2026-03-30,REJECT,ANCHOR,M_لا_مستوى_مختبر
MBRX,2026-04-06,REJECT,ANCHOR,M_لا_مستوى_مختبر
MBRX,2026-04-13,REJECT,ANCHOR,M_لا_مستوى_مختبر
MBRX,2026-04-24,REJECT,ANCHOR,M_لا_مستوى_مختبر
MBRX,2026-04-27,PASS,,
MBRX,2026-05-18,PASS,,
MBRX,2026-05-22,PASS,,
MBRX,2026-06-16,PASS,,
MBRX,2026-07-02,REJECT,ANCHOR,M_لا_مستوى_مختبر
MBRX,2026-07-17,PASS,,
MBRX,2026-07-20,REJECT,ANCHOR,M_لا_مستوى_مختبر
MBRX,2026-07-27,PASS,,
MBRX,2026-07-28,PASS,,
MBRX,2026-07-31,REJECT,M4_RANGE,M4_base_واسعة
MBRX,2026-08-03,REJECT,M1,M1_سعر
MBRX,2026-08-06,REJECT,M1,M1_سعر
MBRX,2026-08-24,REJECT,M4_RANGE,M4_base_واسعة
MBRX,2026-09-04,REJECT,ANCHOR,M_لا_مستوى_مختبر
MBRX,2026-09-10,REJECT,ANCHOR,M_لا_مستوى_مختبر
MBRX,2026-09-14,REJECT,ANCHOR,M_لا_مستوى_مختبر
MBRX,2026-09-22,REJECT,ANCHOR,M_لا_مستوى_مختبر
MBRX,2026-09-23,REJECT,ANCHOR,M_لا_مستوى_مختبر
MBRX,2026-09-24,REJECT,ANCHOR,M_لا_مستوى_مختبر
MBRX,2026-09-25,REJECT,ANCHOR,M_لا_مستوى_مختبر
MBRX,2026-09-28,REJECT,ANCHOR,M_لا_مستوى_مختبر
MBRX,2026-10-05,REJECT,ANCHOR,M_لا_مستوى_مختبر
MEDS,2025-08-04,TOO_FEW_BARS,DEPTH,MIN_BARS
MEDS,2026-01-22,REJECT,ANCHOR,M_لا_مستوى_مختبر
MEDS,2026-01-28,REJECT,ANCHOR,M_لا_مستوى_مختبر
MEDS,2026-03-30,REJECT,ANCHOR,M_لا_مستوى_مختبر
MEDS,2026-04-02,REJECT,M4_RANGE,M4_base_واسعة
MEDS,2026-04-06,REJECT,ANCHOR,M_لا_مستوى_مختبر
MEDS,2026-04-13,PASS,,
MEDS,2026-04-24,PASS,,
MEDS,2026-04-27,PASS,,
MEDS,2026-05-18,REJECT,ANCHOR,M_لا_مستوى_مختبر
MEDS,2026-05-22,REJECT,M4_RANGE,M4_base_واسعة
MEDS,2026-06-16,REJECT,ANCHOR,M_لا_مستوى_مختبر
MEDS,2026-07-02,REJECT,ANCHOR,M_لا_مستوى_مختبر
MEDS,2026-07-17,REJECT,ANCHOR,M_لا_مستوى_مختبر
MEDS,2026-07-20,REJECT,ANCHOR,M_لا_مستوى_مختبر
MEDS,2026-07-21,REJECT,ANCHOR,M_لا_مستوى_مختبر
MEDS,2026-07-22,REJECT,ANCHOR,M_لا_مستوى_مختبر
MEDS,2026-07-23,REJECT,ANCHOR,M_لا_مستوى_مختبر
MEDS,2026-07-24,REJECT,ANCHOR,M_لا_مستوى_مختبر
MEDS,2026-07-27,REJECT,ANCHOR,M_لا_مستوى_مختبر
MEDS,2026-07-28,REJECT,ANCHOR,M_لا_مستوى_مختبر
MEDS,2026-07-29,REJECT,ANCHOR,M_لا_مستوى_مختبر
MEDS,2026-07-30,REJECT,ANCHOR,M_لا_مستوى_مختبر
MEDS,2026-07-31,REJECT,ANCHOR,M_لا_مستوى_مختبر
MEDS,2026-08-03,REJECT,ANCHOR,M_لا_مستوى_مختبر
MEDS,2026-08-04,REJECT,ANCHOR,M_لا_مستوى_مختبر
MEDS,2026-08-05,REJECT,ANCHOR,M_لا_مستوى_مختبر
MEDS,2026-08-06,REJECT,ANCHOR,M_لا_مستوى_مختبر
MEDS,2026-08-24,REJECT,M4_RANGE,M4_base_واسعة
MEDS,2026-09-04,REJECT,ANCHOR,M_لا_مستوى_مختبر
MEDS,2026-09-10,REJECT,ANCHOR,M_لا_مستوى_مختبر
MEDS,2026-09-14,REJECT,ANCHOR,M_لا_مستوى_مختبر
MEDS,2026-09-22,REJECT,M4_RANGE,M4_base_واسعة
MEDS,2026-09-23,REJECT,M4_RANGE,M4_base_واسعة
MEDS,2026-09-24,REJECT,M4_RANGE,M4_base_واسعة
MEDS,2026-09-25,REJECT,M4_RANGE,M4_base_واسعة
MEDS,2026-09-28,REJECT,M4_RANGE,M4_base_واسعة
MEDS,2026-10-05,REJECT,M4_RANGE,M4_base_واسعة
METCB,2025-08-04,REJECT,M2_FLOOR,M2_هبوط_تحت_40
METCB,2026-01-22,REJECT,M2_FLOOR,M2_هبوط_تحت_40
METCB,2026-01-28,REJECT,M2_FLOOR,M2_هبوط_تحت_40
METCB,2026-03-30,REJECT,M2_FLOOR,M2_هبوط_تحت_40
METCB,2026-04-06,REJECT,M2_FLOOR,M2_هبوط_تحت_40
METCB,2026-04-13,REJECT,M2_FLOOR,M2_هبوط_تحت_40
METCB,2026-04-24,REJECT,M2_FLOOR,M2_هبوط_تحت_40
METCB,2026-04-27,REJECT,M2_FLOOR,M2_هبوط_تحت_40
METCB,2026-05-18,REJECT,M2_FLOOR,M2_هبوط_تحت_40
METCB,2026-05-22,REJECT,M2_FLOOR,M2_هبوط_تحت_40
METCB,2026-06-16,REJECT,M2_FLOOR,M2_هبوط_تحت_40
METCB,2026-07-02,REJECT,M2_FLOOR,M2_هبوط_تحت_40
METCB,2026-07-17,REJECT,M2_FLOOR,M2_هبوط_تحت_40
METCB,2026-07-20,REJECT,M2_FLOOR,M2_هبوط_تحت_40
METCB,2026-07-27,REJECT,M2_FLOOR,M2_هبوط_تحت_40
METCB,2026-07-28,REJECT,M2_FLOOR,M2_هبوط_تحت_40
METCB,2026-07-31,REJECT,M2_FLOOR,M2_هبوط_تحت_40
METCB,2026-08-03,REJECT,M2_FLOOR,M2_هبوط_تحت_40
METCB,2026-08-06,REJECT,M2_FLOOR,M2_هبوط_تحت_40
METCB,2026-08-24,REJECT,M2_FLOOR,M2_هبوط_تحت_40
METCB,2026-09-04,REJECT,M2_FLOOR,M2_هبوط_تحت_40
METCB,2026-09-10,REJECT,M2_FLOOR,M2_هبوط_تحت_40
METCB,2026-09-14,REJECT,M2_FLOOR,M2_هبوط_تحت_40
METCB,2026-09-22,REJECT,ANCHOR,M_لا_مستوى_مختبر
METCB,2026-09-23,REJECT,ANCHOR,M_لا_مستوى_مختبر
METCB,2026-09-24,REJECT,ANCHOR,M_لا_مستوى_مختبر
METCB,2026-09-25,REJECT,ANCHOR,M_لا_مستوى_مختبر
METCB,2026-09-28,REJECT,ANCHOR,M_لا_مستوى_مختبر
METCB,2026-10-05,PASS,,
MGN,2025-08-04,TOO_FEW_BARS,DEPTH,MIN_BARS
MKDW,2025-08-04,REJECT,ANCHOR,M_لا_مستوى_مختبر
MKDW,2026-01-22,PASS,,
MKDW,2026-01-27,REJECT,M4_RANGE,M4_base_واسعة
MKDW,2026-01-28,REJECT,ANCHOR,M_لا_مستوى_مختبر
MKDW,2026-03-30,REJECT,M4_RANGE,M4_base_واسعة
MKDW,2026-04-06,REJECT,M4_RANGE,M4_base_واسعة
MKDW,2026-04-13,REJECT,M2_FLOOR,M2_هبوط_تحت_40
MKDW,2026-04-24,REJECT,M2_FLOOR,M2_هبوط_تحت_40
MKDW,2026-04-27,REJECT,M2_FLOOR,M2_هبوط_تحت_40
MKDW,2026-05-18,REJECT,M2_FLOOR,M2_هبوط_تحت_40
MKDW,2026-05-22,REJECT,M2_FLOOR,M2_هبوط_تحت_40
MKDW,2026-06-16,REJECT,M2_FLOOR,M2_هبوط_تحت_40
MKDW,2026-07-02,REJECT,M2_FLOOR,M2_هبوط_تحت_40
MKDW,2026-07-17,REJECT,M2_FLOOR,M2_هبوط_تحت_40
MKDW,2026-07-20,REJECT,M2_FLOOR,M2_هبوط_تحت_40
MKDW,2026-07-27,REJECT,M2_FLOOR,M2_هبوط_تحت_40
MKDW,2026-07-28,REJECT,M2_FLOOR,M2_هبوط_تحت_40
MKDW,2026-07-31,REJECT,M2_FLOOR,M2_هبوط_تحت_40
MKDW,2026-08-03,REJECT,M2_FLOOR,M2_هبوط_تحت_40
MKDW,2026-08-06,REJECT,M2_FLOOR,M2_هبوط_تحت_40
MKDW,2026-08-24,REJECT,M2_FLOOR,M2_هبوط_تحت_40
MKDW,2026-09-04,REJECT,M2_FLOOR,M2_هبوط_تحت_40
MKDW,2026-09-10,REJECT,M2_FLOOR,M2_هبوط_تحت_40
MKDW,2026-09-14,REJECT,M2_FLOOR,M2_هبوط_تحت_40
MKDW,2026-09-22,REJECT,M4_RANGE,M4_base_واسعة
MKDW,2026-09-23,REJECT,M4_RANGE,M4_base_واسعة
MKDW,2026-09-24,REJECT,M4_RANGE,M4_base_واسعة
MKDW,2026-09-25,REJECT,M4_RANGE,M4_base_واسعة
MKDW,2026-09-28,REJECT,M4_RANGE,M4_base_واسعة
MKDW,2026-10-05,REJECT,M4_RANGE,M4_base_واسعة
MNOV,2025-08-04,REJECT,M2_FLOOR,M2_هبوط_تحت_40
MNOV,2026-01-22,REJECT,M2_FLOOR,M2_هبوط_تحت_40
MNOV,2026-01-28,REJECT,M2_FLOOR,M2_هبوط_تحت_40
MNOV,2026-03-30,REJECT,M2_FLOOR,M2_هبوط_تحت_40
MNOV,2026-04-06,REJECT,M2_FLOOR,M2_هبوط_تحت_40
MNOV,2026-04-13,REJECT,M2_FLOOR,M2_هبوط_تحت_40
MNOV,2026-04-24,REJECT,M2_FLOOR,M2_هبوط_تحت_40
MNOV,2026-04-27,REJECT,M2_FLOOR,M2_هبوط_تحت_40
MNOV,2026-05-18,REJECT,M2_FLOOR,M2_هبوط_تحت_40
MNOV,2026-05-22,REJECT,M2_FLOOR,M2_هبوط_تحت_40
MNOV,2026-06-16,REJECT,M2_FLOOR,M2_هبوط_تحت_40
MNOV,2026-07-02,REJECT,M2_FLOOR,M2_هبوط_تحت_40
MNOV,2026-07-17,REJECT,M2_FLOOR,M2_هبوط_تحت_40
MNOV,2026-07-20,REJECT,M2_FLOOR,M2_هبوط_تحت_40
MNOV,2026-07-27,REJECT,M2_FLOOR,M2_هبوط_تحت_40
MNOV,2026-07-28,REJECT,M2_FLOOR,M2_هبوط_تحت_40
MNOV,2026-07-31,REJECT,M2_FLOOR,M2_هبوط_تحت_40
MNOV,2026-08-03,REJECT,M2_FLOOR,M2_هبوط_تحت_40
MNOV,2026-08-06,REJECT,M2_FLOOR,M2_هبوط_تحت_40
MNOV,2026-08-24,REJECT,M2_FLOOR,M2_هبوط_تحت_40
MNOV,2026-09-04,REJECT,M2_FLOOR,M2_هبوط_تحت_40
MNOV,2026-09-10,REJECT,M2_FLOOR,M2_هبوط_تحت_40
MNOV,2026-09-14,REJECT,M2_FLOOR,M2_هبوط_تحت_40
MNOV,2026-09-22,REJECT,M2_FLOOR,M2_هبوط_تحت_40
MNOV,2026-09-23,REJECT,M2_FLOOR,M2_هبوط_تحت_40
MNOV,2026-09-24,REJECT,M2_FLOOR,M2_هبوط_تحت_40
MNOV,2026-09-25,REJECT,M2_FLOOR,M2_هبوط_تحت_40
MNOV,2026-09-28,REJECT,M2_FLOOR,M2_هبوط_تحت_40
MNOV,2026-10-05,REJECT,M2_FLOOR,M2_هبوط_تحت_40
MRNA,2025-08-04,REJECT,M2_FLOOR,M2_هبوط_تحت_40
MRNA,2026-01-22,REJECT,M2_FLOOR,M2_هبوط_تحت_40
MRNA,2026-01-28,REJECT,M2_FLOOR,M2_هبوط_تحت_40
MRNA,2026-03-30,REJECT,M2_FLOOR,M2_هبوط_تحت_40
MRNA,2026-04-06,REJECT,M2_FLOOR,M2_هبوط_تحت_40
MRNA,2026-04-13,REJECT,M2_FLOOR,M2_هبوط_تحت_40
MRNA,2026-04-24,REJECT,M2_FLOOR,M2_هبوط_تحت_40
MRNA,2026-04-27,REJECT,M2_FLOOR,M2_هبوط_تحت_40
MRNA,2026-05-18,REJECT,M2_FLOOR,M2_هبوط_تحت_40
MRNA,2026-05-22,REJECT,M2_FLOOR,M2_هبوط_تحت_40
MRNA,2026-06-16,REJECT,M2_FLOOR,M2_هبوط_تحت_40
MRNA,2026-07-02,REJECT,M2_FLOOR,M2_هبوط_تحت_40
MRNA,2026-07-17,REJECT,M2_FLOOR,M2_هبوط_تحت_40
MRNA,2026-07-20,REJECT,M2_FLOOR,M2_هبوط_تحت_40
MRNA,2026-07-27,REJECT,M2_FLOOR,M2_هبوط_تحت_40
MRNA,2026-07-28,REJECT,M2_FLOOR,M2_هبوط_تحت_40
MRNA,2026-07-31,REJECT,M2_FLOOR,M2_هبوط_تحت_40
MRNA,2026-08-03,REJECT,M2_FLOOR,M2_هبوط_تحت_40
MRNA,2026-08-06,REJECT,M2_FLOOR,M2_هبوط_تحت_40
MRNA,2026-08-24,REJECT,M2_FLOOR,M2_هبوط_تحت_40
MRNA,2026-09-04,REJECT,M2_FLOOR,M2_هبوط_تحت_40
MRNA,2026-09-10,REJECT,M2_FLOOR,M2_هبوط_تحت_40
MRNA,2026-09-14,REJECT,M2_FLOOR,M2_هبوط_تحت_40
MRNA,2026-09-22,REJECT,M2_FLOOR,M2_هبوط_تحت_40
MRNA,2026-09-23,REJECT,M2_FLOOR,M2_هبوط_تحت_40
MRNA,2026-09-24,REJECT,M2_FLOOR,M2_هبوط_تحت_40
MRNA,2026-09-25,REJECT,M2_FLOOR,M2_هبوط_تحت_40
MRNA,2026-09-28,REJECT,M2_FLOOR,M2_هبوط_تحت_40
MRNA,2026-10-05,REJECT,M2_FLOOR,M2_هبوط_تحت_40
MTC,2025-08-04,REJECT,M2_FLOOR,M2_هبوط_تحت_40
MTC,2026-01-22,REJECT,M2_FLOOR,M2_هبوط_تحت_40
MTC,2026-01-28,REJECT,M2_FLOOR,M2_هبوط_تحت_40
MTC,2026-03-30,REJECT,M2_FLOOR,M2_هبوط_تحت_40
MTC,2026-04-06,REJECT,M2_FLOOR,M2_هبوط_تحت_40
MTC,2026-04-13,REJECT,M2_FLOOR,M2_هبوط_تحت_40
MTC,2026-04-24,REJECT,M2_FLOOR,M2_هبوط_تحت_40
MTC,2026-04-27,REJECT,M2_FLOOR,M2_هبوط_تحت_40
MTC,2026-05-18,REJECT,M2_FLOOR,M2_هبوط_تحت_40
MTC,2026-05-22,REJECT,M2_FLOOR,M2_هبوط_تحت_40
MTC,2026-06-16,REJECT,M2_FLOOR,M2_هبوط_تحت_40
MTC,2026-07-02,REJECT,ANCHOR,M_لا_مستوى_مختبر
MTC,2026-07-17,PASS,,
MTC,2026-07-20,PASS,,
MTC,2026-07-27,REJECT,M2_FLOOR,M2_هبوط_تحت_40
MTC,2026-07-28,REJECT,M2_FLOOR,M2_هبوط_تحت_40
MTC,2026-07-31,REJECT,M2_FLOOR,M2_هبوط_تحت_40
MTC,2026-08-03,REJECT,M2_FLOOR,M2_هبوط_تحت_40
MTC,2026-08-06,REJECT,M2_FLOOR,M2_هبوط_تحت_40
MTC,2026-08-24,REJECT,M2_FLOOR,M2_هبوط_تحت_40
MTC,2026-09-04,REJECT,M2_FLOOR,M2_هبوط_تحت_40
MTC,2026-09-10,REJECT,M2_FLOOR,M2_هبوط_تحت_40
MTC,2026-09-14,REJECT,M2_FLOOR,M2_هبوط_تحت_40
MTC,2026-09-22,REJECT,M2_FLOOR,M2_هبوط_تحت_40
MTC,2026-09-23,REJECT,M2_FLOOR,M2_هبوط_تحت_40
MTC,2026-09-24,REJECT,M2_FLOOR,M2_هبوط_تحت_40
MTC,2026-09-25,REJECT,M2_FLOOR,M2_هبوط_تحت_40
MTC,2026-09-28,REJECT,M2_FLOOR,M2_هبوط_تحت_40
MTC,2026-10-05,REJECT,M2_FLOOR,M2_هبوط_تحت_40
MVIS,2025-08-04,REJECT,M2_FLOOR,M2_هبوط_تحت_40
MVIS,2026-01-22,REJECT,M2_FLOOR,M2_هبوط_تحت_40
MVIS,2026-01-28,REJECT,M2_FLOOR,M2_هبوط_تحت_40
MVIS,2026-03-30,REJECT,M2_FLOOR,M2_هبوط_تحت_40
MVIS,2026-04-06,REJECT,M2_FLOOR,M2_هبوط_تحت_40
MVIS,2026-04-13,REJECT,M2_FLOOR,M2_هبوط_تحت_40
MVIS,2026-04-24,REJECT,M2_FLOOR,M2_هبوط_تحت_40
MVIS,2026-04-27,REJECT,M2_FLOOR,M2_هبوط_تحت_40
MVIS,2026-05-18,REJECT,M2_FLOOR,M2_هبوط_تحت_40
MVIS,2026-05-22,REJECT,M2_FLOOR,M2_هبوط_تحت_40
MVIS,2026-06-16,REJECT,M3,M3_انفجار_تحت_60
MVIS,2026-07-02,REJECT,M3,M3_انفجار_تحت_60
MVIS,2026-07-17,REJECT,M3,M3_انفجار_تحت_60
MVIS,2026-07-20,REJECT,M3,M3_انفجار_تحت_60
MVIS,2026-07-27,REJECT,M3,M3_انفجار_تحت_60
MVIS,2026-07-28,REJECT,M3,M3_انفجار_تحت_60
MVIS,2026-07-31,REJECT,M3,M3_انفجار_تحت_60
MVIS,2026-08-03,REJECT,M3,M3_انفجار_تحت_60
MVIS,2026-08-06,REJECT,M3,M3_انفجار_تحت_60
MVIS,2026-08-24,REJECT,M3,M3_انفجار_تحت_60
MVIS,2026-09-04,REJECT,M3,M3_انفجار_تحت_60
MVIS,2026-09-10,REJECT,M3,M3_انفجار_تحت_60
MVIS,2026-09-14,REJECT,M3,M3_انفجار_تحت_60
MVIS,2026-09-22,REJECT,M3,M3_انفجار_تحت_60
MVIS,2026-09-23,REJECT,M3,M3_انفجار_تحت_60
MVIS,2026-09-24,REJECT,M3,M3_انفجار_تحت_60
MVIS,2026-09-25,REJECT,M3,M3_انفجار_تحت_60
MVIS,2026-09-28,REJECT,M3,M3_انفجار_تحت_60
MVIS,2026-10-05,REJECT,M3,M3_انفجار_تحت_60
NCPL,2025-08-04,REJECT,M2_FLOOR,M2_هبوط_تحت_40
NCPL,2026-01-22,PASS,,
NCPL,2026-01-28,PASS,,
NCPL,2026-03-30,REJECT,M1,M1_سعر
NCPL,2026-04-06,REJECT,M1,M1_سعر
NCPL,2026-04-13,REJECT,M1,M1_سعر
NCPL,2026-04-24,REJECT,M1,M1_سعر
NCPL,2026-04-27,REJECT,M1,M1_سعر
NCPL,2026-05-18,REJECT,M1,M1_سعر
NCPL,2026-05-22,REJECT,M4_RANGE,M4_base_واسعة
NCPL,2026-06-16,REJECT,M4_RANGE,M4_base_واسعة
NCPL,2026-07-02,REJECT,ANCHOR,M_لا_مستوى_مختبر
NCPL,2026-07-17,REJECT,ANCHOR,M_لا_مستوى_مختبر
NCPL,2026-07-20,REJECT,ANCHOR,M_لا_مستوى_مختبر
NCPL,2026-07-27,PASS,,
NCPL,2026-07-28,REJECT,M1,M1_سعر
NCPL,2026-07-31,REJECT,M1,M1_سعر
NCPL,2026-08-03,REJECT,M1,M1_سعر
NCPL,2026-08-06,REJECT,ANCHOR,M_لا_مستوى_مختبر
NCPL,2026-08-24,REJECT,M1,M1_سعر
NCPL,2026-09-04,REJECT,M4_RANGE,M4_base_واسعة
NCPL,2026-09-10,REJECT,M4_RANGE,M4_base_واسعة
NCPL,2026-09-14,REJECT,M4_RANGE,M4_base_واسعة
NCPL,2026-09-22,REJECT,M2_FLOOR,M2_هبوط_تحت_40
NCPL,2026-09-23,REJECT,M2_FLOOR,M2_هبوط_تحت_40
NCPL,2026-09-24,REJECT,M2_FLOOR,M2_هبوط_تحت_40
NCPL,2026-09-25,REJECT,M2_FLOOR,M2_هبوط_تحت_40
NCPL,2026-09-28,REJECT,M2_FLOOR,M2_هبوط_تحت_40
NCPL,2026-10-05,REJECT,M2_FLOOR,M2_هبوط_تحت_40
NERV,2025-08-04,REJECT,M2_FLOOR,M2_هبوط_تحت_40
NERV,2026-01-22,REJECT,M2_FLOOR,M2_هبوط_تحت_40
NERV,2026-01-28,REJECT,M2_FLOOR,M2_هبوط_تحت_40
NERV,2026-03-30,REJECT,M2_FLOOR,M2_هبوط_تحت_40
NERV,2026-04-06,REJECT,M2_FLOOR,M2_هبوط_تحت_40
NERV,2026-04-13,REJECT,M2_FLOOR,M2_هبوط_تحت_40
NERV,2026-04-24,REJECT,M2_FLOOR,M2_هبوط_تحت_40
NERV,2026-04-27,REJECT,M2_FLOOR,M2_هبوط_تحت_40
NERV,2026-05-18,REJECT,M2_FLOOR,M2_هبوط_تحت_40
NERV,2026-05-22,REJECT,M2_FLOOR,M2_هبوط_تحت_40
NERV,2026-06-16,REJECT,M2_FLOOR,M2_هبوط_تحت_40
NERV,2026-07-02,REJECT,M2_FLOOR,M2_هبوط_تحت_40
NERV,2026-07-17,REJECT,M2_FLOOR,M2_هبوط_تحت_40
NERV,2026-07-20,REJECT,M2_FLOOR,M2_هبوط_تحت_40
NERV,2026-07-27,REJECT,M2_FLOOR,M2_هبوط_تحت_40
NERV,2026-07-28,REJECT,M2_FLOOR,M2_هبوط_تحت_40
NERV,2026-07-31,REJECT,M2_FLOOR,M2_هبوط_تحت_40
NERV,2026-08-03,REJECT,M2_FLOOR,M2_هبوط_تحت_40
NERV,2026-08-06,REJECT,M2_FLOOR,M2_هبوط_تحت_40
NERV,2026-08-24,REJECT,M2_FLOOR,M2_هبوط_تحت_40
NERV,2026-09-04,REJECT,M2_FLOOR,M2_هبوط_تحت_40
NERV,2026-09-10,REJECT,M2_FLOOR,M2_هبوط_تحت_40
NERV,2026-09-14,REJECT,M2_FLOOR,M2_هبوط_تحت_40
NERV,2026-09-22,REJECT,M2_FLOOR,M2_هبوط_تحت_40
NERV,2026-09-23,REJECT,M2_FLOOR,M2_هبوط_تحت_40
NERV,2026-09-24,PASS,,
NERV,2026-09-25,REJECT,ANCHOR,M_لا_مستوى_مختبر
NERV,2026-09-28,REJECT,ANCHOR,M_لا_مستوى_مختبر
NERV,2026-10-05,REJECT,ANCHOR,M_لا_مستوى_مختبر
NFE,2025-08-04,REJECT,ANCHOR,M_لا_مستوى_مختبر
NFE,2026-01-22,REJECT,ANCHOR,M_لا_مستوى_مختبر
NFE,2026-01-28,REJECT,ANCHOR,M_لا_مستوى_مختبر
NFE,2026-03-30,REJECT,M4_RANGE,M4_base_واسعة
NFE,2026-04-06,REJECT,M4_RANGE,M4_base_واسعة
NFE,2026-04-08,REJECT,M4_RANGE,M4_base_واسعة
NFE,2026-04-09,REJECT,ANCHOR,M_لا_مستوى_مختبر
NFE,2026-04-10,REJECT,ANCHOR,M_لا_مستوى_مختبر
NFE,2026-04-13,REJECT,ANCHOR,M_لا_مستوى_مختبر
NFE,2026-04-14,REJECT,ANCHOR,M_لا_مستوى_مختبر
NFE,2026-04-15,REJECT,ANCHOR,M_لا_مستوى_مختبر
NFE,2026-04-16,REJECT,ANCHOR,M_لا_مستوى_مختبر
NFE,2026-04-17,REJECT,ANCHOR,M_لا_مستوى_مختبر
NFE,2026-04-20,REJECT,ANCHOR,M_لا_مستوى_مختبر
NFE,2026-04-21,REJECT,ANCHOR,M_لا_مستوى_مختبر
NFE,2026-04-22,REJECT,ANCHOR,M_لا_مستوى_مختبر
NFE,2026-04-23,REJECT,ANCHOR,M_لا_مستوى_مختبر
NFE,2026-04-24,REJECT,ANCHOR,M_لا_مستوى_مختبر
NFE,2026-04-27,REJECT,ANCHOR,M_لا_مستوى_مختبر
NFE,2026-04-28,REJECT,ANCHOR,M_لا_مستوى_مختبر
NFE,2026-04-29,REJECT,ANCHOR,M_لا_مستوى_مختبر
NFE,2026-04-30,REJECT,ANCHOR,M_لا_مستوى_مختبر
NFE,2026-05-01,REJECT,ANCHOR,M_لا_مستوى_مختبر
NFE,2026-05-04,REJECT,ANCHOR,M_لا_مستوى_مختبر
NFE,2026-05-05,REJECT,ANCHOR,M_لا_مستوى_مختبر
NFE,2026-05-06,REJECT,ANCHOR,M_لا_مستوى_مختبر
NFE,2026-05-07,REJECT,ANCHOR,M_لا_مستوى_مختبر
NFE,2026-05-08,REJECT,ANCHOR,M_لا_مستوى_مختبر
NFE,2026-05-11,REJECT,ANCHOR,M_لا_مستوى_مختبر
NFE,2026-05-12,REJECT,ANCHOR,M_لا_مستوى_مختبر
NFE,2026-05-13,REJECT,ANCHOR,M_لا_مستوى_مختبر
NFE,2026-05-14,REJECT,ANCHOR,M_لا_مستوى_مختبر
NFE,2026-05-15,REJECT,ANCHOR,M_لا_مستوى_مختبر
NFE,2026-05-18,REJECT,ANCHOR,M_لا_مستوى_مختبر
NFE,2026-05-22,REJECT,ANCHOR,M_لا_مستوى_مختبر
NFE,2026-06-16,REJECT,ANCHOR,M_لا_مستوى_مختبر
NFE,2026-07-02,REJECT,ANCHOR,M_لا_مستوى_مختبر
NFE,2026-07-17,REJECT,ANCHOR,M_لا_مستوى_مختبر
NFE,2026-07-20,REJECT,ANCHOR,M_لا_مستوى_مختبر
NFE,2026-07-27,REJECT,ANCHOR,M_لا_مستوى_مختبر
NFE,2026-07-28,REJECT,ANCHOR,M_لا_مستوى_مختبر
NFE,2026-07-31,PASS,,
NFE,2026-08-03,PASS,,
NFE,2026-08-06,PASS,,
NFE,2026-08-24,REJECT,ANCHOR,M_لا_مستوى_مختبر
NFE,2026-09-04,REJECT,ANCHOR,M_لا_مستوى_مختبر
NFE,2026-09-10,REJECT,ANCHOR,M_لا_مستوى_مختبر
NFE,2026-09-14,REJECT,ANCHOR,M_لا_مستوى_مختبر
NFE,2026-09-22,REJECT,ANCHOR,M_لا_مستوى_مختبر
NFE,2026-09-23,REJECT,M4_RANGE,M4_base_واسعة
NFE,2026-09-24,REJECT,M4_RANGE,M4_base_واسعة
NFE,2026-09-25,REJECT,M4_RANGE,M4_base_واسعة
NFE,2026-09-28,REJECT,M4_RANGE,M4_base_واسعة
NFE,2026-10-05,REJECT,M4_RANGE,M4_base_واسعة
NTRB,2025-08-04,REJECT,M2_FLOOR,M2_هبوط_تحت_40
NTRB,2026-01-22,REJECT,M2_FLOOR,M2_هبوط_تحت_40
NTRB,2026-01-28,REJECT,M2_FLOOR,M2_هبوط_تحت_40
NTRB,2026-03-30,REJECT,M2_FLOOR,M2_هبوط_تحت_40
NTRB,2026-04-06,REJECT,M2_FLOOR,M2_هبوط_تحت_40
NTRB,2026-04-13,REJECT,M2_FLOOR,M2_هبوط_تحت_40
NTRB,2026-04-24,REJECT,M2_FLOOR,M2_هبوط_تحت_40
NTRB,2026-04-27,REJECT,M2_FLOOR,M2_هبوط_تحت_40
NTRB,2026-05-18,REJECT,M2_FLOOR,M2_هبوط_تحت_40
NTRB,2026-05-22,REJECT,M2_FLOOR,M2_هبوط_تحت_40
NTRB,2026-06-16,REJECT,M2_FLOOR,M2_هبوط_تحت_40
NTRB,2026-07-02,PASS,,
NTRB,2026-07-17,REJECT,M2_FLOOR,M2_هبوط_تحت_40
NTRB,2026-07-20,REJECT,M2_FLOOR,M2_هبوط_تحت_40
NTRB,2026-07-27,REJECT,M2_FLOOR,M2_هبوط_تحت_40
NTRB,2026-07-28,REJECT,M2_FLOOR,M2_هبوط_تحت_40
NTRB,2026-07-31,REJECT,M2_FLOOR,M2_هبوط_تحت_40
NTRB,2026-08-03,REJECT,M2_FLOOR,M2_هبوط_تحت_40
NTRB,2026-08-06,REJECT,M2_FLOOR,M2_هبوط_تحت_40
NTRB,2026-08-24,REJECT,M2_FLOOR,M2_هبوط_تحت_40
NTRB,2026-09-04,REJECT,M2_FLOOR,M2_هبوط_تحت_40
NTRB,2026-09-10,REJECT,M2_FLOOR,M2_هبوط_تحت_40
NTRB,2026-09-14,REJECT,M2_FLOOR,M2_هبوط_تحت_40
NTRB,2026-09-22,REJECT,M2_FLOOR,M2_هبوط_تحت_40
NTRB,2026-09-23,REJECT,M2_FLOOR,M2_هبوط_تحت_40
NTRB,2026-09-24,REJECT,M2_FLOOR,M2_هبوط_تحت_40
NTRB,2026-09-25,REJECT,M2_FLOOR,M2_هبوط_تحت_40
NTRB,2026-09-28,REJECT,M2_FLOOR,M2_هبوط_تحت_40
NTRB,2026-10-05,REJECT,M2_FLOOR,M2_هبوط_تحت_40
NWGL,2025-08-04,REJECT,ANCHOR,M_لا_مستوى_مختبر
NWGL,2026-01-22,REJECT,M5,M5_سيولة
NWGL,2026-01-28,REJECT,ANCHOR,M_لا_مستوى_مختبر
NWGL,2026-03-30,REJECT,ANCHOR,M_لا_مستوى_مختبر
NWGL,2026-04-06,REJECT,ANCHOR,M_لا_مستوى_مختبر
NWGL,2026-04-13,REJECT,ANCHOR,M_لا_مستوى_مختبر
NWGL,2026-04-24,REJECT,ANCHOR,M_لا_مستوى_مختبر
NWGL,2026-04-27,REJECT,ANCHOR,M_لا_مستوى_مختبر
NWGL,2026-05-18,PASS,,
NWGL,2026-05-22,REJECT,ANCHOR,M_لا_مستوى_مختبر
NWGL,2026-06-16,REJECT,M1,M1_سعر
NWGL,2026-07-02,REJECT,M1,M1_سعر
NWGL,2026-07-17,REJECT,M1,M1_سعر
NWGL,2026-07-20,REJECT,M1,M1_سعر
NWGL,2026-07-27,REJECT,M1,M1_سعر
NWGL,2026-07-28,REJECT,M1,M1_سعر
NWGL,2026-07-31,REJECT,M1,M1_سعر
NWGL,2026-08-03,REJECT,M1,M1_سعر
NWGL,2026-08-06,REJECT,M1,M1_سعر
NWGL,2026-08-24,REJECT,M2_FLOOR,M2_هبوط_تحت_40
NWGL,2026-09-04,REJECT,M2_FLOOR,M2_هبوط_تحت_40
NWGL,2026-09-10,REJECT,M2_FLOOR,M2_هبوط_تحت_40
NWGL,2026-09-14,REJECT,M2_FLOOR,M2_هبوط_تحت_40
NWGL,2026-09-22,REJECT,M2_FLOOR,M2_هبوط_تحت_40
NWGL,2026-09-23,REJECT,M2_FLOOR,M2_هبوط_تحت_40
NWGL,2026-09-24,REJECT,M2_FLOOR,M2_هبوط_تحت_40
NWGL,2026-09-25,REJECT,M2_FLOOR,M2_هبوط_تحت_40
NWGL,2026-09-28,REJECT,M2_FLOOR,M2_هبوط_تحت_40
NWGL,2026-10-05,REJECT,M2_FLOOR,M2_هبوط_تحت_40
NXXT,2025-08-04,REJECT,M2_FLOOR,M2_هبوط_تحت_40
NXXT,2026-01-22,REJECT,M3,M3_انفجار_تحت_60
NXXT,2026-01-28,REJECT,M3,M3_انفجار_تحت_60
NXXT,2026-03-30,REJECT,M3,M3_انفجار_تحت_60
NXXT,2026-04-06,REJECT,M3,M3_انفجار_تحت_60
NXXT,2026-04-13,REJECT,M3,M3_انفجار_تحت_60
NXXT,2026-04-24,REJECT,M3,M3_انفجار_تحت_60
NXXT,2026-04-27,REJECT,M3,M3_انفجار_تحت_60
NXXT,2026-05-18,REJECT,M3,M3_انفجار_تحت_60
NXXT,2026-05-22,REJECT,M3,M3_انفجار_تحت_60
NXXT,2026-06-16,REJECT,M4_RANGE,M4_base_واسعة
NXXT,2026-07-02,REJECT,ANCHOR,M_لا_مستوى_مختبر
NXXT,2026-07-17,REJECT,ANCHOR,M_لا_مستوى_مختبر
NXXT,2026-07-20,REJECT,ANCHOR,M_لا_مستوى_مختبر
NXXT,2026-07-21,REJECT,ANCHOR,M_لا_مستوى_مختبر
NXXT,2026-07-22,REJECT,ANCHOR,M_لا_مستوى_مختبر
NXXT,2026-07-23,REJECT,ANCHOR,M_لا_مستوى_مختبر
NXXT,2026-07-24,REJECT,ANCHOR,M_لا_مستوى_مختبر
NXXT,2026-07-27,REJECT,ANCHOR,M_لا_مستوى_مختبر
NXXT,2026-07-28,REJECT,ANCHOR,M_لا_مستوى_مختبر
NXXT,2026-07-29,REJECT,ANCHOR,M_لا_مستوى_مختبر
NXXT,2026-07-30,REJECT,ANCHOR,M_لا_مستوى_مختبر
NXXT,2026-07-31,REJECT,ANCHOR,M_لا_مستوى_مختبر
NXXT,2026-08-03,REJECT,ANCHOR,M_لا_مستوى_مختبر
NXXT,2026-08-06,REJECT,ANCHOR,M_لا_مستوى_مختبر
NXXT,2026-08-24,REJECT,ANCHOR,M_لا_مستوى_مختبر
NXXT,2026-09-04,REJECT,ANCHOR,M_لا_مستوى_مختبر
NXXT,2026-09-10,REJECT,ANCHOR,M_لا_مستوى_مختبر
NXXT,2026-09-14,REJECT,ANCHOR,M_لا_مستوى_مختبر
NXXT,2026-09-22,REJECT,M4_RANGE,M4_base_واسعة
NXXT,2026-09-23,REJECT,M4_RANGE,M4_base_واسعة
NXXT,2026-09-24,REJECT,M4_RANGE,M4_base_واسعة
NXXT,2026-09-25,REJECT,M4_RANGE,M4_base_واسعة
NXXT,2026-09-28,REJECT,M4_RANGE,M4_base_واسعة
NXXT,2026-10-05,REJECT,ANCHOR,M_لا_مستوى_مختبر
OLB,2025-08-04,REJECT,M2_FLOOR,M2_هبوط_تحت_40
OLB,2026-01-22,REJECT,M2_FLOOR,M2_هبوط_تحت_40
OLB,2026-01-28,PASS,,
OLB,2026-03-30,REJECT,ANCHOR,M_لا_مستوى_مختبر
OLB,2026-04-06,REJECT,ANCHOR,M_لا_مستوى_مختبر
OLB,2026-04-13,REJECT,M1,M1_سعر
OLB,2026-04-24,PASS,,
OLB,2026-04-27,PASS,,
OLB,2026-05-18,REJECT,ANCHOR,M_لا_مستوى_مختبر
OLB,2026-05-22,REJECT,ANCHOR,M_لا_مستوى_مختبر
OLB,2026-06-16,PASS,,
OLB,2026-07-02,REJECT,M1,M1_سعر
OLB,2026-07-17,REJECT,M1,M1_سعر
OLB,2026-07-20,REJECT,M1,M1_سعر
OLB,2026-07-27,REJECT,M1,M1_سعر
OLB,2026-07-28,REJECT,M1,M1_سعر
OLB,2026-07-31,REJECT,M1,M1_سعر
OLB,2026-08-03,REJECT,M1,M1_سعر
OLB,2026-08-06,REJECT,M1,M1_سعر
OLB,2026-08-24,REJECT,M1,M1_سعر
OLB,2026-09-04,REJECT,M1,M1_سعر
OLB,2026-09-10,REJECT,M1,M1_سعر
OLB,2026-09-14,REJECT,M1,M1_سعر
OLB,2026-09-22,REJECT,M1,M1_سعر
OLB,2026-09-23,REJECT,M1,M1_سعر
OLB,2026-09-24,REJECT,M1,M1_سعر
OLB,2026-09-25,REJECT,M1,M1_سعر
OLB,2026-09-28,REJECT,M1,M1_سعر
OLB,2026-10-05,REJECT,M1,M1_سعر
OPNW,2025-08-04,REJECT,RSI_NOW,M10_RSI_فات_القطار
OPNW,2026-01-22,REJECT,M2_FLOOR,M2_هبوط_تحت_40
OPNW,2026-01-28,REJECT,M2_FLOOR,M2_هبوط_تحت_40
OPNW,2026-03-30,REJECT,M2_FLOOR,M2_هبوط_تحت_40
OPNW,2026-04-06,REJECT,M2_FLOOR,M2_هبوط_تحت_40
OPNW,2026-04-13,REJECT,M2_FLOOR,M2_هبوط_تحت_40
OPNW,2026-04-24,REJECT,M2_FLOOR,M2_هبوط_تحت_40
OPNW,2026-04-27,REJECT,M2_FLOOR,M2_هبوط_تحت_40
OPNW,2026-05-18,REJECT,M2_FLOOR,M2_هبوط_تحت_40
OPNW,2026-05-22,REJECT,M2_FLOOR,M2_هبوط_تحت_40
OPNW,2026-06-16,REJECT,M2_FLOOR,M2_هبوط_تحت_40
OPNW,2026-07-02,REJECT,M2_FLOOR,M2_هبوط_تحت_40
OPNW,2026-07-17,REJECT,M2_FLOOR,M2_هبوط_تحت_40
OPNW,2026-07-20,REJECT,M2_FLOOR,M2_هبوط_تحت_40
OPNW,2026-07-27,REJECT,M2_FLOOR,M2_هبوط_تحت_40
OPNW,2026-07-28,REJECT,M2_FLOOR,M2_هبوط_تحت_40
OPNW,2026-07-31,REJECT,M2_FLOOR,M2_هبوط_تحت_40
OPNW,2026-08-03,REJECT,M2_FLOOR,M2_هبوط_تحت_40
OPNW,2026-08-06,REJECT,M2_FLOOR,M2_هبوط_تحت_40
OPNW,2026-08-24,REJECT,M2_FLOOR,M2_هبوط_تحت_40
OPNW,2026-09-04,REJECT,M2_FLOOR,M2_هبوط_تحت_40
OPNW,2026-09-10,REJECT,M2_FLOOR,M2_هبوط_تحت_40
OPNW,2026-09-14,REJECT,M2_FLOOR,M2_هبوط_تحت_40
OPNW,2026-09-22,REJECT,M2_FLOOR,M2_هبوط_تحت_40
OPNW,2026-09-23,REJECT,M2_FLOOR,M2_هبوط_تحت_40
OPNW,2026-09-24,REJECT,M2_FLOOR,M2_هبوط_تحت_40
OPNW,2026-09-25,REJECT,M2_FLOOR,M2_هبوط_تحت_40
OPNW,2026-09-28,REJECT,M2_FLOOR,M2_هبوط_تحت_40
OPNW,2026-10-05,REJECT,M4_RANGE,M4_base_واسعة
PCLA,2025-08-04,REJECT,M4_RANGE,M4_base_واسعة
PCLA,2026-01-22,REJECT,ANCHOR,M_لا_مستوى_مختبر
PCLA,2026-01-28,REJECT,M4_RANGE,M4_base_واسعة
PCLA,2026-03-30,PASS,,
PCLA,2026-04-06,PASS,,
PCLA,2026-04-13,PASS,,
PCLA,2026-04-24,REJECT,M5,M5_سيولة
PCLA,2026-04-27,REJECT,M5,M5_سيولة
PCLA,2026-05-18,REJECT,M5,M5_سيولة
PCLA,2026-05-22,REJECT,ANCHOR,M_لا_مستوى_مختبر
PCLA,2026-06-16,REJECT,M4_RANGE,M4_base_واسعة
PCLA,2026-07-02,REJECT,M4_RANGE,M4_base_واسعة
PCLA,2026-07-17,REJECT,M4_RANGE,M4_base_واسعة
PCLA,2026-07-20,REJECT,M4_RANGE,M4_base_واسعة
PCLA,2026-07-27,REJECT,ANCHOR,M_لا_مستوى_مختبر
PCLA,2026-07-28,REJECT,ANCHOR,M_لا_مستوى_مختبر
PCLA,2026-07-31,REJECT,M2_FLOOR,M2_هبوط_تحت_40
PCLA,2026-08-03,REJECT,M2_FLOOR,M2_هبوط_تحت_40
PCLA,2026-08-06,REJECT,M2_FLOOR,M2_هبوط_تحت_40
PCLA,2026-08-24,REJECT,M2_FLOOR,M2_هبوط_تحت_40
PCLA,2026-09-04,REJECT,M2_FLOOR,M2_هبوط_تحت_40
PCLA,2026-09-10,REJECT,M2_FLOOR,M2_هبوط_تحت_40
PCLA,2026-09-14,REJECT,M2_FLOOR,M2_هبوط_تحت_40
PCLA,2026-09-22,REJECT,M2_FLOOR,M2_هبوط_تحت_40
PCLA,2026-09-23,REJECT,M2_FLOOR,M2_هبوط_تحت_40
PCLA,2026-09-24,REJECT,M2_FLOOR,M2_هبوط_تحت_40
PCLA,2026-09-25,REJECT,M2_FLOOR,M2_هبوط_تحت_40
PCLA,2026-09-28,REJECT,M2_FLOOR,M2_هبوط_تحت_40
PCLA,2026-10-05,REJECT,M2_FLOOR,M2_هبوط_تحت_40
PDSB,2025-08-04,REJECT,M2_FLOOR,M2_هبوط_تحت_40
PDSB,2026-01-22,REJECT,M2_FLOOR,M2_هبوط_تحت_40
PDSB,2026-01-28,REJECT,M2_FLOOR,M2_هبوط_تحت_40
PDSB,2026-03-30,REJECT,M3,M3_انفجار_تحت_60
PDSB,2026-04-06,REJECT,M2_FLOOR,M2_هبوط_تحت_40
PDSB,2026-04-13,REJECT,M2_FLOOR,M2_هبوط_تحت_40
PDSB,2026-04-24,REJECT,M2_FLOOR,M2_هبوط_تحت_40
PDSB,2026-04-27,REJECT,M2_FLOOR,M2_هبوط_تحت_40
PDSB,2026-05-18,REJECT,M2_FLOOR,M2_هبوط_تحت_40
PDSB,2026-05-22,REJECT,M2_FLOOR,M2_هبوط_تحت_40
PDSB,2026-06-16,REJECT,M2_FLOOR,M2_هبوط_تحت_40
PDSB,2026-07-02,REJECT,M2_FLOOR,M2_هبوط_تحت_40
PDSB,2026-07-17,REJECT,M2_FLOOR,M2_هبوط_تحت_40
PDSB,2026-07-20,REJECT,M2_FLOOR,M2_هبوط_تحت_40
PDSB,2026-07-27,REJECT,M2_FLOOR,M2_هبوط_تحت_40
PDSB,2026-07-28,REJECT,M2_FLOOR,M2_هبوط_تحت_40
PDSB,2026-07-31,REJECT,M2_FLOOR,M2_هبوط_تحت_40
PDSB,2026-08-03,REJECT,M2_FLOOR,M2_هبوط_تحت_40
PDSB,2026-08-06,REJECT,M2_FLOOR,M2_هبوط_تحت_40
PDSB,2026-08-24,REJECT,M1,M1_سعر
PDSB,2026-09-04,REJECT,M1,M1_سعر
PDSB,2026-09-10,REJECT,M1,M1_سعر
PDSB,2026-09-14,REJECT,M1,M1_سعر
PDSB,2026-09-22,REJECT,M2_FLOOR,M2_هبوط_تحت_40
PDSB,2026-09-23,REJECT,M2_FLOOR,M2_هبوط_تحت_40
PDSB,2026-09-24,REJECT,M2_FLOOR,M2_هبوط_تحت_40
PDSB,2026-09-25,REJECT,M2_FLOOR,M2_هبوط_تحت_40
PDSB,2026-09-28,REJECT,M2_FLOOR,M2_هبوط_تحت_40
PDSB,2026-10-05,REJECT,M2_FLOOR,M2_هبوط_تحت_40
PFAI,2025-08-04,TOO_FEW_BARS,DEPTH,MIN_BARS
PFAI,2026-01-22,REJECT,M2_FLOOR,M2_هبوط_تحت_40
PFAI,2026-01-28,REJECT,M2_FLOOR,M2_هبوط_تحت_40
PFAI,2026-03-30,REJECT,M2_FLOOR,M2_هبوط_تحت_40
PFAI,2026-04-06,REJECT,M2_FLOOR,M2_هبوط_تحت_40
PFAI,2026-04-13,REJECT,M2_FLOOR,M2_هبوط_تحت_40
PFAI,2026-04-24,REJECT,M2_FLOOR,M2_هبوط_تحت_40
PFAI,2026-04-27,REJECT,M2_FLOOR,M2_هبوط_تحت_40
PFAI,2026-05-18,REJECT,M2_FLOOR,M2_هبوط_تحت_40
PFAI,2026-05-22,REJECT,M2_FLOOR,M2_هبوط_تحت_40
PFAI,2026-06-16,REJECT,M2_FLOOR,M2_هبوط_تحت_40
PFAI,2026-07-02,REJECT,M2_FLOOR,M2_هبوط_تحت_40
PFAI,2026-07-17,REJECT,M2_FLOOR,M2_هبوط_تحت_40
PFAI,2026-07-20,REJECT,M2_FLOOR,M2_هبوط_تحت_40
PFAI,2026-07-27,REJECT,M2_FLOOR,M2_هبوط_تحت_40
PFAI,2026-07-28,REJECT,M2_FLOOR,M2_هبوط_تحت_40
PFAI,2026-07-31,REJECT,M2_FLOOR,M2_هبوط_تحت_40
PFAI,2026-08-03,REJECT,M2_FLOOR,M2_هبوط_تحت_40
PFAI,2026-08-06,REJECT,M2_FLOOR,M2_هبوط_تحت_40
PFAI,2026-08-24,REJECT,M2_FLOOR,M2_هبوط_تحت_40
PFAI,2026-09-04,REJECT,M2_FLOOR,M2_هبوط_تحت_40
PFAI,2026-09-10,REJECT,M2_FLOOR,M2_هبوط_تحت_40
PFAI,2026-09-14,REJECT,M2_FLOOR,M2_هبوط_تحت_40
PFAI,2026-09-22,REJECT,M2_FLOOR,M2_هبوط_تحت_40
PFAI,2026-09-23,REJECT,M2_FLOOR,M2_هبوط_تحت_40
PFAI,2026-09-24,REJECT,M2_FLOOR,M2_هبوط_تحت_40
PFAI,2026-09-25,REJECT,M2_FLOOR,M2_هبوط_تحت_40
PFAI,2026-09-28,REJECT,M2_FLOOR,M2_هبوط_تحت_40
PFAI,2026-10-05,REJECT,M2_FLOOR,M2_هبوط_تحت_40
PLCE,2025-08-04,REJECT,M2_FLOOR,M2_هبوط_تحت_40
PLCE,2026-01-22,REJECT,M2_FLOOR,M2_هبوط_تحت_40
PLCE,2026-01-28,REJECT,M2_FLOOR,M2_هبوط_تحت_40
PLCE,2026-03-30,REJECT,M2_FLOOR,M2_هبوط_تحت_40
PLCE,2026-04-06,REJECT,M2_FLOOR,M2_هبوط_تحت_40
PLCE,2026-04-13,REJECT,M2_FLOOR,M2_هبوط_تحت_40
PLCE,2026-04-24,REJECT,M2_FLOOR,M2_هبوط_تحت_40
PLCE,2026-04-27,REJECT,M2_FLOOR,M2_هبوط_تحت_40
PLCE,2026-05-18,REJECT,M2_FLOOR,M2_هبوط_تحت_40
PLCE,2026-05-22,REJECT,M2_FLOOR,M2_هبوط_تحت_40
PLCE,2026-06-16,REJECT,M2_FLOOR,M2_هبوط_تحت_40
PLCE,2026-07-02,REJECT,M2_FLOOR,M2_هبوط_تحت_40
PLCE,2026-07-17,REJECT,M2_FLOOR,M2_هبوط_تحت_40
PLCE,2026-07-20,REJECT,M2_FLOOR,M2_هبوط_تحت_40
PLCE,2026-07-27,REJECT,SCORE,نقاط_تحت_5
PLCE,2026-07-28,REJECT,ANCHOR,M_لا_مستوى_مختبر
PLCE,2026-07-31,REJECT,ANCHOR,M_لا_مستوى_مختبر
PLCE,2026-08-03,REJECT,ANCHOR,M_لا_مستوى_مختبر
PLCE,2026-08-06,REJECT,ANCHOR,M_لا_مستوى_مختبر
PLCE,2026-08-24,REJECT,ANCHOR,M_لا_مستوى_مختبر
PLCE,2026-09-04,REJECT,M2_FLOOR,M2_هبوط_تحت_40
PLCE,2026-09-10,REJECT,ANCHOR,M_لا_مستوى_مختبر
PLCE,2026-09-14,REJECT,ANCHOR,M_لا_مستوى_مختبر
PLCE,2026-09-22,REJECT,ANCHOR,M_لا_مستوى_مختبر
PLCE,2026-09-23,REJECT,ANCHOR,M_لا_مستوى_مختبر
PLCE,2026-09-24,REJECT,ANCHOR,M_لا_مستوى_مختبر
PLCE,2026-09-25,REJECT,ANCHOR,M_لا_مستوى_مختبر
PLCE,2026-09-28,REJECT,ANCHOR,M_لا_مستوى_مختبر
PLCE,2026-10-05,REJECT,ANCHOR,M_لا_مستوى_مختبر
PMAX,2025-08-04,REJECT,M3,M3_انفجار_تحت_60
PMAX,2026-01-22,REJECT,M2_FLOOR,M2_هبوط_تحت_40
PMAX,2026-01-28,REJECT,ANCHOR,M_لا_مستوى_مختبر
PMAX,2026-03-30,REJECT,M4_RANGE,M4_base_واسعة
PMAX,2026-04-06,REJECT,ANCHOR,M_لا_مستوى_مختبر
PMAX,2026-04-13,REJECT,ANCHOR,M_لا_مستوى_مختبر
PMAX,2026-04-24,REJECT,M4_RANGE,M4_base_واسعة
PMAX,2026-04-27,REJECT,M4_RANGE,M4_base_واسعة
PMAX,2026-05-18,REJECT,M4_RANGE,M4_base_واسعة
PMAX,2026-05-22,REJECT,M4_RANGE,M4_base_واسعة
PMAX,2026-06-05,REJECT,ANCHOR,M_لا_مستوى_مختبر
PMAX,2026-06-08,REJECT,ANCHOR,M_لا_مستوى_مختبر
PMAX,2026-06-09,REJECT,ANCHOR,M_لا_مستوى_مختبر
PMAX,2026-06-10,REJECT,ANCHOR,M_لا_مستوى_مختبر
PMAX,2026-06-11,PASS,,
PMAX,2026-06-12,PASS,,
PMAX,2026-06-15,PASS,,
PMAX,2026-06-16,PASS,,
PMAX,2026-07-02,PASS,,
PMAX,2026-07-17,REJECT,ANCHOR,M_لا_مستوى_مختبر
PMAX,2026-07-20,REJECT,ANCHOR,M_لا_مستوى_مختبر
PMAX,2026-07-27,REJECT,ANCHOR,M_لا_مستوى_مختبر
PMAX,2026-07-28,REJECT,ANCHOR,M_لا_مستوى_مختبر
PMAX,2026-07-31,REJECT,ANCHOR,M_لا_مستوى_مختبر
PMAX,2026-08-03,REJECT,ANCHOR,M_لا_مستوى_مختبر
PMAX,2026-08-06,REJECT,ANCHOR,M_لا_مستوى_مختبر
PMAX,2026-08-24,REJECT,ANCHOR,M_لا_مستوى_مختبر
PMAX,2026-09-04,REJECT,ANCHOR,M_لا_مستوى_مختبر
PMAX,2026-09-10,REJECT,ANCHOR,M_لا_مستوى_مختبر
PMAX,2026-09-14,REJECT,ANCHOR,M_لا_مستوى_مختبر
PMAX,2026-09-22,REJECT,ANCHOR,M_لا_مستوى_مختبر
PMAX,2026-09-23,REJECT,ANCHOR,M_لا_مستوى_مختبر
PMAX,2026-09-24,REJECT,ANCHOR,M_لا_مستوى_مختبر
PMAX,2026-09-25,REJECT,M4_RANGE,M4_base_واسعة
PMAX,2026-09-28,REJECT,M4_RANGE,M4_base_واسعة
PMAX,2026-10-05,REJECT,M4_RANGE,M4_base_واسعة
PRHI,2025-08-04,REJECT,M2_FLOOR,M2_هبوط_تحت_40
PRHI,2026-01-22,REJECT,ANCHOR,M_لا_مستوى_مختبر
PRHI,2026-01-28,REJECT,ANCHOR,M_لا_مستوى_مختبر
PRHI,2026-03-30,REJECT,ANCHOR,M_لا_مستوى_مختبر
PRHI,2026-04-06,REJECT,ANCHOR,M_لا_مستوى_مختبر
PRHI,2026-04-13,REJECT,ANCHOR,M_لا_مستوى_مختبر
PRHI,2026-04-24,REJECT,ANCHOR,M_لا_مستوى_مختبر
PRHI,2026-04-27,REJECT,ANCHOR,M_لا_مستوى_مختبر
PRHI,2026-05-18,REJECT,M5,M5_سيولة
PRHI,2026-05-22,REJECT,M5,M5_سيولة
PRHI,2026-06-16,REJECT,ANCHOR,M_لا_مستوى_مختبر
PRHI,2026-07-02,REJECT,ANCHOR,M_لا_مستوى_مختبر
PRHI,2026-07-17,PASS,,
PRHI,2026-07-20,PASS,,
PRHI,2026-07-27,PASS,,
PRHI,2026-07-28,PASS,,
PRHI,2026-07-31,REJECT,ANCHOR,M_لا_مستوى_مختبر
PRHI,2026-08-03,REJECT,M2_FLOOR,M2_هبوط_تحت_40
PRHI,2026-08-06,REJECT,ANCHOR,M_لا_مستوى_مختبر
PRHI,2026-08-24,REJECT,M2_FLOOR,M2_هبوط_تحت_40
PRHI,2026-09-04,REJECT,M2_FLOOR,M2_هبوط_تحت_40
PRHI,2026-09-10,REJECT,M2_FLOOR,M2_هبوط_تحت_40
PRHI,2026-09-14,REJECT,M2_FLOOR,M2_هبوط_تحت_40
PRHI,2026-09-22,REJECT,M2_FLOOR,M2_هبوط_تحت_40
PRHI,2026-09-23,REJECT,M2_FLOOR,M2_هبوط_تحت_40
PRHI,2026-09-24,REJECT,M2_FLOOR,M2_هبوط_تحت_40
PRHI,2026-09-25,REJECT,M2_FLOOR,M2_هبوط_تحت_40
PRHI,2026-09-28,REJECT,M2_FLOOR,M2_هبوط_تحت_40
PRHI,2026-10-05,REJECT,M2_FLOOR,M2_هبوط_تحت_40
PSIG,2025-08-04,REJECT,M2_FLOOR,M2_هبوط_تحت_40
PSIG,2026-01-22,REJECT,M2_FLOOR,M2_هبوط_تحت_40
PSIG,2026-01-28,REJECT,M2_FLOOR,M2_هبوط_تحت_40
PSIG,2026-03-30,REJECT,M2_FLOOR,M2_هبوط_تحت_40
PSIG,2026-04-06,REJECT,M2_FLOOR,M2_هبوط_تحت_40
PSIG,2026-04-13,REJECT,M2_FLOOR,M2_هبوط_تحت_40
PSIG,2026-04-24,REJECT,M2_FLOOR,M2_هبوط_تحت_40
PSIG,2026-04-27,REJECT,M2_FLOOR,M2_هبوط_تحت_40
PSIG,2026-05-18,REJECT,M2_FLOOR,M2_هبوط_تحت_40
PSIG,2026-05-22,REJECT,M2_FLOOR,M2_هبوط_تحت_40
PSIG,2026-06-16,REJECT,M2_FLOOR,M2_هبوط_تحت_40
PSIG,2026-07-02,REJECT,M3,M3_انفجار_تحت_60
PSIG,2026-07-17,REJECT,M3,M3_انفجار_تحت_60
PSIG,2026-07-20,REJECT,M3,M3_انفجار_تحت_60
PSIG,2026-07-27,REJECT,M3,M3_انفجار_تحت_60
PSIG,2026-07-28,REJECT,M3,M3_انفجار_تحت_60
PSIG,2026-07-31,REJECT,M3,M3_انفجار_تحت_60
PSIG,2026-08-03,REJECT,M3,M3_انفجار_تحت_60
PSIG,2026-08-06,REJECT,M3,M3_انفجار_تحت_60
PSIG,2026-08-24,REJECT,M3,M3_انفجار_تحت_60
PSIG,2026-09-04,REJECT,M3,M3_انفجار_تحت_60
PSIG,2026-09-10,REJECT,M3,M3_انفجار_تحت_60
PSIG,2026-09-14,REJECT,M4_RANGE,M4_base_واسعة
PSIG,2026-09-22,REJECT,M2_FLOOR,M2_هبوط_تحت_40
PSIG,2026-09-23,REJECT,M2_FLOOR,M2_هبوط_تحت_40
PSIG,2026-09-24,REJECT,M2_FLOOR,M2_هبوط_تحت_40
PSIG,2026-09-25,REJECT,M2_FLOOR,M2_هبوط_تحت_40
PSIG,2026-09-28,REJECT,M2_FLOOR,M2_هبوط_تحت_40
PSIG,2026-10-05,REJECT,M2_FLOOR,M2_هبوط_تحت_40
QCLS,2025-08-04,REJECT,M3,M3_انفجار_تحت_60
QCLS,2026-01-06,REJECT,ANCHOR,M_لا_مستوى_مختبر
QCLS,2026-01-07,REJECT,ANCHOR,M_لا_مستوى_مختبر
QCLS,2026-01-08,REJECT,ANCHOR,M_لا_مستوى_مختبر
QCLS,2026-01-09,REJECT,ANCHOR,M_لا_مستوى_مختبر
QCLS,2026-01-12,REJECT,ANCHOR,M_لا_مستوى_مختبر
QCLS,2026-01-13,REJECT,ANCHOR,M_لا_مستوى_مختبر
QCLS,2026-01-14,REJECT,ANCHOR,M_لا_مستوى_مختبر
QCLS,2026-01-15,REJECT,ANCHOR,M_لا_مستوى_مختبر
QCLS,2026-01-16,REJECT,ANCHOR,M_لا_مستوى_مختبر
QCLS,2026-01-20,REJECT,ANCHOR,M_لا_مستوى_مختبر
QCLS,2026-01-21,REJECT,ANCHOR,M_لا_مستوى_مختبر
QCLS,2026-01-22,REJECT,ANCHOR,M_لا_مستوى_مختبر
QCLS,2026-01-23,REJECT,ANCHOR,M_لا_مستوى_مختبر
QCLS,2026-01-26,PASS,,
QCLS,2026-01-27,PASS,,
QCLS,2026-01-28,PASS,,
QCLS,2026-03-30,REJECT,ANCHOR,M_لا_مستوى_مختبر
QCLS,2026-04-06,REJECT,ANCHOR,M_لا_مستوى_مختبر
QCLS,2026-04-13,REJECT,ANCHOR,M_لا_مستوى_مختبر
QCLS,2026-04-24,REJECT,ANCHOR,M_لا_مستوى_مختبر
QCLS,2026-04-27,REJECT,ANCHOR,M_لا_مستوى_مختبر
QCLS,2026-05-18,REJECT,ANCHOR,M_لا_مستوى_مختبر
QCLS,2026-05-22,PASS,,
QCLS,2026-06-16,PASS,,
QCLS,2026-07-02,PASS,,
QCLS,2026-07-17,REJECT,ANCHOR,M_لا_مستوى_مختبر
QCLS,2026-07-20,REJECT,ANCHOR,M_لا_مستوى_مختبر
QCLS,2026-07-27,PASS,,
QCLS,2026-07-28,PASS,,
QCLS,2026-07-31,REJECT,ANCHOR,M_لا_مستوى_مختبر
QCLS,2026-08-03,REJECT,ANCHOR,M_لا_مستوى_مختبر
QCLS,2026-08-06,REJECT,ANCHOR,M_لا_مستوى_مختبر
QCLS,2026-08-24,REJECT,ANCHOR,M_لا_مستوى_مختبر
QCLS,2026-09-04,REJECT,ANCHOR,M_لا_مستوى_مختبر
QCLS,2026-09-10,REJECT,ANCHOR,M_لا_مستوى_مختبر
QCLS,2026-09-14,REJECT,ANCHOR,M_لا_مستوى_مختبر
QCLS,2026-09-22,REJECT,M4_RANGE,M4_base_واسعة
QCLS,2026-09-23,REJECT,M4_RANGE,M4_base_واسعة
QCLS,2026-09-24,REJECT,M4_RANGE,M4_base_واسعة
QCLS,2026-09-25,REJECT,M4_RANGE,M4_base_واسعة
QCLS,2026-09-28,REJECT,M4_RANGE,M4_base_واسعة
QCLS,2026-10-05,REJECT,M4_RANGE,M4_base_واسعة
QMCO,2025-08-04,REJECT,ANCHOR,M_لا_مستوى_مختبر
QMCO,2026-01-22,REJECT,ANCHOR,M_لا_مستوى_مختبر
QMCO,2026-01-28,REJECT,ANCHOR,M_لا_مستوى_مختبر
QMCO,2026-03-30,REJECT,ANCHOR,M_لا_مستوى_مختبر
QMCO,2026-04-06,REJECT,M2_FLOOR,M2_هبوط_تحت_40
QMCO,2026-04-13,REJECT,M2_FLOOR,M2_هبوط_تحت_40
QMCO,2026-04-24,REJECT,M2_FLOOR,M2_هبوط_تحت_40
QMCO,2026-04-27,REJECT,M2_FLOOR,M2_هبوط_تحت_40
QMCO,2026-05-18,REJECT,M2_FLOOR,M2_هبوط_تحت_40
QMCO,2026-05-22,REJECT,M2_FLOOR,M2_هبوط_تحت_40
QMCO,2026-06-16,REJECT,M2_FLOOR,M2_هبوط_تحت_40
QMCO,2026-07-02,REJECT,M2_FLOOR,M2_هبوط_تحت_40
QMCO,2026-07-17,REJECT,M2_FLOOR,M2_هبوط_تحت_40
QMCO,2026-07-20,REJECT,M2_FLOOR,M2_هبوط_تحت_40
QMCO,2026-07-27,REJECT,M2_FLOOR,M2_هبوط_تحت_40
QMCO,2026-07-28,REJECT,M2_FLOOR,M2_هبوط_تحت_40
QMCO,2026-07-31,REJECT,M2_FLOOR,M2_هبوط_تحت_40
QMCO,2026-08-03,REJECT,M2_FLOOR,M2_هبوط_تحت_40
QMCO,2026-08-06,REJECT,M2_FLOOR,M2_هبوط_تحت_40
QMCO,2026-08-24,REJECT,M2_FLOOR,M2_هبوط_تحت_40
QMCO,2026-09-04,REJECT,M2_FLOOR,M2_هبوط_تحت_40
QMCO,2026-09-10,REJECT,M2_FLOOR,M2_هبوط_تحت_40
QMCO,2026-09-14,REJECT,M2_FLOOR,M2_هبوط_تحت_40
QMCO,2026-09-22,REJECT,M2_FLOOR,M2_هبوط_تحت_40
QMCO,2026-09-23,REJECT,M2_FLOOR,M2_هبوط_تحت_40
QMCO,2026-09-24,REJECT,M2_FLOOR,M2_هبوط_تحت_40
QMCO,2026-09-25,REJECT,M2_FLOOR,M2_هبوط_تحت_40
QMCO,2026-09-28,REJECT,M2_FLOOR,M2_هبوط_تحت_40
QMCO,2026-10-05,REJECT,M2_FLOOR,M2_هبوط_تحت_40
QNME,2025-08-04,REJECT,M3,M3_انفجار_تحت_60
QNME,2026-01-22,REJECT,M2_FLOOR,M2_هبوط_تحت_40
QNME,2026-01-28,REJECT,M2_FLOOR,M2_هبوط_تحت_40
QNME,2026-03-30,REJECT,M2_FLOOR,M2_هبوط_تحت_40
QNME,2026-04-06,REJECT,M2_FLOOR,M2_هبوط_تحت_40
QNME,2026-04-13,REJECT,M2_FLOOR,M2_هبوط_تحت_40
QNME,2026-04-24,REJECT,M2_FLOOR,M2_هبوط_تحت_40
QNME,2026-04-27,REJECT,M2_FLOOR,M2_هبوط_تحت_40
QNME,2026-05-18,REJECT,M2_FLOOR,M2_هبوط_تحت_40
QNME,2026-05-22,REJECT,M2_FLOOR,M2_هبوط_تحت_40
QNME,2026-06-16,REJECT,M2_FLOOR,M2_هبوط_تحت_40
QNME,2026-07-02,REJECT,M2_FLOOR,M2_هبوط_تحت_40
QNME,2026-07-17,REJECT,M1,M1_سعر
QNME,2026-07-20,REJECT,M1,M1_سعر
QNME,2026-07-27,REJECT,M1,M1_سعر
QNME,2026-07-28,REJECT,M1,M1_سعر
QNME,2026-07-31,REJECT,M1,M1_سعر
QNME,2026-08-03,REJECT,M1,M1_سعر
QNME,2026-08-06,REJECT,M2_FLOOR,M2_هبوط_تحت_40
QNME,2026-08-24,REJECT,M1,M1_سعر
QNME,2026-09-04,REJECT,M1,M1_سعر
QNME,2026-09-10,REJECT,M1,M1_سعر
QNME,2026-09-14,REJECT,M1,M1_سعر
QNME,2026-09-22,REJECT,M2_FLOOR,M2_هبوط_تحت_40
QNME,2026-09-23,REJECT,M2_FLOOR,M2_هبوط_تحت_40
QNME,2026-09-24,REJECT,M2_FLOOR,M2_هبوط_تحت_40
QNME,2026-09-25,REJECT,M2_FLOOR,M2_هبوط_تحت_40
QNME,2026-09-28,REJECT,M2_FLOOR,M2_هبوط_تحت_40
QNME,2026-10-05,REJECT,M2_FLOOR,M2_هبوط_تحت_40
QTEX,2025-08-04,REJECT,M2_FLOOR,M2_هبوط_تحت_40
QTEX,2026-01-22,REJECT,M2_FLOOR,M2_هبوط_تحت_40
QTEX,2026-01-28,REJECT,M2_FLOOR,M2_هبوط_تحت_40
QTEX,2026-03-30,REJECT,M1,M1_سعر
QTEX,2026-04-06,REJECT,M2_FLOOR,M2_هبوط_تحت_40
QTEX,2026-04-13,REJECT,ANCHOR,M_لا_مستوى_مختبر
QTEX,2026-04-24,REJECT,M2_FLOOR,M2_هبوط_تحت_40
QTEX,2026-04-27,REJECT,M2_FLOOR,M2_هبوط_تحت_40
QTEX,2026-05-18,REJECT,M1,M1_سعر
QTEX,2026-05-22,REJECT,M1,M1_سعر
QTEX,2026-06-16,REJECT,M2_FLOOR,M2_هبوط_تحت_40
QTEX,2026-07-02,REJECT,M2_FLOOR,M2_هبوط_تحت_40
QTEX,2026-07-17,REJECT,M2_FLOOR,M2_هبوط_تحت_40
QTEX,2026-07-20,REJECT,M2_FLOOR,M2_هبوط_تحت_40
QTEX,2026-07-27,REJECT,ANCHOR,M_لا_مستوى_مختبر
QTEX,2026-07-28,REJECT,ANCHOR,M_لا_مستوى_مختبر
QTEX,2026-07-31,PASS,,
QTEX,2026-08-03,REJECT,ANCHOR,M_لا_مستوى_مختبر
QTEX,2026-08-06,REJECT,ANCHOR,M_لا_مستوى_مختبر
QTEX,2026-08-24,REJECT,ANCHOR,M_لا_مستوى_مختبر
QTEX,2026-09-04,PASS,,
QTEX,2026-09-10,PASS,,
QTEX,2026-09-14,PASS,,
QTEX,2026-09-22,PASS,,
QTEX,2026-09-23,REJECT,ANCHOR,M_لا_مستوى_مختبر
QTEX,2026-09-24,REJECT,ANCHOR,M_لا_مستوى_مختبر
QTEX,2026-09-25,REJECT,ANCHOR,M_لا_مستوى_مختبر
QTEX,2026-09-28,REJECT,ANCHOR,M_لا_مستوى_مختبر
QTEX,2026-10-05,REJECT,M2_FLOOR,M2_هبوط_تحت_40
RAYA,2025-08-04,REJECT,M3,M3_انفجار_تحت_60
RAYA,2026-01-22,REJECT,ANCHOR,M_لا_مستوى_مختبر
RAYA,2026-01-28,REJECT,M4_RANGE,M4_base_واسعة
RAYA,2026-03-30,REJECT,M4_RANGE,M4_base_واسعة
RAYA,2026-04-06,REJECT,M4_RANGE,M4_base_واسعة
RAYA,2026-04-13,REJECT,M4_RANGE,M4_base_واسعة
RAYA,2026-04-24,REJECT,M2_CEIL,M2_هبوط_فوق_97
RAYA,2026-04-27,REJECT,M2_CEIL,M2_هبوط_فوق_97
RAYA,2026-05-18,REJECT,M2_CEIL,M2_هبوط_فوق_97
RAYA,2026-05-22,REJECT,M2_CEIL,M2_هبوط_فوق_97
RAYA,2026-06-16,REJECT,M2_CEIL,M2_هبوط_فوق_97
RAYA,2026-07-02,REJECT,M2_CEIL,M2_هبوط_فوق_97
RAYA,2026-07-17,REJECT,M2_CEIL,M2_هبوط_فوق_97
RAYA,2026-07-20,REJECT,M2_CEIL,M2_هبوط_فوق_97
RAYA,2026-07-27,PASS,,
RAYA,2026-07-28,PASS,,
RAYA,2026-07-31,REJECT,ANCHOR,M_لا_مستوى_مختبر
RAYA,2026-08-03,REJECT,ANCHOR,M_لا_مستوى_مختبر
RAYA,2026-08-06,REJECT,ANCHOR,M_لا_مستوى_مختبر
RAYA,2026-08-11,REJECT,ANCHOR,M_لا_مستوى_مختبر
RAYA,2026-08-12,REJECT,ANCHOR,M_لا_مستوى_مختبر
RAYA,2026-08-13,REJECT,ANCHOR,M_لا_مستوى_مختبر
RAYA,2026-08-14,REJECT,ANCHOR,M_لا_مستوى_مختبر
RAYA,2026-08-17,REJECT,ANCHOR,M_لا_مستوى_مختبر
RAYA,2026-08-18,REJECT,ANCHOR,M_لا_مستوى_مختبر
RAYA,2026-08-19,REJECT,ANCHOR,M_لا_مستوى_مختبر
RAYA,2026-08-20,REJECT,ANCHOR,M_لا_مستوى_مختبر
RAYA,2026-08-21,REJECT,ANCHOR,M_لا_مستوى_مختبر
RAYA,2026-08-24,REJECT,ANCHOR,M_لا_مستوى_مختبر
RAYA,2026-08-25,REJECT,ANCHOR,M_لا_مستوى_مختبر
RAYA,2026-08-26,REJECT,ANCHOR,M_لا_مستوى_مختبر
RAYA,2026-08-27,REJECT,ANCHOR,M_لا_مستوى_مختبر
RAYA,2026-08-28,REJECT,ANCHOR,M_لا_مستوى_مختبر
RAYA,2026-08-31,REJECT,ANCHOR,M_لا_مستوى_مختبر
RAYA,2026-09-01,REJECT,ANCHOR,M_لا_مستوى_مختبر
RAYA,2026-09-02,REJECT,ANCHOR,M_لا_مستوى_مختبر
RAYA,2026-09-03,REJECT,ANCHOR,M_لا_مستوى_مختبر
RAYA,2026-09-04,REJECT,ANCHOR,M_لا_مستوى_مختبر
RAYA,2026-09-08,REJECT,ANCHOR,M_لا_مستوى_مختبر
RAYA,2026-09-09,REJECT,ANCHOR,M_لا_مستوى_مختبر
RAYA,2026-09-10,REJECT,ANCHOR,M_لا_مستوى_مختبر
RAYA,2026-09-11,REJECT,ANCHOR,M_لا_مستوى_مختبر
RAYA,2026-09-14,REJECT,ANCHOR,M_لا_مستوى_مختبر
RAYA,2026-09-16,REJECT,ANCHOR,M_لا_مستوى_مختبر
RAYA,2026-09-17,REJECT,ANCHOR,M_لا_مستوى_مختبر
RAYA,2026-09-18,REJECT,ANCHOR,M_لا_مستوى_مختبر
RAYA,2026-09-21,REJECT,ANCHOR,M_لا_مستوى_مختبر
RAYA,2026-09-22,REJECT,ANCHOR,M_لا_مستوى_مختبر
RAYA,2026-09-23,REJECT,ANCHOR,M_لا_مستوى_مختبر
RAYA,2026-09-24,REJECT,ANCHOR,M_لا_مستوى_مختبر
RAYA,2026-09-25,REJECT,ANCHOR,M_لا_مستوى_مختبر
RAYA,2026-09-28,REJECT,ANCHOR,M_لا_مستوى_مختبر
RAYA,2026-10-05,REJECT,ANCHOR,M_لا_مستوى_مختبر
RDAC,2025-08-04,TOO_FEW_BARS,DEPTH,MIN_BARS
RDAC,2026-01-22,REJECT,M2_FLOOR,M2_هبوط_تحت_40
RDAC,2026-01-28,REJECT,M2_FLOOR,M2_هبوط_تحت_40
RDAC,2026-03-30,REJECT,M2_FLOOR,M2_هبوط_تحت_40
RDAC,2026-04-06,REJECT,M2_FLOOR,M2_هبوط_تحت_40
RDAC,2026-04-13,REJECT,M2_FLOOR,M2_هبوط_تحت_40
RDAC,2026-04-24,REJECT,M2_FLOOR,M2_هبوط_تحت_40
RDAC,2026-04-27,REJECT,M2_FLOOR,M2_هبوط_تحت_40
RDAC,2026-05-18,REJECT,M2_FLOOR,M2_هبوط_تحت_40
RDAC,2026-05-22,REJECT,M2_FLOOR,M2_هبوط_تحت_40
RDAC,2026-06-16,REJECT,ANCHOR,M_لا_مستوى_مختبر
RDAC,2026-07-02,REJECT,ANCHOR,M_لا_مستوى_مختبر
RDAC,2026-07-17,PASS,,
RDAC,2026-07-20,PASS,,
RDAC,2026-07-27,PASS,,
RDAC,2026-07-28,PASS,,
RDAC,2026-07-31,PASS,,
RDAC,2026-08-03,PASS,,
RDAC,2026-08-06,PASS,,
RDAC,2026-08-24,REJECT,M4_RANGE,M4_base_واسعة
RDAC,2026-09-04,REJECT,M4_RANGE,M4_base_واسعة
RDAC,2026-09-10,REJECT,M4_RANGE,M4_base_واسعة
RDAC,2026-09-14,REJECT,ANCHOR,M_لا_مستوى_مختبر
RDAC,2026-09-22,REJECT,ANCHOR,M_لا_مستوى_مختبر
RDAC,2026-09-23,REJECT,ANCHOR,M_لا_مستوى_مختبر
RDAC,2026-09-24,REJECT,ANCHOR,M_لا_مستوى_مختبر
RDAC,2026-09-25,REJECT,ANCHOR,M_لا_مستوى_مختبر
RDAC,2026-09-28,REJECT,ANCHOR,M_لا_مستوى_مختبر
RDAC,2026-10-05,REJECT,ANCHOR,M_لا_مستوى_مختبر
RDIB,2025-08-04,REJECT,M2_FLOOR,M2_هبوط_تحت_40
RDIB,2026-01-22,REJECT,M2_FLOOR,M2_هبوط_تحت_40
RDIB,2026-01-28,REJECT,M2_FLOOR,M2_هبوط_تحت_40
RDIB,2026-03-30,REJECT,M2_FLOOR,M2_هبوط_تحت_40
RDIB,2026-04-06,REJECT,M2_FLOOR,M2_هبوط_تحت_40
RDIB,2026-04-13,REJECT,M2_FLOOR,M2_هبوط_تحت_40
RDIB,2026-04-24,REJECT,M2_FLOOR,M2_هبوط_تحت_40
RDIB,2026-04-27,REJECT,M2_FLOOR,M2_هبوط_تحت_40
RDIB,2026-05-18,REJECT,M2_FLOOR,M2_هبوط_تحت_40
RDIB,2026-05-22,REJECT,M2_FLOOR,M2_هبوط_تحت_40
RDIB,2026-06-16,REJECT,M2_FLOOR,M2_هبوط_تحت_40
RDIB,2026-07-02,REJECT,M2_FLOOR,M2_هبوط_تحت_40
RDIB,2026-07-17,REJECT,M2_FLOOR,M2_هبوط_تحت_40
RDIB,2026-07-20,REJECT,M2_FLOOR,M2_هبوط_تحت_40
RDIB,2026-07-27,REJECT,M2_FLOOR,M2_هبوط_تحت_40
RDIB,2026-07-28,REJECT,M2_FLOOR,M2_هبوط_تحت_40
RDIB,2026-07-31,REJECT,M2_FLOOR,M2_هبوط_تحت_40
RDIB,2026-08-03,REJECT,M2_FLOOR,M2_هبوط_تحت_40
RDIB,2026-08-06,REJECT,M2_FLOOR,M2_هبوط_تحت_40
RDIB,2026-08-24,REJECT,M2_FLOOR,M2_هبوط_تحت_40
RDIB,2026-09-04,REJECT,M2_FLOOR,M2_هبوط_تحت_40
RDIB,2026-09-10,REJECT,M2_FLOOR,M2_هبوط_تحت_40
RDIB,2026-09-14,REJECT,M2_FLOOR,M2_هبوط_تحت_40
RDIB,2026-09-22,REJECT,M2_FLOOR,M2_هبوط_تحت_40
RDIB,2026-09-23,REJECT,M2_FLOOR,M2_هبوط_تحت_40
RDIB,2026-09-24,REJECT,M2_FLOOR,M2_هبوط_تحت_40
RDIB,2026-09-25,REJECT,M2_FLOOR,M2_هبوط_تحت_40
RDIB,2026-09-28,REJECT,M2_FLOOR,M2_هبوط_تحت_40
RDIB,2026-10-05,REJECT,M2_FLOOR,M2_هبوط_تحت_40
REFR,2025-08-04,REJECT,M2_FLOOR,M2_هبوط_تحت_40
REFR,2026-01-22,REJECT,M2_FLOOR,M2_هبوط_تحت_40
REFR,2026-01-28,REJECT,M2_FLOOR,M2_هبوط_تحت_40
REFR,2026-03-30,REJECT,M2_FLOOR,M2_هبوط_تحت_40
REFR,2026-04-06,REJECT,M2_FLOOR,M2_هبوط_تحت_40
REFR,2026-04-13,REJECT,M2_FLOOR,M2_هبوط_تحت_40
REFR,2026-04-24,REJECT,M2_FLOOR,M2_هبوط_تحت_40
REFR,2026-04-27,REJECT,M2_FLOOR,M2_هبوط_تحت_40
REFR,2026-05-18,REJECT,M2_FLOOR,M2_هبوط_تحت_40
REFR,2026-05-22,REJECT,M3,M3_انفجار_تحت_60
REFR,2026-06-16,REJECT,M3,M3_انفجار_تحت_60
REFR,2026-07-02,REJECT,M3,M3_انفجار_تحت_60
REFR,2026-07-17,REJECT,M3,M3_انفجار_تحت_60
REFR,2026-07-20,REJECT,M3,M3_انفجار_تحت_60
REFR,2026-07-27,REJECT,M3,M3_انفجار_تحت_60
REFR,2026-07-28,REJECT,M3,M3_انفجار_تحت_60
REFR,2026-07-31,REJECT,M1,M1_سعر
REFR,2026-08-03,REJECT,M3,M3_انفجار_تحت_60
REFR,2026-08-06,REJECT,M3,M3_انفجار_تحت_60
REFR,2026-08-24,REJECT,M3,M3_انفجار_تحت_60
REFR,2026-09-04,REJECT,M3,M3_انفجار_تحت_60
REFR,2026-09-10,REJECT,M1,M1_سعر
REFR,2026-09-14,REJECT,M1,M1_سعر
REFR,2026-09-22,REJECT,M3,M3_انفجار_تحت_60
REFR,2026-09-23,REJECT,M2_FLOOR,M2_هبوط_تحت_40
REFR,2026-09-24,REJECT,M3,M3_انفجار_تحت_60
REFR,2026-09-25,REJECT,M3,M3_انفجار_تحت_60
REFR,2026-09-28,REJECT,M2_FLOOR,M2_هبوط_تحت_40
REFR,2026-10-05,REJECT,M3,M3_انفجار_تحت_60
RETO,2025-08-04,REJECT,ANCHOR,M_لا_مستوى_مختبر
RETO,2026-01-21,REJECT,ANCHOR,M_لا_مستوى_مختبر
RETO,2026-01-22,REJECT,ANCHOR,M_لا_مستوى_مختبر
RETO,2026-01-28,REJECT,ANCHOR,M_لا_مستوى_مختبر
RETO,2026-03-17,REJECT,M4_RANGE,M4_base_واسعة
RETO,2026-03-18,REJECT,M4_RANGE,M4_base_واسعة
RETO,2026-03-19,REJECT,M4_RANGE,M4_base_واسعة
RETO,2026-03-20,REJECT,M4_RANGE,M4_base_واسعة
RETO,2026-03-23,REJECT,M4_RANGE,M4_base_واسعة
RETO,2026-03-24,REJECT,M4_RANGE,M4_base_واسعة
RETO,2026-03-25,REJECT,M4_RANGE,M4_base_واسعة
RETO,2026-03-26,REJECT,M4_RANGE,M4_base_واسعة
RETO,2026-03-27,REJECT,ANCHOR,M_لا_مستوى_مختبر
RETO,2026-03-30,REJECT,ANCHOR,M_لا_مستوى_مختبر
RETO,2026-04-06,REJECT,ANCHOR,M_لا_مستوى_مختبر
RETO,2026-04-13,REJECT,ANCHOR,M_لا_مستوى_مختبر
RETO,2026-04-24,REJECT,M4_RANGE,M4_base_واسعة
RETO,2026-04-27,REJECT,M4_RANGE,M4_base_واسعة
RETO,2026-05-18,REJECT,ANCHOR,M_لا_مستوى_مختبر
RETO,2026-05-22,REJECT,ANCHOR,M_لا_مستوى_مختبر
RETO,2026-06-16,REJECT,ANCHOR,M_لا_مستوى_مختبر
RETO,2026-07-02,REJECT,ANCHOR,M_لا_مستوى_مختبر
RETO,2026-07-17,REJECT,ANCHOR,M_لا_مستوى_مختبر
RETO,2026-07-20,REJECT,ANCHOR,M_لا_مستوى_مختبر
RETO,2026-07-27,PASS,,
RETO,2026-07-28,REJECT,ANCHOR,M_لا_مستوى_مختبر
RETO,2026-07-31,REJECT,ANCHOR,M_لا_مستوى_مختبر
RETO,2026-08-03,REJECT,ANCHOR,M_لا_مستوى_مختبر
RETO,2026-08-06,REJECT,ANCHOR,M_لا_مستوى_مختبر
RETO,2026-08-24,REJECT,M4_RANGE,M4_base_واسعة
RETO,2026-09-04,REJECT,ANCHOR,M_لا_مستوى_مختبر
RETO,2026-09-10,REJECT,M4_RANGE,M4_base_واسعة
RETO,2026-09-14,REJECT,M4_RANGE,M4_base_واسعة
RETO,2026-09-22,REJECT,M4_RANGE,M4_base_واسعة
RETO,2026-09-23,REJECT,M4_RANGE,M4_base_واسعة
RETO,2026-09-24,REJECT,M4_RANGE,M4_base_واسعة
RETO,2026-09-25,REJECT,M4_RANGE,M4_base_واسعة
RETO,2026-09-28,REJECT,M4_RANGE,M4_base_واسعة
RETO,2026-10-05,REJECT,M4_RANGE,M4_base_واسعة
RFAI,2025-08-04,TOO_FEW_BARS,DEPTH,MIN_BARS
RFAI,2026-01-22,REJECT,M2_FLOOR,M2_هبوط_تحت_40
RFAI,2026-01-28,REJECT,M2_FLOOR,M2_هبوط_تحت_40
RFAI,2026-03-30,REJECT,M2_FLOOR,M2_هبوط_تحت_40
RFAI,2026-04-06,REJECT,M2_FLOOR,M2_هبوط_تحت_40
RFAI,2026-04-13,REJECT,M2_FLOOR,M2_هبوط_تحت_40
RFAI,2026-04-24,REJECT,M2_FLOOR,M2_هبوط_تحت_40
RFAI,2026-04-27,REJECT,M2_FLOOR,M2_هبوط_تحت_40
RFAI,2026-05-18,REJECT,M2_FLOOR,M2_هبوط_تحت_40
RFAI,2026-05-22,REJECT,M2_FLOOR,M2_هبوط_تحت_40
RFAI,2026-06-16,REJECT,M2_FLOOR,M2_هبوط_تحت_40
RFAI,2026-07-02,REJECT,M2_FLOOR,M2_هبوط_تحت_40
RFAI,2026-07-17,REJECT,M2_FLOOR,M2_هبوط_تحت_40
RFAI,2026-07-20,REJECT,M2_FLOOR,M2_هبوط_تحت_40
RFAI,2026-07-27,REJECT,M2_FLOOR,M2_هبوط_تحت_40
RFAI,2026-07-28,REJECT,M2_FLOOR,M2_هبوط_تحت_40
RFAI,2026-07-31,REJECT,M2_FLOOR,M2_هبوط_تحت_40
RFAI,2026-08-03,REJECT,M2_FLOOR,M2_هبوط_تحت_40
RFAI,2026-08-06,REJECT,M2_FLOOR,M2_هبوط_تحت_40
RFAI,2026-08-24,REJECT,M2_FLOOR,M2_هبوط_تحت_40
RFAI,2026-09-04,REJECT,M2_FLOOR,M2_هبوط_تحت_40
RFAI,2026-09-10,REJECT,M2_FLOOR,M2_هبوط_تحت_40
RFAI,2026-09-14,REJECT,M2_FLOOR,M2_هبوط_تحت_40
RFAI,2026-09-22,REJECT,M2_FLOOR,M2_هبوط_تحت_40
RFAI,2026-09-23,REJECT,M2_FLOOR,M2_هبوط_تحت_40
RFAI,2026-09-24,REJECT,M2_FLOOR,M2_هبوط_تحت_40
RFAI,2026-09-25,REJECT,M2_FLOOR,M2_هبوط_تحت_40
RFAI,2026-09-28,REJECT,M2_FLOOR,M2_هبوط_تحت_40
RFAI,2026-10-05,REJECT,M2_FLOOR,M2_هبوط_تحت_40
RNXT,2025-08-04,REJECT,M2_FLOOR,M2_هبوط_تحت_40
RNXT,2026-01-22,REJECT,M2_FLOOR,M2_هبوط_تحت_40
RNXT,2026-01-28,REJECT,M2_FLOOR,M2_هبوط_تحت_40
RNXT,2026-03-30,REJECT,M2_FLOOR,M2_هبوط_تحت_40
RNXT,2026-04-06,REJECT,M2_FLOOR,M2_هبوط_تحت_40
RNXT,2026-04-13,REJECT,M2_FLOOR,M2_هبوط_تحت_40
RNXT,2026-04-24,REJECT,M2_FLOOR,M2_هبوط_تحت_40
RNXT,2026-04-27,REJECT,M2_FLOOR,M2_هبوط_تحت_40
RNXT,2026-05-18,REJECT,M2_FLOOR,M2_هبوط_تحت_40
RNXT,2026-05-22,REJECT,M2_FLOOR,M2_هبوط_تحت_40
RNXT,2026-06-16,REJECT,M2_FLOOR,M2_هبوط_تحت_40
RNXT,2026-07-02,REJECT,M2_FLOOR,M2_هبوط_تحت_40
RNXT,2026-07-17,REJECT,M2_FLOOR,M2_هبوط_تحت_40
RNXT,2026-07-20,REJECT,M2_FLOOR,M2_هبوط_تحت_40
RNXT,2026-07-27,REJECT,M2_FLOOR,M2_هبوط_تحت_40
RNXT,2026-07-28,REJECT,M2_FLOOR,M2_هبوط_تحت_40
RNXT,2026-07-31,REJECT,M2_FLOOR,M2_هبوط_تحت_40
RNXT,2026-08-03,REJECT,M2_FLOOR,M2_هبوط_تحت_40
RNXT,2026-08-06,REJECT,M2_FLOOR,M2_هبوط_تحت_40
RNXT,2026-08-24,REJECT,M2_FLOOR,M2_هبوط_تحت_40
RNXT,2026-09-04,REJECT,M2_FLOOR,M2_هبوط_تحت_40
RNXT,2026-09-10,REJECT,M2_FLOOR,M2_هبوط_تحت_40
RNXT,2026-09-14,REJECT,M2_FLOOR,M2_هبوط_تحت_40
RNXT,2026-09-22,REJECT,M2_FLOOR,M2_هبوط_تحت_40
RNXT,2026-09-23,REJECT,M2_FLOOR,M2_هبوط_تحت_40
RNXT,2026-09-24,REJECT,M2_FLOOR,M2_هبوط_تحت_40
RNXT,2026-09-25,REJECT,M2_FLOOR,M2_هبوط_تحت_40
RNXT,2026-09-28,REJECT,M2_FLOOR,M2_هبوط_تحت_40
RNXT,2026-10-05,REJECT,M2_FLOOR,M2_هبوط_تحت_40
RUBI,2025-08-04,TOO_FEW_BARS,DEPTH,MIN_BARS
SCKT,2025-08-04,REJECT,M2_FLOOR,M2_هبوط_تحت_40
SCKT,2026-01-22,REJECT,M2_FLOOR,M2_هبوط_تحت_40
SCKT,2026-01-28,REJECT,M2_FLOOR,M2_هبوط_تحت_40
SCKT,2026-03-30,REJECT,M2_FLOOR,M2_هبوط_تحت_40
SCKT,2026-04-06,REJECT,M2_FLOOR,M2_هبوط_تحت_40
SCKT,2026-04-13,REJECT,M2_FLOOR,M2_هبوط_تحت_40
SCKT,2026-04-24,REJECT,M2_FLOOR,M2_هبوط_تحت_40
SCKT,2026-04-27,REJECT,M2_FLOOR,M2_هبوط_تحت_40
SCKT,2026-05-18,REJECT,M2_FLOOR,M2_هبوط_تحت_40
SCKT,2026-05-22,REJECT,M2_FLOOR,M2_هبوط_تحت_40
SCKT,2026-06-16,REJECT,M2_FLOOR,M2_هبوط_تحت_40
SCKT,2026-07-02,REJECT,M2_FLOOR,M2_هبوط_تحت_40
SCKT,2026-07-17,REJECT,M2_FLOOR,M2_هبوط_تحت_40
SCKT,2026-07-20,REJECT,M2_FLOOR,M2_هبوط_تحت_40
SCKT,2026-07-27,REJECT,M2_FLOOR,M2_هبوط_تحت_40
SCKT,2026-07-28,REJECT,M2_FLOOR,M2_هبوط_تحت_40
SCKT,2026-07-31,REJECT,M2_FLOOR,M2_هبوط_تحت_40
SCKT,2026-08-03,REJECT,M2_FLOOR,M2_هبوط_تحت_40
SCKT,2026-08-06,REJECT,M1,M1_سعر
SCKT,2026-08-24,REJECT,M3,M3_انفجار_تحت_60
SCKT,2026-09-04,REJECT,M4_RANGE,M4_base_واسعة
SCKT,2026-09-10,REJECT,ANCHOR,M_لا_مستوى_مختبر
SCKT,2026-09-14,REJECT,ANCHOR,M_لا_مستوى_مختبر
SCKT,2026-09-22,REJECT,ANCHOR,M_لا_مستوى_مختبر
SCKT,2026-09-23,REJECT,ANCHOR,M_لا_مستوى_مختبر
SCKT,2026-09-24,REJECT,ANCHOR,M_لا_مستوى_مختبر
SCKT,2026-09-25,PASS,,
SCKT,2026-09-28,PASS,,
SCKT,2026-10-05,REJECT,ANCHOR,M_لا_مستوى_مختبر
SFWL,2025-08-04,REJECT,M2_FLOOR,M2_هبوط_تحت_40
SFWL,2026-01-22,REJECT,M2_FLOOR,M2_هبوط_تحت_40
SFWL,2026-01-28,REJECT,M2_FLOOR,M2_هبوط_تحت_40
SFWL,2026-03-30,REJECT,M2_FLOOR,M2_هبوط_تحت_40
SFWL,2026-04-06,REJECT,M2_FLOOR,M2_هبوط_تحت_40
SFWL,2026-04-13,REJECT,M2_FLOOR,M2_هبوط_تحت_40
SFWL,2026-04-24,REJECT,M2_FLOOR,M2_هبوط_تحت_40
SFWL,2026-04-27,REJECT,M2_FLOOR,M2_هبوط_تحت_40
SFWL,2026-05-18,REJECT,M2_FLOOR,M2_هبوط_تحت_40
SFWL,2026-05-22,REJECT,M2_FLOOR,M2_هبوط_تحت_40
SFWL,2026-06-16,REJECT,M2_FLOOR,M2_هبوط_تحت_40
SFWL,2026-07-02,REJECT,M2_FLOOR,M2_هبوط_تحت_40
SFWL,2026-07-17,REJECT,M2_FLOOR,M2_هبوط_تحت_40
SFWL,2026-07-20,REJECT,M2_FLOOR,M2_هبوط_تحت_40
SFWL,2026-07-27,REJECT,M2_FLOOR,M2_هبوط_تحت_40
SFWL,2026-07-28,REJECT,M2_FLOOR,M2_هبوط_تحت_40
SFWL,2026-07-31,REJECT,M2_FLOOR,M2_هبوط_تحت_40
SFWL,2026-08-03,REJECT,M2_FLOOR,M2_هبوط_تحت_40
SFWL,2026-08-06,REJECT,M2_FLOOR,M2_هبوط_تحت_40
SFWL,2026-08-24,REJECT,M2_FLOOR,M2_هبوط_تحت_40
SFWL,2026-09-04,REJECT,M2_FLOOR,M2_هبوط_تحت_40
SFWL,2026-09-10,REJECT,M2_FLOOR,M2_هبوط_تحت_40
SFWL,2026-09-14,REJECT,M2_FLOOR,M2_هبوط_تحت_40
SFWL,2026-09-22,REJECT,M2_FLOOR,M2_هبوط_تحت_40
SFWL,2026-09-23,REJECT,M2_FLOOR,M2_هبوط_تحت_40
SFWL,2026-09-24,REJECT,M2_FLOOR,M2_هبوط_تحت_40
SFWL,2026-09-25,REJECT,M2_FLOOR,M2_هبوط_تحت_40
SFWL,2026-09-28,REJECT,M2_FLOOR,M2_هبوط_تحت_40
SFWL,2026-10-05,REJECT,M2_FLOOR,M2_هبوط_تحت_40
SRZN,2025-08-04,REJECT,M2_FLOOR,M2_هبوط_تحت_40
SRZN,2026-01-22,REJECT,M2_FLOOR,M2_هبوط_تحت_40
SRZN,2026-01-28,REJECT,M2_FLOOR,M2_هبوط_تحت_40
SRZN,2026-03-30,REJECT,M2_FLOOR,M2_هبوط_تحت_40
SRZN,2026-04-06,REJECT,M2_FLOOR,M2_هبوط_تحت_40
SRZN,2026-04-13,REJECT,M2_FLOOR,M2_هبوط_تحت_40
SRZN,2026-04-24,REJECT,M2_FLOOR,M2_هبوط_تحت_40
SRZN,2026-04-27,REJECT,M2_FLOOR,M2_هبوط_تحت_40
SRZN,2026-05-18,REJECT,M2_FLOOR,M2_هبوط_تحت_40
SRZN,2026-05-22,REJECT,M2_FLOOR,M2_هبوط_تحت_40
SRZN,2026-06-16,REJECT,M2_FLOOR,M2_هبوط_تحت_40
SRZN,2026-07-02,REJECT,M2_FLOOR,M2_هبوط_تحت_40
SRZN,2026-07-17,REJECT,M2_FLOOR,M2_هبوط_تحت_40
SRZN,2026-07-20,REJECT,M2_FLOOR,M2_هبوط_تحت_40
SRZN,2026-07-27,REJECT,M2_FLOOR,M2_هبوط_تحت_40
SRZN,2026-07-28,REJECT,M2_FLOOR,M2_هبوط_تحت_40
SRZN,2026-07-31,REJECT,M2_FLOOR,M2_هبوط_تحت_40
SRZN,2026-08-03,REJECT,M2_FLOOR,M2_هبوط_تحت_40
SRZN,2026-08-06,REJECT,M2_FLOOR,M2_هبوط_تحت_40
SRZN,2026-08-24,REJECT,M2_FLOOR,M2_هبوط_تحت_40
SRZN,2026-09-04,REJECT,M2_FLOOR,M2_هبوط_تحت_40
SRZN,2026-09-10,REJECT,M2_FLOOR,M2_هبوط_تحت_40
SRZN,2026-09-14,REJECT,M2_FLOOR,M2_هبوط_تحت_40
SRZN,2026-09-22,REJECT,M2_FLOOR,M2_هبوط_تحت_40
SRZN,2026-09-23,REJECT,M2_FLOOR,M2_هبوط_تحت_40
SRZN,2026-09-24,REJECT,M2_FLOOR,M2_هبوط_تحت_40
SRZN,2026-09-25,REJECT,M2_FLOOR,M2_هبوط_تحت_40
SRZN,2026-09-28,REJECT,M2_FLOOR,M2_هبوط_تحت_40
SRZN,2026-10-05,REJECT,M2_FLOOR,M2_هبوط_تحت_40
SUNE,2025-08-04,PASS,,
SUNE,2026-01-22,REJECT,ANCHOR,M_لا_مستوى_مختبر
SUNE,2026-01-28,REJECT,ANCHOR,M_لا_مستوى_مختبر
SUNE,2026-03-30,REJECT,M4_RANGE,M4_base_واسعة
SUNE,2026-04-06,REJECT,M4_RANGE,M4_base_واسعة
SUNE,2026-04-13,REJECT,M4_RANGE,M4_base_واسعة
SUNE,2026-04-24,REJECT,M2_FLOOR,M2_هبوط_تحت_40
SUNE,2026-04-27,REJECT,M2_FLOOR,M2_هبوط_تحت_40
SUNE,2026-05-18,REJECT,M2_FLOOR,M2_هبوط_تحت_40
SUNE,2026-05-22,REJECT,M2_FLOOR,M2_هبوط_تحت_40
SUNE,2026-06-16,REJECT,M4_RANGE,M4_base_واسعة
SUNE,2026-07-02,REJECT,ANCHOR,M_لا_مستوى_مختبر
SUNE,2026-07-10,REJECT,ANCHOR,M_لا_مستوى_مختبر
SUNE,2026-07-13,REJECT,M2_FLOOR,M2_هبوط_تحت_40
SUNE,2026-07-14,REJECT,M2_FLOOR,M2_هبوط_تحت_40
SUNE,2026-07-15,REJECT,M2_FLOOR,M2_هبوط_تحت_40
SUNE,2026-07-16,REJECT,M2_FLOOR,M2_هبوط_تحت_40
SUNE,2026-07-17,REJECT,M4_RANGE,M4_base_واسعة
SUNE,2026-07-20,REJECT,M4_RANGE,M4_base_واسعة
SUNE,2026-07-21,REJECT,M4_RANGE,M4_base_واسعة
SUNE,2026-07-22,REJECT,M4_RANGE,M4_base_واسعة
SUNE,2026-07-23,REJECT,M4_RANGE,M4_base_واسعة
SUNE,2026-07-24,REJECT,M4_RANGE,M4_base_واسعة
SUNE,2026-07-27,REJECT,M4_RANGE,M4_base_واسعة
SUNE,2026-07-28,REJECT,M4_RANGE,M4_base_واسعة
SUNE,2026-07-29,REJECT,M4_RANGE,M4_base_واسعة
SUNE,2026-07-30,REJECT,ANCHOR,M_لا_مستوى_مختبر
SUNE,2026-07-31,REJECT,ANCHOR,M_لا_مستوى_مختبر
SUNE,2026-08-03,REJECT,ANCHOR,M_لا_مستوى_مختبر
SUNE,2026-08-06,REJECT,ANCHOR,M_لا_مستوى_مختبر
SUNE,2026-08-24,REJECT,ANCHOR,M_لا_مستوى_مختبر
SUNE,2026-09-04,REJECT,ANCHOR,M_لا_مستوى_مختبر
SUNE,2026-09-10,REJECT,M2_FLOOR,M2_هبوط_تحت_40
SUNE,2026-09-14,REJECT,M2_FLOOR,M2_هبوط_تحت_40
SUNE,2026-09-22,REJECT,M4_RANGE,M4_base_واسعة
SUNE,2026-09-23,REJECT,M4_RANGE,M4_base_واسعة
SUNE,2026-09-24,REJECT,M4_RANGE,M4_base_واسعة
SUNE,2026-09-25,REJECT,M4_RANGE,M4_base_واسعة
SUNE,2026-09-28,REJECT,M4_RANGE,M4_base_واسعة
SUNE,2026-10-05,PASS,,
SWVL,2025-08-04,REJECT,M2_FLOOR,M2_هبوط_تحت_40
SWVL,2026-01-22,REJECT,M2_FLOOR,M2_هبوط_تحت_40
SWVL,2026-01-28,REJECT,M2_FLOOR,M2_هبوط_تحت_40
SWVL,2026-03-30,REJECT,M3,M3_انفجار_تحت_60
SWVL,2026-04-06,REJECT,M3,M3_انفجار_تحت_60
SWVL,2026-04-13,REJECT,M2_FLOOR,M2_هبوط_تحت_40
SWVL,2026-04-24,REJECT,M2_FLOOR,M2_هبوط_تحت_40
SWVL,2026-04-27,REJECT,M2_FLOOR,M2_هبوط_تحت_40
SWVL,2026-05-18,REJECT,M2_FLOOR,M2_هبوط_تحت_40
SWVL,2026-05-22,REJECT,M2_FLOOR,M2_هبوط_تحت_40
SWVL,2026-06-16,REJECT,M2_FLOOR,M2_هبوط_تحت_40
SWVL,2026-07-02,REJECT,M2_FLOOR,M2_هبوط_تحت_40
SWVL,2026-07-17,REJECT,M2_FLOOR,M2_هبوط_تحت_40
SWVL,2026-07-20,REJECT,M2_FLOOR,M2_هبوط_تحت_40
SWVL,2026-07-27,REJECT,M2_FLOOR,M2_هبوط_تحت_40
SWVL,2026-07-28,REJECT,M2_FLOOR,M2_هبوط_تحت_40
SWVL,2026-07-31,REJECT,M2_FLOOR,M2_هبوط_تحت_40
SWVL,2026-08-03,REJECT,M2_FLOOR,M2_هبوط_تحت_40
SWVL,2026-08-06,REJECT,M2_FLOOR,M2_هبوط_تحت_40
SWVL,2026-08-24,REJECT,M2_FLOOR,M2_هبوط_تحت_40
SWVL,2026-09-04,REJECT,M2_FLOOR,M2_هبوط_تحت_40
SWVL,2026-09-10,REJECT,M2_FLOOR,M2_هبوط_تحت_40
SWVL,2026-09-14,REJECT,M2_FLOOR,M2_هبوط_تحت_40
SWVL,2026-09-22,REJECT,M2_FLOOR,M2_هبوط_تحت_40
SWVL,2026-09-23,REJECT,M2_FLOOR,M2_هبوط_تحت_40
SWVL,2026-09-24,REJECT,M2_FLOOR,M2_هبوط_تحت_40
SWVL,2026-09-25,REJECT,M2_FLOOR,M2_هبوط_تحت_40
SWVL,2026-09-28,REJECT,M2_FLOOR,M2_هبوط_تحت_40
SWVL,2026-10-05,REJECT,M2_FLOOR,M2_هبوط_تحت_40
TAOP,2025-08-04,REJECT,ANCHOR,M_لا_مستوى_مختبر
TAOP,2026-01-22,REJECT,ANCHOR,M_لا_مستوى_مختبر
TAOP,2026-01-28,REJECT,ANCHOR,M_لا_مستوى_مختبر
TAOP,2026-03-20,REJECT,ANCHOR,M_لا_مستوى_مختبر
TAOP,2026-03-23,REJECT,ANCHOR,M_لا_مستوى_مختبر
TAOP,2026-03-24,REJECT,ANCHOR,M_لا_مستوى_مختبر
TAOP,2026-03-25,REJECT,ANCHOR,M_لا_مستوى_مختبر
TAOP,2026-03-26,REJECT,ANCHOR,M_لا_مستوى_مختبر
TAOP,2026-03-27,REJECT,ANCHOR,M_لا_مستوى_مختبر
TAOP,2026-03-30,REJECT,ANCHOR,M_لا_مستوى_مختبر
TAOP,2026-03-31,REJECT,ANCHOR,M_لا_مستوى_مختبر
TAOP,2026-04-01,REJECT,ANCHOR,M_لا_مستوى_مختبر
TAOP,2026-04-02,REJECT,ANCHOR,M_لا_مستوى_مختبر
TAOP,2026-04-06,REJECT,ANCHOR,M_لا_مستوى_مختبر
TAOP,2026-04-07,REJECT,ANCHOR,M_لا_مستوى_مختبر
TAOP,2026-04-08,REJECT,ANCHOR,M_لا_مستوى_مختبر
TAOP,2026-04-09,REJECT,ANCHOR,M_لا_مستوى_مختبر
TAOP,2026-04-10,REJECT,ANCHOR,M_لا_مستوى_مختبر
TAOP,2026-04-13,REJECT,ANCHOR,M_لا_مستوى_مختبر
TAOP,2026-04-24,REJECT,ANCHOR,M_لا_مستوى_مختبر
TAOP,2026-04-27,REJECT,ANCHOR,M_لا_مستوى_مختبر
TAOP,2026-05-18,REJECT,M5,M5_سيولة
TAOP,2026-05-22,REJECT,M5,M5_سيولة
TAOP,2026-06-16,REJECT,ANCHOR,M_لا_مستوى_مختبر
TAOP,2026-07-02,REJECT,ANCHOR,M_لا_مستوى_مختبر
TAOP,2026-07-17,REJECT,ANCHOR,M_لا_مستوى_مختبر
TAOP,2026-07-20,REJECT,ANCHOR,M_لا_مستوى_مختبر
TAOP,2026-07-27,REJECT,ANCHOR,M_لا_مستوى_مختبر
TAOP,2026-07-28,REJECT,ANCHOR,M_لا_مستوى_مختبر
TAOP,2026-07-31,REJECT,M4_RANGE,M4_base_واسعة
TAOP,2026-08-03,REJECT,M4_RANGE,M4_base_واسعة
TAOP,2026-08-06,REJECT,M4_RANGE,M4_base_واسعة
TAOP,2026-08-24,REJECT,ANCHOR,M_لا_مستوى_مختبر
TAOP,2026-09-04,REJECT,ANCHOR,M_لا_مستوى_مختبر
TAOP,2026-09-10,REJECT,ANCHOR,M_لا_مستوى_مختبر
TAOP,2026-09-14,REJECT,ANCHOR,M_لا_مستوى_مختبر
TAOP,2026-09-22,REJECT,ANCHOR,M_لا_مستوى_مختبر
TAOP,2026-09-23,REJECT,ANCHOR,M_لا_مستوى_مختبر
TAOP,2026-09-24,REJECT,ANCHOR,M_لا_مستوى_مختبر
TAOP,2026-09-25,REJECT,ANCHOR,M_لا_مستوى_مختبر
TAOP,2026-09-28,REJECT,ANCHOR,M_لا_مستوى_مختبر
TAOP,2026-10-05,REJECT,M4_RANGE,M4_base_واسعة
TELA,2025-08-04,REJECT,M2_FLOOR,M2_هبوط_تحت_40
TELA,2026-01-22,REJECT,M2_FLOOR,M2_هبوط_تحت_40
TELA,2026-01-28,REJECT,M2_FLOOR,M2_هبوط_تحت_40
TELA,2026-03-30,REJECT,M2_FLOOR,M2_هبوط_تحت_40
TELA,2026-04-06,REJECT,ANCHOR,M_لا_مستوى_مختبر
TELA,2026-04-13,REJECT,ANCHOR,M_لا_مستوى_مختبر
TELA,2026-04-24,REJECT,ANCHOR,M_لا_مستوى_مختبر
TELA,2026-04-27,REJECT,M2_FLOOR,M2_هبوط_تحت_40
TELA,2026-05-18,REJECT,M2_FLOOR,M2_هبوط_تحت_40
TELA,2026-05-22,REJECT,M2_FLOOR,M2_هبوط_تحت_40
TELA,2026-06-16,REJECT,M2_FLOOR,M2_هبوط_تحت_40
TELA,2026-07-02,REJECT,M2_FLOOR,M2_هبوط_تحت_40
TELA,2026-07-17,REJECT,M2_FLOOR,M2_هبوط_تحت_40
TELA,2026-07-20,REJECT,M2_FLOOR,M2_هبوط_تحت_40
TELA,2026-07-27,REJECT,M2_FLOOR,M2_هبوط_تحت_40
TELA,2026-07-28,REJECT,M2_FLOOR,M2_هبوط_تحت_40
TELA,2026-07-31,REJECT,M2_FLOOR,M2_هبوط_تحت_40
TELA,2026-08-03,REJECT,M2_FLOOR,M2_هبوط_تحت_40
TELA,2026-08-06,REJECT,M2_FLOOR,M2_هبوط_تحت_40
TELA,2026-08-24,REJECT,M2_FLOOR,M2_هبوط_تحت_40
TELA,2026-09-04,REJECT,M2_FLOOR,M2_هبوط_تحت_40
TELA,2026-09-10,REJECT,M2_FLOOR,M2_هبوط_تحت_40
TELA,2026-09-14,REJECT,M2_FLOOR,M2_هبوط_تحت_40
TELA,2026-09-22,REJECT,M2_FLOOR,M2_هبوط_تحت_40
TELA,2026-09-23,REJECT,M2_FLOOR,M2_هبوط_تحت_40
TELA,2026-09-24,REJECT,M2_FLOOR,M2_هبوط_تحت_40
TELA,2026-09-25,REJECT,M2_FLOOR,M2_هبوط_تحت_40
TELA,2026-09-28,REJECT,M2_FLOOR,M2_هبوط_تحت_40
TELA,2026-10-05,REJECT,M2_FLOOR,M2_هبوط_تحت_40
TGL,2025-08-04,REJECT,ANCHOR,M_لا_مستوى_مختبر
TGL,2026-01-22,REJECT,ANCHOR,M_لا_مستوى_مختبر
TGL,2026-01-28,REJECT,ANCHOR,M_لا_مستوى_مختبر
TGL,2026-03-30,REJECT,ANCHOR,M_لا_مستوى_مختبر
TGL,2026-04-01,REJECT,ANCHOR,M_لا_مستوى_مختبر
TGL,2026-04-02,REJECT,ANCHOR,M_لا_مستوى_مختبر
TGL,2026-04-06,REJECT,ANCHOR,M_لا_مستوى_مختبر
TGL,2026-04-07,REJECT,ANCHOR,M_لا_مستوى_مختبر
TGL,2026-04-08,REJECT,ANCHOR,M_لا_مستوى_مختبر
TGL,2026-04-09,REJECT,ANCHOR,M_لا_مستوى_مختبر
TGL,2026-04-10,REJECT,ANCHOR,M_لا_مستوى_مختبر
TGL,2026-04-13,REJECT,ANCHOR,M_لا_مستوى_مختبر
TGL,2026-04-24,REJECT,ANCHOR,M_لا_مستوى_مختبر
TGL,2026-04-27,REJECT,ANCHOR,M_لا_مستوى_مختبر
TGL,2026-05-18,REJECT,ANCHOR,M_لا_مستوى_مختبر
TGL,2026-05-22,REJECT,ANCHOR,M_لا_مستوى_مختبر
TGL,2026-06-16,REJECT,ANCHOR,M_لا_مستوى_مختبر
TGL,2026-07-02,PASS,,
TGL,2026-07-17,PASS,,
TGL,2026-07-20,PASS,,
TGL,2026-07-27,REJECT,ANCHOR,M_لا_مستوى_مختبر
TGL,2026-07-28,REJECT,ANCHOR,M_لا_مستوى_مختبر
TGL,2026-07-31,REJECT,ANCHOR,M_لا_مستوى_مختبر
TGL,2026-08-03,REJECT,ANCHOR,M_لا_مستوى_مختبر
TGL,2026-08-06,REJECT,ANCHOR,M_لا_مستوى_مختبر
TGL,2026-08-24,REJECT,ANCHOR,M_لا_مستوى_مختبر
TGL,2026-08-27,REJECT,ANCHOR,M_لا_مستوى_مختبر
TGL,2026-08-28,REJECT,ANCHOR,M_لا_مستوى_مختبر
TGL,2026-08-31,REJECT,ANCHOR,M_لا_مستوى_مختبر
TGL,2026-09-01,REJECT,ANCHOR,M_لا_مستوى_مختبر
TGL,2026-09-02,REJECT,ANCHOR,M_لا_مستوى_مختبر
TGL,2026-09-03,REJECT,ANCHOR,M_لا_مستوى_مختبر
TGL,2026-09-04,REJECT,ANCHOR,M_لا_مستوى_مختبر
TGL,2026-09-10,REJECT,ANCHOR,M_لا_مستوى_مختبر
TGL,2026-09-14,REJECT,ANCHOR,M_لا_مستوى_مختبر
TGL,2026-09-22,REJECT,M4_RANGE,M4_base_واسعة
TGL,2026-09-23,REJECT,M4_RANGE,M4_base_واسعة
TGL,2026-09-24,REJECT,M4_RANGE,M4_base_واسعة
TGL,2026-09-25,REJECT,M4_RANGE,M4_base_واسعة
TGL,2026-09-28,REJECT,M4_RANGE,M4_base_واسعة
TGL,2026-10-05,REJECT,M4_RANGE,M4_base_واسعة
TJGC,2025-08-04,REJECT,ANCHOR,M_لا_مستوى_مختبر
TJGC,2026-01-22,REJECT,ANCHOR,M_لا_مستوى_مختبر
TJGC,2026-01-28,REJECT,ANCHOR,M_لا_مستوى_مختبر
TJGC,2026-03-30,REJECT,ANCHOR,M_لا_مستوى_مختبر
TJGC,2026-04-06,REJECT,ANCHOR,M_لا_مستوى_مختبر
TJGC,2026-04-13,REJECT,ANCHOR,M_لا_مستوى_مختبر
TJGC,2026-04-24,REJECT,RSI_NOW,M10_RSI_فات_القطار
TJGC,2026-04-27,REJECT,M4_RANGE,M4_base_واسعة
TJGC,2026-05-18,REJECT,M4_RANGE,M4_base_واسعة
TJGC,2026-05-22,REJECT,M4_RANGE,M4_base_واسعة
TJGC,2026-06-16,REJECT,M4_RANGE,M4_base_واسعة
TJGC,2026-07-02,REJECT,M2_FLOOR,M2_هبوط_تحت_40
TJGC,2026-07-17,REJECT,M2_FLOOR,M2_هبوط_تحت_40
TJGC,2026-07-20,REJECT,M2_FLOOR,M2_هبوط_تحت_40
TJGC,2026-07-27,REJECT,M2_FLOOR,M2_هبوط_تحت_40
TJGC,2026-07-28,REJECT,M2_FLOOR,M2_هبوط_تحت_40
TJGC,2026-07-31,REJECT,M2_FLOOR,M2_هبوط_تحت_40
TJGC,2026-08-03,REJECT,M2_FLOOR,M2_هبوط_تحت_40
TJGC,2026-08-06,REJECT,M2_FLOOR,M2_هبوط_تحت_40
TJGC,2026-08-24,REJECT,M2_FLOOR,M2_هبوط_تحت_40
TJGC,2026-09-04,REJECT,M2_FLOOR,M2_هبوط_تحت_40
TJGC,2026-09-10,REJECT,M2_FLOOR,M2_هبوط_تحت_40
TJGC,2026-09-14,REJECT,M2_FLOOR,M2_هبوط_تحت_40
TJGC,2026-09-22,REJECT,M2_FLOOR,M2_هبوط_تحت_40
TJGC,2026-09-23,REJECT,M2_FLOOR,M2_هبوط_تحت_40
TJGC,2026-09-24,REJECT,M2_FLOOR,M2_هبوط_تحت_40
TJGC,2026-09-25,REJECT,M2_FLOOR,M2_هبوط_تحت_40
TJGC,2026-09-28,REJECT,M2_FLOOR,M2_هبوط_تحت_40
TJGC,2026-10-05,REJECT,M2_FLOOR,M2_هبوط_تحت_40
TLIH,2025-08-04,TOO_FEW_BARS,DEPTH,MIN_BARS
TLIH,2026-01-22,REJECT,M3,M3_انفجار_تحت_60
TLIH,2026-01-28,REJECT,M3,M3_انفجار_تحت_60
TLIH,2026-03-30,REJECT,M3,M3_انفجار_تحت_60
TLIH,2026-04-06,REJECT,M3,M3_انفجار_تحت_60
TLIH,2026-04-13,REJECT,M3,M3_انفجار_تحت_60
TLIH,2026-04-24,REJECT,M3,M3_انفجار_تحت_60
TLIH,2026-04-27,REJECT,M3,M3_انفجار_تحت_60
TLIH,2026-05-18,REJECT,M3,M3_انفجار_تحت_60
TLIH,2026-05-22,REJECT,M3,M3_انفجار_تحت_60
TLIH,2026-06-16,REJECT,M3,M3_انفجار_تحت_60
TLIH,2026-07-02,REJECT,M3,M3_انفجار_تحت_60
TLIH,2026-07-17,REJECT,M3,M3_انفجار_تحت_60
TLIH,2026-07-20,REJECT,M3,M3_انفجار_تحت_60
TLIH,2026-07-27,REJECT,M3,M3_انفجار_تحت_60
TLIH,2026-07-28,REJECT,M2_FLOOR,M2_هبوط_تحت_40
TLIH,2026-07-31,REJECT,M2_FLOOR,M2_هبوط_تحت_40
TLIH,2026-08-03,REJECT,M2_FLOOR,M2_هبوط_تحت_40
TLIH,2026-08-06,REJECT,M2_FLOOR,M2_هبوط_تحت_40
TLIH,2026-08-24,REJECT,M2_FLOOR,M2_هبوط_تحت_40
TLIH,2026-09-04,REJECT,M2_FLOOR,M2_هبوط_تحت_40
TLIH,2026-09-10,REJECT,M2_FLOOR,M2_هبوط_تحت_40
TLIH,2026-09-14,REJECT,M2_FLOOR,M2_هبوط_تحت_40
TLIH,2026-09-22,REJECT,M2_FLOOR,M2_هبوط_تحت_40
TLIH,2026-09-23,REJECT,M2_FLOOR,M2_هبوط_تحت_40
TLIH,2026-09-24,REJECT,M2_FLOOR,M2_هبوط_تحت_40
TLIH,2026-09-25,REJECT,M2_FLOOR,M2_هبوط_تحت_40
TLIH,2026-09-28,REJECT,M2_FLOOR,M2_هبوط_تحت_40
TLIH,2026-10-05,REJECT,M2_FLOOR,M2_هبوط_تحت_40
TNMG,2025-08-04,REJECT,ANCHOR,M_لا_مستوى_مختبر
TNMG,2026-01-22,REJECT,M4_RANGE,M4_base_واسعة
TNMG,2026-01-28,REJECT,M4_RANGE,M4_base_واسعة
TNMG,2026-03-30,REJECT,ANCHOR,M_لا_مستوى_مختبر
TNMG,2026-04-06,REJECT,ANCHOR,M_لا_مستوى_مختبر
TNMG,2026-04-13,REJECT,ANCHOR,M_لا_مستوى_مختبر
TNMG,2026-04-24,PASS,,
TNMG,2026-04-27,REJECT,ANCHOR,M_لا_مستوى_مختبر
TNMG,2026-05-18,REJECT,ANCHOR,M_لا_مستوى_مختبر
TNMG,2026-05-22,REJECT,ANCHOR,M_لا_مستوى_مختبر
TNMG,2026-06-16,PASS,,
TNMG,2026-07-02,REJECT,M4_RANGE,M4_base_واسعة
TNMG,2026-07-17,REJECT,M4_RANGE,M4_base_واسعة
TNMG,2026-07-20,REJECT,M4_RANGE,M4_base_واسعة
TNMG,2026-07-21,REJECT,M4_RANGE,M4_base_واسعة
TNMG,2026-07-22,REJECT,M4_RANGE,M4_base_واسعة
TNMG,2026-07-23,REJECT,M4_RANGE,M4_base_واسعة
TNMG,2026-07-24,PASS,,
TNMG,2026-07-27,PASS,,
TNMG,2026-07-28,PASS,,
TNMG,2026-07-29,PASS,,
TNMG,2026-07-30,PASS,,
TNMG,2026-07-31,PASS,,
TNMG,2026-08-03,PASS,,
TNMG,2026-08-04,PASS,,
TNMG,2026-08-05,REJECT,M4_RANGE,M4_base_واسعة
TNMG,2026-08-06,REJECT,M4_RANGE,M4_base_واسعة
TNMG,2026-08-07,REJECT,M4_RANGE,M4_base_واسعة
TNMG,2026-08-10,REJECT,M4_RANGE,M4_base_واسعة
TNMG,2026-08-11,REJECT,M4_RANGE,M4_base_واسعة
TNMG,2026-08-12,REJECT,M4_RANGE,M4_base_واسعة
TNMG,2026-08-13,REJECT,M4_RANGE,M4_base_واسعة
TNMG,2026-08-14,REJECT,M4_RANGE,M4_base_واسعة
TNMG,2026-08-17,REJECT,M4_RANGE,M4_base_واسعة
TNMG,2026-08-18,REJECT,M4_RANGE,M4_base_واسعة
TNMG,2026-08-19,REJECT,M4_RANGE,M4_base_واسعة
TNMG,2026-08-20,REJECT,M4_RANGE,M4_base_واسعة
TNMG,2026-08-21,REJECT,M4_RANGE,M4_base_واسعة
TNMG,2026-08-24,REJECT,M4_RANGE,M4_base_واسعة
TNMG,2026-08-25,REJECT,M4_RANGE,M4_base_واسعة
TNMG,2026-08-26,PASS,,
TNMG,2026-08-27,PASS,,
TNMG,2026-08-28,PASS,,
TNMG,2026-08-31,PASS,,
TNMG,2026-09-01,PASS,,
TNMG,2026-09-02,PASS,,
TNMG,2026-09-03,REJECT,ANCHOR,M_لا_مستوى_مختبر
TNMG,2026-09-04,REJECT,ANCHOR,M_لا_مستوى_مختبر
TNMG,2026-09-08,REJECT,ANCHOR,M_لا_مستوى_مختبر
TNMG,2026-09-09,REJECT,ANCHOR,M_لا_مستوى_مختبر
TNMG,2026-09-10,REJECT,ANCHOR,M_لا_مستوى_مختبر
TNMG,2026-09-14,REJECT,ANCHOR,M_لا_مستوى_مختبر
TNMG,2026-09-22,REJECT,ANCHOR,M_لا_مستوى_مختبر
TNMG,2026-09-23,REJECT,ANCHOR,M_لا_مستوى_مختبر
TNMG,2026-09-24,REJECT,M4_RANGE,M4_base_واسعة
TNMG,2026-09-25,REJECT,M4_RANGE,M4_base_واسعة
TNMG,2026-09-28,REJECT,M4_RANGE,M4_base_واسعة
TNMG,2026-10-05,REJECT,M4_RANGE,M4_base_واسعة
TNON,2025-08-04,REJECT,M4_RANGE,M4_base_واسعة
TNON,2026-01-22,PASS,,
TNON,2026-01-28,PASS,,
TNON,2026-03-30,PASS,,
TNON,2026-04-06,REJECT,M2_FLOOR,M2_هبوط_تحت_40
TNON,2026-04-13,REJECT,M2_FLOOR,M2_هبوط_تحت_40
TNON,2026-04-24,REJECT,M2_FLOOR,M2_هبوط_تحت_40
TNON,2026-04-27,REJECT,M2_FLOOR,M2_هبوط_تحت_40
TNON,2026-05-18,REJECT,M2_FLOOR,M2_هبوط_تحت_40
TNON,2026-05-22,REJECT,M2_FLOOR,M2_هبوط_تحت_40
TNON,2026-06-16,REJECT,ANCHOR,M_لا_مستوى_مختبر
TNON,2026-07-02,REJECT,M4_RANGE,M4_base_واسعة
TNON,2026-07-17,REJECT,M4_RANGE,M4_base_واسعة
TNON,2026-07-20,REJECT,M4_RANGE,M4_base_واسعة
TNON,2026-07-27,REJECT,ANCHOR,M_لا_مستوى_مختبر
TNON,2026-07-28,REJECT,ANCHOR,M_لا_مستوى_مختبر
TNON,2026-07-31,REJECT,ANCHOR,M_لا_مستوى_مختبر
TNON,2026-08-03,REJECT,ANCHOR,M_لا_مستوى_مختبر
TNON,2026-08-06,PASS,,
TNON,2026-08-24,REJECT,M4_RANGE,M4_base_واسعة
TNON,2026-09-04,REJECT,M4_RANGE,M4_base_واسعة
TNON,2026-09-10,REJECT,M4_RANGE,M4_base_واسعة
TNON,2026-09-14,REJECT,M4_RANGE,M4_base_واسعة
TNON,2026-09-22,REJECT,M4_RANGE,M4_base_واسعة
TNON,2026-09-23,REJECT,M4_RANGE,M4_base_واسعة
TNON,2026-09-24,REJECT,M4_RANGE,M4_base_واسعة
TNON,2026-09-25,REJECT,M4_RANGE,M4_base_واسعة
TNON,2026-09-28,REJECT,M4_RANGE,M4_base_واسعة
TNON,2026-10-05,REJECT,M4_RANGE,M4_base_واسعة
UCAR,2025-08-04,REJECT,M3,M3_انفجار_تحت_60
UCAR,2026-01-22,REJECT,M3,M3_انفجار_تحت_60
UCAR,2026-01-28,REJECT,M2_FLOOR,M2_هبوط_تحت_40
UCAR,2026-03-30,REJECT,M3,M3_انفجار_تحت_60
UCAR,2026-04-06,REJECT,M3,M3_انفجار_تحت_60
UCAR,2026-04-13,REJECT,M3,M3_انفجار_تحت_60
UCAR,2026-04-24,REJECT,M3,M3_انفجار_تحت_60
UCAR,2026-04-27,REJECT,M3,M3_انفجار_تحت_60
UCAR,2026-05-18,REJECT,ANCHOR,M_لا_مستوى_مختبر
UCAR,2026-05-22,REJECT,ANCHOR,M_لا_مستوى_مختبر
UCAR,2026-06-16,REJECT,ANCHOR,M_لا_مستوى_مختبر
UCAR,2026-07-02,REJECT,ANCHOR,M_لا_مستوى_مختبر
UCAR,2026-07-17,REJECT,ANCHOR,M_لا_مستوى_مختبر
UCAR,2026-07-20,PASS,,
UCAR,2026-07-27,REJECT,ANCHOR,M_لا_مستوى_مختبر
UCAR,2026-07-28,REJECT,ANCHOR,M_لا_مستوى_مختبر
UCAR,2026-07-31,REJECT,ANCHOR,M_لا_مستوى_مختبر
UCAR,2026-08-03,REJECT,ANCHOR,M_لا_مستوى_مختبر
UCAR,2026-08-06,REJECT,ANCHOR,M_لا_مستوى_مختبر
UCAR,2026-08-24,REJECT,ANCHOR,M_لا_مستوى_مختبر
UCAR,2026-09-04,REJECT,ANCHOR,M_لا_مستوى_مختبر
UCAR,2026-09-10,REJECT,M4_RANGE,M4_base_واسعة
UCAR,2026-09-14,REJECT,M4_RANGE,M4_base_واسعة
UCAR,2026-09-17,REJECT,M4_RANGE,M4_base_واسعة
UCAR,2026-09-18,REJECT,M4_RANGE,M4_base_واسعة
UCAR,2026-09-21,REJECT,M4_RANGE,M4_base_واسعة
UCAR,2026-09-22,REJECT,M4_RANGE,M4_base_واسعة
UCAR,2026-09-23,REJECT,M4_RANGE,M4_base_واسعة
UCAR,2026-09-24,REJECT,M4_RANGE,M4_base_واسعة
UCAR,2026-09-25,REJECT,M4_RANGE,M4_base_واسعة
UCAR,2026-09-28,REJECT,M4_RANGE,M4_base_واسعة
UCAR,2026-09-29,REJECT,M4_RANGE,M4_base_واسعة
UCAR,2026-09-30,REJECT,M4_RANGE,M4_base_واسعة
UCAR,2026-10-01,REJECT,M4_RANGE,M4_base_واسعة
UCAR,2026-10-02,REJECT,ANCHOR,M_لا_مستوى_مختبر
UCAR,2026-10-05,REJECT,ANCHOR,M_لا_مستوى_مختبر
USDE,2025-08-04,TOO_FEW_BARS,DEPTH,MIN_BARS
USDE,2026-01-22,REJECT,M2_FLOOR,M2_هبوط_تحت_40
USDE,2026-01-28,REJECT,M2_FLOOR,M2_هبوط_تحت_40
USDE,2026-03-30,REJECT,M2_FLOOR,M2_هبوط_تحت_40
USDE,2026-04-06,REJECT,M2_FLOOR,M2_هبوط_تحت_40
USDE,2026-04-13,REJECT,M2_FLOOR,M2_هبوط_تحت_40
USDE,2026-04-24,REJECT,M2_FLOOR,M2_هبوط_تحت_40
USDE,2026-04-27,REJECT,M2_FLOOR,M2_هبوط_تحت_40
USDE,2026-05-18,REJECT,M2_FLOOR,M2_هبوط_تحت_40
USDE,2026-05-22,REJECT,M2_FLOOR,M2_هبوط_تحت_40
USDE,2026-06-16,REJECT,M2_FLOOR,M2_هبوط_تحت_40
USDE,2026-07-02,REJECT,M3,M3_انفجار_تحت_60
USDE,2026-07-17,REJECT,M3,M3_انفجار_تحت_60
USDE,2026-07-20,REJECT,M3,M3_انفجار_تحت_60
USDE,2026-07-27,REJECT,M3,M3_انفجار_تحت_60
USDE,2026-07-28,REJECT,M3,M3_انفجار_تحت_60
USDE,2026-07-31,REJECT,M3,M3_انفجار_تحت_60
USDE,2026-08-03,REJECT,M3,M3_انفجار_تحت_60
USDE,2026-08-06,REJECT,M3,M3_انفجار_تحت_60
USDE,2026-08-24,REJECT,M2_FLOOR,M2_هبوط_تحت_40
USDE,2026-09-04,REJECT,M2_FLOOR,M2_هبوط_تحت_40
USDE,2026-09-10,REJECT,M2_FLOOR,M2_هبوط_تحت_40
USDE,2026-09-14,REJECT,M2_FLOOR,M2_هبوط_تحت_40
USDE,2026-09-22,REJECT,M2_FLOOR,M2_هبوط_تحت_40
USDE,2026-09-23,REJECT,M2_FLOOR,M2_هبوط_تحت_40
USDE,2026-09-24,REJECT,M2_FLOOR,M2_هبوط_تحت_40
USDE,2026-09-25,REJECT,M2_FLOOR,M2_هبوط_تحت_40
USDE,2026-09-28,REJECT,M2_FLOOR,M2_هبوط_تحت_40
USDE,2026-10-05,REJECT,M2_FLOOR,M2_هبوط_تحت_40
VEEA,2025-08-04,REJECT,M2_FLOOR,M2_هبوط_تحت_40
VEEA,2026-01-22,REJECT,ANCHOR,M_لا_مستوى_مختبر
VEEA,2026-01-28,REJECT,ANCHOR,M_لا_مستوى_مختبر
VEEA,2026-03-30,REJECT,ANCHOR,M_لا_مستوى_مختبر
VEEA,2026-04-06,REJECT,ANCHOR,M_لا_مستوى_مختبر
VEEA,2026-04-13,REJECT,ANCHOR,M_لا_مستوى_مختبر
VEEA,2026-04-24,REJECT,ANCHOR,M_لا_مستوى_مختبر
VEEA,2026-04-27,REJECT,ANCHOR,M_لا_مستوى_مختبر
VEEA,2026-05-18,REJECT,ANCHOR,M_لا_مستوى_مختبر
VEEA,2026-05-22,REJECT,ANCHOR,M_لا_مستوى_مختبر
VEEA,2026-06-16,REJECT,ANCHOR,M_لا_مستوى_مختبر
VEEA,2026-07-02,REJECT,M4_RANGE,M4_base_واسعة
VEEA,2026-07-17,REJECT,ANCHOR,M_لا_مستوى_مختبر
VEEA,2026-07-20,REJECT,ANCHOR,M_لا_مستوى_مختبر
VEEA,2026-07-27,REJECT,ANCHOR,M_لا_مستوى_مختبر
VEEA,2026-07-28,REJECT,ANCHOR,M_لا_مستوى_مختبر
VEEA,2026-07-31,PASS,,
VEEA,2026-08-03,PASS,,
VEEA,2026-08-06,PASS,,
VEEA,2026-08-24,REJECT,ANCHOR,M_لا_مستوى_مختبر
VEEA,2026-09-02,REJECT,ANCHOR,M_لا_مستوى_مختبر
VEEA,2026-09-03,REJECT,ANCHOR,M_لا_مستوى_مختبر
VEEA,2026-09-04,REJECT,ANCHOR,M_لا_مستوى_مختبر
VEEA,2026-09-08,REJECT,ANCHOR,M_لا_مستوى_مختبر
VEEA,2026-09-09,REJECT,ANCHOR,M_لا_مستوى_مختبر
VEEA,2026-09-10,REJECT,ANCHOR,M_لا_مستوى_مختبر
VEEA,2026-09-14,REJECT,ANCHOR,M_لا_مستوى_مختبر
VEEA,2026-09-22,REJECT,M4_RANGE,M4_base_واسعة
VEEA,2026-09-23,REJECT,M4_RANGE,M4_base_واسعة
VEEA,2026-09-24,REJECT,M4_RANGE,M4_base_واسعة
VEEA,2026-09-25,REJECT,M4_RANGE,M4_base_واسعة
VEEA,2026-09-28,REJECT,M4_RANGE,M4_base_واسعة
VEEA,2026-10-05,REJECT,M4_RANGE,M4_base_واسعة
VIOT,2025-08-04,REJECT,M2_FLOOR,M2_هبوط_تحت_40
VIOT,2026-01-22,REJECT,M2_FLOOR,M2_هبوط_تحت_40
VIOT,2026-01-28,REJECT,M2_FLOOR,M2_هبوط_تحت_40
VIOT,2026-03-30,REJECT,ANCHOR,M_لا_مستوى_مختبر
VIOT,2026-04-06,PASS,,
VIOT,2026-04-13,REJECT,ANCHOR,M_لا_مستوى_مختبر
VIOT,2026-04-24,REJECT,ANCHOR,M_لا_مستوى_مختبر
VIOT,2026-04-27,REJECT,ANCHOR,M_لا_مستوى_مختبر
VIOT,2026-05-18,REJECT,ANCHOR,M_لا_مستوى_مختبر
VIOT,2026-05-22,PASS,,
VIOT,2026-06-16,REJECT,ANCHOR,M_لا_مستوى_مختبر
VIOT,2026-07-02,REJECT,ANCHOR,M_لا_مستوى_مختبر
VIOT,2026-07-17,REJECT,ANCHOR,M_لا_مستوى_مختبر
VIOT,2026-07-20,REJECT,ANCHOR,M_لا_مستوى_مختبر
VIOT,2026-07-27,PASS,,
VIOT,2026-07-28,PASS,,
VIOT,2026-07-31,PASS,,
VIOT,2026-08-03,PASS,,
VIOT,2026-08-06,PASS,,
VIOT,2026-08-24,REJECT,ANCHOR,M_لا_مستوى_مختبر
VIOT,2026-09-04,REJECT,M2_FLOOR,M2_هبوط_تحت_40
VIOT,2026-09-10,REJECT,M2_FLOOR,M2_هبوط_تحت_40
VIOT,2026-09-14,REJECT,M2_FLOOR,M2_هبوط_تحت_40
VIOT,2026-09-22,REJECT,M2_FLOOR,M2_هبوط_تحت_40
VIOT,2026-09-23,REJECT,M2_FLOOR,M2_هبوط_تحت_40
VIOT,2026-09-24,REJECT,M2_FLOOR,M2_هبوط_تحت_40
VIOT,2026-09-25,REJECT,M2_FLOOR,M2_هبوط_تحت_40
VIOT,2026-09-28,REJECT,M2_FLOOR,M2_هبوط_تحت_40
VIOT,2026-10-05,REJECT,M2_FLOOR,M2_هبوط_تحت_40
VRME,2025-08-04,REJECT,RSI_NOW,M10_RSI_فات_القطار
VRME,2026-01-22,REJECT,M2_FLOOR,M2_هبوط_تحت_40
VRME,2026-01-28,REJECT,M2_FLOOR,M2_هبوط_تحت_40
VRME,2026-03-30,REJECT,M2_FLOOR,M2_هبوط_تحت_40
VRME,2026-04-06,REJECT,M2_FLOOR,M2_هبوط_تحت_40
VRME,2026-04-13,REJECT,M2_FLOOR,M2_هبوط_تحت_40
VRME,2026-04-24,REJECT,M2_FLOOR,M2_هبوط_تحت_40
VRME,2026-04-27,REJECT,M2_FLOOR,M2_هبوط_تحت_40
VRME,2026-05-18,REJECT,M2_FLOOR,M2_هبوط_تحت_40
VRME,2026-05-22,REJECT,M2_FLOOR,M2_هبوط_تحت_40
VRME,2026-06-16,REJECT,M2_FLOOR,M2_هبوط_تحت_40
VRME,2026-07-02,REJECT,M2_FLOOR,M2_هبوط_تحت_40
VRME,2026-07-17,REJECT,M2_FLOOR,M2_هبوط_تحت_40
VRME,2026-07-20,REJECT,M2_FLOOR,M2_هبوط_تحت_40
VRME,2026-07-27,REJECT,M2_FLOOR,M2_هبوط_تحت_40
VRME,2026-07-28,REJECT,M2_FLOOR,M2_هبوط_تحت_40
VRME,2026-07-31,REJECT,M2_FLOOR,M2_هبوط_تحت_40
VRME,2026-08-03,REJECT,M2_FLOOR,M2_هبوط_تحت_40
VRME,2026-08-06,REJECT,M2_FLOOR,M2_هبوط_تحت_40
VRME,2026-08-24,REJECT,M2_FLOOR,M2_هبوط_تحت_40
VRME,2026-09-04,REJECT,M2_FLOOR,M2_هبوط_تحت_40
VRME,2026-09-10,REJECT,M2_FLOOR,M2_هبوط_تحت_40
VRME,2026-09-14,REJECT,M2_FLOOR,M2_هبوط_تحت_40
VRME,2026-09-22,REJECT,M2_FLOOR,M2_هبوط_تحت_40
VRME,2026-09-23,REJECT,M2_FLOOR,M2_هبوط_تحت_40
VRME,2026-09-24,REJECT,M2_FLOOR,M2_هبوط_تحت_40
VRME,2026-09-25,REJECT,M2_FLOOR,M2_هبوط_تحت_40
VRME,2026-09-28,REJECT,M2_FLOOR,M2_هبوط_تحت_40
VRME,2026-10-05,REJECT,M4_RANGE,M4_base_واسعة
VWAV,2025-08-04,TOO_FEW_BARS,DEPTH,MIN_BARS
VWAV,2026-01-22,REJECT,M2_FLOOR,M2_هبوط_تحت_40
VWAV,2026-01-28,REJECT,M2_FLOOR,M2_هبوط_تحت_40
VWAV,2026-03-30,REJECT,M2_FLOOR,M2_هبوط_تحت_40
VWAV,2026-04-06,REJECT,M2_FLOOR,M2_هبوط_تحت_40
VWAV,2026-04-13,REJECT,M2_FLOOR,M2_هبوط_تحت_40
VWAV,2026-04-24,REJECT,M2_FLOOR,M2_هبوط_تحت_40
VWAV,2026-04-27,REJECT,M2_FLOOR,M2_هبوط_تحت_40
VWAV,2026-05-18,REJECT,M2_FLOOR,M2_هبوط_تحت_40
VWAV,2026-05-22,REJECT,ANCHOR,M_لا_مستوى_مختبر
VWAV,2026-06-16,REJECT,ANCHOR,M_لا_مستوى_مختبر
VWAV,2026-07-02,REJECT,ANCHOR,M_لا_مستوى_مختبر
VWAV,2026-07-17,REJECT,ANCHOR,M_لا_مستوى_مختبر
VWAV,2026-07-20,REJECT,ANCHOR,M_لا_مستوى_مختبر
VWAV,2026-07-27,REJECT,ANCHOR,M_لا_مستوى_مختبر
VWAV,2026-07-28,REJECT,ANCHOR,M_لا_مستوى_مختبر
VWAV,2026-07-31,REJECT,M4_RANGE,M4_base_واسعة
VWAV,2026-08-03,REJECT,M4_RANGE,M4_base_واسعة
VWAV,2026-08-06,REJECT,M4_RANGE,M4_base_واسعة
VWAV,2026-08-13,REJECT,M4_RANGE,M4_base_واسعة
VWAV,2026-08-14,REJECT,M4_RANGE,M4_base_واسعة
VWAV,2026-08-17,REJECT,M4_RANGE,M4_base_واسعة
VWAV,2026-08-18,REJECT,M4_RANGE,M4_base_واسعة
VWAV,2026-08-19,REJECT,M4_RANGE,M4_base_واسعة
VWAV,2026-08-20,REJECT,ANCHOR,M_لا_مستوى_مختبر
VWAV,2026-08-21,REJECT,ANCHOR,M_لا_مستوى_مختبر
VWAV,2026-08-24,REJECT,ANCHOR,M_لا_مستوى_مختبر
VWAV,2026-09-04,REJECT,M4_RANGE,M4_base_واسعة
VWAV,2026-09-10,REJECT,M4_RANGE,M4_base_واسعة
VWAV,2026-09-14,REJECT,M4_RANGE,M4_base_واسعة
VWAV,2026-09-22,REJECT,M4_RANGE,M4_base_واسعة
VWAV,2026-09-23,REJECT,M4_RANGE,M4_base_واسعة
VWAV,2026-09-24,REJECT,M4_RANGE,M4_base_واسعة
VWAV,2026-09-25,REJECT,M4_RANGE,M4_base_واسعة
VWAV,2026-09-28,REJECT,M4_RANGE,M4_base_واسعة
VWAV,2026-10-05,REJECT,M4_RANGE,M4_base_واسعة
WCT,2025-07-01,REJECT,ANCHOR,M_لا_مستوى_مختبر
WCT,2025-07-02,REJECT,ANCHOR,M_لا_مستوى_مختبر
WCT,2025-07-03,REJECT,ANCHOR,M_لا_مستوى_مختبر
WCT,2025-07-07,REJECT,ANCHOR,M_لا_مستوى_مختبر
WCT,2025-07-08,REJECT,ANCHOR,M_لا_مستوى_مختبر
WCT,2025-07-09,REJECT,ANCHOR,M_لا_مستوى_مختبر
WCT,2025-07-10,REJECT,ANCHOR,M_لا_مستوى_مختبر
WCT,2025-07-11,REJECT,ANCHOR,M_لا_مستوى_مختبر
WCT,2025-07-14,REJECT,ANCHOR,M_لا_مستوى_مختبر
WCT,2025-07-15,REJECT,ANCHOR,M_لا_مستوى_مختبر
WCT,2025-07-16,REJECT,ANCHOR,M_لا_مستوى_مختبر
WCT,2025-07-17,REJECT,ANCHOR,M_لا_مستوى_مختبر
WCT,2025-07-18,REJECT,ANCHOR,M_لا_مستوى_مختبر
WCT,2025-07-21,REJECT,ANCHOR,M_لا_مستوى_مختبر
WCT,2025-07-22,REJECT,ANCHOR,M_لا_مستوى_مختبر
WCT,2025-07-23,REJECT,ANCHOR,M_لا_مستوى_مختبر
WCT,2025-07-24,REJECT,ANCHOR,M_لا_مستوى_مختبر
WCT,2025-07-25,REJECT,ANCHOR,M_لا_مستوى_مختبر
WCT,2025-07-28,REJECT,ANCHOR,M_لا_مستوى_مختبر
WCT,2025-07-29,REJECT,ANCHOR,M_لا_مستوى_مختبر
WCT,2025-07-30,REJECT,ANCHOR,M_لا_مستوى_مختبر
WCT,2025-07-31,REJECT,ANCHOR,M_لا_مستوى_مختبر
WCT,2025-08-01,REJECT,ANCHOR,M_لا_مستوى_مختبر
WCT,2025-08-04,REJECT,ANCHOR,M_لا_مستوى_مختبر
WCT,2026-01-22,PASS,,
WCT,2026-01-28,REJECT,ANCHOR,M_لا_مستوى_مختبر
WCT,2026-03-30,REJECT,ANCHOR,M_لا_مستوى_مختبر
WCT,2026-04-06,REJECT,M4_RANGE,M4_base_واسعة
WCT,2026-04-13,REJECT,M4_RANGE,M4_base_واسعة
WCT,2026-04-24,REJECT,ANCHOR,M_لا_مستوى_مختبر
WCT,2026-04-27,REJECT,ANCHOR,M_لا_مستوى_مختبر
WCT,2026-05-18,REJECT,ANCHOR,M_لا_مستوى_مختبر
WCT,2026-05-22,REJECT,ANCHOR,M_لا_مستوى_مختبر
WCT,2026-06-16,REJECT,M4_RANGE,M4_base_واسعة
WCT,2026-07-02,REJECT,M4_RANGE,M4_base_واسعة
WCT,2026-07-06,REJECT,M4_RANGE,M4_base_واسعة
WCT,2026-07-07,REJECT,ANCHOR,M_لا_مستوى_مختبر
WCT,2026-07-08,REJECT,ANCHOR,M_لا_مستوى_مختبر
WCT,2026-07-09,REJECT,ANCHOR,M_لا_مستوى_مختبر
WCT,2026-07-10,REJECT,ANCHOR,M_لا_مستوى_مختبر
WCT,2026-07-13,REJECT,ANCHOR,M_لا_مستوى_مختبر
WCT,2026-07-14,REJECT,ANCHOR,M_لا_مستوى_مختبر
WCT,2026-07-15,REJECT,ANCHOR,M_لا_مستوى_مختبر
WCT,2026-07-16,REJECT,ANCHOR,M_لا_مستوى_مختبر
WCT,2026-07-17,REJECT,ANCHOR,M_لا_مستوى_مختبر
WCT,2026-07-20,REJECT,ANCHOR,M_لا_مستوى_مختبر
WCT,2026-07-24,REJECT,ANCHOR,M_لا_مستوى_مختبر
WCT,2026-07-27,REJECT,ANCHOR,M_لا_مستوى_مختبر
WCT,2026-07-28,REJECT,ANCHOR,M_لا_مستوى_مختبر
WCT,2026-07-30,REJECT,ANCHOR,M_لا_مستوى_مختبر
WCT,2026-07-31,REJECT,ANCHOR,M_لا_مستوى_مختبر
WCT,2026-08-03,REJECT,ANCHOR,M_لا_مستوى_مختبر
WCT,2026-08-04,REJECT,ANCHOR,M_لا_مستوى_مختبر
WCT,2026-08-05,REJECT,ANCHOR,M_لا_مستوى_مختبر
WCT,2026-08-06,REJECT,ANCHOR,M_لا_مستوى_مختبر
WCT,2026-08-24,REJECT,M4_RANGE,M4_base_واسعة
WCT,2026-09-04,REJECT,M4_RANGE,M4_base_واسعة
WCT,2026-09-10,REJECT,M4_RANGE,M4_base_واسعة
WCT,2026-09-14,REJECT,M4_RANGE,M4_base_واسعة
WCT,2026-09-22,REJECT,ANCHOR,M_لا_مستوى_مختبر
WCT,2026-09-23,REJECT,ANCHOR,M_لا_مستوى_مختبر
WCT,2026-09-24,REJECT,ANCHOR,M_لا_مستوى_مختبر
WCT,2026-09-25,REJECT,ANCHOR,M_لا_مستوى_مختبر
WCT,2026-09-28,REJECT,ANCHOR,M_لا_مستوى_مختبر
WCT,2026-10-05,REJECT,M4_RANGE,M4_base_واسعة
WETO,2025-08-04,TOO_FEW_BARS,DEPTH,MIN_BARS
WETO,2026-01-22,REJECT,ANCHOR,M_لا_مستوى_مختبر
WETO,2026-01-28,REJECT,M5,M5_سيولة
WETO,2026-03-30,REJECT,M4_RANGE,M4_base_واسعة
WETO,2026-04-06,REJECT,M4_RANGE,M4_base_واسعة
WETO,2026-04-13,REJECT,ANCHOR,M_لا_مستوى_مختبر
WETO,2026-04-24,REJECT,ANCHOR,M_لا_مستوى_مختبر
WETO,2026-04-27,REJECT,ANCHOR,M_لا_مستوى_مختبر
WETO,2026-05-18,PASS,,
WETO,2026-05-22,REJECT,RSI_NOW,M10_RSI_فات_القطار
WETO,2026-06-16,PASS,,
WETO,2026-07-02,REJECT,ANCHOR,M_لا_مستوى_مختبر
WETO,2026-07-17,REJECT,ANCHOR,M_لا_مستوى_مختبر
WETO,2026-07-20,REJECT,ANCHOR,M_لا_مستوى_مختبر
WETO,2026-07-27,REJECT,M4_RANGE,M4_base_واسعة
WETO,2026-07-28,REJECT,M4_RANGE,M4_base_واسعة
WETO,2026-07-31,REJECT,M4_RANGE,M4_base_واسعة
WETO,2026-08-03,REJECT,M4_RANGE,M4_base_واسعة
WETO,2026-08-06,REJECT,M4_RANGE,M4_base_واسعة
WETO,2026-08-24,REJECT,M4_RANGE,M4_base_واسعة
WETO,2026-09-04,REJECT,M4_RANGE,M4_base_واسعة
WETO,2026-09-10,REJECT,M4_RANGE,M4_base_واسعة
WETO,2026-09-14,REJECT,M4_RANGE,M4_base_واسعة
WETO,2026-09-22,REJECT,M4_RANGE,M4_base_واسعة
WETO,2026-09-23,REJECT,M4_RANGE,M4_base_واسعة
WETO,2026-09-24,REJECT,M4_RANGE,M4_base_واسعة
WETO,2026-09-25,REJECT,M4_RANGE,M4_base_واسعة
WETO,2026-09-28,REJECT,M4_RANGE,M4_base_واسعة
WETO,2026-10-05,REJECT,M4_RANGE,M4_base_واسعة
WSHP,2025-08-04,TOO_FEW_BARS,DEPTH,MIN_BARS
WSHP,2026-01-22,TOO_FEW_BARS,DEPTH,MIN_BARS
WSHP,2026-01-28,TOO_FEW_BARS,DEPTH,MIN_BARS
WSHP,2026-03-30,TOO_FEW_BARS,DEPTH,MIN_BARS
WSHP,2026-04-06,TOO_FEW_BARS,DEPTH,MIN_BARS
WSHP,2026-04-08,TOO_FEW_BARS,DEPTH,MIN_BARS
WSHP,2026-04-09,TOO_FEW_BARS,DEPTH,MIN_BARS
WSHP,2026-04-10,TOO_FEW_BARS,DEPTH,MIN_BARS
WSHP,2026-04-13,TOO_FEW_BARS,DEPTH,MIN_BARS
WSHP,2026-04-14,TOO_FEW_BARS,DEPTH,MIN_BARS
WSHP,2026-04-15,TOO_FEW_BARS,DEPTH,MIN_BARS
WSHP,2026-04-16,TOO_FEW_BARS,DEPTH,MIN_BARS
WSHP,2026-04-17,TOO_FEW_BARS,DEPTH,MIN_BARS
WSHP,2026-04-20,TOO_FEW_BARS,DEPTH,MIN_BARS
WSHP,2026-04-21,TOO_FEW_BARS,DEPTH,MIN_BARS
WSHP,2026-04-22,TOO_FEW_BARS,DEPTH,MIN_BARS
WSHP,2026-04-23,TOO_FEW_BARS,DEPTH,MIN_BARS
WSHP,2026-04-24,TOO_FEW_BARS,DEPTH,MIN_BARS
WSHP,2026-04-27,TOO_FEW_BARS,DEPTH,MIN_BARS
WSHP,2026-04-28,TOO_FEW_BARS,DEPTH,MIN_BARS
WSHP,2026-04-29,TOO_FEW_BARS,DEPTH,MIN_BARS
WSHP,2026-04-30,TOO_FEW_BARS,DEPTH,MIN_BARS
WSHP,2026-05-01,TOO_FEW_BARS,DEPTH,MIN_BARS
WSHP,2026-05-04,TOO_FEW_BARS,DEPTH,MIN_BARS
WSHP,2026-05-05,TOO_FEW_BARS,DEPTH,MIN_BARS
WSHP,2026-05-06,TOO_FEW_BARS,DEPTH,MIN_BARS
WSHP,2026-05-07,TOO_FEW_BARS,DEPTH,MIN_BARS
WSHP,2026-05-08,TOO_FEW_BARS,DEPTH,MIN_BARS
WSHP,2026-05-11,PASS,,
WSHP,2026-05-12,PASS,,
WSHP,2026-05-13,PASS,,
WSHP,2026-05-14,PASS,,
WSHP,2026-05-15,PASS,,
WSHP,2026-05-18,PASS,,
WSHP,2026-05-22,REJECT,ANCHOR,M_لا_مستوى_مختبر
WSHP,2026-06-16,REJECT,ANCHOR,M_لا_مستوى_مختبر
WSHP,2026-07-02,REJECT,M4_RANGE,M4_base_واسعة
WSHP,2026-07-17,REJECT,M4_RANGE,M4_base_واسعة
WSHP,2026-07-20,REJECT,M4_RANGE,M4_base_واسعة
WSHP,2026-07-27,REJECT,ANCHOR,M_لا_مستوى_مختبر
WSHP,2026-07-28,REJECT,ANCHOR,M_لا_مستوى_مختبر
WSHP,2026-07-31,REJECT,ANCHOR,M_لا_مستوى_مختبر
WSHP,2026-08-03,REJECT,ANCHOR,M_لا_مستوى_مختبر
WSHP,2026-08-06,REJECT,ANCHOR,M_لا_مستوى_مختبر
WSHP,2026-08-24,REJECT,ANCHOR,M_لا_مستوى_مختبر
WSHP,2026-09-04,REJECT,ANCHOR,M_لا_مستوى_مختبر
WSHP,2026-09-10,PASS,,
WSHP,2026-09-14,PASS,,
WSHP,2026-09-22,PASS,,
WSHP,2026-09-23,PASS,,
WSHP,2026-09-24,PASS,,
WSHP,2026-09-25,PASS,,
WSHP,2026-09-28,PASS,,
WSHP,2026-10-05,REJECT,ANCHOR,M_لا_مستوى_مختبر
XRPN,2025-08-04,TOO_FEW_BARS,DEPTH,MIN_BARS
XRPN,2026-01-22,REJECT,M2_FLOOR,M2_هبوط_تحت_40
XRPN,2026-01-28,REJECT,M2_FLOOR,M2_هبوط_تحت_40
XRPN,2026-03-30,REJECT,M2_FLOOR,M2_هبوط_تحت_40
XRPN,2026-04-06,REJECT,M2_FLOOR,M2_هبوط_تحت_40
XRPN,2026-04-13,REJECT,M2_FLOOR,M2_هبوط_تحت_40
XRPN,2026-04-24,REJECT,M2_FLOOR,M2_هبوط_تحت_40
XRPN,2026-04-27,REJECT,M2_FLOOR,M2_هبوط_تحت_40
XRPN,2026-05-18,REJECT,M2_FLOOR,M2_هبوط_تحت_40
XRPN,2026-05-22,REJECT,M2_FLOOR,M2_هبوط_تحت_40
XRPN,2026-06-16,REJECT,M2_FLOOR,M2_هبوط_تحت_40
XRPN,2026-07-02,REJECT,M2_FLOOR,M2_هبوط_تحت_40
XRPN,2026-07-17,REJECT,M2_FLOOR,M2_هبوط_تحت_40
XRPN,2026-07-20,REJECT,M2_FLOOR,M2_هبوط_تحت_40
XRPN,2026-07-27,REJECT,M2_FLOOR,M2_هبوط_تحت_40
XRPN,2026-07-28,REJECT,M2_FLOOR,M2_هبوط_تحت_40
XRPN,2026-07-31,REJECT,M2_FLOOR,M2_هبوط_تحت_40
XRPN,2026-08-03,REJECT,M2_FLOOR,M2_هبوط_تحت_40
XRPN,2026-08-06,REJECT,M2_FLOOR,M2_هبوط_تحت_40
XRPN,2026-08-24,REJECT,M2_FLOOR,M2_هبوط_تحت_40
XRPN,2026-09-04,REJECT,M2_FLOOR,M2_هبوط_تحت_40
XRPN,2026-09-10,REJECT,M2_FLOOR,M2_هبوط_تحت_40
XRPN,2026-09-14,REJECT,M2_FLOOR,M2_هبوط_تحت_40
XRPN,2026-09-22,REJECT,M2_FLOOR,M2_هبوط_تحت_40
XRPN,2026-09-23,REJECT,M2_FLOOR,M2_هبوط_تحت_40
XRPN,2026-09-24,REJECT,M2_FLOOR,M2_هبوط_تحت_40
XRPN,2026-09-25,REJECT,M2_FLOOR,M2_هبوط_تحت_40
XRPN,2026-09-28,REJECT,M2_FLOOR,M2_هبوط_تحت_40
XRPN,2026-10-05,REJECT,M2_FLOOR,M2_هبوط_تحت_40
YDES,2025-08-04,TOO_FEW_BARS,DEPTH,MIN_BARS
YDES,2026-01-22,REJECT,M2_FLOOR,M2_هبوط_تحت_40
YDES,2026-01-28,REJECT,M2_FLOOR,M2_هبوط_تحت_40
YDES,2026-03-30,REJECT,ANCHOR,M_لا_مستوى_مختبر
YDES,2026-04-06,REJECT,ANCHOR,M_لا_مستوى_مختبر
YDES,2026-04-13,REJECT,ANCHOR,M_لا_مستوى_مختبر
YDES,2026-04-24,REJECT,ANCHOR,M_لا_مستوى_مختبر
YDES,2026-04-27,REJECT,ANCHOR,M_لا_مستوى_مختبر
YDES,2026-05-18,REJECT,ANCHOR,M_لا_مستوى_مختبر
YDES,2026-05-22,REJECT,ANCHOR,M_لا_مستوى_مختبر
YDES,2026-06-16,PASS,,
YDES,2026-07-02,REJECT,ANCHOR,M_لا_مستوى_مختبر
YDES,2026-07-06,REJECT,ANCHOR,M_لا_مستوى_مختبر
YDES,2026-07-07,REJECT,ANCHOR,M_لا_مستوى_مختبر
YDES,2026-07-08,REJECT,ANCHOR,M_لا_مستوى_مختبر
YDES,2026-07-09,REJECT,ANCHOR,M_لا_مستوى_مختبر
YDES,2026-07-10,REJECT,ANCHOR,M_لا_مستوى_مختبر
YDES,2026-07-13,REJECT,ANCHOR,M_لا_مستوى_مختبر
YDES,2026-07-14,REJECT,ANCHOR,M_لا_مستوى_مختبر
YDES,2026-07-15,REJECT,ANCHOR,M_لا_مستوى_مختبر
YDES,2026-07-16,REJECT,ANCHOR,M_لا_مستوى_مختبر
YDES,2026-07-17,REJECT,ANCHOR,M_لا_مستوى_مختبر
YDES,2026-07-20,REJECT,ANCHOR,M_لا_مستوى_مختبر
YDES,2026-07-21,REJECT,ANCHOR,M_لا_مستوى_مختبر
YDES,2026-07-22,REJECT,ANCHOR,M_لا_مستوى_مختبر
YDES,2026-07-23,REJECT,ANCHOR,M_لا_مستوى_مختبر
YDES,2026-07-24,REJECT,ANCHOR,M_لا_مستوى_مختبر
YDES,2026-07-27,REJECT,ANCHOR,M_لا_مستوى_مختبر
YDES,2026-07-28,REJECT,ANCHOR,M_لا_مستوى_مختبر
YDES,2026-07-29,REJECT,ANCHOR,M_لا_مستوى_مختبر
YDES,2026-07-30,REJECT,ANCHOR,M_لا_مستوى_مختبر
YDES,2026-07-31,REJECT,ANCHOR,M_لا_مستوى_مختبر
YDES,2026-08-03,REJECT,ANCHOR,M_لا_مستوى_مختبر
YDES,2026-08-06,REJECT,ANCHOR,M_لا_مستوى_مختبر
YDES,2026-08-24,REJECT,M4_RANGE,M4_base_واسعة
YDES,2026-09-04,REJECT,ANCHOR,M_لا_مستوى_مختبر
YDES,2026-09-10,REJECT,ANCHOR,M_لا_مستوى_مختبر
YDES,2026-09-14,PASS,,
YDES,2026-09-22,REJECT,ANCHOR,M_لا_مستوى_مختبر
YDES,2026-09-23,REJECT,ANCHOR,M_لا_مستوى_مختبر
YDES,2026-09-24,PASS,,
YDES,2026-09-25,REJECT,M4_RANGE,M4_base_واسعة
YDES,2026-09-28,REJECT,M4_RANGE,M4_base_واسعة
YDES,2026-10-05,REJECT,M2_FLOOR,M2_هبوط_تحت_40
YQ,2025-08-04,REJECT,M2_FLOOR,M2_هبوط_تحت_40
YQ,2026-01-22,REJECT,M2_FLOOR,M2_هبوط_تحت_40
YQ,2026-01-28,REJECT,M2_FLOOR,M2_هبوط_تحت_40
YQ,2026-03-30,REJECT,M2_FLOOR,M2_هبوط_تحت_40
YQ,2026-04-06,REJECT,M5,M5_سيولة
YQ,2026-04-13,REJECT,M5,M5_سيولة
YQ,2026-04-24,REJECT,M2_FLOOR,M2_هبوط_تحت_40
YQ,2026-04-27,REJECT,M2_FLOOR,M2_هبوط_تحت_40
YQ,2026-05-18,REJECT,M2_FLOOR,M2_هبوط_تحت_40
YQ,2026-05-22,REJECT,M2_FLOOR,M2_هبوط_تحت_40
YQ,2026-06-16,REJECT,M2_FLOOR,M2_هبوط_تحت_40
YQ,2026-07-02,REJECT,M2_FLOOR,M2_هبوط_تحت_40
YQ,2026-07-17,REJECT,M2_FLOOR,M2_هبوط_تحت_40
YQ,2026-07-20,REJECT,M2_FLOOR,M2_هبوط_تحت_40
YQ,2026-07-27,REJECT,M2_FLOOR,M2_هبوط_تحت_40
YQ,2026-07-28,REJECT,M2_FLOOR,M2_هبوط_تحت_40
YQ,2026-07-31,REJECT,ANCHOR,M_لا_مستوى_مختبر
YQ,2026-08-03,REJECT,M2_FLOOR,M2_هبوط_تحت_40
YQ,2026-08-06,REJECT,M2_FLOOR,M2_هبوط_تحت_40
YQ,2026-08-24,REJECT,M2_FLOOR,M2_هبوط_تحت_40
YQ,2026-09-04,REJECT,M2_FLOOR,M2_هبوط_تحت_40
YQ,2026-09-10,REJECT,M2_FLOOR,M2_هبوط_تحت_40
YQ,2026-09-14,REJECT,M2_FLOOR,M2_هبوط_تحت_40
YQ,2026-09-22,REJECT,M2_FLOOR,M2_هبوط_تحت_40
YQ,2026-09-23,REJECT,M2_FLOOR,M2_هبوط_تحت_40
YQ,2026-09-24,REJECT,M2_FLOOR,M2_هبوط_تحت_40
YQ,2026-09-25,REJECT,M2_FLOOR,M2_هبوط_تحت_40
YQ,2026-09-28,REJECT,M2_FLOOR,M2_هبوط_تحت_40
YQ,2026-10-05,REJECT,M2_FLOOR,M2_هبوط_تحت_40
ZEO,2025-08-04,REJECT,M2_FLOOR,M2_هبوط_تحت_40
ZEO,2026-01-22,REJECT,ANCHOR,M_لا_مستوى_مختبر
ZEO,2026-01-28,REJECT,ANCHOR,M_لا_مستوى_مختبر
ZEO,2026-03-30,REJECT,ANCHOR,M_لا_مستوى_مختبر
ZEO,2026-04-06,REJECT,ANCHOR,M_لا_مستوى_مختبر
ZEO,2026-04-13,PASS,,
ZEO,2026-04-24,PASS,,
ZEO,2026-04-27,PASS,,
ZEO,2026-05-18,REJECT,ANCHOR,M_لا_مستوى_مختبر
ZEO,2026-05-22,REJECT,ANCHOR,M_لا_مستوى_مختبر
ZEO,2026-06-16,REJECT,ANCHOR,M_لا_مستوى_مختبر
ZEO,2026-07-02,REJECT,ANCHOR,M_لا_مستوى_مختبر
ZEO,2026-07-17,REJECT,ANCHOR,M_لا_مستوى_مختبر
ZEO,2026-07-20,REJECT,ANCHOR,M_لا_مستوى_مختبر
ZEO,2026-07-27,REJECT,ANCHOR,M_لا_مستوى_مختبر
ZEO,2026-07-28,REJECT,ANCHOR,M_لا_مستوى_مختبر
ZEO,2026-07-31,REJECT,ANCHOR,M_لا_مستوى_مختبر
ZEO,2026-08-03,REJECT,M4_RANGE,M4_base_واسعة
ZEO,2026-08-06,REJECT,M4_RANGE,M4_base_واسعة
ZEO,2026-08-24,REJECT,ANCHOR,M_لا_مستوى_مختبر
ZEO,2026-09-04,REJECT,M1,M1_سعر
ZEO,2026-09-10,REJECT,M1,M1_سعر
ZEO,2026-09-14,REJECT,M1,M1_سعر
ZEO,2026-09-22,REJECT,M1,M1_سعر
ZEO,2026-09-23,REJECT,M4_RANGE,M4_base_واسعة
ZEO,2026-09-24,REJECT,M1,M1_سعر
ZEO,2026-09-25,REJECT,M1,M1_سعر
ZEO,2026-09-28,REJECT,M1,M1_سعر
ZEO,2026-10-05,REJECT,M1,M1_سعر
ZKIN,2025-08-04,REJECT,M2_FLOOR,M2_هبوط_تحت_40
ZKIN,2026-01-22,REJECT,M2_FLOOR,M2_هبوط_تحت_40
ZKIN,2026-01-28,REJECT,ANCHOR,M_لا_مستوى_مختبر
ZKIN,2026-03-30,REJECT,M2_FLOOR,M2_هبوط_تحت_40
ZKIN,2026-04-06,REJECT,M2_FLOOR,M2_هبوط_تحت_40
ZKIN,2026-04-13,REJECT,M2_FLOOR,M2_هبوط_تحت_40
ZKIN,2026-04-24,REJECT,M2_FLOOR,M2_هبوط_تحت_40
ZKIN,2026-04-27,REJECT,M2_FLOOR,M2_هبوط_تحت_40
ZKIN,2026-05-18,REJECT,M2_FLOOR,M2_هبوط_تحت_40
ZKIN,2026-05-22,REJECT,M2_FLOOR,M2_هبوط_تحت_40
ZKIN,2026-06-16,REJECT,M2_FLOOR,M2_هبوط_تحت_40
ZKIN,2026-07-02,REJECT,M2_FLOOR,M2_هبوط_تحت_40
ZKIN,2026-07-17,REJECT,M2_FLOOR,M2_هبوط_تحت_40
ZKIN,2026-07-20,REJECT,M2_FLOOR,M2_هبوط_تحت_40
ZKIN,2026-07-27,REJECT,M2_FLOOR,M2_هبوط_تحت_40
ZKIN,2026-07-28,REJECT,M2_FLOOR,M2_هبوط_تحت_40
ZKIN,2026-07-31,REJECT,M2_FLOOR,M2_هبوط_تحت_40
ZKIN,2026-08-03,REJECT,M2_FLOOR,M2_هبوط_تحت_40
ZKIN,2026-08-06,REJECT,M2_FLOOR,M2_هبوط_تحت_40
ZKIN,2026-08-24,REJECT,M2_FLOOR,M2_هبوط_تحت_40
ZKIN,2026-09-04,REJECT,M2_FLOOR,M2_هبوط_تحت_40
ZKIN,2026-09-10,REJECT,M2_FLOOR,M2_هبوط_تحت_40
ZKIN,2026-09-14,REJECT,M2_FLOOR,M2_هبوط_تحت_40
ZKIN,2026-09-22,REJECT,M2_FLOOR,M2_هبوط_تحت_40
ZKIN,2026-09-23,REJECT,M2_FLOOR,M2_هبوط_تحت_40
ZKIN,2026-09-24,REJECT,M2_FLOOR,M2_هبوط_تحت_40
ZKIN,2026-09-25,REJECT,M2_FLOOR,M2_هبوط_تحت_40
ZKIN,2026-09-28,REJECT,M2_FLOOR,M2_هبوط_تحت_40
ZKIN,2026-10-05,REJECT,M2_FLOOR,M2_هبوط_تحت_40
ZSTK,2025-08-04,REJECT,M2_FLOOR,M2_هبوط_تحت_40
ZSTK,2026-01-22,REJECT,M3,M3_انفجار_تحت_60
ZSTK,2026-01-28,REJECT,M3,M3_انفجار_تحت_60
ZSTK,2026-03-30,REJECT,ANCHOR,M_لا_مستوى_مختبر
ZSTK,2026-04-06,REJECT,ANCHOR,M_لا_مستوى_مختبر
ZSTK,2026-04-13,PASS,,
ZSTK,2026-04-24,PASS,,
ZSTK,2026-04-27,PASS,,
ZSTK,2026-05-18,REJECT,ANCHOR,M_لا_مستوى_مختبر
ZSTK,2026-05-22,REJECT,ANCHOR,M_لا_مستوى_مختبر
ZSTK,2026-06-16,REJECT,ANCHOR,M_لا_مستوى_مختبر
ZSTK,2026-07-02,REJECT,ANCHOR,M_لا_مستوى_مختبر
ZSTK,2026-07-17,REJECT,M4_RANGE,M4_base_واسعة
ZSTK,2026-07-20,REJECT,M4_RANGE,M4_base_واسعة
ZSTK,2026-07-27,REJECT,M4_RANGE,M4_base_واسعة
ZSTK,2026-07-28,REJECT,M4_RANGE,M4_base_واسعة
ZSTK,2026-07-31,REJECT,ANCHOR,M_لا_مستوى_مختبر
ZSTK,2026-08-03,REJECT,ANCHOR,M_لا_مستوى_مختبر
ZSTK,2026-08-06,REJECT,ANCHOR,M_لا_مستوى_مختبر
ZSTK,2026-08-24,REJECT,M4_RANGE,M4_base_واسعة
ZSTK,2026-09-04,REJECT,M4_RANGE,M4_base_واسعة
ZSTK,2026-09-10,REJECT,M4_RANGE,M4_base_واسعة
ZSTK,2026-09-14,REJECT,ANCHOR,M_لا_مستوى_مختبر
ZSTK,2026-09-22,PASS,,
ZSTK,2026-09-23,REJECT,ANCHOR,M_لا_مستوى_مختبر
ZSTK,2026-09-24,REJECT,ANCHOR,M_لا_مستوى_مختبر
ZSTK,2026-09-25,REJECT,ANCHOR,M_لا_مستوى_مختبر
ZSTK,2026-09-28,REJECT,ANCHOR,M_لا_مستوى_مختبر
ZSTK,2026-10-05,REJECT,ANCHOR,M_لا_مستوى_مختبر
