SECURITY_ID,DECISION_EPISODE_ID,DECISION_DATE,ROLE,DECISION_TIMESTAMP,DECISION_TIMEZONE,DATA_CUTOFF_TIMESTAMP,FEATURE_FAMILY,FEATURE_NAME,VALUE,VALUE_DATE,SOURCE,SOURCE_RECORD_ID,SOURCE_RECORD_DATE,SOURCE_PUBLICATION_TIMESTAMP,SOURCE_RETRIEVAL_TIMESTAMP,HISTORICAL_VALUE_DATE,DATA_VINTAGE,POINT_IN_TIME_VERIFIED,LOOKAHEAD_SAFE,AVAILABILITY_CONFIDENCE,MISSING_REASON,DATA_QUALITY,N_CANDIDATE_RECORDS,DAYS_VALUE_TO_DECISION
AMIX,AMIX_E1,2026-08-24,POSITIVE,2026-08-24 (session date; post time unknown),America/New_York,2026-08-24 00:00 America/New_York (bars < T; sources with record date <= T-1 or publication <= T),A_FLOAT,FLOAT_SHARES,,,S01/S02/S03,,,,,,,0,,NONE,NO_RECORD_FOUND,value exists only after T (not usable),0,
AMIX,AMIX_E1,2026-08-24,POSITIVE,2026-08-24 (session date; post time unknown),America/New_York,2026-08-24 00:00 America/New_York (bars < T; sources with record date <= T-1 or publication <= T),A_FLOAT,SHARES_OUTSTANDING_DEI,971043,2026-08-06,S07,0001437749-26-027429,2026-08-13,2026-08-13,2026-10-08T23:10:07.602837+00:00,2026-08-06,point-in-time (filed),1,1,HIGH,,10-Q cover page; shares outstanding ≠ float (upper bound),14,11
AMIX,AMIX_E1,2026-08-24,POSITIVE,2026-08-24 (session date; post time unknown),America/New_York,2026-08-24 00:00 America/New_York (bars < T; sources with record date <= T-1 or publication <= T),B_SEC_OFFERING,DAYS_SINCE_LAST_OFFERING_FORM,20,2026-08-04,S07,9999999995-26-002539,2026-08-04,2026-08-05T04:15:16.000Z,2026-10-08T23:10:07.602837+00:00,2026-08-04,point-in-time (filing),1,1,HIGH,,filings before T: 134 · offering-class forms: 25 · last form EFFECT,25,20
AMIX,AMIX_E1,2026-08-24,POSITIVE,2026-08-24 (session date; post time unknown),America/New_York,2026-08-24 00:00 America/New_York (bars < T; sources with record date <= T-1 or publication <= T),B_SEC_OFFERING,DAYS_SINCE_LAST_FINAL_PROSPECTUS,24,2026-07-31,S07,0001437749-26-025250,2026-07-31,2026-07-31T21:00:26.000Z,2026-10-08T23:10:07.602837+00:00,2026-07-31,point-in-time (filing),1,1,HIGH,,final prospectuses (424B1/B4/B5) before T: 3,3,24
AMIX,AMIX_E1,2026-08-24,POSITIVE,2026-08-24 (session date; post time unknown),America/New_York,2026-08-24 00:00 America/New_York (bars < T; sources with record date <= T-1 or publication <= T),C_BORROW,AVAILABLE_SHARES,,,S04/S05/S01,,,,,,,0,,NONE,NO_RECORD_FOUND,snapshots exist only after T,0,
AMIX,AMIX_E1,2026-08-24,POSITIVE,2026-08-24 (session date; post time unknown),America/New_York,2026-08-24 00:00 America/New_York (bars < T; sources with record date <= T-1 or publication <= T),D_SPLIT_AGE,SESSIONS_SINCE_LAST_REVERSE_SPLIT,42,2026-06-24,S06,yahoo:2026-06-24:0.047619047619047616,2026-10-08,unknown (vendor); SEC confirmation: 8-K item 5.03/3.03 within 21d: 1,2026-10-08,2026-06-24,CURRENT snapshot of historical dates,1,1,HIGH,,ratio=0.047619047619047616; reverse splits before T: 2 (raw 2); calendar days 61,2,61
ATPC,ATPC_E1,2026-09-14,POSITIVE,2026-09-14 (session date; post time unknown),America/New_York,2026-09-14 00:00 America/New_York (bars < T; sources with record date <= T-1 or publication <= T),A_FLOAT,FLOAT_SHARES,433301,2026-08-06,S01,wl:e3854cac9c,2026-08-06T15:28:34,unknown (vendor),2026-08-06T15:28:34,2026-08-06,point-in-time (git),1,1,HIGH,,vendor floatShares; shares_outstanding fallback not used,11,39
ATPC,ATPC_E1,2026-09-14,POSITIVE,2026-09-14 (session date; post time unknown),America/New_York,2026-09-14 00:00 America/New_York (bars < T; sources with record date <= T-1 or publication <= T),B_SEC_OFFERING,OFFERING_STATUS_AS_OF_DECISION,,,S07,,,,2026-10-08T23:10:07.602837+00:00,,,0,,NONE,IDENTIFIER_UNRESOLVED,no record,0,
ATPC,ATPC_E1,2026-09-14,POSITIVE,2026-09-14 (session date; post time unknown),America/New_York,2026-09-14 00:00 America/New_York (bars < T; sources with record date <= T-1 or publication <= T),C_BORROW,AVAILABLE_SHARES,25000,2026-08-28,S04,ctb:2026-08-28,2026-08-28,IBKR snapshot ≤ harvest,2026-08-28,2026-08-28,point-in-time snapshot,1,1,HIGH,,fee=654.37; snapshots before T: 12,12,17
ATPC,ATPC_E1,2026-09-14,POSITIVE,2026-09-14 (session date; post time unknown),America/New_York,2026-09-14 00:00 America/New_York (bars < T; sources with record date <= T-1 or publication <= T),D_SPLIT_AGE,SESSIONS_SINCE_LAST_REVERSE_SPLIT,,,S06,,2026-10-08,,2026-10-08,,CURRENT,0,,NONE,NOT_COLLECTED,symbol not in the splits snapshot,0,
BETA,BETA_E1,2026-04-06,POSITIVE,2026-04-06 (session date; post time unknown),America/New_York,2026-04-06 00:00 America/New_York (bars < T; sources with record date <= T-1 or publication <= T),A_FLOAT,FLOAT_SHARES,,,S01/S02/S03,,,,,,,0,,NONE,NO_HISTORICAL_SOURCE,no bot record,0,
BETA,BETA_E1,2026-04-06,POSITIVE,2026-04-06 (session date; post time unknown),America/New_York,2026-04-06 00:00 America/New_York (bars < T; sources with record date <= T-1 or publication <= T),A_FLOAT,SHARES_OUTSTANDING_DEI,,,S07,,,,2026-10-08T23:10:07.602837+00:00,,,0,,NONE,NO_RECORD_FOUND,no dei:EntityCommonStockSharesOutstanding filed before T (foreign filers lack it),0,
BETA,BETA_E1,2026-04-06,POSITIVE,2026-04-06 (session date; post time unknown),America/New_York,2026-04-06 00:00 America/New_York (bars < T; sources with record date <= T-1 or publication <= T),B_SEC_OFFERING,DAYS_SINCE_LAST_OFFERING_FORM,150,2025-11-07,S07,0001193125-25-270328,2025-11-07,2025-11-07T05:08:14.000Z,2026-10-08T23:10:07.602837+00:00,2025-11-07,point-in-time (filing),1,1,HIGH,,filings before T: 77 · offering-class forms: 5 · last form S-8,5,150
BETA,BETA_E1,2026-04-06,POSITIVE,2026-04-06 (session date; post time unknown),America/New_York,2026-04-06 00:00 America/New_York (bars < T; sources with record date <= T-1 or publication <= T),B_SEC_OFFERING,DAYS_SINCE_LAST_FINAL_PROSPECTUS,153,2025-11-04,S07,0001193125-25-265029,2025-11-04,2025-11-05T03:23:31.000Z,2026-10-08T23:10:07.602837+00:00,2025-11-04,point-in-time (filing),1,1,HIGH,,final prospectuses (424B1/B4/B5) before T: 1,1,153
BETA,BETA_E1,2026-04-06,POSITIVE,2026-04-06 (session date; post time unknown),America/New_York,2026-04-06 00:00 America/New_York (bars < T; sources with record date <= T-1 or publication <= T),C_BORROW,AVAILABLE_SHARES,,,S04/S05/S01,,,,,,,0,,NONE,NO_HISTORICAL_SOURCE,no snapshot source before T,0,
BETA,BETA_E1,2026-04-06,POSITIVE,2026-04-06 (session date; post time unknown),America/New_York,2026-04-06 00:00 America/New_York (bars < T; sources with record date <= T-1 or publication <= T),D_SPLIT_AGE,SESSIONS_SINCE_LAST_REVERSE_SPLIT,NO_CONFIRMED_PRIOR_REVERSE_SPLIT,,S06,,2026-10-08,,2026-10-08,,CURRENT snapshot,0,1,MEDIUM,RECORD_NOT_APPLICABLE,splits listed (any): 0; none reverse before T,0,
BRTX,BRTX_E1,2026-10-05,POSITIVE,2026-10-05 (session date; post time unknown),America/New_York,2026-10-05 00:00 America/New_York (bars < T; sources with record date <= T-1 or publication <= T),A_FLOAT,FLOAT_SHARES,1208761.0,2026-09-29,S03,nwf:a42606f3ff,2026-10-08T08:13:59,unknown (vendor),2026-10-08T08:13:59,2026-09-29,point-in-time (git),1,1,HIGH,,vendor floatShares; shares_outstanding fallback not used,8,6
BRTX,BRTX_E1,2026-10-05,POSITIVE,2026-10-05 (session date; post time unknown),America/New_York,2026-10-05 00:00 America/New_York (bars < T; sources with record date <= T-1 or publication <= T),A_FLOAT,SHARES_OUTSTANDING_DEI,25478170,2026-05-14,S07,0001493152-26-023126,2026-05-14,2026-05-14,2026-10-08T23:10:07.602837+00:00,2026-05-14,point-in-time (filed),1,1,HIGH,,10-Q cover page; shares outstanding ≠ float (upper bound),63,144
BRTX,BRTX_E1,2026-10-05,POSITIVE,2026-10-05 (session date; post time unknown),America/New_York,2026-10-05 00:00 America/New_York (bars < T; sources with record date <= T-1 or publication <= T),B_SEC_OFFERING,DAYS_SINCE_LAST_OFFERING_FORM,158,2026-04-30,S07,0001493152-26-020495,2026-04-30,2026-04-30T20:10:19.000Z,2026-10-08T23:10:07.602837+00:00,2026-04-30,point-in-time (filing),1,1,HIGH,,filings before T: 753 · offering-class forms: 55 · last form 424B3,55,158
BRTX,BRTX_E1,2026-10-05,POSITIVE,2026-10-05 (session date; post time unknown),America/New_York,2026-10-05 00:00 America/New_York (bars < T; sources with record date <= T-1 or publication <= T),B_SEC_OFFERING,DAYS_SINCE_LAST_FINAL_PROSPECTUS,234,2026-02-13,S07,0001493152-26-006580,2026-02-13,2026-02-13T14:48:15.000Z,2026-10-08T23:10:07.602837+00:00,2026-02-13,point-in-time (filing),1,1,HIGH,,final prospectuses (424B1/B4/B5) before T: 10,10,234
BRTX,BRTX_E1,2026-10-05,POSITIVE,2026-10-05 (session date; post time unknown),America/New_York,2026-10-05 00:00 America/New_York (bars < T; sources with record date <= T-1 or publication <= T),C_BORROW,AVAILABLE_SHARES,,,S04/S05/S01,,,,,,,0,,NONE,NO_HISTORICAL_SOURCE,no snapshot source before T,0,
BRTX,BRTX_E1,2026-10-05,POSITIVE,2026-10-05 (session date; post time unknown),America/New_York,2026-10-05 00:00 America/New_York (bars < T; sources with record date <= T-1 or publication <= T),D_SPLIT_AGE,SESSIONS_SINCE_LAST_REVERSE_SPLIT,19,2026-09-08,S06,yahoo:2026-09-08:0.05,2026-10-08,unknown (vendor); SEC confirmation: 8-K item 5.03/3.03 within 21d: 1,2026-10-08,2026-09-08,CURRENT snapshot of historical dates,1,1,HIGH,,ratio=0.05; reverse splits before T: 4 (raw 4); calendar days 27,4,27
CANF,CANF_E1,2026-07-20,POSITIVE,2026-07-20 (session date; post time unknown),America/New_York,2026-07-20 00:00 America/New_York (bars < T; sources with record date <= T-1 or publication <= T),A_FLOAT,FLOAT_SHARES,,,S01/S02/S03,,,,,,,0,,NONE,NO_HISTORICAL_SOURCE,no bot record,0,
CANF,CANF_E1,2026-07-20,POSITIVE,2026-07-20 (session date; post time unknown),America/New_York,2026-07-20 00:00 America/New_York (bars < T; sources with record date <= T-1 or publication <= T),A_FLOAT,SHARES_OUTSTANDING_DEI,2618425,2025-12-31,S07,0001213900-26-034447,2026-03-26,2026-03-26,2026-10-08T23:10:07.602837+00:00,2025-12-31,point-in-time (filed),1,1,HIGH,,20-F cover page; shares outstanding ≠ float (upper bound),10,116
CANF,CANF_E1,2026-07-20,POSITIVE,2026-07-20 (session date; post time unknown),America/New_York,2026-07-20 00:00 America/New_York (bars < T; sources with record date <= T-1 or publication <= T),B_SEC_OFFERING,DAYS_SINCE_LAST_OFFERING_FORM,108,2026-04-03,S07,9999999995-26-001089,2026-04-03,2026-04-06T04:15:21.000Z,2026-10-08T23:10:07.602837+00:00,2026-04-03,point-in-time (filing),1,1,HIGH,,filings before T: 843 · offering-class forms: 122 · last form EFFECT,122,108
CANF,CANF_E1,2026-07-20,POSITIVE,2026-07-20 (session date; post time unknown),America/New_York,2026-07-20 00:00 America/New_York (bars < T; sources with record date <= T-1 or publication <= T),B_SEC_OFFERING,DAYS_SINCE_LAST_FINAL_PROSPECTUS,356,2025-07-29,S07,0001213900-25-068481,2025-07-29,2025-07-29T14:03:19.000Z,2026-10-08T23:10:07.602837+00:00,2025-07-29,point-in-time (filing),1,1,HIGH,,final prospectuses (424B1/B4/B5) before T: 17,17,356
CANF,CANF_E1,2026-07-20,POSITIVE,2026-07-20 (session date; post time unknown),America/New_York,2026-07-20 00:00 America/New_York (bars < T; sources with record date <= T-1 or publication <= T),C_BORROW,AVAILABLE_SHARES,,,S04/S05/S01,,,,,,,0,,NONE,NO_HISTORICAL_SOURCE,no snapshot source before T,0,
CANF,CANF_E1,2026-07-20,POSITIVE,2026-07-20 (session date; post time unknown),America/New_York,2026-07-20 00:00 America/New_York (bars < T; sources with record date <= T-1 or publication <= T),D_SPLIT_AGE,SESSIONS_SINCE_LAST_REVERSE_SPLIT,134,2026-01-05,S06,yahoo:2026-01-05:0.05,2026-10-08,unknown (vendor); SEC confirmation: 8-K item 5.03/3.03 within 21d: 0,2026-10-08,2026-01-05,CURRENT snapshot of historical dates,0,1,MEDIUM,,ratio=0.05; reverse splits before T: 3 (raw 3); calendar days 196,3,196
CDIO,CDIO_E1,2026-01-28,POSITIVE,2026-01-28 (session date; post time unknown),America/New_York,2026-01-28 00:00 America/New_York (bars < T; sources with record date <= T-1 or publication <= T),A_FLOAT,FLOAT_SHARES,,,S01/S02/S03,,,,,,,0,,NONE,NO_RECORD_FOUND,value exists only after T (not usable),0,
CDIO,CDIO_E1,2026-01-28,POSITIVE,2026-01-28 (session date; post time unknown),America/New_York,2026-01-28 00:00 America/New_York (bars < T; sources with record date <= T-1 or publication <= T),A_FLOAT,SHARES_OUTSTANDING_DEI,1826051,2025-11-12,S07,0001079973-25-001686,2025-11-12,2025-11-12,2026-10-08T23:10:07.602837+00:00,2025-11-12,point-in-time (filed),1,1,HIGH,,10-Q cover page; shares outstanding ≠ float (upper bound),16,77
CDIO,CDIO_E1,2026-01-28,POSITIVE,2026-01-28 (session date; post time unknown),America/New_York,2026-01-28 00:00 America/New_York (bars < T; sources with record date <= T-1 or publication <= T),B_SEC_OFFERING,DAYS_SINCE_LAST_OFFERING_FORM,127,2025-09-23,S07,0001079973-25-001490,2025-09-23,2025-09-23T20:30:18.000Z,2026-10-08T23:10:07.602837+00:00,2025-09-23,point-in-time (filing),1,1,HIGH,,filings before T: 272 · offering-class forms: 40 · last form 424B3,40,127
CDIO,CDIO_E1,2026-01-28,POSITIVE,2026-01-28 (session date; post time unknown),America/New_York,2026-01-28 00:00 America/New_York (bars < T; sources with record date <= T-1 or publication <= T),B_SEC_OFFERING,DAYS_SINCE_LAST_FINAL_PROSPECTUS,348,2025-02-14,S07,0001079973-25-000280,2025-02-14,2025-02-14T22:09:27.000Z,2026-10-08T23:10:07.602837+00:00,2025-02-14,point-in-time (filing),1,1,HIGH,,final prospectuses (424B1/B4/B5) before T: 3,3,348
CDIO,CDIO_E1,2026-01-28,POSITIVE,2026-01-28 (session date; post time unknown),America/New_York,2026-01-28 00:00 America/New_York (bars < T; sources with record date <= T-1 or publication <= T),C_BORROW,AVAILABLE_SHARES,,,S04/S05/S01,,,,,,,0,,NONE,NO_HISTORICAL_SOURCE,no snapshot source before T,0,
CDIO,CDIO_E1,2026-01-28,POSITIVE,2026-01-28 (session date; post time unknown),America/New_York,2026-01-28 00:00 America/New_York (bars < T; sources with record date <= T-1 or publication <= T),D_SPLIT_AGE,SESSIONS_SINCE_LAST_REVERSE_SPLIT,178,2025-05-13,S06,yahoo:2025-05-13:0.03333333333333333,2026-10-08,unknown (vendor); SEC confirmation: 8-K item 5.03/3.03 within 21d: 1,2026-10-08,2025-05-13,CURRENT snapshot of historical dates,1,1,HIGH,,ratio=0.03333333333333333; reverse splits before T: 1 (raw 1); calendar days 260,1,260
CETX,CETX_E1,2026-09-14,POSITIVE,2026-09-14 (session date; post time unknown),America/New_York,2026-09-14 00:00 America/New_York (bars < T; sources with record date <= T-1 or publication <= T),A_FLOAT,FLOAT_SHARES,1721141,2026-09-12,S02,cc:e145b218c1,2026-09-12T00:28:28,unknown (vendor),2026-09-12T00:28:28,2026-09-12,point-in-time (git),1,1,MEDIUM,,vendor floatShares; shares_outstanding fallback not used,1,2
CETX,CETX_E1,2026-09-14,POSITIVE,2026-09-14 (session date; post time unknown),America/New_York,2026-09-14 00:00 America/New_York (bars < T; sources with record date <= T-1 or publication <= T),A_FLOAT,SHARES_OUTSTANDING_DEI,1721141,2026-08-12,S07,0001493152-26-038337,2026-08-14,2026-08-14,2026-10-08T23:10:07.602837+00:00,2026-08-12,point-in-time (filed),1,1,HIGH,,10-Q cover page; shares outstanding ≠ float (upper bound),72,31
CETX,CETX_E1,2026-09-14,POSITIVE,2026-09-14 (session date; post time unknown),America/New_York,2026-09-14 00:00 America/New_York (bars < T; sources with record date <= T-1 or publication <= T),B_SEC_OFFERING,DAYS_SINCE_LAST_OFFERING_FORM,248,2026-01-09,S07,0001493152-26-001104,2026-01-09,2026-01-09T21:26:12.000Z,2026-10-08T23:10:07.602837+00:00,2026-01-09,point-in-time (filing),1,1,HIGH,,filings before T: 547 · offering-class forms: 51 · last form 424B5,51,248
CETX,CETX_E1,2026-09-14,POSITIVE,2026-09-14 (session date; post time unknown),America/New_York,2026-09-14 00:00 America/New_York (bars < T; sources with record date <= T-1 or publication <= T),B_SEC_OFFERING,DAYS_SINCE_LAST_FINAL_PROSPECTUS,248,2026-01-09,S07,0001493152-26-001104,2026-01-09,2026-01-09T21:26:12.000Z,2026-10-08T23:10:07.602837+00:00,2026-01-09,point-in-time (filing),1,1,HIGH,,final prospectuses (424B1/B4/B5) before T: 17,17,248
CETX,CETX_E1,2026-09-14,POSITIVE,2026-09-14 (session date; post time unknown),America/New_York,2026-09-14 00:00 America/New_York (bars < T; sources with record date <= T-1 or publication <= T),C_BORROW,AVAILABLE_SHARES,,,S04/S05/S01,,,,,,,0,,NONE,NO_HISTORICAL_SOURCE,no snapshot source before T,0,
CETX,CETX_E1,2026-09-14,POSITIVE,2026-09-14 (session date; post time unknown),America/New_York,2026-09-14 00:00 America/New_York (bars < T; sources with record date <= T-1 or publication <= T),D_SPLIT_AGE,SESSIONS_SINCE_LAST_REVERSE_SPLIT,68,2026-06-05,S06,yahoo:2026-06-05:0.1,2026-10-08,unknown (vendor); SEC confirmation: 8-K item 5.03/3.03 within 21d: 1,2026-10-08,2026-06-05,CURRENT snapshot of historical dates,1,1,HIGH,,ratio=0.1; reverse splits before T: 6 (raw 6); calendar days 101,6,101
CIIT,CIIT_E1,2026-09-25,POSITIVE,2026-09-25 (session date; post time unknown),America/New_York,2026-09-25 00:00 America/New_York (bars < T; sources with record date <= T-1 or publication <= T),A_FLOAT,FLOAT_SHARES,732625,2026-09-10,S01,wl:f8051a497e,2026-09-10T00:21:20,unknown (vendor),2026-09-10T00:21:20,2026-09-10,point-in-time (git),1,1,HIGH,,vendor floatShares; shares_outstanding fallback not used,46,15
CIIT,CIIT_E1,2026-09-25,POSITIVE,2026-09-25 (session date; post time unknown),America/New_York,2026-09-25 00:00 America/New_York (bars < T; sources with record date <= T-1 or publication <= T),A_FLOAT,SHARES_OUTSTANDING_DEI,9673907,2026-06-22,S07,0001683168-26-005026,2026-06-22,2026-06-22,2026-10-08T23:10:07.602837+00:00,2026-06-22,point-in-time (filed),1,1,HIGH,,10-Q cover page; shares outstanding ≠ float (upper bound),56,95
CIIT,CIIT_E1,2026-09-25,POSITIVE,2026-09-25 (session date; post time unknown),America/New_York,2026-09-25 00:00 America/New_York (bars < T; sources with record date <= T-1 or publication <= T),B_SEC_OFFERING,DAYS_SINCE_LAST_OFFERING_FORM,95,2026-06-22,S07,0001683168-26-005029,2026-06-22,2026-06-23T00:35:29.000Z,2026-10-08T23:10:07.602837+00:00,2026-06-22,point-in-time (filing),1,1,HIGH,,filings before T: 209 · offering-class forms: 19 · last form 424B3,19,95
CIIT,CIIT_E1,2026-09-25,POSITIVE,2026-09-25 (session date; post time unknown),America/New_York,2026-09-25 00:00 America/New_York (bars < T; sources with record date <= T-1 or publication <= T),B_SEC_OFFERING,DAYS_SINCE_LAST_FINAL_PROSPECTUS,100,2026-06-17,S07,0001683168-26-004899,2026-06-17,2026-06-17T19:20:33.000Z,2026-10-08T23:10:07.602837+00:00,2026-06-17,point-in-time (filing),1,1,HIGH,,final prospectuses (424B1/B4/B5) before T: 3,3,100
CIIT,CIIT_E1,2026-09-25,POSITIVE,2026-09-25 (session date; post time unknown),America/New_York,2026-09-25 00:00 America/New_York (bars < T; sources with record date <= T-1 or publication <= T),C_BORROW,AVAILABLE_SHARES,1000,2026-09-10,S01,wl:f8051a497e,2026-09-10,IBKR snapshot ≤ harvest,2026-09-10,2026-09-10,point-in-time snapshot,1,1,HIGH,,fee=806.46; snapshots before T: 7,7,15
CIIT,CIIT_E1,2026-09-25,POSITIVE,2026-09-25 (session date; post time unknown),America/New_York,2026-09-25 00:00 America/New_York (bars < T; sources with record date <= T-1 or publication <= T),D_SPLIT_AGE,SESSIONS_SINCE_LAST_REVERSE_SPLIT,48,2026-07-20,S06,yahoo:2026-07-20:0.1,2026-10-08,unknown (vendor); SEC confirmation: 8-K item 5.03/3.03 within 21d: 2,2026-10-08,2026-07-20,CURRENT snapshot of historical dates,1,1,HIGH,,ratio=0.1; reverse splits before T: 4 (raw 4); calendar days 67,4,67
CRE,CRE_E1,2025-08-04,POSITIVE,2025-08-04 (session date; post time unknown),America/New_York,2025-08-04 00:00 America/New_York (bars < T; sources with record date <= T-1 or publication <= T),A_FLOAT,FLOAT_SHARES,,,S01/S02/S03,,,,,,,0,,NONE,NO_RECORD_FOUND,value exists only after T (not usable),0,
CRE,CRE_E1,2025-08-04,POSITIVE,2025-08-04 (session date; post time unknown),America/New_York,2025-08-04 00:00 America/New_York (bars < T; sources with record date <= T-1 or publication <= T),A_FLOAT,SHARES_OUTSTANDING_DEI,,,S07,,,,2026-10-08T23:10:07.602837+00:00,,,0,,NONE,NO_RECORD_FOUND,no dei:EntityCommonStockSharesOutstanding filed before T (foreign filers lack it),0,
CRE,CRE_E1,2025-08-04,POSITIVE,2025-08-04 (session date; post time unknown),America/New_York,2025-08-04 00:00 America/New_York (bars < T; sources with record date <= T-1 or publication <= T),B_SEC_OFFERING,DAYS_SINCE_LAST_OFFERING_FORM,12,2025-07-23,S07,0001213900-25-066853,2025-07-23,2025-07-23T14:51:14.000Z,2026-10-08T23:10:07.602837+00:00,2025-07-23,point-in-time (filing),1,1,HIGH,,filings before T: 42 · offering-class forms: 12 · last form 424B4,12,12
CRE,CRE_E1,2025-08-04,POSITIVE,2025-08-04 (session date; post time unknown),America/New_York,2025-08-04 00:00 America/New_York (bars < T; sources with record date <= T-1 or publication <= T),B_SEC_OFFERING,DAYS_SINCE_LAST_FINAL_PROSPECTUS,12,2025-07-23,S07,0001213900-25-066853,2025-07-23,2025-07-23T14:51:14.000Z,2026-10-08T23:10:07.602837+00:00,2025-07-23,point-in-time (filing),1,1,HIGH,,final prospectuses (424B1/B4/B5) before T: 1,1,12
CRE,CRE_E1,2025-08-04,POSITIVE,2025-08-04 (session date; post time unknown),America/New_York,2025-08-04 00:00 America/New_York (bars < T; sources with record date <= T-1 or publication <= T),C_BORROW,AVAILABLE_SHARES,,,S04/S05/S01,,,,,,,0,,NONE,NO_HISTORICAL_SOURCE,snapshots exist only after T,0,
CRE,CRE_E1,2025-08-04,POSITIVE,2025-08-04 (session date; post time unknown),America/New_York,2025-08-04 00:00 America/New_York (bars < T; sources with record date <= T-1 or publication <= T),D_SPLIT_AGE,SESSIONS_SINCE_LAST_REVERSE_SPLIT,NO_CONFIRMED_PRIOR_REVERSE_SPLIT,,S06,,2026-10-08,,2026-10-08,,CURRENT snapshot,0,1,MEDIUM,RECORD_NOT_APPLICABLE,splits listed (any): 1; none reverse before T,0,
CUPR,CUPR_E1,2026-09-14,POSITIVE,2026-09-14 (session date; post time unknown),America/New_York,2026-09-14 00:00 America/New_York (bars < T; sources with record date <= T-1 or publication <= T),A_FLOAT,FLOAT_SHARES,920634,2026-06-25,S01,wl:bc1309e501,2026-06-25T20:31:47,unknown (vendor),2026-06-25T20:31:47,2026-06-25,point-in-time (git),1,1,HIGH,,vendor floatShares; shares_outstanding fallback not used,7,81
CUPR,CUPR_E1,2026-09-14,POSITIVE,2026-09-14 (session date; post time unknown),America/New_York,2026-09-14 00:00 America/New_York (bars < T; sources with record date <= T-1 or publication <= T),A_FLOAT,SHARES_OUTSTANDING_DEI,7365000,2026-04-27,S07,0001493152-26-031415,2026-07-01,2026-07-01,2026-10-08T23:10:07.602837+00:00,2026-04-27,point-in-time (filed),1,1,HIGH,,20-F/A cover page; shares outstanding ≠ float (upper bound),3,75
CUPR,CUPR_E1,2026-09-14,POSITIVE,2026-09-14 (session date; post time unknown),America/New_York,2026-09-14 00:00 America/New_York (bars < T; sources with record date <= T-1 or publication <= T),B_SEC_OFFERING,DAYS_SINCE_LAST_OFFERING_FORM,3,2026-09-11,S07,0001493152-26-042322,2026-09-11,2026-09-11T15:14:16.000Z,2026-10-08T23:10:07.602837+00:00,2026-09-11,point-in-time (filing),1,1,HIGH,,filings before T: 95 · offering-class forms: 19 · last form F-1/A,19,3
CUPR,CUPR_E1,2026-09-14,POSITIVE,2026-09-14 (session date; post time unknown),America/New_York,2026-09-14 00:00 America/New_York (bars < T; sources with record date <= T-1 or publication <= T),B_SEC_OFFERING,DAYS_SINCE_LAST_FINAL_PROSPECTUS,522,2025-04-10,S07,0001641172-25-003511,2025-04-10,2025-04-10T10:21:22.000Z,2026-10-08T23:10:07.602837+00:00,2025-04-10,point-in-time (filing),1,1,HIGH,,final prospectuses (424B1/B4/B5) before T: 1,1,522
CUPR,CUPR_E1,2026-09-14,POSITIVE,2026-09-14 (session date; post time unknown),America/New_York,2026-09-14 00:00 America/New_York (bars < T; sources with record date <= T-1 or publication <= T),C_BORROW,AVAILABLE_SHARES,,,S04/S05/S01,,,,,,,0,,NONE,NO_HISTORICAL_SOURCE,no snapshot source before T,0,
CUPR,CUPR_E1,2026-09-14,POSITIVE,2026-09-14 (session date; post time unknown),America/New_York,2026-09-14 00:00 America/New_York (bars < T; sources with record date <= T-1 or publication <= T),D_SPLIT_AGE,SESSIONS_SINCE_LAST_REVERSE_SPLIT,75,2026-05-27,S06,yahoo:2026-05-27:0.125,2026-10-08,unknown (vendor); SEC confirmation: 8-K item 5.03/3.03 within 21d: 0,2026-10-08,2026-05-27,CURRENT snapshot of historical dates,0,1,MEDIUM,,ratio=0.125; reverse splits before T: 1 (raw 1); calendar days 110,1,110
DCOY,DCOY_E1,2026-09-22,POSITIVE,2026-09-22 (session date; post time unknown),America/New_York,2026-09-22 00:00 America/New_York (bars < T; sources with record date <= T-1 or publication <= T),A_FLOAT,FLOAT_SHARES,586404,2026-09-15,S02,cc:d6aacd5db6,2026-09-15T08:12:55,unknown (vendor),2026-09-15T08:12:55,2026-09-15,point-in-time (git),1,1,MEDIUM,,vendor floatShares; shares_outstanding fallback not used,4,7
DCOY,DCOY_E1,2026-09-22,POSITIVE,2026-09-22 (session date; post time unknown),America/New_York,2026-09-22 00:00 America/New_York (bars < T; sources with record date <= T-1 or publication <= T),A_FLOAT,SHARES_OUTSTANDING_DEI,655185,2026-08-12,S07,0001193125-26-346852,2026-08-12,2026-08-12,2026-10-08T23:10:07.602837+00:00,2026-08-12,point-in-time (filed),1,1,HIGH,,10-Q cover page; shares outstanding ≠ float (upper bound),48,41
DCOY,DCOY_E1,2026-09-22,POSITIVE,2026-09-22 (session date; post time unknown),America/New_York,2026-09-22 00:00 America/New_York (bars < T; sources with record date <= T-1 or publication <= T),B_SEC_OFFERING,DAYS_SINCE_LAST_OFFERING_FORM,67,2026-07-17,S07,9999999995-26-002352,2026-07-17,2026-07-20T08:15:15.000Z,2026-10-08T23:10:07.602837+00:00,2026-07-17,point-in-time (filing),1,1,HIGH,,filings before T: 739 · offering-class forms: 69 · last form EFFECT,69,67
DCOY,DCOY_E1,2026-09-22,POSITIVE,2026-09-22 (session date; post time unknown),America/New_York,2026-09-22 00:00 America/New_York (bars < T; sources with record date <= T-1 or publication <= T),B_SEC_OFFERING,DAYS_SINCE_LAST_FINAL_PROSPECTUS,314,2025-11-12,S07,0001628280-25-051365,2025-11-12,2025-11-12T18:55:55.000Z,2026-10-08T23:10:07.602837+00:00,2025-11-12,point-in-time (filing),1,1,HIGH,,final prospectuses (424B1/B4/B5) before T: 17,17,314
DCOY,DCOY_E1,2026-09-22,POSITIVE,2026-09-22 (session date; post time unknown),America/New_York,2026-09-22 00:00 America/New_York (bars < T; sources with record date <= T-1 or publication <= T),C_BORROW,AVAILABLE_SHARES,,,S04/S05/S01,,,,,,,0,,NONE,NO_HISTORICAL_SOURCE,no snapshot source before T,0,
DCOY,DCOY_E1,2026-09-22,POSITIVE,2026-09-22 (session date; post time unknown),America/New_York,2026-09-22 00:00 America/New_York (bars < T; sources with record date <= T-1 or publication <= T),D_SPLIT_AGE,SESSIONS_SINCE_LAST_REVERSE_SPLIT,136,2026-03-09,S06,yahoo:2026-03-09:0.08333333333333333,2026-10-08,unknown (vendor); SEC confirmation: 8-K item 5.03/3.03 within 21d: 1,2026-10-08,2026-03-09,CURRENT snapshot of historical dates,1,1,HIGH,,ratio=0.08333333333333333; reverse splits before T: 5 (raw 5); calendar days 197,5,197
DKI,DKI_E1,2026-09-14,POSITIVE,2026-09-14 (session date; post time unknown),America/New_York,2026-09-14 00:00 America/New_York (bars < T; sources with record date <= T-1 or publication <= T),A_FLOAT,FLOAT_SHARES,,,S01/S02/S03,,,,,,,0,,NONE,NO_RECORD_FOUND,value exists only after T (not usable),0,
DKI,DKI_E1,2026-09-14,POSITIVE,2026-09-14 (session date; post time unknown),America/New_York,2026-09-14 00:00 America/New_York (bars < T; sources with record date <= T-1 or publication <= T),A_FLOAT,SHARES_OUTSTANDING_DEI,,,S07,,,,2026-10-08T23:10:07.602837+00:00,,,0,,NONE,NO_RECORD_FOUND,no dei:EntityCommonStockSharesOutstanding filed before T (foreign filers lack it),0,
DKI,DKI_E1,2026-09-14,POSITIVE,2026-09-14 (session date; post time unknown),America/New_York,2026-09-14 00:00 America/New_York (bars < T; sources with record date <= T-1 or publication <= T),B_SEC_OFFERING,DAYS_SINCE_LAST_OFFERING_FORM,392,2025-08-18,S07,0001641172-25-024624,2025-08-18,2025-08-19T00:30:48.000Z,2026-10-08T23:10:07.602837+00:00,2025-08-18,point-in-time (filing),1,1,HIGH,,filings before T: 41 · offering-class forms: 5 · last form S-8,5,392
DKI,DKI_E1,2026-09-14,POSITIVE,2026-09-14 (session date; post time unknown),America/New_York,2026-09-14 00:00 America/New_York (bars < T; sources with record date <= T-1 or publication <= T),B_SEC_OFFERING,DAYS_SINCE_LAST_FINAL_PROSPECTUS,399,2025-08-11,S07,0001641172-25-022921,2025-08-11,2025-08-11T17:18:16.000Z,2026-10-08T23:10:07.602837+00:00,2025-08-11,point-in-time (filing),1,1,HIGH,,final prospectuses (424B1/B4/B5) before T: 1,1,399
DKI,DKI_E1,2026-09-14,POSITIVE,2026-09-14 (session date; post time unknown),America/New_York,2026-09-14 00:00 America/New_York (bars < T; sources with record date <= T-1 or publication <= T),C_BORROW,AVAILABLE_SHARES,,,S04/S05/S01,,,,,,,0,,NONE,NO_HISTORICAL_SOURCE,no snapshot source before T,0,
DKI,DKI_E1,2026-09-14,POSITIVE,2026-09-14 (session date; post time unknown),America/New_York,2026-09-14 00:00 America/New_York (bars < T; sources with record date <= T-1 or publication <= T),D_SPLIT_AGE,SESSIONS_SINCE_LAST_REVERSE_SPLIT,NO_CONFIRMED_PRIOR_REVERSE_SPLIT,,S06,,2026-10-08,,2026-10-08,,CURRENT snapshot,0,1,MEDIUM,RECORD_NOT_APPLICABLE,splits listed (any): 0; none reverse before T,0,
DXST,DXST_E1,2026-06-16,POSITIVE,2026-06-16 (session date; post time unknown),America/New_York,2026-06-16 00:00 America/New_York (bars < T; sources with record date <= T-1 or publication <= T),A_FLOAT,FLOAT_SHARES,,,S01/S02/S03,,,,,,,0,,NONE,NO_RECORD_FOUND,value exists only after T (not usable),0,
DXST,DXST_E1,2026-06-16,POSITIVE,2026-06-16 (session date; post time unknown),America/New_York,2026-06-16 00:00 America/New_York (bars < T; sources with record date <= T-1 or publication <= T),A_FLOAT,SHARES_OUTSTANDING_DEI,15000000,2024-10-31,S07,0001213900-25-021825,2025-03-07,2025-03-07,2026-10-08T23:10:07.602837+00:00,2024-10-31,point-in-time (filed),1,1,HIGH,,20-F cover page; shares outstanding ≠ float (upper bound),1,466
DXST,DXST_E1,2026-06-16,POSITIVE,2026-06-16 (session date; post time unknown),America/New_York,2026-06-16 00:00 America/New_York (bars < T; sources with record date <= T-1 or publication <= T),B_SEC_OFFERING,DAYS_SINCE_LAST_OFFERING_FORM,40,2026-05-07,S07,9999999995-26-001542,2026-05-07,2026-05-08T08:15:24.000Z,2026-10-08T23:10:07.602837+00:00,2026-05-07,point-in-time (filing),1,1,HIGH,,filings before T: 61 · offering-class forms: 12 · last form EFFECT,12,40
DXST,DXST_E1,2026-06-16,POSITIVE,2026-06-16 (session date; post time unknown),America/New_York,2026-06-16 00:00 America/New_York (bars < T; sources with record date <= T-1 or publication <= T),B_SEC_OFFERING,DAYS_SINCE_LAST_FINAL_PROSPECTUS,216,2025-11-12,S07,0001185185-25-001659,2025-11-12,2025-11-12T16:05:32.000Z,2026-10-08T23:10:07.602837+00:00,2025-11-12,point-in-time (filing),1,1,HIGH,,final prospectuses (424B1/B4/B5) before T: 2,2,216
DXST,DXST_E1,2026-06-16,POSITIVE,2026-06-16 (session date; post time unknown),America/New_York,2026-06-16 00:00 America/New_York (bars < T; sources with record date <= T-1 or publication <= T),C_BORROW,AVAILABLE_SHARES,,,S04/S05/S01,,,,,,,0,,NONE,NO_HISTORICAL_SOURCE,snapshots exist only after T,0,
DXST,DXST_E1,2026-06-16,POSITIVE,2026-06-16 (session date; post time unknown),America/New_York,2026-06-16 00:00 America/New_York (bars < T; sources with record date <= T-1 or publication <= T),D_SPLIT_AGE,SESSIONS_SINCE_LAST_REVERSE_SPLIT,64,2026-03-16,S06,yahoo:2026-03-16:0.04,2026-10-08,unknown (vendor); SEC confirmation: 8-K item 5.03/3.03 within 21d: 0,2026-10-08,2026-03-16,CURRENT snapshot of historical dates,0,1,MEDIUM,,ratio=0.04; reverse splits before T: 1 (raw 1); calendar days 92,1,92
DXST,DXST_E2,2026-08-04,POSITIVE,2026-08-04 (session date; post time unknown),America/New_York,2026-08-04 00:00 America/New_York (bars < T; sources with record date <= T-1 or publication <= T),A_FLOAT,FLOAT_SHARES,998034,2026-08-03,S01,wl:d6615eed72,2026-08-03T20:18:25,unknown (vendor),2026-08-03T20:18:25,2026-08-03,point-in-time (git),1,1,HIGH,,vendor floatShares; shares_outstanding fallback not used,36,1
DXST,DXST_E2,2026-08-04,POSITIVE,2026-08-04 (session date; post time unknown),America/New_York,2026-08-04 00:00 America/New_York (bars < T; sources with record date <= T-1 or publication <= T),A_FLOAT,SHARES_OUTSTANDING_DEI,15000000,2024-10-31,S07,0001213900-25-021825,2025-03-07,2025-03-07,2026-10-08T23:10:07.602837+00:00,2024-10-31,point-in-time (filed),1,1,HIGH,,20-F cover page; shares outstanding ≠ float (upper bound),1,515
DXST,DXST_E2,2026-08-04,POSITIVE,2026-08-04 (session date; post time unknown),America/New_York,2026-08-04 00:00 America/New_York (bars < T; sources with record date <= T-1 or publication <= T),B_SEC_OFFERING,DAYS_SINCE_LAST_OFFERING_FORM,89,2026-05-07,S07,9999999995-26-001542,2026-05-07,2026-05-08T08:15:24.000Z,2026-10-08T23:10:07.602837+00:00,2026-05-07,point-in-time (filing),1,1,HIGH,,filings before T: 64 · offering-class forms: 12 · last form EFFECT,12,89
DXST,DXST_E2,2026-08-04,POSITIVE,2026-08-04 (session date; post time unknown),America/New_York,2026-08-04 00:00 America/New_York (bars < T; sources with record date <= T-1 or publication <= T),B_SEC_OFFERING,DAYS_SINCE_LAST_FINAL_PROSPECTUS,265,2025-11-12,S07,0001185185-25-001659,2025-11-12,2025-11-12T16:05:32.000Z,2026-10-08T23:10:07.602837+00:00,2025-11-12,point-in-time (filing),1,1,HIGH,,final prospectuses (424B1/B4/B5) before T: 2,2,265
DXST,DXST_E2,2026-08-04,POSITIVE,2026-08-04 (session date; post time unknown),America/New_York,2026-08-04 00:00 America/New_York (bars < T; sources with record date <= T-1 or publication <= T),C_BORROW,AVAILABLE_SHARES,,,S04/S05/S01,,,,,,,0,,NONE,NO_RECORD_FOUND,snapshots exist only after T,0,
DXST,DXST_E2,2026-08-04,POSITIVE,2026-08-04 (session date; post time unknown),America/New_York,2026-08-04 00:00 America/New_York (bars < T; sources with record date <= T-1 or publication <= T),D_SPLIT_AGE,SESSIONS_SINCE_LAST_REVERSE_SPLIT,97,2026-03-16,S06,yahoo:2026-03-16:0.04,2026-10-08,unknown (vendor); SEC confirmation: 8-K item 5.03/3.03 within 21d: 0,2026-10-08,2026-03-16,CURRENT snapshot of historical dates,0,1,MEDIUM,,ratio=0.04; reverse splits before T: 1 (raw 1); calendar days 141,1,141
EDBL,EDBL_E1,2026-09-22,POSITIVE,2026-09-22 (session date; post time unknown),America/New_York,2026-09-22 00:00 America/New_York (bars < T; sources with record date <= T-1 or publication <= T),A_FLOAT,FLOAT_SHARES,1950533,2026-09-08,S02,cc:37690a6bb1,2026-09-08T07:36:37,unknown (vendor),2026-09-08T07:36:37,2026-09-08,point-in-time (git),1,1,MEDIUM,,vendor floatShares; shares_outstanding fallback not used,1,14
EDBL,EDBL_E1,2026-09-22,POSITIVE,2026-09-22 (session date; post time unknown),America/New_York,2026-09-22 00:00 America/New_York (bars < T; sources with record date <= T-1 or publication <= T),A_FLOAT,SHARES_OUTSTANDING_DEI,1951509,2026-08-06,S07,0001477932-26-005081,2026-08-14,2026-08-14,2026-10-08T23:10:07.602837+00:00,2026-08-06,point-in-time (filed),1,1,HIGH,,10-Q cover page; shares outstanding ≠ float (upper bound),19,39
EDBL,EDBL_E1,2026-09-22,POSITIVE,2026-09-22 (session date; post time unknown),America/New_York,2026-09-22 00:00 America/New_York (bars < T; sources with record date <= T-1 or publication <= T),B_SEC_OFFERING,DAYS_SINCE_LAST_OFFERING_FORM,42,2026-08-11,S07,0001477932-26-004879,2026-08-11,2026-08-11T20:28:14.000Z,2026-10-08T23:10:07.602837+00:00,2026-08-11,point-in-time (filing),1,1,HIGH,,filings before T: 341 · offering-class forms: 68 · last form 424B5,68,42
EDBL,EDBL_E1,2026-09-22,POSITIVE,2026-09-22 (session date; post time unknown),America/New_York,2026-09-22 00:00 America/New_York (bars < T; sources with record date <= T-1 or publication <= T),B_SEC_OFFERING,DAYS_SINCE_LAST_FINAL_PROSPECTUS,42,2026-08-11,S07,0001477932-26-004879,2026-08-11,2026-08-11T20:28:14.000Z,2026-10-08T23:10:07.602837+00:00,2026-08-11,point-in-time (filing),1,1,HIGH,,final prospectuses (424B1/B4/B5) before T: 9,9,42
EDBL,EDBL_E1,2026-09-22,POSITIVE,2026-09-22 (session date; post time unknown),America/New_York,2026-09-22 00:00 America/New_York (bars < T; sources with record date <= T-1 or publication <= T),C_BORROW,AVAILABLE_SHARES,100000,2026-09-19,S04,ctb:2026-09-19,2026-09-19,IBKR snapshot ≤ harvest,2026-09-19,2026-09-19,point-in-time snapshot,1,1,HIGH,,fee=152.1; snapshots before T: 39,39,3
EDBL,EDBL_E1,2026-09-22,POSITIVE,2026-09-22 (session date; post time unknown),America/New_York,2026-09-22 00:00 America/New_York (bars < T; sources with record date <= T-1 or publication <= T),D_SPLIT_AGE,SESSIONS_SINCE_LAST_REVERSE_SPLIT,50,2026-07-13,S06,yahoo:2026-07-13:0.022222222222222223,2026-10-08,unknown (vendor); SEC confirmation: 8-K item 5.03/3.03 within 21d: 1,2026-10-08,2026-07-13,CURRENT snapshot of historical dates,1,1,HIGH,,ratio=0.022222222222222223; reverse splits before T: 5 (raw 5); calendar days 71,5,71
EHGO,EHGO_E1,2026-05-22,POSITIVE,2026-05-22 (session date; post time unknown),America/New_York,2026-05-22 00:00 America/New_York (bars < T; sources with record date <= T-1 or publication <= T),A_FLOAT,FLOAT_SHARES,,,S01/S02/S03,,,,,,,0,,NONE,NO_RECORD_FOUND,value exists only after T (not usable),0,
EHGO,EHGO_E1,2026-05-22,POSITIVE,2026-05-22 (session date; post time unknown),America/New_York,2026-05-22 00:00 America/New_York (bars < T; sources with record date <= T-1 or publication <= T),A_FLOAT,SHARES_OUTSTANDING_DEI,,,S07,,,,2026-10-08T23:10:07.602837+00:00,,,0,,NONE,NO_RECORD_FOUND,no dei:EntityCommonStockSharesOutstanding filed before T (foreign filers lack it),0,
EHGO,EHGO_E1,2026-05-22,POSITIVE,2026-05-22 (session date; post time unknown),America/New_York,2026-05-22 00:00 America/New_York (bars < T; sources with record date <= T-1 or publication <= T),B_SEC_OFFERING,DAYS_SINCE_LAST_OFFERING_FORM,50,2026-04-02,S07,9999999995-26-001066,2026-04-02,2026-04-03T04:15:18.000Z,2026-10-08T23:10:07.602837+00:00,2026-04-02,point-in-time (filing),1,1,HIGH,,filings before T: 117 · offering-class forms: 27 · last form EFFECT,27,50
EHGO,EHGO_E1,2026-05-22,POSITIVE,2026-05-22 (session date; post time unknown),America/New_York,2026-05-22 00:00 America/New_York (bars < T; sources with record date <= T-1 or publication <= T),B_SEC_OFFERING,DAYS_SINCE_LAST_FINAL_PROSPECTUS,688,2024-07-03,S07,0001104659-24-077612,2024-07-03,2024-07-03T13:34:50.000Z,2026-10-08T23:10:07.602837+00:00,2024-07-03,point-in-time (filing),1,1,HIGH,,final prospectuses (424B1/B4/B5) before T: 1,1,688
EHGO,EHGO_E1,2026-05-22,POSITIVE,2026-05-22 (session date; post time unknown),America/New_York,2026-05-22 00:00 America/New_York (bars < T; sources with record date <= T-1 or publication <= T),C_BORROW,AVAILABLE_SHARES,,,S04/S05/S01,,,,,,,0,,NONE,NO_HISTORICAL_SOURCE,snapshots exist only after T,0,
EHGO,EHGO_E1,2026-05-22,POSITIVE,2026-05-22 (session date; post time unknown),America/New_York,2026-05-22 00:00 America/New_York (bars < T; sources with record date <= T-1 or publication <= T),D_SPLIT_AGE,SESSIONS_SINCE_LAST_REVERSE_SPLIT,24,2026-04-20,S06,yahoo:2026-04-20:0.0625,2026-10-08,unknown (vendor); SEC confirmation: 8-K item 5.03/3.03 within 21d: 0,2026-10-08,2026-04-20,CURRENT snapshot of historical dates,0,1,MEDIUM,,ratio=0.0625; reverse splits before T: 1 (raw 1); calendar days 32,1,32
ELAB,ELAB_E1,2026-04-13,POSITIVE,2026-04-13 (session date; post time unknown),America/New_York,2026-04-13 00:00 America/New_York (bars < T; sources with record date <= T-1 or publication <= T),A_FLOAT,FLOAT_SHARES,,,S01/S02/S03,,,,,,,0,,NONE,NO_RECORD_FOUND,value exists only after T (not usable),0,
ELAB,ELAB_E1,2026-04-13,POSITIVE,2026-04-13 (session date; post time unknown),America/New_York,2026-04-13 00:00 America/New_York (bars < T; sources with record date <= T-1 or publication <= T),A_FLOAT,SHARES_OUTSTANDING_DEI,1159112,2026-03-30,S07,0001213900-26-035937,2026-03-30,2026-03-30,2026-10-08T23:10:07.602837+00:00,2026-03-30,point-in-time (filed),1,1,HIGH,,10-K cover page; shares outstanding ≠ float (upper bound),10,14
ELAB,ELAB_E1,2026-04-13,POSITIVE,2026-04-13 (session date; post time unknown),America/New_York,2026-04-13 00:00 America/New_York (bars < T; sources with record date <= T-1 or publication <= T),B_SEC_OFFERING,DAYS_SINCE_LAST_OFFERING_FORM,12,2026-04-01,S07,0001213900-26-038645,2026-04-01,2026-04-01T21:20:11.000Z,2026-10-08T23:10:07.602837+00:00,2026-04-01,point-in-time (filing),1,1,HIGH,,filings before T: 238 · offering-class forms: 30 · last form 424B5,30,12
ELAB,ELAB_E1,2026-04-13,POSITIVE,2026-04-13 (session date; post time unknown),America/New_York,2026-04-13 00:00 America/New_York (bars < T; sources with record date <= T-1 or publication <= T),B_SEC_OFFERING,DAYS_SINCE_LAST_FINAL_PROSPECTUS,12,2026-04-01,S07,0001213900-26-038645,2026-04-01,2026-04-01T21:20:11.000Z,2026-10-08T23:10:07.602837+00:00,2026-04-01,point-in-time (filing),1,1,HIGH,,final prospectuses (424B1/B4/B5) before T: 7,7,12
ELAB,ELAB_E1,2026-04-13,POSITIVE,2026-04-13 (session date; post time unknown),America/New_York,2026-04-13 00:00 America/New_York (bars < T; sources with record date <= T-1 or publication <= T),C_BORROW,AVAILABLE_SHARES,,,S04/S05/S01,,,,,,,0,,NONE,NO_HISTORICAL_SOURCE,snapshots exist only after T,0,
ELAB,ELAB_E1,2026-04-13,POSITIVE,2026-04-13 (session date; post time unknown),America/New_York,2026-04-13 00:00 America/New_York (bars < T; sources with record date <= T-1 or publication <= T),D_SPLIT_AGE,SESSIONS_SINCE_LAST_REVERSE_SPLIT,23,2026-03-10,S06,yahoo:2026-03-10:0.16666666666666666,2026-10-08,unknown (vendor); SEC confirmation: 8-K item 5.03/3.03 within 21d: 1,2026-10-08,2026-03-10,CURRENT snapshot of historical dates,1,1,HIGH,,ratio=0.16666666666666666; reverse splits before T: 5 (raw 5); calendar days 34,5,34
ELPW,ELPW_E1,2026-01-22,POSITIVE,2026-01-22 (session date; post time unknown),America/New_York,2026-01-22 00:00 America/New_York (bars < T; sources with record date <= T-1 or publication <= T),A_FLOAT,FLOAT_SHARES,,,S01/S02/S03,,,,,,,0,,NONE,NO_RECORD_FOUND,value exists only after T (not usable),0,
ELPW,ELPW_E1,2026-01-22,POSITIVE,2026-01-22 (session date; post time unknown),America/New_York,2026-01-22 00:00 America/New_York (bars < T; sources with record date <= T-1 or publication <= T),A_FLOAT,SHARES_OUTSTANDING_DEI,58056099,2025-09-19,S07,0001493152-25-014353,2025-09-22,2025-09-22,2026-10-08T23:10:07.602837+00:00,2025-09-19,point-in-time (filed),1,1,HIGH,,20-F cover page; shares outstanding ≠ float (upper bound),1,122
ELPW,ELPW_E1,2026-01-22,POSITIVE,2026-01-22 (session date; post time unknown),America/New_York,2026-01-22 00:00 America/New_York (bars < T; sources with record date <= T-1 or publication <= T),B_SEC_OFFERING,DAYS_SINCE_LAST_OFFERING_FORM,276,2025-04-21,S07,0001641172-25-005566,2025-04-21,2025-04-22T00:28:36.000Z,2026-10-08T23:10:07.602837+00:00,2025-04-21,point-in-time (filing),1,1,HIGH,,filings before T: 49 · offering-class forms: 3 · last form S-8,3,276
ELPW,ELPW_E1,2026-01-22,POSITIVE,2026-01-22 (session date; post time unknown),America/New_York,2026-01-22 00:00 America/New_York (bars < T; sources with record date <= T-1 or publication <= T),B_SEC_OFFERING,DAYS_SINCE_LAST_FINAL_PROSPECTUS,,,S07,,,,2026-10-08T23:10:07.602837+00:00,,point-in-time (filing),1,1,HIGH,,final prospectuses (424B1/B4/B5) before T: 0,0,
ELPW,ELPW_E1,2026-01-22,POSITIVE,2026-01-22 (session date; post time unknown),America/New_York,2026-01-22 00:00 America/New_York (bars < T; sources with record date <= T-1 or publication <= T),C_BORROW,AVAILABLE_SHARES,,,S04/S05/S01,,,,,,,0,,NONE,NO_HISTORICAL_SOURCE,no snapshot source before T,0,
ELPW,ELPW_E1,2026-01-22,POSITIVE,2026-01-22 (session date; post time unknown),America/New_York,2026-01-22 00:00 America/New_York (bars < T; sources with record date <= T-1 or publication <= T),D_SPLIT_AGE,SESSIONS_SINCE_LAST_REVERSE_SPLIT,17,2025-12-26,S06,yahoo:2025-12-26:0.0625,2026-10-08,unknown (vendor); SEC confirmation: 8-K item 5.03/3.03 within 21d: 0,2026-10-08,2025-12-26,CURRENT snapshot of historical dates,0,1,MEDIUM,,ratio=0.0625; reverse splits before T: 1 (raw 1); calendar days 27,1,27
FRSX,FRSX_E1,2026-03-30,POSITIVE,2026-03-30 (session date; post time unknown),America/New_York,2026-03-30 00:00 America/New_York (bars < T; sources with record date <= T-1 or publication <= T),A_FLOAT,FLOAT_SHARES,,,S01/S02/S03,,,,,,,0,,NONE,NO_RECORD_FOUND,value exists only after T (not usable),0,
FRSX,FRSX_E1,2026-03-30,POSITIVE,2026-03-30 (session date; post time unknown),America/New_York,2026-03-30 00:00 America/New_York (bars < T; sources with record date <= T-1 or publication <= T),A_FLOAT,SHARES_OUTSTANDING_DEI,140634421,2025-12-31,S07,0001493152-26-012661,2026-03-25,2026-03-25,2026-10-08T23:10:07.602837+00:00,2025-12-31,point-in-time (filed),1,1,HIGH,,20-F cover page; shares outstanding ≠ float (upper bound),9,5
FRSX,FRSX_E1,2026-03-30,POSITIVE,2026-03-30 (session date; post time unknown),America/New_York,2026-03-30 00:00 America/New_York (bars < T; sources with record date <= T-1 or publication <= T),B_SEC_OFFERING,DAYS_SINCE_LAST_OFFERING_FORM,59,2026-01-30,S07,0001493152-26-004475,2026-01-30,2026-01-30T21:01:39.000Z,2026-10-08T23:10:07.602837+00:00,2026-01-30,point-in-time (filing),1,1,HIGH,,filings before T: 371 · offering-class forms: 29 · last form S-8,29,59
FRSX,FRSX_E1,2026-03-30,POSITIVE,2026-03-30 (session date; post time unknown),America/New_York,2026-03-30 00:00 America/New_York (bars < T; sources with record date <= T-1 or publication <= T),B_SEC_OFFERING,DAYS_SINCE_LAST_FINAL_PROSPECTUS,402,2025-02-21,S07,0001493152-25-007861,2025-02-21,2025-02-21T21:05:35.000Z,2026-10-08T23:10:07.602837+00:00,2025-02-21,point-in-time (filing),1,1,HIGH,,final prospectuses (424B1/B4/B5) before T: 13,13,402
FRSX,FRSX_E1,2026-03-30,POSITIVE,2026-03-30 (session date; post time unknown),America/New_York,2026-03-30 00:00 America/New_York (bars < T; sources with record date <= T-1 or publication <= T),C_BORROW,AVAILABLE_SHARES,,,S04/S05/S01,,,,,,,0,,NONE,NO_HISTORICAL_SOURCE,no snapshot source before T,0,
FRSX,FRSX_E1,2026-03-30,POSITIVE,2026-03-30 (session date; post time unknown),America/New_York,2026-03-30 00:00 America/New_York (bars < T; sources with record date <= T-1 or publication <= T),D_SPLIT_AGE,SESSIONS_SINCE_LAST_REVERSE_SPLIT,22,2026-02-26,S06,yahoo:2026-02-26:0.3333333333333333,2026-10-08,unknown (vendor); SEC confirmation: 8-K item 5.03/3.03 within 21d: 0,2026-10-08,2026-02-26,CURRENT snapshot of historical dates,0,1,MEDIUM,,ratio=0.3333333333333333; reverse splits before T: 3 (raw 3); calendar days 32,3,32
GCTK,GCTK_E1,2026-09-24,POSITIVE,2026-09-24 (session date; post time unknown),America/New_York,2026-09-24 00:00 America/New_York (bars < T; sources with record date <= T-1 or publication <= T),A_FLOAT,FLOAT_SHARES,636246,2026-09-23,S01,wl:dce79c03d2,2026-09-23T21:38:13,unknown (vendor),2026-09-23T21:38:13,2026-09-23,point-in-time (git),1,1,HIGH,,vendor floatShares; shares_outstanding fallback not used,15,1
GCTK,GCTK_E1,2026-09-24,POSITIVE,2026-09-24 (session date; post time unknown),America/New_York,2026-09-24 00:00 America/New_York (bars < T; sources with record date <= T-1 or publication <= T),A_FLOAT,SHARES_OUTSTANDING_DEI,10578822,2026-08-14,S07,0001493152-26-038317,2026-08-14,2026-08-14,2026-10-08T23:10:07.602837+00:00,2026-08-14,point-in-time (filed),1,1,HIGH,,10-Q cover page; shares outstanding ≠ float (upper bound),61,41
GCTK,GCTK_E1,2026-09-24,POSITIVE,2026-09-24 (session date; post time unknown),America/New_York,2026-09-24 00:00 America/New_York (bars < T; sources with record date <= T-1 or publication <= T),B_SEC_OFFERING,DAYS_SINCE_LAST_OFFERING_FORM,6,2026-09-18,S07,0001493152-26-043195,2026-09-18,2026-09-18T01:20:53.000Z,2026-10-08T23:10:07.602837+00:00,2026-09-18,point-in-time (filing),1,1,HIGH,,filings before T: 484 · offering-class forms: 57 · last form S-1,57,6
GCTK,GCTK_E1,2026-09-24,POSITIVE,2026-09-24 (session date; post time unknown),America/New_York,2026-09-24 00:00 America/New_York (bars < T; sources with record date <= T-1 or publication <= T),B_SEC_OFFERING,DAYS_SINCE_LAST_FINAL_PROSPECTUS,596,2025-02-05,S07,0001493152-25-004955,2025-02-05,2025-02-05T14:25:37.000Z,2026-10-08T23:10:07.602837+00:00,2025-02-05,point-in-time (filing),1,1,HIGH,,final prospectuses (424B1/B4/B5) before T: 5,5,596
GCTK,GCTK_E1,2026-09-24,POSITIVE,2026-09-24 (session date; post time unknown),America/New_York,2026-09-24 00:00 America/New_York (bars < T; sources with record date <= T-1 or publication <= T),C_BORROW,AVAILABLE_SHARES,60000,2026-09-23,S01,wl:dce79c03d2,2026-09-23,IBKR snapshot ≤ harvest,2026-09-23,2026-09-23,point-in-time snapshot,1,1,HIGH,,fee=200.87; snapshots before T: 14,14,1
GCTK,GCTK_E1,2026-09-24,POSITIVE,2026-09-24 (session date; post time unknown),America/New_York,2026-09-24 00:00 America/New_York (bars < T; sources with record date <= T-1 or publication <= T),D_SPLIT_AGE,SESSIONS_SINCE_LAST_REVERSE_SPLIT,17,2026-08-31,S06,yahoo:2026-08-31:0.06666666666666667,2026-10-08,unknown (vendor); SEC confirmation: 8-K item 5.03/3.03 within 21d: 1,2026-10-08,2026-08-31,CURRENT snapshot of historical dates,1,1,HIGH,,ratio=0.06666666666666667; reverse splits before T: 5 (raw 5); calendar days 24,5,24
HUBC,HUBC_E1,2026-04-24,POSITIVE,2026-04-24 (session date; post time unknown),America/New_York,2026-04-24 00:00 America/New_York (bars < T; sources with record date <= T-1 or publication <= T),A_FLOAT,FLOAT_SHARES,,,S01/S02/S03,,,,,,,0,,NONE,NO_RECORD_FOUND,value exists only after T (not usable),0,
HUBC,HUBC_E1,2026-04-24,POSITIVE,2026-04-24 (session date; post time unknown),America/New_York,2026-04-24 00:00 America/New_York (bars < T; sources with record date <= T-1 or publication <= T),A_FLOAT,SHARES_OUTSTANDING_DEI,10047296,2025-04-28,S07,0001213900-25-038038,2025-05-01,2025-05-01,2026-10-08T23:10:07.602837+00:00,2025-04-28,point-in-time (filed),1,1,HIGH,,20-F cover page; shares outstanding ≠ float (upper bound),4,358
HUBC,HUBC_E1,2026-04-24,POSITIVE,2026-04-24 (session date; post time unknown),America/New_York,2026-04-24 00:00 America/New_York (bars < T; sources with record date <= T-1 or publication <= T),B_SEC_OFFERING,DAYS_SINCE_LAST_OFFERING_FORM,233,2025-09-03,S07,0001213900-25-083622,2025-09-03,2025-09-02T23:43:22.000Z,2026-10-08T23:10:07.602837+00:00,2025-09-03,point-in-time (filing),1,1,HIGH,,filings before T: 160 · offering-class forms: 6 · last form F-1,6,233
HUBC,HUBC_E1,2026-04-24,POSITIVE,2026-04-24 (session date; post time unknown),America/New_York,2026-04-24 00:00 America/New_York (bars < T; sources with record date <= T-1 or publication <= T),B_SEC_OFFERING,DAYS_SINCE_LAST_FINAL_PROSPECTUS,,,S07,,,,2026-10-08T23:10:07.602837+00:00,,point-in-time (filing),1,1,HIGH,,final prospectuses (424B1/B4/B5) before T: 0,0,
HUBC,HUBC_E1,2026-04-24,POSITIVE,2026-04-24 (session date; post time unknown),America/New_York,2026-04-24 00:00 America/New_York (bars < T; sources with record date <= T-1 or publication <= T),C_BORROW,AVAILABLE_SHARES,,,S04/S05/S01,,,,,,,0,,NONE,NO_HISTORICAL_SOURCE,no snapshot source before T,0,
HUBC,HUBC_E1,2026-04-24,POSITIVE,2026-04-24 (session date; post time unknown),America/New_York,2026-04-24 00:00 America/New_York (bars < T; sources with record date <= T-1 or publication <= T),D_SPLIT_AGE,SESSIONS_SINCE_LAST_REVERSE_SPLIT,4,2026-04-20,S06,yahoo:2026-04-20:0.02,2026-10-08,unknown (vendor); SEC confirmation: 8-K item 5.03/3.03 within 21d: 0,2026-10-08,2026-04-20,CURRENT snapshot of historical dates,0,1,MEDIUM,,ratio=0.02; reverse splits before T: 4 (raw 4); calendar days 4,4,4
IPDN,IPDN_E1,2026-09-23,POSITIVE,2026-09-23 (session date; post time unknown),America/New_York,2026-09-23 00:00 America/New_York (bars < T; sources with record date <= T-1 or publication <= T),A_FLOAT,FLOAT_SHARES,,,S01/S02/S03,,,,,,,0,,NONE,NO_RECORD_FOUND,value exists only after T (not usable),0,
IPDN,IPDN_E1,2026-09-23,POSITIVE,2026-09-23 (session date; post time unknown),America/New_York,2026-09-23 00:00 America/New_York (bars < T; sources with record date <= T-1 or publication <= T),A_FLOAT,SHARES_OUTSTANDING_DEI,14450323,2026-08-14,S07,0001437749-26-027832,2026-08-14,2026-08-14,2026-10-08T23:10:07.602837+00:00,2026-08-14,point-in-time (filed),1,1,HIGH,,10-Q cover page; shares outstanding ≠ float (upper bound),54,40
IPDN,IPDN_E1,2026-09-23,POSITIVE,2026-09-23 (session date; post time unknown),America/New_York,2026-09-23 00:00 America/New_York (bars < T; sources with record date <= T-1 or publication <= T),B_SEC_OFFERING,DAYS_SINCE_LAST_OFFERING_FORM,41,2026-08-13,S07,0001437749-26-027508,2026-08-13,2026-08-13T17:44:25.000Z,2026-10-08T23:10:07.602837+00:00,2026-08-13,point-in-time (filing),1,1,HIGH,,filings before T: 688 · offering-class forms: 57 · last form 424B4,57,41
IPDN,IPDN_E1,2026-09-23,POSITIVE,2026-09-23 (session date; post time unknown),America/New_York,2026-09-23 00:00 America/New_York (bars < T; sources with record date <= T-1 or publication <= T),B_SEC_OFFERING,DAYS_SINCE_LAST_FINAL_PROSPECTUS,41,2026-08-13,S07,0001437749-26-027508,2026-08-13,2026-08-13T17:44:25.000Z,2026-10-08T23:10:07.602837+00:00,2026-08-13,point-in-time (filing),1,1,HIGH,,final prospectuses (424B1/B4/B5) before T: 9,9,41
IPDN,IPDN_E1,2026-09-23,POSITIVE,2026-09-23 (session date; post time unknown),America/New_York,2026-09-23 00:00 America/New_York (bars < T; sources with record date <= T-1 or publication <= T),C_BORROW,AVAILABLE_SHARES,,,S04/S05/S01,,,,,,,0,,NONE,NO_RECORD_FOUND,snapshots exist only after T,0,
IPDN,IPDN_E1,2026-09-23,POSITIVE,2026-09-23 (session date; post time unknown),America/New_York,2026-09-23 00:00 America/New_York (bars < T; sources with record date <= T-1 or publication <= T),D_SPLIT_AGE,SESSIONS_SINCE_LAST_REVERSE_SPLIT,7,2026-09-14,S06,yahoo:2026-09-14:0.03333333333333333,2026-10-08,unknown (vendor); SEC confirmation: 8-K item 5.03/3.03 within 21d: 1,2026-10-08,2026-09-14,CURRENT snapshot of historical dates,1,1,HIGH,,ratio=0.03333333333333333; reverse splits before T: 4 (raw 4); calendar days 9,4,9
LABT,LABT_E1,2026-07-27,POSITIVE,2026-07-27 (session date; post time unknown),America/New_York,2026-07-27 00:00 America/New_York (bars < T; sources with record date <= T-1 or publication <= T),A_FLOAT,FLOAT_SHARES,,,S01/S02/S03,,,,,,,0,,NONE,NO_HISTORICAL_SOURCE,no bot record,0,
LABT,LABT_E1,2026-07-27,POSITIVE,2026-07-27 (session date; post time unknown),America/New_York,2026-07-27 00:00 America/New_York (bars < T; sources with record date <= T-1 or publication <= T),A_FLOAT,SHARES_OUTSTANDING_DEI,6995469,2026-03-31,S07,0001213900-26-060640,2026-05-22,2026-05-22,2026-10-08T23:10:07.602837+00:00,2026-03-31,point-in-time (filed),1,1,HIGH,,10-Q cover page; shares outstanding ≠ float (upper bound),1,66
LABT,LABT_E1,2026-07-27,POSITIVE,2026-07-27 (session date; post time unknown),America/New_York,2026-07-27 00:00 America/New_York (bars < T; sources with record date <= T-1 or publication <= T),B_SEC_OFFERING,DAYS_SINCE_LAST_OFFERING_FORM,35,2026-06-22,S07,0001213900-26-070622,2026-06-22,2026-06-22T20:11:56.000Z,2026-10-08T23:10:07.602837+00:00,2026-06-22,point-in-time (filing),1,1,HIGH,,filings before T: 33 · offering-class forms: 16 · last form 424B3,16,35
LABT,LABT_E1,2026-07-27,POSITIVE,2026-07-27 (session date; post time unknown),America/New_York,2026-07-27 00:00 America/New_York (bars < T; sources with record date <= T-1 or publication <= T),B_SEC_OFFERING,DAYS_SINCE_LAST_FINAL_PROSPECTUS,74,2026-05-14,S07,0001213900-26-056648,2026-05-14,2026-05-14T20:18:14.000Z,2026-10-08T23:10:07.602837+00:00,2026-05-14,point-in-time (filing),1,1,HIGH,,final prospectuses (424B1/B4/B5) before T: 2,2,74
LABT,LABT_E1,2026-07-27,POSITIVE,2026-07-27 (session date; post time unknown),America/New_York,2026-07-27 00:00 America/New_York (bars < T; sources with record date <= T-1 or publication <= T),C_BORROW,AVAILABLE_SHARES,,,S04/S05/S01,,,,,,,0,,NONE,NO_HISTORICAL_SOURCE,snapshots exist only after T,0,
LABT,LABT_E1,2026-07-27,POSITIVE,2026-07-27 (session date; post time unknown),America/New_York,2026-07-27 00:00 America/New_York (bars < T; sources with record date <= T-1 or publication <= T),D_SPLIT_AGE,SESSIONS_SINCE_LAST_REVERSE_SPLIT,24,2026-06-22,S06,yahoo:2026-06-22:0.1,2026-10-08,unknown (vendor); SEC confirmation: 8-K item 5.03/3.03 within 21d: 1,2026-10-08,2026-06-22,CURRENT snapshot of historical dates,1,1,HIGH,,ratio=0.1; reverse splits before T: 1 (raw 1); calendar days 35,1,35
LIMN,LIMN_E1,2026-09-22,POSITIVE,2026-09-22 (session date; post time unknown),America/New_York,2026-09-22 00:00 America/New_York (bars < T; sources with record date <= T-1 or publication <= T),A_FLOAT,FLOAT_SHARES,919251,2026-09-15,S01,wl:98d679a04e,2026-09-15T01:03:27,unknown (vendor),2026-09-15T01:03:27,2026-09-15,point-in-time (git),1,1,HIGH,,vendor floatShares; shares_outstanding fallback not used,14,7
LIMN,LIMN_E1,2026-09-22,POSITIVE,2026-09-22 (session date; post time unknown),America/New_York,2026-09-22 00:00 America/New_York (bars < T; sources with record date <= T-1 or publication <= T),A_FLOAT,SHARES_OUTSTANDING_DEI,67160362,2026-08-14,S07,0001104659-26-097304,2026-08-14,2026-08-14,2026-10-08T23:10:07.602837+00:00,2026-08-14,point-in-time (filed),1,1,HIGH,,10-Q cover page; shares outstanding ≠ float (upper bound),6,39
LIMN,LIMN_E1,2026-09-22,POSITIVE,2026-09-22 (session date; post time unknown),America/New_York,2026-09-22 00:00 America/New_York (bars < T; sources with record date <= T-1 or publication <= T),B_SEC_OFFERING,DAYS_SINCE_LAST_OFFERING_FORM,90,2026-06-24,S07,0001104659-26-076958,2026-06-24,2026-06-24T01:28:29.000Z,2026-10-08T23:10:07.602837+00:00,2026-06-24,point-in-time (filing),1,1,HIGH,,filings before T: 107 · offering-class forms: 13 · last form S-1,13,90
LIMN,LIMN_E1,2026-09-22,POSITIVE,2026-09-22 (session date; post time unknown),America/New_York,2026-09-22 00:00 America/New_York (bars < T; sources with record date <= T-1 or publication <= T),B_SEC_OFFERING,DAYS_SINCE_LAST_FINAL_PROSPECTUS,216,2026-02-18,S07,0001104659-26-016706,2026-02-18,2026-02-18T11:02:10.000Z,2026-10-08T23:10:07.602837+00:00,2026-02-18,point-in-time (filing),1,1,HIGH,,final prospectuses (424B1/B4/B5) before T: 1,1,216
LIMN,LIMN_E1,2026-09-22,POSITIVE,2026-09-22 (session date; post time unknown),America/New_York,2026-09-22 00:00 America/New_York (bars < T; sources with record date <= T-1 or publication <= T),C_BORROW,AVAILABLE_SHARES,10000,2026-09-15,S01,wl:98d679a04e,2026-09-15,IBKR snapshot ≤ harvest,2026-09-15,2026-09-15,point-in-time snapshot,1,1,HIGH,,fee=37.91; snapshots before T: 13,13,7
LIMN,LIMN_E1,2026-09-22,POSITIVE,2026-09-22 (session date; post time unknown),America/New_York,2026-09-22 00:00 America/New_York (bars < T; sources with record date <= T-1 or publication <= T),D_SPLIT_AGE,SESSIONS_SINCE_LAST_REVERSE_SPLIT,21,2026-08-21,S06,yahoo:2026-08-21:0.02,2026-10-08,unknown (vendor); SEC confirmation: 8-K item 5.03/3.03 within 21d: 1,2026-10-08,2026-08-21,CURRENT snapshot of historical dates,1,1,HIGH,,ratio=0.02; reverse splits before T: 1 (raw 1); calendar days 32,1,32
MI,MI_E1,2026-09-28,POSITIVE,2026-09-28 (session date; post time unknown),America/New_York,2026-09-28 00:00 America/New_York (bars < T; sources with record date <= T-1 or publication <= T),A_FLOAT,FLOAT_SHARES,,,S01/S02/S03,,,,,,,0,,NONE,NO_HISTORICAL_SOURCE,no bot record,0,
MI,MI_E1,2026-09-28,POSITIVE,2026-09-28 (session date; post time unknown),America/New_York,2026-09-28 00:00 America/New_York (bars < T; sources with record date <= T-1 or publication <= T),B_SEC_OFFERING,OFFERING_STATUS_AS_OF_DECISION,,,S07,,,,2026-10-08T23:10:07.602837+00:00,,,0,,NONE,IDENTIFIER_UNRESOLVED,no record,0,
MI,MI_E1,2026-09-28,POSITIVE,2026-09-28 (session date; post time unknown),America/New_York,2026-09-28 00:00 America/New_York (bars < T; sources with record date <= T-1 or publication <= T),C_BORROW,AVAILABLE_SHARES,,,S04/S05/S01,,,,,,,0,,NONE,NO_HISTORICAL_SOURCE,no snapshot source before T,0,
MI,MI_E1,2026-09-28,POSITIVE,2026-09-28 (session date; post time unknown),America/New_York,2026-09-28 00:00 America/New_York (bars < T; sources with record date <= T-1 or publication <= T),D_SPLIT_AGE,SESSIONS_SINCE_LAST_REVERSE_SPLIT,,,S06,,2026-10-08,,2026-10-08,,CURRENT,0,,NONE,NOT_COLLECTED,symbol not in the splits snapshot,0,
MNDR,MNDR_E1,2026-07-31,POSITIVE,2026-07-31 (session date; post time unknown),America/New_York,2026-07-31 00:00 America/New_York (bars < T; sources with record date <= T-1 or publication <= T),A_FLOAT,FLOAT_SHARES,,,S01/S02/S03,,,,,,,0,,NONE,NO_RECORD_FOUND,value exists only after T (not usable),0,
MNDR,MNDR_E1,2026-07-31,POSITIVE,2026-07-31 (session date; post time unknown),America/New_York,2026-07-31 00:00 America/New_York (bars < T; sources with record date <= T-1 or publication <= T),A_FLOAT,SHARES_OUTSTANDING_DEI,885796,2025-06-30,S07,0001493152-26-015797,2026-04-09,2026-04-09,2026-10-08T23:10:07.602837+00:00,2025-06-30,point-in-time (filed),1,1,HIGH,,20-F cover page; shares outstanding ≠ float (upper bound),2,113
MNDR,MNDR_E1,2026-07-31,POSITIVE,2026-07-31 (session date; post time unknown),America/New_York,2026-07-31 00:00 America/New_York (bars < T; sources with record date <= T-1 or publication <= T),B_SEC_OFFERING,DAYS_SINCE_LAST_OFFERING_FORM,86,2026-05-06,S07,0001493152-26-021421,2026-05-06,2026-05-06T12:45:24.000Z,2026-10-08T23:10:07.602837+00:00,2026-05-06,point-in-time (filing),1,1,HIGH,,filings before T: 119 · offering-class forms: 28 · last form 424B3,28,86
MNDR,MNDR_E1,2026-07-31,POSITIVE,2026-07-31 (session date; post time unknown),America/New_York,2026-07-31 00:00 America/New_York (bars < T; sources with record date <= T-1 or publication <= T),B_SEC_OFFERING,DAYS_SINCE_LAST_FINAL_PROSPECTUS,235,2025-12-08,S07,0001493152-25-026569,2025-12-08,2025-12-08T16:50:38.000Z,2026-10-08T23:10:07.602837+00:00,2025-12-08,point-in-time (filing),1,1,HIGH,,final prospectuses (424B1/B4/B5) before T: 7,7,235
MNDR,MNDR_E1,2026-07-31,POSITIVE,2026-07-31 (session date; post time unknown),America/New_York,2026-07-31 00:00 America/New_York (bars < T; sources with record date <= T-1 or publication <= T),C_BORROW,AVAILABLE_SHARES,,,S04/S05/S01,,,,,,,0,,NONE,NO_RECORD_FOUND,snapshots exist only after T,0,
MNDR,MNDR_E1,2026-07-31,POSITIVE,2026-07-31 (session date; post time unknown),America/New_York,2026-07-31 00:00 America/New_York (bars < T; sources with record date <= T-1 or publication <= T),D_SPLIT_AGE,SESSIONS_SINCE_LAST_REVERSE_SPLIT,23,2026-06-29,S06,yahoo:2026-06-29:0.16666666666666666,2026-10-08,unknown (vendor); SEC confirmation: 8-K item 5.03/3.03 within 21d: 0,2026-10-08,2026-06-29,CURRENT snapshot of historical dates,0,1,MEDIUM,,ratio=0.16666666666666666; reverse splits before T: 3 (raw 3); calendar days 32,3,32
MSGY,MSGY_E1,2026-09-14,POSITIVE,2026-09-14 (session date; post time unknown),America/New_York,2026-09-14 00:00 America/New_York (bars < T; sources with record date <= T-1 or publication <= T),A_FLOAT,FLOAT_SHARES,,,S01/S02/S03,,,,,,,0,,NONE,NO_RECORD_FOUND,value exists only after T (not usable),0,
MSGY,MSGY_E1,2026-09-14,POSITIVE,2026-09-14 (session date; post time unknown),America/New_York,2026-09-14 00:00 America/New_York (bars < T; sources with record date <= T-1 or publication <= T),A_FLOAT,SHARES_OUTSTANDING_DEI,16957000,2026-03-31,S07,0001213900-26-083085,2026-07-30,2026-07-30,2026-10-08T23:10:07.602837+00:00,2026-03-31,point-in-time (filed),1,1,HIGH,,20-F cover page; shares outstanding ≠ float (upper bound),2,46
MSGY,MSGY_E1,2026-09-14,POSITIVE,2026-09-14 (session date; post time unknown),America/New_York,2026-09-14 00:00 America/New_York (bars < T; sources with record date <= T-1 or publication <= T),B_SEC_OFFERING,DAYS_SINCE_LAST_OFFERING_FORM,278,2025-12-10,S07,0001213900-25-119934,2025-12-10,2025-12-10T20:51:17.000Z,2026-10-08T23:10:07.602837+00:00,2025-12-10,point-in-time (filing),1,1,HIGH,,filings before T: 51 · offering-class forms: 11 · last form S-8,11,278
MSGY,MSGY_E1,2026-09-14,POSITIVE,2026-09-14 (session date; post time unknown),America/New_York,2026-09-14 00:00 America/New_York (bars < T; sources with record date <= T-1 or publication <= T),B_SEC_OFFERING,DAYS_SINCE_LAST_FINAL_PROSPECTUS,433,2025-07-08,S07,0001213900-25-062117,2025-07-08,2025-07-09T01:20:45.000Z,2026-10-08T23:10:07.602837+00:00,2025-07-08,point-in-time (filing),1,1,HIGH,,final prospectuses (424B1/B4/B5) before T: 1,1,433
MSGY,MSGY_E1,2026-09-14,POSITIVE,2026-09-14 (session date; post time unknown),America/New_York,2026-09-14 00:00 America/New_York (bars < T; sources with record date <= T-1 or publication <= T),C_BORROW,AVAILABLE_SHARES,,,S04/S05/S01,,,,,,,0,,NONE,NO_HISTORICAL_SOURCE,no snapshot source before T,0,
MSGY,MSGY_E1,2026-09-14,POSITIVE,2026-09-14 (session date; post time unknown),America/New_York,2026-09-14 00:00 America/New_York (bars < T; sources with record date <= T-1 or publication <= T),D_SPLIT_AGE,SESSIONS_SINCE_LAST_REVERSE_SPLIT,23,2026-08-11,S06,yahoo:2026-08-11:0.125,2026-10-08,unknown (vendor); SEC confirmation: 8-K item 5.03/3.03 within 21d: 0,2026-10-08,2026-08-11,CURRENT snapshot of historical dates,0,1,MEDIUM,,ratio=0.125; reverse splits before T: 1 (raw 1); calendar days 34,1,34
NRSN,NRSN_E1,2026-09-28,POSITIVE,2026-09-28 (session date; post time unknown),America/New_York,2026-09-28 00:00 America/New_York (bars < T; sources with record date <= T-1 or publication <= T),A_FLOAT,FLOAT_SHARES,,,S01/S02/S03,,,,,,,0,,NONE,NO_RECORD_FOUND,value exists only after T (not usable),0,
NRSN,NRSN_E1,2026-09-28,POSITIVE,2026-09-28 (session date; post time unknown),America/New_York,2026-09-28 00:00 America/New_York (bars < T; sources with record date <= T-1 or publication <= T),A_FLOAT,SHARES_OUTSTANDING_DEI,32557174,2025-12-31,S07,0001213900-26-036970,2026-03-31,2026-03-31,2026-10-08T23:10:07.602837+00:00,2025-12-31,point-in-time (filed),1,1,HIGH,,20-F cover page; shares outstanding ≠ float (upper bound),5,181
NRSN,NRSN_E1,2026-09-28,POSITIVE,2026-09-28 (session date; post time unknown),America/New_York,2026-09-28 00:00 America/New_York (bars < T; sources with record date <= T-1 or publication <= T),B_SEC_OFFERING,DAYS_SINCE_LAST_OFFERING_FORM,59,2026-07-31,S07,9999999995-26-002505,2026-07-31,2026-08-03T04:15:07.000Z,2026-10-08T23:10:07.602837+00:00,2026-07-31,point-in-time (filing),1,1,HIGH,,filings before T: 309 · offering-class forms: 60 · last form EFFECT,60,59
NRSN,NRSN_E1,2026-09-28,POSITIVE,2026-09-28 (session date; post time unknown),America/New_York,2026-09-28 00:00 America/New_York (bars < T; sources with record date <= T-1 or publication <= T),B_SEC_OFFERING,DAYS_SINCE_LAST_FINAL_PROSPECTUS,416,2025-08-08,S07,0001213900-25-073671,2025-08-08,2025-08-08T20:15:22.000Z,2026-10-08T23:10:07.602837+00:00,2025-08-08,point-in-time (filing),1,1,HIGH,,final prospectuses (424B1/B4/B5) before T: 8,8,416
NRSN,NRSN_E1,2026-09-28,POSITIVE,2026-09-28 (session date; post time unknown),America/New_York,2026-09-28 00:00 America/New_York (bars < T; sources with record date <= T-1 or publication <= T),C_BORROW,AVAILABLE_SHARES,,,S04/S05/S01,,,,,,,0,,NONE,NO_HISTORICAL_SOURCE,no snapshot source before T,0,
NRSN,NRSN_E1,2026-09-28,POSITIVE,2026-09-28 (session date; post time unknown),America/New_York,2026-09-28 00:00 America/New_York (bars < T; sources with record date <= T-1 or publication <= T),D_SPLIT_AGE,SESSIONS_SINCE_LAST_REVERSE_SPLIT,10,2026-09-14,S06,yahoo:2026-09-14:0.05,2026-10-08,unknown (vendor); SEC confirmation: 8-K item 5.03/3.03 within 21d: 0,2026-10-08,2026-09-14,CURRENT snapshot of historical dates,0,1,MEDIUM,,ratio=0.05; reverse splits before T: 1 (raw 1); calendar days 14,1,14
NUWE,NUWE_E1,2026-07-28,POSITIVE,2026-07-28 (session date; post time unknown),America/New_York,2026-07-28 00:00 America/New_York (bars < T; sources with record date <= T-1 or publication <= T),A_FLOAT,FLOAT_SHARES,,,S01/S02/S03,,,,,,,0,,NONE,NO_RECORD_FOUND,value exists only after T (not usable),0,
NUWE,NUWE_E1,2026-07-28,POSITIVE,2026-07-28 (session date; post time unknown),America/New_York,2026-07-28 00:00 America/New_York (bars < T; sources with record date <= T-1 or publication <= T),A_FLOAT,SHARES_OUTSTANDING_DEI,2680752,2026-05-11,S07,0001140361-26-021649,2026-05-15,2026-05-15,2026-10-08T23:10:07.602837+00:00,2026-05-11,point-in-time (filed),1,1,HIGH,,10-Q cover page; shares outstanding ≠ float (upper bound),57,74
NUWE,NUWE_E1,2026-07-28,POSITIVE,2026-07-28 (session date; post time unknown),America/New_York,2026-07-28 00:00 America/New_York (bars < T; sources with record date <= T-1 or publication <= T),B_SEC_OFFERING,DAYS_SINCE_LAST_OFFERING_FORM,50,2026-06-08,S07,0001140361-26-024372,2026-06-08,2026-06-08T13:03:34.000Z,2026-10-08T23:10:07.602837+00:00,2026-06-08,point-in-time (filing),1,1,HIGH,,filings before T: 1072 · offering-class forms: 161 · last form 424B4,161,50
NUWE,NUWE_E1,2026-07-28,POSITIVE,2026-07-28 (session date; post time unknown),America/New_York,2026-07-28 00:00 America/New_York (bars < T; sources with record date <= T-1 or publication <= T),B_SEC_OFFERING,DAYS_SINCE_LAST_FINAL_PROSPECTUS,50,2026-06-08,S07,0001140361-26-024372,2026-06-08,2026-06-08T13:03:34.000Z,2026-10-08T23:10:07.602837+00:00,2026-06-08,point-in-time (filing),1,1,HIGH,,final prospectuses (424B1/B4/B5) before T: 44,44,50
NUWE,NUWE_E1,2026-07-28,POSITIVE,2026-07-28 (session date; post time unknown),America/New_York,2026-07-28 00:00 America/New_York (bars < T; sources with record date <= T-1 or publication <= T),C_BORROW,AVAILABLE_SHARES,,,S04/S05/S01,,,,,,,0,,NONE,NO_HISTORICAL_SOURCE,no snapshot source before T,0,
NUWE,NUWE_E1,2026-07-28,POSITIVE,2026-07-28 (session date; post time unknown),America/New_York,2026-07-28 00:00 America/New_York (bars < T; sources with record date <= T-1 or publication <= T),D_SPLIT_AGE,SESSIONS_SINCE_LAST_REVERSE_SPLIT,21,2026-06-26,S06,yahoo:2026-06-26:0.02857142857142857,2026-10-08,unknown (vendor); SEC confirmation: 8-K item 5.03/3.03 within 21d: 1,2026-10-08,2026-06-26,CURRENT snapshot of historical dates,1,1,HIGH,,ratio=0.02857142857142857; reverse splits before T: 8 (raw 8); calendar days 32,8,32
OMH,OMH_E1,2026-09-28,POSITIVE,2026-09-28 (session date; post time unknown),America/New_York,2026-09-28 00:00 America/New_York (bars < T; sources with record date <= T-1 or publication <= T),A_FLOAT,FLOAT_SHARES,,,S01/S02/S03,,,,,,,0,,NONE,NO_RECORD_FOUND,value exists only after T (not usable),0,
OMH,OMH_E1,2026-09-28,POSITIVE,2026-09-28 (session date; post time unknown),America/New_York,2026-09-28 00:00 America/New_York (bars < T; sources with record date <= T-1 or publication <= T),A_FLOAT,SHARES_OUTSTANDING_DEI,22259591,2025-12-31,S07,0001213900-26-048586,2026-04-28,2026-04-28,2026-10-08T23:10:07.602837+00:00,2025-12-31,point-in-time (filed),1,1,HIGH,,20-F cover page; shares outstanding ≠ float (upper bound),5,153
OMH,OMH_E1,2026-09-28,POSITIVE,2026-09-28 (session date; post time unknown),America/New_York,2026-09-28 00:00 America/New_York (bars < T; sources with record date <= T-1 or publication <= T),B_SEC_OFFERING,DAYS_SINCE_LAST_OFFERING_FORM,62,2026-07-28,S07,0001213900-26-082050,2026-07-28,2026-07-28T18:00:37.000Z,2026-10-08T23:10:07.602837+00:00,2026-07-28,point-in-time (filing),1,1,HIGH,,filings before T: 130 · offering-class forms: 22 · last form 424B5,22,62
OMH,OMH_E1,2026-09-28,POSITIVE,2026-09-28 (session date; post time unknown),America/New_York,2026-09-28 00:00 America/New_York (bars < T; sources with record date <= T-1 or publication <= T),B_SEC_OFFERING,DAYS_SINCE_LAST_FINAL_PROSPECTUS,62,2026-07-28,S07,0001213900-26-082050,2026-07-28,2026-07-28T18:00:37.000Z,2026-10-08T23:10:07.602837+00:00,2026-07-28,point-in-time (filing),1,1,HIGH,,final prospectuses (424B1/B4/B5) before T: 6,6,62
OMH,OMH_E1,2026-09-28,POSITIVE,2026-09-28 (session date; post time unknown),America/New_York,2026-09-28 00:00 America/New_York (bars < T; sources with record date <= T-1 or publication <= T),C_BORROW,AVAILABLE_SHARES,,,S04/S05/S01,,,,,,,0,,NONE,NO_HISTORICAL_SOURCE,no snapshot source before T,0,
OMH,OMH_E1,2026-09-28,POSITIVE,2026-09-28 (session date; post time unknown),America/New_York,2026-09-28 00:00 America/New_York (bars < T; sources with record date <= T-1 or publication <= T),D_SPLIT_AGE,SESSIONS_SINCE_LAST_REVERSE_SPLIT,19,2026-08-31,S06,yahoo:2026-08-31:0.02,2026-10-08,unknown (vendor); SEC confirmation: 8-K item 5.03/3.03 within 21d: 0,2026-10-08,2026-08-31,CURRENT snapshot of historical dates,0,1,MEDIUM,,ratio=0.02; reverse splits before T: 1 (raw 1); calendar days 28,1,28
ONCO,ONCO_E1,2026-07-27,POSITIVE,2026-07-27 (session date; post time unknown),America/New_York,2026-07-27 00:00 America/New_York (bars < T; sources with record date <= T-1 or publication <= T),A_FLOAT,FLOAT_SHARES,,,S01/S02/S03,,,,,,,0,,NONE,NO_RECORD_FOUND,value exists only after T (not usable),0,
ONCO,ONCO_E1,2026-07-27,POSITIVE,2026-07-27 (session date; post time unknown),America/New_York,2026-07-27 00:00 America/New_York (bars < T; sources with record date <= T-1 or publication <= T),A_FLOAT,SHARES_OUTSTANDING_DEI,11464572,2026-05-12,S07,0001213900-26-055483,2026-05-13,2026-05-13,2026-10-08T23:10:07.602837+00:00,2026-05-12,point-in-time (filed),1,1,HIGH,,10-Q cover page; shares outstanding ≠ float (upper bound),17,75
ONCO,ONCO_E1,2026-07-27,POSITIVE,2026-07-27 (session date; post time unknown),America/New_York,2026-07-27 00:00 America/New_York (bars < T; sources with record date <= T-1 or publication <= T),B_SEC_OFFERING,DAYS_SINCE_LAST_OFFERING_FORM,40,2026-06-17,S07,0001213900-26-069508,2026-06-17,2026-06-17T19:24:43.000Z,2026-10-08T23:10:07.602837+00:00,2026-06-17,point-in-time (filing),1,1,HIGH,,filings before T: 375 · offering-class forms: 60 · last form 424B3,60,40
ONCO,ONCO_E1,2026-07-27,POSITIVE,2026-07-27 (session date; post time unknown),America/New_York,2026-07-27 00:00 America/New_York (bars < T; sources with record date <= T-1 or publication <= T),B_SEC_OFFERING,DAYS_SINCE_LAST_FINAL_PROSPECTUS,619,2024-11-15,S07,0001213900-24-098814,2024-11-15,2024-11-15T20:45:09.000Z,2026-10-08T23:10:07.602837+00:00,2024-11-15,point-in-time (filing),1,1,HIGH,,final prospectuses (424B1/B4/B5) before T: 5,5,619
ONCO,ONCO_E1,2026-07-27,POSITIVE,2026-07-27 (session date; post time unknown),America/New_York,2026-07-27 00:00 America/New_York (bars < T; sources with record date <= T-1 or publication <= T),C_BORROW,AVAILABLE_SHARES,,,S04/S05/S01,,,,,,,0,,NONE,NO_HISTORICAL_SOURCE,snapshots exist only after T,0,
ONCO,ONCO_E1,2026-07-27,POSITIVE,2026-07-27 (session date; post time unknown),America/New_York,2026-07-27 00:00 America/New_York (bars < T; sources with record date <= T-1 or publication <= T),D_SPLIT_AGE,SESSIONS_SINCE_LAST_REVERSE_SPLIT,44,2026-05-21,S06,yahoo:2026-05-21:0.1,2026-10-08,unknown (vendor); SEC confirmation: 8-K item 5.03/3.03 within 21d: 1,2026-10-08,2026-05-21,CURRENT snapshot of historical dates,1,1,HIGH,,ratio=0.1; reverse splits before T: 4 (raw 4); calendar days 67,4,67
PIII,PIII_E1,2026-05-18,POSITIVE,2026-05-18 (session date; post time unknown),America/New_York,2026-05-18 00:00 America/New_York (bars < T; sources with record date <= T-1 or publication <= T),A_FLOAT,FLOAT_SHARES,,,S01/S02/S03,,,,,,,0,,NONE,NO_HISTORICAL_SOURCE,no bot record,0,
PIII,PIII_E1,2026-05-18,POSITIVE,2026-05-18 (session date; post time unknown),America/New_York,2026-05-18 00:00 America/New_York (bars < T; sources with record date <= T-1 or publication <= T),A_FLOAT,SHARES_OUTSTANDING_DEI,,,S07,,,,2026-10-08T23:10:07.602837+00:00,,,0,,NONE,NO_RECORD_FOUND,no dei:EntityCommonStockSharesOutstanding filed before T (foreign filers lack it),0,
PIII,PIII_E1,2026-05-18,POSITIVE,2026-05-18 (session date; post time unknown),America/New_York,2026-05-18 00:00 America/New_York (bars < T; sources with record date <= T-1 or publication <= T),B_SEC_OFFERING,DAYS_SINCE_LAST_OFFERING_FORM,45,2026-04-03,S07,0001832511-26-000015,2026-04-03,2026-04-03T20:50:32.000Z,2026-10-08T23:10:07.602837+00:00,2026-04-03,point-in-time (filing),1,1,HIGH,,filings before T: 389 · offering-class forms: 52 · last form S-8,52,45
PIII,PIII_E1,2026-05-18,POSITIVE,2026-05-18 (session date; post time unknown),America/New_York,2026-05-18 00:00 America/New_York (bars < T; sources with record date <= T-1 or publication <= T),B_SEC_OFFERING,DAYS_SINCE_LAST_FINAL_PROSPECTUS,1922,2021-02-11,S07,0001193125-21-038655,2021-02-11,2021-02-11T22:01:35.000Z,2026-10-08T23:10:07.602837+00:00,2021-02-11,point-in-time (filing),1,1,HIGH,,final prospectuses (424B1/B4/B5) before T: 1,1,1922
PIII,PIII_E1,2026-05-18,POSITIVE,2026-05-18 (session date; post time unknown),America/New_York,2026-05-18 00:00 America/New_York (bars < T; sources with record date <= T-1 or publication <= T),C_BORROW,AVAILABLE_SHARES,,,S04/S05/S01,,,,,,,0,,NONE,NO_HISTORICAL_SOURCE,no snapshot source before T,0,
PIII,PIII_E1,2026-05-18,POSITIVE,2026-05-18 (session date; post time unknown),America/New_York,2026-05-18 00:00 America/New_York (bars < T; sources with record date <= T-1 or publication <= T),D_SPLIT_AGE,SESSIONS_SINCE_LAST_REVERSE_SPLIT,274,2025-04-14,S06,yahoo:2025-04-14:0.02,2026-10-08,unknown (vendor); SEC confirmation: 8-K item 5.03/3.03 within 21d: 1,2026-10-08,2025-04-14,CURRENT snapshot of historical dates,1,1,HIGH,,ratio=0.02; reverse splits before T: 1 (raw 1); calendar days 399,1,399
PPBT,PPBT_E1,2026-09-04,POSITIVE,2026-09-04 (session date; post time unknown),America/New_York,2026-09-04 00:00 America/New_York (bars < T; sources with record date <= T-1 or publication <= T),A_FLOAT,FLOAT_SHARES,,,S01/S02/S03,,,,,,,0,,NONE,NO_HISTORICAL_SOURCE,no bot record,0,
PPBT,PPBT_E1,2026-09-04,POSITIVE,2026-09-04 (session date; post time unknown),America/New_York,2026-09-04 00:00 America/New_York (bars < T; sources with record date <= T-1 or publication <= T),A_FLOAT,SHARES_OUTSTANDING_DEI,1858911801,2025-12-31,S07,0001213900-26-031365,2026-03-19,2026-03-19,2026-10-08T23:10:07.602837+00:00,2025-12-31,point-in-time (filed),1,1,HIGH,,20-F cover page; shares outstanding ≠ float (upper bound),9,169
PPBT,PPBT_E1,2026-09-04,POSITIVE,2026-09-04 (session date; post time unknown),America/New_York,2026-09-04 00:00 America/New_York (bars < T; sources with record date <= T-1 or publication <= T),B_SEC_OFFERING,DAYS_SINCE_LAST_OFFERING_FORM,107,2026-05-20,S07,0001213900-26-059665,2026-05-20,2026-05-21T01:29:17.000Z,2026-10-08T23:10:07.602837+00:00,2026-05-20,point-in-time (filing),1,1,HIGH,,filings before T: 574 · offering-class forms: 85 · last form F-3,85,107
PPBT,PPBT_E1,2026-09-04,POSITIVE,2026-09-04 (session date; post time unknown),America/New_York,2026-09-04 00:00 America/New_York (bars < T; sources with record date <= T-1 or publication <= T),B_SEC_OFFERING,DAYS_SINCE_LAST_FINAL_PROSPECTUS,350,2025-09-19,S07,0001213900-25-089578,2025-09-19,2025-09-20T00:33:45.000Z,2026-10-08T23:10:07.602837+00:00,2025-09-19,point-in-time (filing),1,1,HIGH,,final prospectuses (424B1/B4/B5) before T: 16,16,350
PPBT,PPBT_E1,2026-09-04,POSITIVE,2026-09-04 (session date; post time unknown),America/New_York,2026-09-04 00:00 America/New_York (bars < T; sources with record date <= T-1 or publication <= T),C_BORROW,AVAILABLE_SHARES,,,S04/S05/S01,,,,,,,0,,NONE,NO_HISTORICAL_SOURCE,no snapshot source before T,0,
PPBT,PPBT_E1,2026-09-04,POSITIVE,2026-09-04 (session date; post time unknown),America/New_York,2026-09-04 00:00 America/New_York (bars < T; sources with record date <= T-1 or publication <= T),D_SPLIT_AGE,SESSIONS_SINCE_LAST_REVERSE_SPLIT,130,2026-03-02,S06,yahoo:2026-03-02:0.1,2026-10-08,unknown (vendor); SEC confirmation: 8-K item 5.03/3.03 within 21d: 0,2026-10-08,2026-03-02,CURRENT snapshot of historical dates,0,1,MEDIUM,,ratio=0.1; reverse splits before T: 3 (raw 3); calendar days 186,3,186
SLXN,SLXN_E1,2026-08-06,POSITIVE,2026-08-06 (session date; post time unknown),America/New_York,2026-08-06 00:00 America/New_York (bars < T; sources with record date <= T-1 or publication <= T),A_FLOAT,FLOAT_SHARES,,,S01/S02/S03,,,,,,,0,,NONE,NO_RECORD_FOUND,value exists only after T (not usable),0,
SLXN,SLXN_E1,2026-08-06,POSITIVE,2026-08-06 (session date; post time unknown),America/New_York,2026-08-06 00:00 America/New_York (bars < T; sources with record date <= T-1 or publication <= T),A_FLOAT,SHARES_OUTSTANDING_DEI,3330785,2026-03-10,S07,0001178913-26-002805,2026-05-19,2026-05-19,2026-10-08T23:10:07.602837+00:00,2026-03-10,point-in-time (filed),1,1,HIGH,,10-K/A cover page; shares outstanding ≠ float (upper bound),9,79
SLXN,SLXN_E1,2026-08-06,POSITIVE,2026-08-06 (session date; post time unknown),America/New_York,2026-08-06 00:00 America/New_York (bars < T; sources with record date <= T-1 or publication <= T),B_SEC_OFFERING,DAYS_SINCE_LAST_OFFERING_FORM,49,2026-06-18,S07,9999999995-26-002070,2026-06-18,2026-06-22T08:15:15.000Z,2026-10-08T23:10:07.602837+00:00,2026-06-18,point-in-time (filing),1,1,HIGH,,filings before T: 250 · offering-class forms: 57 · last form EFFECT,57,49
SLXN,SLXN_E1,2026-08-06,POSITIVE,2026-08-06 (session date; post time unknown),America/New_York,2026-08-06 00:00 America/New_York (bars < T; sources with record date <= T-1 or publication <= T),B_SEC_OFFERING,DAYS_SINCE_LAST_FINAL_PROSPECTUS,328,2025-09-12,S07,0001178913-25-003306,2025-09-12,2025-09-12T16:33:53.000Z,2026-10-08T23:10:07.602837+00:00,2025-09-12,point-in-time (filing),1,1,HIGH,,final prospectuses (424B1/B4/B5) before T: 2,2,328
SLXN,SLXN_E1,2026-08-06,POSITIVE,2026-08-06 (session date; post time unknown),America/New_York,2026-08-06 00:00 America/New_York (bars < T; sources with record date <= T-1 or publication <= T),C_BORROW,AVAILABLE_SHARES,,,S04/S05/S01,,,,,,,0,,NONE,NO_HISTORICAL_SOURCE,no snapshot source before T,0,
SLXN,SLXN_E1,2026-08-06,POSITIVE,2026-08-06 (session date; post time unknown),America/New_York,2026-08-06 00:00 America/New_York (bars < T; sources with record date <= T-1 or publication <= T),D_SPLIT_AGE,SESSIONS_SINCE_LAST_REVERSE_SPLIT,47,2026-05-29,S06,yahoo:2026-05-29:0.1,2026-10-08,unknown (vendor); SEC confirmation: 8-K item 5.03/3.03 within 21d: 1,2026-10-08,2026-05-29,CURRENT snapshot of historical dates,1,1,HIGH,,ratio=0.1; reverse splits before T: 2 (raw 2); calendar days 69,2,69
SMX,SMX_E1,2026-04-27,POSITIVE,2026-04-27 (session date; post time unknown),America/New_York,2026-04-27 00:00 America/New_York (bars < T; sources with record date <= T-1 or publication <= T),A_FLOAT,FLOAT_SHARES,,,S01/S02/S03,,,,,,,0,,NONE,NO_RECORD_FOUND,value exists only after T (not usable),0,
SMX,SMX_E1,2026-04-27,POSITIVE,2026-04-27 (session date; post time unknown),America/New_York,2026-04-27 00:00 America/New_York (bars < T; sources with record date <= T-1 or publication <= T),A_FLOAT,SHARES_OUTSTANDING_DEI,1795943,2025-12-31,S07,0001493152-26-011985,2026-03-20,2026-03-20,2026-10-08T23:10:07.602837+00:00,2025-12-31,point-in-time (filed),1,1,HIGH,,20-F cover page; shares outstanding ≠ float (upper bound),1,38
SMX,SMX_E1,2026-04-27,POSITIVE,2026-04-27 (session date; post time unknown),America/New_York,2026-04-27 00:00 America/New_York (bars < T; sources with record date <= T-1 or publication <= T),B_SEC_OFFERING,DAYS_SINCE_LAST_OFFERING_FORM,17,2026-04-10,S07,0001493152-26-016097,2026-04-10,2026-04-10T17:28:01.000Z,2026-10-08T23:10:07.602837+00:00,2026-04-10,point-in-time (filing),1,1,HIGH,,filings before T: 623 · offering-class forms: 324 · last form 424B3,324,17
SMX,SMX_E1,2026-04-27,POSITIVE,2026-04-27 (session date; post time unknown),America/New_York,2026-04-27 00:00 America/New_York (bars < T; sources with record date <= T-1 or publication <= T),B_SEC_OFFERING,DAYS_SINCE_LAST_FINAL_PROSPECTUS,,,S07,,,,2026-10-08T23:10:07.602837+00:00,,point-in-time (filing),1,1,HIGH,,final prospectuses (424B1/B4/B5) before T: 0,0,
SMX,SMX_E1,2026-04-27,POSITIVE,2026-04-27 (session date; post time unknown),America/New_York,2026-04-27 00:00 America/New_York (bars < T; sources with record date <= T-1 or publication <= T),C_BORROW,AVAILABLE_SHARES,,,S04/S05/S01,,,,,,,0,,NONE,NO_HISTORICAL_SOURCE,no snapshot source before T,0,
SMX,SMX_E1,2026-04-27,POSITIVE,2026-04-27 (session date; post time unknown),America/New_York,2026-04-27 00:00 America/New_York (bars < T; sources with record date <= T-1 or publication <= T),D_SPLIT_AGE,SESSIONS_SINCE_LAST_REVERSE_SPLIT,48,2026-02-17,S06,yahoo:2026-02-17:0.204,2026-10-08,unknown (vendor); SEC confirmation: 8-K item 5.03/3.03 within 21d: 0,2026-10-08,2026-02-17,CURRENT snapshot of historical dates,0,1,MEDIUM,,ratio=0.204; reverse splits before T: 7 (raw 7); calendar days 69,7,69
SPRC,SPRC_E1,2026-07-17,POSITIVE,2026-07-17 (session date; post time unknown),America/New_York,2026-07-17 00:00 America/New_York (bars < T; sources with record date <= T-1 or publication <= T),A_FLOAT,FLOAT_SHARES,,,S01/S02/S03,,,,,,,0,,NONE,NO_RECORD_FOUND,value exists only after T (not usable),0,
SPRC,SPRC_E1,2026-07-17,POSITIVE,2026-07-17 (session date; post time unknown),America/New_York,2026-07-17 00:00 America/New_York (bars < T; sources with record date <= T-1 or publication <= T),A_FLOAT,SHARES_OUTSTANDING_DEI,365444,2025-12-31,S07,0001213900-26-049322,2026-04-29,2026-04-29,2026-10-08T23:10:07.602837+00:00,2025-12-31,point-in-time (filed),1,1,HIGH,,20-F cover page; shares outstanding ≠ float (upper bound),9,79
SPRC,SPRC_E1,2026-07-17,POSITIVE,2026-07-17 (session date; post time unknown),America/New_York,2026-07-17 00:00 America/New_York (bars < T; sources with record date <= T-1 or publication <= T),B_SEC_OFFERING,DAYS_SINCE_LAST_OFFERING_FORM,150,2026-02-17,S07,0001213900-26-017502,2026-02-17,2026-02-18T03:27:35.000Z,2026-10-08T23:10:07.602837+00:00,2026-02-17,point-in-time (filing),1,1,HIGH,,filings before T: 588 · offering-class forms: 82 · last form F-3,82,150
SPRC,SPRC_E1,2026-07-17,POSITIVE,2026-07-17 (session date; post time unknown),America/New_York,2026-07-17 00:00 America/New_York (bars < T; sources with record date <= T-1 or publication <= T),B_SEC_OFFERING,DAYS_SINCE_LAST_FINAL_PROSPECTUS,184,2026-01-14,S07,0001213900-26-004172,2026-01-14,2026-01-14T18:29:05.000Z,2026-10-08T23:10:07.602837+00:00,2026-01-14,point-in-time (filing),1,1,HIGH,,final prospectuses (424B1/B4/B5) before T: 9,9,184
SPRC,SPRC_E1,2026-07-17,POSITIVE,2026-07-17 (session date; post time unknown),America/New_York,2026-07-17 00:00 America/New_York (bars < T; sources with record date <= T-1 or publication <= T),C_BORROW,AVAILABLE_SHARES,,,S04/S05/S01,,,,,,,0,,NONE,NO_HISTORICAL_SOURCE,snapshots exist only after T,0,
SPRC,SPRC_E1,2026-07-17,POSITIVE,2026-07-17 (session date; post time unknown),America/New_York,2026-07-17 00:00 America/New_York (bars < T; sources with record date <= T-1 or publication <= T),D_SPLIT_AGE,SESSIONS_SINCE_LAST_REVERSE_SPLIT,93,2026-03-04,S06,yahoo:2026-03-04:0.1111111111111111,2026-10-08,unknown (vendor); SEC confirmation: 8-K item 5.03/3.03 within 21d: 0,2026-10-08,2026-03-04,CURRENT snapshot of historical dates,0,1,MEDIUM,,ratio=0.1111111111111111; reverse splits before T: 3 (raw 3); calendar days 135,3,135
STKH,STKH_E1,2026-09-04,POSITIVE,2026-09-04 (session date; post time unknown),America/New_York,2026-09-04 00:00 America/New_York (bars < T; sources with record date <= T-1 or publication <= T),A_FLOAT,FLOAT_SHARES,3862661795,2026-08-07,S01,wl:2c33d58cbb,2026-08-07T23:04:28,unknown (vendor),2026-08-07T23:04:28,2026-08-07,point-in-time (git),1,1,HIGH,,vendor floatShares; shares_outstanding fallback not used,12,28
STKH,STKH_E1,2026-09-04,POSITIVE,2026-09-04 (session date; post time unknown),America/New_York,2026-09-04 00:00 America/New_York (bars < T; sources with record date <= T-1 or publication <= T),A_FLOAT,SHARES_OUTSTANDING_DEI,5438836659,2025-12-31,S07,0001213900-26-050174,2026-04-30,2026-04-30,2026-10-08T23:10:07.602837+00:00,2025-12-31,point-in-time (filed),1,1,HIGH,,20-F cover page; shares outstanding ≠ float (upper bound),5,127
STKH,STKH_E1,2026-09-04,POSITIVE,2026-09-04 (session date; post time unknown),America/New_York,2026-09-04 00:00 America/New_York (bars < T; sources with record date <= T-1 or publication <= T),B_SEC_OFFERING,DAYS_SINCE_LAST_OFFERING_FORM,10,2026-08-25,S07,0001213900-26-093223,2026-08-25,2026-08-25T14:14:31.000Z,2026-10-08T23:10:07.602837+00:00,2026-08-25,point-in-time (filing),1,1,HIGH,,filings before T: 317 · offering-class forms: 62 · last form 424B3,62,10
STKH,STKH_E1,2026-09-04,POSITIVE,2026-09-04 (session date; post time unknown),America/New_York,2026-09-04 00:00 America/New_York (bars < T; sources with record date <= T-1 or publication <= T),B_SEC_OFFERING,DAYS_SINCE_LAST_FINAL_PROSPECTUS,365,2025-09-04,S07,0001213900-25-084491,2025-09-04,2025-09-05T00:01:26.000Z,2026-10-08T23:10:07.602837+00:00,2025-09-04,point-in-time (filing),1,1,HIGH,,final prospectuses (424B1/B4/B5) before T: 8,8,365
STKH,STKH_E1,2026-09-04,POSITIVE,2026-09-04 (session date; post time unknown),America/New_York,2026-09-04 00:00 America/New_York (bars < T; sources with record date <= T-1 or publication <= T),C_BORROW,AVAILABLE_SHARES,,,S04/S05/S01,,,,,,,0,,NONE,NO_HISTORICAL_SOURCE,no snapshot source before T,0,
STKH,STKH_E1,2026-09-04,POSITIVE,2026-09-04 (session date; post time unknown),America/New_York,2026-09-04 00:00 America/New_York (bars < T; sources with record date <= T-1 or publication <= T),D_SPLIT_AGE,SESSIONS_SINCE_LAST_REVERSE_SPLIT,29,2026-07-27,S06,yahoo:2026-07-27:0.3333333333333333,2026-10-08,unknown (vendor); SEC confirmation: 8-K item 5.03/3.03 within 21d: 0,2026-10-08,2026-07-27,CURRENT snapshot of historical dates,0,1,MEDIUM,,ratio=0.3333333333333333; reverse splits before T: 4 (raw 4); calendar days 39,4,39
SVRE,SVRE_E1,2026-09-14,POSITIVE,2026-09-14 (session date; post time unknown),America/New_York,2026-09-14 00:00 America/New_York (bars < T; sources with record date <= T-1 or publication <= T),A_FLOAT,FLOAT_SHARES,1823608,2026-09-02,S02,cc:d0f07ee917,2026-09-02T09:23:30,unknown (vendor),2026-09-02T09:23:30,2026-09-02,point-in-time (git),1,1,MEDIUM,,vendor floatShares; shares_outstanding fallback not used,11,12
SVRE,SVRE_E1,2026-09-14,POSITIVE,2026-09-14 (session date; post time unknown),America/New_York,2026-09-14 00:00 America/New_York (bars < T; sources with record date <= T-1 or publication <= T),A_FLOAT,SHARES_OUTSTANDING_DEI,29961257022,2025-12-31,S07,0001213900-26-035545,2026-03-27,2026-03-27,2026-10-08T23:10:07.602837+00:00,2025-12-31,point-in-time (filed),1,1,HIGH,,20-F cover page; shares outstanding ≠ float (upper bound),4,171
SVRE,SVRE_E1,2026-09-14,POSITIVE,2026-09-14 (session date; post time unknown),America/New_York,2026-09-14 00:00 America/New_York (bars < T; sources with record date <= T-1 or publication <= T),B_SEC_OFFERING,DAYS_SINCE_LAST_OFFERING_FORM,3,2026-09-11,S07,0001213900-26-099324,2026-09-11,2026-09-12T01:00:36.000Z,2026-10-08T23:10:07.602837+00:00,2026-09-11,point-in-time (filing),1,1,HIGH,,filings before T: 341 · offering-class forms: 56 · last form F-3,56,3
SVRE,SVRE_E1,2026-09-14,POSITIVE,2026-09-14 (session date; post time unknown),America/New_York,2026-09-14 00:00 America/New_York (bars < T; sources with record date <= T-1 or publication <= T),B_SEC_OFFERING,DAYS_SINCE_LAST_FINAL_PROSPECTUS,591,2025-01-31,S07,0001213900-25-008656,2025-01-31,2025-01-31T21:12:27.000Z,2026-10-08T23:10:07.602837+00:00,2025-01-31,point-in-time (filing),1,1,HIGH,,final prospectuses (424B1/B4/B5) before T: 5,5,591
SVRE,SVRE_E1,2026-09-14,POSITIVE,2026-09-14 (session date; post time unknown),America/New_York,2026-09-14 00:00 America/New_York (bars < T; sources with record date <= T-1 or publication <= T),C_BORROW,AVAILABLE_SHARES,,,S04/S05/S01,,,,,,,0,,NONE,NO_HISTORICAL_SOURCE,no snapshot source before T,0,
SVRE,SVRE_E1,2026-09-14,POSITIVE,2026-09-14 (session date; post time unknown),America/New_York,2026-09-14 00:00 America/New_York (bars < T; sources with record date <= T-1 or publication <= T),D_SPLIT_AGE,SESSIONS_SINCE_LAST_REVERSE_SPLIT,138,2026-02-25,S06,yahoo:2026-02-25:0.25,2026-10-08,unknown (vendor); SEC confirmation: 8-K item 5.03/3.03 within 21d: 0,2026-10-08,2026-02-25,CURRENT snapshot of historical dates,0,1,MEDIUM,,ratio=0.25; reverse splits before T: 4 (raw 4); calendar days 201,4,201
SXTC,SXTC_E1,2026-09-10,POSITIVE,2026-09-10 (session date; post time unknown),America/New_York,2026-09-10 00:00 America/New_York (bars < T; sources with record date <= T-1 or publication <= T),A_FLOAT,FLOAT_SHARES,,,S01/S02/S03,,,,,,,0,,NONE,NO_RECORD_FOUND,value exists only after T (not usable),0,
SXTC,SXTC_E1,2026-09-10,POSITIVE,2026-09-10 (session date; post time unknown),America/New_York,2026-09-10 00:00 America/New_York (bars < T; sources with record date <= T-1 or publication <= T),A_FLOAT,SHARES_OUTSTANDING_DEI,958077,2026-03-31,S07,0001213900-26-074310,2026-07-01,2026-07-01,2026-10-08T23:10:07.602837+00:00,2026-03-31,point-in-time (filed),1,1,HIGH,,20-F cover page; shares outstanding ≠ float (upper bound),7,71
SXTC,SXTC_E1,2026-09-10,POSITIVE,2026-09-10 (session date; post time unknown),America/New_York,2026-09-10 00:00 America/New_York (bars < T; sources with record date <= T-1 or publication <= T),B_SEC_OFFERING,DAYS_SINCE_LAST_OFFERING_FORM,13,2026-08-28,S07,0001213900-26-095149,2026-08-28,2026-08-28T21:00:48.000Z,2026-10-08T23:10:07.602837+00:00,2026-08-28,point-in-time (filing),1,1,HIGH,,filings before T: 162 · offering-class forms: 38 · last form F-3/A,38,13
SXTC,SXTC_E1,2026-09-10,POSITIVE,2026-09-10 (session date; post time unknown),America/New_York,2026-09-10 00:00 America/New_York (bars < T; sources with record date <= T-1 or publication <= T),B_SEC_OFFERING,DAYS_SINCE_LAST_FINAL_PROSPECTUS,48,2026-07-24,S07,0001213900-26-081135,2026-07-24,2026-07-24T13:00:10.000Z,2026-10-08T23:10:07.602837+00:00,2026-07-24,point-in-time (filing),1,1,HIGH,,final prospectuses (424B1/B4/B5) before T: 10,10,48
SXTC,SXTC_E1,2026-09-10,POSITIVE,2026-09-10 (session date; post time unknown),America/New_York,2026-09-10 00:00 America/New_York (bars < T; sources with record date <= T-1 or publication <= T),C_BORROW,AVAILABLE_SHARES,,,S04/S05/S01,,,,,,,0,,NONE,NO_HISTORICAL_SOURCE,no snapshot source before T,0,
SXTC,SXTC_E1,2026-09-10,POSITIVE,2026-09-10 (session date; post time unknown),America/New_York,2026-09-10 00:00 America/New_York (bars < T; sources with record date <= T-1 or publication <= T),D_SPLIT_AGE,SESSIONS_SINCE_LAST_REVERSE_SPLIT,22,2026-08-10,S06,yahoo:2026-08-10:0.0125,2026-10-08,unknown (vendor); SEC confirmation: 8-K item 5.03/3.03 within 21d: 0,2026-10-08,2026-08-10,CURRENT snapshot of historical dates,0,1,MEDIUM,,ratio=0.0125; reverse splits before T: 4 (raw 4); calendar days 31,4,31
TRUG,TRUG_E1,2026-03-30,POSITIVE,2026-03-30 (session date; post time unknown),America/New_York,2026-03-30 00:00 America/New_York (bars < T; sources with record date <= T-1 or publication <= T),A_FLOAT,FLOAT_SHARES,,,S01/S02/S03,,,,,,,0,,NONE,NO_RECORD_FOUND,value exists only after T (not usable),0,
TRUG,TRUG_E1,2026-03-30,POSITIVE,2026-03-30 (session date; post time unknown),America/New_York,2026-03-30 00:00 America/New_York (bars < T; sources with record date <= T-1 or publication <= T),A_FLOAT,SHARES_OUTSTANDING_DEI,30958.82,2025-04-28,S07,0001641172-25-007883,2025-04-30,2025-04-30,2026-10-08T23:10:07.602837+00:00,2025-04-28,point-in-time (filed),1,1,HIGH,,10-K/A cover page; shares outstanding ≠ float (upper bound),5,334
TRUG,TRUG_E1,2026-03-30,POSITIVE,2026-03-30 (session date; post time unknown),America/New_York,2026-03-30 00:00 America/New_York (bars < T; sources with record date <= T-1 or publication <= T),B_SEC_OFFERING,DAYS_SINCE_LAST_OFFERING_FORM,105,2025-12-15,S07,9999999995-25-003735,2025-12-15,2025-12-16T05:15:25.000Z,2026-10-08T23:10:07.602837+00:00,2025-12-15,point-in-time (filing),1,1,HIGH,,filings before T: 217 · offering-class forms: 22 · last form EFFECT,22,105
TRUG,TRUG_E1,2026-03-30,POSITIVE,2026-03-30 (session date; post time unknown),America/New_York,2026-03-30 00:00 America/New_York (bars < T; sources with record date <= T-1 or publication <= T),B_SEC_OFFERING,DAYS_SINCE_LAST_FINAL_PROSPECTUS,1614,2021-10-28,S07,0001264931-21-000176,2021-10-28,2021-10-28T20:08:37.000Z,2026-10-08T23:10:07.602837+00:00,2021-10-28,point-in-time (filing),1,1,HIGH,,final prospectuses (424B1/B4/B5) before T: 1,1,1614
TRUG,TRUG_E1,2026-03-30,POSITIVE,2026-03-30 (session date; post time unknown),America/New_York,2026-03-30 00:00 America/New_York (bars < T; sources with record date <= T-1 or publication <= T),C_BORROW,AVAILABLE_SHARES,,,S04/S05/S01,,,,,,,0,,NONE,NO_HISTORICAL_SOURCE,snapshots exist only after T,0,
TRUG,TRUG_E1,2026-03-30,POSITIVE,2026-03-30 (session date; post time unknown),America/New_York,2026-03-30 00:00 America/New_York (bars < T; sources with record date <= T-1 or publication <= T),D_SPLIT_AGE,SESSIONS_SINCE_LAST_REVERSE_SPLIT,1,2026-03-27,S06,yahoo:2026-03-27:0.1,2026-10-08,unknown (vendor); SEC confirmation: 8-K item 5.03/3.03 within 21d: 1,2026-10-08,2026-03-27,CURRENT snapshot of historical dates,1,1,HIGH,,ratio=0.1; reverse splits before T: 2 (raw 2); calendar days 3,2,3
UNK,UNK_E1,2026-07-31,POSITIVE,2026-07-31 (session date; post time unknown),America/New_York,2026-07-31 00:00 America/New_York (bars < T; sources with record date <= T-1 or publication <= T),A_FLOAT,FLOAT_SHARES,,,S01/S02/S03,,,,,,,0,,NONE,NO_HISTORICAL_SOURCE,no bot record,0,
UNK,UNK_E1,2026-07-31,POSITIVE,2026-07-31 (session date; post time unknown),America/New_York,2026-07-31 00:00 America/New_York (bars < T; sources with record date <= T-1 or publication <= T),B_SEC_OFFERING,OFFERING_STATUS_AS_OF_DECISION,,,S07,,,,2026-10-08T23:10:07.602837+00:00,,,0,,NONE,IDENTIFIER_UNRESOLVED,no record,0,
UNK,UNK_E1,2026-07-31,POSITIVE,2026-07-31 (session date; post time unknown),America/New_York,2026-07-31 00:00 America/New_York (bars < T; sources with record date <= T-1 or publication <= T),C_BORROW,AVAILABLE_SHARES,,,S04/S05/S01,,,,,,,0,,NONE,NO_HISTORICAL_SOURCE,no snapshot source before T,0,
UNK,UNK_E1,2026-07-31,POSITIVE,2026-07-31 (session date; post time unknown),America/New_York,2026-07-31 00:00 America/New_York (bars < T; sources with record date <= T-1 or publication <= T),D_SPLIT_AGE,SESSIONS_SINCE_LAST_REVERSE_SPLIT,,,S06,,2026-10-08,,2026-10-08,,CURRENT,0,,NONE,NOT_COLLECTED,symbol not in the splits snapshot,0,
UPC,UPC_E1,2026-07-31,POSITIVE,2026-07-31 (session date; post time unknown),America/New_York,2026-07-31 00:00 America/New_York (bars < T; sources with record date <= T-1 or publication <= T),A_FLOAT,FLOAT_SHARES,,,S01/S02/S03,,,,,,,0,,NONE,NO_RECORD_FOUND,value exists only after T (not usable),0,
UPC,UPC_E1,2026-07-31,POSITIVE,2026-07-31 (session date; post time unknown),America/New_York,2026-07-31 00:00 America/New_York (bars < T; sources with record date <= T-1 or publication <= T),A_FLOAT,SHARES_OUTSTANDING_DEI,563338,2025-09-30,S07,0001213900-26-009000,2026-01-29,2026-01-29,2026-10-08T23:10:07.602837+00:00,2025-09-30,point-in-time (filed),1,1,HIGH,,20-F cover page; shares outstanding ≠ float (upper bound),5,183
UPC,UPC_E1,2026-07-31,POSITIVE,2026-07-31 (session date; post time unknown),America/New_York,2026-07-31 00:00 America/New_York (bars < T; sources with record date <= T-1 or publication <= T),B_SEC_OFFERING,DAYS_SINCE_LAST_OFFERING_FORM,599,2024-12-09,S07,0001213900-24-106939,2024-12-09,2024-12-10T02:15:38.000Z,2026-10-08T23:10:07.602837+00:00,2024-12-09,point-in-time (filing),1,1,HIGH,,filings before T: 105 · offering-class forms: 14 · last form 424B5,14,599
UPC,UPC_E1,2026-07-31,POSITIVE,2026-07-31 (session date; post time unknown),America/New_York,2026-07-31 00:00 America/New_York (bars < T; sources with record date <= T-1 or publication <= T),B_SEC_OFFERING,DAYS_SINCE_LAST_FINAL_PROSPECTUS,599,2024-12-09,S07,0001213900-24-106939,2024-12-09,2024-12-10T02:15:38.000Z,2026-10-08T23:10:07.602837+00:00,2024-12-09,point-in-time (filing),1,1,HIGH,,final prospectuses (424B1/B4/B5) before T: 3,3,599
UPC,UPC_E1,2026-07-31,POSITIVE,2026-07-31 (session date; post time unknown),America/New_York,2026-07-31 00:00 America/New_York (bars < T; sources with record date <= T-1 or publication <= T),C_BORROW,AVAILABLE_SHARES,,,S04/S05/S01,,,,,,,0,,NONE,NO_RECORD_FOUND,snapshots exist only after T,0,
UPC,UPC_E1,2026-07-31,POSITIVE,2026-07-31 (session date; post time unknown),America/New_York,2026-07-31 00:00 America/New_York (bars < T; sources with record date <= T-1 or publication <= T),D_SPLIT_AGE,SESSIONS_SINCE_LAST_REVERSE_SPLIT,340,2025-03-24,S06,yahoo:2025-03-24:0.025,2026-10-08,unknown (vendor); SEC confirmation: 8-K item 5.03/3.03 within 21d: 0,2026-10-08,2025-03-24,CURRENT snapshot of historical dates,0,1,MEDIUM,,ratio=0.025; reverse splits before T: 3 (raw 3); calendar days 494,3,494
WORX,WORX_E1,2026-04-13,POSITIVE,2026-04-13 (session date; post time unknown),America/New_York,2026-04-13 00:00 America/New_York (bars < T; sources with record date <= T-1 or publication <= T),A_FLOAT,FLOAT_SHARES,,,S01/S02/S03,,,,,,,0,,NONE,NO_HISTORICAL_SOURCE,no bot record,0,
WORX,WORX_E1,2026-04-13,POSITIVE,2026-04-13 (session date; post time unknown),America/New_York,2026-04-13 00:00 America/New_York (bars < T; sources with record date <= T-1 or publication <= T),A_FLOAT,SHARES_OUTSTANDING_DEI,15999423,2026-03-31,S07,0001213900-26-037303,2026-03-31,2026-03-31,2026-10-08T23:10:07.602837+00:00,2026-03-31,point-in-time (filed),1,1,HIGH,,10-K cover page; shares outstanding ≠ float (upper bound),39,13
WORX,WORX_E1,2026-04-13,POSITIVE,2026-04-13 (session date; post time unknown),America/New_York,2026-04-13 00:00 America/New_York (bars < T; sources with record date <= T-1 or publication <= T),B_SEC_OFFERING,DAYS_SINCE_LAST_OFFERING_FORM,87,2026-01-16,S07,9999999995-26-000204,2026-01-16,2026-01-20T10:15:29.000Z,2026-10-08T23:10:07.602837+00:00,2026-01-16,point-in-time (filing),1,1,HIGH,,filings before T: 337 · offering-class forms: 19 · last form EFFECT,19,87
WORX,WORX_E1,2026-04-13,POSITIVE,2026-04-13 (session date; post time unknown),America/New_York,2026-04-13 00:00 America/New_York (bars < T; sources with record date <= T-1 or publication <= T),B_SEC_OFFERING,DAYS_SINCE_LAST_FINAL_PROSPECTUS,3016,2018-01-09,S07,0001144204-18-001434,2018-01-09,2018-01-09T20:39:43.000Z,2026-10-08T23:10:07.602837+00:00,2018-01-09,point-in-time (filing),1,1,HIGH,,final prospectuses (424B1/B4/B5) before T: 3,3,3016
WORX,WORX_E1,2026-04-13,POSITIVE,2026-04-13 (session date; post time unknown),America/New_York,2026-04-13 00:00 America/New_York (bars < T; sources with record date <= T-1 or publication <= T),C_BORROW,AVAILABLE_SHARES,,,S04/S05/S01,,,,,,,0,,NONE,NO_HISTORICAL_SOURCE,no snapshot source before T,0,
WORX,WORX_E1,2026-04-13,POSITIVE,2026-04-13 (session date; post time unknown),America/New_York,2026-04-13 00:00 America/New_York (bars < T; sources with record date <= T-1 or publication <= T),D_SPLIT_AGE,SESSIONS_SINCE_LAST_REVERSE_SPLIT,1,2026-04-10,S06,yahoo:2026-04-10:0.06666666666666667,2026-10-08,unknown (vendor); SEC confirmation: 8-K item 5.03/3.03 within 21d: 0,2026-10-08,2026-04-10,CURRENT snapshot of historical dates,0,1,MEDIUM,,ratio=0.06666666666666667; reverse splits before T: 3 (raw 3); calendar days 3,3,3
YMT,YMT_E1,2026-09-04,POSITIVE,2026-09-04 (session date; post time unknown),America/New_York,2026-09-04 00:00 America/New_York (bars < T; sources with record date <= T-1 or publication <= T),A_FLOAT,FLOAT_SHARES,,,S01/S02/S03,,,,,,,0,,NONE,NO_RECORD_FOUND,value exists only after T (not usable),0,
YMT,YMT_E1,2026-09-04,POSITIVE,2026-09-04 (session date; post time unknown),America/New_York,2026-09-04 00:00 America/New_York (bars < T; sources with record date <= T-1 or publication <= T),A_FLOAT,SHARES_OUTSTANDING_DEI,,,S07,,,,2026-10-08T23:10:07.602837+00:00,,,0,,NONE,NO_RECORD_FOUND,no dei:EntityCommonStockSharesOutstanding filed before T (foreign filers lack it),0,
YMT,YMT_E1,2026-09-04,POSITIVE,2026-09-04 (session date; post time unknown),America/New_York,2026-09-04 00:00 America/New_York (bars < T; sources with record date <= T-1 or publication <= T),B_SEC_OFFERING,DAYS_SINCE_LAST_OFFERING_FORM,9,2026-08-26,S07,0001213900-26-093956,2026-08-26,2026-08-26T20:08:18.000Z,2026-10-08T23:10:07.602837+00:00,2026-08-26,point-in-time (filing),1,1,HIGH,,filings before T: 79 · offering-class forms: 20 · last form 424B3,20,9
YMT,YMT_E1,2026-09-04,POSITIVE,2026-09-04 (session date; post time unknown),America/New_York,2026-09-04 00:00 America/New_York (bars < T; sources with record date <= T-1 or publication <= T),B_SEC_OFFERING,DAYS_SINCE_LAST_FINAL_PROSPECTUS,380,2025-08-20,S07,0001213900-25-078692,2025-08-20,2025-08-20T10:14:35.000Z,2026-10-08T23:10:07.602837+00:00,2025-08-20,point-in-time (filing),1,1,HIGH,,final prospectuses (424B1/B4/B5) before T: 1,1,380
YMT,YMT_E1,2026-09-04,POSITIVE,2026-09-04 (session date; post time unknown),America/New_York,2026-09-04 00:00 America/New_York (bars < T; sources with record date <= T-1 or publication <= T),C_BORROW,AVAILABLE_SHARES,,,S04/S05/S01,,,,,,,0,,NONE,NO_HISTORICAL_SOURCE,no snapshot source before T,0,
YMT,YMT_E1,2026-09-04,POSITIVE,2026-09-04 (session date; post time unknown),America/New_York,2026-09-04 00:00 America/New_York (bars < T; sources with record date <= T-1 or publication <= T),D_SPLIT_AGE,SESSIONS_SINCE_LAST_REVERSE_SPLIT,6,2026-08-27,S06,yahoo:2026-08-27:0.0625,2026-10-08,unknown (vendor); SEC confirmation: 8-K item 5.03/3.03 within 21d: 0,2026-10-08,2026-08-27,CURRENT snapshot of historical dates,0,1,MEDIUM,,ratio=0.0625; reverse splits before T: 2 (raw 2); calendar days 8,2,8
ZCMD,ZCMD_E1,2026-07-02,POSITIVE,2026-07-02 (session date; post time unknown),America/New_York,2026-07-02 00:00 America/New_York (bars < T; sources with record date <= T-1 or publication <= T),A_FLOAT,FLOAT_SHARES,,,S01/S02/S03,,,,,,,0,,NONE,NO_RECORD_FOUND,value exists only after T (not usable),0,
ZCMD,ZCMD_E1,2026-07-02,POSITIVE,2026-07-02 (session date; post time unknown),America/New_York,2026-07-02 00:00 America/New_York (bars < T; sources with record date <= T-1 or publication <= T),A_FLOAT,SHARES_OUTSTANDING_DEI,,,S07,,,,2026-10-08T23:10:07.602837+00:00,,,0,,NONE,NO_RECORD_FOUND,no dei:EntityCommonStockSharesOutstanding filed before T (foreign filers lack it),0,
ZCMD,ZCMD_E1,2026-07-02,POSITIVE,2026-07-02 (session date; post time unknown),America/New_York,2026-07-02 00:00 America/New_York (bars < T; sources with record date <= T-1 or publication <= T),B_SEC_OFFERING,DAYS_SINCE_LAST_OFFERING_FORM,31,2026-06-01,S07,0001213900-26-063256,2026-06-01,2026-06-01T14:41:12.000Z,2026-10-08T23:10:07.602837+00:00,2026-06-01,point-in-time (filing),1,1,HIGH,,filings before T: 144 · offering-class forms: 24 · last form 424B4,24,31
ZCMD,ZCMD_E1,2026-07-02,POSITIVE,2026-07-02 (session date; post time unknown),America/New_York,2026-07-02 00:00 America/New_York (bars < T; sources with record date <= T-1 or publication <= T),B_SEC_OFFERING,DAYS_SINCE_LAST_FINAL_PROSPECTUS,31,2026-06-01,S07,0001213900-26-063256,2026-06-01,2026-06-01T14:41:12.000Z,2026-10-08T23:10:07.602837+00:00,2026-06-01,point-in-time (filing),1,1,HIGH,,final prospectuses (424B1/B4/B5) before T: 4,4,31
ZCMD,ZCMD_E1,2026-07-02,POSITIVE,2026-07-02 (session date; post time unknown),America/New_York,2026-07-02 00:00 America/New_York (bars < T; sources with record date <= T-1 or publication <= T),C_BORROW,AVAILABLE_SHARES,,,S04/S05/S01,,,,,,,0,,NONE,NO_HISTORICAL_SOURCE,no snapshot source before T,0,
ZCMD,ZCMD_E1,2026-07-02,POSITIVE,2026-07-02 (session date; post time unknown),America/New_York,2026-07-02 00:00 America/New_York (bars < T; sources with record date <= T-1 or publication <= T),D_SPLIT_AGE,SESSIONS_SINCE_LAST_REVERSE_SPLIT,3,2026-06-29,S06,yahoo:2026-06-29:0.3333333333333333,2026-10-08,unknown (vendor); SEC confirmation: 8-K item 5.03/3.03 within 21d: 0,2026-10-08,2026-06-29,CURRENT snapshot of historical dates,0,1,MEDIUM,,ratio=0.3333333333333333; reverse splits before T: 4 (raw 4); calendar days 3,4,3
ZNB,ZNB_E1,2026-08-03,POSITIVE,2026-08-03 (session date; post time unknown),America/New_York,2026-08-03 00:00 America/New_York (bars < T; sources with record date <= T-1 or publication <= T),A_FLOAT,FLOAT_SHARES,,,S01/S02/S03,,,,,,,0,,NONE,NO_RECORD_FOUND,value exists only after T (not usable),0,
ZNB,ZNB_E1,2026-08-03,POSITIVE,2026-08-03 (session date; post time unknown),America/New_York,2026-08-03 00:00 America/New_York (bars < T; sources with record date <= T-1 or publication <= T),A_FLOAT,SHARES_OUTSTANDING_DEI,16191012,2023-06-30,S07,0001213900-23-086925,2023-11-14,2023-11-14,2026-10-08T23:10:07.602837+00:00,2023-06-30,point-in-time (filed),1,1,HIGH,,20-F cover page; shares outstanding ≠ float (upper bound),6,993
ZNB,ZNB_E1,2026-08-03,POSITIVE,2026-08-03 (session date; post time unknown),America/New_York,2026-08-03 00:00 America/New_York (bars < T; sources with record date <= T-1 or publication <= T),B_SEC_OFFERING,DAYS_SINCE_LAST_OFFERING_FORM,143,2026-03-13,S07,0001213900-26-027197,2026-03-13,2026-03-13T00:27:57.000Z,2026-10-08T23:10:07.602837+00:00,2026-03-13,point-in-time (filing),1,1,HIGH,,filings before T: 270 · offering-class forms: 49 · last form 424B5,49,143
ZNB,ZNB_E1,2026-08-03,POSITIVE,2026-08-03 (session date; post time unknown),America/New_York,2026-08-03 00:00 America/New_York (bars < T; sources with record date <= T-1 or publication <= T),B_SEC_OFFERING,DAYS_SINCE_LAST_FINAL_PROSPECTUS,143,2026-03-13,S07,0001213900-26-027197,2026-03-13,2026-03-13T00:27:57.000Z,2026-10-08T23:10:07.602837+00:00,2026-03-13,point-in-time (filing),1,1,HIGH,,final prospectuses (424B1/B4/B5) before T: 16,16,143
ZNB,ZNB_E1,2026-08-03,POSITIVE,2026-08-03 (session date; post time unknown),America/New_York,2026-08-03 00:00 America/New_York (bars < T; sources with record date <= T-1 or publication <= T),C_BORROW,AVAILABLE_SHARES,,,S04/S05/S01,,,,,,,0,,NONE,NO_HISTORICAL_SOURCE,no snapshot source before T,0,
ZNB,ZNB_E1,2026-08-03,POSITIVE,2026-08-03 (session date; post time unknown),America/New_York,2026-08-03 00:00 America/New_York (bars < T; sources with record date <= T-1 or publication <= T),D_SPLIT_AGE,SESSIONS_SINCE_LAST_REVERSE_SPLIT,5,2026-07-27,S06,yahoo:2026-07-27:0.125,2026-10-08,unknown (vendor); SEC confirmation: 8-K item 5.03/3.03 within 21d: 0,2026-10-08,2026-07-27,CURRENT snapshot of historical dates,0,1,MEDIUM,,ratio=0.125; reverse splits before T: 6 (raw 6); calendar days 7,6,7
CSAI,CSAI_C2025-08-04,2025-08-04,CONTROL,2025-08-04 (session date; post time unknown),America/New_York,2025-08-04 00:00 America/New_York (bars < T; sources with record date <= T-1 or publication <= T),A_FLOAT,FLOAT_SHARES,,,S01/S02/S03,,,,,,,0,,NONE,NO_RECORD_FOUND,value exists only after T (not usable),0,
CSAI,CSAI_C2025-08-04,2025-08-04,CONTROL,2025-08-04 (session date; post time unknown),America/New_York,2025-08-04 00:00 America/New_York (bars < T; sources with record date <= T-1 or publication <= T),A_FLOAT,SHARES_OUTSTANDING_DEI,,,S07,,,,2026-10-08T23:10:07.602837+00:00,,,0,,NONE,NO_RECORD_FOUND,no dei:EntityCommonStockSharesOutstanding filed before T (foreign filers lack it),0,
CSAI,CSAI_C2025-08-04,2025-08-04,CONTROL,2025-08-04 (session date; post time unknown),America/New_York,2025-08-04 00:00 America/New_York (bars < T; sources with record date <= T-1 or publication <= T),B_SEC_OFFERING,DAYS_SINCE_LAST_OFFERING_FORM,24,2025-07-11,S07,0001683168-25-005047,2025-07-11,2025-07-11T19:16:55.000Z,2026-10-08T23:10:07.602837+00:00,2025-07-11,point-in-time (filing),1,1,HIGH,,filings before T: 156 · offering-class forms: 33 · last form S-1,33,24
CSAI,CSAI_C2025-08-04,2025-08-04,CONTROL,2025-08-04 (session date; post time unknown),America/New_York,2025-08-04 00:00 America/New_York (bars < T; sources with record date <= T-1 or publication <= T),B_SEC_OFFERING,DAYS_SINCE_LAST_FINAL_PROSPECTUS,166,2025-02-19,S07,0001683168-25-001090,2025-02-19,2025-02-19T11:00:19.000Z,2026-10-08T23:10:07.602837+00:00,2025-02-19,point-in-time (filing),1,1,HIGH,,final prospectuses (424B1/B4/B5) before T: 2,2,166
CSAI,CSAI_C2025-08-04,2025-08-04,CONTROL,2025-08-04 (session date; post time unknown),America/New_York,2025-08-04 00:00 America/New_York (bars < T; sources with record date <= T-1 or publication <= T),C_BORROW,AVAILABLE_SHARES,,,S04/S05/S01,,,,,,,0,,NONE,NO_HISTORICAL_SOURCE,snapshots exist only after T,0,
CSAI,CSAI_C2025-08-04,2025-08-04,CONTROL,2025-08-04 (session date; post time unknown),America/New_York,2025-08-04 00:00 America/New_York (bars < T; sources with record date <= T-1 or publication <= T),D_SPLIT_AGE,SESSIONS_SINCE_LAST_REVERSE_SPLIT,NO_CONFIRMED_PRIOR_REVERSE_SPLIT,,S06,,2026-10-08,,2026-10-08,,CURRENT snapshot,0,1,MEDIUM,RECORD_NOT_APPLICABLE,splits listed (any): 1; none reverse before T,0,
QMCO,QMCO_C2025-08-04,2025-08-04,CONTROL,2025-08-04 (session date; post time unknown),America/New_York,2025-08-04 00:00 America/New_York (bars < T; sources with record date <= T-1 or publication <= T),A_FLOAT,FLOAT_SHARES,,,S01/S02/S03,,,,,,,0,,NONE,NO_HISTORICAL_SOURCE,no bot record,0,
QMCO,QMCO_C2025-08-04,2025-08-04,CONTROL,2025-08-04 (session date; post time unknown),America/New_York,2025-08-04 00:00 America/New_York (bars < T; sources with record date <= T-1 or publication <= T),A_FLOAT,SHARES_OUTSTANDING_DEI,5834199,2025-02-11,S07,0000709283-25-000003,2025-02-12,2025-02-12,2026-10-08T23:10:07.602837+00:00,2025-02-11,point-in-time (filed),1,1,HIGH,,10-Q cover page; shares outstanding ≠ float (upper bound),52,173
QMCO,QMCO_C2025-08-04,2025-08-04,CONTROL,2025-08-04 (session date; post time unknown),America/New_York,2025-08-04 00:00 America/New_York (bars < T; sources with record date <= T-1 or publication <= T),B_SEC_OFFERING,DAYS_SINCE_LAST_OFFERING_FORM,97,2025-04-29,S07,0001628280-25-020689,2025-04-29,2025-04-30T00:18:01.000Z,2026-10-08T23:10:07.602837+00:00,2025-04-29,point-in-time (filing),1,1,HIGH,,filings before T: 1926 · offering-class forms: 83 · last form 424B3,83,97
QMCO,QMCO_C2025-08-04,2025-08-04,CONTROL,2025-08-04 (session date; post time unknown),America/New_York,2025-08-04 00:00 America/New_York (bars < T; sources with record date <= T-1 or publication <= T),B_SEC_OFFERING,DAYS_SINCE_LAST_FINAL_PROSPECTUS,1224,2022-03-29,S07,0001193125-22-088220,2022-03-29,2022-03-30T00:53:43.000Z,2026-10-08T23:10:07.602837+00:00,2022-03-29,point-in-time (filing),1,1,HIGH,,final prospectuses (424B1/B4/B5) before T: 2,2,1224
QMCO,QMCO_C2025-08-04,2025-08-04,CONTROL,2025-08-04 (session date; post time unknown),America/New_York,2025-08-04 00:00 America/New_York (bars < T; sources with record date <= T-1 or publication <= T),C_BORROW,AVAILABLE_SHARES,,,S04/S05/S01,,,,,,,0,,NONE,NO_HISTORICAL_SOURCE,no snapshot source before T,0,
QMCO,QMCO_C2025-08-04,2025-08-04,CONTROL,2025-08-04 (session date; post time unknown),America/New_York,2025-08-04 00:00 America/New_York (bars < T; sources with record date <= T-1 or publication <= T),D_SPLIT_AGE,SESSIONS_SINCE_LAST_REVERSE_SPLIT,145,2024-08-27,S06,yahoo:2024-08-27:0.05,2026-10-08,unknown (vendor); SEC confirmation: 8-K item 5.03/3.03 within 21d: 0,2026-10-08,2024-08-27,CURRENT snapshot of historical dates,0,1,MEDIUM,,ratio=0.05; reverse splits before T: 2 (raw 2); calendar days 342,2,342
BRNX,BRNX_C2025-08-04,2025-08-04,CONTROL,2025-08-04 (session date; post time unknown),America/New_York,2025-08-04 00:00 America/New_York (bars < T; sources with record date <= T-1 or publication <= T),A_FLOAT,FLOAT_SHARES,,,S01/S02/S03,,,,,,,0,,NONE,NO_RECORD_FOUND,value exists only after T (not usable),0,
BRNX,BRNX_C2025-08-04,2025-08-04,CONTROL,2025-08-04 (session date; post time unknown),America/New_York,2025-08-04 00:00 America/New_York (bars < T; sources with record date <= T-1 or publication <= T),A_FLOAT,SHARES_OUTSTANDING_DEI,8094791,2024-12-31,S07,0001213900-25-020178,2025-03-04,2025-03-04,2026-10-08T23:10:07.602837+00:00,2024-12-31,point-in-time (filed),1,1,HIGH,,20-F cover page; shares outstanding ≠ float (upper bound),3,153
BRNX,BRNX_C2025-08-04,2025-08-04,CONTROL,2025-08-04 (session date; post time unknown),America/New_York,2025-08-04 00:00 America/New_York (bars < T; sources with record date <= T-1 or publication <= T),B_SEC_OFFERING,DAYS_SINCE_LAST_OFFERING_FORM,48,2025-06-17,S07,9999999995-25-001939,2025-06-17,2025-06-18T08:15:02.000Z,2026-10-08T23:10:07.602837+00:00,2025-06-17,point-in-time (filing),1,1,HIGH,,filings before T: 201 · offering-class forms: 28 · last form EFFECT,28,48
BRNX,BRNX_C2025-08-04,2025-08-04,CONTROL,2025-08-04 (session date; post time unknown),America/New_York,2025-08-04 00:00 America/New_York (bars < T; sources with record date <= T-1 or publication <= T),B_SEC_OFFERING,DAYS_SINCE_LAST_FINAL_PROSPECTUS,56,2025-06-09,S07,0001213900-25-052332,2025-06-09,2025-06-09T16:25:27.000Z,2026-10-08T23:10:07.602837+00:00,2025-06-09,point-in-time (filing),1,1,HIGH,,final prospectuses (424B1/B4/B5) before T: 4,4,56
BRNX,BRNX_C2025-08-04,2025-08-04,CONTROL,2025-08-04 (session date; post time unknown),America/New_York,2025-08-04 00:00 America/New_York (bars < T; sources with record date <= T-1 or publication <= T),C_BORROW,AVAILABLE_SHARES,,,S04/S05/S01,,,,,,,0,,NONE,NO_HISTORICAL_SOURCE,snapshots exist only after T,0,
BRNX,BRNX_C2025-08-04,2025-08-04,CONTROL,2025-08-04 (session date; post time unknown),America/New_York,2025-08-04 00:00 America/New_York (bars < T; sources with record date <= T-1 or publication <= T),D_SPLIT_AGE,SESSIONS_SINCE_LAST_REVERSE_SPLIT,30,2025-06-20,S06,yahoo:2025-06-20:0.2,2026-10-08,unknown (vendor); SEC confirmation: 8-K item 5.03/3.03 within 21d: 0,2026-10-08,2025-06-20,CURRENT snapshot of historical dates,0,1,MEDIUM,,ratio=0.2; reverse splits before T: 2 (raw 2); calendar days 45,2,45
GRML,GRML_C2025-08-04,2025-08-04,CONTROL,2025-08-04 (session date; post time unknown),America/New_York,2025-08-04 00:00 America/New_York (bars < T; sources with record date <= T-1 or publication <= T),A_FLOAT,FLOAT_SHARES,,,S01/S02/S03,,,,,,,0,,NONE,NO_RECORD_FOUND,value exists only after T (not usable),0,
GRML,GRML_C2025-08-04,2025-08-04,CONTROL,2025-08-04 (session date; post time unknown),America/New_York,2025-08-04 00:00 America/New_York (bars < T; sources with record date <= T-1 or publication <= T),A_FLOAT,SHARES_OUTSTANDING_DEI,32494389,2025-05-14,S07,0001213900-25-043529,2025-05-15,2025-05-15,2026-10-08T23:10:07.602837+00:00,2025-05-14,point-in-time (filed),1,1,HIGH,,10-Q cover page; shares outstanding ≠ float (upper bound),14,81
GRML,GRML_C2025-08-04,2025-08-04,CONTROL,2025-08-04 (session date; post time unknown),America/New_York,2025-08-04 00:00 America/New_York (bars < T; sources with record date <= T-1 or publication <= T),B_SEC_OFFERING,DAYS_SINCE_LAST_OFFERING_FORM,7,2025-07-28,S07,0001213900-25-068301,2025-07-28,2025-07-29T01:12:58.000Z,2026-10-08T23:10:07.602837+00:00,2025-07-28,point-in-time (filing),1,1,HIGH,,filings before T: 173 · offering-class forms: 18 · last form 424B5,18,7
GRML,GRML_C2025-08-04,2025-08-04,CONTROL,2025-08-04 (session date; post time unknown),America/New_York,2025-08-04 00:00 America/New_York (bars < T; sources with record date <= T-1 or publication <= T),B_SEC_OFFERING,DAYS_SINCE_LAST_FINAL_PROSPECTUS,7,2025-07-28,S07,0001213900-25-068301,2025-07-28,2025-07-29T01:12:58.000Z,2026-10-08T23:10:07.602837+00:00,2025-07-28,point-in-time (filing),1,1,HIGH,,final prospectuses (424B1/B4/B5) before T: 2,2,7
GRML,GRML_C2025-08-04,2025-08-04,CONTROL,2025-08-04 (session date; post time unknown),America/New_York,2025-08-04 00:00 America/New_York (bars < T; sources with record date <= T-1 or publication <= T),C_BORROW,AVAILABLE_SHARES,,,S04/S05/S01,,,,,,,0,,NONE,NO_HISTORICAL_SOURCE,snapshots exist only after T,0,
GRML,GRML_C2025-08-04,2025-08-04,CONTROL,2025-08-04 (session date; post time unknown),America/New_York,2025-08-04 00:00 America/New_York (bars < T; sources with record date <= T-1 or publication <= T),D_SPLIT_AGE,SESSIONS_SINCE_LAST_REVERSE_SPLIT,NO_CONFIRMED_PRIOR_REVERSE_SPLIT,,S06,,2026-10-08,,2026-10-08,,CURRENT snapshot,0,1,MEDIUM,RECORD_NOT_APPLICABLE,splits listed (any): 1; none reverse before T,0,
YYAI,YYAI_C2026-01-22,2026-01-22,CONTROL,2026-01-22 (session date; post time unknown),America/New_York,2026-01-22 00:00 America/New_York (bars < T; sources with record date <= T-1 or publication <= T),A_FLOAT,FLOAT_SHARES,,,S01/S02/S03,,,,,,,0,,NONE,NO_RECORD_FOUND,value exists only after T (not usable),0,
YYAI,YYAI_C2026-01-22,2026-01-22,CONTROL,2026-01-22 (session date; post time unknown),America/New_York,2026-01-22 00:00 America/New_York (bars < T; sources with record date <= T-1 or publication <= T),A_FLOAT,SHARES_OUTSTANDING_DEI,18981535,2025-12-19,S07,0001493152-25-029123,2025-12-23,2025-12-23,2026-10-08T23:10:07.602837+00:00,2025-12-19,point-in-time (filed),1,1,HIGH,,10-Q cover page; shares outstanding ≠ float (upper bound),41,30
YYAI,YYAI_C2026-01-22,2026-01-22,CONTROL,2026-01-22 (session date; post time unknown),America/New_York,2026-01-22 00:00 America/New_York (bars < T; sources with record date <= T-1 or publication <= T),B_SEC_OFFERING,DAYS_SINCE_LAST_OFFERING_FORM,31,2025-12-22,S07,0001493152-25-028713,2025-12-22,2025-12-22T17:43:42.000Z,2026-10-08T23:10:07.602837+00:00,2025-12-22,point-in-time (filing),1,1,HIGH,,filings before T: 301 · offering-class forms: 42 · last form 424B5,42,31
YYAI,YYAI_C2026-01-22,2026-01-22,CONTROL,2026-01-22 (session date; post time unknown),America/New_York,2026-01-22 00:00 America/New_York (bars < T; sources with record date <= T-1 or publication <= T),B_SEC_OFFERING,DAYS_SINCE_LAST_FINAL_PROSPECTUS,31,2025-12-22,S07,0001493152-25-028713,2025-12-22,2025-12-22T17:43:42.000Z,2026-10-08T23:10:07.602837+00:00,2025-12-22,point-in-time (filing),1,1,HIGH,,final prospectuses (424B1/B4/B5) before T: 4,4,31
YYAI,YYAI_C2026-01-22,2026-01-22,CONTROL,2026-01-22 (session date; post time unknown),America/New_York,2026-01-22 00:00 America/New_York (bars < T; sources with record date <= T-1 or publication <= T),C_BORROW,AVAILABLE_SHARES,,,S04/S05/S01,,,,,,,0,,NONE,NO_HISTORICAL_SOURCE,snapshots exist only after T,0,
YYAI,YYAI_C2026-01-22,2026-01-22,CONTROL,2026-01-22 (session date; post time unknown),America/New_York,2026-01-22 00:00 America/New_York (bars < T; sources with record date <= T-1 or publication <= T),D_SPLIT_AGE,SESSIONS_SINCE_LAST_REVERSE_SPLIT,59,2025-10-27,S06,yahoo:2025-10-27:0.02,2026-10-08,unknown (vendor); SEC confirmation: 8-K item 5.03/3.03 within 21d: 2,2026-10-08,2025-10-27,CURRENT snapshot of historical dates,1,1,HIGH,,ratio=0.02; reverse splits before T: 3 (raw 3); calendar days 87,3,87
PFSA,PFSA_C2026-01-22,2026-01-22,CONTROL,2026-01-22 (session date; post time unknown),America/New_York,2026-01-22 00:00 America/New_York (bars < T; sources with record date <= T-1 or publication <= T),A_FLOAT,FLOAT_SHARES,,,S01/S02/S03,,,,,,,0,,NONE,NO_RECORD_FOUND,value exists only after T (not usable),0,
PFSA,PFSA_C2026-01-22,2026-01-22,CONTROL,2026-01-22 (session date; post time unknown),America/New_York,2026-01-22 00:00 America/New_York (bars < T; sources with record date <= T-1 or publication <= T),A_FLOAT,SHARES_OUTSTANDING_DEI,65680958,2025-11-18,S07,0001213900-25-112723,2025-11-19,2025-11-19,2026-10-08T23:10:07.602837+00:00,2025-11-18,point-in-time (filed),1,1,HIGH,,10-Q cover page; shares outstanding ≠ float (upper bound),16,64
PFSA,PFSA_C2026-01-22,2026-01-22,CONTROL,2026-01-22 (session date; post time unknown),America/New_York,2026-01-22 00:00 America/New_York (bars < T; sources with record date <= T-1 or publication <= T),B_SEC_OFFERING,DAYS_SINCE_LAST_OFFERING_FORM,30,2025-12-23,S07,0001213900-25-124950,2025-12-23,2025-12-23T19:43:26.000Z,2026-10-08T23:10:07.602837+00:00,2025-12-23,point-in-time (filing),1,1,HIGH,,filings before T: 224 · offering-class forms: 20 · last form 424B3,20,30
PFSA,PFSA_C2026-01-22,2026-01-22,CONTROL,2026-01-22 (session date; post time unknown),America/New_York,2026-01-22 00:00 America/New_York (bars < T; sources with record date <= T-1 or publication <= T),B_SEC_OFFERING,DAYS_SINCE_LAST_FINAL_PROSPECTUS,1492,2021-12-22,S07,0001213900-21-066875,2021-12-22,2021-12-22T20:17:12.000Z,2026-10-08T23:10:07.602837+00:00,2021-12-22,point-in-time (filing),1,1,HIGH,,final prospectuses (424B1/B4/B5) before T: 1,1,1492
PFSA,PFSA_C2026-01-22,2026-01-22,CONTROL,2026-01-22 (session date; post time unknown),America/New_York,2026-01-22 00:00 America/New_York (bars < T; sources with record date <= T-1 or publication <= T),C_BORROW,AVAILABLE_SHARES,,,S04/S05/S01,,,,,,,0,,NONE,NO_HISTORICAL_SOURCE,no snapshot source before T,0,
PFSA,PFSA_C2026-01-22,2026-01-22,CONTROL,2026-01-22 (session date; post time unknown),America/New_York,2026-01-22 00:00 America/New_York (bars < T; sources with record date <= T-1 or publication <= T),D_SPLIT_AGE,SESSIONS_SINCE_LAST_REVERSE_SPLIT,NO_CONFIRMED_PRIOR_REVERSE_SPLIT,,S06,,2026-10-08,,2026-10-08,,CURRENT snapshot,0,1,MEDIUM,RECORD_NOT_APPLICABLE,splits listed (any): 3; none reverse before T,0,
BTTC,BTTC_C2026-01-28,2026-01-28,CONTROL,2026-01-28 (session date; post time unknown),America/New_York,2026-01-28 00:00 America/New_York (bars < T; sources with record date <= T-1 or publication <= T),A_FLOAT,FLOAT_SHARES,,,S01/S02/S03,,,,,,,0,,NONE,NO_HISTORICAL_SOURCE,no bot record,0,
BTTC,BTTC_C2026-01-28,2026-01-28,CONTROL,2026-01-28 (session date; post time unknown),America/New_York,2026-01-28 00:00 America/New_York (bars < T; sources with record date <= T-1 or publication <= T),A_FLOAT,SHARES_OUTSTANDING_DEI,7723620,2025-11-28,S07,0001493152-25-025421,2025-11-28,2025-11-28,2026-10-08T23:10:07.602837+00:00,2025-11-28,point-in-time (filed),1,1,HIGH,,20-F cover page; shares outstanding ≠ float (upper bound),1,61
BTTC,BTTC_C2026-01-28,2026-01-28,CONTROL,2026-01-28 (session date; post time unknown),America/New_York,2026-01-28 00:00 America/New_York (bars < T; sources with record date <= T-1 or publication <= T),B_SEC_OFFERING,DAYS_SINCE_LAST_OFFERING_FORM,36,2025-12-23,S07,0001493152-25-029019,2025-12-23,2025-12-23T21:05:50.000Z,2026-10-08T23:10:07.602837+00:00,2025-12-23,point-in-time (filing),1,1,HIGH,,filings before T: 45 · offering-class forms: 11 · last form 424B3,11,36
BTTC,BTTC_C2026-01-28,2026-01-28,CONTROL,2026-01-28 (session date; post time unknown),America/New_York,2026-01-28 00:00 America/New_York (bars < T; sources with record date <= T-1 or publication <= T),B_SEC_OFFERING,DAYS_SINCE_LAST_FINAL_PROSPECTUS,,,S07,,,,2026-10-08T23:10:07.602837+00:00,,point-in-time (filing),1,1,HIGH,,final prospectuses (424B1/B4/B5) before T: 0,0,
BTTC,BTTC_C2026-01-28,2026-01-28,CONTROL,2026-01-28 (session date; post time unknown),America/New_York,2026-01-28 00:00 America/New_York (bars < T; sources with record date <= T-1 or publication <= T),C_BORROW,AVAILABLE_SHARES,,,S04/S05/S01,,,,,,,0,,NONE,NO_HISTORICAL_SOURCE,no snapshot source before T,0,
BTTC,BTTC_C2026-01-28,2026-01-28,CONTROL,2026-01-28 (session date; post time unknown),America/New_York,2026-01-28 00:00 America/New_York (bars < T; sources with record date <= T-1 or publication <= T),D_SPLIT_AGE,SESSIONS_SINCE_LAST_REVERSE_SPLIT,NO_CONFIRMED_PRIOR_REVERSE_SPLIT,,S06,,2026-10-08,,2026-10-08,,CURRENT snapshot,0,1,MEDIUM,RECORD_NOT_APPLICABLE,splits listed (any): 0; none reverse before T,0,
INDP,INDP_C2026-01-28,2026-01-28,CONTROL,2026-01-28 (session date; post time unknown),America/New_York,2026-01-28 00:00 America/New_York (bars < T; sources with record date <= T-1 or publication <= T),A_FLOAT,FLOAT_SHARES,,,S01/S02/S03,,,,,,,0,,NONE,NO_HISTORICAL_SOURCE,no bot record,0,
INDP,INDP_C2026-01-28,2026-01-28,CONTROL,2026-01-28 (session date; post time unknown),America/New_York,2026-01-28 00:00 America/New_York (bars < T; sources with record date <= T-1 or publication <= T),A_FLOAT,SHARES_OUTSTANDING_DEI,1751163,2025-11-11,S07,0001493152-25-021759,2025-11-12,2025-11-12,2026-10-08T23:10:07.602837+00:00,2025-11-11,point-in-time (filed),1,1,HIGH,,10-Q cover page; shares outstanding ≠ float (upper bound),19,77
INDP,INDP_C2026-01-28,2026-01-28,CONTROL,2026-01-28 (session date; post time unknown),America/New_York,2026-01-28 00:00 America/New_York (bars < T; sources with record date <= T-1 or publication <= T),B_SEC_OFFERING,DAYS_SINCE_LAST_OFFERING_FORM,147,2025-09-03,S07,0001641172-25-026333,2025-09-03,2025-09-03T21:27:38.000Z,2026-10-08T23:10:07.602837+00:00,2025-09-03,point-in-time (filing),1,1,HIGH,,filings before T: 291 · offering-class forms: 38 · last form S-1/A,38,147
INDP,INDP_C2026-01-28,2026-01-28,CONTROL,2026-01-28 (session date; post time unknown),America/New_York,2026-01-28 00:00 America/New_York (bars < T; sources with record date <= T-1 or publication <= T),B_SEC_OFFERING,DAYS_SINCE_LAST_FINAL_PROSPECTUS,148,2025-09-02,S07,0001493152-25-012530,2025-09-02,2025-09-02T17:14:20.000Z,2026-10-08T23:10:07.602837+00:00,2025-09-02,point-in-time (filing),1,1,HIGH,,final prospectuses (424B1/B4/B5) before T: 6,6,148
INDP,INDP_C2026-01-28,2026-01-28,CONTROL,2026-01-28 (session date; post time unknown),America/New_York,2026-01-28 00:00 America/New_York (bars < T; sources with record date <= T-1 or publication <= T),C_BORROW,AVAILABLE_SHARES,,,S04/S05/S01,,,,,,,0,,NONE,NO_HISTORICAL_SOURCE,no snapshot source before T,0,
INDP,INDP_C2026-01-28,2026-01-28,CONTROL,2026-01-28 (session date; post time unknown),America/New_York,2026-01-28 00:00 America/New_York (bars < T; sources with record date <= T-1 or publication <= T),D_SPLIT_AGE,SESSIONS_SINCE_LAST_REVERSE_SPLIT,147,2025-06-27,S06,yahoo:2025-06-27:0.03571428571428571,2026-10-08,unknown (vendor); SEC confirmation: 8-K item 5.03/3.03 within 21d: 1,2026-10-08,2025-06-27,CURRENT snapshot of historical dates,1,1,HIGH,,ratio=0.03571428571428571; reverse splits before T: 3 (raw 3); calendar days 215,3,215
GVH,GVH_C2026-01-28,2026-01-28,CONTROL,2026-01-28 (session date; post time unknown),America/New_York,2026-01-28 00:00 America/New_York (bars < T; sources with record date <= T-1 or publication <= T),A_FLOAT,FLOAT_SHARES,,,S01/S02/S03,,,,,,,0,,NONE,NO_RECORD_FOUND,value exists only after T (not usable),0,
GVH,GVH_C2026-01-28,2026-01-28,CONTROL,2026-01-28 (session date; post time unknown),America/New_York,2026-01-28 00:00 America/New_York (bars < T; sources with record date <= T-1 or publication <= T),A_FLOAT,SHARES_OUTSTANDING_DEI,14931123,2024-09-30,S07,0001493152-25-006117,2025-02-12,2025-02-12,2026-10-08T23:10:07.602837+00:00,2024-09-30,point-in-time (filed),1,1,HIGH,,20-F cover page; shares outstanding ≠ float (upper bound),2,350
GVH,GVH_C2026-01-28,2026-01-28,CONTROL,2026-01-28 (session date; post time unknown),America/New_York,2026-01-28 00:00 America/New_York (bars < T; sources with record date <= T-1 or publication <= T),B_SEC_OFFERING,DAYS_SINCE_LAST_OFFERING_FORM,26,2026-01-02,S07,0001213900-26-000329,2026-01-02,2026-01-02T18:24:35.000Z,2026-10-08T23:10:07.602837+00:00,2026-01-02,point-in-time (filing),1,1,HIGH,,filings before T: 80 · offering-class forms: 19 · last form 424B5,19,26
GVH,GVH_C2026-01-28,2026-01-28,CONTROL,2026-01-28 (session date; post time unknown),America/New_York,2026-01-28 00:00 America/New_York (bars < T; sources with record date <= T-1 or publication <= T),B_SEC_OFFERING,DAYS_SINCE_LAST_FINAL_PROSPECTUS,26,2026-01-02,S07,0001213900-26-000329,2026-01-02,2026-01-02T18:24:35.000Z,2026-10-08T23:10:07.602837+00:00,2026-01-02,point-in-time (filing),1,1,HIGH,,final prospectuses (424B1/B4/B5) before T: 3,3,26
GVH,GVH_C2026-01-28,2026-01-28,CONTROL,2026-01-28 (session date; post time unknown),America/New_York,2026-01-28 00:00 America/New_York (bars < T; sources with record date <= T-1 or publication <= T),C_BORROW,AVAILABLE_SHARES,,,S04/S05/S01,,,,,,,0,,NONE,NO_HISTORICAL_SOURCE,snapshots exist only after T,0,
GVH,GVH_C2026-01-28,2026-01-28,CONTROL,2026-01-28 (session date; post time unknown),America/New_York,2026-01-28 00:00 America/New_York (bars < T; sources with record date <= T-1 or publication <= T),D_SPLIT_AGE,SESSIONS_SINCE_LAST_REVERSE_SPLIT,132,2025-07-21,S06,yahoo:2025-07-21:0.005,2026-10-08,unknown (vendor); SEC confirmation: 8-K item 5.03/3.03 within 21d: 0,2026-10-08,2025-07-21,CURRENT snapshot of historical dates,0,1,MEDIUM,,ratio=0.005; reverse splits before T: 1 (raw 1); calendar days 191,1,191
MKDW,MKDW_C2026-01-28,2026-01-28,CONTROL,2026-01-28 (session date; post time unknown),America/New_York,2026-01-28 00:00 America/New_York (bars < T; sources with record date <= T-1 or publication <= T),A_FLOAT,FLOAT_SHARES,,,S01/S02/S03,,,,,,,0,,NONE,NO_RECORD_FOUND,value exists only after T (not usable),0,
MKDW,MKDW_C2026-01-28,2026-01-28,CONTROL,2026-01-28 (session date; post time unknown),America/New_York,2026-01-28 00:00 America/New_York (bars < T; sources with record date <= T-1 or publication <= T),A_FLOAT,SHARES_OUTSTANDING_DEI,18588342,2024-12-31,S07,0001641172-25-002607,2025-04-03,2025-04-03,2026-10-08T23:10:07.602837+00:00,2024-12-31,point-in-time (filed),1,1,HIGH,,20-F cover page; shares outstanding ≠ float (upper bound),1,300
MKDW,MKDW_C2026-01-28,2026-01-28,CONTROL,2026-01-28 (session date; post time unknown),America/New_York,2026-01-28 00:00 America/New_York (bars < T; sources with record date <= T-1 or publication <= T),B_SEC_OFFERING,DAYS_SINCE_LAST_OFFERING_FORM,259,2025-05-14,S07,0001641172-25-010296,2025-05-14,2025-05-14T20:30:20.000Z,2026-10-08T23:10:07.602837+00:00,2025-05-14,point-in-time (filing),1,1,HIGH,,filings before T: 87 · offering-class forms: 11 · last form 424B3,11,259
MKDW,MKDW_C2026-01-28,2026-01-28,CONTROL,2026-01-28 (session date; post time unknown),America/New_York,2026-01-28 00:00 America/New_York (bars < T; sources with record date <= T-1 or publication <= T),B_SEC_OFFERING,DAYS_SINCE_LAST_FINAL_PROSPECTUS,321,2025-03-13,S07,0001493152-25-010187,2025-03-13,2025-03-13T20:02:13.000Z,2026-10-08T23:10:07.602837+00:00,2025-03-13,point-in-time (filing),1,1,HIGH,,final prospectuses (424B1/B4/B5) before T: 1,1,321
MKDW,MKDW_C2026-01-28,2026-01-28,CONTROL,2026-01-28 (session date; post time unknown),America/New_York,2026-01-28 00:00 America/New_York (bars < T; sources with record date <= T-1 or publication <= T),C_BORROW,AVAILABLE_SHARES,,,S04/S05/S01,,,,,,,0,,NONE,NO_HISTORICAL_SOURCE,snapshots exist only after T,0,
MKDW,MKDW_C2026-01-28,2026-01-28,CONTROL,2026-01-28 (session date; post time unknown),America/New_York,2026-01-28 00:00 America/New_York (bars < T; sources with record date <= T-1 or publication <= T),D_SPLIT_AGE,SESSIONS_SINCE_LAST_REVERSE_SPLIT,2,2026-01-26,S06,yahoo:2026-01-26:0.03333333333333333,2026-10-08,unknown (vendor); SEC confirmation: 8-K item 5.03/3.03 within 21d: 0,2026-10-08,2026-01-26,CURRENT snapshot of historical dates,0,1,MEDIUM,,ratio=0.03333333333333333; reverse splits before T: 1 (raw 1); calendar days 2,1,2
BNC,BNC_C2026-03-30,2026-03-30,CONTROL,2026-03-30 (session date; post time unknown),America/New_York,2026-03-30 00:00 America/New_York (bars < T; sources with record date <= T-1 or publication <= T),A_FLOAT,FLOAT_SHARES,,,S01/S02/S03,,,,,,,0,,NONE,NO_RECORD_FOUND,value exists only after T (not usable),0,
BNC,BNC_C2026-03-30,2026-03-30,CONTROL,2026-03-30 (session date; post time unknown),America/New_York,2026-03-30 00:00 America/New_York (bars < T; sources with record date <= T-1 or publication <= T),A_FLOAT,SHARES_OUTSTANDING_DEI,42895841,2026-03-13,S07,0001493152-26-010296,2026-03-16,2026-03-16,2026-10-08T23:10:07.602837+00:00,2026-03-13,point-in-time (filed),1,1,HIGH,,10-Q cover page; shares outstanding ≠ float (upper bound),58,14
BNC,BNC_C2026-03-30,2026-03-30,CONTROL,2026-03-30 (session date; post time unknown),America/New_York,2026-03-30 00:00 America/New_York (bars < T; sources with record date <= T-1 or publication <= T),B_SEC_OFFERING,DAYS_SINCE_LAST_OFFERING_FORM,294,2025-06-09,S07,0001641172-25-014236,2025-06-09,2025-06-09T16:00:21.000Z,2026-10-08T23:10:07.602837+00:00,2025-06-09,point-in-time (filing),1,1,HIGH,,filings before T: 548 · offering-class forms: 24 · last form 424B5,24,294
BNC,BNC_C2026-03-30,2026-03-30,CONTROL,2026-03-30 (session date; post time unknown),America/New_York,2026-03-30 00:00 America/New_York (bars < T; sources with record date <= T-1 or publication <= T),B_SEC_OFFERING,DAYS_SINCE_LAST_FINAL_PROSPECTUS,294,2025-06-09,S07,0001641172-25-014236,2025-06-09,2025-06-09T16:00:21.000Z,2026-10-08T23:10:07.602837+00:00,2025-06-09,point-in-time (filing),1,1,HIGH,,final prospectuses (424B1/B4/B5) before T: 4,4,294
BNC,BNC_C2026-03-30,2026-03-30,CONTROL,2026-03-30 (session date; post time unknown),America/New_York,2026-03-30 00:00 America/New_York (bars < T; sources with record date <= T-1 or publication <= T),C_BORROW,AVAILABLE_SHARES,,,S04/S05/S01,,,,,,,0,,NONE,NO_HISTORICAL_SOURCE,no snapshot source before T,0,
BNC,BNC_C2026-03-30,2026-03-30,CONTROL,2026-03-30 (session date; post time unknown),America/New_York,2026-03-30 00:00 America/New_York (bars < T; sources with record date <= T-1 or publication <= T),D_SPLIT_AGE,SESSIONS_SINCE_LAST_REVERSE_SPLIT,309,2024-06-07,S06,yahoo:2024-06-07:0.08333333333333333,2026-10-08,unknown (vendor); SEC confirmation: 8-K item 5.03/3.03 within 21d: 1,2026-10-08,2024-06-07,CURRENT snapshot of historical dates,1,1,HIGH,,ratio=0.08333333333333333; reverse splits before T: 2 (raw 2); calendar days 661,2,661
CRVO,CRVO_C2026-03-30,2026-03-30,CONTROL,2026-03-30 (session date; post time unknown),America/New_York,2026-03-30 00:00 America/New_York (bars < T; sources with record date <= T-1 or publication <= T),A_FLOAT,FLOAT_SHARES,,,S01/S02/S03,,,,,,,0,,NONE,NO_RECORD_FOUND,value exists only after T (not usable),0,
CRVO,CRVO_C2026-03-30,2026-03-30,CONTROL,2026-03-30 (session date; post time unknown),America/New_York,2026-03-30 00:00 America/New_York (bars < T; sources with record date <= T-1 or publication <= T),A_FLOAT,SHARES_OUTSTANDING_DEI,9258719,2026-03-12,S07,0001437749-26-008259,2026-03-13,2026-03-13,2026-10-08T23:10:07.602837+00:00,2026-03-12,point-in-time (filed),1,1,HIGH,,10-K cover page; shares outstanding ≠ float (upper bound),58,17
CRVO,CRVO_C2026-03-30,2026-03-30,CONTROL,2026-03-30 (session date; post time unknown),America/New_York,2026-03-30 00:00 America/New_York (bars < T; sources with record date <= T-1 or publication <= T),B_SEC_OFFERING,DAYS_SINCE_LAST_OFFERING_FORM,143,2025-11-07,S07,0001437749-25-033900,2025-11-07,2025-11-07T22:27:11.000Z,2026-10-08T23:10:07.602837+00:00,2025-11-07,point-in-time (filing),1,1,HIGH,,filings before T: 954 · offering-class forms: 91 · last form S-8,91,143
CRVO,CRVO_C2026-03-30,2026-03-30,CONTROL,2026-03-30 (session date; post time unknown),America/New_York,2026-03-30 00:00 America/New_York (bars < T; sources with record date <= T-1 or publication <= T),B_SEC_OFFERING,DAYS_SINCE_LAST_FINAL_PROSPECTUS,322,2025-05-12,S07,0001437749-25-016167,2025-05-12,2025-05-12T21:13:43.000Z,2026-10-08T23:10:07.602837+00:00,2025-05-12,point-in-time (filing),1,1,HIGH,,final prospectuses (424B1/B4/B5) before T: 9,9,322
CRVO,CRVO_C2026-03-30,2026-03-30,CONTROL,2026-03-30 (session date; post time unknown),America/New_York,2026-03-30 00:00 America/New_York (bars < T; sources with record date <= T-1 or publication <= T),C_BORROW,AVAILABLE_SHARES,,,S04/S05/S01,,,,,,,0,,NONE,NO_HISTORICAL_SOURCE,snapshots exist only after T,0,
CRVO,CRVO_C2026-03-30,2026-03-30,CONTROL,2026-03-30 (session date; post time unknown),America/New_York,2026-03-30 00:00 America/New_York (bars < T; sources with record date <= T-1 or publication <= T),D_SPLIT_AGE,SESSIONS_SINCE_LAST_REVERSE_SPLIT,309,2023-08-17,S06,yahoo:2023-08-17:0.6666666666666666,2026-10-08,unknown (vendor); SEC confirmation: 8-K item 5.03/3.03 within 21d: 1,2026-10-08,2023-08-17,CURRENT snapshot of historical dates,1,1,HIGH,,ratio=0.6666666666666666; reverse splits before T: 5 (raw 5); calendar days 956,5,956
BNKK,BNKK_C2026-03-30,2026-03-30,CONTROL,2026-03-30 (session date; post time unknown),America/New_York,2026-03-30 00:00 America/New_York (bars < T; sources with record date <= T-1 or publication <= T),A_FLOAT,FLOAT_SHARES,,,S01/S02/S03,,,,,,,0,,NONE,NO_RECORD_FOUND,value exists only after T (not usable),0,
BNKK,BNKK_C2026-03-30,2026-03-30,CONTROL,2026-03-30 (session date; post time unknown),America/New_York,2026-03-30 00:00 America/New_York (bars < T; sources with record date <= T-1 or publication <= T),A_FLOAT,SHARES_OUTSTANDING_DEI,183976283,2025-11-15,S07,0001493152-25-024307,2025-11-19,2025-11-19,2026-10-08T23:10:07.602837+00:00,2025-11-15,point-in-time (filed),1,1,HIGH,,10-Q cover page; shares outstanding ≠ float (upper bound),22,131
BNKK,BNKK_C2026-03-30,2026-03-30,CONTROL,2026-03-30 (session date; post time unknown),America/New_York,2026-03-30 00:00 America/New_York (bars < T; sources with record date <= T-1 or publication <= T),B_SEC_OFFERING,DAYS_SINCE_LAST_OFFERING_FORM,55,2026-02-03,S07,0001493152-26-004916,2026-02-03,2026-02-03T21:24:32.000Z,2026-10-08T23:10:07.602837+00:00,2026-02-03,point-in-time (filing),1,1,HIGH,,filings before T: 587 · offering-class forms: 66 · last form 424B3,66,55
BNKK,BNKK_C2026-03-30,2026-03-30,CONTROL,2026-03-30 (session date; post time unknown),America/New_York,2026-03-30 00:00 America/New_York (bars < T; sources with record date <= T-1 or publication <= T),B_SEC_OFFERING,DAYS_SINCE_LAST_FINAL_PROSPECTUS,213,2025-08-29,S07,0001641172-25-025941,2025-08-29,2025-08-29T18:22:25.000Z,2026-10-08T23:10:07.602837+00:00,2025-08-29,point-in-time (filing),1,1,HIGH,,final prospectuses (424B1/B4/B5) before T: 18,18,213
BNKK,BNKK_C2026-03-30,2026-03-30,CONTROL,2026-03-30 (session date; post time unknown),America/New_York,2026-03-30 00:00 America/New_York (bars < T; sources with record date <= T-1 or publication <= T),C_BORROW,AVAILABLE_SHARES,,,S04/S05/S01,,,,,,,0,,NONE,NO_HISTORICAL_SOURCE,no snapshot source before T,0,
BNKK,BNKK_C2026-03-30,2026-03-30,CONTROL,2026-03-30 (session date; post time unknown),America/New_York,2026-03-30 00:00 America/New_York (bars < T; sources with record date <= T-1 or publication <= T),D_SPLIT_AGE,SESSIONS_SINCE_LAST_REVERSE_SPLIT,73,2025-12-11,S06,yahoo:2025-12-11:0.02857142857142857,2026-10-08,unknown (vendor); SEC confirmation: 8-K item 5.03/3.03 within 21d: 1,2026-10-08,2025-12-11,CURRENT snapshot of historical dates,1,1,HIGH,,ratio=0.02857142857142857; reverse splits before T: 1 (raw 1); calendar days 109,1,109
BIRD,BIRD_C2026-03-30,2026-03-30,CONTROL,2026-03-30 (session date; post time unknown),America/New_York,2026-03-30 00:00 America/New_York (bars < T; sources with record date <= T-1 or publication <= T),A_FLOAT,FLOAT_SHARES,,,S01/S02/S03,,,,,,,0,,NONE,NO_RECORD_FOUND,value exists only after T (not usable),0,
BIRD,BIRD_C2026-03-30,2026-03-30,CONTROL,2026-03-30 (session date; post time unknown),America/New_York,2026-03-30 00:00 America/New_York (bars < T; sources with record date <= T-1 or publication <= T),A_FLOAT,SHARES_OUTSTANDING_DEI,,,S07,,,,2026-10-08T23:10:07.602837+00:00,,,0,,NONE,NO_RECORD_FOUND,no dei:EntityCommonStockSharesOutstanding filed before T (foreign filers lack it),0,
BIRD,BIRD_C2026-03-30,2026-03-30,CONTROL,2026-03-30 (session date; post time unknown),America/New_York,2026-03-30 00:00 America/New_York (bars < T; sources with record date <= T-1 or publication <= T),B_SEC_OFFERING,DAYS_SINCE_LAST_OFFERING_FORM,252,2025-07-21,S07,0001193125-25-161278,2025-07-21,2025-07-19T02:07:16.000Z,2026-10-08T23:10:07.602837+00:00,2025-07-21,point-in-time (filing),1,1,HIGH,,filings before T: 281 · offering-class forms: 16 · last form 424B5,16,252
BIRD,BIRD_C2026-03-30,2026-03-30,CONTROL,2026-03-30 (session date; post time unknown),America/New_York,2026-03-30 00:00 America/New_York (bars < T; sources with record date <= T-1 or publication <= T),B_SEC_OFFERING,DAYS_SINCE_LAST_FINAL_PROSPECTUS,252,2025-07-21,S07,0001193125-25-161278,2025-07-21,2025-07-19T02:07:16.000Z,2026-10-08T23:10:07.602837+00:00,2025-07-21,point-in-time (filing),1,1,HIGH,,final prospectuses (424B1/B4/B5) before T: 2,2,252
BIRD,BIRD_C2026-03-30,2026-03-30,CONTROL,2026-03-30 (session date; post time unknown),America/New_York,2026-03-30 00:00 America/New_York (bars < T; sources with record date <= T-1 or publication <= T),C_BORROW,AVAILABLE_SHARES,,,S04/S05/S01,,,,,,,0,,NONE,NO_HISTORICAL_SOURCE,snapshots exist only after T,0,
BIRD,BIRD_C2026-03-30,2026-03-30,CONTROL,2026-03-30 (session date; post time unknown),America/New_York,2026-03-30 00:00 America/New_York (bars < T; sources with record date <= T-1 or publication <= T),D_SPLIT_AGE,SESSIONS_SINCE_LAST_REVERSE_SPLIT,309,2024-09-05,S06,yahoo:2024-09-05:0.05,2026-10-08,unknown (vendor); SEC confirmation: 8-K item 5.03/3.03 within 21d: 1,2026-10-08,2024-09-05,CURRENT snapshot of historical dates,1,1,HIGH,,ratio=0.05; reverse splits before T: 1 (raw 1); calendar days 571,1,571
RETO,RETO_C2026-03-30,2026-03-30,CONTROL,2026-03-30 (session date; post time unknown),America/New_York,2026-03-30 00:00 America/New_York (bars < T; sources with record date <= T-1 or publication <= T),A_FLOAT,FLOAT_SHARES,,,S01/S02/S03,,,,,,,0,,NONE,NO_RECORD_FOUND,value exists only after T (not usable),0,
RETO,RETO_C2026-03-30,2026-03-30,CONTROL,2026-03-30 (session date; post time unknown),America/New_York,2026-03-30 00:00 America/New_York (bars < T; sources with record date <= T-1 or publication <= T),A_FLOAT,SHARES_OUTSTANDING_DEI,43398885,2022-12-31,S07,0001213900-23-034833,2023-05-01,2023-05-01,2026-10-08T23:10:07.602837+00:00,2022-12-31,point-in-time (filed),1,1,HIGH,,20-F cover page; shares outstanding ≠ float (upper bound),7,1064
RETO,RETO_C2026-03-30,2026-03-30,CONTROL,2026-03-30 (session date; post time unknown),America/New_York,2026-03-30 00:00 America/New_York (bars < T; sources with record date <= T-1 or publication <= T),B_SEC_OFFERING,DAYS_SINCE_LAST_OFFERING_FORM,53,2026-02-05,S07,0001213900-26-012491,2026-02-05,2026-02-05T02:32:05.000Z,2026-10-08T23:10:07.602837+00:00,2026-02-05,point-in-time (filing),1,1,HIGH,,filings before T: 212 · offering-class forms: 30 · last form S-8,30,53
RETO,RETO_C2026-03-30,2026-03-30,CONTROL,2026-03-30 (session date; post time unknown),America/New_York,2026-03-30 00:00 America/New_York (bars < T; sources with record date <= T-1 or publication <= T),B_SEC_OFFERING,DAYS_SINCE_LAST_FINAL_PROSPECTUS,157,2025-10-24,S07,0001213900-25-102262,2025-10-24,2025-10-24T21:13:05.000Z,2026-10-08T23:10:07.602837+00:00,2025-10-24,point-in-time (filing),1,1,HIGH,,final prospectuses (424B1/B4/B5) before T: 5,5,157
RETO,RETO_C2026-03-30,2026-03-30,CONTROL,2026-03-30 (session date; post time unknown),America/New_York,2026-03-30 00:00 America/New_York (bars < T; sources with record date <= T-1 or publication <= T),C_BORROW,AVAILABLE_SHARES,,,S04/S05/S01,,,,,,,0,,NONE,NO_HISTORICAL_SOURCE,no snapshot source before T,0,
RETO,RETO_C2026-03-30,2026-03-30,CONTROL,2026-03-30 (session date; post time unknown),America/New_York,2026-03-30 00:00 America/New_York (bars < T; sources with record date <= T-1 or publication <= T),D_SPLIT_AGE,SESSIONS_SINCE_LAST_REVERSE_SPLIT,100,2025-11-03,S06,yahoo:2025-11-03:0.2,2026-10-08,unknown (vendor); SEC confirmation: 8-K item 5.03/3.03 within 21d: 0,2026-10-08,2025-11-03,CURRENT snapshot of historical dates,0,1,MEDIUM,,ratio=0.2; reverse splits before T: 3 (raw 4); calendar days 147,3,147
AFJK,AFJK_C2026-03-30,2026-03-30,CONTROL,2026-03-30 (session date; post time unknown),America/New_York,2026-03-30 00:00 America/New_York (bars < T; sources with record date <= T-1 or publication <= T),A_FLOAT,FLOAT_SHARES,,,S01/S02/S03,,,,,,,0,,NONE,NO_RECORD_FOUND,value exists only after T (not usable),0,
AFJK,AFJK_C2026-03-30,2026-03-30,CONTROL,2026-03-30 (session date; post time unknown),America/New_York,2026-03-30 00:00 America/New_York (bars < T; sources with record date <= T-1 or publication <= T),A_FLOAT,SHARES_OUTSTANDING_DEI,6121733,2025-11-18,S07,0001493152-25-024062,2025-11-18,2025-11-18,2026-10-08T23:10:07.602837+00:00,2025-11-18,point-in-time (filed),1,1,HIGH,,10-Q cover page; shares outstanding ≠ float (upper bound),9,132
AFJK,AFJK_C2026-03-30,2026-03-30,CONTROL,2026-03-30 (session date; post time unknown),America/New_York,2026-03-30 00:00 America/New_York (bars < T; sources with record date <= T-1 or publication <= T),B_SEC_OFFERING,DAYS_SINCE_LAST_OFFERING_FORM,846,2023-12-05,S07,0001493152-23-043705,2023-12-05,2023-12-06T02:33:13.000Z,2026-10-08T23:10:07.602837+00:00,2023-12-05,point-in-time (filing),1,1,HIGH,,filings before T: 102 · offering-class forms: 8 · last form 424B4,8,846
AFJK,AFJK_C2026-03-30,2026-03-30,CONTROL,2026-03-30 (session date; post time unknown),America/New_York,2026-03-30 00:00 America/New_York (bars < T; sources with record date <= T-1 or publication <= T),B_SEC_OFFERING,DAYS_SINCE_LAST_FINAL_PROSPECTUS,846,2023-12-05,S07,0001493152-23-043705,2023-12-05,2023-12-06T02:33:13.000Z,2026-10-08T23:10:07.602837+00:00,2023-12-05,point-in-time (filing),1,1,HIGH,,final prospectuses (424B1/B4/B5) before T: 1,1,846
AFJK,AFJK_C2026-03-30,2026-03-30,CONTROL,2026-03-30 (session date; post time unknown),America/New_York,2026-03-30 00:00 America/New_York (bars < T; sources with record date <= T-1 or publication <= T),C_BORROW,AVAILABLE_SHARES,,,S04/S05/S01,,,,,,,0,,NONE,NO_HISTORICAL_SOURCE,snapshots exist only after T,0,
AFJK,AFJK_C2026-03-30,2026-03-30,CONTROL,2026-03-30 (session date; post time unknown),America/New_York,2026-03-30 00:00 America/New_York (bars < T; sources with record date <= T-1 or publication <= T),D_SPLIT_AGE,SESSIONS_SINCE_LAST_REVERSE_SPLIT,NO_CONFIRMED_PRIOR_REVERSE_SPLIT,,S06,,2026-10-08,,2026-10-08,,CURRENT snapshot,0,1,MEDIUM,RECORD_NOT_APPLICABLE,splits listed (any): 0; none reverse before T,0,
FCUV,FCUV_C2026-03-30,2026-03-30,CONTROL,2026-03-30 (session date; post time unknown),America/New_York,2026-03-30 00:00 America/New_York (bars < T; sources with record date <= T-1 or publication <= T),A_FLOAT,FLOAT_SHARES,,,S01/S02/S03,,,,,,,0,,NONE,NO_RECORD_FOUND,value exists only after T (not usable),0,
FCUV,FCUV_C2026-03-30,2026-03-30,CONTROL,2026-03-30 (session date; post time unknown),America/New_York,2026-03-30 00:00 America/New_York (bars < T; sources with record date <= T-1 or publication <= T),A_FLOAT,SHARES_OUTSTANDING_DEI,7386705,2025-11-10,S07,0001683168-25-008135,2025-11-10,2025-11-10,2026-10-08T23:10:07.602837+00:00,2025-11-10,point-in-time (filed),1,1,HIGH,,10-Q cover page; shares outstanding ≠ float (upper bound),48,140
FCUV,FCUV_C2026-03-30,2026-03-30,CONTROL,2026-03-30 (session date; post time unknown),America/New_York,2026-03-30 00:00 America/New_York (bars < T; sources with record date <= T-1 or publication <= T),B_SEC_OFFERING,DAYS_SINCE_LAST_OFFERING_FORM,102,2025-12-18,S07,9999999995-25-003846,2025-12-18,2025-12-19T05:15:55.000Z,2026-10-08T23:10:07.602837+00:00,2025-12-18,point-in-time (filing),1,1,HIGH,,filings before T: 259 · offering-class forms: 45 · last form EFFECT,45,102
FCUV,FCUV_C2026-03-30,2026-03-30,CONTROL,2026-03-30 (session date; post time unknown),America/New_York,2026-03-30 00:00 America/New_York (bars < T; sources with record date <= T-1 or publication <= T),B_SEC_OFFERING,DAYS_SINCE_LAST_FINAL_PROSPECTUS,189,2025-09-22,S07,0001683168-25-007180,2025-09-22,2025-09-22T21:25:04.000Z,2026-10-08T23:10:07.602837+00:00,2025-09-22,point-in-time (filing),1,1,HIGH,,final prospectuses (424B1/B4/B5) before T: 9,9,189
FCUV,FCUV_C2026-03-30,2026-03-30,CONTROL,2026-03-30 (session date; post time unknown),America/New_York,2026-03-30 00:00 America/New_York (bars < T; sources with record date <= T-1 or publication <= T),C_BORROW,AVAILABLE_SHARES,,,S04/S05/S01,,,,,,,0,,NONE,NO_HISTORICAL_SOURCE,snapshots exist only after T,0,
FCUV,FCUV_C2026-03-30,2026-03-30,CONTROL,2026-03-30 (session date; post time unknown),America/New_York,2026-03-30 00:00 America/New_York (bars < T; sources with record date <= T-1 or publication <= T),D_SPLIT_AGE,SESSIONS_SINCE_LAST_REVERSE_SPLIT,34,2026-02-09,S06,yahoo:2026-02-09:0.1,2026-10-08,unknown (vendor); SEC confirmation: 8-K item 5.03/3.03 within 21d: 1,2026-10-08,2026-02-09,CURRENT snapshot of historical dates,1,1,HIGH,,ratio=0.1; reverse splits before T: 2 (raw 2); calendar days 49,2,49
AEHL,AEHL_C2026-03-30,2026-03-30,CONTROL,2026-03-30 (session date; post time unknown),America/New_York,2026-03-30 00:00 America/New_York (bars < T; sources with record date <= T-1 or publication <= T),A_FLOAT,FLOAT_SHARES,,,S01/S02/S03,,,,,,,0,,NONE,NO_RECORD_FOUND,value exists only after T (not usable),0,
AEHL,AEHL_C2026-03-30,2026-03-30,CONTROL,2026-03-30 (session date; post time unknown),America/New_York,2026-03-30 00:00 America/New_York (bars < T; sources with record date <= T-1 or publication <= T),A_FLOAT,SHARES_OUTSTANDING_DEI,4580547,2025-09-30,S07,0001493152-26-004260,2026-01-29,2026-01-29,2026-10-08T23:10:07.602837+00:00,2025-09-30,point-in-time (filed),1,1,HIGH,,20-F cover page; shares outstanding ≠ float (upper bound),12,60
AEHL,AEHL_C2026-03-30,2026-03-30,CONTROL,2026-03-30 (session date; post time unknown),America/New_York,2026-03-30 00:00 America/New_York (bars < T; sources with record date <= T-1 or publication <= T),B_SEC_OFFERING,DAYS_SINCE_LAST_OFFERING_FORM,251,2025-07-22,S07,0001641172-25-020601,2025-07-22,2025-07-22T20:57:53.000Z,2026-10-08T23:10:07.602837+00:00,2025-07-22,point-in-time (filing),1,1,HIGH,,filings before T: 421 · offering-class forms: 84 · last form F-3,84,251
AEHL,AEHL_C2026-03-30,2026-03-30,CONTROL,2026-03-30 (session date; post time unknown),America/New_York,2026-03-30 00:00 America/New_York (bars < T; sources with record date <= T-1 or publication <= T),B_SEC_OFFERING,DAYS_SINCE_LAST_FINAL_PROSPECTUS,468,2024-12-17,S07,0001493152-24-050334,2024-12-17,2024-12-17T13:35:47.000Z,2026-10-08T23:10:07.602837+00:00,2024-12-17,point-in-time (filing),1,1,HIGH,,final prospectuses (424B1/B4/B5) before T: 20,20,468
AEHL,AEHL_C2026-03-30,2026-03-30,CONTROL,2026-03-30 (session date; post time unknown),America/New_York,2026-03-30 00:00 America/New_York (bars < T; sources with record date <= T-1 or publication <= T),C_BORROW,AVAILABLE_SHARES,,,S04/S05/S01,,,,,,,0,,NONE,NO_HISTORICAL_SOURCE,no snapshot source before T,0,
AEHL,AEHL_C2026-03-30,2026-03-30,CONTROL,2026-03-30 (session date; post time unknown),America/New_York,2026-03-30 00:00 America/New_York (bars < T; sources with record date <= T-1 or publication <= T),D_SPLIT_AGE,SESSIONS_SINCE_LAST_REVERSE_SPLIT,17,2026-03-05,S06,yahoo:2026-03-05:0.16666666666666666,2026-10-08,unknown (vendor); SEC confirmation: 8-K item 5.03/3.03 within 21d: 0,2026-10-08,2026-03-05,CURRENT snapshot of historical dates,0,1,MEDIUM,,ratio=0.16666666666666666; reverse splits before T: 5 (raw 5); calendar days 25,5,25
ASST,ASST_C2026-04-06,2026-04-06,CONTROL,2026-04-06 (session date; post time unknown),America/New_York,2026-04-06 00:00 America/New_York (bars < T; sources with record date <= T-1 or publication <= T),A_FLOAT,FLOAT_SHARES,,,S01/S02/S03,,,,,,,0,,NONE,NO_RECORD_FOUND,value exists only after T (not usable),0,
ASST,ASST_C2026-04-06,2026-04-06,CONTROL,2026-04-06 (session date; post time unknown),America/New_York,2026-04-06 00:00 America/New_York (bars < T; sources with record date <= T-1 or publication <= T),A_FLOAT,SHARES_OUTSTANDING_DEI,,,S07,,,,2026-10-08T23:10:07.602837+00:00,,,0,,NONE,NO_RECORD_FOUND,no dei:EntityCommonStockSharesOutstanding filed before T (foreign filers lack it),0,
ASST,ASST_C2026-04-06,2026-04-06,CONTROL,2026-04-06 (session date; post time unknown),America/New_York,2026-04-06 00:00 America/New_York (bars < T; sources with record date <= T-1 or publication <= T),B_SEC_OFFERING,DAYS_SINCE_LAST_OFFERING_FORM,60,2026-02-05,S07,0000950103-26-001719,2026-02-05,2026-02-06T03:17:30.000Z,2026-10-08T23:10:07.602837+00:00,2026-02-05,point-in-time (filing),1,1,HIGH,,filings before T: 839 · offering-class forms: 52 · last form S-8,52,60
ASST,ASST_C2026-04-06,2026-04-06,CONTROL,2026-04-06 (session date; post time unknown),America/New_York,2026-04-06 00:00 America/New_York (bars < T; sources with record date <= T-1 or publication <= T),B_SEC_OFFERING,DAYS_SINCE_LAST_FINAL_PROSPECTUS,73,2026-01-23,S07,0001140361-26-002238,2026-01-23,2026-01-24T03:00:59.000Z,2026-10-08T23:10:07.602837+00:00,2026-01-23,point-in-time (filing),1,1,HIGH,,final prospectuses (424B1/B4/B5) before T: 12,12,73
ASST,ASST_C2026-04-06,2026-04-06,CONTROL,2026-04-06 (session date; post time unknown),America/New_York,2026-04-06 00:00 America/New_York (bars < T; sources with record date <= T-1 or publication <= T),C_BORROW,AVAILABLE_SHARES,,,S04/S05/S01,,,,,,,0,,NONE,NO_HISTORICAL_SOURCE,snapshots exist only after T,0,
ASST,ASST_C2026-04-06,2026-04-06,CONTROL,2026-04-06 (session date; post time unknown),America/New_York,2026-04-06 00:00 America/New_York (bars < T; sources with record date <= T-1 or publication <= T),D_SPLIT_AGE,SESSIONS_SINCE_LAST_REVERSE_SPLIT,39,2026-02-06,S06,yahoo:2026-02-06:0.05,2026-10-08,unknown (vendor); SEC confirmation: 8-K item 5.03/3.03 within 21d: 1,2026-10-08,2026-02-06,CURRENT snapshot of historical dates,1,1,HIGH,,ratio=0.05; reverse splits before T: 2 (raw 2); calendar days 59,2,59
HTCO,HTCO_C2026-04-06,2026-04-06,CONTROL,2026-04-06 (session date; post time unknown),America/New_York,2026-04-06 00:00 America/New_York (bars < T; sources with record date <= T-1 or publication <= T),A_FLOAT,FLOAT_SHARES,,,S01/S02/S03,,,,,,,0,,NONE,NO_RECORD_FOUND,value exists only after T (not usable),0,
HTCO,HTCO_C2026-04-06,2026-04-06,CONTROL,2026-04-06 (session date; post time unknown),America/New_York,2026-04-06 00:00 America/New_York (bars < T; sources with record date <= T-1 or publication <= T),A_FLOAT,SHARES_OUTSTANDING_DEI,6632441,2025-10-31,S07,0001213900-26-007246,2026-01-23,2026-01-23,2026-10-08T23:10:07.602837+00:00,2025-10-31,point-in-time (filed),1,1,HIGH,,20-F cover page; shares outstanding ≠ float (upper bound),4,73
HTCO,HTCO_C2026-04-06,2026-04-06,CONTROL,2026-04-06 (session date; post time unknown),America/New_York,2026-04-06 00:00 America/New_York (bars < T; sources with record date <= T-1 or publication <= T),B_SEC_OFFERING,DAYS_SINCE_LAST_OFFERING_FORM,119,2025-12-08,S07,9999999995-25-003570,2025-12-08,2025-12-09T05:15:17.000Z,2026-10-08T23:10:07.602837+00:00,2025-12-08,point-in-time (filing),1,1,HIGH,,filings before T: 108 · offering-class forms: 7 · last form EFFECT,7,119
HTCO,HTCO_C2026-04-06,2026-04-06,CONTROL,2026-04-06 (session date; post time unknown),America/New_York,2026-04-06 00:00 America/New_York (bars < T; sources with record date <= T-1 or publication <= T),B_SEC_OFFERING,DAYS_SINCE_LAST_FINAL_PROSPECTUS,,,S07,,,,2026-10-08T23:10:07.602837+00:00,,point-in-time (filing),1,1,HIGH,,final prospectuses (424B1/B4/B5) before T: 0,0,
HTCO,HTCO_C2026-04-06,2026-04-06,CONTROL,2026-04-06 (session date; post time unknown),America/New_York,2026-04-06 00:00 America/New_York (bars < T; sources with record date <= T-1 or publication <= T),C_BORROW,AVAILABLE_SHARES,,,S04/S05/S01,,,,,,,0,,NONE,NO_HISTORICAL_SOURCE,snapshots exist only after T,0,
HTCO,HTCO_C2026-04-06,2026-04-06,CONTROL,2026-04-06 (session date; post time unknown),America/New_York,2026-04-06 00:00 America/New_York (bars < T; sources with record date <= T-1 or publication <= T),D_SPLIT_AGE,SESSIONS_SINCE_LAST_REVERSE_SPLIT,164,2025-08-08,S06,yahoo:2025-08-08:0.04,2026-10-08,unknown (vendor); SEC confirmation: 8-K item 5.03/3.03 within 21d: 0,2026-10-08,2025-08-08,CURRENT snapshot of historical dates,0,1,MEDIUM,,ratio=0.04; reverse splits before T: 1 (raw 1); calendar days 241,1,241
QCLS,QCLS_C2026-04-06,2026-04-06,CONTROL,2026-04-06 (session date; post time unknown),America/New_York,2026-04-06 00:00 America/New_York (bars < T; sources with record date <= T-1 or publication <= T),A_FLOAT,FLOAT_SHARES,,,S01/S02/S03,,,,,,,0,,NONE,NO_RECORD_FOUND,value exists only after T (not usable),0,
QCLS,QCLS_C2026-04-06,2026-04-06,CONTROL,2026-04-06 (session date; post time unknown),America/New_York,2026-04-06 00:00 America/New_York (bars < T; sources with record date <= T-1 or publication <= T),A_FLOAT,SHARES_OUTSTANDING_DEI,4166760,2025-11-17,S07,0001493152-25-024320,2025-11-19,2025-11-19,2026-10-08T23:10:07.602837+00:00,2025-11-17,point-in-time (filed),1,1,HIGH,,10-Q cover page; shares outstanding ≠ float (upper bound),51,138
QCLS,QCLS_C2026-04-06,2026-04-06,CONTROL,2026-04-06 (session date; post time unknown),America/New_York,2026-04-06 00:00 America/New_York (bars < T; sources with record date <= T-1 or publication <= T),B_SEC_OFFERING,DAYS_SINCE_LAST_OFFERING_FORM,48,2026-02-17,S07,9999999995-26-000618,2026-02-17,2026-02-18T05:15:06.000Z,2026-10-08T23:10:07.602837+00:00,2026-02-17,point-in-time (filing),1,1,HIGH,,filings before T: 586 · offering-class forms: 66 · last form EFFECT,66,48
QCLS,QCLS_C2026-04-06,2026-04-06,CONTROL,2026-04-06 (session date; post time unknown),America/New_York,2026-04-06 00:00 America/New_York (bars < T; sources with record date <= T-1 or publication <= T),B_SEC_OFFERING,DAYS_SINCE_LAST_FINAL_PROSPECTUS,1138,2023-02-23,S07,0001493152-23-005833,2023-02-23,2023-02-23T14:00:26.000Z,2026-10-08T23:10:07.602837+00:00,2023-02-23,point-in-time (filing),1,1,HIGH,,final prospectuses (424B1/B4/B5) before T: 13,13,1138
QCLS,QCLS_C2026-04-06,2026-04-06,CONTROL,2026-04-06 (session date; post time unknown),America/New_York,2026-04-06 00:00 America/New_York (bars < T; sources with record date <= T-1 or publication <= T),C_BORROW,AVAILABLE_SHARES,,,S04/S05/S01,,,,,,,0,,NONE,NO_HISTORICAL_SOURCE,no snapshot source before T,0,
QCLS,QCLS_C2026-04-06,2026-04-06,CONTROL,2026-04-06 (session date; post time unknown),America/New_York,2026-04-06 00:00 America/New_York (bars < T; sources with record date <= T-1 or publication <= T),D_SPLIT_AGE,SESSIONS_SINCE_LAST_REVERSE_SPLIT,148,2025-09-02,S06,yahoo:2025-09-02:0.01,2026-10-08,unknown (vendor); SEC confirmation: 8-K item 5.03/3.03 within 21d: 2,2026-10-08,2025-09-02,CURRENT snapshot of historical dates,1,1,HIGH,,ratio=0.01; reverse splits before T: 5 (raw 5); calendar days 216,5,216
DFDV,DFDV_C2026-04-06,2026-04-06,CONTROL,2026-04-06 (session date; post time unknown),America/New_York,2026-04-06 00:00 America/New_York (bars < T; sources with record date <= T-1 or publication <= T),A_FLOAT,FLOAT_SHARES,,,S01/S02/S03,,,,,,,0,,NONE,NO_RECORD_FOUND,value exists only after T (not usable),0,
DFDV,DFDV_C2026-04-06,2026-04-06,CONTROL,2026-04-06 (session date; post time unknown),America/New_York,2026-04-06 00:00 America/New_York (bars < T; sources with record date <= T-1 or publication <= T),A_FLOAT,SHARES_OUTSTANDING_DEI,29497394,2026-03-30,S07,0001805526-26-000006,2026-03-30,2026-03-30,2026-10-08T23:10:07.602837+00:00,2026-03-30,point-in-time (filed),1,1,HIGH,,10-K cover page; shares outstanding ≠ float (upper bound),12,7
DFDV,DFDV_C2026-04-06,2026-04-06,CONTROL,2026-04-06 (session date; post time unknown),America/New_York,2026-04-06 00:00 America/New_York (bars < T; sources with record date <= T-1 or publication <= T),B_SEC_OFFERING,DAYS_SINCE_LAST_OFFERING_FORM,67,2026-01-29,S07,0001213900-26-009535,2026-01-29,2026-01-30T02:31:54.000Z,2026-10-08T23:10:07.602837+00:00,2026-01-29,point-in-time (filing),1,1,HIGH,,filings before T: 259 · offering-class forms: 38 · last form S-8,38,67
DFDV,DFDV_C2026-04-06,2026-04-06,CONTROL,2026-04-06 (session date; post time unknown),America/New_York,2026-04-06 00:00 America/New_York (bars < T; sources with record date <= T-1 or publication <= T),B_SEC_OFFERING,DAYS_SINCE_LAST_FINAL_PROSPECTUS,335,2025-05-06,S07,0001213900-25-039900,2025-05-06,2025-05-06T15:35:38.000Z,2026-10-08T23:10:07.602837+00:00,2025-05-06,point-in-time (filing),1,1,HIGH,,final prospectuses (424B1/B4/B5) before T: 5,5,335
DFDV,DFDV_C2026-04-06,2026-04-06,CONTROL,2026-04-06 (session date; post time unknown),America/New_York,2026-04-06 00:00 America/New_York (bars < T; sources with record date <= T-1 or publication <= T),C_BORROW,AVAILABLE_SHARES,,,S04/S05/S01,,,,,,,0,,NONE,NO_HISTORICAL_SOURCE,no snapshot source before T,0,
DFDV,DFDV_C2026-04-06,2026-04-06,CONTROL,2026-04-06 (session date; post time unknown),America/New_York,2026-04-06 00:00 America/New_York (bars < T; sources with record date <= T-1 or publication <= T),D_SPLIT_AGE,SESSIONS_SINCE_LAST_REVERSE_SPLIT,313,2024-12-30,S06,yahoo:2024-12-30:0.125,2026-10-08,unknown (vendor); SEC confirmation: 8-K item 5.03/3.03 within 21d: 2,2026-10-08,2024-12-30,CURRENT snapshot of historical dates,1,1,HIGH,,ratio=0.125; reverse splits before T: 1 (raw 1); calendar days 462,1,462
BIRD,BIRD_C2026-04-13,2026-04-13,CONTROL,2026-04-13 (session date; post time unknown),America/New_York,2026-04-13 00:00 America/New_York (bars < T; sources with record date <= T-1 or publication <= T),A_FLOAT,FLOAT_SHARES,,,S01/S02/S03,,,,,,,0,,NONE,NO_RECORD_FOUND,value exists only after T (not usable),0,
BIRD,BIRD_C2026-04-13,2026-04-13,CONTROL,2026-04-13 (session date; post time unknown),America/New_York,2026-04-13 00:00 America/New_York (bars < T; sources with record date <= T-1 or publication <= T),A_FLOAT,SHARES_OUTSTANDING_DEI,,,S07,,,,2026-10-08T23:10:07.602837+00:00,,,0,,NONE,NO_RECORD_FOUND,no dei:EntityCommonStockSharesOutstanding filed before T (foreign filers lack it),0,
BIRD,BIRD_C2026-04-13,2026-04-13,CONTROL,2026-04-13 (session date; post time unknown),America/New_York,2026-04-13 00:00 America/New_York (bars < T; sources with record date <= T-1 or publication <= T),B_SEC_OFFERING,DAYS_SINCE_LAST_OFFERING_FORM,266,2025-07-21,S07,0001193125-25-161278,2025-07-21,2025-07-19T02:07:16.000Z,2026-10-08T23:10:07.602837+00:00,2025-07-21,point-in-time (filing),1,1,HIGH,,filings before T: 284 · offering-class forms: 16 · last form 424B5,16,266
BIRD,BIRD_C2026-04-13,2026-04-13,CONTROL,2026-04-13 (session date; post time unknown),America/New_York,2026-04-13 00:00 America/New_York (bars < T; sources with record date <= T-1 or publication <= T),B_SEC_OFFERING,DAYS_SINCE_LAST_FINAL_PROSPECTUS,266,2025-07-21,S07,0001193125-25-161278,2025-07-21,2025-07-19T02:07:16.000Z,2026-10-08T23:10:07.602837+00:00,2025-07-21,point-in-time (filing),1,1,HIGH,,final prospectuses (424B1/B4/B5) before T: 2,2,266
BIRD,BIRD_C2026-04-13,2026-04-13,CONTROL,2026-04-13 (session date; post time unknown),America/New_York,2026-04-13 00:00 America/New_York (bars < T; sources with record date <= T-1 or publication <= T),C_BORROW,AVAILABLE_SHARES,,,S04/S05/S01,,,,,,,0,,NONE,NO_HISTORICAL_SOURCE,snapshots exist only after T,0,
BIRD,BIRD_C2026-04-13,2026-04-13,CONTROL,2026-04-13 (session date; post time unknown),America/New_York,2026-04-13 00:00 America/New_York (bars < T; sources with record date <= T-1 or publication <= T),D_SPLIT_AGE,SESSIONS_SINCE_LAST_REVERSE_SPLIT,318,2024-09-05,S06,yahoo:2024-09-05:0.05,2026-10-08,unknown (vendor); SEC confirmation: 8-K item 5.03/3.03 within 21d: 1,2026-10-08,2024-09-05,CURRENT snapshot of historical dates,1,1,HIGH,,ratio=0.05; reverse splits before T: 1 (raw 1); calendar days 585,1,585
SXTP,SXTP_C2026-04-13,2026-04-13,CONTROL,2026-04-13 (session date; post time unknown),America/New_York,2026-04-13 00:00 America/New_York (bars < T; sources with record date <= T-1 or publication <= T),A_FLOAT,FLOAT_SHARES,,,S01/S02/S03,,,,,,,0,,NONE,NO_RECORD_FOUND,value exists only after T (not usable),0,
SXTP,SXTP_C2026-04-13,2026-04-13,CONTROL,2026-04-13 (session date; post time unknown),America/New_York,2026-04-13 00:00 America/New_York (bars < T; sources with record date <= T-1 or publication <= T),A_FLOAT,SHARES_OUTSTANDING_DEI,2636788,2026-03-30,S07,0001554855-26-000467,2026-03-30,2026-03-30,2026-10-08T23:10:07.602837+00:00,2026-03-30,point-in-time (filed),1,1,HIGH,,10-K cover page; shares outstanding ≠ float (upper bound),11,14
SXTP,SXTP_C2026-04-13,2026-04-13,CONTROL,2026-04-13 (session date; post time unknown),America/New_York,2026-04-13 00:00 America/New_York (bars < T; sources with record date <= T-1 or publication <= T),B_SEC_OFFERING,DAYS_SINCE_LAST_OFFERING_FORM,31,2026-03-13,S07,0001213900-26-027763,2026-03-13,2026-03-14T01:17:36.000Z,2026-10-08T23:10:07.602837+00:00,2026-03-13,point-in-time (filing),1,1,HIGH,,filings before T: 196 · offering-class forms: 31 · last form 424B5,31,31
SXTP,SXTP_C2026-04-13,2026-04-13,CONTROL,2026-04-13 (session date; post time unknown),America/New_York,2026-04-13 00:00 America/New_York (bars < T; sources with record date <= T-1 or publication <= T),B_SEC_OFFERING,DAYS_SINCE_LAST_FINAL_PROSPECTUS,31,2026-03-13,S07,0001213900-26-027763,2026-03-13,2026-03-14T01:17:36.000Z,2026-10-08T23:10:07.602837+00:00,2026-03-13,point-in-time (filing),1,1,HIGH,,final prospectuses (424B1/B4/B5) before T: 13,13,31
SXTP,SXTP_C2026-04-13,2026-04-13,CONTROL,2026-04-13 (session date; post time unknown),America/New_York,2026-04-13 00:00 America/New_York (bars < T; sources with record date <= T-1 or publication <= T),C_BORROW,AVAILABLE_SHARES,,,S04/S05/S01,,,,,,,0,,NONE,NO_HISTORICAL_SOURCE,snapshots exist only after T,0,
SXTP,SXTP_C2026-04-13,2026-04-13,CONTROL,2026-04-13 (session date; post time unknown),America/New_York,2026-04-13 00:00 America/New_York (bars < T; sources with record date <= T-1 or publication <= T),D_SPLIT_AGE,SESSIONS_SINCE_LAST_REVERSE_SPLIT,57,2026-01-20,S06,yahoo:2026-01-20:0.25,2026-10-08,unknown (vendor); SEC confirmation: 8-K item 5.03/3.03 within 21d: 1,2026-10-08,2026-01-20,CURRENT snapshot of historical dates,1,1,HIGH,,ratio=0.25; reverse splits before T: 3 (raw 3); calendar days 83,3,83
CNSP,CNSP_C2026-04-13,2026-04-13,CONTROL,2026-04-13 (session date; post time unknown),America/New_York,2026-04-13 00:00 America/New_York (bars < T; sources with record date <= T-1 or publication <= T),A_FLOAT,FLOAT_SHARES,,,S01/S02/S03,,,,,,,0,,NONE,NO_HISTORICAL_SOURCE,no bot record,0,
CNSP,CNSP_C2026-04-13,2026-04-13,CONTROL,2026-04-13 (session date; post time unknown),America/New_York,2026-04-13 00:00 America/New_York (bars < T; sources with record date <= T-1 or publication <= T),A_FLOAT,SHARES_OUTSTANDING_DEI,811449,2026-03-31,S07,0001683168-26-002550,2026-03-31,2026-03-31,2026-10-08T23:10:07.602837+00:00,2026-03-31,point-in-time (filed),1,1,HIGH,,10-K cover page; shares outstanding ≠ float (upper bound),27,13
CNSP,CNSP_C2026-04-13,2026-04-13,CONTROL,2026-04-13 (session date; post time unknown),America/New_York,2026-04-13 00:00 America/New_York (bars < T; sources with record date <= T-1 or publication <= T),B_SEC_OFFERING,DAYS_SINCE_LAST_OFFERING_FORM,45,2026-02-27,S07,0001683168-26-001368,2026-02-27,2026-02-27T22:22:40.000Z,2026-10-08T23:10:07.602837+00:00,2026-02-27,point-in-time (filing),1,1,HIGH,,filings before T: 369 · offering-class forms: 53 · last form S-8,53,45
CNSP,CNSP_C2026-04-13,2026-04-13,CONTROL,2026-04-13 (session date; post time unknown),America/New_York,2026-04-13 00:00 America/New_York (bars < T; sources with record date <= T-1 or publication <= T),B_SEC_OFFERING,DAYS_SINCE_LAST_FINAL_PROSPECTUS,206,2025-09-19,S07,0001683168-25-007157,2025-09-19,2025-09-19T21:00:19.000Z,2026-10-08T23:10:07.602837+00:00,2025-09-19,point-in-time (filing),1,1,HIGH,,final prospectuses (424B1/B4/B5) before T: 13,13,206
CNSP,CNSP_C2026-04-13,2026-04-13,CONTROL,2026-04-13 (session date; post time unknown),America/New_York,2026-04-13 00:00 America/New_York (bars < T; sources with record date <= T-1 or publication <= T),C_BORROW,AVAILABLE_SHARES,,,S04/S05/S01,,,,,,,0,,NONE,NO_HISTORICAL_SOURCE,no snapshot source before T,0,
CNSP,CNSP_C2026-04-13,2026-04-13,CONTROL,2026-04-13 (session date; post time unknown),America/New_York,2026-04-13 00:00 America/New_York (bars < T; sources with record date <= T-1 or publication <= T),D_SPLIT_AGE,SESSIONS_SINCE_LAST_REVERSE_SPLIT,182,2025-07-22,S06,yahoo:2025-07-22:0.08333333333333333,2026-10-08,unknown (vendor); SEC confirmation: 8-K item 5.03/3.03 within 21d: 1,2026-10-08,2025-07-22,CURRENT snapshot of historical dates,1,1,HIGH,,ratio=0.08333333333333333; reverse splits before T: 4 (raw 4); calendar days 265,4,265
NWGL,NWGL_C2026-04-13,2026-04-13,CONTROL,2026-04-13 (session date; post time unknown),America/New_York,2026-04-13 00:00 America/New_York (bars < T; sources with record date <= T-1 or publication <= T),A_FLOAT,FLOAT_SHARES,,,S01/S02/S03,,,,,,,0,,NONE,NO_RECORD_FOUND,value exists only after T (not usable),0,
NWGL,NWGL_C2026-04-13,2026-04-13,CONTROL,2026-04-13 (session date; post time unknown),America/New_York,2026-04-13 00:00 America/New_York (bars < T; sources with record date <= T-1 or publication <= T),A_FLOAT,SHARES_OUTSTANDING_DEI,132425321,2024-12-31,S07,0001641172-25-008047,2025-05-01,2025-05-01,2026-10-08T23:10:07.602837+00:00,2024-12-31,point-in-time (filed),1,1,HIGH,,20-F cover page; shares outstanding ≠ float (upper bound),2,347
NWGL,NWGL_C2026-04-13,2026-04-13,CONTROL,2026-04-13 (session date; post time unknown),America/New_York,2026-04-13 00:00 America/New_York (bars < T; sources with record date <= T-1 or publication <= T),B_SEC_OFFERING,DAYS_SINCE_LAST_OFFERING_FORM,942,2023-09-14,S07,0001493152-23-032526,2023-09-14,2023-09-14T01:50:43.000Z,2026-10-08T23:10:07.602837+00:00,2023-09-14,point-in-time (filing),1,1,HIGH,,filings before T: 59 · offering-class forms: 5 · last form 424B4,5,942
NWGL,NWGL_C2026-04-13,2026-04-13,CONTROL,2026-04-13 (session date; post time unknown),America/New_York,2026-04-13 00:00 America/New_York (bars < T; sources with record date <= T-1 or publication <= T),B_SEC_OFFERING,DAYS_SINCE_LAST_FINAL_PROSPECTUS,942,2023-09-14,S07,0001493152-23-032526,2023-09-14,2023-09-14T01:50:43.000Z,2026-10-08T23:10:07.602837+00:00,2023-09-14,point-in-time (filing),1,1,HIGH,,final prospectuses (424B1/B4/B5) before T: 1,1,942
NWGL,NWGL_C2026-04-13,2026-04-13,CONTROL,2026-04-13 (session date; post time unknown),America/New_York,2026-04-13 00:00 America/New_York (bars < T; sources with record date <= T-1 or publication <= T),C_BORROW,AVAILABLE_SHARES,,,S04/S05/S01,,,,,,,0,,NONE,NO_HISTORICAL_SOURCE,no snapshot source before T,0,
NWGL,NWGL_C2026-04-13,2026-04-13,CONTROL,2026-04-13 (session date; post time unknown),America/New_York,2026-04-13 00:00 America/New_York (bars < T; sources with record date <= T-1 or publication <= T),D_SPLIT_AGE,SESSIONS_SINCE_LAST_REVERSE_SPLIT,NO_CONFIRMED_PRIOR_REVERSE_SPLIT,,S06,,2026-10-08,,2026-10-08,,CURRENT snapshot,0,1,MEDIUM,RECORD_NOT_APPLICABLE,splits listed (any): 0; none reverse before T,0,
ASST,ASST_C2026-05-18,2026-05-18,CONTROL,2026-05-18 (session date; post time unknown),America/New_York,2026-05-18 00:00 America/New_York (bars < T; sources with record date <= T-1 or publication <= T),A_FLOAT,FLOAT_SHARES,,,S01/S02/S03,,,,,,,0,,NONE,NO_RECORD_FOUND,value exists only after T (not usable),0,
ASST,ASST_C2026-05-18,2026-05-18,CONTROL,2026-05-18 (session date; post time unknown),America/New_York,2026-05-18 00:00 America/New_York (bars < T; sources with record date <= T-1 or publication <= T),A_FLOAT,SHARES_OUTSTANDING_DEI,,,S07,,,,2026-10-08T23:10:07.602837+00:00,,,0,,NONE,NO_RECORD_FOUND,no dei:EntityCommonStockSharesOutstanding filed before T (foreign filers lack it),0,
ASST,ASST_C2026-05-18,2026-05-18,CONTROL,2026-05-18 (session date; post time unknown),America/New_York,2026-05-18 00:00 America/New_York (bars < T; sources with record date <= T-1 or publication <= T),B_SEC_OFFERING,DAYS_SINCE_LAST_OFFERING_FORM,102,2026-02-05,S07,0000950103-26-001719,2026-02-05,2026-02-06T03:17:30.000Z,2026-10-08T23:10:07.602837+00:00,2026-02-05,point-in-time (filing),1,1,HIGH,,filings before T: 856 · offering-class forms: 52 · last form S-8,52,102
ASST,ASST_C2026-05-18,2026-05-18,CONTROL,2026-05-18 (session date; post time unknown),America/New_York,2026-05-18 00:00 America/New_York (bars < T; sources with record date <= T-1 or publication <= T),B_SEC_OFFERING,DAYS_SINCE_LAST_FINAL_PROSPECTUS,115,2026-01-23,S07,0001140361-26-002238,2026-01-23,2026-01-24T03:00:59.000Z,2026-10-08T23:10:07.602837+00:00,2026-01-23,point-in-time (filing),1,1,HIGH,,final prospectuses (424B1/B4/B5) before T: 12,12,115
ASST,ASST_C2026-05-18,2026-05-18,CONTROL,2026-05-18 (session date; post time unknown),America/New_York,2026-05-18 00:00 America/New_York (bars < T; sources with record date <= T-1 or publication <= T),C_BORROW,AVAILABLE_SHARES,,,S04/S05/S01,,,,,,,0,,NONE,NO_HISTORICAL_SOURCE,snapshots exist only after T,0,
ASST,ASST_C2026-05-18,2026-05-18,CONTROL,2026-05-18 (session date; post time unknown),America/New_York,2026-05-18 00:00 America/New_York (bars < T; sources with record date <= T-1 or publication <= T),D_SPLIT_AGE,SESSIONS_SINCE_LAST_REVERSE_SPLIT,69,2026-02-06,S06,yahoo:2026-02-06:0.05,2026-10-08,unknown (vendor); SEC confirmation: 8-K item 5.03/3.03 within 21d: 1,2026-10-08,2026-02-06,CURRENT snapshot of historical dates,1,1,HIGH,,ratio=0.05; reverse splits before T: 2 (raw 2); calendar days 101,2,101
ALP,ALP_C2026-05-18,2026-05-18,CONTROL,2026-05-18 (session date; post time unknown),America/New_York,2026-05-18 00:00 America/New_York (bars < T; sources with record date <= T-1 or publication <= T),A_FLOAT,FLOAT_SHARES,,,S01/S02/S03,,,,,,,0,,NONE,NO_RECORD_FOUND,value exists only after T (not usable),0,
ALP,ALP_C2026-05-18,2026-05-18,CONTROL,2026-05-18 (session date; post time unknown),America/New_York,2026-05-18 00:00 America/New_York (bars < T; sources with record date <= T-1 or publication <= T),A_FLOAT,SHARES_OUTSTANDING_DEI,2278622,2025-07-21,S07,0001171843-25-004718,2025-07-25,2025-07-25,2026-10-08T23:10:07.602837+00:00,2025-07-21,point-in-time (filed),1,1,HIGH,,20-F cover page; shares outstanding ≠ float (upper bound),9,297
ALP,ALP_C2026-05-18,2026-05-18,CONTROL,2026-05-18 (session date; post time unknown),America/New_York,2026-05-18 00:00 America/New_York (bars < T; sources with record date <= T-1 or publication <= T),B_SEC_OFFERING,DAYS_SINCE_LAST_OFFERING_FORM,59,2026-03-20,S07,0001171843-26-001828,2026-03-20,2026-03-21T01:14:48.000Z,2026-10-08T23:10:07.602837+00:00,2026-03-20,point-in-time (filing),1,1,HIGH,,filings before T: 739 · offering-class forms: 197 · last form 424B3,197,59
ALP,ALP_C2026-05-18,2026-05-18,CONTROL,2026-05-18 (session date; post time unknown),America/New_York,2026-05-18 00:00 America/New_York (bars < T; sources with record date <= T-1 or publication <= T),B_SEC_OFFERING,DAYS_SINCE_LAST_FINAL_PROSPECTUS,90,2026-02-17,S07,0001171843-26-000848,2026-02-17,2026-02-17T17:51:21.000Z,2026-10-08T23:10:07.602837+00:00,2026-02-17,point-in-time (filing),1,1,HIGH,,final prospectuses (424B1/B4/B5) before T: 9,9,90
ALP,ALP_C2026-05-18,2026-05-18,CONTROL,2026-05-18 (session date; post time unknown),America/New_York,2026-05-18 00:00 America/New_York (bars < T; sources with record date <= T-1 or publication <= T),C_BORROW,AVAILABLE_SHARES,,,S04/S05/S01,,,,,,,0,,NONE,NO_HISTORICAL_SOURCE,no snapshot source before T,0,
ALP,ALP_C2026-05-18,2026-05-18,CONTROL,2026-05-18 (session date; post time unknown),America/New_York,2026-05-18 00:00 America/New_York (bars < T; sources with record date <= T-1 or publication <= T),D_SPLIT_AGE,SESSIONS_SINCE_LAST_REVERSE_SPLIT,343,2024-08-15,S06,yahoo:2024-08-15:0.05,2026-10-08,unknown (vendor); SEC confirmation: 8-K item 5.03/3.03 within 21d: 0,2026-10-08,2024-08-15,CURRENT snapshot of historical dates,0,1,MEDIUM,,ratio=0.05; reverse splits before T: 3 (raw 3); calendar days 641,3,641
BIRD,BIRD_C2026-05-18,2026-05-18,CONTROL,2026-05-18 (session date; post time unknown),America/New_York,2026-05-18 00:00 America/New_York (bars < T; sources with record date <= T-1 or publication <= T),A_FLOAT,FLOAT_SHARES,,,S01/S02/S03,,,,,,,0,,NONE,NO_RECORD_FOUND,value exists only after T (not usable),0,
BIRD,BIRD_C2026-05-18,2026-05-18,CONTROL,2026-05-18 (session date; post time unknown),America/New_York,2026-05-18 00:00 America/New_York (bars < T; sources with record date <= T-1 or publication <= T),A_FLOAT,SHARES_OUTSTANDING_DEI,,,S07,,,,2026-10-08T23:10:07.602837+00:00,,,0,,NONE,NO_RECORD_FOUND,no dei:EntityCommonStockSharesOutstanding filed before T (foreign filers lack it),0,
BIRD,BIRD_C2026-05-18,2026-05-18,CONTROL,2026-05-18 (session date; post time unknown),America/New_York,2026-05-18 00:00 America/New_York (bars < T; sources with record date <= T-1 or publication <= T),B_SEC_OFFERING,DAYS_SINCE_LAST_OFFERING_FORM,19,2026-04-29,S07,0001653909-26-000005,2026-04-29,2026-04-30T00:04:51.000Z,2026-10-08T23:10:07.602837+00:00,2026-04-29,point-in-time (filing),1,1,HIGH,,filings before T: 298 · offering-class forms: 17 · last form 424B5,17,19
BIRD,BIRD_C2026-05-18,2026-05-18,CONTROL,2026-05-18 (session date; post time unknown),America/New_York,2026-05-18 00:00 America/New_York (bars < T; sources with record date <= T-1 or publication <= T),B_SEC_OFFERING,DAYS_SINCE_LAST_FINAL_PROSPECTUS,19,2026-04-29,S07,0001653909-26-000005,2026-04-29,2026-04-30T00:04:51.000Z,2026-10-08T23:10:07.602837+00:00,2026-04-29,point-in-time (filing),1,1,HIGH,,final prospectuses (424B1/B4/B5) before T: 3,3,19
BIRD,BIRD_C2026-05-18,2026-05-18,CONTROL,2026-05-18 (session date; post time unknown),America/New_York,2026-05-18 00:00 America/New_York (bars < T; sources with record date <= T-1 or publication <= T),C_BORROW,AVAILABLE_SHARES,,,S04/S05/S01,,,,,,,0,,NONE,NO_HISTORICAL_SOURCE,snapshots exist only after T,0,
BIRD,BIRD_C2026-05-18,2026-05-18,CONTROL,2026-05-18 (session date; post time unknown),America/New_York,2026-05-18 00:00 America/New_York (bars < T; sources with record date <= T-1 or publication <= T),D_SPLIT_AGE,SESSIONS_SINCE_LAST_REVERSE_SPLIT,343,2024-09-05,S06,yahoo:2024-09-05:0.05,2026-10-08,unknown (vendor); SEC confirmation: 8-K item 5.03/3.03 within 21d: 1,2026-10-08,2024-09-05,CURRENT snapshot of historical dates,1,1,HIGH,,ratio=0.05; reverse splits before T: 1 (raw 1); calendar days 620,1,620
DFDV,DFDV_C2026-05-18,2026-05-18,CONTROL,2026-05-18 (session date; post time unknown),America/New_York,2026-05-18 00:00 America/New_York (bars < T; sources with record date <= T-1 or publication <= T),A_FLOAT,FLOAT_SHARES,,,S01/S02/S03,,,,,,,0,,NONE,NO_RECORD_FOUND,value exists only after T (not usable),0,
DFDV,DFDV_C2026-05-18,2026-05-18,CONTROL,2026-05-18 (session date; post time unknown),America/New_York,2026-05-18 00:00 America/New_York (bars < T; sources with record date <= T-1 or publication <= T),A_FLOAT,SHARES_OUTSTANDING_DEI,29497394,2026-03-30,S07,0001805526-26-000006,2026-03-30,2026-03-30,2026-10-08T23:10:07.602837+00:00,2026-03-30,point-in-time (filed),1,1,HIGH,,10-K cover page; shares outstanding ≠ float (upper bound),12,49
DFDV,DFDV_C2026-05-18,2026-05-18,CONTROL,2026-05-18 (session date; post time unknown),America/New_York,2026-05-18 00:00 America/New_York (bars < T; sources with record date <= T-1 or publication <= T),B_SEC_OFFERING,DAYS_SINCE_LAST_OFFERING_FORM,17,2026-05-01,S07,0001805526-26-000028,2026-05-01,2026-05-02T00:48:05.000Z,2026-10-08T23:10:07.602837+00:00,2026-05-01,point-in-time (filing),1,1,HIGH,,filings before T: 272 · offering-class forms: 41 · last form 424B5,41,17
DFDV,DFDV_C2026-05-18,2026-05-18,CONTROL,2026-05-18 (session date; post time unknown),America/New_York,2026-05-18 00:00 America/New_York (bars < T; sources with record date <= T-1 or publication <= T),B_SEC_OFFERING,DAYS_SINCE_LAST_FINAL_PROSPECTUS,17,2026-05-01,S07,0001805526-26-000028,2026-05-01,2026-05-02T00:48:05.000Z,2026-10-08T23:10:07.602837+00:00,2026-05-01,point-in-time (filing),1,1,HIGH,,final prospectuses (424B1/B4/B5) before T: 6,6,17
DFDV,DFDV_C2026-05-18,2026-05-18,CONTROL,2026-05-18 (session date; post time unknown),America/New_York,2026-05-18 00:00 America/New_York (bars < T; sources with record date <= T-1 or publication <= T),C_BORROW,AVAILABLE_SHARES,,,S04/S05/S01,,,,,,,0,,NONE,NO_HISTORICAL_SOURCE,no snapshot source before T,0,
DFDV,DFDV_C2026-05-18,2026-05-18,CONTROL,2026-05-18 (session date; post time unknown),America/New_York,2026-05-18 00:00 America/New_York (bars < T; sources with record date <= T-1 or publication <= T),D_SPLIT_AGE,SESSIONS_SINCE_LAST_REVERSE_SPLIT,343,2024-12-30,S06,yahoo:2024-12-30:0.125,2026-10-08,unknown (vendor); SEC confirmation: 8-K item 5.03/3.03 within 21d: 2,2026-10-08,2024-12-30,CURRENT snapshot of historical dates,1,1,HIGH,,ratio=0.125; reverse splits before T: 1 (raw 1); calendar days 504,1,504
AZI,AZI_C2026-05-22,2026-05-22,CONTROL,2026-05-22 (session date; post time unknown),America/New_York,2026-05-22 00:00 America/New_York (bars < T; sources with record date <= T-1 or publication <= T),A_FLOAT,FLOAT_SHARES,,,S01/S02/S03,,,,,,,0,,NONE,NO_RECORD_FOUND,value exists only after T (not usable),0,
AZI,AZI_C2026-05-22,2026-05-22,CONTROL,2026-05-22 (session date; post time unknown),America/New_York,2026-05-22 00:00 America/New_York (bars < T; sources with record date <= T-1 or publication <= T),A_FLOAT,SHARES_OUTSTANDING_DEI,,,S07,,,,2026-10-08T23:10:07.602837+00:00,,,0,,NONE,NO_RECORD_FOUND,no dei:EntityCommonStockSharesOutstanding filed before T (foreign filers lack it),0,
AZI,AZI_C2026-05-22,2026-05-22,CONTROL,2026-05-22 (session date; post time unknown),America/New_York,2026-05-22 00:00 America/New_York (bars < T; sources with record date <= T-1 or publication <= T),B_SEC_OFFERING,DAYS_SINCE_LAST_OFFERING_FORM,66,2026-03-17,S07,9999999995-26-000840,2026-03-17,2026-03-18T04:15:10.000Z,2026-10-08T23:10:07.602837+00:00,2026-03-17,point-in-time (filing),1,1,HIGH,,filings before T: 122 · offering-class forms: 22 · last form EFFECT,22,66
AZI,AZI_C2026-05-22,2026-05-22,CONTROL,2026-05-22 (session date; post time unknown),America/New_York,2026-05-22 00:00 America/New_York (bars < T; sources with record date <= T-1 or publication <= T),B_SEC_OFFERING,DAYS_SINCE_LAST_FINAL_PROSPECTUS,632,2024-08-28,S07,0001193125-24-208231,2024-08-28,2024-08-28T10:58:16.000Z,2026-10-08T23:10:07.602837+00:00,2024-08-28,point-in-time (filing),1,1,HIGH,,final prospectuses (424B1/B4/B5) before T: 1,1,632
AZI,AZI_C2026-05-22,2026-05-22,CONTROL,2026-05-22 (session date; post time unknown),America/New_York,2026-05-22 00:00 America/New_York (bars < T; sources with record date <= T-1 or publication <= T),C_BORROW,AVAILABLE_SHARES,,,S04/S05/S01,,,,,,,0,,NONE,NO_HISTORICAL_SOURCE,snapshots exist only after T,0,
AZI,AZI_C2026-05-22,2026-05-22,CONTROL,2026-05-22 (session date; post time unknown),America/New_York,2026-05-22 00:00 America/New_York (bars < T; sources with record date <= T-1 or publication <= T),D_SPLIT_AGE,SESSIONS_SINCE_LAST_REVERSE_SPLIT,43,2026-03-23,S06,yahoo:2026-03-23:0.1,2026-10-08,unknown (vendor); SEC confirmation: 8-K item 5.03/3.03 within 21d: 0,2026-10-08,2026-03-23,CURRENT snapshot of historical dates,0,1,MEDIUM,,ratio=0.1; reverse splits before T: 2 (raw 2); calendar days 60,2,60
AMBR,AMBR_C2026-05-22,2026-05-22,CONTROL,2026-05-22 (session date; post time unknown),America/New_York,2026-05-22 00:00 America/New_York (bars < T; sources with record date <= T-1 or publication <= T),A_FLOAT,FLOAT_SHARES,,,S01/S02/S03,,,,,,,0,,NONE,NO_RECORD_FOUND,value exists only after T (not usable),0,
AMBR,AMBR_C2026-05-22,2026-05-22,CONTROL,2026-05-22 (session date; post time unknown),America/New_York,2026-05-22 00:00 America/New_York (bars < T; sources with record date <= T-1 or publication <= T),A_FLOAT,SHARES_OUTSTANDING_DEI,471376257,2025-12-31,S07,0001104659-26-060362,2026-05-13,2026-05-13,2026-10-08T23:10:07.602837+00:00,2025-12-31,point-in-time (filed),1,1,HIGH,,20-F cover page; shares outstanding ≠ float (upper bound),1,9
AMBR,AMBR_C2026-05-22,2026-05-22,CONTROL,2026-05-22 (session date; post time unknown),America/New_York,2026-05-22 00:00 America/New_York (bars < T; sources with record date <= T-1 or publication <= T),B_SEC_OFFERING,DAYS_SINCE_LAST_OFFERING_FORM,319,2025-07-07,S07,0001104659-25-065991,2025-07-07,2025-07-07T12:52:29.000Z,2026-10-08T23:10:07.602837+00:00,2025-07-07,point-in-time (filing),1,1,HIGH,,filings before T: 299 · offering-class forms: 21 · last form F-3,21,319
AMBR,AMBR_C2026-05-22,2026-05-22,CONTROL,2026-05-22 (session date; post time unknown),America/New_York,2026-05-22 00:00 America/New_York (bars < T; sources with record date <= T-1 or publication <= T),B_SEC_OFFERING,DAYS_SINCE_LAST_FINAL_PROSPECTUS,2086,2020-09-04,S07,0001193125-20-240111,2020-09-04,2020-09-04T20:30:21.000Z,2026-10-08T23:10:07.602837+00:00,2020-09-04,point-in-time (filing),1,1,HIGH,,final prospectuses (424B1/B4/B5) before T: 3,3,2086
AMBR,AMBR_C2026-05-22,2026-05-22,CONTROL,2026-05-22 (session date; post time unknown),America/New_York,2026-05-22 00:00 America/New_York (bars < T; sources with record date <= T-1 or publication <= T),C_BORROW,AVAILABLE_SHARES,,,S04/S05/S01,,,,,,,0,,NONE,NO_HISTORICAL_SOURCE,no snapshot source before T,0,
AMBR,AMBR_C2026-05-22,2026-05-22,CONTROL,2026-05-22 (session date; post time unknown),America/New_York,2026-05-22 00:00 America/New_York (bars < T; sources with record date <= T-1 or publication <= T),D_SPLIT_AGE,SESSIONS_SINCE_LAST_REVERSE_SPLIT,347,2022-11-14,S06,yahoo:2022-11-14:0.1,2026-10-08,unknown (vendor); SEC confirmation: 8-K item 5.03/3.03 within 21d: 0,2026-10-08,2022-11-14,CURRENT snapshot of historical dates,0,1,MEDIUM,,ratio=0.1; reverse splits before T: 1 (raw 1); calendar days 1285,1,1285
FFR,FFR_C2026-05-22,2026-05-22,CONTROL,2026-05-22 (session date; post time unknown),America/New_York,2026-05-22 00:00 America/New_York (bars < T; sources with record date <= T-1 or publication <= T),A_FLOAT,FLOAT_SHARES,,,S01/S02/S03,,,,,,,0,,NONE,NO_RECORD_FOUND,value exists only after T (not usable),0,
FFR,FFR_C2026-05-22,2026-05-22,CONTROL,2026-05-22 (session date; post time unknown),America/New_York,2026-05-22 00:00 America/New_York (bars < T; sources with record date <= T-1 or publication <= T),A_FLOAT,SHARES_OUTSTANDING_DEI,20234993,2026-05-11,S07,0001493152-26-022250,2026-05-11,2026-05-11,2026-10-08T23:10:07.602837+00:00,2026-05-11,point-in-time (filed),1,1,HIGH,,10-Q cover page; shares outstanding ≠ float (upper bound),46,11
FFR,FFR_C2026-05-22,2026-05-22,CONTROL,2026-05-22 (session date; post time unknown),America/New_York,2026-05-22 00:00 America/New_York (bars < T; sources with record date <= T-1 or publication <= T),B_SEC_OFFERING,DAYS_SINCE_LAST_OFFERING_FORM,35,2026-04-17,S07,0001493152-26-017872,2026-04-17,2026-04-18T00:24:47.000Z,2026-10-08T23:10:07.602837+00:00,2026-04-17,point-in-time (filing),1,1,HIGH,,filings before T: 635 · offering-class forms: 83 · last form S-8,83,35
FFR,FFR_C2026-05-22,2026-05-22,CONTROL,2026-05-22 (session date; post time unknown),America/New_York,2026-05-22 00:00 America/New_York (bars < T; sources with record date <= T-1 or publication <= T),B_SEC_OFFERING,DAYS_SINCE_LAST_FINAL_PROSPECTUS,623,2024-09-06,S07,0001493152-24-035279,2024-09-06,2024-09-06T23:46:29.000Z,2026-10-08T23:10:07.602837+00:00,2024-09-06,point-in-time (filing),1,1,HIGH,,final prospectuses (424B1/B4/B5) before T: 13,13,623
FFR,FFR_C2026-05-22,2026-05-22,CONTROL,2026-05-22 (session date; post time unknown),America/New_York,2026-05-22 00:00 America/New_York (bars < T; sources with record date <= T-1 or publication <= T),C_BORROW,AVAILABLE_SHARES,,,S04/S05/S01,,,,,,,0,,NONE,NO_HISTORICAL_SOURCE,no snapshot source before T,0,
FFR,FFR_C2026-05-22,2026-05-22,CONTROL,2026-05-22 (session date; post time unknown),America/New_York,2026-05-22 00:00 America/New_York (bars < T; sources with record date <= T-1 or publication <= T),D_SPLIT_AGE,SESSIONS_SINCE_LAST_REVERSE_SPLIT,347,2024-11-05,S06,yahoo:2024-11-05:0.02,2026-10-08,unknown (vendor); SEC confirmation: 8-K item 5.03/3.03 within 21d: 3,2026-10-08,2024-11-05,CURRENT snapshot of historical dates,1,1,HIGH,,ratio=0.02; reverse splits before T: 4 (raw 4); calendar days 563,4,563
DLXY,DLXY_C2026-05-22,2026-05-22,CONTROL,2026-05-22 (session date; post time unknown),America/New_York,2026-05-22 00:00 America/New_York (bars < T; sources with record date <= T-1 or publication <= T),A_FLOAT,FLOAT_SHARES,,,S01/S02/S03,,,,,,,0,,NONE,NO_RECORD_FOUND,value exists only after T (not usable),0,
DLXY,DLXY_C2026-05-22,2026-05-22,CONTROL,2026-05-22 (session date; post time unknown),America/New_York,2026-05-22 00:00 America/New_York (bars < T; sources with record date <= T-1 or publication <= T),A_FLOAT,SHARES_OUTSTANDING_DEI,16350000,2025-12-31,S07,0001213900-26-050402,2026-04-30,2026-04-30,2026-10-08T23:10:07.602837+00:00,2025-12-31,point-in-time (filed),1,1,HIGH,,20-F cover page; shares outstanding ≠ float (upper bound),2,22
DLXY,DLXY_C2026-05-22,2026-05-22,CONTROL,2026-05-22 (session date; post time unknown),America/New_York,2026-05-22 00:00 America/New_York (bars < T; sources with record date <= T-1 or publication <= T),B_SEC_OFFERING,DAYS_SINCE_LAST_OFFERING_FORM,317,2025-07-09,S07,0001213900-25-062254,2025-07-09,2025-07-09T16:41:00.000Z,2026-10-08T23:10:07.602837+00:00,2025-07-09,point-in-time (filing),1,1,HIGH,,filings before T: 55 · offering-class forms: 12 · last form 424B4,12,317
DLXY,DLXY_C2026-05-22,2026-05-22,CONTROL,2026-05-22 (session date; post time unknown),America/New_York,2026-05-22 00:00 America/New_York (bars < T; sources with record date <= T-1 or publication <= T),B_SEC_OFFERING,DAYS_SINCE_LAST_FINAL_PROSPECTUS,317,2025-07-09,S07,0001213900-25-062254,2025-07-09,2025-07-09T16:41:00.000Z,2026-10-08T23:10:07.602837+00:00,2025-07-09,point-in-time (filing),1,1,HIGH,,final prospectuses (424B1/B4/B5) before T: 1,1,317
DLXY,DLXY_C2026-05-22,2026-05-22,CONTROL,2026-05-22 (session date; post time unknown),America/New_York,2026-05-22 00:00 America/New_York (bars < T; sources with record date <= T-1 or publication <= T),C_BORROW,AVAILABLE_SHARES,,,S04/S05/S01,,,,,,,0,,NONE,NO_HISTORICAL_SOURCE,no snapshot source before T,0,
DLXY,DLXY_C2026-05-22,2026-05-22,CONTROL,2026-05-22 (session date; post time unknown),America/New_York,2026-05-22 00:00 America/New_York (bars < T; sources with record date <= T-1 or publication <= T),D_SPLIT_AGE,SESSIONS_SINCE_LAST_REVERSE_SPLIT,NO_CONFIRMED_PRIOR_REVERSE_SPLIT,,S06,,2026-10-08,,2026-10-08,,CURRENT snapshot,0,1,MEDIUM,RECORD_NOT_APPLICABLE,splits listed (any): 1; none reverse before T,0,
TDIC,TDIC_C2026-07-02,2026-07-02,CONTROL,2026-07-02 (session date; post time unknown),America/New_York,2026-07-02 00:00 America/New_York (bars < T; sources with record date <= T-1 or publication <= T),A_FLOAT,FLOAT_SHARES,,,S01/S02/S03,,,,,,,0,,NONE,NO_RECORD_FOUND,value exists only after T (not usable),0,
TDIC,TDIC_C2026-07-02,2026-07-02,CONTROL,2026-07-02 (session date; post time unknown),America/New_York,2026-07-02 00:00 America/New_York (bars < T; sources with record date <= T-1 or publication <= T),A_FLOAT,SHARES_OUTSTANDING_DEI,28660000,2025-03-31,S07,0001641172-25-022328,2025-08-06,2025-08-06,2026-10-08T23:10:07.602837+00:00,2025-03-31,point-in-time (filed),1,1,HIGH,,20-F cover page; shares outstanding ≠ float (upper bound),1,330
TDIC,TDIC_C2026-07-02,2026-07-02,CONTROL,2026-07-02 (session date; post time unknown),America/New_York,2026-07-02 00:00 America/New_York (bars < T; sources with record date <= T-1 or publication <= T),B_SEC_OFFERING,DAYS_SINCE_LAST_OFFERING_FORM,52,2026-05-11,S07,9999999995-26-001579,2026-05-11,2026-05-12T04:15:15.000Z,2026-10-08T23:10:07.602837+00:00,2026-05-11,point-in-time (filing),1,1,HIGH,,filings before T: 64 · offering-class forms: 14 · last form EFFECT,14,52
TDIC,TDIC_C2026-07-02,2026-07-02,CONTROL,2026-07-02 (session date; post time unknown),America/New_York,2026-07-02 00:00 America/New_York (bars < T; sources with record date <= T-1 or publication <= T),B_SEC_OFFERING,DAYS_SINCE_LAST_FINAL_PROSPECTUS,70,2026-04-23,S07,0001493152-26-018678,2026-04-23,2026-04-23T16:27:13.000Z,2026-10-08T23:10:07.602837+00:00,2026-04-23,point-in-time (filing),1,1,HIGH,,final prospectuses (424B1/B4/B5) before T: 2,2,70
TDIC,TDIC_C2026-07-02,2026-07-02,CONTROL,2026-07-02 (session date; post time unknown),America/New_York,2026-07-02 00:00 America/New_York (bars < T; sources with record date <= T-1 or publication <= T),C_BORROW,AVAILABLE_SHARES,,,S04/S05/S01,,,,,,,0,,NONE,NO_HISTORICAL_SOURCE,no snapshot source before T,0,
TDIC,TDIC_C2026-07-02,2026-07-02,CONTROL,2026-07-02 (session date; post time unknown),America/New_York,2026-07-02 00:00 America/New_York (bars < T; sources with record date <= T-1 or publication <= T),D_SPLIT_AGE,SESSIONS_SINCE_LAST_REVERSE_SPLIT,12,2026-06-15,S06,yahoo:2026-06-15:0.04,2026-10-08,unknown (vendor); SEC confirmation: 8-K item 5.03/3.03 within 21d: 0,2026-10-08,2026-06-15,CURRENT snapshot of historical dates,0,1,MEDIUM,,ratio=0.04; reverse splits before T: 2 (raw 2); calendar days 17,2,17
DLXY,DLXY_C2026-07-02,2026-07-02,CONTROL,2026-07-02 (session date; post time unknown),America/New_York,2026-07-02 00:00 America/New_York (bars < T; sources with record date <= T-1 or publication <= T),A_FLOAT,FLOAT_SHARES,,,S01/S02/S03,,,,,,,0,,NONE,NO_RECORD_FOUND,value exists only after T (not usable),0,
DLXY,DLXY_C2026-07-02,2026-07-02,CONTROL,2026-07-02 (session date; post time unknown),America/New_York,2026-07-02 00:00 America/New_York (bars < T; sources with record date <= T-1 or publication <= T),A_FLOAT,SHARES_OUTSTANDING_DEI,16350000,2025-12-31,S07,0001213900-26-050402,2026-04-30,2026-04-30,2026-10-08T23:10:07.602837+00:00,2025-12-31,point-in-time (filed),1,1,HIGH,,20-F cover page; shares outstanding ≠ float (upper bound),2,63
DLXY,DLXY_C2026-07-02,2026-07-02,CONTROL,2026-07-02 (session date; post time unknown),America/New_York,2026-07-02 00:00 America/New_York (bars < T; sources with record date <= T-1 or publication <= T),B_SEC_OFFERING,DAYS_SINCE_LAST_OFFERING_FORM,358,2025-07-09,S07,0001213900-25-062254,2025-07-09,2025-07-09T16:41:00.000Z,2026-10-08T23:10:07.602837+00:00,2025-07-09,point-in-time (filing),1,1,HIGH,,filings before T: 55 · offering-class forms: 12 · last form 424B4,12,358
DLXY,DLXY_C2026-07-02,2026-07-02,CONTROL,2026-07-02 (session date; post time unknown),America/New_York,2026-07-02 00:00 America/New_York (bars < T; sources with record date <= T-1 or publication <= T),B_SEC_OFFERING,DAYS_SINCE_LAST_FINAL_PROSPECTUS,358,2025-07-09,S07,0001213900-25-062254,2025-07-09,2025-07-09T16:41:00.000Z,2026-10-08T23:10:07.602837+00:00,2025-07-09,point-in-time (filing),1,1,HIGH,,final prospectuses (424B1/B4/B5) before T: 1,1,358
DLXY,DLXY_C2026-07-02,2026-07-02,CONTROL,2026-07-02 (session date; post time unknown),America/New_York,2026-07-02 00:00 America/New_York (bars < T; sources with record date <= T-1 or publication <= T),C_BORROW,AVAILABLE_SHARES,,,S04/S05/S01,,,,,,,0,,NONE,NO_HISTORICAL_SOURCE,no snapshot source before T,0,
DLXY,DLXY_C2026-07-02,2026-07-02,CONTROL,2026-07-02 (session date; post time unknown),America/New_York,2026-07-02 00:00 America/New_York (bars < T; sources with record date <= T-1 or publication <= T),D_SPLIT_AGE,SESSIONS_SINCE_LAST_REVERSE_SPLIT,NO_CONFIRMED_PRIOR_REVERSE_SPLIT,,S06,,2026-10-08,,2026-10-08,,CURRENT snapshot,0,1,MEDIUM,RECORD_NOT_APPLICABLE,splits listed (any): 1; none reverse before T,0,
BIRD,BIRD_C2026-07-02,2026-07-02,CONTROL,2026-07-02 (session date; post time unknown),America/New_York,2026-07-02 00:00 America/New_York (bars < T; sources with record date <= T-1 or publication <= T),A_FLOAT,FLOAT_SHARES,5848187,2026-06-26,S01,wl:0690a800a0,2026-06-26T10:27:38,unknown (vendor),2026-06-26T10:27:38,2026-06-26,point-in-time (git),1,1,HIGH,,vendor floatShares; shares_outstanding fallback not used,2,6
BIRD,BIRD_C2026-07-02,2026-07-02,CONTROL,2026-07-02 (session date; post time unknown),America/New_York,2026-07-02 00:00 America/New_York (bars < T; sources with record date <= T-1 or publication <= T),A_FLOAT,SHARES_OUTSTANDING_DEI,,,S07,,,,2026-10-08T23:10:07.602837+00:00,,,0,,NONE,NO_RECORD_FOUND,no dei:EntityCommonStockSharesOutstanding filed before T (foreign filers lack it),0,
BIRD,BIRD_C2026-07-02,2026-07-02,CONTROL,2026-07-02 (session date; post time unknown),America/New_York,2026-07-02 00:00 America/New_York (bars < T; sources with record date <= T-1 or publication <= T),B_SEC_OFFERING,DAYS_SINCE_LAST_OFFERING_FORM,21,2026-06-11,S07,0001193125-26-267754,2026-06-11,2026-06-12T00:44:37.000Z,2026-10-08T23:10:07.602837+00:00,2026-06-11,point-in-time (filing),1,1,HIGH,,filings before T: 318 · offering-class forms: 18 · last form 424B5,18,21
BIRD,BIRD_C2026-07-02,2026-07-02,CONTROL,2026-07-02 (session date; post time unknown),America/New_York,2026-07-02 00:00 America/New_York (bars < T; sources with record date <= T-1 or publication <= T),B_SEC_OFFERING,DAYS_SINCE_LAST_FINAL_PROSPECTUS,21,2026-06-11,S07,0001193125-26-267754,2026-06-11,2026-06-12T00:44:37.000Z,2026-10-08T23:10:07.602837+00:00,2026-06-11,point-in-time (filing),1,1,HIGH,,final prospectuses (424B1/B4/B5) before T: 4,4,21
BIRD,BIRD_C2026-07-02,2026-07-02,CONTROL,2026-07-02 (session date; post time unknown),America/New_York,2026-07-02 00:00 America/New_York (bars < T; sources with record date <= T-1 or publication <= T),C_BORROW,AVAILABLE_SHARES,,,S04/S05/S01,,,,,,,0,,NONE,NO_HISTORICAL_SOURCE,snapshots exist only after T,0,
BIRD,BIRD_C2026-07-02,2026-07-02,CONTROL,2026-07-02 (session date; post time unknown),America/New_York,2026-07-02 00:00 America/New_York (bars < T; sources with record date <= T-1 or publication <= T),D_SPLIT_AGE,SESSIONS_SINCE_LAST_REVERSE_SPLIT,374,2024-09-05,S06,yahoo:2024-09-05:0.05,2026-10-08,unknown (vendor); SEC confirmation: 8-K item 5.03/3.03 within 21d: 1,2026-10-08,2024-09-05,CURRENT snapshot of historical dates,1,1,HIGH,,ratio=0.05; reverse splits before T: 1 (raw 1); calendar days 665,1,665
TVGN,TVGN_C2026-07-02,2026-07-02,CONTROL,2026-07-02 (session date; post time unknown),America/New_York,2026-07-02 00:00 America/New_York (bars < T; sources with record date <= T-1 or publication <= T),A_FLOAT,FLOAT_SHARES,,,S01/S02/S03,,,,,,,0,,NONE,NO_RECORD_FOUND,value exists only after T (not usable),0,
TVGN,TVGN_C2026-07-02,2026-07-02,CONTROL,2026-07-02 (session date; post time unknown),America/New_York,2026-07-02 00:00 America/New_York (bars < T; sources with record date <= T-1 or publication <= T),A_FLOAT,SHARES_OUTSTANDING_DEI,4187505,2026-05-12,S07,0001493152-26-023920,2026-05-15,2026-05-15,2026-10-08T23:10:07.602837+00:00,2026-05-12,point-in-time (filed),1,1,HIGH,,10-Q cover page; shares outstanding ≠ float (upper bound),11,48
TVGN,TVGN_C2026-07-02,2026-07-02,CONTROL,2026-07-02 (session date; post time unknown),America/New_York,2026-07-02 00:00 America/New_York (bars < T; sources with record date <= T-1 or publication <= T),B_SEC_OFFERING,DAYS_SINCE_LAST_OFFERING_FORM,6,2026-06-26,S07,0001493152-26-030238,2026-06-26,2026-06-26T13:18:18.000Z,2026-10-08T23:10:07.602837+00:00,2026-06-26,point-in-time (filing),1,1,HIGH,,filings before T: 278 · offering-class forms: 42 · last form 424B3,42,6
TVGN,TVGN_C2026-07-02,2026-07-02,CONTROL,2026-07-02 (session date; post time unknown),America/New_York,2026-07-02 00:00 America/New_York (bars < T; sources with record date <= T-1 or publication <= T),B_SEC_OFFERING,DAYS_SINCE_LAST_FINAL_PROSPECTUS,364,2025-07-03,S07,0001641172-25-017863,2025-07-03,2025-07-03T21:23:03.000Z,2026-10-08T23:10:07.602837+00:00,2025-07-03,point-in-time (filing),1,1,HIGH,,final prospectuses (424B1/B4/B5) before T: 2,2,364
TVGN,TVGN_C2026-07-02,2026-07-02,CONTROL,2026-07-02 (session date; post time unknown),America/New_York,2026-07-02 00:00 America/New_York (bars < T; sources with record date <= T-1 or publication <= T),C_BORROW,AVAILABLE_SHARES,,,S04/S05/S01,,,,,,,0,,NONE,NO_HISTORICAL_SOURCE,snapshots exist only after T,0,
TVGN,TVGN_C2026-07-02,2026-07-02,CONTROL,2026-07-02 (session date; post time unknown),America/New_York,2026-07-02 00:00 America/New_York (bars < T; sources with record date <= T-1 or publication <= T),D_SPLIT_AGE,SESSIONS_SINCE_LAST_REVERSE_SPLIT,81,2026-03-06,S06,yahoo:2026-03-06:0.02,2026-10-08,unknown (vendor); SEC confirmation: 8-K item 5.03/3.03 within 21d: 1,2026-10-08,2026-03-06,CURRENT snapshot of historical dates,1,1,HIGH,,ratio=0.02; reverse splits before T: 1 (raw 1); calendar days 118,1,118
WCT,WCT_C2026-07-17,2026-07-17,CONTROL,2026-07-17 (session date; post time unknown),America/New_York,2026-07-17 00:00 America/New_York (bars < T; sources with record date <= T-1 or publication <= T),A_FLOAT,FLOAT_SHARES,,,S01/S02/S03,,,,,,,0,,NONE,NO_RECORD_FOUND,value exists only after T (not usable),0,
WCT,WCT_C2026-07-17,2026-07-17,CONTROL,2026-07-17 (session date; post time unknown),America/New_York,2026-07-17 00:00 America/New_York (bars < T; sources with record date <= T-1 or publication <= T),A_FLOAT,SHARES_OUTSTANDING_DEI,46265000,2024-12-31,S07,0001213900-25-044576,2025-05-16,2025-05-16,2026-10-08T23:10:07.602837+00:00,2024-12-31,point-in-time (filed),1,1,HIGH,,20-F cover page; shares outstanding ≠ float (upper bound),1,427
WCT,WCT_C2026-07-17,2026-07-17,CONTROL,2026-07-17 (session date; post time unknown),America/New_York,2026-07-17 00:00 America/New_York (bars < T; sources with record date <= T-1 or publication <= T),B_SEC_OFFERING,DAYS_SINCE_LAST_OFFERING_FORM,4,2026-07-13,S07,9999999995-26-002283,2026-07-13,2026-07-14T04:15:27.000Z,2026-10-08T23:10:07.602837+00:00,2026-07-13,point-in-time (filing),1,1,HIGH,,filings before T: 75 · offering-class forms: 16 · last form EFFECT,16,4
WCT,WCT_C2026-07-17,2026-07-17,CONTROL,2026-07-17 (session date; post time unknown),America/New_York,2026-07-17 00:00 America/New_York (bars < T; sources with record date <= T-1 or publication <= T),B_SEC_OFFERING,DAYS_SINCE_LAST_FINAL_PROSPECTUS,547,2025-01-16,S07,0001213900-25-004093,2025-01-16,2025-01-16T17:06:39.000Z,2026-10-08T23:10:07.602837+00:00,2025-01-16,point-in-time (filing),1,1,HIGH,,final prospectuses (424B1/B4/B5) before T: 2,2,547
WCT,WCT_C2026-07-17,2026-07-17,CONTROL,2026-07-17 (session date; post time unknown),America/New_York,2026-07-17 00:00 America/New_York (bars < T; sources with record date <= T-1 or publication <= T),C_BORROW,AVAILABLE_SHARES,,,S04/S05/S01,,,,,,,0,,NONE,NO_HISTORICAL_SOURCE,snapshots exist only after T,0,
WCT,WCT_C2026-07-17,2026-07-17,CONTROL,2026-07-17 (session date; post time unknown),America/New_York,2026-07-17 00:00 America/New_York (bars < T; sources with record date <= T-1 or publication <= T),D_SPLIT_AGE,SESSIONS_SINCE_LAST_REVERSE_SPLIT,91,2026-03-06,S06,yahoo:2026-03-06:0.02,2026-10-08,unknown (vendor); SEC confirmation: 8-K item 5.03/3.03 within 21d: 0,2026-10-08,2026-03-06,CURRENT snapshot of historical dates,0,1,MEDIUM,,ratio=0.02; reverse splits before T: 1 (raw 1); calendar days 133,1,133
FRGT,FRGT_C2026-07-17,2026-07-17,CONTROL,2026-07-17 (session date; post time unknown),America/New_York,2026-07-17 00:00 America/New_York (bars < T; sources with record date <= T-1 or publication <= T),A_FLOAT,FLOAT_SHARES,,,S01/S02/S03,,,,,,,0,,NONE,NO_RECORD_FOUND,value exists only after T (not usable),0,
FRGT,FRGT_C2026-07-17,2026-07-17,CONTROL,2026-07-17 (session date; post time unknown),America/New_York,2026-07-17 00:00 America/New_York (bars < T; sources with record date <= T-1 or publication <= T),A_FLOAT,SHARES_OUTSTANDING_DEI,1660627,2025-12-31,S07,0001493152-26-023206,2026-05-14,2026-05-14,2026-10-08T23:10:07.602837+00:00,2025-12-31,point-in-time (filed),1,1,HIGH,,20-F cover page; shares outstanding ≠ float (upper bound),15,64
FRGT,FRGT_C2026-07-17,2026-07-17,CONTROL,2026-07-17 (session date; post time unknown),America/New_York,2026-07-17 00:00 America/New_York (bars < T; sources with record date <= T-1 or publication <= T),B_SEC_OFFERING,DAYS_SINCE_LAST_OFFERING_FORM,753,2024-06-24,S07,0001493152-24-024831,2024-06-24,2024-06-21T23:32:33.000Z,2026-10-08T23:10:07.602837+00:00,2024-06-24,point-in-time (filing),1,1,HIGH,,filings before T: 270 · offering-class forms: 24 · last form 424B5,24,753
FRGT,FRGT_C2026-07-17,2026-07-17,CONTROL,2026-07-17 (session date; post time unknown),America/New_York,2026-07-17 00:00 America/New_York (bars < T; sources with record date <= T-1 or publication <= T),B_SEC_OFFERING,DAYS_SINCE_LAST_FINAL_PROSPECTUS,753,2024-06-24,S07,0001493152-24-024831,2024-06-24,2024-06-21T23:32:33.000Z,2026-10-08T23:10:07.602837+00:00,2024-06-24,point-in-time (filing),1,1,HIGH,,final prospectuses (424B1/B4/B5) before T: 9,9,753
FRGT,FRGT_C2026-07-17,2026-07-17,CONTROL,2026-07-17 (session date; post time unknown),America/New_York,2026-07-17 00:00 America/New_York (bars < T; sources with record date <= T-1 or publication <= T),C_BORROW,AVAILABLE_SHARES,,,S04/S05/S01,,,,,,,0,,NONE,NO_HISTORICAL_SOURCE,no snapshot source before T,0,
FRGT,FRGT_C2026-07-17,2026-07-17,CONTROL,2026-07-17 (session date; post time unknown),America/New_York,2026-07-17 00:00 America/New_York (bars < T; sources with record date <= T-1 or publication <= T),D_SPLIT_AGE,SESSIONS_SINCE_LAST_REVERSE_SPLIT,41,2026-05-18,S06,yahoo:2026-05-18:0.2,2026-10-08,unknown (vendor); SEC confirmation: 8-K item 5.03/3.03 within 21d: 0,2026-10-08,2026-05-18,CURRENT snapshot of historical dates,0,1,MEDIUM,,ratio=0.2; reverse splits before T: 7 (raw 7); calendar days 60,7,60
AEMD,AEMD_C2026-07-17,2026-07-17,CONTROL,2026-07-17 (session date; post time unknown),America/New_York,2026-07-17 00:00 America/New_York (bars < T; sources with record date <= T-1 or publication <= T),A_FLOAT,FLOAT_SHARES,,,S01/S02/S03,,,,,,,0,,NONE,NO_RECORD_FOUND,value exists only after T (not usable),0,
AEMD,AEMD_C2026-07-17,2026-07-17,CONTROL,2026-07-17 (session date; post time unknown),America/New_York,2026-07-17 00:00 America/New_York (bars < T; sources with record date <= T-1 or publication <= T),A_FLOAT,SHARES_OUTSTANDING_DEI,2370560,2026-06-08,S07,0001683168-26-004710,2026-06-10,2026-06-10,2026-10-08T23:10:07.602837+00:00,2026-06-08,point-in-time (filed),1,1,HIGH,,10-K cover page; shares outstanding ≠ float (upper bound),60,37
AEMD,AEMD_C2026-07-17,2026-07-17,CONTROL,2026-07-17 (session date; post time unknown),America/New_York,2026-07-17 00:00 America/New_York (bars < T; sources with record date <= T-1 or publication <= T),B_SEC_OFFERING,DAYS_SINCE_LAST_OFFERING_FORM,10,2026-07-07,S07,0001683168-26-005322,2026-07-07,2026-07-07T18:58:33.000Z,2026-10-08T23:10:07.602837+00:00,2026-07-07,point-in-time (filing),1,1,HIGH,,filings before T: 1029 · offering-class forms: 140 · last form 424B3,140,10
AEMD,AEMD_C2026-07-17,2026-07-17,CONTROL,2026-07-17 (session date; post time unknown),America/New_York,2026-07-17 00:00 America/New_York (bars < T; sources with record date <= T-1 or publication <= T),B_SEC_OFFERING,DAYS_SINCE_LAST_FINAL_PROSPECTUS,43,2026-06-04,S07,0001683168-26-004539,2026-06-04,2026-06-04T17:00:38.000Z,2026-10-08T23:10:07.602837+00:00,2026-06-04,point-in-time (filing),1,1,HIGH,,final prospectuses (424B1/B4/B5) before T: 21,21,43
AEMD,AEMD_C2026-07-17,2026-07-17,CONTROL,2026-07-17 (session date; post time unknown),America/New_York,2026-07-17 00:00 America/New_York (bars < T; sources with record date <= T-1 or publication <= T),C_BORROW,AVAILABLE_SHARES,,,S04/S05/S01,,,,,,,0,,NONE,NO_HISTORICAL_SOURCE,no snapshot source before T,0,
AEMD,AEMD_C2026-07-17,2026-07-17,CONTROL,2026-07-17 (session date; post time unknown),America/New_York,2026-07-17 00:00 America/New_York (bars < T; sources with record date <= T-1 or publication <= T),D_SPLIT_AGE,SESSIONS_SINCE_LAST_REVERSE_SPLIT,185,2025-10-20,S06,yahoo:2025-10-20:0.1,2026-10-08,unknown (vendor); SEC confirmation: 8-K item 5.03/3.03 within 21d: 1,2026-10-08,2025-10-20,CURRENT snapshot of historical dates,1,1,HIGH,,ratio=0.1; reverse splits before T: 5 (raw 5); calendar days 270,5,270
BNR,BNR_C2026-07-17,2026-07-17,CONTROL,2026-07-17 (session date; post time unknown),America/New_York,2026-07-17 00:00 America/New_York (bars < T; sources with record date <= T-1 or publication <= T),A_FLOAT,FLOAT_SHARES,,,S01/S02/S03,,,,,,,0,,NONE,NO_RECORD_FOUND,value exists only after T (not usable),0,
BNR,BNR_C2026-07-17,2026-07-17,CONTROL,2026-07-17 (session date; post time unknown),America/New_York,2026-07-17 00:00 America/New_York (bars < T; sources with record date <= T-1 or publication <= T),A_FLOAT,SHARES_OUTSTANDING_DEI,,,S07,,,,2026-10-08T23:10:07.602837+00:00,,,0,,NONE,NO_RECORD_FOUND,no dei:EntityCommonStockSharesOutstanding filed before T (foreign filers lack it),0,
BNR,BNR_C2026-07-17,2026-07-17,CONTROL,2026-07-17 (session date; post time unknown),America/New_York,2026-07-17 00:00 America/New_York (bars < T; sources with record date <= T-1 or publication <= T),B_SEC_OFFERING,DAYS_SINCE_LAST_OFFERING_FORM,667,2024-09-18,S07,0001193805-24-001135,2024-09-18,2024-09-18T17:59:44.000Z,2026-10-08T23:10:07.602837+00:00,2024-09-18,point-in-time (filing),1,1,HIGH,,filings before T: 168 · offering-class forms: 20 · last form 424B3,20,667
BNR,BNR_C2026-07-17,2026-07-17,CONTROL,2026-07-17 (session date; post time unknown),America/New_York,2026-07-17 00:00 America/New_York (bars < T; sources with record date <= T-1 or publication <= T),B_SEC_OFFERING,DAYS_SINCE_LAST_FINAL_PROSPECTUS,1348,2022-11-07,S07,0001193125-22-279039,2022-11-07,2022-11-07T21:00:55.000Z,2026-10-08T23:10:07.602837+00:00,2022-11-07,point-in-time (filing),1,1,HIGH,,final prospectuses (424B1/B4/B5) before T: 3,3,1348
BNR,BNR_C2026-07-17,2026-07-17,CONTROL,2026-07-17 (session date; post time unknown),America/New_York,2026-07-17 00:00 America/New_York (bars < T; sources with record date <= T-1 or publication <= T),C_BORROW,AVAILABLE_SHARES,,,S04/S05/S01,,,,,,,0,,NONE,NO_HISTORICAL_SOURCE,snapshots exist only after T,0,
BNR,BNR_C2026-07-17,2026-07-17,CONTROL,2026-07-17 (session date; post time unknown),America/New_York,2026-07-17 00:00 America/New_York (bars < T; sources with record date <= T-1 or publication <= T),D_SPLIT_AGE,SESSIONS_SINCE_LAST_REVERSE_SPLIT,384,2024-05-15,S06,yahoo:2024-05-15:0.1,2026-10-08,unknown (vendor); SEC confirmation: 8-K item 5.03/3.03 within 21d: 0,2026-10-08,2024-05-15,CURRENT snapshot of historical dates,0,1,MEDIUM,,ratio=0.1; reverse splits before T: 1 (raw 1); calendar days 793,1,793
MGN,MGN_C2026-07-20,2026-07-20,CONTROL,2026-07-20 (session date; post time unknown),America/New_York,2026-07-20 00:00 America/New_York (bars < T; sources with record date <= T-1 or publication <= T),A_FLOAT,FLOAT_SHARES,,,S01/S02/S03,,,,,,,0,,NONE,NO_RECORD_FOUND,value exists only after T (not usable),0,
MGN,MGN_C2026-07-20,2026-07-20,CONTROL,2026-07-20 (session date; post time unknown),America/New_York,2026-07-20 00:00 America/New_York (bars < T; sources with record date <= T-1 or publication <= T),A_FLOAT,SHARES_OUTSTANDING_DEI,16250000,2025-12-31,S07,0001213900-26-057595,2026-05-15,2026-05-15,2026-10-08T23:10:07.602837+00:00,2025-12-31,point-in-time (filed),1,1,HIGH,,20-F cover page; shares outstanding ≠ float (upper bound),1,66
MGN,MGN_C2026-07-20,2026-07-20,CONTROL,2026-07-20 (session date; post time unknown),America/New_York,2026-07-20 00:00 America/New_York (bars < T; sources with record date <= T-1 or publication <= T),B_SEC_OFFERING,DAYS_SINCE_LAST_OFFERING_FORM,143,2026-02-27,S07,0001213900-26-020884,2026-02-27,2026-02-27T03:57:33.000Z,2026-10-08T23:10:07.602837+00:00,2026-02-27,point-in-time (filing),1,1,HIGH,,filings before T: 75 · offering-class forms: 19 · last form 424B4,19,143
MGN,MGN_C2026-07-20,2026-07-20,CONTROL,2026-07-20 (session date; post time unknown),America/New_York,2026-07-20 00:00 America/New_York (bars < T; sources with record date <= T-1 or publication <= T),B_SEC_OFFERING,DAYS_SINCE_LAST_FINAL_PROSPECTUS,143,2026-02-27,S07,0001213900-26-020884,2026-02-27,2026-02-27T03:57:33.000Z,2026-10-08T23:10:07.602837+00:00,2026-02-27,point-in-time (filing),1,1,HIGH,,final prospectuses (424B1/B4/B5) before T: 2,2,143
MGN,MGN_C2026-07-20,2026-07-20,CONTROL,2026-07-20 (session date; post time unknown),America/New_York,2026-07-20 00:00 America/New_York (bars < T; sources with record date <= T-1 or publication <= T),C_BORROW,AVAILABLE_SHARES,,,S04/S05/S01,,,,,,,0,,NONE,NO_HISTORICAL_SOURCE,no snapshot source before T,0,
MGN,MGN_C2026-07-20,2026-07-20,CONTROL,2026-07-20 (session date; post time unknown),America/New_York,2026-07-20 00:00 America/New_York (bars < T; sources with record date <= T-1 or publication <= T),D_SPLIT_AGE,SESSIONS_SINCE_LAST_REVERSE_SPLIT,NO_CONFIRMED_PRIOR_REVERSE_SPLIT,,S06,,2026-10-08,,2026-10-08,,CURRENT snapshot,0,1,MEDIUM,RECORD_NOT_APPLICABLE,splits listed (any): 2; none reverse before T,0,
ERNA,ERNA_C2026-07-20,2026-07-20,CONTROL,2026-07-20 (session date; post time unknown),America/New_York,2026-07-20 00:00 America/New_York (bars < T; sources with record date <= T-1 or publication <= T),A_FLOAT,FLOAT_SHARES,,,S01/S02/S03,,,,,,,0,,NONE,NO_RECORD_FOUND,value exists only after T (not usable),0,
ERNA,ERNA_C2026-07-20,2026-07-20,CONTROL,2026-07-20 (session date; post time unknown),America/New_York,2026-07-20 00:00 America/New_York (bars < T; sources with record date <= T-1 or publication <= T),A_FLOAT,SHARES_OUTSTANDING_DEI,1166333,2026-05-08,S07,0001493152-26-022276,2026-05-11,2026-05-11,2026-10-08T23:10:07.602837+00:00,2026-05-08,point-in-time (filed),1,1,HIGH,,10-Q cover page; shares outstanding ≠ float (upper bound),62,70
ERNA,ERNA_C2026-07-20,2026-07-20,CONTROL,2026-07-20 (session date; post time unknown),America/New_York,2026-07-20 00:00 America/New_York (bars < T; sources with record date <= T-1 or publication <= T),B_SEC_OFFERING,DAYS_SINCE_LAST_OFFERING_FORM,112,2026-03-30,S07,9999999995-26-000994,2026-03-30,2026-03-31T04:15:33.000Z,2026-10-08T23:10:07.602837+00:00,2026-03-30,point-in-time (filing),1,1,HIGH,,filings before T: 1510 · offering-class forms: 114 · last form EFFECT,114,112
ERNA,ERNA_C2026-07-20,2026-07-20,CONTROL,2026-07-20 (session date; post time unknown),America/New_York,2026-07-20 00:00 America/New_York (bars < T; sources with record date <= T-1 or publication <= T),B_SEC_OFFERING,DAYS_SINCE_LAST_FINAL_PROSPECTUS,160,2026-02-10,S07,0001493152-26-005898,2026-02-10,2026-02-10T13:42:27.000Z,2026-10-08T23:10:07.602837+00:00,2026-02-10,point-in-time (filing),1,1,HIGH,,final prospectuses (424B1/B4/B5) before T: 10,10,160
ERNA,ERNA_C2026-07-20,2026-07-20,CONTROL,2026-07-20 (session date; post time unknown),America/New_York,2026-07-20 00:00 America/New_York (bars < T; sources with record date <= T-1 or publication <= T),C_BORROW,AVAILABLE_SHARES,,,S04/S05/S01,,,,,,,0,,NONE,NO_HISTORICAL_SOURCE,snapshots exist only after T,0,
ERNA,ERNA_C2026-07-20,2026-07-20,CONTROL,2026-07-20 (session date; post time unknown),America/New_York,2026-07-20 00:00 America/New_York (bars < T; sources with record date <= T-1 or publication <= T),D_SPLIT_AGE,SESSIONS_SINCE_LAST_REVERSE_SPLIT,52,2026-05-04,S06,yahoo:2026-05-04:0.04,2026-10-08,unknown (vendor); SEC confirmation: 8-K item 5.03/3.03 within 21d: 1,2026-10-08,2026-05-04,CURRENT snapshot of historical dates,1,1,HIGH,,ratio=0.04; reverse splits before T: 5 (raw 5); calendar days 77,5,77
FCUV,FCUV_C2026-07-20,2026-07-20,CONTROL,2026-07-20 (session date; post time unknown),America/New_York,2026-07-20 00:00 America/New_York (bars < T; sources with record date <= T-1 or publication <= T),A_FLOAT,FLOAT_SHARES,,,S01/S02/S03,,,,,,,0,,NONE,NO_RECORD_FOUND,value exists only after T (not usable),0,
FCUV,FCUV_C2026-07-20,2026-07-20,CONTROL,2026-07-20 (session date; post time unknown),America/New_York,2026-07-20 00:00 America/New_York (bars < T; sources with record date <= T-1 or publication <= T),A_FLOAT,SHARES_OUTSTANDING_DEI,2069781,2026-05-12,S07,0001683168-26-003903,2026-05-14,2026-05-14,2026-10-08T23:10:07.602837+00:00,2026-05-12,point-in-time (filed),1,1,HIGH,,10-Q cover page; shares outstanding ≠ float (upper bound),50,67
FCUV,FCUV_C2026-07-20,2026-07-20,CONTROL,2026-07-20 (session date; post time unknown),America/New_York,2026-07-20 00:00 America/New_York (bars < T; sources with record date <= T-1 or publication <= T),B_SEC_OFFERING,DAYS_SINCE_LAST_OFFERING_FORM,46,2026-06-04,S07,0001683168-26-004516,2026-06-04,2026-06-03T22:43:28.000Z,2026-10-08T23:10:07.602837+00:00,2026-06-04,point-in-time (filing),1,1,HIGH,,filings before T: 277 · offering-class forms: 50 · last form 424B4,50,46
FCUV,FCUV_C2026-07-20,2026-07-20,CONTROL,2026-07-20 (session date; post time unknown),America/New_York,2026-07-20 00:00 America/New_York (bars < T; sources with record date <= T-1 or publication <= T),B_SEC_OFFERING,DAYS_SINCE_LAST_FINAL_PROSPECTUS,46,2026-06-04,S07,0001683168-26-004516,2026-06-04,2026-06-03T22:43:28.000Z,2026-10-08T23:10:07.602837+00:00,2026-06-04,point-in-time (filing),1,1,HIGH,,final prospectuses (424B1/B4/B5) before T: 10,10,46
FCUV,FCUV_C2026-07-20,2026-07-20,CONTROL,2026-07-20 (session date; post time unknown),America/New_York,2026-07-20 00:00 America/New_York (bars < T; sources with record date <= T-1 or publication <= T),C_BORROW,AVAILABLE_SHARES,,,S04/S05/S01,,,,,,,0,,NONE,NO_HISTORICAL_SOURCE,snapshots exist only after T,0,
FCUV,FCUV_C2026-07-20,2026-07-20,CONTROL,2026-07-20 (session date; post time unknown),America/New_York,2026-07-20 00:00 America/New_York (bars < T; sources with record date <= T-1 or publication <= T),D_SPLIT_AGE,SESSIONS_SINCE_LAST_REVERSE_SPLIT,18,2026-06-23,S06,yahoo:2026-06-23:0.25,2026-10-08,unknown (vendor); SEC confirmation: 8-K item 5.03/3.03 within 21d: 1,2026-10-08,2026-06-23,CURRENT snapshot of historical dates,1,1,HIGH,,ratio=0.25; reverse splits before T: 3 (raw 3); calendar days 27,3,27
MBRX,MBRX_C2026-07-20,2026-07-20,CONTROL,2026-07-20 (session date; post time unknown),America/New_York,2026-07-20 00:00 America/New_York (bars < T; sources with record date <= T-1 or publication <= T),A_FLOAT,FLOAT_SHARES,5292005,2026-06-24,S01,wl:05e5f6d64e,2026-06-24T00:33:17,unknown (vendor),2026-06-24T00:33:17,2026-06-24,point-in-time (git),1,1,HIGH,,vendor floatShares; shares_outstanding fallback not used,9,26
MBRX,MBRX_C2026-07-20,2026-07-20,CONTROL,2026-07-20 (session date; post time unknown),America/New_York,2026-07-20 00:00 America/New_York (bars < T; sources with record date <= T-1 or publication <= T),A_FLOAT,SHARES_OUTSTANDING_DEI,5336350,2026-05-07,S07,0001437749-26-017034,2026-05-14,2026-05-14,2026-10-08T23:10:07.602837+00:00,2026-05-07,point-in-time (filed),1,1,HIGH,,10-Q cover page; shares outstanding ≠ float (upper bound),46,67
MBRX,MBRX_C2026-07-20,2026-07-20,CONTROL,2026-07-20 (session date; post time unknown),America/New_York,2026-07-20 00:00 America/New_York (bars < T; sources with record date <= T-1 or publication <= T),B_SEC_OFFERING,DAYS_SINCE_LAST_OFFERING_FORM,97,2026-04-14,S07,9999999995-26-001181,2026-04-14,2026-04-15T08:15:07.000Z,2026-10-08T23:10:07.602837+00:00,2026-04-14,point-in-time (filing),1,1,HIGH,,filings before T: 801 · offering-class forms: 96 · last form EFFECT,96,97
MBRX,MBRX_C2026-07-20,2026-07-20,CONTROL,2026-07-20 (session date; post time unknown),America/New_York,2026-07-20 00:00 America/New_York (bars < T; sources with record date <= T-1 or publication <= T),B_SEC_OFFERING,DAYS_SINCE_LAST_FINAL_PROSPECTUS,209,2025-12-23,S07,0001437749-25-038686,2025-12-23,2025-12-24T02:23:25.000Z,2026-10-08T23:10:07.602837+00:00,2025-12-23,point-in-time (filing),1,1,HIGH,,final prospectuses (424B1/B4/B5) before T: 25,25,209
MBRX,MBRX_C2026-07-20,2026-07-20,CONTROL,2026-07-20 (session date; post time unknown),America/New_York,2026-07-20 00:00 America/New_York (bars < T; sources with record date <= T-1 or publication <= T),C_BORROW,AVAILABLE_SHARES,,,S04/S05/S01,,,,,,,0,,NONE,NO_HISTORICAL_SOURCE,snapshots exist only after T,0,
MBRX,MBRX_C2026-07-20,2026-07-20,CONTROL,2026-07-20 (session date; post time unknown),America/New_York,2026-07-20 00:00 America/New_York (bars < T; sources with record date <= T-1 or publication <= T),D_SPLIT_AGE,SESSIONS_SINCE_LAST_REVERSE_SPLIT,157,2025-12-01,S06,yahoo:2025-12-01:0.04,2026-10-08,unknown (vendor); SEC confirmation: 8-K item 5.03/3.03 within 21d: 1,2026-10-08,2025-12-01,CURRENT snapshot of historical dates,1,1,HIGH,,ratio=0.04; reverse splits before T: 3 (raw 3); calendar days 231,3,231
BEAT,BEAT_C2026-07-27,2026-07-27,CONTROL,2026-07-27 (session date; post time unknown),America/New_York,2026-07-27 00:00 America/New_York (bars < T; sources with record date <= T-1 or publication <= T),A_FLOAT,FLOAT_SHARES,,,S01/S02/S03,,,,,,,0,,NONE,NO_RECORD_FOUND,value exists only after T (not usable),0,
BEAT,BEAT_C2026-07-27,2026-07-27,CONTROL,2026-07-27 (session date; post time unknown),America/New_York,2026-07-27 00:00 America/New_York (bars < T; sources with record date <= T-1 or publication <= T),A_FLOAT,SHARES_OUTSTANDING_DEI,55506835,2026-05-11,S07,0001193125-26-221565,2026-05-13,2026-05-13,2026-10-08T23:10:07.602837+00:00,2026-05-11,point-in-time (filed),1,1,HIGH,,10-Q cover page; shares outstanding ≠ float (upper bound),19,75
BEAT,BEAT_C2026-07-27,2026-07-27,CONTROL,2026-07-27 (session date; post time unknown),America/New_York,2026-07-27 00:00 America/New_York (bars < T; sources with record date <= T-1 or publication <= T),B_SEC_OFFERING,DAYS_SINCE_LAST_OFFERING_FORM,102,2026-04-16,S07,0001213900-26-044264,2026-04-16,2026-04-16T01:55:57.000Z,2026-10-08T23:10:07.602837+00:00,2026-04-16,point-in-time (filing),1,1,HIGH,,filings before T: 259 · offering-class forms: 30 · last form 424B5,30,102
BEAT,BEAT_C2026-07-27,2026-07-27,CONTROL,2026-07-27 (session date; post time unknown),America/New_York,2026-07-27 00:00 America/New_York (bars < T; sources with record date <= T-1 or publication <= T),B_SEC_OFFERING,DAYS_SINCE_LAST_FINAL_PROSPECTUS,102,2026-04-16,S07,0001213900-26-044264,2026-04-16,2026-04-16T01:55:57.000Z,2026-10-08T23:10:07.602837+00:00,2026-04-16,point-in-time (filing),1,1,HIGH,,final prospectuses (424B1/B4/B5) before T: 7,7,102
BEAT,BEAT_C2026-07-27,2026-07-27,CONTROL,2026-07-27 (session date; post time unknown),America/New_York,2026-07-27 00:00 America/New_York (bars < T; sources with record date <= T-1 or publication <= T),C_BORROW,AVAILABLE_SHARES,,,S04/S05/S01,,,,,,,0,,NONE,NO_HISTORICAL_SOURCE,snapshots exist only after T,0,
BEAT,BEAT_C2026-07-27,2026-07-27,CONTROL,2026-07-27 (session date; post time unknown),America/New_York,2026-07-27 00:00 America/New_York (bars < T; sources with record date <= T-1 or publication <= T),D_SPLIT_AGE,SESSIONS_SINCE_LAST_REVERSE_SPLIT,NO_CONFIRMED_PRIOR_REVERSE_SPLIT,,S06,,2026-10-08,,2026-10-08,,CURRENT snapshot,0,1,MEDIUM,RECORD_NOT_APPLICABLE,splits listed (any): 0; none reverse before T,0,
IZM,IZM_C2026-07-27,2026-07-27,CONTROL,2026-07-27 (session date; post time unknown),America/New_York,2026-07-27 00:00 America/New_York (bars < T; sources with record date <= T-1 or publication <= T),A_FLOAT,FLOAT_SHARES,,,S01/S02/S03,,,,,,,0,,NONE,NO_RECORD_FOUND,value exists only after T (not usable),0,
IZM,IZM_C2026-07-27,2026-07-27,CONTROL,2026-07-27 (session date; post time unknown),America/New_York,2026-07-27 00:00 America/New_York (bars < T; sources with record date <= T-1 or publication <= T),A_FLOAT,SHARES_OUTSTANDING_DEI,,,S07,,,,2026-10-08T23:10:07.602837+00:00,,,0,,NONE,NO_RECORD_FOUND,no dei:EntityCommonStockSharesOutstanding filed before T (foreign filers lack it),0,
IZM,IZM_C2026-07-27,2026-07-27,CONTROL,2026-07-27 (session date; post time unknown),America/New_York,2026-07-27 00:00 America/New_York (bars < T; sources with record date <= T-1 or publication <= T),B_SEC_OFFERING,DAYS_SINCE_LAST_OFFERING_FORM,514,2025-02-28,S07,9999999995-25-000560,2025-02-28,2025-03-03T05:15:06.000Z,2026-10-08T23:10:07.602837+00:00,2025-02-28,point-in-time (filing),1,1,HIGH,,filings before T: 141 · offering-class forms: 29 · last form EFFECT,29,514
IZM,IZM_C2026-07-27,2026-07-27,CONTROL,2026-07-27 (session date; post time unknown),America/New_York,2026-07-27 00:00 America/New_York (bars < T; sources with record date <= T-1 or publication <= T),B_SEC_OFFERING,DAYS_SINCE_LAST_FINAL_PROSPECTUS,1229,2023-03-16,S07,0001213900-23-020438,2023-03-16,2023-03-16T13:06:23.000Z,2026-10-08T23:10:07.602837+00:00,2023-03-16,point-in-time (filing),1,1,HIGH,,final prospectuses (424B1/B4/B5) before T: 1,1,1229
IZM,IZM_C2026-07-27,2026-07-27,CONTROL,2026-07-27 (session date; post time unknown),America/New_York,2026-07-27 00:00 America/New_York (bars < T; sources with record date <= T-1 or publication <= T),C_BORROW,AVAILABLE_SHARES,,,S04/S05/S01,,,,,,,0,,NONE,NO_HISTORICAL_SOURCE,no snapshot source before T,0,
IZM,IZM_C2026-07-27,2026-07-27,CONTROL,2026-07-27 (session date; post time unknown),America/New_York,2026-07-27 00:00 America/New_York (bars < T; sources with record date <= T-1 or publication <= T),D_SPLIT_AGE,SESSIONS_SINCE_LAST_REVERSE_SPLIT,NO_CONFIRMED_PRIOR_REVERSE_SPLIT,,S06,,2026-10-08,,2026-10-08,,CURRENT snapshot,0,1,MEDIUM,RECORD_NOT_APPLICABLE,splits listed (any): 1; none reverse before T,0,
DAIC,DAIC_C2026-07-27,2026-07-27,CONTROL,2026-07-27 (session date; post time unknown),America/New_York,2026-07-27 00:00 America/New_York (bars < T; sources with record date <= T-1 or publication <= T),A_FLOAT,FLOAT_SHARES,,,S01/S02/S03,,,,,,,0,,NONE,NO_RECORD_FOUND,value exists only after T (not usable),0,
DAIC,DAIC_C2026-07-27,2026-07-27,CONTROL,2026-07-27 (session date; post time unknown),America/New_York,2026-07-27 00:00 America/New_York (bars < T; sources with record date <= T-1 or publication <= T),A_FLOAT,SHARES_OUTSTANDING_DEI,30259579,2026-05-11,S07,0001213900-26-055091,2026-05-12,2026-05-12,2026-10-08T23:10:07.602837+00:00,2026-05-11,point-in-time (filed),1,1,HIGH,,10-Q cover page; shares outstanding ≠ float (upper bound),4,76
DAIC,DAIC_C2026-07-27,2026-07-27,CONTROL,2026-07-27 (session date; post time unknown),America/New_York,2026-07-27 00:00 America/New_York (bars < T; sources with record date <= T-1 or publication <= T),B_SEC_OFFERING,DAYS_SINCE_LAST_OFFERING_FORM,88,2026-04-30,S07,9999999995-26-001414,2026-04-30,2026-05-01T04:15:04.000Z,2026-10-08T23:10:07.602837+00:00,2026-04-30,point-in-time (filing),1,1,HIGH,,filings before T: 96 · offering-class forms: 18 · last form EFFECT,18,88
DAIC,DAIC_C2026-07-27,2026-07-27,CONTROL,2026-07-27 (session date; post time unknown),America/New_York,2026-07-27 00:00 America/New_York (bars < T; sources with record date <= T-1 or publication <= T),B_SEC_OFFERING,DAYS_SINCE_LAST_FINAL_PROSPECTUS,,,S07,,,,2026-10-08T23:10:07.602837+00:00,,point-in-time (filing),1,1,HIGH,,final prospectuses (424B1/B4/B5) before T: 0,0,
DAIC,DAIC_C2026-07-27,2026-07-27,CONTROL,2026-07-27 (session date; post time unknown),America/New_York,2026-07-27 00:00 America/New_York (bars < T; sources with record date <= T-1 or publication <= T),C_BORROW,AVAILABLE_SHARES,,,S04/S05/S01,,,,,,,0,,NONE,NO_HISTORICAL_SOURCE,no snapshot source before T,0,
DAIC,DAIC_C2026-07-27,2026-07-27,CONTROL,2026-07-27 (session date; post time unknown),America/New_York,2026-07-27 00:00 America/New_York (bars < T; sources with record date <= T-1 or publication <= T),D_SPLIT_AGE,SESSIONS_SINCE_LAST_REVERSE_SPLIT,38,2026-06-01,S06,yahoo:2026-06-01:0.04,2026-10-08,unknown (vendor); SEC confirmation: 8-K item 5.03/3.03 within 21d: 1,2026-10-08,2026-06-01,CURRENT snapshot of historical dates,1,1,HIGH,,ratio=0.04; reverse splits before T: 1 (raw 1); calendar days 56,1,56
CYPH,CYPH_C2026-07-27,2026-07-27,CONTROL,2026-07-27 (session date; post time unknown),America/New_York,2026-07-27 00:00 America/New_York (bars < T; sources with record date <= T-1 or publication <= T),A_FLOAT,FLOAT_SHARES,,,S01/S02/S03,,,,,,,0,,NONE,NO_HISTORICAL_SOURCE,no bot record,0,
CYPH,CYPH_C2026-07-27,2026-07-27,CONTROL,2026-07-27 (session date; post time unknown),America/New_York,2026-07-27 00:00 America/New_York (bars < T; sources with record date <= T-1 or publication <= T),A_FLOAT,SHARES_OUTSTANDING_DEI,106464482,2026-05-12,S07,0001104659-26-060662,2026-05-14,2026-05-14,2026-10-08T23:10:07.602837+00:00,2026-05-12,point-in-time (filed),1,1,HIGH,,10-Q cover page; shares outstanding ≠ float (upper bound),38,74
CYPH,CYPH_C2026-07-27,2026-07-27,CONTROL,2026-07-27 (session date; post time unknown),America/New_York,2026-07-27 00:00 America/New_York (bars < T; sources with record date <= T-1 or publication <= T),B_SEC_OFFERING,DAYS_SINCE_LAST_OFFERING_FORM,48,2026-06-09,S07,0001104659-26-071933,2026-06-09,2026-06-09T21:27:21.000Z,2026-10-08T23:10:07.602837+00:00,2026-06-09,point-in-time (filing),1,1,HIGH,,filings before T: 606 · offering-class forms: 49 · last form S-8,49,48
CYPH,CYPH_C2026-07-27,2026-07-27,CONTROL,2026-07-27 (session date; post time unknown),America/New_York,2026-07-27 00:00 America/New_York (bars < T; sources with record date <= T-1 or publication <= T),B_SEC_OFFERING,DAYS_SINCE_LAST_FINAL_PROSPECTUS,257,2025-11-12,S07,0001104659-25-109899,2025-11-12,2025-11-12T14:13:40.000Z,2026-10-08T23:10:07.602837+00:00,2025-11-12,point-in-time (filing),1,1,HIGH,,final prospectuses (424B1/B4/B5) before T: 12,12,257
CYPH,CYPH_C2026-07-27,2026-07-27,CONTROL,2026-07-27 (session date; post time unknown),America/New_York,2026-07-27 00:00 America/New_York (bars < T; sources with record date <= T-1 or publication <= T),C_BORROW,AVAILABLE_SHARES,,,S04/S05/S01,,,,,,,0,,NONE,NO_HISTORICAL_SOURCE,no snapshot source before T,0,
CYPH,CYPH_C2026-07-27,2026-07-27,CONTROL,2026-07-27 (session date; post time unknown),America/New_York,2026-07-27 00:00 America/New_York (bars < T; sources with record date <= T-1 or publication <= T),D_SPLIT_AGE,SESSIONS_SINCE_LAST_REVERSE_SPLIT,390,2023-06-21,S06,yahoo:2023-06-21:0.1,2026-10-08,unknown (vendor); SEC confirmation: 8-K item 5.03/3.03 within 21d: 0,2026-10-08,2023-06-21,CURRENT snapshot of historical dates,0,1,MEDIUM,,ratio=0.1; reverse splits before T: 1 (raw 1); calendar days 1132,1,1132
FRGT,FRGT_C2026-07-28,2026-07-28,CONTROL,2026-07-28 (session date; post time unknown),America/New_York,2026-07-28 00:00 America/New_York (bars < T; sources with record date <= T-1 or publication <= T),A_FLOAT,FLOAT_SHARES,,,S01/S02/S03,,,,,,,0,,NONE,NO_RECORD_FOUND,value exists only after T (not usable),0,
FRGT,FRGT_C2026-07-28,2026-07-28,CONTROL,2026-07-28 (session date; post time unknown),America/New_York,2026-07-28 00:00 America/New_York (bars < T; sources with record date <= T-1 or publication <= T),A_FLOAT,SHARES_OUTSTANDING_DEI,1660627,2025-12-31,S07,0001493152-26-023206,2026-05-14,2026-05-14,2026-10-08T23:10:07.602837+00:00,2025-12-31,point-in-time (filed),1,1,HIGH,,20-F cover page; shares outstanding ≠ float (upper bound),15,75
FRGT,FRGT_C2026-07-28,2026-07-28,CONTROL,2026-07-28 (session date; post time unknown),America/New_York,2026-07-28 00:00 America/New_York (bars < T; sources with record date <= T-1 or publication <= T),B_SEC_OFFERING,DAYS_SINCE_LAST_OFFERING_FORM,764,2024-06-24,S07,0001493152-24-024831,2024-06-24,2024-06-21T23:32:33.000Z,2026-10-08T23:10:07.602837+00:00,2024-06-24,point-in-time (filing),1,1,HIGH,,filings before T: 270 · offering-class forms: 24 · last form 424B5,24,764
FRGT,FRGT_C2026-07-28,2026-07-28,CONTROL,2026-07-28 (session date; post time unknown),America/New_York,2026-07-28 00:00 America/New_York (bars < T; sources with record date <= T-1 or publication <= T),B_SEC_OFFERING,DAYS_SINCE_LAST_FINAL_PROSPECTUS,764,2024-06-24,S07,0001493152-24-024831,2024-06-24,2024-06-21T23:32:33.000Z,2026-10-08T23:10:07.602837+00:00,2024-06-24,point-in-time (filing),1,1,HIGH,,final prospectuses (424B1/B4/B5) before T: 9,9,764
FRGT,FRGT_C2026-07-28,2026-07-28,CONTROL,2026-07-28 (session date; post time unknown),America/New_York,2026-07-28 00:00 America/New_York (bars < T; sources with record date <= T-1 or publication <= T),C_BORROW,AVAILABLE_SHARES,,,S04/S05/S01,,,,,,,0,,NONE,NO_HISTORICAL_SOURCE,no snapshot source before T,0,
FRGT,FRGT_C2026-07-28,2026-07-28,CONTROL,2026-07-28 (session date; post time unknown),America/New_York,2026-07-28 00:00 America/New_York (bars < T; sources with record date <= T-1 or publication <= T),D_SPLIT_AGE,SESSIONS_SINCE_LAST_REVERSE_SPLIT,48,2026-05-18,S06,yahoo:2026-05-18:0.2,2026-10-08,unknown (vendor); SEC confirmation: 8-K item 5.03/3.03 within 21d: 0,2026-10-08,2026-05-18,CURRENT snapshot of historical dates,0,1,MEDIUM,,ratio=0.2; reverse splits before T: 7 (raw 7); calendar days 71,7,71
VEEA,VEEA_C2026-07-28,2026-07-28,CONTROL,2026-07-28 (session date; post time unknown),America/New_York,2026-07-28 00:00 America/New_York (bars < T; sources with record date <= T-1 or publication <= T),A_FLOAT,FLOAT_SHARES,,,S01/S02/S03,,,,,,,0,,NONE,NO_RECORD_FOUND,value exists only after T (not usable),0,
VEEA,VEEA_C2026-07-28,2026-07-28,CONTROL,2026-07-28 (session date; post time unknown),America/New_York,2026-07-28 00:00 America/New_York (bars < T; sources with record date <= T-1 or publication <= T),A_FLOAT,SHARES_OUTSTANDING_DEI,50407567,2026-05-13,S07,0001213900-26-057059,2026-05-15,2026-05-15,2026-10-08T23:10:07.602837+00:00,2026-05-13,point-in-time (filed),1,1,HIGH,,10-Q cover page; shares outstanding ≠ float (upper bound),7,74
VEEA,VEEA_C2026-07-28,2026-07-28,CONTROL,2026-07-28 (session date; post time unknown),America/New_York,2026-07-28 00:00 America/New_York (bars < T; sources with record date <= T-1 or publication <= T),B_SEC_OFFERING,DAYS_SINCE_LAST_OFFERING_FORM,27,2026-07-01,S07,9999999995-26-002184,2026-07-01,2026-07-02T08:15:20.000Z,2026-10-08T23:10:07.602837+00:00,2026-07-01,point-in-time (filing),1,1,HIGH,,filings before T: 260 · offering-class forms: 30 · last form EFFECT,30,27
VEEA,VEEA_C2026-07-28,2026-07-28,CONTROL,2026-07-28 (session date; post time unknown),America/New_York,2026-07-28 00:00 America/New_York (bars < T; sources with record date <= T-1 or publication <= T),B_SEC_OFFERING,DAYS_SINCE_LAST_FINAL_PROSPECTUS,348,2025-08-14,S07,0001213900-25-076086,2025-08-14,2025-08-14T16:35:52.000Z,2026-10-08T23:10:07.602837+00:00,2025-08-14,point-in-time (filing),1,1,HIGH,,final prospectuses (424B1/B4/B5) before T: 2,2,348
VEEA,VEEA_C2026-07-28,2026-07-28,CONTROL,2026-07-28 (session date; post time unknown),America/New_York,2026-07-28 00:00 America/New_York (bars < T; sources with record date <= T-1 or publication <= T),C_BORROW,AVAILABLE_SHARES,,,S04/S05/S01,,,,,,,0,,NONE,NO_HISTORICAL_SOURCE,no snapshot source before T,0,
VEEA,VEEA_C2026-07-28,2026-07-28,CONTROL,2026-07-28 (session date; post time unknown),America/New_York,2026-07-28 00:00 America/New_York (bars < T; sources with record date <= T-1 or publication <= T),D_SPLIT_AGE,SESSIONS_SINCE_LAST_REVERSE_SPLIT,NO_CONFIRMED_PRIOR_REVERSE_SPLIT,,S06,,2026-10-08,,2026-10-08,,CURRENT snapshot,0,1,MEDIUM,RECORD_NOT_APPLICABLE,splits listed (any): 1; none reverse before T,0,
JZ,JZ_C2026-07-28,2026-07-28,CONTROL,2026-07-28 (session date; post time unknown),America/New_York,2026-07-28 00:00 America/New_York (bars < T; sources with record date <= T-1 or publication <= T),A_FLOAT,FLOAT_SHARES,,,S01/S02/S03,,,,,,,0,,NONE,NO_RECORD_FOUND,value exists only after T (not usable),0,
JZ,JZ_C2026-07-28,2026-07-28,CONTROL,2026-07-28 (session date; post time unknown),America/New_York,2026-07-28 00:00 America/New_York (bars < T; sources with record date <= T-1 or publication <= T),A_FLOAT,SHARES_OUTSTANDING_DEI,517110000,2025-12-31,S07,0001213900-26-042787,2026-04-13,2026-04-13,2026-10-08T23:10:07.602837+00:00,2025-12-31,point-in-time (filed),1,1,HIGH,,20-F cover page; shares outstanding ≠ float (upper bound),5,106
JZ,JZ_C2026-07-28,2026-07-28,CONTROL,2026-07-28 (session date; post time unknown),America/New_York,2026-07-28 00:00 America/New_York (bars < T; sources with record date <= T-1 or publication <= T),B_SEC_OFFERING,DAYS_SINCE_LAST_OFFERING_FORM,55,2026-06-03,S07,0001213900-26-064571,2026-06-03,2026-06-03T16:48:00.000Z,2026-10-08T23:10:07.602837+00:00,2026-06-03,point-in-time (filing),1,1,HIGH,,filings before T: 109 · offering-class forms: 25 · last form 424B5,25,55
JZ,JZ_C2026-07-28,2026-07-28,CONTROL,2026-07-28 (session date; post time unknown),America/New_York,2026-07-28 00:00 America/New_York (bars < T; sources with record date <= T-1 or publication <= T),B_SEC_OFFERING,DAYS_SINCE_LAST_FINAL_PROSPECTUS,55,2026-06-03,S07,0001213900-26-064571,2026-06-03,2026-06-03T16:48:00.000Z,2026-10-08T23:10:07.602837+00:00,2026-06-03,point-in-time (filing),1,1,HIGH,,final prospectuses (424B1/B4/B5) before T: 3,3,55
JZ,JZ_C2026-07-28,2026-07-28,CONTROL,2026-07-28 (session date; post time unknown),America/New_York,2026-07-28 00:00 America/New_York (bars < T; sources with record date <= T-1 or publication <= T),C_BORROW,AVAILABLE_SHARES,,,S04/S05/S01,,,,,,,0,,NONE,NO_HISTORICAL_SOURCE,no snapshot source before T,0,
JZ,JZ_C2026-07-28,2026-07-28,CONTROL,2026-07-28 (session date; post time unknown),America/New_York,2026-07-28 00:00 America/New_York (bars < T; sources with record date <= T-1 or publication <= T),D_SPLIT_AGE,SESSIONS_SINCE_LAST_REVERSE_SPLIT,16,2026-07-06,S06,yahoo:2026-07-06:0.03333333333333333,2026-10-08,unknown (vendor); SEC confirmation: 8-K item 5.03/3.03 within 21d: 0,2026-10-08,2026-07-06,CURRENT snapshot of historical dates,0,1,MEDIUM,,ratio=0.03333333333333333; reverse splits before T: 3 (raw 3); calendar days 22,3,22
DAIC,DAIC_C2026-07-28,2026-07-28,CONTROL,2026-07-28 (session date; post time unknown),America/New_York,2026-07-28 00:00 America/New_York (bars < T; sources with record date <= T-1 or publication <= T),A_FLOAT,FLOAT_SHARES,,,S01/S02/S03,,,,,,,0,,NONE,NO_RECORD_FOUND,value exists only after T (not usable),0,
DAIC,DAIC_C2026-07-28,2026-07-28,CONTROL,2026-07-28 (session date; post time unknown),America/New_York,2026-07-28 00:00 America/New_York (bars < T; sources with record date <= T-1 or publication <= T),A_FLOAT,SHARES_OUTSTANDING_DEI,30259579,2026-05-11,S07,0001213900-26-055091,2026-05-12,2026-05-12,2026-10-08T23:10:07.602837+00:00,2026-05-11,point-in-time (filed),1,1,HIGH,,10-Q cover page; shares outstanding ≠ float (upper bound),4,77
DAIC,DAIC_C2026-07-28,2026-07-28,CONTROL,2026-07-28 (session date; post time unknown),America/New_York,2026-07-28 00:00 America/New_York (bars < T; sources with record date <= T-1 or publication <= T),B_SEC_OFFERING,DAYS_SINCE_LAST_OFFERING_FORM,89,2026-04-30,S07,9999999995-26-001414,2026-04-30,2026-05-01T04:15:04.000Z,2026-10-08T23:10:07.602837+00:00,2026-04-30,point-in-time (filing),1,1,HIGH,,filings before T: 96 · offering-class forms: 18 · last form EFFECT,18,89
DAIC,DAIC_C2026-07-28,2026-07-28,CONTROL,2026-07-28 (session date; post time unknown),America/New_York,2026-07-28 00:00 America/New_York (bars < T; sources with record date <= T-1 or publication <= T),B_SEC_OFFERING,DAYS_SINCE_LAST_FINAL_PROSPECTUS,,,S07,,,,2026-10-08T23:10:07.602837+00:00,,point-in-time (filing),1,1,HIGH,,final prospectuses (424B1/B4/B5) before T: 0,0,
DAIC,DAIC_C2026-07-28,2026-07-28,CONTROL,2026-07-28 (session date; post time unknown),America/New_York,2026-07-28 00:00 America/New_York (bars < T; sources with record date <= T-1 or publication <= T),C_BORROW,AVAILABLE_SHARES,,,S04/S05/S01,,,,,,,0,,NONE,NO_HISTORICAL_SOURCE,no snapshot source before T,0,
DAIC,DAIC_C2026-07-28,2026-07-28,CONTROL,2026-07-28 (session date; post time unknown),America/New_York,2026-07-28 00:00 America/New_York (bars < T; sources with record date <= T-1 or publication <= T),D_SPLIT_AGE,SESSIONS_SINCE_LAST_REVERSE_SPLIT,39,2026-06-01,S06,yahoo:2026-06-01:0.04,2026-10-08,unknown (vendor); SEC confirmation: 8-K item 5.03/3.03 within 21d: 1,2026-10-08,2026-06-01,CURRENT snapshot of historical dates,1,1,HIGH,,ratio=0.04; reverse splits before T: 1 (raw 1); calendar days 57,1,57
FCUV,FCUV_C2026-07-31,2026-07-31,CONTROL,2026-07-31 (session date; post time unknown),America/New_York,2026-07-31 00:00 America/New_York (bars < T; sources with record date <= T-1 or publication <= T),A_FLOAT,FLOAT_SHARES,,,S01/S02/S03,,,,,,,0,,NONE,NO_RECORD_FOUND,value exists only after T (not usable),0,
FCUV,FCUV_C2026-07-31,2026-07-31,CONTROL,2026-07-31 (session date; post time unknown),America/New_York,2026-07-31 00:00 America/New_York (bars < T; sources with record date <= T-1 or publication <= T),A_FLOAT,SHARES_OUTSTANDING_DEI,2069781,2026-05-12,S07,0001683168-26-003903,2026-05-14,2026-05-14,2026-10-08T23:10:07.602837+00:00,2026-05-12,point-in-time (filed),1,1,HIGH,,10-Q cover page; shares outstanding ≠ float (upper bound),50,78
FCUV,FCUV_C2026-07-31,2026-07-31,CONTROL,2026-07-31 (session date; post time unknown),America/New_York,2026-07-31 00:00 America/New_York (bars < T; sources with record date <= T-1 or publication <= T),B_SEC_OFFERING,DAYS_SINCE_LAST_OFFERING_FORM,57,2026-06-04,S07,0001683168-26-004516,2026-06-04,2026-06-03T22:43:28.000Z,2026-10-08T23:10:07.602837+00:00,2026-06-04,point-in-time (filing),1,1,HIGH,,filings before T: 277 · offering-class forms: 50 · last form 424B4,50,57
FCUV,FCUV_C2026-07-31,2026-07-31,CONTROL,2026-07-31 (session date; post time unknown),America/New_York,2026-07-31 00:00 America/New_York (bars < T; sources with record date <= T-1 or publication <= T),B_SEC_OFFERING,DAYS_SINCE_LAST_FINAL_PROSPECTUS,57,2026-06-04,S07,0001683168-26-004516,2026-06-04,2026-06-03T22:43:28.000Z,2026-10-08T23:10:07.602837+00:00,2026-06-04,point-in-time (filing),1,1,HIGH,,final prospectuses (424B1/B4/B5) before T: 10,10,57
FCUV,FCUV_C2026-07-31,2026-07-31,CONTROL,2026-07-31 (session date; post time unknown),America/New_York,2026-07-31 00:00 America/New_York (bars < T; sources with record date <= T-1 or publication <= T),C_BORROW,AVAILABLE_SHARES,,,S04/S05/S01,,,,,,,0,,NONE,NO_RECORD_FOUND,snapshots exist only after T,0,
FCUV,FCUV_C2026-07-31,2026-07-31,CONTROL,2026-07-31 (session date; post time unknown),America/New_York,2026-07-31 00:00 America/New_York (bars < T; sources with record date <= T-1 or publication <= T),D_SPLIT_AGE,SESSIONS_SINCE_LAST_REVERSE_SPLIT,27,2026-06-23,S06,yahoo:2026-06-23:0.25,2026-10-08,unknown (vendor); SEC confirmation: 8-K item 5.03/3.03 within 21d: 1,2026-10-08,2026-06-23,CURRENT snapshot of historical dates,1,1,HIGH,,ratio=0.25; reverse splits before T: 3 (raw 3); calendar days 38,3,38
VEEA,VEEA_C2026-07-31,2026-07-31,CONTROL,2026-07-31 (session date; post time unknown),America/New_York,2026-07-31 00:00 America/New_York (bars < T; sources with record date <= T-1 or publication <= T),A_FLOAT,FLOAT_SHARES,,,S01/S02/S03,,,,,,,0,,NONE,NO_RECORD_FOUND,value exists only after T (not usable),0,
VEEA,VEEA_C2026-07-31,2026-07-31,CONTROL,2026-07-31 (session date; post time unknown),America/New_York,2026-07-31 00:00 America/New_York (bars < T; sources with record date <= T-1 or publication <= T),A_FLOAT,SHARES_OUTSTANDING_DEI,50407567,2026-05-13,S07,0001213900-26-057059,2026-05-15,2026-05-15,2026-10-08T23:10:07.602837+00:00,2026-05-13,point-in-time (filed),1,1,HIGH,,10-Q cover page; shares outstanding ≠ float (upper bound),7,77
VEEA,VEEA_C2026-07-31,2026-07-31,CONTROL,2026-07-31 (session date; post time unknown),America/New_York,2026-07-31 00:00 America/New_York (bars < T; sources with record date <= T-1 or publication <= T),B_SEC_OFFERING,DAYS_SINCE_LAST_OFFERING_FORM,30,2026-07-01,S07,9999999995-26-002184,2026-07-01,2026-07-02T08:15:20.000Z,2026-10-08T23:10:07.602837+00:00,2026-07-01,point-in-time (filing),1,1,HIGH,,filings before T: 260 · offering-class forms: 30 · last form EFFECT,30,30
VEEA,VEEA_C2026-07-31,2026-07-31,CONTROL,2026-07-31 (session date; post time unknown),America/New_York,2026-07-31 00:00 America/New_York (bars < T; sources with record date <= T-1 or publication <= T),B_SEC_OFFERING,DAYS_SINCE_LAST_FINAL_PROSPECTUS,351,2025-08-14,S07,0001213900-25-076086,2025-08-14,2025-08-14T16:35:52.000Z,2026-10-08T23:10:07.602837+00:00,2025-08-14,point-in-time (filing),1,1,HIGH,,final prospectuses (424B1/B4/B5) before T: 2,2,351
VEEA,VEEA_C2026-07-31,2026-07-31,CONTROL,2026-07-31 (session date; post time unknown),America/New_York,2026-07-31 00:00 America/New_York (bars < T; sources with record date <= T-1 or publication <= T),C_BORROW,AVAILABLE_SHARES,,,S04/S05/S01,,,,,,,0,,NONE,NO_HISTORICAL_SOURCE,no snapshot source before T,0,
VEEA,VEEA_C2026-07-31,2026-07-31,CONTROL,2026-07-31 (session date; post time unknown),America/New_York,2026-07-31 00:00 America/New_York (bars < T; sources with record date <= T-1 or publication <= T),D_SPLIT_AGE,SESSIONS_SINCE_LAST_REVERSE_SPLIT,NO_CONFIRMED_PRIOR_REVERSE_SPLIT,,S06,,2026-10-08,,2026-10-08,,CURRENT snapshot,0,1,MEDIUM,RECORD_NOT_APPLICABLE,splits listed (any): 1; none reverse before T,0,
INDP,INDP_C2026-07-31,2026-07-31,CONTROL,2026-07-31 (session date; post time unknown),America/New_York,2026-07-31 00:00 America/New_York (bars < T; sources with record date <= T-1 or publication <= T),A_FLOAT,FLOAT_SHARES,,,S01/S02/S03,,,,,,,0,,NONE,NO_HISTORICAL_SOURCE,no bot record,0,
INDP,INDP_C2026-07-31,2026-07-31,CONTROL,2026-07-31 (session date; post time unknown),America/New_York,2026-07-31 00:00 America/New_York (bars < T; sources with record date <= T-1 or publication <= T),A_FLOAT,SHARES_OUTSTANDING_DEI,113242324,2026-05-15,S07,0001493152-26-023362,2026-05-15,2026-05-15,2026-10-08T23:10:07.602837+00:00,2026-05-15,point-in-time (filed),1,1,HIGH,,10-Q cover page; shares outstanding ≠ float (upper bound),21,77
INDP,INDP_C2026-07-31,2026-07-31,CONTROL,2026-07-31 (session date; post time unknown),America/New_York,2026-07-31 00:00 America/New_York (bars < T; sources with record date <= T-1 or publication <= T),B_SEC_OFFERING,DAYS_SINCE_LAST_OFFERING_FORM,14,2026-07-17,S07,9999999995-26-002348,2026-07-17,2026-07-20T08:15:09.000Z,2026-10-08T23:10:07.602837+00:00,2026-07-17,point-in-time (filing),1,1,HIGH,,filings before T: 325 · offering-class forms: 40 · last form EFFECT,40,14
INDP,INDP_C2026-07-31,2026-07-31,CONTROL,2026-07-31 (session date; post time unknown),America/New_York,2026-07-31 00:00 America/New_York (bars < T; sources with record date <= T-1 or publication <= T),B_SEC_OFFERING,DAYS_SINCE_LAST_FINAL_PROSPECTUS,332,2025-09-02,S07,0001493152-25-012530,2025-09-02,2025-09-02T17:14:20.000Z,2026-10-08T23:10:07.602837+00:00,2025-09-02,point-in-time (filing),1,1,HIGH,,final prospectuses (424B1/B4/B5) before T: 6,6,332
INDP,INDP_C2026-07-31,2026-07-31,CONTROL,2026-07-31 (session date; post time unknown),America/New_York,2026-07-31 00:00 America/New_York (bars < T; sources with record date <= T-1 or publication <= T),C_BORROW,AVAILABLE_SHARES,,,S04/S05/S01,,,,,,,0,,NONE,NO_HISTORICAL_SOURCE,no snapshot source before T,0,
INDP,INDP_C2026-07-31,2026-07-31,CONTROL,2026-07-31 (session date; post time unknown),America/New_York,2026-07-31 00:00 America/New_York (bars < T; sources with record date <= T-1 or publication <= T),D_SPLIT_AGE,SESSIONS_SINCE_LAST_REVERSE_SPLIT,274,2025-06-27,S06,yahoo:2025-06-27:0.03571428571428571,2026-10-08,unknown (vendor); SEC confirmation: 8-K item 5.03/3.03 within 21d: 1,2026-10-08,2025-06-27,CURRENT snapshot of historical dates,1,1,HIGH,,ratio=0.03571428571428571; reverse splits before T: 3 (raw 3); calendar days 399,3,399
IZM,IZM_C2026-07-31,2026-07-31,CONTROL,2026-07-31 (session date; post time unknown),America/New_York,2026-07-31 00:00 America/New_York (bars < T; sources with record date <= T-1 or publication <= T),A_FLOAT,FLOAT_SHARES,,,S01/S02/S03,,,,,,,0,,NONE,NO_RECORD_FOUND,value exists only after T (not usable),0,
IZM,IZM_C2026-07-31,2026-07-31,CONTROL,2026-07-31 (session date; post time unknown),America/New_York,2026-07-31 00:00 America/New_York (bars < T; sources with record date <= T-1 or publication <= T),A_FLOAT,SHARES_OUTSTANDING_DEI,,,S07,,,,2026-10-08T23:10:07.602837+00:00,,,0,,NONE,NO_RECORD_FOUND,no dei:EntityCommonStockSharesOutstanding filed before T (foreign filers lack it),0,
IZM,IZM_C2026-07-31,2026-07-31,CONTROL,2026-07-31 (session date; post time unknown),America/New_York,2026-07-31 00:00 America/New_York (bars < T; sources with record date <= T-1 or publication <= T),B_SEC_OFFERING,DAYS_SINCE_LAST_OFFERING_FORM,518,2025-02-28,S07,9999999995-25-000560,2025-02-28,2025-03-03T05:15:06.000Z,2026-10-08T23:10:07.602837+00:00,2025-02-28,point-in-time (filing),1,1,HIGH,,filings before T: 142 · offering-class forms: 29 · last form EFFECT,29,518
IZM,IZM_C2026-07-31,2026-07-31,CONTROL,2026-07-31 (session date; post time unknown),America/New_York,2026-07-31 00:00 America/New_York (bars < T; sources with record date <= T-1 or publication <= T),B_SEC_OFFERING,DAYS_SINCE_LAST_FINAL_PROSPECTUS,1233,2023-03-16,S07,0001213900-23-020438,2023-03-16,2023-03-16T13:06:23.000Z,2026-10-08T23:10:07.602837+00:00,2023-03-16,point-in-time (filing),1,1,HIGH,,final prospectuses (424B1/B4/B5) before T: 1,1,1233
IZM,IZM_C2026-07-31,2026-07-31,CONTROL,2026-07-31 (session date; post time unknown),America/New_York,2026-07-31 00:00 America/New_York (bars < T; sources with record date <= T-1 or publication <= T),C_BORROW,AVAILABLE_SHARES,,,S04/S05/S01,,,,,,,0,,NONE,NO_HISTORICAL_SOURCE,no snapshot source before T,0,
IZM,IZM_C2026-07-31,2026-07-31,CONTROL,2026-07-31 (session date; post time unknown),America/New_York,2026-07-31 00:00 America/New_York (bars < T; sources with record date <= T-1 or publication <= T),D_SPLIT_AGE,SESSIONS_SINCE_LAST_REVERSE_SPLIT,NO_CONFIRMED_PRIOR_REVERSE_SPLIT,,S06,,2026-10-08,,2026-10-08,,CURRENT snapshot,0,1,MEDIUM,RECORD_NOT_APPLICABLE,splits listed (any): 1; none reverse before T,0,
TNMG,TNMG_C2026-07-31,2026-07-31,CONTROL,2026-07-31 (session date; post time unknown),America/New_York,2026-07-31 00:00 America/New_York (bars < T; sources with record date <= T-1 or publication <= T),A_FLOAT,FLOAT_SHARES,,,S01/S02/S03,,,,,,,0,,NONE,NO_RECORD_FOUND,value exists only after T (not usable),0,
TNMG,TNMG_C2026-07-31,2026-07-31,CONTROL,2026-07-31 (session date; post time unknown),America/New_York,2026-07-31 00:00 America/New_York (bars < T; sources with record date <= T-1 or publication <= T),A_FLOAT,SHARES_OUTSTANDING_DEI,2556405,2025-12-31,S07,0001213900-26-049832,2026-04-30,2026-04-30,2026-10-08T23:10:07.602837+00:00,2025-12-31,point-in-time (filed),1,1,HIGH,,20-F cover page; shares outstanding ≠ float (upper bound),2,92
TNMG,TNMG_C2026-07-31,2026-07-31,CONTROL,2026-07-31 (session date; post time unknown),America/New_York,2026-07-31 00:00 America/New_York (bars < T; sources with record date <= T-1 or publication <= T),B_SEC_OFFERING,DAYS_SINCE_LAST_OFFERING_FORM,135,2026-03-18,S07,0001213900-26-029560,2026-03-18,2026-03-18T11:00:29.000Z,2026-10-08T23:10:07.602837+00:00,2026-03-18,point-in-time (filing),1,1,HIGH,,filings before T: 74 · offering-class forms: 17 · last form 424B3,17,135
TNMG,TNMG_C2026-07-31,2026-07-31,CONTROL,2026-07-31 (session date; post time unknown),America/New_York,2026-07-31 00:00 America/New_York (bars < T; sources with record date <= T-1 or publication <= T),B_SEC_OFFERING,DAYS_SINCE_LAST_FINAL_PROSPECTUS,,,S07,,,,2026-10-08T23:10:07.602837+00:00,,point-in-time (filing),1,1,HIGH,,final prospectuses (424B1/B4/B5) before T: 0,0,
TNMG,TNMG_C2026-07-31,2026-07-31,CONTROL,2026-07-31 (session date; post time unknown),America/New_York,2026-07-31 00:00 America/New_York (bars < T; sources with record date <= T-1 or publication <= T),C_BORROW,AVAILABLE_SHARES,,,S04/S05/S01,,,,,,,0,,NONE,NO_HISTORICAL_SOURCE,no snapshot source before T,0,
TNMG,TNMG_C2026-07-31,2026-07-31,CONTROL,2026-07-31 (session date; post time unknown),America/New_York,2026-07-31 00:00 America/New_York (bars < T; sources with record date <= T-1 or publication <= T),D_SPLIT_AGE,SESSIONS_SINCE_LAST_REVERSE_SPLIT,150,2025-12-23,S06,yahoo:2025-12-23:0.05,2026-10-08,unknown (vendor); SEC confirmation: 8-K item 5.03/3.03 within 21d: 0,2026-10-08,2025-12-23,CURRENT snapshot of historical dates,0,1,MEDIUM,,ratio=0.05; reverse splits before T: 1 (raw 1); calendar days 220,1,220
NXXT,NXXT_C2026-07-31,2026-07-31,CONTROL,2026-07-31 (session date; post time unknown),America/New_York,2026-07-31 00:00 America/New_York (bars < T; sources with record date <= T-1 or publication <= T),A_FLOAT,FLOAT_SHARES,,,S01/S02/S03,,,,,,,0,,NONE,NO_RECORD_FOUND,value exists only after T (not usable),0,
NXXT,NXXT_C2026-07-31,2026-07-31,CONTROL,2026-07-31 (session date; post time unknown),America/New_York,2026-07-31 00:00 America/New_York (bars < T; sources with record date <= T-1 or publication <= T),A_FLOAT,SHARES_OUTSTANDING_DEI,157258958,2026-05-15,S07,0001493152-26-023768,2026-05-15,2026-05-15,2026-10-08T23:10:07.602837+00:00,2026-05-15,point-in-time (filed),1,1,HIGH,,10-Q cover page; shares outstanding ≠ float (upper bound),20,77
NXXT,NXXT_C2026-07-31,2026-07-31,CONTROL,2026-07-31 (session date; post time unknown),America/New_York,2026-07-31 00:00 America/New_York (bars < T; sources with record date <= T-1 or publication <= T),B_SEC_OFFERING,DAYS_SINCE_LAST_OFFERING_FORM,50,2026-06-11,S07,9999999995-26-001972,2026-06-11,2026-06-12T08:15:25.000Z,2026-10-08T23:10:07.602837+00:00,2026-06-11,point-in-time (filing),1,1,HIGH,,filings before T: 395 · offering-class forms: 40 · last form EFFECT,40,50
NXXT,NXXT_C2026-07-31,2026-07-31,CONTROL,2026-07-31 (session date; post time unknown),America/New_York,2026-07-31 00:00 America/New_York (bars < T; sources with record date <= T-1 or publication <= T),B_SEC_OFFERING,DAYS_SINCE_LAST_FINAL_PROSPECTUS,255,2025-11-18,S07,0001493152-25-024083,2025-11-18,2025-11-19T02:50:39.000Z,2026-10-08T23:10:07.602837+00:00,2025-11-18,point-in-time (filing),1,1,HIGH,,final prospectuses (424B1/B4/B5) before T: 11,11,255
NXXT,NXXT_C2026-07-31,2026-07-31,CONTROL,2026-07-31 (session date; post time unknown),America/New_York,2026-07-31 00:00 America/New_York (bars < T; sources with record date <= T-1 or publication <= T),C_BORROW,AVAILABLE_SHARES,,,S04/S05/S01,,,,,,,0,,NONE,NO_RECORD_FOUND,snapshots exist only after T,0,
NXXT,NXXT_C2026-07-31,2026-07-31,CONTROL,2026-07-31 (session date; post time unknown),America/New_York,2026-07-31 00:00 America/New_York (bars < T; sources with record date <= T-1 or publication <= T),D_SPLIT_AGE,SESSIONS_SINCE_LAST_REVERSE_SPLIT,394,2024-07-25,S06,yahoo:2024-07-25:0.4,2026-10-08,unknown (vendor); SEC confirmation: 8-K item 5.03/3.03 within 21d: 1,2026-10-08,2024-07-25,CURRENT snapshot of historical dates,1,1,HIGH,,ratio=0.4; reverse splits before T: 2 (raw 2); calendar days 736,2,736
CPOP,CPOP_C2026-07-31,2026-07-31,CONTROL,2026-07-31 (session date; post time unknown),America/New_York,2026-07-31 00:00 America/New_York (bars < T; sources with record date <= T-1 or publication <= T),A_FLOAT,FLOAT_SHARES,,,S01/S02/S03,,,,,,,0,,NONE,NO_RECORD_FOUND,value exists only after T (not usable),0,
CPOP,CPOP_C2026-07-31,2026-07-31,CONTROL,2026-07-31 (session date; post time unknown),America/New_York,2026-07-31 00:00 America/New_York (bars < T; sources with record date <= T-1 or publication <= T),A_FLOAT,SHARES_OUTSTANDING_DEI,,,S07,,,,2026-10-08T23:10:07.602837+00:00,,,0,,NONE,NO_RECORD_FOUND,no dei:EntityCommonStockSharesOutstanding filed before T (foreign filers lack it),0,
CPOP,CPOP_C2026-07-31,2026-07-31,CONTROL,2026-07-31 (session date; post time unknown),America/New_York,2026-07-31 00:00 America/New_York (bars < T; sources with record date <= T-1 or publication <= T),B_SEC_OFFERING,DAYS_SINCE_LAST_OFFERING_FORM,46,2026-06-15,S07,0001213900-26-068569,2026-06-15,2026-06-15T14:42:01.000Z,2026-10-08T23:10:07.602837+00:00,2026-06-15,point-in-time (filing),1,1,HIGH,,filings before T: 129 · offering-class forms: 18 · last form 424B5,18,46
CPOP,CPOP_C2026-07-31,2026-07-31,CONTROL,2026-07-31 (session date; post time unknown),America/New_York,2026-07-31 00:00 America/New_York (bars < T; sources with record date <= T-1 or publication <= T),B_SEC_OFFERING,DAYS_SINCE_LAST_FINAL_PROSPECTUS,46,2026-06-15,S07,0001213900-26-068569,2026-06-15,2026-06-15T14:42:01.000Z,2026-10-08T23:10:07.602837+00:00,2026-06-15,point-in-time (filing),1,1,HIGH,,final prospectuses (424B1/B4/B5) before T: 4,4,46
CPOP,CPOP_C2026-07-31,2026-07-31,CONTROL,2026-07-31 (session date; post time unknown),America/New_York,2026-07-31 00:00 America/New_York (bars < T; sources with record date <= T-1 or publication <= T),C_BORROW,AVAILABLE_SHARES,,,S04/S05/S01,,,,,,,0,,NONE,NO_RECORD_FOUND,snapshots exist only after T,0,
CPOP,CPOP_C2026-07-31,2026-07-31,CONTROL,2026-07-31 (session date; post time unknown),America/New_York,2026-07-31 00:00 America/New_York (bars < T; sources with record date <= T-1 or publication <= T),D_SPLIT_AGE,SESSIONS_SINCE_LAST_REVERSE_SPLIT,14,2026-07-13,S06,yahoo:2026-07-13:0.1,2026-10-08,unknown (vendor); SEC confirmation: 8-K item 5.03/3.03 within 21d: 0,2026-10-08,2026-07-13,CURRENT snapshot of historical dates,0,1,MEDIUM,,ratio=0.1; reverse splits before T: 1 (raw 1); calendar days 18,1,18
YDES,YDES_C2026-07-31,2026-07-31,CONTROL,2026-07-31 (session date; post time unknown),America/New_York,2026-07-31 00:00 America/New_York (bars < T; sources with record date <= T-1 or publication <= T),A_FLOAT,FLOAT_SHARES,,,S01/S02/S03,,,,,,,0,,NONE,NO_RECORD_FOUND,value exists only after T (not usable),0,
YDES,YDES_C2026-07-31,2026-07-31,CONTROL,2026-07-31 (session date; post time unknown),America/New_York,2026-07-31 00:00 America/New_York (bars < T; sources with record date <= T-1 or publication <= T),A_FLOAT,SHARES_OUTSTANDING_DEI,70789261,2025-12-31,S07,0001213900-26-050282,2026-04-30,2026-04-30,2026-10-08T23:10:07.602837+00:00,2025-12-31,point-in-time (filed),1,1,HIGH,,20-F cover page; shares outstanding ≠ float (upper bound),1,92
YDES,YDES_C2026-07-31,2026-07-31,CONTROL,2026-07-31 (session date; post time unknown),America/New_York,2026-07-31 00:00 America/New_York (bars < T; sources with record date <= T-1 or publication <= T),B_SEC_OFFERING,DAYS_SINCE_LAST_OFFERING_FORM,63,2026-05-29,S07,9999999995-26-001807,2026-05-29,2026-06-01T08:15:08.000Z,2026-10-08T23:10:07.602837+00:00,2026-05-29,point-in-time (filing),1,1,HIGH,,filings before T: 71 · offering-class forms: 9 · last form EFFECT,9,63
YDES,YDES_C2026-07-31,2026-07-31,CONTROL,2026-07-31 (session date; post time unknown),America/New_York,2026-07-31 00:00 America/New_York (bars < T; sources with record date <= T-1 or publication <= T),B_SEC_OFFERING,DAYS_SINCE_LAST_FINAL_PROSPECTUS,,,S07,,,,2026-10-08T23:10:07.602837+00:00,,point-in-time (filing),1,1,HIGH,,final prospectuses (424B1/B4/B5) before T: 0,0,
YDES,YDES_C2026-07-31,2026-07-31,CONTROL,2026-07-31 (session date; post time unknown),America/New_York,2026-07-31 00:00 America/New_York (bars < T; sources with record date <= T-1 or publication <= T),C_BORROW,AVAILABLE_SHARES,,,S04/S05/S01,,,,,,,0,,NONE,NO_RECORD_FOUND,snapshots exist only after T,0,
YDES,YDES_C2026-07-31,2026-07-31,CONTROL,2026-07-31 (session date; post time unknown),America/New_York,2026-07-31 00:00 America/New_York (bars < T; sources with record date <= T-1 or publication <= T),D_SPLIT_AGE,SESSIONS_SINCE_LAST_REVERSE_SPLIT,NO_CONFIRMED_PRIOR_REVERSE_SPLIT,,S06,,2026-10-08,,2026-10-08,,CURRENT snapshot,0,1,MEDIUM,RECORD_NOT_APPLICABLE,splits listed (any): 0; none reverse before T,0,
JZ,JZ_C2026-08-03,2026-08-03,CONTROL,2026-08-03 (session date; post time unknown),America/New_York,2026-08-03 00:00 America/New_York (bars < T; sources with record date <= T-1 or publication <= T),A_FLOAT,FLOAT_SHARES,,,S01/S02/S03,,,,,,,0,,NONE,NO_RECORD_FOUND,value exists only after T (not usable),0,
JZ,JZ_C2026-08-03,2026-08-03,CONTROL,2026-08-03 (session date; post time unknown),America/New_York,2026-08-03 00:00 America/New_York (bars < T; sources with record date <= T-1 or publication <= T),A_FLOAT,SHARES_OUTSTANDING_DEI,517110000,2025-12-31,S07,0001213900-26-042787,2026-04-13,2026-04-13,2026-10-08T23:10:07.602837+00:00,2025-12-31,point-in-time (filed),1,1,HIGH,,20-F cover page; shares outstanding ≠ float (upper bound),5,112
JZ,JZ_C2026-08-03,2026-08-03,CONTROL,2026-08-03 (session date; post time unknown),America/New_York,2026-08-03 00:00 America/New_York (bars < T; sources with record date <= T-1 or publication <= T),B_SEC_OFFERING,DAYS_SINCE_LAST_OFFERING_FORM,61,2026-06-03,S07,0001213900-26-064571,2026-06-03,2026-06-03T16:48:00.000Z,2026-10-08T23:10:07.602837+00:00,2026-06-03,point-in-time (filing),1,1,HIGH,,filings before T: 109 · offering-class forms: 25 · last form 424B5,25,61
JZ,JZ_C2026-08-03,2026-08-03,CONTROL,2026-08-03 (session date; post time unknown),America/New_York,2026-08-03 00:00 America/New_York (bars < T; sources with record date <= T-1 or publication <= T),B_SEC_OFFERING,DAYS_SINCE_LAST_FINAL_PROSPECTUS,61,2026-06-03,S07,0001213900-26-064571,2026-06-03,2026-06-03T16:48:00.000Z,2026-10-08T23:10:07.602837+00:00,2026-06-03,point-in-time (filing),1,1,HIGH,,final prospectuses (424B1/B4/B5) before T: 3,3,61
JZ,JZ_C2026-08-03,2026-08-03,CONTROL,2026-08-03 (session date; post time unknown),America/New_York,2026-08-03 00:00 America/New_York (bars < T; sources with record date <= T-1 or publication <= T),C_BORROW,AVAILABLE_SHARES,,,S04/S05/S01,,,,,,,0,,NONE,NO_HISTORICAL_SOURCE,no snapshot source before T,0,
JZ,JZ_C2026-08-03,2026-08-03,CONTROL,2026-08-03 (session date; post time unknown),America/New_York,2026-08-03 00:00 America/New_York (bars < T; sources with record date <= T-1 or publication <= T),D_SPLIT_AGE,SESSIONS_SINCE_LAST_REVERSE_SPLIT,20,2026-07-06,S06,yahoo:2026-07-06:0.03333333333333333,2026-10-08,unknown (vendor); SEC confirmation: 8-K item 5.03/3.03 within 21d: 0,2026-10-08,2026-07-06,CURRENT snapshot of historical dates,0,1,MEDIUM,,ratio=0.03333333333333333; reverse splits before T: 3 (raw 3); calendar days 28,3,28
NXXT,NXXT_C2026-08-03,2026-08-03,CONTROL,2026-08-03 (session date; post time unknown),America/New_York,2026-08-03 00:00 America/New_York (bars < T; sources with record date <= T-1 or publication <= T),A_FLOAT,FLOAT_SHARES,,,S01/S02/S03,,,,,,,0,,NONE,NO_RECORD_FOUND,value exists only after T (not usable),0,
NXXT,NXXT_C2026-08-03,2026-08-03,CONTROL,2026-08-03 (session date; post time unknown),America/New_York,2026-08-03 00:00 America/New_York (bars < T; sources with record date <= T-1 or publication <= T),A_FLOAT,SHARES_OUTSTANDING_DEI,157258958,2026-05-15,S07,0001493152-26-023768,2026-05-15,2026-05-15,2026-10-08T23:10:07.602837+00:00,2026-05-15,point-in-time (filed),1,1,HIGH,,10-Q cover page; shares outstanding ≠ float (upper bound),20,80
NXXT,NXXT_C2026-08-03,2026-08-03,CONTROL,2026-08-03 (session date; post time unknown),America/New_York,2026-08-03 00:00 America/New_York (bars < T; sources with record date <= T-1 or publication <= T),B_SEC_OFFERING,DAYS_SINCE_LAST_OFFERING_FORM,53,2026-06-11,S07,9999999995-26-001972,2026-06-11,2026-06-12T08:15:25.000Z,2026-10-08T23:10:07.602837+00:00,2026-06-11,point-in-time (filing),1,1,HIGH,,filings before T: 396 · offering-class forms: 40 · last form EFFECT,40,53
NXXT,NXXT_C2026-08-03,2026-08-03,CONTROL,2026-08-03 (session date; post time unknown),America/New_York,2026-08-03 00:00 America/New_York (bars < T; sources with record date <= T-1 or publication <= T),B_SEC_OFFERING,DAYS_SINCE_LAST_FINAL_PROSPECTUS,258,2025-11-18,S07,0001493152-25-024083,2025-11-18,2025-11-19T02:50:39.000Z,2026-10-08T23:10:07.602837+00:00,2025-11-18,point-in-time (filing),1,1,HIGH,,final prospectuses (424B1/B4/B5) before T: 11,11,258
NXXT,NXXT_C2026-08-03,2026-08-03,CONTROL,2026-08-03 (session date; post time unknown),America/New_York,2026-08-03 00:00 America/New_York (bars < T; sources with record date <= T-1 or publication <= T),C_BORROW,AVAILABLE_SHARES,,,S04/S05/S01,,,,,,,0,,NONE,NO_RECORD_FOUND,snapshots exist only after T,0,
NXXT,NXXT_C2026-08-03,2026-08-03,CONTROL,2026-08-03 (session date; post time unknown),America/New_York,2026-08-03 00:00 America/New_York (bars < T; sources with record date <= T-1 or publication <= T),D_SPLIT_AGE,SESSIONS_SINCE_LAST_REVERSE_SPLIT,395,2024-07-25,S06,yahoo:2024-07-25:0.4,2026-10-08,unknown (vendor); SEC confirmation: 8-K item 5.03/3.03 within 21d: 1,2026-10-08,2024-07-25,CURRENT snapshot of historical dates,1,1,HIGH,,ratio=0.4; reverse splits before T: 2 (raw 2); calendar days 739,2,739
FRGT,FRGT_C2026-08-03,2026-08-03,CONTROL,2026-08-03 (session date; post time unknown),America/New_York,2026-08-03 00:00 America/New_York (bars < T; sources with record date <= T-1 or publication <= T),A_FLOAT,FLOAT_SHARES,,,S01/S02/S03,,,,,,,0,,NONE,NO_RECORD_FOUND,value exists only after T (not usable),0,
FRGT,FRGT_C2026-08-03,2026-08-03,CONTROL,2026-08-03 (session date; post time unknown),America/New_York,2026-08-03 00:00 America/New_York (bars < T; sources with record date <= T-1 or publication <= T),A_FLOAT,SHARES_OUTSTANDING_DEI,1660627,2025-12-31,S07,0001493152-26-023206,2026-05-14,2026-05-14,2026-10-08T23:10:07.602837+00:00,2025-12-31,point-in-time (filed),1,1,HIGH,,20-F cover page; shares outstanding ≠ float (upper bound),15,81
FRGT,FRGT_C2026-08-03,2026-08-03,CONTROL,2026-08-03 (session date; post time unknown),America/New_York,2026-08-03 00:00 America/New_York (bars < T; sources with record date <= T-1 or publication <= T),B_SEC_OFFERING,DAYS_SINCE_LAST_OFFERING_FORM,770,2024-06-24,S07,0001493152-24-024831,2024-06-24,2024-06-21T23:32:33.000Z,2026-10-08T23:10:07.602837+00:00,2024-06-24,point-in-time (filing),1,1,HIGH,,filings before T: 270 · offering-class forms: 24 · last form 424B5,24,770
FRGT,FRGT_C2026-08-03,2026-08-03,CONTROL,2026-08-03 (session date; post time unknown),America/New_York,2026-08-03 00:00 America/New_York (bars < T; sources with record date <= T-1 or publication <= T),B_SEC_OFFERING,DAYS_SINCE_LAST_FINAL_PROSPECTUS,770,2024-06-24,S07,0001493152-24-024831,2024-06-24,2024-06-21T23:32:33.000Z,2026-10-08T23:10:07.602837+00:00,2024-06-24,point-in-time (filing),1,1,HIGH,,final prospectuses (424B1/B4/B5) before T: 9,9,770
FRGT,FRGT_C2026-08-03,2026-08-03,CONTROL,2026-08-03 (session date; post time unknown),America/New_York,2026-08-03 00:00 America/New_York (bars < T; sources with record date <= T-1 or publication <= T),C_BORROW,AVAILABLE_SHARES,,,S04/S05/S01,,,,,,,0,,NONE,NO_HISTORICAL_SOURCE,no snapshot source before T,0,
FRGT,FRGT_C2026-08-03,2026-08-03,CONTROL,2026-08-03 (session date; post time unknown),America/New_York,2026-08-03 00:00 America/New_York (bars < T; sources with record date <= T-1 or publication <= T),D_SPLIT_AGE,SESSIONS_SINCE_LAST_REVERSE_SPLIT,52,2026-05-18,S06,yahoo:2026-05-18:0.2,2026-10-08,unknown (vendor); SEC confirmation: 8-K item 5.03/3.03 within 21d: 0,2026-10-08,2026-05-18,CURRENT snapshot of historical dates,0,1,MEDIUM,,ratio=0.2; reverse splits before T: 7 (raw 7); calendar days 77,7,77
AIXI,AIXI_C2026-08-03,2026-08-03,CONTROL,2026-08-03 (session date; post time unknown),America/New_York,2026-08-03 00:00 America/New_York (bars < T; sources with record date <= T-1 or publication <= T),A_FLOAT,FLOAT_SHARES,,,S01/S02/S03,,,,,,,0,,NONE,NO_RECORD_FOUND,value exists only after T (not usable),0,
AIXI,AIXI_C2026-08-03,2026-08-03,CONTROL,2026-08-03 (session date; post time unknown),America/New_York,2026-08-03 00:00 America/New_York (bars < T; sources with record date <= T-1 or publication <= T),A_FLOAT,SHARES_OUTSTANDING_DEI,55235284,2025-12-31,S07,0001213900-26-060270,2026-05-22,2026-05-22,2026-10-08T23:10:07.602837+00:00,2025-12-31,point-in-time (filed),1,1,HIGH,,20-F/A cover page; shares outstanding ≠ float (upper bound),6,73
AIXI,AIXI_C2026-08-03,2026-08-03,CONTROL,2026-08-03 (session date; post time unknown),America/New_York,2026-08-03 00:00 America/New_York (bars < T; sources with record date <= T-1 or publication <= T),B_SEC_OFFERING,DAYS_SINCE_LAST_OFFERING_FORM,34,2026-06-30,S07,0001213900-26-073606,2026-06-30,2026-06-30T18:36:40.000Z,2026-10-08T23:10:07.602837+00:00,2026-06-30,point-in-time (filing),1,1,HIGH,,filings before T: 100 · offering-class forms: 18 · last form 424B5,18,34
AIXI,AIXI_C2026-08-03,2026-08-03,CONTROL,2026-08-03 (session date; post time unknown),America/New_York,2026-08-03 00:00 America/New_York (bars < T; sources with record date <= T-1 or publication <= T),B_SEC_OFFERING,DAYS_SINCE_LAST_FINAL_PROSPECTUS,34,2026-06-30,S07,0001213900-26-073606,2026-06-30,2026-06-30T18:36:40.000Z,2026-10-08T23:10:07.602837+00:00,2026-06-30,point-in-time (filing),1,1,HIGH,,final prospectuses (424B1/B4/B5) before T: 7,7,34
AIXI,AIXI_C2026-08-03,2026-08-03,CONTROL,2026-08-03 (session date; post time unknown),America/New_York,2026-08-03 00:00 America/New_York (bars < T; sources with record date <= T-1 or publication <= T),C_BORROW,AVAILABLE_SHARES,,,S04/S05/S01,,,,,,,0,,NONE,NO_RECORD_FOUND,snapshots exist only after T,0,
AIXI,AIXI_C2026-08-03,2026-08-03,CONTROL,2026-08-03 (session date; post time unknown),America/New_York,2026-08-03 00:00 America/New_York (bars < T; sources with record date <= T-1 or publication <= T),D_SPLIT_AGE,SESSIONS_SINCE_LAST_REVERSE_SPLIT,57,2026-05-11,S06,yahoo:2026-05-11:0.05,2026-10-08,unknown (vendor); SEC confirmation: 8-K item 5.03/3.03 within 21d: 0,2026-10-08,2026-05-11,CURRENT snapshot of historical dates,0,1,MEDIUM,,ratio=0.05; reverse splits before T: 2 (raw 2); calendar days 84,2,84
MEDS,MEDS_C2026-08-06,2026-08-06,CONTROL,2026-08-06 (session date; post time unknown),America/New_York,2026-08-06 00:00 America/New_York (bars < T; sources with record date <= T-1 or publication <= T),A_FLOAT,FLOAT_SHARES,,,S01/S02/S03,,,,,,,0,,NONE,NO_RECORD_FOUND,value exists only after T (not usable),0,
MEDS,MEDS_C2026-08-06,2026-08-06,CONTROL,2026-08-06 (session date; post time unknown),America/New_York,2026-08-06 00:00 America/New_York (bars < T; sources with record date <= T-1 or publication <= T),A_FLOAT,SHARES_OUTSTANDING_DEI,125671251,2026-05-19,S07,0001493152-26-024413,2026-05-19,2026-05-19,2026-10-08T23:10:07.602837+00:00,2026-05-19,point-in-time (filed),1,1,HIGH,,10-Q cover page; shares outstanding ≠ float (upper bound),7,79
MEDS,MEDS_C2026-08-06,2026-08-06,CONTROL,2026-08-06 (session date; post time unknown),America/New_York,2026-08-06 00:00 America/New_York (bars < T; sources with record date <= T-1 or publication <= T),B_SEC_OFFERING,DAYS_SINCE_LAST_OFFERING_FORM,91,2026-05-07,S07,9999999995-26-001537,2026-05-07,2026-05-08T04:15:17.000Z,2026-10-08T23:10:07.602837+00:00,2026-05-07,point-in-time (filing),1,1,HIGH,,filings before T: 161 · offering-class forms: 22 · last form EFFECT,22,91
MEDS,MEDS_C2026-08-06,2026-08-06,CONTROL,2026-08-06 (session date; post time unknown),America/New_York,2026-08-06 00:00 America/New_York (bars < T; sources with record date <= T-1 or publication <= T),B_SEC_OFFERING,DAYS_SINCE_LAST_FINAL_PROSPECTUS,311,2025-09-29,S07,0001493152-25-015899,2025-09-29,2025-09-29T13:00:20.000Z,2026-10-08T23:10:07.602837+00:00,2025-09-29,point-in-time (filing),1,1,HIGH,,final prospectuses (424B1/B4/B5) before T: 2,2,311
MEDS,MEDS_C2026-08-06,2026-08-06,CONTROL,2026-08-06 (session date; post time unknown),America/New_York,2026-08-06 00:00 America/New_York (bars < T; sources with record date <= T-1 or publication <= T),C_BORROW,AVAILABLE_SHARES,,,S04/S05/S01,,,,,,,0,,NONE,NO_HISTORICAL_SOURCE,no snapshot source before T,0,
MEDS,MEDS_C2026-08-06,2026-08-06,CONTROL,2026-08-06 (session date; post time unknown),America/New_York,2026-08-06 00:00 America/New_York (bars < T; sources with record date <= T-1 or publication <= T),D_SPLIT_AGE,SESSIONS_SINCE_LAST_REVERSE_SPLIT,50,2026-05-26,S06,yahoo:2026-05-26:0.02,2026-10-08,unknown (vendor); SEC confirmation: 8-K item 5.03/3.03 within 21d: 1,2026-10-08,2026-05-26,CURRENT snapshot of historical dates,1,1,HIGH,,ratio=0.02; reverse splits before T: 1 (raw 1); calendar days 72,1,72
JZ,JZ_C2026-08-06,2026-08-06,CONTROL,2026-08-06 (session date; post time unknown),America/New_York,2026-08-06 00:00 America/New_York (bars < T; sources with record date <= T-1 or publication <= T),A_FLOAT,FLOAT_SHARES,,,S01/S02/S03,,,,,,,0,,NONE,NO_RECORD_FOUND,value exists only after T (not usable),0,
JZ,JZ_C2026-08-06,2026-08-06,CONTROL,2026-08-06 (session date; post time unknown),America/New_York,2026-08-06 00:00 America/New_York (bars < T; sources with record date <= T-1 or publication <= T),A_FLOAT,SHARES_OUTSTANDING_DEI,517110000,2025-12-31,S07,0001213900-26-042787,2026-04-13,2026-04-13,2026-10-08T23:10:07.602837+00:00,2025-12-31,point-in-time (filed),1,1,HIGH,,20-F cover page; shares outstanding ≠ float (upper bound),5,115
JZ,JZ_C2026-08-06,2026-08-06,CONTROL,2026-08-06 (session date; post time unknown),America/New_York,2026-08-06 00:00 America/New_York (bars < T; sources with record date <= T-1 or publication <= T),B_SEC_OFFERING,DAYS_SINCE_LAST_OFFERING_FORM,64,2026-06-03,S07,0001213900-26-064571,2026-06-03,2026-06-03T16:48:00.000Z,2026-10-08T23:10:07.602837+00:00,2026-06-03,point-in-time (filing),1,1,HIGH,,filings before T: 109 · offering-class forms: 25 · last form 424B5,25,64
JZ,JZ_C2026-08-06,2026-08-06,CONTROL,2026-08-06 (session date; post time unknown),America/New_York,2026-08-06 00:00 America/New_York (bars < T; sources with record date <= T-1 or publication <= T),B_SEC_OFFERING,DAYS_SINCE_LAST_FINAL_PROSPECTUS,64,2026-06-03,S07,0001213900-26-064571,2026-06-03,2026-06-03T16:48:00.000Z,2026-10-08T23:10:07.602837+00:00,2026-06-03,point-in-time (filing),1,1,HIGH,,final prospectuses (424B1/B4/B5) before T: 3,3,64
JZ,JZ_C2026-08-06,2026-08-06,CONTROL,2026-08-06 (session date; post time unknown),America/New_York,2026-08-06 00:00 America/New_York (bars < T; sources with record date <= T-1 or publication <= T),C_BORROW,AVAILABLE_SHARES,,,S04/S05/S01,,,,,,,0,,NONE,NO_HISTORICAL_SOURCE,no snapshot source before T,0,
JZ,JZ_C2026-08-06,2026-08-06,CONTROL,2026-08-06 (session date; post time unknown),America/New_York,2026-08-06 00:00 America/New_York (bars < T; sources with record date <= T-1 or publication <= T),D_SPLIT_AGE,SESSIONS_SINCE_LAST_REVERSE_SPLIT,23,2026-07-06,S06,yahoo:2026-07-06:0.03333333333333333,2026-10-08,unknown (vendor); SEC confirmation: 8-K item 5.03/3.03 within 21d: 0,2026-10-08,2026-07-06,CURRENT snapshot of historical dates,0,1,MEDIUM,,ratio=0.03333333333333333; reverse splits before T: 3 (raw 3); calendar days 31,3,31
FTFT,FTFT_C2026-08-06,2026-08-06,CONTROL,2026-08-06 (session date; post time unknown),America/New_York,2026-08-06 00:00 America/New_York (bars < T; sources with record date <= T-1 or publication <= T),A_FLOAT,FLOAT_SHARES,,,S01/S02/S03,,,,,,,0,,NONE,NO_RECORD_FOUND,value exists only after T (not usable),0,
FTFT,FTFT_C2026-08-06,2026-08-06,CONTROL,2026-08-06 (session date; post time unknown),America/New_York,2026-08-06 00:00 America/New_York (bars < T; sources with record date <= T-1 or publication <= T),A_FLOAT,SHARES_OUTSTANDING_DEI,5871449,2026-05-11,S07,0001213900-26-057871,2026-05-15,2026-05-15,2026-10-08T23:10:07.602837+00:00,2026-05-11,point-in-time (filed),1,1,HIGH,,10-Q cover page; shares outstanding ≠ float (upper bound),62,83
FTFT,FTFT_C2026-08-06,2026-08-06,CONTROL,2026-08-06 (session date; post time unknown),America/New_York,2026-08-06 00:00 America/New_York (bars < T; sources with record date <= T-1 or publication <= T),B_SEC_OFFERING,DAYS_SINCE_LAST_OFFERING_FORM,69,2026-05-29,S07,0001213900-26-062948,2026-05-29,2026-05-29T21:16:11.000Z,2026-10-08T23:10:07.602837+00:00,2026-05-29,point-in-time (filing),1,1,HIGH,,filings before T: 756 · offering-class forms: 55 · last form S-8,55,69
FTFT,FTFT_C2026-08-06,2026-08-06,CONTROL,2026-08-06 (session date; post time unknown),America/New_York,2026-08-06 00:00 America/New_York (bars < T; sources with record date <= T-1 or publication <= T),B_SEC_OFFERING,DAYS_SINCE_LAST_FINAL_PROSPECTUS,1949,2021-04-05,S07,0001213900-21-020014,2021-04-05,2021-04-05T11:31:20.000Z,2026-10-08T23:10:07.602837+00:00,2021-04-05,point-in-time (filing),1,1,HIGH,,final prospectuses (424B1/B4/B5) before T: 8,8,1949
FTFT,FTFT_C2026-08-06,2026-08-06,CONTROL,2026-08-06 (session date; post time unknown),America/New_York,2026-08-06 00:00 America/New_York (bars < T; sources with record date <= T-1 or publication <= T),C_BORROW,AVAILABLE_SHARES,,,S04/S05/S01,,,,,,,0,,NONE,NO_HISTORICAL_SOURCE,no snapshot source before T,0,
FTFT,FTFT_C2026-08-06,2026-08-06,CONTROL,2026-08-06 (session date; post time unknown),America/New_York,2026-08-06 00:00 America/New_York (bars < T; sources with record date <= T-1 or publication <= T),D_SPLIT_AGE,SESSIONS_SINCE_LAST_REVERSE_SPLIT,18,2026-07-13,S06,yahoo:2026-07-13:0.25,2026-10-08,unknown (vendor); SEC confirmation: 8-K item 5.03/3.03 within 21d: 1,2026-10-08,2026-07-13,CURRENT snapshot of historical dates,1,1,HIGH,,ratio=0.25; reverse splits before T: 4 (raw 4); calendar days 24,4,24
LHSW,LHSW_C2026-08-06,2026-08-06,CONTROL,2026-08-06 (session date; post time unknown),America/New_York,2026-08-06 00:00 America/New_York (bars < T; sources with record date <= T-1 or publication <= T),A_FLOAT,FLOAT_SHARES,,,S01/S02/S03,,,,,,,0,,NONE,NO_RECORD_FOUND,value exists only after T (not usable),0,
LHSW,LHSW_C2026-08-06,2026-08-06,CONTROL,2026-08-06 (session date; post time unknown),America/New_York,2026-08-06 00:00 America/New_York (bars < T; sources with record date <= T-1 or publication <= T),A_FLOAT,SHARES_OUTSTANDING_DEI,52000000,2025-03-31,S07,0001213900-25-077169,2025-08-15,2025-08-15,2026-10-08T23:10:07.602837+00:00,2025-03-31,point-in-time (filed),1,1,HIGH,,20-F cover page; shares outstanding ≠ float (upper bound),1,356
LHSW,LHSW_C2026-08-06,2026-08-06,CONTROL,2026-08-06 (session date; post time unknown),America/New_York,2026-08-06 00:00 America/New_York (bars < T; sources with record date <= T-1 or publication <= T),B_SEC_OFFERING,DAYS_SINCE_LAST_OFFERING_FORM,489,2025-04-04,S07,0001213900-25-028729,2025-04-04,2025-04-04T10:00:25.000Z,2026-10-08T23:10:07.602837+00:00,2025-04-04,point-in-time (filing),1,1,HIGH,,filings before T: 70 · offering-class forms: 9 · last form 424B4,9,489
LHSW,LHSW_C2026-08-06,2026-08-06,CONTROL,2026-08-06 (session date; post time unknown),America/New_York,2026-08-06 00:00 America/New_York (bars < T; sources with record date <= T-1 or publication <= T),B_SEC_OFFERING,DAYS_SINCE_LAST_FINAL_PROSPECTUS,489,2025-04-04,S07,0001213900-25-028729,2025-04-04,2025-04-04T10:00:25.000Z,2026-10-08T23:10:07.602837+00:00,2025-04-04,point-in-time (filing),1,1,HIGH,,final prospectuses (424B1/B4/B5) before T: 1,1,489
LHSW,LHSW_C2026-08-06,2026-08-06,CONTROL,2026-08-06 (session date; post time unknown),America/New_York,2026-08-06 00:00 America/New_York (bars < T; sources with record date <= T-1 or publication <= T),C_BORROW,AVAILABLE_SHARES,,,S04/S05/S01,,,,,,,0,,NONE,NO_HISTORICAL_SOURCE,no snapshot source before T,0,
LHSW,LHSW_C2026-08-06,2026-08-06,CONTROL,2026-08-06 (session date; post time unknown),America/New_York,2026-08-06 00:00 America/New_York (bars < T; sources with record date <= T-1 or publication <= T),D_SPLIT_AGE,SESSIONS_SINCE_LAST_REVERSE_SPLIT,32,2026-06-22,S06,yahoo:2026-06-22:0.0625,2026-10-08,unknown (vendor); SEC confirmation: 8-K item 5.03/3.03 within 21d: 0,2026-10-08,2026-06-22,CURRENT snapshot of historical dates,0,1,MEDIUM,,ratio=0.0625; reverse splits before T: 1 (raw 1); calendar days 45,1,45
BTCS,BTCS_C2026-09-04,2026-09-04,CONTROL,2026-09-04 (session date; post time unknown),America/New_York,2026-09-04 00:00 America/New_York (bars < T; sources with record date <= T-1 or publication <= T),A_FLOAT,FLOAT_SHARES,41045126,2026-09-02,S01,wl:cfced571af,2026-09-02T16:54:36,unknown (vendor),2026-09-02T16:54:36,2026-09-02,point-in-time (git),1,1,HIGH,,vendor floatShares; shares_outstanding fallback not used,45,2
BTCS,BTCS_C2026-09-04,2026-09-04,CONTROL,2026-09-04 (session date; post time unknown),America/New_York,2026-09-04 00:00 America/New_York (bars < T; sources with record date <= T-1 or publication <= T),A_FLOAT,SHARES_OUTSTANDING_DEI,52471941,2026-08-17,S07,0001493152-26-039249,2026-08-19,2026-08-19,2026-10-08T23:10:07.602837+00:00,2026-08-17,point-in-time (filed),1,1,HIGH,,10-Q cover page; shares outstanding ≠ float (upper bound),80,16
BTCS,BTCS_C2026-09-04,2026-09-04,CONTROL,2026-09-04 (session date; post time unknown),America/New_York,2026-09-04 00:00 America/New_York (bars < T; sources with record date <= T-1 or publication <= T),B_SEC_OFFERING,DAYS_SINCE_LAST_OFFERING_FORM,161,2026-03-27,S07,0001493152-26-013245,2026-03-27,2026-03-27T21:04:25.000Z,2026-10-08T23:10:07.602837+00:00,2026-03-27,point-in-time (filing),1,1,HIGH,,filings before T: 692 · offering-class forms: 76 · last form S-8,76,161
BTCS,BTCS_C2026-09-04,2026-09-04,CONTROL,2026-09-04 (session date; post time unknown),America/New_York,2026-09-04 00:00 America/New_York (bars < T; sources with record date <= T-1 or publication <= T),B_SEC_OFFERING,DAYS_SINCE_LAST_FINAL_PROSPECTUS,399,2025-08-01,S07,0001493152-25-011541,2025-08-01,2025-08-01T20:26:22.000Z,2026-10-08T23:10:07.602837+00:00,2025-08-01,point-in-time (filing),1,1,HIGH,,final prospectuses (424B1/B4/B5) before T: 8,8,399
BTCS,BTCS_C2026-09-04,2026-09-04,CONTROL,2026-09-04 (session date; post time unknown),America/New_York,2026-09-04 00:00 America/New_York (bars < T; sources with record date <= T-1 or publication <= T),C_BORROW,AVAILABLE_SHARES,,,S04/S05/S01,,,,,,,0,,NONE,NO_RECORD_FOUND,snapshots exist only after T,0,
BTCS,BTCS_C2026-09-04,2026-09-04,CONTROL,2026-09-04 (session date; post time unknown),America/New_York,2026-09-04 00:00 America/New_York (bars < T; sources with record date <= T-1 or publication <= T),D_SPLIT_AGE,SESSIONS_SINCE_LAST_REVERSE_SPLIT,419,2019-04-10,S06,yahoo:2019-04-10:0.03333333333333333,2026-10-08,unknown (vendor); SEC confirmation: 8-K item 5.03/3.03 within 21d: 1,2026-10-08,2019-04-10,CURRENT snapshot of historical dates,1,1,HIGH,,ratio=0.03333333333333333; reverse splits before T: 2 (raw 2); calendar days 2704,2,2704
AZI,AZI_C2026-09-04,2026-09-04,CONTROL,2026-09-04 (session date; post time unknown),America/New_York,2026-09-04 00:00 America/New_York (bars < T; sources with record date <= T-1 or publication <= T),A_FLOAT,FLOAT_SHARES,1729957,2026-08-11,S01,wl:d94ecba3d7,2026-08-11T20:37:59,unknown (vendor),2026-08-11T20:37:59,2026-08-11,point-in-time (git),1,1,HIGH,,vendor floatShares; shares_outstanding fallback not used,12,24
AZI,AZI_C2026-09-04,2026-09-04,CONTROL,2026-09-04 (session date; post time unknown),America/New_York,2026-09-04 00:00 America/New_York (bars < T; sources with record date <= T-1 or publication <= T),A_FLOAT,SHARES_OUTSTANDING_DEI,,,S07,,,,2026-10-08T23:10:07.602837+00:00,,,0,,NONE,NO_RECORD_FOUND,no dei:EntityCommonStockSharesOutstanding filed before T (foreign filers lack it),0,
AZI,AZI_C2026-09-04,2026-09-04,CONTROL,2026-09-04 (session date; post time unknown),America/New_York,2026-09-04 00:00 America/New_York (bars < T; sources with record date <= T-1 or publication <= T),B_SEC_OFFERING,DAYS_SINCE_LAST_OFFERING_FORM,171,2026-03-17,S07,9999999995-26-000840,2026-03-17,2026-03-18T04:15:10.000Z,2026-10-08T23:10:07.602837+00:00,2026-03-17,point-in-time (filing),1,1,HIGH,,filings before T: 130 · offering-class forms: 22 · last form EFFECT,22,171
AZI,AZI_C2026-09-04,2026-09-04,CONTROL,2026-09-04 (session date; post time unknown),America/New_York,2026-09-04 00:00 America/New_York (bars < T; sources with record date <= T-1 or publication <= T),B_SEC_OFFERING,DAYS_SINCE_LAST_FINAL_PROSPECTUS,737,2024-08-28,S07,0001193125-24-208231,2024-08-28,2024-08-28T10:58:16.000Z,2026-10-08T23:10:07.602837+00:00,2024-08-28,point-in-time (filing),1,1,HIGH,,final prospectuses (424B1/B4/B5) before T: 1,1,737
AZI,AZI_C2026-09-04,2026-09-04,CONTROL,2026-09-04 (session date; post time unknown),America/New_York,2026-09-04 00:00 America/New_York (bars < T; sources with record date <= T-1 or publication <= T),C_BORROW,AVAILABLE_SHARES,95000,2026-09-03,S04,ctb:2026-09-03,2026-09-03,IBKR snapshot ≤ harvest,2026-09-03,2026-09-03,point-in-time snapshot,1,1,HIGH,,fee=115.66; snapshots before T: 27,27,1
AZI,AZI_C2026-09-04,2026-09-04,CONTROL,2026-09-04 (session date; post time unknown),America/New_York,2026-09-04 00:00 America/New_York (bars < T; sources with record date <= T-1 or publication <= T),D_SPLIT_AGE,SESSIONS_SINCE_LAST_REVERSE_SPLIT,115,2026-03-23,S06,yahoo:2026-03-23:0.1,2026-10-08,unknown (vendor); SEC confirmation: 8-K item 5.03/3.03 within 21d: 0,2026-10-08,2026-03-23,CURRENT snapshot of historical dates,0,1,MEDIUM,,ratio=0.1; reverse splits before T: 2 (raw 2); calendar days 165,2,165
TGL,TGL_C2026-09-04,2026-09-04,CONTROL,2026-09-04 (session date; post time unknown),America/New_York,2026-09-04 00:00 America/New_York (bars < T; sources with record date <= T-1 or publication <= T),A_FLOAT,FLOAT_SHARES,,,S01/S02/S03,,,,,,,0,,NONE,NO_RECORD_FOUND,value exists only after T (not usable),0,
TGL,TGL_C2026-09-04,2026-09-04,CONTROL,2026-09-04 (session date; post time unknown),America/New_York,2026-09-04 00:00 America/New_York (bars < T; sources with record date <= T-1 or publication <= T),A_FLOAT,SHARES_OUTSTANDING_DEI,1675725,2026-05-20,S07,0001213900-26-059507,2026-05-20,2026-05-20,2026-10-08T23:10:07.602837+00:00,2026-05-20,point-in-time (filed),1,1,HIGH,,10-Q cover page; shares outstanding ≠ float (upper bound),17,107
TGL,TGL_C2026-09-04,2026-09-04,CONTROL,2026-09-04 (session date; post time unknown),America/New_York,2026-09-04 00:00 America/New_York (bars < T; sources with record date <= T-1 or publication <= T),B_SEC_OFFERING,DAYS_SINCE_LAST_OFFERING_FORM,213,2026-02-03,S07,0001213900-26-011440,2026-02-03,2026-02-03T21:04:56.000Z,2026-10-08T23:10:07.602837+00:00,2026-02-03,point-in-time (filing),1,1,HIGH,,filings before T: 254 · offering-class forms: 30 · last form 424B5,30,213
TGL,TGL_C2026-09-04,2026-09-04,CONTROL,2026-09-04 (session date; post time unknown),America/New_York,2026-09-04 00:00 America/New_York (bars < T; sources with record date <= T-1 or publication <= T),B_SEC_OFFERING,DAYS_SINCE_LAST_FINAL_PROSPECTUS,213,2026-02-03,S07,0001213900-26-011440,2026-02-03,2026-02-03T21:04:56.000Z,2026-10-08T23:10:07.602837+00:00,2026-02-03,point-in-time (filing),1,1,HIGH,,final prospectuses (424B1/B4/B5) before T: 6,6,213
TGL,TGL_C2026-09-04,2026-09-04,CONTROL,2026-09-04 (session date; post time unknown),America/New_York,2026-09-04 00:00 America/New_York (bars < T; sources with record date <= T-1 or publication <= T),C_BORROW,AVAILABLE_SHARES,,,S04/S05/S01,,,,,,,0,,NONE,NO_RECORD_FOUND,snapshots exist only after T,0,
TGL,TGL_C2026-09-04,2026-09-04,CONTROL,2026-09-04 (session date; post time unknown),America/New_York,2026-09-04 00:00 America/New_York (bars < T; sources with record date <= T-1 or publication <= T),D_SPLIT_AGE,SESSIONS_SINCE_LAST_REVERSE_SPLIT,187,2025-12-05,S06,yahoo:2025-12-05:0.05,2026-10-08,unknown (vendor); SEC confirmation: 8-K item 5.03/3.03 within 21d: 1,2026-10-08,2025-12-05,CURRENT snapshot of historical dates,1,1,HIGH,,ratio=0.05; reverse splits before T: 3 (raw 3); calendar days 273,3,273
CGTL,CGTL_C2026-09-04,2026-09-04,CONTROL,2026-09-04 (session date; post time unknown),America/New_York,2026-09-04 00:00 America/New_York (bars < T; sources with record date <= T-1 or publication <= T),A_FLOAT,FLOAT_SHARES,1091667,2026-07-24,S01,wl:0c2566feb2,2026-07-24T14:20:10,unknown (vendor),2026-07-24T14:20:10,2026-07-24,point-in-time (git),1,1,HIGH,,vendor floatShares; shares_outstanding fallback not used,16,42
CGTL,CGTL_C2026-09-04,2026-09-04,CONTROL,2026-09-04 (session date; post time unknown),America/New_York,2026-09-04 00:00 America/New_York (bars < T; sources with record date <= T-1 or publication <= T),A_FLOAT,SHARES_OUTSTANDING_DEI,21437500,2024-09-30,S07,0001213900-25-008172,2025-01-30,2025-01-30,2026-10-08T23:10:07.602837+00:00,2024-09-30,point-in-time (filed),1,1,HIGH,,20-F cover page; shares outstanding ≠ float (upper bound),1,582
CGTL,CGTL_C2026-09-04,2026-09-04,CONTROL,2026-09-04 (session date; post time unknown),America/New_York,2026-09-04 00:00 America/New_York (bars < T; sources with record date <= T-1 or publication <= T),B_SEC_OFFERING,DAYS_SINCE_LAST_OFFERING_FORM,350,2025-09-19,S07,9999999995-25-003012,2025-09-19,2025-09-22T04:15:05.000Z,2026-10-08T23:10:07.602837+00:00,2025-09-19,point-in-time (filing),1,1,HIGH,,filings before T: 86 · offering-class forms: 26 · last form EFFECT,26,350
CGTL,CGTL_C2026-09-04,2026-09-04,CONTROL,2026-09-04 (session date; post time unknown),America/New_York,2026-09-04 00:00 America/New_York (bars < T; sources with record date <= T-1 or publication <= T),B_SEC_OFFERING,DAYS_SINCE_LAST_FINAL_PROSPECTUS,647,2024-11-26,S07,0001213900-24-102413,2024-11-26,2024-11-26T11:39:03.000Z,2026-10-08T23:10:07.602837+00:00,2024-11-26,point-in-time (filing),1,1,HIGH,,final prospectuses (424B1/B4/B5) before T: 2,2,647
CGTL,CGTL_C2026-09-04,2026-09-04,CONTROL,2026-09-04 (session date; post time unknown),America/New_York,2026-09-04 00:00 America/New_York (bars < T; sources with record date <= T-1 or publication <= T),C_BORROW,AVAILABLE_SHARES,,,S04/S05/S01,,,,,,,0,,NONE,NO_RECORD_FOUND,snapshots exist only after T,0,
CGTL,CGTL_C2026-09-04,2026-09-04,CONTROL,2026-09-04 (session date; post time unknown),America/New_York,2026-09-04 00:00 America/New_York (bars < T; sources with record date <= T-1 or publication <= T),D_SPLIT_AGE,SESSIONS_SINCE_LAST_REVERSE_SPLIT,43,2026-07-07,S06,yahoo:2026-07-07:0.06666666666666667,2026-10-08,unknown (vendor); SEC confirmation: 8-K item 5.03/3.03 within 21d: 0,2026-10-08,2026-07-07,CURRENT snapshot of historical dates,0,1,MEDIUM,,ratio=0.06666666666666667; reverse splits before T: 1 (raw 1); calendar days 59,1,59
AEMD,AEMD_C2026-09-04,2026-09-04,CONTROL,2026-09-04 (session date; post time unknown),America/New_York,2026-09-04 00:00 America/New_York (bars < T; sources with record date <= T-1 or publication <= T),A_FLOAT,FLOAT_SHARES,473540,2026-08-21,S02,cc:d86f5fa635,2026-08-21T05:38:14,unknown (vendor),2026-08-21T05:38:14,2026-08-21,point-in-time (git),1,1,MEDIUM,,vendor floatShares; shares_outstanding fallback not used,33,14
AEMD,AEMD_C2026-09-04,2026-09-04,CONTROL,2026-09-04 (session date; post time unknown),America/New_York,2026-09-04 00:00 America/New_York (bars < T; sources with record date <= T-1 or publication <= T),A_FLOAT,SHARES_OUTSTANDING_DEI,711136,2026-08-10,S07,0001683168-26-006347,2026-08-13,2026-08-13,2026-10-08T23:10:07.602837+00:00,2026-08-10,point-in-time (filed),1,1,HIGH,,10-Q cover page; shares outstanding ≠ float (upper bound),61,22
AEMD,AEMD_C2026-09-04,2026-09-04,CONTROL,2026-09-04 (session date; post time unknown),America/New_York,2026-09-04 00:00 America/New_York (bars < T; sources with record date <= T-1 or publication <= T),B_SEC_OFFERING,DAYS_SINCE_LAST_OFFERING_FORM,59,2026-07-07,S07,0001683168-26-005322,2026-07-07,2026-07-07T18:58:33.000Z,2026-10-08T23:10:07.602837+00:00,2026-07-07,point-in-time (filing),1,1,HIGH,,filings before T: 1036 · offering-class forms: 140 · last form 424B3,140,59
AEMD,AEMD_C2026-09-04,2026-09-04,CONTROL,2026-09-04 (session date; post time unknown),America/New_York,2026-09-04 00:00 America/New_York (bars < T; sources with record date <= T-1 or publication <= T),B_SEC_OFFERING,DAYS_SINCE_LAST_FINAL_PROSPECTUS,92,2026-06-04,S07,0001683168-26-004539,2026-06-04,2026-06-04T17:00:38.000Z,2026-10-08T23:10:07.602837+00:00,2026-06-04,point-in-time (filing),1,1,HIGH,,final prospectuses (424B1/B4/B5) before T: 21,21,92
AEMD,AEMD_C2026-09-04,2026-09-04,CONTROL,2026-09-04 (session date; post time unknown),America/New_York,2026-09-04 00:00 America/New_York (bars < T; sources with record date <= T-1 or publication <= T),C_BORROW,AVAILABLE_SHARES,35000,2026-08-07,S01,wl:2c33d58cbb,2026-08-07,IBKR snapshot ≤ harvest,2026-08-07,2026-08-07,point-in-time snapshot,1,1,HIGH,,fee=9.69; snapshots before T: 16,16,28
AEMD,AEMD_C2026-09-04,2026-09-04,CONTROL,2026-09-04 (session date; post time unknown),America/New_York,2026-09-04 00:00 America/New_York (bars < T; sources with record date <= T-1 or publication <= T),D_SPLIT_AGE,SESSIONS_SINCE_LAST_REVERSE_SPLIT,23,2026-08-04,S06,yahoo:2026-08-04:0.2,2026-10-08,unknown (vendor); SEC confirmation: 8-K item 5.03/3.03 within 21d: 1,2026-10-08,2026-08-04,CURRENT snapshot of historical dates,1,1,HIGH,,ratio=0.2; reverse splits before T: 6 (raw 6); calendar days 31,6,31
TNMG,TNMG_C2026-09-04,2026-09-04,CONTROL,2026-09-04 (session date; post time unknown),America/New_York,2026-09-04 00:00 America/New_York (bars < T; sources with record date <= T-1 or publication <= T),A_FLOAT,FLOAT_SHARES,1898259,2026-09-02,S02,cc:dee4c27b7e,2026-09-02T17:09:32,unknown (vendor),2026-09-02T17:09:32,2026-09-02,point-in-time (git),1,1,MEDIUM,,vendor floatShares; shares_outstanding fallback not used,1,2
TNMG,TNMG_C2026-09-04,2026-09-04,CONTROL,2026-09-04 (session date; post time unknown),America/New_York,2026-09-04 00:00 America/New_York (bars < T; sources with record date <= T-1 or publication <= T),A_FLOAT,SHARES_OUTSTANDING_DEI,2556405,2025-12-31,S07,0001213900-26-049832,2026-04-30,2026-04-30,2026-10-08T23:10:07.602837+00:00,2025-12-31,point-in-time (filed),1,1,HIGH,,20-F cover page; shares outstanding ≠ float (upper bound),2,127
TNMG,TNMG_C2026-09-04,2026-09-04,CONTROL,2026-09-04 (session date; post time unknown),America/New_York,2026-09-04 00:00 America/New_York (bars < T; sources with record date <= T-1 or publication <= T),B_SEC_OFFERING,DAYS_SINCE_LAST_OFFERING_FORM,170,2026-03-18,S07,0001213900-26-029560,2026-03-18,2026-03-18T11:00:29.000Z,2026-10-08T23:10:07.602837+00:00,2026-03-18,point-in-time (filing),1,1,HIGH,,filings before T: 77 · offering-class forms: 17 · last form 424B3,17,170
TNMG,TNMG_C2026-09-04,2026-09-04,CONTROL,2026-09-04 (session date; post time unknown),America/New_York,2026-09-04 00:00 America/New_York (bars < T; sources with record date <= T-1 or publication <= T),B_SEC_OFFERING,DAYS_SINCE_LAST_FINAL_PROSPECTUS,,,S07,,,,2026-10-08T23:10:07.602837+00:00,,point-in-time (filing),1,1,HIGH,,final prospectuses (424B1/B4/B5) before T: 0,0,
TNMG,TNMG_C2026-09-04,2026-09-04,CONTROL,2026-09-04 (session date; post time unknown),America/New_York,2026-09-04 00:00 America/New_York (bars < T; sources with record date <= T-1 or publication <= T),C_BORROW,AVAILABLE_SHARES,,,S04/S05/S01,,,,,,,0,,NONE,NO_HISTORICAL_SOURCE,no snapshot source before T,0,
TNMG,TNMG_C2026-09-04,2026-09-04,CONTROL,2026-09-04 (session date; post time unknown),America/New_York,2026-09-04 00:00 America/New_York (bars < T; sources with record date <= T-1 or publication <= T),D_SPLIT_AGE,SESSIONS_SINCE_LAST_REVERSE_SPLIT,175,2025-12-23,S06,yahoo:2025-12-23:0.05,2026-10-08,unknown (vendor); SEC confirmation: 8-K item 5.03/3.03 within 21d: 0,2026-10-08,2025-12-23,CURRENT snapshot of historical dates,0,1,MEDIUM,,ratio=0.05; reverse splits before T: 1 (raw 1); calendar days 255,1,255
WSHP,WSHP_C2026-09-04,2026-09-04,CONTROL,2026-09-04 (session date; post time unknown),America/New_York,2026-09-04 00:00 America/New_York (bars < T; sources with record date <= T-1 or publication <= T),A_FLOAT,FLOAT_SHARES,641601,2026-08-07,S01,wl:8d510bf6d7,2026-08-07T14:45:18,unknown (vendor),2026-08-07T14:45:18,2026-08-07,point-in-time (git),1,1,HIGH,,vendor floatShares; shares_outstanding fallback not used,12,28
WSHP,WSHP_C2026-09-04,2026-09-04,CONTROL,2026-09-04 (session date; post time unknown),America/New_York,2026-09-04 00:00 America/New_York (bars < T; sources with record date <= T-1 or publication <= T),A_FLOAT,SHARES_OUTSTANDING_DEI,,,S07,,,,2026-10-08T23:10:07.602837+00:00,,,0,,NONE,NO_RECORD_FOUND,no dei:EntityCommonStockSharesOutstanding filed before T (foreign filers lack it),0,
WSHP,WSHP_C2026-09-04,2026-09-04,CONTROL,2026-09-04 (session date; post time unknown),America/New_York,2026-09-04 00:00 America/New_York (bars < T; sources with record date <= T-1 or publication <= T),B_SEC_OFFERING,DAYS_SINCE_LAST_OFFERING_FORM,1,2026-09-03,S07,9999999995-26-002875,2026-09-03,2026-09-04T04:15:07.000Z,2026-10-08T23:10:07.602837+00:00,2026-09-03,point-in-time (filing),1,1,HIGH,,filings before T: 70 · offering-class forms: 13 · last form EFFECT,13,1
WSHP,WSHP_C2026-09-04,2026-09-04,CONTROL,2026-09-04 (session date; post time unknown),America/New_York,2026-09-04 00:00 America/New_York (bars < T; sources with record date <= T-1 or publication <= T),B_SEC_OFFERING,DAYS_SINCE_LAST_FINAL_PROSPECTUS,1,2026-09-03,S07,0001493152-26-041390,2026-09-03,2026-09-03T21:00:14.000Z,2026-10-08T23:10:07.602837+00:00,2026-09-03,point-in-time (filing),1,1,HIGH,,final prospectuses (424B1/B4/B5) before T: 4,4,1
WSHP,WSHP_C2026-09-04,2026-09-04,CONTROL,2026-09-04 (session date; post time unknown),America/New_York,2026-09-04 00:00 America/New_York (bars < T; sources with record date <= T-1 or publication <= T),C_BORROW,AVAILABLE_SHARES,,,S04/S05/S01,,,,,,,0,,NONE,NO_RECORD_FOUND,snapshots exist only after T,0,
WSHP,WSHP_C2026-09-04,2026-09-04,CONTROL,2026-09-04 (session date; post time unknown),America/New_York,2026-09-04 00:00 America/New_York (bars < T; sources with record date <= T-1 or publication <= T),D_SPLIT_AGE,SESSIONS_SINCE_LAST_REVERSE_SPLIT,NO_CONFIRMED_PRIOR_REVERSE_SPLIT,,S06,,2026-10-08,,2026-10-08,,CURRENT snapshot,0,1,MEDIUM,RECORD_NOT_APPLICABLE,splits listed (any): 0; none reverse before T,0,
YDES,YDES_C2026-09-04,2026-09-04,CONTROL,2026-09-04 (session date; post time unknown),America/New_York,2026-09-04 00:00 America/New_York (bars < T; sources with record date <= T-1 or publication <= T),A_FLOAT,FLOAT_SHARES,319740,2026-09-02,S01,wl:cfced571af,2026-09-02T16:54:36,unknown (vendor),2026-09-02T16:54:36,2026-09-02,point-in-time (git),1,1,HIGH,,vendor floatShares; shares_outstanding fallback not used,57,2
YDES,YDES_C2026-09-04,2026-09-04,CONTROL,2026-09-04 (session date; post time unknown),America/New_York,2026-09-04 00:00 America/New_York (bars < T; sources with record date <= T-1 or publication <= T),A_FLOAT,SHARES_OUTSTANDING_DEI,70789261,2025-12-31,S07,0001213900-26-050282,2026-04-30,2026-04-30,2026-10-08T23:10:07.602837+00:00,2025-12-31,point-in-time (filed),1,1,HIGH,,20-F cover page; shares outstanding ≠ float (upper bound),1,127
YDES,YDES_C2026-09-04,2026-09-04,CONTROL,2026-09-04 (session date; post time unknown),America/New_York,2026-09-04 00:00 America/New_York (bars < T; sources with record date <= T-1 or publication <= T),B_SEC_OFFERING,DAYS_SINCE_LAST_OFFERING_FORM,3,2026-09-01,S07,0001213900-26-095816,2026-09-01,2026-09-01T01:38:35.000Z,2026-10-08T23:10:07.602837+00:00,2026-09-01,point-in-time (filing),1,1,HIGH,,filings before T: 75 · offering-class forms: 11 · last form 424B3,11,3
YDES,YDES_C2026-09-04,2026-09-04,CONTROL,2026-09-04 (session date; post time unknown),America/New_York,2026-09-04 00:00 America/New_York (bars < T; sources with record date <= T-1 or publication <= T),B_SEC_OFFERING,DAYS_SINCE_LAST_FINAL_PROSPECTUS,,,S07,,,,2026-10-08T23:10:07.602837+00:00,,point-in-time (filing),1,1,HIGH,,final prospectuses (424B1/B4/B5) before T: 0,0,
YDES,YDES_C2026-09-04,2026-09-04,CONTROL,2026-09-04 (session date; post time unknown),America/New_York,2026-09-04 00:00 America/New_York (bars < T; sources with record date <= T-1 or publication <= T),C_BORROW,AVAILABLE_SHARES,,,S04/S05/S01,,,,,,,0,,NONE,NO_RECORD_FOUND,snapshots exist only after T,0,
YDES,YDES_C2026-09-04,2026-09-04,CONTROL,2026-09-04 (session date; post time unknown),America/New_York,2026-09-04 00:00 America/New_York (bars < T; sources with record date <= T-1 or publication <= T),D_SPLIT_AGE,SESSIONS_SINCE_LAST_REVERSE_SPLIT,NO_CONFIRMED_PRIOR_REVERSE_SPLIT,,S06,,2026-10-08,,2026-10-08,,CURRENT snapshot,0,1,MEDIUM,RECORD_NOT_APPLICABLE,splits listed (any): 0; none reverse before T,0,
MF,MF_C2026-09-04,2026-09-04,CONTROL,2026-09-04 (session date; post time unknown),America/New_York,2026-09-04 00:00 America/New_York (bars < T; sources with record date <= T-1 or publication <= T),A_FLOAT,FLOAT_SHARES,799404,2026-08-14,S01,wl:5a72a9271e,2026-08-14T06:21:50,unknown (vendor),2026-08-14T06:21:50,2026-08-14,point-in-time (git),1,1,HIGH,,vendor floatShares; shares_outstanding fallback not used,54,21
MF,MF_C2026-09-04,2026-09-04,CONTROL,2026-09-04 (session date; post time unknown),America/New_York,2026-09-04 00:00 America/New_York (bars < T; sources with record date <= T-1 or publication <= T),A_FLOAT,SHARES_OUTSTANDING_DEI,20784142,2025-06-30,S07,0001213900-25-102251,2025-10-24,2025-10-24,2026-10-08T23:10:07.602837+00:00,2025-06-30,point-in-time (filed),1,1,HIGH,,20-F cover page; shares outstanding ≠ float (upper bound),2,315
MF,MF_C2026-09-04,2026-09-04,CONTROL,2026-09-04 (session date; post time unknown),America/New_York,2026-09-04 00:00 America/New_York (bars < T; sources with record date <= T-1 or publication <= T),B_SEC_OFFERING,DAYS_SINCE_LAST_OFFERING_FORM,119,2026-05-08,S07,0001213900-26-053490,2026-05-08,2026-05-07T23:14:54.000Z,2026-10-08T23:10:07.602837+00:00,2026-05-08,point-in-time (filing),1,1,HIGH,,filings before T: 108 · offering-class forms: 34 · last form 424B5,34,119
MF,MF_C2026-09-04,2026-09-04,CONTROL,2026-09-04 (session date; post time unknown),America/New_York,2026-09-04 00:00 America/New_York (bars < T; sources with record date <= T-1 or publication <= T),B_SEC_OFFERING,DAYS_SINCE_LAST_FINAL_PROSPECTUS,119,2026-05-08,S07,0001213900-26-053490,2026-05-08,2026-05-07T23:14:54.000Z,2026-10-08T23:10:07.602837+00:00,2026-05-08,point-in-time (filing),1,1,HIGH,,final prospectuses (424B1/B4/B5) before T: 3,3,119
MF,MF_C2026-09-04,2026-09-04,CONTROL,2026-09-04 (session date; post time unknown),America/New_York,2026-09-04 00:00 America/New_York (bars < T; sources with record date <= T-1 or publication <= T),C_BORROW,AVAILABLE_SHARES,,,S04/S05/S01,,,,,,,0,,NONE,NO_HISTORICAL_SOURCE,no snapshot source before T,0,
MF,MF_C2026-09-04,2026-09-04,CONTROL,2026-09-04 (session date; post time unknown),America/New_York,2026-09-04 00:00 America/New_York (bars < T; sources with record date <= T-1 or publication <= T),D_SPLIT_AGE,SESSIONS_SINCE_LAST_REVERSE_SPLIT,72,2026-05-22,S06,yahoo:2026-05-22:0.04,2026-10-08,unknown (vendor); SEC confirmation: 8-K item 5.03/3.03 within 21d: 0,2026-10-08,2026-05-22,CURRENT snapshot of historical dates,0,1,MEDIUM,,ratio=0.04; reverse splits before T: 1 (raw 1); calendar days 105,1,105
NIVF,NIVF_C2026-09-04,2026-09-04,CONTROL,2026-09-04 (session date; post time unknown),America/New_York,2026-09-04 00:00 America/New_York (bars < T; sources with record date <= T-1 or publication <= T),A_FLOAT,FLOAT_SHARES,62798,2026-09-03,S01,wl:36a0a751fd,2026-09-03T19:51:55,unknown (vendor),2026-09-03T19:51:55,2026-09-03,point-in-time (git),1,1,HIGH,,vendor floatShares; shares_outstanding fallback not used,12,1
NIVF,NIVF_C2026-09-04,2026-09-04,CONTROL,2026-09-04 (session date; post time unknown),America/New_York,2026-09-04 00:00 America/New_York (bars < T; sources with record date <= T-1 or publication <= T),A_FLOAT,SHARES_OUTSTANDING_DEI,,,S07,,,,2026-10-08T23:10:07.602837+00:00,,,0,,NONE,NO_RECORD_FOUND,no dei:EntityCommonStockSharesOutstanding filed before T (foreign filers lack it),0,
NIVF,NIVF_C2026-09-04,2026-09-04,CONTROL,2026-09-04 (session date; post time unknown),America/New_York,2026-09-04 00:00 America/New_York (bars < T; sources with record date <= T-1 or publication <= T),B_SEC_OFFERING,DAYS_SINCE_LAST_OFFERING_FORM,3,2026-09-01,S07,0001213900-26-096245,2026-09-01,2026-09-02T00:37:26.000Z,2026-10-08T23:10:07.602837+00:00,2026-09-01,point-in-time (filing),1,1,HIGH,,filings before T: 171 · offering-class forms: 28 · last form F-1/A,28,3
NIVF,NIVF_C2026-09-04,2026-09-04,CONTROL,2026-09-04 (session date; post time unknown),America/New_York,2026-09-04 00:00 America/New_York (bars < T; sources with record date <= T-1 or publication <= T),B_SEC_OFFERING,DAYS_SINCE_LAST_FINAL_PROSPECTUS,,,S07,,,,2026-10-08T23:10:07.602837+00:00,,point-in-time (filing),1,1,HIGH,,final prospectuses (424B1/B4/B5) before T: 0,0,
NIVF,NIVF_C2026-09-04,2026-09-04,CONTROL,2026-09-04 (session date; post time unknown),America/New_York,2026-09-04 00:00 America/New_York (bars < T; sources with record date <= T-1 or publication <= T),C_BORROW,AVAILABLE_SHARES,0,2026-09-03,S01,wl:36a0a751fd,2026-09-03,IBKR snapshot ≤ harvest,2026-09-03,2026-09-03,point-in-time snapshot,1,1,HIGH,,fee=105.26; snapshots before T: 11,11,1
NIVF,NIVF_C2026-09-04,2026-09-04,CONTROL,2026-09-04 (session date; post time unknown),America/New_York,2026-09-04 00:00 America/New_York (bars < T; sources with record date <= T-1 or publication <= T),D_SPLIT_AGE,SESSIONS_SINCE_LAST_REVERSE_SPLIT,3,2026-09-01,S06,yahoo:2026-09-01:0.3333333333333333,2026-10-08,unknown (vendor); SEC confirmation: 8-K item 5.03/3.03 within 21d: 0,2026-10-08,2026-09-01,CURRENT snapshot of historical dates,0,1,MEDIUM,,ratio=0.3333333333333333; reverse splits before T: 7 (raw 7); calendar days 3,7,3
VEEA,VEEA_C2026-09-04,2026-09-04,CONTROL,2026-09-04 (session date; post time unknown),America/New_York,2026-09-04 00:00 America/New_York (bars < T; sources with record date <= T-1 or publication <= T),A_FLOAT,FLOAT_SHARES,,,S01/S02/S03,,,,,,,0,,NONE,NO_RECORD_FOUND,value exists only after T (not usable),0,
VEEA,VEEA_C2026-09-04,2026-09-04,CONTROL,2026-09-04 (session date; post time unknown),America/New_York,2026-09-04 00:00 America/New_York (bars < T; sources with record date <= T-1 or publication <= T),A_FLOAT,SHARES_OUTSTANDING_DEI,62214156,2026-08-10,S07,0001213900-26-087946,2026-08-12,2026-08-12,2026-10-08T23:10:07.602837+00:00,2026-08-10,point-in-time (filed),1,1,HIGH,,10-Q cover page; shares outstanding ≠ float (upper bound),8,23
VEEA,VEEA_C2026-09-04,2026-09-04,CONTROL,2026-09-04 (session date; post time unknown),America/New_York,2026-09-04 00:00 America/New_York (bars < T; sources with record date <= T-1 or publication <= T),B_SEC_OFFERING,DAYS_SINCE_LAST_OFFERING_FORM,22,2026-08-13,S07,0001213900-26-088706,2026-08-13,2026-08-13T16:00:19.000Z,2026-10-08T23:10:07.602837+00:00,2026-08-13,point-in-time (filing),1,1,HIGH,,filings before T: 267 · offering-class forms: 31 · last form 424B5,31,22
VEEA,VEEA_C2026-09-04,2026-09-04,CONTROL,2026-09-04 (session date; post time unknown),America/New_York,2026-09-04 00:00 America/New_York (bars < T; sources with record date <= T-1 or publication <= T),B_SEC_OFFERING,DAYS_SINCE_LAST_FINAL_PROSPECTUS,22,2026-08-13,S07,0001213900-26-088706,2026-08-13,2026-08-13T16:00:19.000Z,2026-10-08T23:10:07.602837+00:00,2026-08-13,point-in-time (filing),1,1,HIGH,,final prospectuses (424B1/B4/B5) before T: 3,3,22
VEEA,VEEA_C2026-09-04,2026-09-04,CONTROL,2026-09-04 (session date; post time unknown),America/New_York,2026-09-04 00:00 America/New_York (bars < T; sources with record date <= T-1 or publication <= T),C_BORROW,AVAILABLE_SHARES,,,S04/S05/S01,,,,,,,0,,NONE,NO_HISTORICAL_SOURCE,no snapshot source before T,0,
VEEA,VEEA_C2026-09-04,2026-09-04,CONTROL,2026-09-04 (session date; post time unknown),America/New_York,2026-09-04 00:00 America/New_York (bars < T; sources with record date <= T-1 or publication <= T),D_SPLIT_AGE,SESSIONS_SINCE_LAST_REVERSE_SPLIT,4,2026-08-31,S06,yahoo:2026-08-31:0.05,2026-10-08,unknown (vendor); SEC confirmation: 8-K item 5.03/3.03 within 21d: 1,2026-10-08,2026-08-31,CURRENT snapshot of historical dates,1,1,HIGH,,ratio=0.05; reverse splits before T: 1 (raw 1); calendar days 4,1,4
TDIC,TDIC_C2026-09-14,2026-09-14,CONTROL,2026-09-14 (session date; post time unknown),America/New_York,2026-09-14 00:00 America/New_York (bars < T; sources with record date <= T-1 or publication <= T),A_FLOAT,FLOAT_SHARES,,,S01/S02/S03,,,,,,,0,,NONE,NO_RECORD_FOUND,value exists only after T (not usable),0,
TDIC,TDIC_C2026-09-14,2026-09-14,CONTROL,2026-09-14 (session date; post time unknown),America/New_York,2026-09-14 00:00 America/New_York (bars < T; sources with record date <= T-1 or publication <= T),A_FLOAT,SHARES_OUTSTANDING_DEI,28660000,2025-03-31,S07,0001641172-25-022328,2025-08-06,2025-08-06,2026-10-08T23:10:07.602837+00:00,2025-03-31,point-in-time (filed),1,1,HIGH,,20-F cover page; shares outstanding ≠ float (upper bound),1,404
TDIC,TDIC_C2026-09-14,2026-09-14,CONTROL,2026-09-14 (session date; post time unknown),America/New_York,2026-09-14 00:00 America/New_York (bars < T; sources with record date <= T-1 or publication <= T),B_SEC_OFFERING,DAYS_SINCE_LAST_OFFERING_FORM,126,2026-05-11,S07,9999999995-26-001579,2026-05-11,2026-05-12T04:15:15.000Z,2026-10-08T23:10:07.602837+00:00,2026-05-11,point-in-time (filing),1,1,HIGH,,filings before T: 74 · offering-class forms: 14 · last form EFFECT,14,126
TDIC,TDIC_C2026-09-14,2026-09-14,CONTROL,2026-09-14 (session date; post time unknown),America/New_York,2026-09-14 00:00 America/New_York (bars < T; sources with record date <= T-1 or publication <= T),B_SEC_OFFERING,DAYS_SINCE_LAST_FINAL_PROSPECTUS,144,2026-04-23,S07,0001493152-26-018678,2026-04-23,2026-04-23T16:27:13.000Z,2026-10-08T23:10:07.602837+00:00,2026-04-23,point-in-time (filing),1,1,HIGH,,final prospectuses (424B1/B4/B5) before T: 2,2,144
TDIC,TDIC_C2026-09-14,2026-09-14,CONTROL,2026-09-14 (session date; post time unknown),America/New_York,2026-09-14 00:00 America/New_York (bars < T; sources with record date <= T-1 or publication <= T),C_BORROW,AVAILABLE_SHARES,,,S04/S05/S01,,,,,,,0,,NONE,NO_HISTORICAL_SOURCE,no snapshot source before T,0,
TDIC,TDIC_C2026-09-14,2026-09-14,CONTROL,2026-09-14 (session date; post time unknown),America/New_York,2026-09-14 00:00 America/New_York (bars < T; sources with record date <= T-1 or publication <= T),D_SPLIT_AGE,SESSIONS_SINCE_LAST_REVERSE_SPLIT,62,2026-06-15,S06,yahoo:2026-06-15:0.04,2026-10-08,unknown (vendor); SEC confirmation: 8-K item 5.03/3.03 within 21d: 0,2026-10-08,2026-06-15,CURRENT snapshot of historical dates,0,1,MEDIUM,,ratio=0.04; reverse splits before T: 2 (raw 2); calendar days 91,2,91
ATCX,ATCX_C2026-09-14,2026-09-14,CONTROL,2026-09-14 (session date; post time unknown),America/New_York,2026-09-14 00:00 America/New_York (bars < T; sources with record date <= T-1 or publication <= T),A_FLOAT,FLOAT_SHARES,,,S01/S02/S03,,,,,,,0,,NONE,NO_HISTORICAL_SOURCE,no bot record,0,
ATCX,ATCX_C2026-09-14,2026-09-14,CONTROL,2026-09-14 (session date; post time unknown),America/New_York,2026-09-14 00:00 America/New_York (bars < T; sources with record date <= T-1 or publication <= T),A_FLOAT,SHARES_OUTSTANDING_DEI,3474972,2025-12-31,S07,0001493152-26-007592,2026-02-20,2026-02-20,2026-10-08T23:10:07.602837+00:00,2025-12-31,point-in-time (filed),1,1,HIGH,,20-F cover page; shares outstanding ≠ float (upper bound),10,206
ATCX,ATCX_C2026-09-14,2026-09-14,CONTROL,2026-09-14 (session date; post time unknown),America/New_York,2026-09-14 00:00 America/New_York (bars < T; sources with record date <= T-1 or publication <= T),B_SEC_OFFERING,DAYS_SINCE_LAST_OFFERING_FORM,245,2026-01-12,S07,0001493152-26-001253,2026-01-12,2026-01-12T19:29:03.000Z,2026-10-08T23:10:07.602837+00:00,2026-01-12,point-in-time (filing),1,1,HIGH,,filings before T: 92 · offering-class forms: 13 · last form 424B4,13,245
ATCX,ATCX_C2026-09-14,2026-09-14,CONTROL,2026-09-14 (session date; post time unknown),America/New_York,2026-09-14 00:00 America/New_York (bars < T; sources with record date <= T-1 or publication <= T),B_SEC_OFFERING,DAYS_SINCE_LAST_FINAL_PROSPECTUS,245,2026-01-12,S07,0001493152-26-001253,2026-01-12,2026-01-12T19:29:03.000Z,2026-10-08T23:10:07.602837+00:00,2026-01-12,point-in-time (filing),1,1,HIGH,,final prospectuses (424B1/B4/B5) before T: 2,2,245
ATCX,ATCX_C2026-09-14,2026-09-14,CONTROL,2026-09-14 (session date; post time unknown),America/New_York,2026-09-14 00:00 America/New_York (bars < T; sources with record date <= T-1 or publication <= T),C_BORROW,AVAILABLE_SHARES,,,S04/S05/S01,,,,,,,0,,NONE,NO_RECORD_FOUND,snapshots exist only after T,0,
ATCX,ATCX_C2026-09-14,2026-09-14,CONTROL,2026-09-14 (session date; post time unknown),America/New_York,2026-09-14 00:00 America/New_York (bars < T; sources with record date <= T-1 or publication <= T),D_SPLIT_AGE,SESSIONS_SINCE_LAST_REVERSE_SPLIT,NO_CONFIRMED_PRIOR_REVERSE_SPLIT,,S06,,2026-10-08,,2026-10-08,,CURRENT snapshot,0,1,MEDIUM,RECORD_NOT_APPLICABLE,splits listed (any): 0; none reverse before T,0,
CCHH,CCHH_C2026-09-14,2026-09-14,CONTROL,2026-09-14 (session date; post time unknown),America/New_York,2026-09-14 00:00 America/New_York (bars < T; sources with record date <= T-1 or publication <= T),A_FLOAT,FLOAT_SHARES,,,S01/S02/S03,,,,,,,0,,NONE,NO_RECORD_FOUND,value exists only after T (not usable),0,
CCHH,CCHH_C2026-09-14,2026-09-14,CONTROL,2026-09-14 (session date; post time unknown),America/New_York,2026-09-14 00:00 America/New_York (bars < T; sources with record date <= T-1 or publication <= T),A_FLOAT,SHARES_OUTSTANDING_DEI,,,S07,,,,2026-10-08T23:10:07.602837+00:00,,,0,,NONE,NO_RECORD_FOUND,no dei:EntityCommonStockSharesOutstanding filed before T (foreign filers lack it),0,
CCHH,CCHH_C2026-09-14,2026-09-14,CONTROL,2026-09-14 (session date; post time unknown),America/New_York,2026-09-14 00:00 America/New_York (bars < T; sources with record date <= T-1 or publication <= T),B_SEC_OFFERING,DAYS_SINCE_LAST_OFFERING_FORM,19,2026-08-26,S07,0001213900-26-093612,2026-08-26,2026-08-25T22:10:24.000Z,2026-10-08T23:10:07.602837+00:00,2026-08-26,point-in-time (filing),1,1,HIGH,,filings before T: 53 · offering-class forms: 9 · last form F-1/A,9,19
CCHH,CCHH_C2026-09-14,2026-09-14,CONTROL,2026-09-14 (session date; post time unknown),America/New_York,2026-09-14 00:00 America/New_York (bars < T; sources with record date <= T-1 or publication <= T),B_SEC_OFFERING,DAYS_SINCE_LAST_FINAL_PROSPECTUS,343,2025-10-06,S07,0001213900-25-096312,2025-10-06,2025-10-06T13:11:43.000Z,2026-10-08T23:10:07.602837+00:00,2025-10-06,point-in-time (filing),1,1,HIGH,,final prospectuses (424B1/B4/B5) before T: 1,1,343
CCHH,CCHH_C2026-09-14,2026-09-14,CONTROL,2026-09-14 (session date; post time unknown),America/New_York,2026-09-14 00:00 America/New_York (bars < T; sources with record date <= T-1 or publication <= T),C_BORROW,AVAILABLE_SHARES,50000,2026-09-12,S04,ctb:2026-09-12,2026-09-12,IBKR snapshot ≤ harvest,2026-09-12,2026-09-12,point-in-time snapshot,1,1,HIGH,,fee=185.79; snapshots before T: 34,34,2
CCHH,CCHH_C2026-09-14,2026-09-14,CONTROL,2026-09-14 (session date; post time unknown),America/New_York,2026-09-14 00:00 America/New_York (bars < T; sources with record date <= T-1 or publication <= T),D_SPLIT_AGE,SESSIONS_SINCE_LAST_REVERSE_SPLIT,44,2026-07-13,S06,yahoo:2026-07-13:0.1,2026-10-08,unknown (vendor); SEC confirmation: 8-K item 5.03/3.03 within 21d: 0,2026-10-08,2026-07-13,CURRENT snapshot of historical dates,0,1,MEDIUM,,ratio=0.1; reverse splits before T: 1 (raw 1); calendar days 63,1,63
RAYA,RAYA_C2026-09-14,2026-09-14,CONTROL,2026-09-14 (session date; post time unknown),America/New_York,2026-09-14 00:00 America/New_York (bars < T; sources with record date <= T-1 or publication <= T),A_FLOAT,FLOAT_SHARES,,,S01/S02/S03,,,,,,,0,,NONE,NO_RECORD_FOUND,value exists only after T (not usable),0,
RAYA,RAYA_C2026-09-14,2026-09-14,CONTROL,2026-09-14 (session date; post time unknown),America/New_York,2026-09-14 00:00 America/New_York (bars < T; sources with record date <= T-1 or publication <= T),A_FLOAT,SHARES_OUTSTANDING_DEI,,,S07,,,,2026-10-08T23:10:07.602837+00:00,,,0,,NONE,NO_RECORD_FOUND,no dei:EntityCommonStockSharesOutstanding filed before T (foreign filers lack it),0,
RAYA,RAYA_C2026-09-14,2026-09-14,CONTROL,2026-09-14 (session date; post time unknown),America/New_York,2026-09-14 00:00 America/New_York (bars < T; sources with record date <= T-1 or publication <= T),B_SEC_OFFERING,DAYS_SINCE_LAST_OFFERING_FORM,180,2026-03-18,S07,0001185185-26-000939,2026-03-18,2026-03-18T18:07:53.000Z,2026-10-08T23:10:07.602837+00:00,2026-03-18,point-in-time (filing),1,1,HIGH,,filings before T: 105 · offering-class forms: 22 · last form 424B5,22,180
RAYA,RAYA_C2026-09-14,2026-09-14,CONTROL,2026-09-14 (session date; post time unknown),America/New_York,2026-09-14 00:00 America/New_York (bars < T; sources with record date <= T-1 or publication <= T),B_SEC_OFFERING,DAYS_SINCE_LAST_FINAL_PROSPECTUS,180,2026-03-18,S07,0001185185-26-000939,2026-03-18,2026-03-18T18:07:53.000Z,2026-10-08T23:10:07.602837+00:00,2026-03-18,point-in-time (filing),1,1,HIGH,,final prospectuses (424B1/B4/B5) before T: 6,6,180
RAYA,RAYA_C2026-09-14,2026-09-14,CONTROL,2026-09-14 (session date; post time unknown),America/New_York,2026-09-14 00:00 America/New_York (bars < T; sources with record date <= T-1 or publication <= T),C_BORROW,AVAILABLE_SHARES,,,S04/S05/S01,,,,,,,0,,NONE,NO_HISTORICAL_SOURCE,no snapshot source before T,0,
RAYA,RAYA_C2026-09-14,2026-09-14,CONTROL,2026-09-14 (session date; post time unknown),America/New_York,2026-09-14 00:00 America/New_York (bars < T; sources with record date <= T-1 or publication <= T),D_SPLIT_AGE,SESSIONS_SINCE_LAST_REVERSE_SPLIT,101,2026-04-20,S06,yahoo:2026-04-20:0.1,2026-10-08,unknown (vendor); SEC confirmation: 8-K item 5.03/3.03 within 21d: 0,2026-10-08,2026-04-20,CURRENT snapshot of historical dates,0,1,MEDIUM,,ratio=0.1; reverse splits before T: 2 (raw 2); calendar days 147,2,147
HTCO,HTCO_C2026-09-14,2026-09-14,CONTROL,2026-09-14 (session date; post time unknown),America/New_York,2026-09-14 00:00 America/New_York (bars < T; sources with record date <= T-1 or publication <= T),A_FLOAT,FLOAT_SHARES,3730155,2026-08-28,S01,wl:5a3efa06a0,2026-08-28T03:34:55,unknown (vendor),2026-08-28T03:34:55,2026-08-28,point-in-time (git),1,1,HIGH,,vendor floatShares; shares_outstanding fallback not used,134,17
HTCO,HTCO_C2026-09-14,2026-09-14,CONTROL,2026-09-14 (session date; post time unknown),America/New_York,2026-09-14 00:00 America/New_York (bars < T; sources with record date <= T-1 or publication <= T),A_FLOAT,SHARES_OUTSTANDING_DEI,6632441,2025-10-31,S07,0001213900-26-040491,2026-04-06,2026-04-06,2026-10-08T23:10:07.602837+00:00,2025-10-31,point-in-time (filed),1,1,HIGH,,20-F/A cover page; shares outstanding ≠ float (upper bound),5,161
HTCO,HTCO_C2026-09-14,2026-09-14,CONTROL,2026-09-14 (session date; post time unknown),America/New_York,2026-09-14 00:00 America/New_York (bars < T; sources with record date <= T-1 or publication <= T),B_SEC_OFFERING,DAYS_SINCE_LAST_OFFERING_FORM,123,2026-05-14,S07,0001213900-26-056737,2026-05-14,2026-05-14T20:45:38.000Z,2026-10-08T23:10:07.602837+00:00,2026-05-14,point-in-time (filing),1,1,HIGH,,filings before T: 121 · offering-class forms: 8 · last form 424B5,8,123
HTCO,HTCO_C2026-09-14,2026-09-14,CONTROL,2026-09-14 (session date; post time unknown),America/New_York,2026-09-14 00:00 America/New_York (bars < T; sources with record date <= T-1 or publication <= T),B_SEC_OFFERING,DAYS_SINCE_LAST_FINAL_PROSPECTUS,123,2026-05-14,S07,0001213900-26-056737,2026-05-14,2026-05-14T20:45:38.000Z,2026-10-08T23:10:07.602837+00:00,2026-05-14,point-in-time (filing),1,1,HIGH,,final prospectuses (424B1/B4/B5) before T: 1,1,123
HTCO,HTCO_C2026-09-14,2026-09-14,CONTROL,2026-09-14 (session date; post time unknown),America/New_York,2026-09-14 00:00 America/New_York (bars < T; sources with record date <= T-1 or publication <= T),C_BORROW,AVAILABLE_SHARES,150000,2026-08-21,S04,ctb:2026-08-21,2026-08-21,IBKR snapshot ≤ harvest,2026-08-21,2026-08-21,point-in-time snapshot,1,1,HIGH,,fee=110.15; snapshots before T: 1,1,24
HTCO,HTCO_C2026-09-14,2026-09-14,CONTROL,2026-09-14 (session date; post time unknown),America/New_York,2026-09-14 00:00 America/New_York (bars < T; sources with record date <= T-1 or publication <= T),D_SPLIT_AGE,SESSIONS_SINCE_LAST_REVERSE_SPLIT,275,2025-08-08,S06,yahoo:2025-08-08:0.04,2026-10-08,unknown (vendor); SEC confirmation: 8-K item 5.03/3.03 within 21d: 0,2026-10-08,2025-08-08,CURRENT snapshot of historical dates,0,1,MEDIUM,,ratio=0.04; reverse splits before T: 1 (raw 1); calendar days 402,1,402
ERNA,ERNA_C2026-09-14,2026-09-14,CONTROL,2026-09-14 (session date; post time unknown),America/New_York,2026-09-14 00:00 America/New_York (bars < T; sources with record date <= T-1 or publication <= T),A_FLOAT,FLOAT_SHARES,668717,2026-08-07,S01,wl:2c33d58cbb,2026-08-07T23:04:28,unknown (vendor),2026-08-07T23:04:28,2026-08-07,point-in-time (git),1,1,HIGH,,vendor floatShares; shares_outstanding fallback not used,22,38
ERNA,ERNA_C2026-09-14,2026-09-14,CONTROL,2026-09-14 (session date; post time unknown),America/New_York,2026-09-14 00:00 America/New_York (bars < T; sources with record date <= T-1 or publication <= T),A_FLOAT,SHARES_OUTSTANDING_DEI,1632411,2026-08-06,S07,0001493152-26-036424,2026-08-06,2026-08-06,2026-10-08T23:10:07.602837+00:00,2026-08-06,point-in-time (filed),1,1,HIGH,,10-Q cover page; shares outstanding ≠ float (upper bound),63,39
ERNA,ERNA_C2026-09-14,2026-09-14,CONTROL,2026-09-14 (session date; post time unknown),America/New_York,2026-09-14 00:00 America/New_York (bars < T; sources with record date <= T-1 or publication <= T),B_SEC_OFFERING,DAYS_SINCE_LAST_OFFERING_FORM,168,2026-03-30,S07,9999999995-26-000994,2026-03-30,2026-03-31T04:15:33.000Z,2026-10-08T23:10:07.602837+00:00,2026-03-30,point-in-time (filing),1,1,HIGH,,filings before T: 1518 · offering-class forms: 114 · last form EFFECT,114,168
ERNA,ERNA_C2026-09-14,2026-09-14,CONTROL,2026-09-14 (session date; post time unknown),America/New_York,2026-09-14 00:00 America/New_York (bars < T; sources with record date <= T-1 or publication <= T),B_SEC_OFFERING,DAYS_SINCE_LAST_FINAL_PROSPECTUS,216,2026-02-10,S07,0001493152-26-005898,2026-02-10,2026-02-10T13:42:27.000Z,2026-10-08T23:10:07.602837+00:00,2026-02-10,point-in-time (filing),1,1,HIGH,,final prospectuses (424B1/B4/B5) before T: 10,10,216
ERNA,ERNA_C2026-09-14,2026-09-14,CONTROL,2026-09-14 (session date; post time unknown),America/New_York,2026-09-14 00:00 America/New_York (bars < T; sources with record date <= T-1 or publication <= T),C_BORROW,AVAILABLE_SHARES,100000,2026-08-07,S04,ctb:2026-08-07,2026-08-07,IBKR snapshot ≤ harvest,2026-08-07,2026-08-07,point-in-time snapshot,1,1,HIGH,,fee=118.47; snapshots before T: 22,22,38
ERNA,ERNA_C2026-09-14,2026-09-14,CONTROL,2026-09-14 (session date; post time unknown),America/New_York,2026-09-14 00:00 America/New_York (bars < T; sources with record date <= T-1 or publication <= T),D_SPLIT_AGE,SESSIONS_SINCE_LAST_REVERSE_SPLIT,91,2026-05-04,S06,yahoo:2026-05-04:0.04,2026-10-08,unknown (vendor); SEC confirmation: 8-K item 5.03/3.03 within 21d: 1,2026-10-08,2026-05-04,CURRENT snapshot of historical dates,1,1,HIGH,,ratio=0.04; reverse splits before T: 5 (raw 5); calendar days 133,5,133
AIFA,AIFA_C2026-09-14,2026-09-14,CONTROL,2026-09-14 (session date; post time unknown),America/New_York,2026-09-14 00:00 America/New_York (bars < T; sources with record date <= T-1 or publication <= T),A_FLOAT,FLOAT_SHARES,3917137,2026-08-14,S01,wl:5a72a9271e,2026-08-14T06:21:50,unknown (vendor),2026-08-14T06:21:50,2026-08-14,point-in-time (git),1,1,HIGH,,vendor floatShares; shares_outstanding fallback not used,28,31
AIFA,AIFA_C2026-09-14,2026-09-14,CONTROL,2026-09-14 (session date; post time unknown),America/New_York,2026-09-14 00:00 America/New_York (bars < T; sources with record date <= T-1 or publication <= T),A_FLOAT,SHARES_OUTSTANDING_DEI,6420316,2026-08-04,S07,0001213900-26-090237,2026-08-14,2026-08-14,2026-10-08T23:10:07.602837+00:00,2026-08-04,point-in-time (filed),1,1,HIGH,,10-Q cover page; shares outstanding ≠ float (upper bound),40,31
AIFA,AIFA_C2026-09-14,2026-09-14,CONTROL,2026-09-14 (session date; post time unknown),America/New_York,2026-09-14 00:00 America/New_York (bars < T; sources with record date <= T-1 or publication <= T),B_SEC_OFFERING,DAYS_SINCE_LAST_OFFERING_FORM,663,2024-11-20,S07,9999999995-24-003530,2024-11-20,2024-11-21T05:15:15.000Z,2026-10-08T23:10:07.602837+00:00,2024-11-20,point-in-time (filing),1,1,HIGH,,filings before T: 543 · offering-class forms: 34 · last form EFFECT,34,663
AIFA,AIFA_C2026-09-14,2026-09-14,CONTROL,2026-09-14 (session date; post time unknown),America/New_York,2026-09-14 00:00 America/New_York (bars < T; sources with record date <= T-1 or publication <= T),B_SEC_OFFERING,DAYS_SINCE_LAST_FINAL_PROSPECTUS,2282,2020-06-15,S07,0001213900-20-014976,2020-06-15,2020-06-15T20:02:33.000Z,2026-10-08T23:10:07.602837+00:00,2020-06-15,point-in-time (filing),1,1,HIGH,,final prospectuses (424B1/B4/B5) before T: 3,3,2282
AIFA,AIFA_C2026-09-14,2026-09-14,CONTROL,2026-09-14 (session date; post time unknown),America/New_York,2026-09-14 00:00 America/New_York (bars < T; sources with record date <= T-1 or publication <= T),C_BORROW,AVAILABLE_SHARES,,,S04/S05/S01,,,,,,,0,,NONE,NO_HISTORICAL_SOURCE,no snapshot source before T,0,
AIFA,AIFA_C2026-09-14,2026-09-14,CONTROL,2026-09-14 (session date; post time unknown),America/New_York,2026-09-14 00:00 America/New_York (bars < T; sources with record date <= T-1 or publication <= T),D_SPLIT_AGE,SESSIONS_SINCE_LAST_REVERSE_SPLIT,63,2026-06-12,S06,yahoo:2026-06-12:0.16666666666666666,2026-10-08,unknown (vendor); SEC confirmation: 8-K item 5.03/3.03 within 21d: 1,2026-10-08,2026-06-12,CURRENT snapshot of historical dates,1,1,HIGH,,ratio=0.16666666666666666; reverse splits before T: 1 (raw 1); calendar days 94,1,94
CSAI,CSAI_C2026-09-14,2026-09-14,CONTROL,2026-09-14 (session date; post time unknown),America/New_York,2026-09-14 00:00 America/New_York (bars < T; sources with record date <= T-1 or publication <= T),A_FLOAT,FLOAT_SHARES,,,S01/S02/S03,,,,,,,0,,NONE,NO_RECORD_FOUND,value exists only after T (not usable),0,
CSAI,CSAI_C2026-09-14,2026-09-14,CONTROL,2026-09-14 (session date; post time unknown),America/New_York,2026-09-14 00:00 America/New_York (bars < T; sources with record date <= T-1 or publication <= T),A_FLOAT,SHARES_OUTSTANDING_DEI,,,S07,,,,2026-10-08T23:10:07.602837+00:00,,,0,,NONE,NO_RECORD_FOUND,no dei:EntityCommonStockSharesOutstanding filed before T (foreign filers lack it),0,
CSAI,CSAI_C2026-09-14,2026-09-14,CONTROL,2026-09-14 (session date; post time unknown),America/New_York,2026-09-14 00:00 America/New_York (bars < T; sources with record date <= T-1 or publication <= T),B_SEC_OFFERING,DAYS_SINCE_LAST_OFFERING_FORM,222,2026-02-04,S07,9999999995-26-000449,2026-02-04,2026-02-05T05:15:19.000Z,2026-10-08T23:10:07.602837+00:00,2026-02-04,point-in-time (filing),1,1,HIGH,,filings before T: 233 · offering-class forms: 38 · last form EFFECT,38,222
CSAI,CSAI_C2026-09-14,2026-09-14,CONTROL,2026-09-14 (session date; post time unknown),America/New_York,2026-09-14 00:00 America/New_York (bars < T; sources with record date <= T-1 or publication <= T),B_SEC_OFFERING,DAYS_SINCE_LAST_FINAL_PROSPECTUS,572,2025-02-19,S07,0001683168-25-001090,2025-02-19,2025-02-19T11:00:19.000Z,2026-10-08T23:10:07.602837+00:00,2025-02-19,point-in-time (filing),1,1,HIGH,,final prospectuses (424B1/B4/B5) before T: 2,2,572
CSAI,CSAI_C2026-09-14,2026-09-14,CONTROL,2026-09-14 (session date; post time unknown),America/New_York,2026-09-14 00:00 America/New_York (bars < T; sources with record date <= T-1 or publication <= T),C_BORROW,AVAILABLE_SHARES,,,S04/S05/S01,,,,,,,0,,NONE,NO_RECORD_FOUND,snapshots exist only after T,0,
CSAI,CSAI_C2026-09-14,2026-09-14,CONTROL,2026-09-14 (session date; post time unknown),America/New_York,2026-09-14 00:00 America/New_York (bars < T; sources with record date <= T-1 or publication <= T),D_SPLIT_AGE,SESSIONS_SINCE_LAST_REVERSE_SPLIT,30,2026-07-31,S06,yahoo:2026-07-31:0.03333333333333333,2026-10-08,unknown (vendor); SEC confirmation: 8-K item 5.03/3.03 within 21d: 1,2026-10-08,2026-07-31,CURRENT snapshot of historical dates,1,1,HIGH,,ratio=0.03333333333333333; reverse splits before T: 1 (raw 1); calendar days 45,1,45
QCLS,QCLS_C2026-09-14,2026-09-14,CONTROL,2026-09-14 (session date; post time unknown),America/New_York,2026-09-14 00:00 America/New_York (bars < T; sources with record date <= T-1 or publication <= T),A_FLOAT,FLOAT_SHARES,8113263,2026-08-28,S02,cc:e3a920d7fd,2026-08-28T17:21:35,unknown (vendor),2026-08-28T17:21:35,2026-08-28,point-in-time (git),1,1,MEDIUM,,vendor floatShares; shares_outstanding fallback not used,1,17
QCLS,QCLS_C2026-09-14,2026-09-14,CONTROL,2026-09-14 (session date; post time unknown),America/New_York,2026-09-14 00:00 America/New_York (bars < T; sources with record date <= T-1 or publication <= T),A_FLOAT,SHARES_OUTSTANDING_DEI,8189838,2026-08-12,S07,0001493152-26-037333,2026-08-12,2026-08-12,2026-10-08T23:10:07.602837+00:00,2026-08-12,point-in-time (filed),1,1,HIGH,,10-Q cover page; shares outstanding ≠ float (upper bound),55,33
QCLS,QCLS_C2026-09-14,2026-09-14,CONTROL,2026-09-14 (session date; post time unknown),America/New_York,2026-09-14 00:00 America/New_York (bars < T; sources with record date <= T-1 or publication <= T),B_SEC_OFFERING,DAYS_SINCE_LAST_OFFERING_FORM,209,2026-02-17,S07,9999999995-26-000618,2026-02-17,2026-02-18T05:15:06.000Z,2026-10-08T23:10:07.602837+00:00,2026-02-17,point-in-time (filing),1,1,HIGH,,filings before T: 600 · offering-class forms: 66 · last form EFFECT,66,209
QCLS,QCLS_C2026-09-14,2026-09-14,CONTROL,2026-09-14 (session date; post time unknown),America/New_York,2026-09-14 00:00 America/New_York (bars < T; sources with record date <= T-1 or publication <= T),B_SEC_OFFERING,DAYS_SINCE_LAST_FINAL_PROSPECTUS,1299,2023-02-23,S07,0001493152-23-005833,2023-02-23,2023-02-23T14:00:26.000Z,2026-10-08T23:10:07.602837+00:00,2023-02-23,point-in-time (filing),1,1,HIGH,,final prospectuses (424B1/B4/B5) before T: 13,13,1299
QCLS,QCLS_C2026-09-14,2026-09-14,CONTROL,2026-09-14 (session date; post time unknown),America/New_York,2026-09-14 00:00 America/New_York (bars < T; sources with record date <= T-1 or publication <= T),C_BORROW,AVAILABLE_SHARES,,,S04/S05/S01,,,,,,,0,,NONE,NO_HISTORICAL_SOURCE,no snapshot source before T,0,
QCLS,QCLS_C2026-09-14,2026-09-14,CONTROL,2026-09-14 (session date; post time unknown),America/New_York,2026-09-14 00:00 America/New_York (bars < T; sources with record date <= T-1 or publication <= T),D_SPLIT_AGE,SESSIONS_SINCE_LAST_REVERSE_SPLIT,259,2025-09-02,S06,yahoo:2025-09-02:0.01,2026-10-08,unknown (vendor); SEC confirmation: 8-K item 5.03/3.03 within 21d: 2,2026-10-08,2025-09-02,CURRENT snapshot of historical dates,1,1,HIGH,,ratio=0.01; reverse splits before T: 5 (raw 5); calendar days 377,5,377
WKHS,WKHS_C2026-09-14,2026-09-14,CONTROL,2026-09-14 (session date; post time unknown),America/New_York,2026-09-14 00:00 America/New_York (bars < T; sources with record date <= T-1 or publication <= T),A_FLOAT,FLOAT_SHARES,,,S01/S02/S03,,,,,,,0,,NONE,NO_RECORD_FOUND,value exists only after T (not usable),0,
WKHS,WKHS_C2026-09-14,2026-09-14,CONTROL,2026-09-14 (session date; post time unknown),America/New_York,2026-09-14 00:00 America/New_York (bars < T; sources with record date <= T-1 or publication <= T),A_FLOAT,SHARES_OUTSTANDING_DEI,10928585,2026-08-10,S07,0001628280-26-056708,2026-08-13,2026-08-13,2026-10-08T23:10:07.602837+00:00,2026-08-10,point-in-time (filed),1,1,HIGH,,10-Q cover page; shares outstanding ≠ float (upper bound),66,32
WKHS,WKHS_C2026-09-14,2026-09-14,CONTROL,2026-09-14 (session date; post time unknown),America/New_York,2026-09-14 00:00 America/New_York (bars < T; sources with record date <= T-1 or publication <= T),B_SEC_OFFERING,DAYS_SINCE_LAST_OFFERING_FORM,59,2026-07-17,S07,0001628280-26-048648,2026-07-17,2026-07-17T20:05:45.000Z,2026-10-08T23:10:07.602837+00:00,2026-07-17,point-in-time (filing),1,1,HIGH,,filings before T: 1132 · offering-class forms: 63 · last form S-8,63,59
WKHS,WKHS_C2026-09-14,2026-09-14,CONTROL,2026-09-14 (session date; post time unknown),America/New_York,2026-09-14 00:00 America/New_York (bars < T; sources with record date <= T-1 or publication <= T),B_SEC_OFFERING,DAYS_SINCE_LAST_FINAL_PROSPECTUS,579,2025-02-12,S07,0001213900-25-012506,2025-02-12,2025-02-12T13:00:36.000Z,2026-10-08T23:10:07.602837+00:00,2025-02-12,point-in-time (filing),1,1,HIGH,,final prospectuses (424B1/B4/B5) before T: 28,28,579
WKHS,WKHS_C2026-09-14,2026-09-14,CONTROL,2026-09-14 (session date; post time unknown),America/New_York,2026-09-14 00:00 America/New_York (bars < T; sources with record date <= T-1 or publication <= T),C_BORROW,AVAILABLE_SHARES,,,S04/S05/S01,,,,,,,0,,NONE,NO_RECORD_FOUND,snapshots exist only after T,0,
WKHS,WKHS_C2026-09-14,2026-09-14,CONTROL,2026-09-14 (session date; post time unknown),America/New_York,2026-09-14 00:00 America/New_York (bars < T; sources with record date <= T-1 or publication <= T),D_SPLIT_AGE,SESSIONS_SINCE_LAST_REVERSE_SPLIT,191,2025-12-08,S06,yahoo:2025-12-08:0.08333333333333333,2026-10-08,unknown (vendor); SEC confirmation: 8-K item 5.03/3.03 within 21d: 3,2026-10-08,2025-12-08,CURRENT snapshot of historical dates,1,1,HIGH,,ratio=0.08333333333333333; reverse splits before T: 4 (raw 4); calendar days 280,4,280
DLXY,DLXY_C2026-09-14,2026-09-14,CONTROL,2026-09-14 (session date; post time unknown),America/New_York,2026-09-14 00:00 America/New_York (bars < T; sources with record date <= T-1 or publication <= T),A_FLOAT,FLOAT_SHARES,,,S01/S02/S03,,,,,,,0,,NONE,NO_RECORD_FOUND,value exists only after T (not usable),0,
DLXY,DLXY_C2026-09-14,2026-09-14,CONTROL,2026-09-14 (session date; post time unknown),America/New_York,2026-09-14 00:00 America/New_York (bars < T; sources with record date <= T-1 or publication <= T),A_FLOAT,SHARES_OUTSTANDING_DEI,16350000,2025-12-31,S07,0001213900-26-080179,2026-07-22,2026-07-22,2026-10-08T23:10:07.602837+00:00,2025-12-31,point-in-time (filed),1,1,HIGH,,20-F/A cover page; shares outstanding ≠ float (upper bound),3,54
DLXY,DLXY_C2026-09-14,2026-09-14,CONTROL,2026-09-14 (session date; post time unknown),America/New_York,2026-09-14 00:00 America/New_York (bars < T; sources with record date <= T-1 or publication <= T),B_SEC_OFFERING,DAYS_SINCE_LAST_OFFERING_FORM,432,2025-07-09,S07,0001213900-25-062254,2025-07-09,2025-07-09T16:41:00.000Z,2026-10-08T23:10:07.602837+00:00,2025-07-09,point-in-time (filing),1,1,HIGH,,filings before T: 59 · offering-class forms: 12 · last form 424B4,12,432
DLXY,DLXY_C2026-09-14,2026-09-14,CONTROL,2026-09-14 (session date; post time unknown),America/New_York,2026-09-14 00:00 America/New_York (bars < T; sources with record date <= T-1 or publication <= T),B_SEC_OFFERING,DAYS_SINCE_LAST_FINAL_PROSPECTUS,432,2025-07-09,S07,0001213900-25-062254,2025-07-09,2025-07-09T16:41:00.000Z,2026-10-08T23:10:07.602837+00:00,2025-07-09,point-in-time (filing),1,1,HIGH,,final prospectuses (424B1/B4/B5) before T: 1,1,432
DLXY,DLXY_C2026-09-14,2026-09-14,CONTROL,2026-09-14 (session date; post time unknown),America/New_York,2026-09-14 00:00 America/New_York (bars < T; sources with record date <= T-1 or publication <= T),C_BORROW,AVAILABLE_SHARES,,,S04/S05/S01,,,,,,,0,,NONE,NO_HISTORICAL_SOURCE,no snapshot source before T,0,
DLXY,DLXY_C2026-09-14,2026-09-14,CONTROL,2026-09-14 (session date; post time unknown),America/New_York,2026-09-14 00:00 America/New_York (bars < T; sources with record date <= T-1 or publication <= T),D_SPLIT_AGE,SESSIONS_SINCE_LAST_REVERSE_SPLIT,NO_CONFIRMED_PRIOR_REVERSE_SPLIT,,S06,,2026-10-08,,2026-10-08,,CURRENT snapshot,0,1,MEDIUM,RECORD_NOT_APPLICABLE,splits listed (any): 1; none reverse before T,0,
CPOP,CPOP_C2026-09-14,2026-09-14,CONTROL,2026-09-14 (session date; post time unknown),America/New_York,2026-09-14 00:00 America/New_York (bars < T; sources with record date <= T-1 or publication <= T),A_FLOAT,FLOAT_SHARES,,,S01/S02/S03,,,,,,,0,,NONE,NO_RECORD_FOUND,value exists only after T (not usable),0,
CPOP,CPOP_C2026-09-14,2026-09-14,CONTROL,2026-09-14 (session date; post time unknown),America/New_York,2026-09-14 00:00 America/New_York (bars < T; sources with record date <= T-1 or publication <= T),A_FLOAT,SHARES_OUTSTANDING_DEI,,,S07,,,,2026-10-08T23:10:07.602837+00:00,,,0,,NONE,NO_RECORD_FOUND,no dei:EntityCommonStockSharesOutstanding filed before T (foreign filers lack it),0,
CPOP,CPOP_C2026-09-14,2026-09-14,CONTROL,2026-09-14 (session date; post time unknown),America/New_York,2026-09-14 00:00 America/New_York (bars < T; sources with record date <= T-1 or publication <= T),B_SEC_OFFERING,DAYS_SINCE_LAST_OFFERING_FORM,91,2026-06-15,S07,0001213900-26-068569,2026-06-15,2026-06-15T14:42:01.000Z,2026-10-08T23:10:07.602837+00:00,2026-06-15,point-in-time (filing),1,1,HIGH,,filings before T: 132 · offering-class forms: 18 · last form 424B5,18,91
CPOP,CPOP_C2026-09-14,2026-09-14,CONTROL,2026-09-14 (session date; post time unknown),America/New_York,2026-09-14 00:00 America/New_York (bars < T; sources with record date <= T-1 or publication <= T),B_SEC_OFFERING,DAYS_SINCE_LAST_FINAL_PROSPECTUS,91,2026-06-15,S07,0001213900-26-068569,2026-06-15,2026-06-15T14:42:01.000Z,2026-10-08T23:10:07.602837+00:00,2026-06-15,point-in-time (filing),1,1,HIGH,,final prospectuses (424B1/B4/B5) before T: 4,4,91
CPOP,CPOP_C2026-09-14,2026-09-14,CONTROL,2026-09-14 (session date; post time unknown),America/New_York,2026-09-14 00:00 America/New_York (bars < T; sources with record date <= T-1 or publication <= T),C_BORROW,AVAILABLE_SHARES,,,S04/S05/S01,,,,,,,0,,NONE,NO_RECORD_FOUND,snapshots exist only after T,0,
CPOP,CPOP_C2026-09-14,2026-09-14,CONTROL,2026-09-14 (session date; post time unknown),America/New_York,2026-09-14 00:00 America/New_York (bars < T; sources with record date <= T-1 or publication <= T),D_SPLIT_AGE,SESSIONS_SINCE_LAST_REVERSE_SPLIT,44,2026-07-13,S06,yahoo:2026-07-13:0.1,2026-10-08,unknown (vendor); SEC confirmation: 8-K item 5.03/3.03 within 21d: 0,2026-10-08,2026-07-13,CURRENT snapshot of historical dates,0,1,MEDIUM,,ratio=0.1; reverse splits before T: 1 (raw 1); calendar days 63,1,63
CURX,CURX_C2026-09-14,2026-09-14,CONTROL,2026-09-14 (session date; post time unknown),America/New_York,2026-09-14 00:00 America/New_York (bars < T; sources with record date <= T-1 or publication <= T),A_FLOAT,FLOAT_SHARES,,,S01/S02/S03,,,,,,,0,,NONE,NO_RECORD_FOUND,value exists only after T (not usable),0,
CURX,CURX_C2026-09-14,2026-09-14,CONTROL,2026-09-14 (session date; post time unknown),America/New_York,2026-09-14 00:00 America/New_York (bars < T; sources with record date <= T-1 or publication <= T),A_FLOAT,SHARES_OUTSTANDING_DEI,31364812,2026-08-14,S07,0001493152-26-038145,2026-08-14,2026-08-14,2026-10-08T23:10:07.602837+00:00,2026-08-14,point-in-time (filed),1,1,HIGH,,10-Q cover page; shares outstanding ≠ float (upper bound),5,31
CURX,CURX_C2026-09-14,2026-09-14,CONTROL,2026-09-14 (session date; post time unknown),America/New_York,2026-09-14 00:00 America/New_York (bars < T; sources with record date <= T-1 or publication <= T),B_SEC_OFFERING,DAYS_SINCE_LAST_OFFERING_FORM,55,2026-07-21,S07,0001493152-26-034091,2026-07-21,2026-07-21T20:25:50.000Z,2026-10-08T23:10:07.602837+00:00,2026-07-21,point-in-time (filing),1,1,HIGH,,filings before T: 63 · offering-class forms: 11 · last form S-8,11,55
CURX,CURX_C2026-09-14,2026-09-14,CONTROL,2026-09-14 (session date; post time unknown),America/New_York,2026-09-14 00:00 America/New_York (bars < T; sources with record date <= T-1 or publication <= T),B_SEC_OFFERING,DAYS_SINCE_LAST_FINAL_PROSPECTUS,384,2025-08-26,S07,0001493152-25-012351,2025-08-26,2025-08-26T21:28:59.000Z,2026-10-08T23:10:07.602837+00:00,2025-08-26,point-in-time (filing),1,1,HIGH,,final prospectuses (424B1/B4/B5) before T: 2,2,384
CURX,CURX_C2026-09-14,2026-09-14,CONTROL,2026-09-14 (session date; post time unknown),America/New_York,2026-09-14 00:00 America/New_York (bars < T; sources with record date <= T-1 or publication <= T),C_BORROW,AVAILABLE_SHARES,,,S04/S05/S01,,,,,,,0,,NONE,NO_RECORD_FOUND,snapshots exist only after T,0,
CURX,CURX_C2026-09-14,2026-09-14,CONTROL,2026-09-14 (session date; post time unknown),America/New_York,2026-09-14 00:00 America/New_York (bars < T; sources with record date <= T-1 or publication <= T),D_SPLIT_AGE,SESSIONS_SINCE_LAST_REVERSE_SPLIT,16,2026-08-20,S06,yahoo:2026-08-20:0.05,2026-10-08,unknown (vendor); SEC confirmation: 8-K item 5.03/3.03 within 21d: 1,2026-10-08,2026-08-20,CURRENT snapshot of historical dates,1,1,HIGH,,ratio=0.05; reverse splits before T: 1 (raw 1); calendar days 25,1,25
FBLG,FBLG_C2026-09-14,2026-09-14,CONTROL,2026-09-14 (session date; post time unknown),America/New_York,2026-09-14 00:00 America/New_York (bars < T; sources with record date <= T-1 or publication <= T),A_FLOAT,FLOAT_SHARES,6000630,2026-08-14,S01,wl:5a72a9271e,2026-08-14T06:21:50,unknown (vendor),2026-08-14T06:21:50,2026-08-14,point-in-time (git),1,1,HIGH,,vendor floatShares; shares_outstanding fallback not used,3,31
FBLG,FBLG_C2026-09-14,2026-09-14,CONTROL,2026-09-14 (session date; post time unknown),America/New_York,2026-09-14 00:00 America/New_York (bars < T; sources with record date <= T-1 or publication <= T),A_FLOAT,SHARES_OUTSTANDING_DEI,6658193,2026-07-31,S07,0001193125-26-328454,2026-07-31,2026-07-31,2026-10-08T23:10:07.602837+00:00,2026-07-31,point-in-time (filed),1,1,HIGH,,10-Q cover page; shares outstanding ≠ float (upper bound),12,45
FBLG,FBLG_C2026-09-14,2026-09-14,CONTROL,2026-09-14 (session date; post time unknown),America/New_York,2026-09-14 00:00 America/New_York (bars < T; sources with record date <= T-1 or publication <= T),B_SEC_OFFERING,DAYS_SINCE_LAST_OFFERING_FORM,60,2026-07-16,S07,9999999995-26-002341,2026-07-16,2026-07-17T04:15:30.000Z,2026-10-08T23:10:07.602837+00:00,2026-07-16,point-in-time (filing),1,1,HIGH,,filings before T: 231 · offering-class forms: 45 · last form EFFECT,45,60
FBLG,FBLG_C2026-09-14,2026-09-14,CONTROL,2026-09-14 (session date; post time unknown),America/New_York,2026-09-14 00:00 America/New_York (bars < T; sources with record date <= T-1 or publication <= T),B_SEC_OFFERING,DAYS_SINCE_LAST_FINAL_PROSPECTUS,131,2026-05-06,S07,0001193125-26-206852,2026-05-06,2026-05-05T21:39:07.000Z,2026-10-08T23:10:07.602837+00:00,2026-05-06,point-in-time (filing),1,1,HIGH,,final prospectuses (424B1/B4/B5) before T: 10,10,131
FBLG,FBLG_C2026-09-14,2026-09-14,CONTROL,2026-09-14 (session date; post time unknown),America/New_York,2026-09-14 00:00 America/New_York (bars < T; sources with record date <= T-1 or publication <= T),C_BORROW,AVAILABLE_SHARES,,,S04/S05/S01,,,,,,,0,,NONE,NO_HISTORICAL_SOURCE,no snapshot source before T,0,
FBLG,FBLG_C2026-09-14,2026-09-14,CONTROL,2026-09-14 (session date; post time unknown),America/New_York,2026-09-14 00:00 America/New_York (bars < T; sources with record date <= T-1 or publication <= T),D_SPLIT_AGE,SESSIONS_SINCE_LAST_REVERSE_SPLIT,115,2026-03-30,S06,yahoo:2026-03-30:0.05,2026-10-08,unknown (vendor); SEC confirmation: 8-K item 5.03/3.03 within 21d: 2,2026-10-08,2026-03-30,CURRENT snapshot of historical dates,1,1,HIGH,,ratio=0.05; reverse splits before T: 1 (raw 1); calendar days 168,1,168
HTCO,HTCO_C2026-09-22,2026-09-22,CONTROL,2026-09-22 (session date; post time unknown),America/New_York,2026-09-22 00:00 America/New_York (bars < T; sources with record date <= T-1 or publication <= T),A_FLOAT,FLOAT_SHARES,3730155,2026-08-28,S01,wl:5a3efa06a0,2026-08-28T03:34:55,unknown (vendor),2026-08-28T03:34:55,2026-08-28,point-in-time (git),1,1,HIGH,,vendor floatShares; shares_outstanding fallback not used,134,25
HTCO,HTCO_C2026-09-22,2026-09-22,CONTROL,2026-09-22 (session date; post time unknown),America/New_York,2026-09-22 00:00 America/New_York (bars < T; sources with record date <= T-1 or publication <= T),A_FLOAT,SHARES_OUTSTANDING_DEI,6632441,2025-10-31,S07,0001213900-26-040491,2026-04-06,2026-04-06,2026-10-08T23:10:07.602837+00:00,2025-10-31,point-in-time (filed),1,1,HIGH,,20-F/A cover page; shares outstanding ≠ float (upper bound),5,169
HTCO,HTCO_C2026-09-22,2026-09-22,CONTROL,2026-09-22 (session date; post time unknown),America/New_York,2026-09-22 00:00 America/New_York (bars < T; sources with record date <= T-1 or publication <= T),B_SEC_OFFERING,DAYS_SINCE_LAST_OFFERING_FORM,131,2026-05-14,S07,0001213900-26-056737,2026-05-14,2026-05-14T20:45:38.000Z,2026-10-08T23:10:07.602837+00:00,2026-05-14,point-in-time (filing),1,1,HIGH,,filings before T: 121 · offering-class forms: 8 · last form 424B5,8,131
HTCO,HTCO_C2026-09-22,2026-09-22,CONTROL,2026-09-22 (session date; post time unknown),America/New_York,2026-09-22 00:00 America/New_York (bars < T; sources with record date <= T-1 or publication <= T),B_SEC_OFFERING,DAYS_SINCE_LAST_FINAL_PROSPECTUS,131,2026-05-14,S07,0001213900-26-056737,2026-05-14,2026-05-14T20:45:38.000Z,2026-10-08T23:10:07.602837+00:00,2026-05-14,point-in-time (filing),1,1,HIGH,,final prospectuses (424B1/B4/B5) before T: 1,1,131
HTCO,HTCO_C2026-09-22,2026-09-22,CONTROL,2026-09-22 (session date; post time unknown),America/New_York,2026-09-22 00:00 America/New_York (bars < T; sources with record date <= T-1 or publication <= T),C_BORROW,AVAILABLE_SHARES,150000,2026-08-21,S04,ctb:2026-08-21,2026-08-21,IBKR snapshot ≤ harvest,2026-08-21,2026-08-21,point-in-time snapshot,1,1,HIGH,,fee=110.15; snapshots before T: 1,1,32
HTCO,HTCO_C2026-09-22,2026-09-22,CONTROL,2026-09-22 (session date; post time unknown),America/New_York,2026-09-22 00:00 America/New_York (bars < T; sources with record date <= T-1 or publication <= T),D_SPLIT_AGE,SESSIONS_SINCE_LAST_REVERSE_SPLIT,281,2025-08-08,S06,yahoo:2025-08-08:0.04,2026-10-08,unknown (vendor); SEC confirmation: 8-K item 5.03/3.03 within 21d: 0,2026-10-08,2025-08-08,CURRENT snapshot of historical dates,0,1,MEDIUM,,ratio=0.04; reverse splits before T: 1 (raw 1); calendar days 410,1,410
ERNA,ERNA_C2026-09-22,2026-09-22,CONTROL,2026-09-22 (session date; post time unknown),America/New_York,2026-09-22 00:00 America/New_York (bars < T; sources with record date <= T-1 or publication <= T),A_FLOAT,FLOAT_SHARES,668717,2026-08-07,S01,wl:2c33d58cbb,2026-08-07T23:04:28,unknown (vendor),2026-08-07T23:04:28,2026-08-07,point-in-time (git),1,1,HIGH,,vendor floatShares; shares_outstanding fallback not used,22,46
ERNA,ERNA_C2026-09-22,2026-09-22,CONTROL,2026-09-22 (session date; post time unknown),America/New_York,2026-09-22 00:00 America/New_York (bars < T; sources with record date <= T-1 or publication <= T),A_FLOAT,SHARES_OUTSTANDING_DEI,1632411,2026-08-06,S07,0001493152-26-036424,2026-08-06,2026-08-06,2026-10-08T23:10:07.602837+00:00,2026-08-06,point-in-time (filed),1,1,HIGH,,10-Q cover page; shares outstanding ≠ float (upper bound),63,47
ERNA,ERNA_C2026-09-22,2026-09-22,CONTROL,2026-09-22 (session date; post time unknown),America/New_York,2026-09-22 00:00 America/New_York (bars < T; sources with record date <= T-1 or publication <= T),B_SEC_OFFERING,DAYS_SINCE_LAST_OFFERING_FORM,176,2026-03-30,S07,9999999995-26-000994,2026-03-30,2026-03-31T04:15:33.000Z,2026-10-08T23:10:07.602837+00:00,2026-03-30,point-in-time (filing),1,1,HIGH,,filings before T: 1520 · offering-class forms: 114 · last form EFFECT,114,176
ERNA,ERNA_C2026-09-22,2026-09-22,CONTROL,2026-09-22 (session date; post time unknown),America/New_York,2026-09-22 00:00 America/New_York (bars < T; sources with record date <= T-1 or publication <= T),B_SEC_OFFERING,DAYS_SINCE_LAST_FINAL_PROSPECTUS,224,2026-02-10,S07,0001493152-26-005898,2026-02-10,2026-02-10T13:42:27.000Z,2026-10-08T23:10:07.602837+00:00,2026-02-10,point-in-time (filing),1,1,HIGH,,final prospectuses (424B1/B4/B5) before T: 10,10,224
ERNA,ERNA_C2026-09-22,2026-09-22,CONTROL,2026-09-22 (session date; post time unknown),America/New_York,2026-09-22 00:00 America/New_York (bars < T; sources with record date <= T-1 or publication <= T),C_BORROW,AVAILABLE_SHARES,100000,2026-08-07,S04,ctb:2026-08-07,2026-08-07,IBKR snapshot ≤ harvest,2026-08-07,2026-08-07,point-in-time snapshot,1,1,HIGH,,fee=118.47; snapshots before T: 22,22,46
ERNA,ERNA_C2026-09-22,2026-09-22,CONTROL,2026-09-22 (session date; post time unknown),America/New_York,2026-09-22 00:00 America/New_York (bars < T; sources with record date <= T-1 or publication <= T),D_SPLIT_AGE,SESSIONS_SINCE_LAST_REVERSE_SPLIT,97,2026-05-04,S06,yahoo:2026-05-04:0.04,2026-10-08,unknown (vendor); SEC confirmation: 8-K item 5.03/3.03 within 21d: 1,2026-10-08,2026-05-04,CURRENT snapshot of historical dates,1,1,HIGH,,ratio=0.04; reverse splits before T: 5 (raw 5); calendar days 141,5,141
CSAI,CSAI_C2026-09-22,2026-09-22,CONTROL,2026-09-22 (session date; post time unknown),America/New_York,2026-09-22 00:00 America/New_York (bars < T; sources with record date <= T-1 or publication <= T),A_FLOAT,FLOAT_SHARES,,,S01/S02/S03,,,,,,,0,,NONE,NO_RECORD_FOUND,value exists only after T (not usable),0,
CSAI,CSAI_C2026-09-22,2026-09-22,CONTROL,2026-09-22 (session date; post time unknown),America/New_York,2026-09-22 00:00 America/New_York (bars < T; sources with record date <= T-1 or publication <= T),A_FLOAT,SHARES_OUTSTANDING_DEI,,,S07,,,,2026-10-08T23:10:07.602837+00:00,,,0,,NONE,NO_RECORD_FOUND,no dei:EntityCommonStockSharesOutstanding filed before T (foreign filers lack it),0,
CSAI,CSAI_C2026-09-22,2026-09-22,CONTROL,2026-09-22 (session date; post time unknown),America/New_York,2026-09-22 00:00 America/New_York (bars < T; sources with record date <= T-1 or publication <= T),B_SEC_OFFERING,DAYS_SINCE_LAST_OFFERING_FORM,230,2026-02-04,S07,9999999995-26-000449,2026-02-04,2026-02-05T05:15:19.000Z,2026-10-08T23:10:07.602837+00:00,2026-02-04,point-in-time (filing),1,1,HIGH,,filings before T: 233 · offering-class forms: 38 · last form EFFECT,38,230
CSAI,CSAI_C2026-09-22,2026-09-22,CONTROL,2026-09-22 (session date; post time unknown),America/New_York,2026-09-22 00:00 America/New_York (bars < T; sources with record date <= T-1 or publication <= T),B_SEC_OFFERING,DAYS_SINCE_LAST_FINAL_PROSPECTUS,580,2025-02-19,S07,0001683168-25-001090,2025-02-19,2025-02-19T11:00:19.000Z,2026-10-08T23:10:07.602837+00:00,2025-02-19,point-in-time (filing),1,1,HIGH,,final prospectuses (424B1/B4/B5) before T: 2,2,580
CSAI,CSAI_C2026-09-22,2026-09-22,CONTROL,2026-09-22 (session date; post time unknown),America/New_York,2026-09-22 00:00 America/New_York (bars < T; sources with record date <= T-1 or publication <= T),C_BORROW,AVAILABLE_SHARES,,,S04/S05/S01,,,,,,,0,,NONE,NO_RECORD_FOUND,snapshots exist only after T,0,
CSAI,CSAI_C2026-09-22,2026-09-22,CONTROL,2026-09-22 (session date; post time unknown),America/New_York,2026-09-22 00:00 America/New_York (bars < T; sources with record date <= T-1 or publication <= T),D_SPLIT_AGE,SESSIONS_SINCE_LAST_REVERSE_SPLIT,36,2026-07-31,S06,yahoo:2026-07-31:0.03333333333333333,2026-10-08,unknown (vendor); SEC confirmation: 8-K item 5.03/3.03 within 21d: 1,2026-10-08,2026-07-31,CURRENT snapshot of historical dates,1,1,HIGH,,ratio=0.03333333333333333; reverse splits before T: 1 (raw 1); calendar days 53,1,53
TDIC,TDIC_C2026-09-22,2026-09-22,CONTROL,2026-09-22 (session date; post time unknown),America/New_York,2026-09-22 00:00 America/New_York (bars < T; sources with record date <= T-1 or publication <= T),A_FLOAT,FLOAT_SHARES,2432379,2026-09-16,S01,wl:7d7d039807,2026-09-16T01:30:25,unknown (vendor),2026-09-16T01:30:25,2026-09-16,point-in-time (git),1,1,HIGH,,vendor floatShares; shares_outstanding fallback not used,8,6
TDIC,TDIC_C2026-09-22,2026-09-22,CONTROL,2026-09-22 (session date; post time unknown),America/New_York,2026-09-22 00:00 America/New_York (bars < T; sources with record date <= T-1 or publication <= T),A_FLOAT,SHARES_OUTSTANDING_DEI,28660000,2025-03-31,S07,0001641172-25-022328,2025-08-06,2025-08-06,2026-10-08T23:10:07.602837+00:00,2025-03-31,point-in-time (filed),1,1,HIGH,,20-F cover page; shares outstanding ≠ float (upper bound),1,412
TDIC,TDIC_C2026-09-22,2026-09-22,CONTROL,2026-09-22 (session date; post time unknown),America/New_York,2026-09-22 00:00 America/New_York (bars < T; sources with record date <= T-1 or publication <= T),B_SEC_OFFERING,DAYS_SINCE_LAST_OFFERING_FORM,134,2026-05-11,S07,9999999995-26-001579,2026-05-11,2026-05-12T04:15:15.000Z,2026-10-08T23:10:07.602837+00:00,2026-05-11,point-in-time (filing),1,1,HIGH,,filings before T: 74 · offering-class forms: 14 · last form EFFECT,14,134
TDIC,TDIC_C2026-09-22,2026-09-22,CONTROL,2026-09-22 (session date; post time unknown),America/New_York,2026-09-22 00:00 America/New_York (bars < T; sources with record date <= T-1 or publication <= T),B_SEC_OFFERING,DAYS_SINCE_LAST_FINAL_PROSPECTUS,152,2026-04-23,S07,0001493152-26-018678,2026-04-23,2026-04-23T16:27:13.000Z,2026-10-08T23:10:07.602837+00:00,2026-04-23,point-in-time (filing),1,1,HIGH,,final prospectuses (424B1/B4/B5) before T: 2,2,152
TDIC,TDIC_C2026-09-22,2026-09-22,CONTROL,2026-09-22 (session date; post time unknown),America/New_York,2026-09-22 00:00 America/New_York (bars < T; sources with record date <= T-1 or publication <= T),C_BORROW,AVAILABLE_SHARES,9000,2026-09-16,S01,wl:7d7d039807,2026-09-16,IBKR snapshot ≤ harvest,2026-09-16,2026-09-16,point-in-time snapshot,1,1,HIGH,,fee=200.4; snapshots before T: 7,7,6
TDIC,TDIC_C2026-09-22,2026-09-22,CONTROL,2026-09-22 (session date; post time unknown),America/New_York,2026-09-22 00:00 America/New_York (bars < T; sources with record date <= T-1 or publication <= T),D_SPLIT_AGE,SESSIONS_SINCE_LAST_REVERSE_SPLIT,68,2026-06-15,S06,yahoo:2026-06-15:0.04,2026-10-08,unknown (vendor); SEC confirmation: 8-K item 5.03/3.03 within 21d: 0,2026-10-08,2026-06-15,CURRENT snapshot of historical dates,0,1,MEDIUM,,ratio=0.04; reverse splits before T: 2 (raw 2); calendar days 99,2,99
AZI,AZI_C2026-09-22,2026-09-22,CONTROL,2026-09-22 (session date; post time unknown),America/New_York,2026-09-22 00:00 America/New_York (bars < T; sources with record date <= T-1 or publication <= T),A_FLOAT,FLOAT_SHARES,1729957,2026-08-11,S01,wl:d94ecba3d7,2026-08-11T20:37:59,unknown (vendor),2026-08-11T20:37:59,2026-08-11,point-in-time (git),1,1,HIGH,,vendor floatShares; shares_outstanding fallback not used,12,42
AZI,AZI_C2026-09-22,2026-09-22,CONTROL,2026-09-22 (session date; post time unknown),America/New_York,2026-09-22 00:00 America/New_York (bars < T; sources with record date <= T-1 or publication <= T),A_FLOAT,SHARES_OUTSTANDING_DEI,,,S07,,,,2026-10-08T23:10:07.602837+00:00,,,0,,NONE,NO_RECORD_FOUND,no dei:EntityCommonStockSharesOutstanding filed before T (foreign filers lack it),0,
AZI,AZI_C2026-09-22,2026-09-22,CONTROL,2026-09-22 (session date; post time unknown),America/New_York,2026-09-22 00:00 America/New_York (bars < T; sources with record date <= T-1 or publication <= T),B_SEC_OFFERING,DAYS_SINCE_LAST_OFFERING_FORM,189,2026-03-17,S07,9999999995-26-000840,2026-03-17,2026-03-18T04:15:10.000Z,2026-10-08T23:10:07.602837+00:00,2026-03-17,point-in-time (filing),1,1,HIGH,,filings before T: 130 · offering-class forms: 22 · last form EFFECT,22,189
AZI,AZI_C2026-09-22,2026-09-22,CONTROL,2026-09-22 (session date; post time unknown),America/New_York,2026-09-22 00:00 America/New_York (bars < T; sources with record date <= T-1 or publication <= T),B_SEC_OFFERING,DAYS_SINCE_LAST_FINAL_PROSPECTUS,755,2024-08-28,S07,0001193125-24-208231,2024-08-28,2024-08-28T10:58:16.000Z,2026-10-08T23:10:07.602837+00:00,2024-08-28,point-in-time (filing),1,1,HIGH,,final prospectuses (424B1/B4/B5) before T: 1,1,755
AZI,AZI_C2026-09-22,2026-09-22,CONTROL,2026-09-22 (session date; post time unknown),America/New_York,2026-09-22 00:00 America/New_York (bars < T; sources with record date <= T-1 or publication <= T),C_BORROW,AVAILABLE_SHARES,25000,2026-09-19,S04,ctb:2026-09-19,2026-09-19,IBKR snapshot ≤ harvest,2026-09-19,2026-09-19,point-in-time snapshot,1,1,HIGH,,fee=49.82; snapshots before T: 39,39,3
AZI,AZI_C2026-09-22,2026-09-22,CONTROL,2026-09-22 (session date; post time unknown),America/New_York,2026-09-22 00:00 America/New_York (bars < T; sources with record date <= T-1 or publication <= T),D_SPLIT_AGE,SESSIONS_SINCE_LAST_REVERSE_SPLIT,126,2026-03-23,S06,yahoo:2026-03-23:0.1,2026-10-08,unknown (vendor); SEC confirmation: 8-K item 5.03/3.03 within 21d: 0,2026-10-08,2026-03-23,CURRENT snapshot of historical dates,0,1,MEDIUM,,ratio=0.1; reverse splits before T: 2 (raw 2); calendar days 183,2,183
BNKK,BNKK_C2026-09-22,2026-09-22,CONTROL,2026-09-22 (session date; post time unknown),America/New_York,2026-09-22 00:00 America/New_York (bars < T; sources with record date <= T-1 or publication <= T),A_FLOAT,FLOAT_SHARES,4908897,2026-08-16,S02,cc:06efdffcb2,2026-08-16T16:58:12,unknown (vendor),2026-08-16T16:58:12,2026-08-16,point-in-time (git),1,1,MEDIUM,,vendor floatShares; shares_outstanding fallback not used,2,37
BNKK,BNKK_C2026-09-22,2026-09-22,CONTROL,2026-09-22 (session date; post time unknown),America/New_York,2026-09-22 00:00 America/New_York (bars < T; sources with record date <= T-1 or publication <= T),A_FLOAT,SHARES_OUTSTANDING_DEI,8000940,2026-08-14,S07,0001493152-26-038241,2026-08-14,2026-08-14,2026-10-08T23:10:07.602837+00:00,2026-08-14,point-in-time (filed),1,1,HIGH,,10-Q cover page; shares outstanding ≠ float (upper bound),25,39
BNKK,BNKK_C2026-09-22,2026-09-22,CONTROL,2026-09-22 (session date; post time unknown),America/New_York,2026-09-22 00:00 America/New_York (bars < T; sources with record date <= T-1 or publication <= T),B_SEC_OFFERING,DAYS_SINCE_LAST_OFFERING_FORM,144,2026-05-01,S07,9999999995-26-001439,2026-05-01,2026-05-04T04:15:33.000Z,2026-10-08T23:10:07.602837+00:00,2026-05-01,point-in-time (filing),1,1,HIGH,,filings before T: 602 · offering-class forms: 68 · last form EFFECT,68,144
BNKK,BNKK_C2026-09-22,2026-09-22,CONTROL,2026-09-22 (session date; post time unknown),America/New_York,2026-09-22 00:00 America/New_York (bars < T; sources with record date <= T-1 or publication <= T),B_SEC_OFFERING,DAYS_SINCE_LAST_FINAL_PROSPECTUS,389,2025-08-29,S07,0001641172-25-025941,2025-08-29,2025-08-29T18:22:25.000Z,2026-10-08T23:10:07.602837+00:00,2025-08-29,point-in-time (filing),1,1,HIGH,,final prospectuses (424B1/B4/B5) before T: 18,18,389
BNKK,BNKK_C2026-09-22,2026-09-22,CONTROL,2026-09-22 (session date; post time unknown),America/New_York,2026-09-22 00:00 America/New_York (bars < T; sources with record date <= T-1 or publication <= T),C_BORROW,AVAILABLE_SHARES,,,S04/S05/S01,,,,,,,0,,NONE,NO_HISTORICAL_SOURCE,no snapshot source before T,0,
BNKK,BNKK_C2026-09-22,2026-09-22,CONTROL,2026-09-22 (session date; post time unknown),America/New_York,2026-09-22 00:00 America/New_York (bars < T; sources with record date <= T-1 or publication <= T),D_SPLIT_AGE,SESSIONS_SINCE_LAST_REVERSE_SPLIT,194,2025-12-11,S06,yahoo:2025-12-11:0.02857142857142857,2026-10-08,unknown (vendor); SEC confirmation: 8-K item 5.03/3.03 within 21d: 1,2026-10-08,2025-12-11,CURRENT snapshot of historical dates,1,1,HIGH,,ratio=0.02857142857142857; reverse splits before T: 1 (raw 1); calendar days 285,1,285
LFS,LFS_C2026-09-22,2026-09-22,CONTROL,2026-09-22 (session date; post time unknown),America/New_York,2026-09-22 00:00 America/New_York (bars < T; sources with record date <= T-1 or publication <= T),A_FLOAT,FLOAT_SHARES,6594046,2026-09-21,S01,wl:23dd32a443,2026-09-21T20:07:20,unknown (vendor),2026-09-21T20:07:20,2026-09-21,point-in-time (git),1,1,HIGH,,vendor floatShares; shares_outstanding fallback not used,249,1
LFS,LFS_C2026-09-22,2026-09-22,CONTROL,2026-09-22 (session date; post time unknown),America/New_York,2026-09-22 00:00 America/New_York (bars < T; sources with record date <= T-1 or publication <= T),A_FLOAT,SHARES_OUTSTANDING_DEI,26160619,2025-12-31,S07,0001829126-26-003281,2026-04-08,2026-04-08,2026-10-08T23:10:07.602837+00:00,2025-12-31,point-in-time (filed),1,1,HIGH,,20-F cover page; shares outstanding ≠ float (upper bound),1,167
LFS,LFS_C2026-09-22,2026-09-22,CONTROL,2026-09-22 (session date; post time unknown),America/New_York,2026-09-22 00:00 America/New_York (bars < T; sources with record date <= T-1 or publication <= T),B_SEC_OFFERING,DAYS_SINCE_LAST_OFFERING_FORM,347,2025-10-10,S07,0001829126-25-008019,2025-10-10,2025-10-10T11:50:43.000Z,2026-10-08T23:10:07.602837+00:00,2025-10-10,point-in-time (filing),1,1,HIGH,,filings before T: 67 · offering-class forms: 10 · last form 424B4,10,347
LFS,LFS_C2026-09-22,2026-09-22,CONTROL,2026-09-22 (session date; post time unknown),America/New_York,2026-09-22 00:00 America/New_York (bars < T; sources with record date <= T-1 or publication <= T),B_SEC_OFFERING,DAYS_SINCE_LAST_FINAL_PROSPECTUS,347,2025-10-10,S07,0001829126-25-008019,2025-10-10,2025-10-10T11:50:43.000Z,2026-10-08T23:10:07.602837+00:00,2025-10-10,point-in-time (filing),1,1,HIGH,,final prospectuses (424B1/B4/B5) before T: 1,1,347
LFS,LFS_C2026-09-22,2026-09-22,CONTROL,2026-09-22 (session date; post time unknown),America/New_York,2026-09-22 00:00 America/New_York (bars < T; sources with record date <= T-1 or publication <= T),C_BORROW,AVAILABLE_SHARES,80000,2026-09-21,S01,wl:23dd32a443,2026-09-21,IBKR snapshot ≤ harvest,2026-09-21,2026-09-21,point-in-time snapshot,1,1,HIGH,,fee=176.96; snapshots before T: 246,246,1
LFS,LFS_C2026-09-22,2026-09-22,CONTROL,2026-09-22 (session date; post time unknown),America/New_York,2026-09-22 00:00 America/New_York (bars < T; sources with record date <= T-1 or publication <= T),D_SPLIT_AGE,SESSIONS_SINCE_LAST_REVERSE_SPLIT,NO_CONFIRMED_PRIOR_REVERSE_SPLIT,,S06,,2026-10-08,,2026-10-08,,CURRENT snapshot,0,1,MEDIUM,RECORD_NOT_APPLICABLE,splits listed (any): 0; none reverse before T,0,
CRVO,CRVO_C2026-09-22,2026-09-22,CONTROL,2026-09-22 (session date; post time unknown),America/New_York,2026-09-22 00:00 America/New_York (bars < T; sources with record date <= T-1 or publication <= T),A_FLOAT,FLOAT_SHARES,9604406,2026-09-21,S01,wl:23dd32a443,2026-09-21T20:07:20,unknown (vendor),2026-09-21T20:07:20,2026-09-21,point-in-time (git),1,1,HIGH,,vendor floatShares; shares_outstanding fallback not used,36,1
CRVO,CRVO_C2026-09-22,2026-09-22,CONTROL,2026-09-22 (session date; post time unknown),America/New_York,2026-09-22 00:00 America/New_York (bars < T; sources with record date <= T-1 or publication <= T),A_FLOAT,SHARES_OUTSTANDING_DEI,15119096,2026-08-06,S07,0001437749-26-026592,2026-08-07,2026-08-07,2026-10-08T23:10:07.602837+00:00,2026-08-06,point-in-time (filed),1,1,HIGH,,10-Q cover page; shares outstanding ≠ float (upper bound),60,46
CRVO,CRVO_C2026-09-22,2026-09-22,CONTROL,2026-09-22 (session date; post time unknown),America/New_York,2026-09-22 00:00 America/New_York (bars < T; sources with record date <= T-1 or publication <= T),B_SEC_OFFERING,DAYS_SINCE_LAST_OFFERING_FORM,46,2026-08-07,S07,0001437749-26-026605,2026-08-07,2026-08-07T20:54:50.000Z,2026-10-08T23:10:07.602837+00:00,2026-08-07,point-in-time (filing),1,1,HIGH,,filings before T: 995 · offering-class forms: 96 · last form S-8,96,46
CRVO,CRVO_C2026-09-22,2026-09-22,CONTROL,2026-09-22 (session date; post time unknown),America/New_York,2026-09-22 00:00 America/New_York (bars < T; sources with record date <= T-1 or publication <= T),B_SEC_OFFERING,DAYS_SINCE_LAST_FINAL_PROSPECTUS,92,2026-06-22,S07,0001437749-26-021218,2026-06-22,2026-06-22T10:16:15.000Z,2026-10-08T23:10:07.602837+00:00,2026-06-22,point-in-time (filing),1,1,HIGH,,final prospectuses (424B1/B4/B5) before T: 10,10,92
CRVO,CRVO_C2026-09-22,2026-09-22,CONTROL,2026-09-22 (session date; post time unknown),America/New_York,2026-09-22 00:00 America/New_York (bars < T; sources with record date <= T-1 or publication <= T),C_BORROW,AVAILABLE_SHARES,85000,2026-09-21,S01,wl:23dd32a443,2026-09-21,IBKR snapshot ≤ harvest,2026-09-21,2026-09-21,point-in-time snapshot,1,1,HIGH,,fee=47.38; snapshots before T: 12,12,1
CRVO,CRVO_C2026-09-22,2026-09-22,CONTROL,2026-09-22 (session date; post time unknown),America/New_York,2026-09-22 00:00 America/New_York (bars < T; sources with record date <= T-1 or publication <= T),D_SPLIT_AGE,SESSIONS_SINCE_LAST_REVERSE_SPLIT,430,2023-08-17,S06,yahoo:2023-08-17:0.6666666666666666,2026-10-08,unknown (vendor); SEC confirmation: 8-K item 5.03/3.03 within 21d: 1,2026-10-08,2023-08-17,CURRENT snapshot of historical dates,1,1,HIGH,,ratio=0.6666666666666666; reverse splits before T: 5 (raw 5); calendar days 1132,5,1132
WKHS,WKHS_C2026-09-22,2026-09-22,CONTROL,2026-09-22 (session date; post time unknown),America/New_York,2026-09-22 00:00 America/New_York (bars < T; sources with record date <= T-1 or publication <= T),A_FLOAT,FLOAT_SHARES,,,S01/S02/S03,,,,,,,0,,NONE,NO_RECORD_FOUND,value exists only after T (not usable),0,
WKHS,WKHS_C2026-09-22,2026-09-22,CONTROL,2026-09-22 (session date; post time unknown),America/New_York,2026-09-22 00:00 America/New_York (bars < T; sources with record date <= T-1 or publication <= T),A_FLOAT,SHARES_OUTSTANDING_DEI,10928585,2026-08-10,S07,0001628280-26-056708,2026-08-13,2026-08-13,2026-10-08T23:10:07.602837+00:00,2026-08-10,point-in-time (filed),1,1,HIGH,,10-Q cover page; shares outstanding ≠ float (upper bound),66,40
WKHS,WKHS_C2026-09-22,2026-09-22,CONTROL,2026-09-22 (session date; post time unknown),America/New_York,2026-09-22 00:00 America/New_York (bars < T; sources with record date <= T-1 or publication <= T),B_SEC_OFFERING,DAYS_SINCE_LAST_OFFERING_FORM,67,2026-07-17,S07,0001628280-26-048648,2026-07-17,2026-07-17T20:05:45.000Z,2026-10-08T23:10:07.602837+00:00,2026-07-17,point-in-time (filing),1,1,HIGH,,filings before T: 1132 · offering-class forms: 63 · last form S-8,63,67
WKHS,WKHS_C2026-09-22,2026-09-22,CONTROL,2026-09-22 (session date; post time unknown),America/New_York,2026-09-22 00:00 America/New_York (bars < T; sources with record date <= T-1 or publication <= T),B_SEC_OFFERING,DAYS_SINCE_LAST_FINAL_PROSPECTUS,587,2025-02-12,S07,0001213900-25-012506,2025-02-12,2025-02-12T13:00:36.000Z,2026-10-08T23:10:07.602837+00:00,2025-02-12,point-in-time (filing),1,1,HIGH,,final prospectuses (424B1/B4/B5) before T: 28,28,587
WKHS,WKHS_C2026-09-22,2026-09-22,CONTROL,2026-09-22 (session date; post time unknown),America/New_York,2026-09-22 00:00 America/New_York (bars < T; sources with record date <= T-1 or publication <= T),C_BORROW,AVAILABLE_SHARES,,,S04/S05/S01,,,,,,,0,,NONE,NO_RECORD_FOUND,snapshots exist only after T,0,
WKHS,WKHS_C2026-09-22,2026-09-22,CONTROL,2026-09-22 (session date; post time unknown),America/New_York,2026-09-22 00:00 America/New_York (bars < T; sources with record date <= T-1 or publication <= T),D_SPLIT_AGE,SESSIONS_SINCE_LAST_REVERSE_SPLIT,197,2025-12-08,S06,yahoo:2025-12-08:0.08333333333333333,2026-10-08,unknown (vendor); SEC confirmation: 8-K item 5.03/3.03 within 21d: 3,2026-10-08,2025-12-08,CURRENT snapshot of historical dates,1,1,HIGH,,ratio=0.08333333333333333; reverse splits before T: 4 (raw 4); calendar days 288,4,288
ATCX,ATCX_C2026-09-22,2026-09-22,CONTROL,2026-09-22 (session date; post time unknown),America/New_York,2026-09-22 00:00 America/New_York (bars < T; sources with record date <= T-1 or publication <= T),A_FLOAT,FLOAT_SHARES,,,S01/S02/S03,,,,,,,0,,NONE,NO_HISTORICAL_SOURCE,no bot record,0,
ATCX,ATCX_C2026-09-22,2026-09-22,CONTROL,2026-09-22 (session date; post time unknown),America/New_York,2026-09-22 00:00 America/New_York (bars < T; sources with record date <= T-1 or publication <= T),A_FLOAT,SHARES_OUTSTANDING_DEI,3474972,2025-12-31,S07,0001493152-26-007592,2026-02-20,2026-02-20,2026-10-08T23:10:07.602837+00:00,2025-12-31,point-in-time (filed),1,1,HIGH,,20-F cover page; shares outstanding ≠ float (upper bound),10,214
ATCX,ATCX_C2026-09-22,2026-09-22,CONTROL,2026-09-22 (session date; post time unknown),America/New_York,2026-09-22 00:00 America/New_York (bars < T; sources with record date <= T-1 or publication <= T),B_SEC_OFFERING,DAYS_SINCE_LAST_OFFERING_FORM,253,2026-01-12,S07,0001493152-26-001253,2026-01-12,2026-01-12T19:29:03.000Z,2026-10-08T23:10:07.602837+00:00,2026-01-12,point-in-time (filing),1,1,HIGH,,filings before T: 93 · offering-class forms: 13 · last form 424B4,13,253
ATCX,ATCX_C2026-09-22,2026-09-22,CONTROL,2026-09-22 (session date; post time unknown),America/New_York,2026-09-22 00:00 America/New_York (bars < T; sources with record date <= T-1 or publication <= T),B_SEC_OFFERING,DAYS_SINCE_LAST_FINAL_PROSPECTUS,253,2026-01-12,S07,0001493152-26-001253,2026-01-12,2026-01-12T19:29:03.000Z,2026-10-08T23:10:07.602837+00:00,2026-01-12,point-in-time (filing),1,1,HIGH,,final prospectuses (424B1/B4/B5) before T: 2,2,253
ATCX,ATCX_C2026-09-22,2026-09-22,CONTROL,2026-09-22 (session date; post time unknown),America/New_York,2026-09-22 00:00 America/New_York (bars < T; sources with record date <= T-1 or publication <= T),C_BORROW,AVAILABLE_SHARES,,,S04/S05/S01,,,,,,,0,,NONE,NO_RECORD_FOUND,snapshots exist only after T,0,
ATCX,ATCX_C2026-09-22,2026-09-22,CONTROL,2026-09-22 (session date; post time unknown),America/New_York,2026-09-22 00:00 America/New_York (bars < T; sources with record date <= T-1 or publication <= T),D_SPLIT_AGE,SESSIONS_SINCE_LAST_REVERSE_SPLIT,NO_CONFIRMED_PRIOR_REVERSE_SPLIT,,S06,,2026-10-08,,2026-10-08,,CURRENT snapshot,0,1,MEDIUM,RECORD_NOT_APPLICABLE,splits listed (any): 0; none reverse before T,0,
BRNX,BRNX_C2026-09-23,2026-09-23,CONTROL,2026-09-23 (session date; post time unknown),America/New_York,2026-09-23 00:00 America/New_York (bars < T; sources with record date <= T-1 or publication <= T),A_FLOAT,FLOAT_SHARES,23843,2026-09-22,S01,wl:8e2aa6e7e8,2026-09-22T20:34:05,unknown (vendor),2026-09-22T20:34:05,2026-09-22,point-in-time (git),1,1,HIGH,,vendor floatShares; shares_outstanding fallback not used,66,1
BRNX,BRNX_C2026-09-23,2026-09-23,CONTROL,2026-09-23 (session date; post time unknown),America/New_York,2026-09-23 00:00 America/New_York (bars < T; sources with record date <= T-1 or publication <= T),A_FLOAT,SHARES_OUTSTANDING_DEI,715852,2025-12-31,S07,0001213900-26-034046,2026-03-25,2026-03-25,2026-10-08T23:10:07.602837+00:00,2025-12-31,point-in-time (filed),1,1,HIGH,,20-F cover page; shares outstanding ≠ float (upper bound),4,182
BRNX,BRNX_C2026-09-23,2026-09-23,CONTROL,2026-09-23 (session date; post time unknown),America/New_York,2026-09-23 00:00 America/New_York (bars < T; sources with record date <= T-1 or publication <= T),B_SEC_OFFERING,DAYS_SINCE_LAST_OFFERING_FORM,14,2026-09-09,S07,9999999995-26-002926,2026-09-09,2026-09-10T19:05:16.000Z,2026-10-08T23:10:07.602837+00:00,2026-09-09,point-in-time (filing),1,1,HIGH,,filings before T: 299 · offering-class forms: 51 · last form EFFECT,51,14
BRNX,BRNX_C2026-09-23,2026-09-23,CONTROL,2026-09-23 (session date; post time unknown),America/New_York,2026-09-23 00:00 America/New_York (bars < T; sources with record date <= T-1 or publication <= T),B_SEC_OFFERING,DAYS_SINCE_LAST_FINAL_PROSPECTUS,471,2025-06-09,S07,0001213900-25-052332,2025-06-09,2025-06-09T16:25:27.000Z,2026-10-08T23:10:07.602837+00:00,2025-06-09,point-in-time (filing),1,1,HIGH,,final prospectuses (424B1/B4/B5) before T: 4,4,471
BRNX,BRNX_C2026-09-23,2026-09-23,CONTROL,2026-09-23 (session date; post time unknown),America/New_York,2026-09-23 00:00 America/New_York (bars < T; sources with record date <= T-1 or publication <= T),C_BORROW,AVAILABLE_SHARES,,,S04/S05/S01,,,,,,,0,,NONE,NO_RECORD_FOUND,snapshots exist only after T,0,
BRNX,BRNX_C2026-09-23,2026-09-23,CONTROL,2026-09-23 (session date; post time unknown),America/New_York,2026-09-23 00:00 America/New_York (bars < T; sources with record date <= T-1 or publication <= T),D_SPLIT_AGE,SESSIONS_SINCE_LAST_REVERSE_SPLIT,28,2026-08-13,S06,yahoo:2026-08-13:0.16666666666666666,2026-10-08,unknown (vendor); SEC confirmation: 8-K item 5.03/3.03 within 21d: 0,2026-10-08,2026-08-13,CURRENT snapshot of historical dates,0,1,MEDIUM,,ratio=0.16666666666666666; reverse splits before T: 5 (raw 5); calendar days 41,5,41
CPOP,CPOP_C2026-09-23,2026-09-23,CONTROL,2026-09-23 (session date; post time unknown),America/New_York,2026-09-23 00:00 America/New_York (bars < T; sources with record date <= T-1 or publication <= T),A_FLOAT,FLOAT_SHARES,,,S01/S02/S03,,,,,,,0,,NONE,NO_RECORD_FOUND,value exists only after T (not usable),0,
CPOP,CPOP_C2026-09-23,2026-09-23,CONTROL,2026-09-23 (session date; post time unknown),America/New_York,2026-09-23 00:00 America/New_York (bars < T; sources with record date <= T-1 or publication <= T),A_FLOAT,SHARES_OUTSTANDING_DEI,,,S07,,,,2026-10-08T23:10:07.602837+00:00,,,0,,NONE,NO_RECORD_FOUND,no dei:EntityCommonStockSharesOutstanding filed before T (foreign filers lack it),0,
CPOP,CPOP_C2026-09-23,2026-09-23,CONTROL,2026-09-23 (session date; post time unknown),America/New_York,2026-09-23 00:00 America/New_York (bars < T; sources with record date <= T-1 or publication <= T),B_SEC_OFFERING,DAYS_SINCE_LAST_OFFERING_FORM,100,2026-06-15,S07,0001213900-26-068569,2026-06-15,2026-06-15T14:42:01.000Z,2026-10-08T23:10:07.602837+00:00,2026-06-15,point-in-time (filing),1,1,HIGH,,filings before T: 133 · offering-class forms: 18 · last form 424B5,18,100
CPOP,CPOP_C2026-09-23,2026-09-23,CONTROL,2026-09-23 (session date; post time unknown),America/New_York,2026-09-23 00:00 America/New_York (bars < T; sources with record date <= T-1 or publication <= T),B_SEC_OFFERING,DAYS_SINCE_LAST_FINAL_PROSPECTUS,100,2026-06-15,S07,0001213900-26-068569,2026-06-15,2026-06-15T14:42:01.000Z,2026-10-08T23:10:07.602837+00:00,2026-06-15,point-in-time (filing),1,1,HIGH,,final prospectuses (424B1/B4/B5) before T: 4,4,100
CPOP,CPOP_C2026-09-23,2026-09-23,CONTROL,2026-09-23 (session date; post time unknown),America/New_York,2026-09-23 00:00 America/New_York (bars < T; sources with record date <= T-1 or publication <= T),C_BORROW,AVAILABLE_SHARES,,,S04/S05/S01,,,,,,,0,,NONE,NO_RECORD_FOUND,snapshots exist only after T,0,
CPOP,CPOP_C2026-09-23,2026-09-23,CONTROL,2026-09-23 (session date; post time unknown),America/New_York,2026-09-23 00:00 America/New_York (bars < T; sources with record date <= T-1 or publication <= T),D_SPLIT_AGE,SESSIONS_SINCE_LAST_REVERSE_SPLIT,7,2026-09-14,S06,yahoo:2026-09-14:0.06666666666666667,2026-10-08,unknown (vendor); SEC confirmation: 8-K item 5.03/3.03 within 21d: 0,2026-10-08,2026-09-14,CURRENT snapshot of historical dates,0,1,MEDIUM,,ratio=0.06666666666666667; reverse splits before T: 2 (raw 2); calendar days 9,2,9
YDES,YDES_C2026-09-23,2026-09-23,CONTROL,2026-09-23 (session date; post time unknown),America/New_York,2026-09-23 00:00 America/New_York (bars < T; sources with record date <= T-1 or publication <= T),A_FLOAT,FLOAT_SHARES,319740,2026-09-02,S01,wl:cfced571af,2026-09-02T16:54:36,unknown (vendor),2026-09-02T16:54:36,2026-09-02,point-in-time (git),1,1,HIGH,,vendor floatShares; shares_outstanding fallback not used,57,21
YDES,YDES_C2026-09-23,2026-09-23,CONTROL,2026-09-23 (session date; post time unknown),America/New_York,2026-09-23 00:00 America/New_York (bars < T; sources with record date <= T-1 or publication <= T),A_FLOAT,SHARES_OUTSTANDING_DEI,70789261,2025-12-31,S07,0001213900-26-050282,2026-04-30,2026-04-30,2026-10-08T23:10:07.602837+00:00,2025-12-31,point-in-time (filed),1,1,HIGH,,20-F cover page; shares outstanding ≠ float (upper bound),1,146
YDES,YDES_C2026-09-23,2026-09-23,CONTROL,2026-09-23 (session date; post time unknown),America/New_York,2026-09-23 00:00 America/New_York (bars < T; sources with record date <= T-1 or publication <= T),B_SEC_OFFERING,DAYS_SINCE_LAST_OFFERING_FORM,22,2026-09-01,S07,0001213900-26-095816,2026-09-01,2026-09-01T01:38:35.000Z,2026-10-08T23:10:07.602837+00:00,2026-09-01,point-in-time (filing),1,1,HIGH,,filings before T: 78 · offering-class forms: 11 · last form 424B3,11,22
YDES,YDES_C2026-09-23,2026-09-23,CONTROL,2026-09-23 (session date; post time unknown),America/New_York,2026-09-23 00:00 America/New_York (bars < T; sources with record date <= T-1 or publication <= T),B_SEC_OFFERING,DAYS_SINCE_LAST_FINAL_PROSPECTUS,,,S07,,,,2026-10-08T23:10:07.602837+00:00,,point-in-time (filing),1,1,HIGH,,final prospectuses (424B1/B4/B5) before T: 0,0,
YDES,YDES_C2026-09-23,2026-09-23,CONTROL,2026-09-23 (session date; post time unknown),America/New_York,2026-09-23 00:00 America/New_York (bars < T; sources with record date <= T-1 or publication <= T),C_BORROW,AVAILABLE_SHARES,,,S04/S05/S01,,,,,,,0,,NONE,NO_RECORD_FOUND,snapshots exist only after T,0,
YDES,YDES_C2026-09-23,2026-09-23,CONTROL,2026-09-23 (session date; post time unknown),America/New_York,2026-09-23 00:00 America/New_York (bars < T; sources with record date <= T-1 or publication <= T),D_SPLIT_AGE,SESSIONS_SINCE_LAST_REVERSE_SPLIT,NO_CONFIRMED_PRIOR_REVERSE_SPLIT,,S06,,2026-10-08,,2026-10-08,,CURRENT snapshot,0,1,MEDIUM,RECORD_NOT_APPLICABLE,splits listed (any): 0; none reverse before T,0,
TNMG,TNMG_C2026-09-23,2026-09-23,CONTROL,2026-09-23 (session date; post time unknown),America/New_York,2026-09-23 00:00 America/New_York (bars < T; sources with record date <= T-1 or publication <= T),A_FLOAT,FLOAT_SHARES,1898259,2026-09-02,S02,cc:dee4c27b7e,2026-09-02T17:09:32,unknown (vendor),2026-09-02T17:09:32,2026-09-02,point-in-time (git),1,1,MEDIUM,,vendor floatShares; shares_outstanding fallback not used,1,21
TNMG,TNMG_C2026-09-23,2026-09-23,CONTROL,2026-09-23 (session date; post time unknown),America/New_York,2026-09-23 00:00 America/New_York (bars < T; sources with record date <= T-1 or publication <= T),A_FLOAT,SHARES_OUTSTANDING_DEI,2556405,2025-12-31,S07,0001213900-26-049832,2026-04-30,2026-04-30,2026-10-08T23:10:07.602837+00:00,2025-12-31,point-in-time (filed),1,1,HIGH,,20-F cover page; shares outstanding ≠ float (upper bound),2,146
TNMG,TNMG_C2026-09-23,2026-09-23,CONTROL,2026-09-23 (session date; post time unknown),America/New_York,2026-09-23 00:00 America/New_York (bars < T; sources with record date <= T-1 or publication <= T),B_SEC_OFFERING,DAYS_SINCE_LAST_OFFERING_FORM,189,2026-03-18,S07,0001213900-26-029560,2026-03-18,2026-03-18T11:00:29.000Z,2026-10-08T23:10:07.602837+00:00,2026-03-18,point-in-time (filing),1,1,HIGH,,filings before T: 77 · offering-class forms: 17 · last form 424B3,17,189
TNMG,TNMG_C2026-09-23,2026-09-23,CONTROL,2026-09-23 (session date; post time unknown),America/New_York,2026-09-23 00:00 America/New_York (bars < T; sources with record date <= T-1 or publication <= T),B_SEC_OFFERING,DAYS_SINCE_LAST_FINAL_PROSPECTUS,,,S07,,,,2026-10-08T23:10:07.602837+00:00,,point-in-time (filing),1,1,HIGH,,final prospectuses (424B1/B4/B5) before T: 0,0,
TNMG,TNMG_C2026-09-23,2026-09-23,CONTROL,2026-09-23 (session date; post time unknown),America/New_York,2026-09-23 00:00 America/New_York (bars < T; sources with record date <= T-1 or publication <= T),C_BORROW,AVAILABLE_SHARES,,,S04/S05/S01,,,,,,,0,,NONE,NO_HISTORICAL_SOURCE,no snapshot source before T,0,
TNMG,TNMG_C2026-09-23,2026-09-23,CONTROL,2026-09-23 (session date; post time unknown),America/New_York,2026-09-23 00:00 America/New_York (bars < T; sources with record date <= T-1 or publication <= T),D_SPLIT_AGE,SESSIONS_SINCE_LAST_REVERSE_SPLIT,11,2026-09-08,S06,yahoo:2026-09-08:0.125,2026-10-08,unknown (vendor); SEC confirmation: 8-K item 5.03/3.03 within 21d: 0,2026-10-08,2026-09-08,CURRENT snapshot of historical dates,0,1,MEDIUM,,ratio=0.125; reverse splits before T: 2 (raw 2); calendar days 15,2,15
AIXI,AIXI_C2026-09-24,2026-09-24,CONTROL,2026-09-24 (session date; post time unknown),America/New_York,2026-09-24 00:00 America/New_York (bars < T; sources with record date <= T-1 or publication <= T),A_FLOAT,FLOAT_SHARES,866043,2026-08-21,S01,wl:c63a0d705f,2026-08-21T19:58:46,unknown (vendor),2026-08-21T19:58:46,2026-08-21,point-in-time (git),1,1,HIGH,,vendor floatShares; shares_outstanding fallback not used,89,34
AIXI,AIXI_C2026-09-24,2026-09-24,CONTROL,2026-09-24 (session date; post time unknown),America/New_York,2026-09-24 00:00 America/New_York (bars < T; sources with record date <= T-1 or publication <= T),A_FLOAT,SHARES_OUTSTANDING_DEI,55235284,2025-12-31,S07,0001213900-26-060270,2026-05-22,2026-05-22,2026-10-08T23:10:07.602837+00:00,2025-12-31,point-in-time (filed),1,1,HIGH,,20-F/A cover page; shares outstanding ≠ float (upper bound),6,125
AIXI,AIXI_C2026-09-24,2026-09-24,CONTROL,2026-09-24 (session date; post time unknown),America/New_York,2026-09-24 00:00 America/New_York (bars < T; sources with record date <= T-1 or publication <= T),B_SEC_OFFERING,DAYS_SINCE_LAST_OFFERING_FORM,29,2026-08-26,S07,0001213900-26-093890,2026-08-26,2026-08-26T18:23:11.000Z,2026-10-08T23:10:07.602837+00:00,2026-08-26,point-in-time (filing),1,1,HIGH,,filings before T: 107 · offering-class forms: 19 · last form 424B5,19,29
AIXI,AIXI_C2026-09-24,2026-09-24,CONTROL,2026-09-24 (session date; post time unknown),America/New_York,2026-09-24 00:00 America/New_York (bars < T; sources with record date <= T-1 or publication <= T),B_SEC_OFFERING,DAYS_SINCE_LAST_FINAL_PROSPECTUS,29,2026-08-26,S07,0001213900-26-093890,2026-08-26,2026-08-26T18:23:11.000Z,2026-10-08T23:10:07.602837+00:00,2026-08-26,point-in-time (filing),1,1,HIGH,,final prospectuses (424B1/B4/B5) before T: 8,8,29
AIXI,AIXI_C2026-09-24,2026-09-24,CONTROL,2026-09-24 (session date; post time unknown),America/New_York,2026-09-24 00:00 America/New_York (bars < T; sources with record date <= T-1 or publication <= T),C_BORROW,AVAILABLE_SHARES,55000,2026-08-28,S04,ctb:2026-08-28,2026-08-28,IBKR snapshot ≤ harvest,2026-08-28,2026-08-28,point-in-time snapshot,1,1,HIGH,,fee=305.09; snapshots before T: 41,41,27
AIXI,AIXI_C2026-09-24,2026-09-24,CONTROL,2026-09-24 (session date; post time unknown),America/New_York,2026-09-24 00:00 America/New_York (bars < T; sources with record date <= T-1 or publication <= T),D_SPLIT_AGE,SESSIONS_SINCE_LAST_REVERSE_SPLIT,12,2026-09-08,S06,yahoo:2026-09-08:0.14285714285714285,2026-10-08,unknown (vendor); SEC confirmation: 8-K item 5.03/3.03 within 21d: 0,2026-10-08,2026-09-08,CURRENT snapshot of historical dates,0,1,MEDIUM,,ratio=0.14285714285714285; reverse splits before T: 3 (raw 3); calendar days 16,3,16
PFSA,PFSA_C2026-09-24,2026-09-24,CONTROL,2026-09-24 (session date; post time unknown),America/New_York,2026-09-24 00:00 America/New_York (bars < T; sources with record date <= T-1 or publication <= T),A_FLOAT,FLOAT_SHARES,,,S01/S02/S03,,,,,,,0,,NONE,NO_RECORD_FOUND,value exists only after T (not usable),0,
PFSA,PFSA_C2026-09-24,2026-09-24,CONTROL,2026-09-24 (session date; post time unknown),America/New_York,2026-09-24 00:00 America/New_York (bars < T; sources with record date <= T-1 or publication <= T),A_FLOAT,SHARES_OUTSTANDING_DEI,605647,2026-08-18,S07,0001213900-26-091696,2026-08-19,2026-08-19,2026-10-08T23:10:07.602837+00:00,2026-08-18,point-in-time (filed),1,1,HIGH,,10-Q cover page; shares outstanding ≠ float (upper bound),19,36
PFSA,PFSA_C2026-09-24,2026-09-24,CONTROL,2026-09-24 (session date; post time unknown),America/New_York,2026-09-24 00:00 America/New_York (bars < T; sources with record date <= T-1 or publication <= T),B_SEC_OFFERING,DAYS_SINCE_LAST_OFFERING_FORM,79,2026-07-07,S07,0001213900-26-075771,2026-07-07,2026-07-07T16:52:34.000Z,2026-10-08T23:10:07.602837+00:00,2026-07-07,point-in-time (filing),1,1,HIGH,,filings before T: 319 · offering-class forms: 42 · last form 424B3,42,79
PFSA,PFSA_C2026-09-24,2026-09-24,CONTROL,2026-09-24 (session date; post time unknown),America/New_York,2026-09-24 00:00 America/New_York (bars < T; sources with record date <= T-1 or publication <= T),B_SEC_OFFERING,DAYS_SINCE_LAST_FINAL_PROSPECTUS,1737,2021-12-22,S07,0001213900-21-066875,2021-12-22,2021-12-22T20:17:12.000Z,2026-10-08T23:10:07.602837+00:00,2021-12-22,point-in-time (filing),1,1,HIGH,,final prospectuses (424B1/B4/B5) before T: 1,1,1737
PFSA,PFSA_C2026-09-24,2026-09-24,CONTROL,2026-09-24 (session date; post time unknown),America/New_York,2026-09-24 00:00 America/New_York (bars < T; sources with record date <= T-1 or publication <= T),C_BORROW,AVAILABLE_SHARES,,,S04/S05/S01,,,,,,,0,,NONE,NO_HISTORICAL_SOURCE,no snapshot source before T,0,
PFSA,PFSA_C2026-09-24,2026-09-24,CONTROL,2026-09-24 (session date; post time unknown),America/New_York,2026-09-24 00:00 America/New_York (bars < T; sources with record date <= T-1 or publication <= T),D_SPLIT_AGE,SESSIONS_SINCE_LAST_REVERSE_SPLIT,27,2026-08-17,S06,yahoo:2026-08-17:0.25,2026-10-08,unknown (vendor); SEC confirmation: 8-K item 5.03/3.03 within 21d: 2,2026-10-08,2026-08-17,CURRENT snapshot of historical dates,1,1,HIGH,,ratio=0.25; reverse splits before T: 3 (raw 3); calendar days 38,3,38
BRNX,BRNX_C2026-09-24,2026-09-24,CONTROL,2026-09-24 (session date; post time unknown),America/New_York,2026-09-24 00:00 America/New_York (bars < T; sources with record date <= T-1 or publication <= T),A_FLOAT,FLOAT_SHARES,23843,2026-09-23,S01,wl:dce79c03d2,2026-09-23T21:38:13,unknown (vendor),2026-09-23T21:38:13,2026-09-23,point-in-time (git),1,1,HIGH,,vendor floatShares; shares_outstanding fallback not used,74,1
BRNX,BRNX_C2026-09-24,2026-09-24,CONTROL,2026-09-24 (session date; post time unknown),America/New_York,2026-09-24 00:00 America/New_York (bars < T; sources with record date <= T-1 or publication <= T),A_FLOAT,SHARES_OUTSTANDING_DEI,715852,2025-12-31,S07,0001213900-26-034046,2026-03-25,2026-03-25,2026-10-08T23:10:07.602837+00:00,2025-12-31,point-in-time (filed),1,1,HIGH,,20-F cover page; shares outstanding ≠ float (upper bound),4,183
BRNX,BRNX_C2026-09-24,2026-09-24,CONTROL,2026-09-24 (session date; post time unknown),America/New_York,2026-09-24 00:00 America/New_York (bars < T; sources with record date <= T-1 or publication <= T),B_SEC_OFFERING,DAYS_SINCE_LAST_OFFERING_FORM,15,2026-09-09,S07,9999999995-26-002926,2026-09-09,2026-09-10T19:05:16.000Z,2026-10-08T23:10:07.602837+00:00,2026-09-09,point-in-time (filing),1,1,HIGH,,filings before T: 299 · offering-class forms: 51 · last form EFFECT,51,15
BRNX,BRNX_C2026-09-24,2026-09-24,CONTROL,2026-09-24 (session date; post time unknown),America/New_York,2026-09-24 00:00 America/New_York (bars < T; sources with record date <= T-1 or publication <= T),B_SEC_OFFERING,DAYS_SINCE_LAST_FINAL_PROSPECTUS,472,2025-06-09,S07,0001213900-25-052332,2025-06-09,2025-06-09T16:25:27.000Z,2026-10-08T23:10:07.602837+00:00,2025-06-09,point-in-time (filing),1,1,HIGH,,final prospectuses (424B1/B4/B5) before T: 4,4,472
BRNX,BRNX_C2026-09-24,2026-09-24,CONTROL,2026-09-24 (session date; post time unknown),America/New_York,2026-09-24 00:00 America/New_York (bars < T; sources with record date <= T-1 or publication <= T),C_BORROW,AVAILABLE_SHARES,,,S04/S05/S01,,,,,,,0,,NONE,NO_RECORD_FOUND,snapshots exist only after T,0,
BRNX,BRNX_C2026-09-24,2026-09-24,CONTROL,2026-09-24 (session date; post time unknown),America/New_York,2026-09-24 00:00 America/New_York (bars < T; sources with record date <= T-1 or publication <= T),D_SPLIT_AGE,SESSIONS_SINCE_LAST_REVERSE_SPLIT,29,2026-08-13,S06,yahoo:2026-08-13:0.16666666666666666,2026-10-08,unknown (vendor); SEC confirmation: 8-K item 5.03/3.03 within 21d: 0,2026-10-08,2026-08-13,CURRENT snapshot of historical dates,0,1,MEDIUM,,ratio=0.16666666666666666; reverse splits before T: 5 (raw 5); calendar days 42,5,42
NIKI,NIKI_C2026-09-24,2026-09-24,CONTROL,2026-09-24 (session date; post time unknown),America/New_York,2026-09-24 00:00 America/New_York (bars < T; sources with record date <= T-1 or publication <= T),A_FLOAT,FLOAT_SHARES,535932,2026-07-31,S01,wl:b2146973e8,2026-07-31T20:37:09,unknown (vendor),2026-07-31T20:37:09,2026-07-31,point-in-time (git),1,1,HIGH,,vendor floatShares; shares_outstanding fallback not used,27,55
NIKI,NIKI_C2026-09-24,2026-09-24,CONTROL,2026-09-24 (session date; post time unknown),America/New_York,2026-09-24 00:00 America/New_York (bars < T; sources with record date <= T-1 or publication <= T),A_FLOAT,SHARES_OUTSTANDING_DEI,,,S07,,,,2026-10-08T23:10:07.602837+00:00,,,0,,NONE,NO_RECORD_FOUND,no dei:EntityCommonStockSharesOutstanding filed before T (foreign filers lack it),0,
NIKI,NIKI_C2026-09-24,2026-09-24,CONTROL,2026-09-24 (session date; post time unknown),America/New_York,2026-09-24 00:00 America/New_York (bars < T; sources with record date <= T-1 or publication <= T),B_SEC_OFFERING,DAYS_SINCE_LAST_OFFERING_FORM,6,2026-09-18,S07,0001213900-26-101473,2026-09-18,2026-09-18T21:00:32.000Z,2026-10-08T23:10:07.602837+00:00,2026-09-18,point-in-time (filing),1,1,HIGH,,filings before T: 250 · offering-class forms: 48 · last form S-3/A,48,6
NIKI,NIKI_C2026-09-24,2026-09-24,CONTROL,2026-09-24 (session date; post time unknown),America/New_York,2026-09-24 00:00 America/New_York (bars < T; sources with record date <= T-1 or publication <= T),B_SEC_OFFERING,DAYS_SINCE_LAST_FINAL_PROSPECTUS,293,2025-12-05,S07,0001213900-25-118752,2025-12-05,2025-12-05T21:30:46.000Z,2026-10-08T23:10:07.602837+00:00,2025-12-05,point-in-time (filing),1,1,HIGH,,final prospectuses (424B1/B4/B5) before T: 10,10,293
NIKI,NIKI_C2026-09-24,2026-09-24,CONTROL,2026-09-24 (session date; post time unknown),America/New_York,2026-09-24 00:00 America/New_York (bars < T; sources with record date <= T-1 or publication <= T),C_BORROW,AVAILABLE_SHARES,,,S04/S05/S01,,,,,,,0,,NONE,NO_RECORD_FOUND,snapshots exist only after T,0,
NIKI,NIKI_C2026-09-24,2026-09-24,CONTROL,2026-09-24 (session date; post time unknown),America/New_York,2026-09-24 00:00 America/New_York (bars < T; sources with record date <= T-1 or publication <= T),D_SPLIT_AGE,SESSIONS_SINCE_LAST_REVERSE_SPLIT,47,2026-07-20,S06,yahoo:2026-07-20:0.1,2026-10-08,unknown (vendor); SEC confirmation: 8-K item 5.03/3.03 within 21d: 1,2026-10-08,2026-07-20,CURRENT snapshot of historical dates,1,1,HIGH,,ratio=0.1; reverse splits before T: 2 (raw 2); calendar days 66,2,66
HTCO,HTCO_C2026-09-25,2026-09-25,CONTROL,2026-09-25 (session date; post time unknown),America/New_York,2026-09-25 00:00 America/New_York (bars < T; sources with record date <= T-1 or publication <= T),A_FLOAT,FLOAT_SHARES,3730155,2026-08-28,S01,wl:5a3efa06a0,2026-08-28T03:34:55,unknown (vendor),2026-08-28T03:34:55,2026-08-28,point-in-time (git),1,1,HIGH,,vendor floatShares; shares_outstanding fallback not used,134,28
HTCO,HTCO_C2026-09-25,2026-09-25,CONTROL,2026-09-25 (session date; post time unknown),America/New_York,2026-09-25 00:00 America/New_York (bars < T; sources with record date <= T-1 or publication <= T),A_FLOAT,SHARES_OUTSTANDING_DEI,6632441,2025-10-31,S07,0001213900-26-040491,2026-04-06,2026-04-06,2026-10-08T23:10:07.602837+00:00,2025-10-31,point-in-time (filed),1,1,HIGH,,20-F/A cover page; shares outstanding ≠ float (upper bound),5,172
HTCO,HTCO_C2026-09-25,2026-09-25,CONTROL,2026-09-25 (session date; post time unknown),America/New_York,2026-09-25 00:00 America/New_York (bars < T; sources with record date <= T-1 or publication <= T),B_SEC_OFFERING,DAYS_SINCE_LAST_OFFERING_FORM,134,2026-05-14,S07,0001213900-26-056737,2026-05-14,2026-05-14T20:45:38.000Z,2026-10-08T23:10:07.602837+00:00,2026-05-14,point-in-time (filing),1,1,HIGH,,filings before T: 121 · offering-class forms: 8 · last form 424B5,8,134
HTCO,HTCO_C2026-09-25,2026-09-25,CONTROL,2026-09-25 (session date; post time unknown),America/New_York,2026-09-25 00:00 America/New_York (bars < T; sources with record date <= T-1 or publication <= T),B_SEC_OFFERING,DAYS_SINCE_LAST_FINAL_PROSPECTUS,134,2026-05-14,S07,0001213900-26-056737,2026-05-14,2026-05-14T20:45:38.000Z,2026-10-08T23:10:07.602837+00:00,2026-05-14,point-in-time (filing),1,1,HIGH,,final prospectuses (424B1/B4/B5) before T: 1,1,134
HTCO,HTCO_C2026-09-25,2026-09-25,CONTROL,2026-09-25 (session date; post time unknown),America/New_York,2026-09-25 00:00 America/New_York (bars < T; sources with record date <= T-1 or publication <= T),C_BORROW,AVAILABLE_SHARES,150000,2026-08-21,S04,ctb:2026-08-21,2026-08-21,IBKR snapshot ≤ harvest,2026-08-21,2026-08-21,point-in-time snapshot,1,1,HIGH,,fee=110.15; snapshots before T: 1,1,35
HTCO,HTCO_C2026-09-25,2026-09-25,CONTROL,2026-09-25 (session date; post time unknown),America/New_York,2026-09-25 00:00 America/New_York (bars < T; sources with record date <= T-1 or publication <= T),D_SPLIT_AGE,SESSIONS_SINCE_LAST_REVERSE_SPLIT,284,2025-08-08,S06,yahoo:2025-08-08:0.04,2026-10-08,unknown (vendor); SEC confirmation: 8-K item 5.03/3.03 within 21d: 0,2026-10-08,2025-08-08,CURRENT snapshot of historical dates,0,1,MEDIUM,,ratio=0.04; reverse splits before T: 1 (raw 1); calendar days 413,1,413
CSAI,CSAI_C2026-09-25,2026-09-25,CONTROL,2026-09-25 (session date; post time unknown),America/New_York,2026-09-25 00:00 America/New_York (bars < T; sources with record date <= T-1 or publication <= T),A_FLOAT,FLOAT_SHARES,,,S01/S02/S03,,,,,,,0,,NONE,NO_RECORD_FOUND,value exists only after T (not usable),0,
CSAI,CSAI_C2026-09-25,2026-09-25,CONTROL,2026-09-25 (session date; post time unknown),America/New_York,2026-09-25 00:00 America/New_York (bars < T; sources with record date <= T-1 or publication <= T),A_FLOAT,SHARES_OUTSTANDING_DEI,,,S07,,,,2026-10-08T23:10:07.602837+00:00,,,0,,NONE,NO_RECORD_FOUND,no dei:EntityCommonStockSharesOutstanding filed before T (foreign filers lack it),0,
CSAI,CSAI_C2026-09-25,2026-09-25,CONTROL,2026-09-25 (session date; post time unknown),America/New_York,2026-09-25 00:00 America/New_York (bars < T; sources with record date <= T-1 or publication <= T),B_SEC_OFFERING,DAYS_SINCE_LAST_OFFERING_FORM,233,2026-02-04,S07,9999999995-26-000449,2026-02-04,2026-02-05T05:15:19.000Z,2026-10-08T23:10:07.602837+00:00,2026-02-04,point-in-time (filing),1,1,HIGH,,filings before T: 233 · offering-class forms: 38 · last form EFFECT,38,233
CSAI,CSAI_C2026-09-25,2026-09-25,CONTROL,2026-09-25 (session date; post time unknown),America/New_York,2026-09-25 00:00 America/New_York (bars < T; sources with record date <= T-1 or publication <= T),B_SEC_OFFERING,DAYS_SINCE_LAST_FINAL_PROSPECTUS,583,2025-02-19,S07,0001683168-25-001090,2025-02-19,2025-02-19T11:00:19.000Z,2026-10-08T23:10:07.602837+00:00,2025-02-19,point-in-time (filing),1,1,HIGH,,final prospectuses (424B1/B4/B5) before T: 2,2,583
CSAI,CSAI_C2026-09-25,2026-09-25,CONTROL,2026-09-25 (session date; post time unknown),America/New_York,2026-09-25 00:00 America/New_York (bars < T; sources with record date <= T-1 or publication <= T),C_BORROW,AVAILABLE_SHARES,,,S04/S05/S01,,,,,,,0,,NONE,NO_RECORD_FOUND,snapshots exist only after T,0,
CSAI,CSAI_C2026-09-25,2026-09-25,CONTROL,2026-09-25 (session date; post time unknown),America/New_York,2026-09-25 00:00 America/New_York (bars < T; sources with record date <= T-1 or publication <= T),D_SPLIT_AGE,SESSIONS_SINCE_LAST_REVERSE_SPLIT,39,2026-07-31,S06,yahoo:2026-07-31:0.03333333333333333,2026-10-08,unknown (vendor); SEC confirmation: 8-K item 5.03/3.03 within 21d: 1,2026-10-08,2026-07-31,CURRENT snapshot of historical dates,1,1,HIGH,,ratio=0.03333333333333333; reverse splits before T: 1 (raw 1); calendar days 56,1,56
ERNA,ERNA_C2026-09-25,2026-09-25,CONTROL,2026-09-25 (session date; post time unknown),America/New_York,2026-09-25 00:00 America/New_York (bars < T; sources with record date <= T-1 or publication <= T),A_FLOAT,FLOAT_SHARES,668717,2026-08-07,S01,wl:2c33d58cbb,2026-08-07T23:04:28,unknown (vendor),2026-08-07T23:04:28,2026-08-07,point-in-time (git),1,1,HIGH,,vendor floatShares; shares_outstanding fallback not used,22,49
ERNA,ERNA_C2026-09-25,2026-09-25,CONTROL,2026-09-25 (session date; post time unknown),America/New_York,2026-09-25 00:00 America/New_York (bars < T; sources with record date <= T-1 or publication <= T),A_FLOAT,SHARES_OUTSTANDING_DEI,1632411,2026-08-06,S07,0001493152-26-036424,2026-08-06,2026-08-06,2026-10-08T23:10:07.602837+00:00,2026-08-06,point-in-time (filed),1,1,HIGH,,10-Q cover page; shares outstanding ≠ float (upper bound),63,50
ERNA,ERNA_C2026-09-25,2026-09-25,CONTROL,2026-09-25 (session date; post time unknown),America/New_York,2026-09-25 00:00 America/New_York (bars < T; sources with record date <= T-1 or publication <= T),B_SEC_OFFERING,DAYS_SINCE_LAST_OFFERING_FORM,179,2026-03-30,S07,9999999995-26-000994,2026-03-30,2026-03-31T04:15:33.000Z,2026-10-08T23:10:07.602837+00:00,2026-03-30,point-in-time (filing),1,1,HIGH,,filings before T: 1521 · offering-class forms: 114 · last form EFFECT,114,179
ERNA,ERNA_C2026-09-25,2026-09-25,CONTROL,2026-09-25 (session date; post time unknown),America/New_York,2026-09-25 00:00 America/New_York (bars < T; sources with record date <= T-1 or publication <= T),B_SEC_OFFERING,DAYS_SINCE_LAST_FINAL_PROSPECTUS,227,2026-02-10,S07,0001493152-26-005898,2026-02-10,2026-02-10T13:42:27.000Z,2026-10-08T23:10:07.602837+00:00,2026-02-10,point-in-time (filing),1,1,HIGH,,final prospectuses (424B1/B4/B5) before T: 10,10,227
ERNA,ERNA_C2026-09-25,2026-09-25,CONTROL,2026-09-25 (session date; post time unknown),America/New_York,2026-09-25 00:00 America/New_York (bars < T; sources with record date <= T-1 or publication <= T),C_BORROW,AVAILABLE_SHARES,100000,2026-08-07,S04,ctb:2026-08-07,2026-08-07,IBKR snapshot ≤ harvest,2026-08-07,2026-08-07,point-in-time snapshot,1,1,HIGH,,fee=118.47; snapshots before T: 22,22,49
ERNA,ERNA_C2026-09-25,2026-09-25,CONTROL,2026-09-25 (session date; post time unknown),America/New_York,2026-09-25 00:00 America/New_York (bars < T; sources with record date <= T-1 or publication <= T),D_SPLIT_AGE,SESSIONS_SINCE_LAST_REVERSE_SPLIT,100,2026-05-04,S06,yahoo:2026-05-04:0.04,2026-10-08,unknown (vendor); SEC confirmation: 8-K item 5.03/3.03 within 21d: 1,2026-10-08,2026-05-04,CURRENT snapshot of historical dates,1,1,HIGH,,ratio=0.04; reverse splits before T: 5 (raw 5); calendar days 144,5,144
CGTL,CGTL_C2026-09-25,2026-09-25,CONTROL,2026-09-25 (session date; post time unknown),America/New_York,2026-09-25 00:00 America/New_York (bars < T; sources with record date <= T-1 or publication <= T),A_FLOAT,FLOAT_SHARES,1091667,2026-07-24,S01,wl:0c2566feb2,2026-07-24T14:20:10,unknown (vendor),2026-07-24T14:20:10,2026-07-24,point-in-time (git),1,1,HIGH,,vendor floatShares; shares_outstanding fallback not used,16,63
CGTL,CGTL_C2026-09-25,2026-09-25,CONTROL,2026-09-25 (session date; post time unknown),America/New_York,2026-09-25 00:00 America/New_York (bars < T; sources with record date <= T-1 or publication <= T),A_FLOAT,SHARES_OUTSTANDING_DEI,21437500,2024-09-30,S07,0001213900-25-008172,2025-01-30,2025-01-30,2026-10-08T23:10:07.602837+00:00,2024-09-30,point-in-time (filed),1,1,HIGH,,20-F cover page; shares outstanding ≠ float (upper bound),1,603
CGTL,CGTL_C2026-09-25,2026-09-25,CONTROL,2026-09-25 (session date; post time unknown),America/New_York,2026-09-25 00:00 America/New_York (bars < T; sources with record date <= T-1 or publication <= T),B_SEC_OFFERING,DAYS_SINCE_LAST_OFFERING_FORM,371,2025-09-19,S07,9999999995-25-003012,2025-09-19,2025-09-22T04:15:05.000Z,2026-10-08T23:10:07.602837+00:00,2025-09-19,point-in-time (filing),1,1,HIGH,,filings before T: 87 · offering-class forms: 26 · last form EFFECT,26,371
CGTL,CGTL_C2026-09-25,2026-09-25,CONTROL,2026-09-25 (session date; post time unknown),America/New_York,2026-09-25 00:00 America/New_York (bars < T; sources with record date <= T-1 or publication <= T),B_SEC_OFFERING,DAYS_SINCE_LAST_FINAL_PROSPECTUS,668,2024-11-26,S07,0001213900-24-102413,2024-11-26,2024-11-26T11:39:03.000Z,2026-10-08T23:10:07.602837+00:00,2024-11-26,point-in-time (filing),1,1,HIGH,,final prospectuses (424B1/B4/B5) before T: 2,2,668
CGTL,CGTL_C2026-09-25,2026-09-25,CONTROL,2026-09-25 (session date; post time unknown),America/New_York,2026-09-25 00:00 America/New_York (bars < T; sources with record date <= T-1 or publication <= T),C_BORROW,AVAILABLE_SHARES,,,S04/S05/S01,,,,,,,0,,NONE,NO_RECORD_FOUND,snapshots exist only after T,0,
CGTL,CGTL_C2026-09-25,2026-09-25,CONTROL,2026-09-25 (session date; post time unknown),America/New_York,2026-09-25 00:00 America/New_York (bars < T; sources with record date <= T-1 or publication <= T),D_SPLIT_AGE,SESSIONS_SINCE_LAST_REVERSE_SPLIT,57,2026-07-07,S06,yahoo:2026-07-07:0.06666666666666667,2026-10-08,unknown (vendor); SEC confirmation: 8-K item 5.03/3.03 within 21d: 0,2026-10-08,2026-07-07,CURRENT snapshot of historical dates,0,1,MEDIUM,,ratio=0.06666666666666667; reverse splits before T: 1 (raw 1); calendar days 80,1,80
ZSTK,ZSTK_C2026-09-28,2026-09-28,CONTROL,2026-09-28 (session date; post time unknown),America/New_York,2026-09-28 00:00 America/New_York (bars < T; sources with record date <= T-1 or publication <= T),A_FLOAT,FLOAT_SHARES,,,S01/S02/S03,,,,,,,0,,NONE,NO_RECORD_FOUND,value exists only after T (not usable),0,
ZSTK,ZSTK_C2026-09-28,2026-09-28,CONTROL,2026-09-28 (session date; post time unknown),America/New_York,2026-09-28 00:00 America/New_York (bars < T; sources with record date <= T-1 or publication <= T),A_FLOAT,SHARES_OUTSTANDING_DEI,17489828,2026-07-27,S07,0001062993-26-003961,2026-07-31,2026-07-31,2026-10-08T23:10:07.602837+00:00,2026-07-27,point-in-time (filed),1,1,HIGH,,10-Q cover page; shares outstanding ≠ float (upper bound),18,59
ZSTK,ZSTK_C2026-09-28,2026-09-28,CONTROL,2026-09-28 (session date; post time unknown),America/New_York,2026-09-28 00:00 America/New_York (bars < T; sources with record date <= T-1 or publication <= T),B_SEC_OFFERING,DAYS_SINCE_LAST_OFFERING_FORM,13,2026-09-15,S07,9999999995-26-002967,2026-09-15,2026-09-16T04:15:09.000Z,2026-10-08T23:10:07.602837+00:00,2026-09-15,point-in-time (filing),1,1,HIGH,,filings before T: 365 · offering-class forms: 59 · last form EFFECT,59,13
ZSTK,ZSTK_C2026-09-28,2026-09-28,CONTROL,2026-09-28 (session date; post time unknown),America/New_York,2026-09-28 00:00 America/New_York (bars < T; sources with record date <= T-1 or publication <= T),B_SEC_OFFERING,DAYS_SINCE_LAST_FINAL_PROSPECTUS,244,2026-01-27,S07,0001062993-26-000448,2026-01-27,2026-01-27T22:25:46.000Z,2026-10-08T23:10:07.602837+00:00,2026-01-27,point-in-time (filing),1,1,HIGH,,final prospectuses (424B1/B4/B5) before T: 11,11,244
ZSTK,ZSTK_C2026-09-28,2026-09-28,CONTROL,2026-09-28 (session date; post time unknown),America/New_York,2026-09-28 00:00 America/New_York (bars < T; sources with record date <= T-1 or publication <= T),C_BORROW,AVAILABLE_SHARES,,,S04/S05/S01,,,,,,,0,,NONE,NO_HISTORICAL_SOURCE,no snapshot source before T,0,
ZSTK,ZSTK_C2026-09-28,2026-09-28,CONTROL,2026-09-28 (session date; post time unknown),America/New_York,2026-09-28 00:00 America/New_York (bars < T; sources with record date <= T-1 or publication <= T),D_SPLIT_AGE,SESSIONS_SINCE_LAST_REVERSE_SPLIT,289,2025-08-04,S06,yahoo:2025-08-04:0.02564102564102564,2026-10-08,unknown (vendor); SEC confirmation: 8-K item 5.03/3.03 within 21d: 1,2026-10-08,2025-08-04,CURRENT snapshot of historical dates,1,1,HIGH,,ratio=0.02564102564102564; reverse splits before T: 2 (raw 2); calendar days 420,2,420
CURX,CURX_C2026-09-28,2026-09-28,CONTROL,2026-09-28 (session date; post time unknown),America/New_York,2026-09-28 00:00 America/New_York (bars < T; sources with record date <= T-1 or publication <= T),A_FLOAT,FLOAT_SHARES,505632,2026-09-26,S01,wl:57c542c132,2026-09-26T11:35:34,unknown (vendor),2026-09-26T11:35:34,2026-09-26,point-in-time (git),1,1,HIGH,,vendor floatShares; shares_outstanding fallback not used,48,2
CURX,CURX_C2026-09-28,2026-09-28,CONTROL,2026-09-28 (session date; post time unknown),America/New_York,2026-09-28 00:00 America/New_York (bars < T; sources with record date <= T-1 or publication <= T),A_FLOAT,SHARES_OUTSTANDING_DEI,31364812,2026-08-14,S07,0001493152-26-038145,2026-08-14,2026-08-14,2026-10-08T23:10:07.602837+00:00,2026-08-14,point-in-time (filed),1,1,HIGH,,10-Q cover page; shares outstanding ≠ float (upper bound),5,45
CURX,CURX_C2026-09-28,2026-09-28,CONTROL,2026-09-28 (session date; post time unknown),America/New_York,2026-09-28 00:00 America/New_York (bars < T; sources with record date <= T-1 or publication <= T),B_SEC_OFFERING,DAYS_SINCE_LAST_OFFERING_FORM,69,2026-07-21,S07,0001493152-26-034091,2026-07-21,2026-07-21T20:25:50.000Z,2026-10-08T23:10:07.602837+00:00,2026-07-21,point-in-time (filing),1,1,HIGH,,filings before T: 63 · offering-class forms: 11 · last form S-8,11,69
CURX,CURX_C2026-09-28,2026-09-28,CONTROL,2026-09-28 (session date; post time unknown),America/New_York,2026-09-28 00:00 America/New_York (bars < T; sources with record date <= T-1 or publication <= T),B_SEC_OFFERING,DAYS_SINCE_LAST_FINAL_PROSPECTUS,398,2025-08-26,S07,0001493152-25-012351,2025-08-26,2025-08-26T21:28:59.000Z,2026-10-08T23:10:07.602837+00:00,2025-08-26,point-in-time (filing),1,1,HIGH,,final prospectuses (424B1/B4/B5) before T: 2,2,398
CURX,CURX_C2026-09-28,2026-09-28,CONTROL,2026-09-28 (session date; post time unknown),America/New_York,2026-09-28 00:00 America/New_York (bars < T; sources with record date <= T-1 or publication <= T),C_BORROW,AVAILABLE_SHARES,15000,2026-09-26,S04,ctb:2026-09-26,2026-09-26,IBKR snapshot ≤ harvest,2026-09-26,2026-09-26,point-in-time snapshot,1,1,HIGH,,fee=8.42; snapshots before T: 50,50,2
CURX,CURX_C2026-09-28,2026-09-28,CONTROL,2026-09-28 (session date; post time unknown),America/New_York,2026-09-28 00:00 America/New_York (bars < T; sources with record date <= T-1 or publication <= T),D_SPLIT_AGE,SESSIONS_SINCE_LAST_REVERSE_SPLIT,26,2026-08-20,S06,yahoo:2026-08-20:0.05,2026-10-08,unknown (vendor); SEC confirmation: 8-K item 5.03/3.03 within 21d: 1,2026-10-08,2026-08-20,CURRENT snapshot of historical dates,1,1,HIGH,,ratio=0.05; reverse splits before T: 1 (raw 1); calendar days 39,1,39
ALP,ALP_C2026-09-28,2026-09-28,CONTROL,2026-09-28 (session date; post time unknown),America/New_York,2026-09-28 00:00 America/New_York (bars < T; sources with record date <= T-1 or publication <= T),A_FLOAT,FLOAT_SHARES,,,S01/S02/S03,,,,,,,0,,NONE,NO_RECORD_FOUND,value exists only after T (not usable),0,
ALP,ALP_C2026-09-28,2026-09-28,CONTROL,2026-09-28 (session date; post time unknown),America/New_York,2026-09-28 00:00 America/New_York (bars < T; sources with record date <= T-1 or publication <= T),A_FLOAT,SHARES_OUTSTANDING_DEI,23470877,2026-03-31,S07,0001171843-26-005284,2026-08-06,2026-08-06,2026-10-08T23:10:07.602837+00:00,2026-03-31,point-in-time (filed),1,1,HIGH,,20-F/A cover page; shares outstanding ≠ float (upper bound),11,53
ALP,ALP_C2026-09-28,2026-09-28,CONTROL,2026-09-28 (session date; post time unknown),America/New_York,2026-09-28 00:00 America/New_York (bars < T; sources with record date <= T-1 or publication <= T),B_SEC_OFFERING,DAYS_SINCE_LAST_OFFERING_FORM,116,2026-06-04,S07,0001171843-26-003919,2026-06-04,2026-06-05T00:53:16.000Z,2026-10-08T23:10:07.602837+00:00,2026-06-04,point-in-time (filing),1,1,HIGH,,filings before T: 772 · offering-class forms: 202 · last form 424B3,202,116
ALP,ALP_C2026-09-28,2026-09-28,CONTROL,2026-09-28 (session date; post time unknown),America/New_York,2026-09-28 00:00 America/New_York (bars < T; sources with record date <= T-1 or publication <= T),B_SEC_OFFERING,DAYS_SINCE_LAST_FINAL_PROSPECTUS,223,2026-02-17,S07,0001171843-26-000848,2026-02-17,2026-02-17T17:51:21.000Z,2026-10-08T23:10:07.602837+00:00,2026-02-17,point-in-time (filing),1,1,HIGH,,final prospectuses (424B1/B4/B5) before T: 9,9,223
ALP,ALP_C2026-09-28,2026-09-28,CONTROL,2026-09-28 (session date; post time unknown),America/New_York,2026-09-28 00:00 America/New_York (bars < T; sources with record date <= T-1 or publication <= T),C_BORROW,AVAILABLE_SHARES,,,S04/S05/S01,,,,,,,0,,NONE,NO_HISTORICAL_SOURCE,no snapshot source before T,0,
ALP,ALP_C2026-09-28,2026-09-28,CONTROL,2026-09-28 (session date; post time unknown),America/New_York,2026-09-28 00:00 America/New_York (bars < T; sources with record date <= T-1 or publication <= T),D_SPLIT_AGE,SESSIONS_SINCE_LAST_REVERSE_SPLIT,13,2026-09-09,S06,yahoo:2026-09-09:0.02,2026-10-08,unknown (vendor); SEC confirmation: 8-K item 5.03/3.03 within 21d: 0,2026-10-08,2026-09-09,CURRENT snapshot of historical dates,0,1,MEDIUM,,ratio=0.02; reverse splits before T: 4 (raw 4); calendar days 19,4,19
WSHP,WSHP_C2026-09-28,2026-09-28,CONTROL,2026-09-28 (session date; post time unknown),America/New_York,2026-09-28 00:00 America/New_York (bars < T; sources with record date <= T-1 or publication <= T),A_FLOAT,FLOAT_SHARES,1201899,2026-09-26,S01,wl:57c542c132,2026-09-26T11:35:34,unknown (vendor),2026-09-26T11:35:34,2026-09-26,point-in-time (git),1,1,HIGH,,vendor floatShares; shares_outstanding fallback not used,111,2
WSHP,WSHP_C2026-09-28,2026-09-28,CONTROL,2026-09-28 (session date; post time unknown),America/New_York,2026-09-28 00:00 America/New_York (bars < T; sources with record date <= T-1 or publication <= T),A_FLOAT,SHARES_OUTSTANDING_DEI,,,S07,,,,2026-10-08T23:10:07.602837+00:00,,,0,,NONE,NO_RECORD_FOUND,no dei:EntityCommonStockSharesOutstanding filed before T (foreign filers lack it),0,
WSHP,WSHP_C2026-09-28,2026-09-28,CONTROL,2026-09-28 (session date; post time unknown),America/New_York,2026-09-28 00:00 America/New_York (bars < T; sources with record date <= T-1 or publication <= T),B_SEC_OFFERING,DAYS_SINCE_LAST_OFFERING_FORM,25,2026-09-03,S07,9999999995-26-002875,2026-09-03,2026-09-04T04:15:07.000Z,2026-10-08T23:10:07.602837+00:00,2026-09-03,point-in-time (filing),1,1,HIGH,,filings before T: 70 · offering-class forms: 13 · last form EFFECT,13,25
WSHP,WSHP_C2026-09-28,2026-09-28,CONTROL,2026-09-28 (session date; post time unknown),America/New_York,2026-09-28 00:00 America/New_York (bars < T; sources with record date <= T-1 or publication <= T),B_SEC_OFFERING,DAYS_SINCE_LAST_FINAL_PROSPECTUS,25,2026-09-03,S07,0001493152-26-041390,2026-09-03,2026-09-03T21:00:14.000Z,2026-10-08T23:10:07.602837+00:00,2026-09-03,point-in-time (filing),1,1,HIGH,,final prospectuses (424B1/B4/B5) before T: 4,4,25
WSHP,WSHP_C2026-09-28,2026-09-28,CONTROL,2026-09-28 (session date; post time unknown),America/New_York,2026-09-28 00:00 America/New_York (bars < T; sources with record date <= T-1 or publication <= T),C_BORROW,AVAILABLE_SHARES,20000,2026-09-26,S04,ctb:2026-09-26,2026-09-26,IBKR snapshot ≤ harvest,2026-09-26,2026-09-26,point-in-time snapshot,1,1,HIGH,,fee=157.09; snapshots before T: 98,98,2
WSHP,WSHP_C2026-09-28,2026-09-28,CONTROL,2026-09-28 (session date; post time unknown),America/New_York,2026-09-28 00:00 America/New_York (bars < T; sources with record date <= T-1 or publication <= T),D_SPLIT_AGE,SESSIONS_SINCE_LAST_REVERSE_SPLIT,NO_CONFIRMED_PRIOR_REVERSE_SPLIT,,S06,,2026-10-08,,2026-10-08,,CURRENT snapshot,0,1,MEDIUM,RECORD_NOT_APPLICABLE,splits listed (any): 0; none reverse before T,0,
LRHC,LRHC_C2026-09-28,2026-09-28,CONTROL,2026-09-28 (session date; post time unknown),America/New_York,2026-09-28 00:00 America/New_York (bars < T; sources with record date <= T-1 or publication <= T),A_FLOAT,FLOAT_SHARES,3312293,2026-08-25,S02,cc:166f2b7314,2026-08-25T05:39:19,unknown (vendor),2026-08-25T05:39:19,2026-08-25,point-in-time (git),1,1,MEDIUM,,vendor floatShares; shares_outstanding fallback not used,2,34
LRHC,LRHC_C2026-09-28,2026-09-28,CONTROL,2026-09-28 (session date; post time unknown),America/New_York,2026-09-28 00:00 America/New_York (bars < T; sources with record date <= T-1 or publication <= T),A_FLOAT,SHARES_OUTSTANDING_DEI,3317834,2026-08-20,S07,0001437749-26-028725,2026-08-21,2026-08-21,2026-10-08T23:10:07.602837+00:00,2026-08-20,point-in-time (filed),1,1,HIGH,,10-Q cover page; shares outstanding ≠ float (upper bound),12,38
LRHC,LRHC_C2026-09-28,2026-09-28,CONTROL,2026-09-28 (session date; post time unknown),America/New_York,2026-09-28 00:00 America/New_York (bars < T; sources with record date <= T-1 or publication <= T),B_SEC_OFFERING,DAYS_SINCE_LAST_OFFERING_FORM,262,2026-01-09,S07,0001213900-26-002923,2026-01-09,2026-01-10T02:09:32.000Z,2026-10-08T23:10:07.602837+00:00,2026-01-09,point-in-time (filing),1,1,HIGH,,filings before T: 342 · offering-class forms: 52 · last form S-8,52,262
LRHC,LRHC_C2026-09-28,2026-09-28,CONTROL,2026-09-28 (session date; post time unknown),America/New_York,2026-09-28 00:00 America/New_York (bars < T; sources with record date <= T-1 or publication <= T),B_SEC_OFFERING,DAYS_SINCE_LAST_FINAL_PROSPECTUS,584,2025-02-21,S07,0001213900-25-016152,2025-02-21,2025-02-22T03:15:12.000Z,2026-10-08T23:10:07.602837+00:00,2025-02-21,point-in-time (filing),1,1,HIGH,,final prospectuses (424B1/B4/B5) before T: 2,2,584
LRHC,LRHC_C2026-09-28,2026-09-28,CONTROL,2026-09-28 (session date; post time unknown),America/New_York,2026-09-28 00:00 America/New_York (bars < T; sources with record date <= T-1 or publication <= T),C_BORROW,AVAILABLE_SHARES,,,S04/S05/S01,,,,,,,0,,NONE,NO_HISTORICAL_SOURCE,no snapshot source before T,0,
LRHC,LRHC_C2026-09-28,2026-09-28,CONTROL,2026-09-28 (session date; post time unknown),America/New_York,2026-09-28 00:00 America/New_York (bars < T; sources with record date <= T-1 or publication <= T),D_SPLIT_AGE,SESSIONS_SINCE_LAST_REVERSE_SPLIT,14,2026-09-08,S06,yahoo:2026-09-08:0.16666666666666666,2026-10-08,unknown (vendor); SEC confirmation: 8-K item 5.03/3.03 within 21d: 1,2026-10-08,2026-09-08,CURRENT snapshot of historical dates,1,1,HIGH,,ratio=0.16666666666666666; reverse splits before T: 4 (raw 4); calendar days 20,4,20
ERNA,ERNA_C2026-09-28,2026-09-28,CONTROL,2026-09-28 (session date; post time unknown),America/New_York,2026-09-28 00:00 America/New_York (bars < T; sources with record date <= T-1 or publication <= T),A_FLOAT,FLOAT_SHARES,668717,2026-08-07,S01,wl:2c33d58cbb,2026-08-07T23:04:28,unknown (vendor),2026-08-07T23:04:28,2026-08-07,point-in-time (git),1,1,HIGH,,vendor floatShares; shares_outstanding fallback not used,22,52
ERNA,ERNA_C2026-09-28,2026-09-28,CONTROL,2026-09-28 (session date; post time unknown),America/New_York,2026-09-28 00:00 America/New_York (bars < T; sources with record date <= T-1 or publication <= T),A_FLOAT,SHARES_OUTSTANDING_DEI,1632411,2026-08-06,S07,0001493152-26-036424,2026-08-06,2026-08-06,2026-10-08T23:10:07.602837+00:00,2026-08-06,point-in-time (filed),1,1,HIGH,,10-Q cover page; shares outstanding ≠ float (upper bound),63,53
ERNA,ERNA_C2026-09-28,2026-09-28,CONTROL,2026-09-28 (session date; post time unknown),America/New_York,2026-09-28 00:00 America/New_York (bars < T; sources with record date <= T-1 or publication <= T),B_SEC_OFFERING,DAYS_SINCE_LAST_OFFERING_FORM,182,2026-03-30,S07,9999999995-26-000994,2026-03-30,2026-03-31T04:15:33.000Z,2026-10-08T23:10:07.602837+00:00,2026-03-30,point-in-time (filing),1,1,HIGH,,filings before T: 1521 · offering-class forms: 114 · last form EFFECT,114,182
ERNA,ERNA_C2026-09-28,2026-09-28,CONTROL,2026-09-28 (session date; post time unknown),America/New_York,2026-09-28 00:00 America/New_York (bars < T; sources with record date <= T-1 or publication <= T),B_SEC_OFFERING,DAYS_SINCE_LAST_FINAL_PROSPECTUS,230,2026-02-10,S07,0001493152-26-005898,2026-02-10,2026-02-10T13:42:27.000Z,2026-10-08T23:10:07.602837+00:00,2026-02-10,point-in-time (filing),1,1,HIGH,,final prospectuses (424B1/B4/B5) before T: 10,10,230
ERNA,ERNA_C2026-09-28,2026-09-28,CONTROL,2026-09-28 (session date; post time unknown),America/New_York,2026-09-28 00:00 America/New_York (bars < T; sources with record date <= T-1 or publication <= T),C_BORROW,AVAILABLE_SHARES,100000,2026-08-07,S04,ctb:2026-08-07,2026-08-07,IBKR snapshot ≤ harvest,2026-08-07,2026-08-07,point-in-time snapshot,1,1,HIGH,,fee=118.47; snapshots before T: 22,22,52
ERNA,ERNA_C2026-09-28,2026-09-28,CONTROL,2026-09-28 (session date; post time unknown),America/New_York,2026-09-28 00:00 America/New_York (bars < T; sources with record date <= T-1 or publication <= T),D_SPLIT_AGE,SESSIONS_SINCE_LAST_REVERSE_SPLIT,101,2026-05-04,S06,yahoo:2026-05-04:0.04,2026-10-08,unknown (vendor); SEC confirmation: 8-K item 5.03/3.03 within 21d: 1,2026-10-08,2026-05-04,CURRENT snapshot of historical dates,1,1,HIGH,,ratio=0.04; reverse splits before T: 5 (raw 5); calendar days 147,5,147
CSAI,CSAI_C2026-09-28,2026-09-28,CONTROL,2026-09-28 (session date; post time unknown),America/New_York,2026-09-28 00:00 America/New_York (bars < T; sources with record date <= T-1 or publication <= T),A_FLOAT,FLOAT_SHARES,,,S01/S02/S03,,,,,,,0,,NONE,NO_RECORD_FOUND,value exists only after T (not usable),0,
CSAI,CSAI_C2026-09-28,2026-09-28,CONTROL,2026-09-28 (session date; post time unknown),America/New_York,2026-09-28 00:00 America/New_York (bars < T; sources with record date <= T-1 or publication <= T),A_FLOAT,SHARES_OUTSTANDING_DEI,,,S07,,,,2026-10-08T23:10:07.602837+00:00,,,0,,NONE,NO_RECORD_FOUND,no dei:EntityCommonStockSharesOutstanding filed before T (foreign filers lack it),0,
CSAI,CSAI_C2026-09-28,2026-09-28,CONTROL,2026-09-28 (session date; post time unknown),America/New_York,2026-09-28 00:00 America/New_York (bars < T; sources with record date <= T-1 or publication <= T),B_SEC_OFFERING,DAYS_SINCE_LAST_OFFERING_FORM,236,2026-02-04,S07,9999999995-26-000449,2026-02-04,2026-02-05T05:15:19.000Z,2026-10-08T23:10:07.602837+00:00,2026-02-04,point-in-time (filing),1,1,HIGH,,filings before T: 233 · offering-class forms: 38 · last form EFFECT,38,236
CSAI,CSAI_C2026-09-28,2026-09-28,CONTROL,2026-09-28 (session date; post time unknown),America/New_York,2026-09-28 00:00 America/New_York (bars < T; sources with record date <= T-1 or publication <= T),B_SEC_OFFERING,DAYS_SINCE_LAST_FINAL_PROSPECTUS,586,2025-02-19,S07,0001683168-25-001090,2025-02-19,2025-02-19T11:00:19.000Z,2026-10-08T23:10:07.602837+00:00,2025-02-19,point-in-time (filing),1,1,HIGH,,final prospectuses (424B1/B4/B5) before T: 2,2,586
CSAI,CSAI_C2026-09-28,2026-09-28,CONTROL,2026-09-28 (session date; post time unknown),America/New_York,2026-09-28 00:00 America/New_York (bars < T; sources with record date <= T-1 or publication <= T),C_BORROW,AVAILABLE_SHARES,,,S04/S05/S01,,,,,,,0,,NONE,NO_RECORD_FOUND,snapshots exist only after T,0,
CSAI,CSAI_C2026-09-28,2026-09-28,CONTROL,2026-09-28 (session date; post time unknown),America/New_York,2026-09-28 00:00 America/New_York (bars < T; sources with record date <= T-1 or publication <= T),D_SPLIT_AGE,SESSIONS_SINCE_LAST_REVERSE_SPLIT,40,2026-07-31,S06,yahoo:2026-07-31:0.03333333333333333,2026-10-08,unknown (vendor); SEC confirmation: 8-K item 5.03/3.03 within 21d: 1,2026-10-08,2026-07-31,CURRENT snapshot of historical dates,1,1,HIGH,,ratio=0.03333333333333333; reverse splits before T: 1 (raw 1); calendar days 59,1,59
PLCE,PLCE_C2026-09-28,2026-09-28,CONTROL,2026-09-28 (session date; post time unknown),America/New_York,2026-09-28 00:00 America/New_York (bars < T; sources with record date <= T-1 or publication <= T),A_FLOAT,FLOAT_SHARES,7421621,2026-08-18,S01,wl:0c323592a5,2026-08-18T21:44:29,unknown (vendor),2026-08-18T21:44:29,2026-08-18,point-in-time (git),1,1,HIGH,,vendor floatShares; shares_outstanding fallback not used,56,41
PLCE,PLCE_C2026-09-28,2026-09-28,CONTROL,2026-09-28 (session date; post time unknown),America/New_York,2026-09-28 00:00 America/New_York (bars < T; sources with record date <= T-1 or publication <= T),A_FLOAT,SHARES_OUTSTANDING_DEI,22237067,2026-09-08,S07,0001628280-26-061861,2026-09-14,2026-09-14,2026-10-08T23:10:07.602837+00:00,2026-09-08,point-in-time (filed),1,1,HIGH,,10-Q cover page; shares outstanding ≠ float (upper bound),65,14
PLCE,PLCE_C2026-09-28,2026-09-28,CONTROL,2026-09-28 (session date; post time unknown),America/New_York,2026-09-28 00:00 America/New_York (bars < T; sources with record date <= T-1 or publication <= T),B_SEC_OFFERING,DAYS_SINCE_LAST_OFFERING_FORM,599,2025-02-06,S07,0001104659-25-010131,2025-02-06,2025-02-06T21:31:24.000Z,2026-10-08T23:10:07.602837+00:00,2025-02-06,point-in-time (filing),1,1,HIGH,,filings before T: 1986 · offering-class forms: 25 · last form 424B3,25,599
PLCE,PLCE_C2026-09-28,2026-09-28,CONTROL,2026-09-28 (session date; post time unknown),America/New_York,2026-09-28 00:00 America/New_York (bars < T; sources with record date <= T-1 or publication <= T),B_SEC_OFFERING,DAYS_SINCE_LAST_FINAL_PROSPECTUS,10044,1999-03-30,S07,0001047469-99-012304,1999-03-30,1999-03-30T05:00:00.000Z,2026-10-08T23:10:07.602837+00:00,1999-03-30,point-in-time (filing),1,1,HIGH,,final prospectuses (424B1/B4/B5) before T: 2,2,10044
PLCE,PLCE_C2026-09-28,2026-09-28,CONTROL,2026-09-28 (session date; post time unknown),America/New_York,2026-09-28 00:00 America/New_York (bars < T; sources with record date <= T-1 or publication <= T),C_BORROW,AVAILABLE_SHARES,15000,2026-08-18,S01,wl:0c323592a5,2026-08-18,IBKR snapshot ≤ harvest,2026-08-18,2026-08-18,point-in-time snapshot,1,1,HIGH,,fee=3.84; snapshots before T: 55,55,41
PLCE,PLCE_C2026-09-28,2026-09-28,CONTROL,2026-09-28 (session date; post time unknown),America/New_York,2026-09-28 00:00 America/New_York (bars < T; sources with record date <= T-1 or publication <= T),D_SPLIT_AGE,SESSIONS_SINCE_LAST_REVERSE_SPLIT,NO_CONFIRMED_PRIOR_REVERSE_SPLIT,,S06,,2026-10-08,,2026-10-08,,CURRENT snapshot,0,1,MEDIUM,RECORD_NOT_APPLICABLE,splits listed (any): 0; none reverse before T,0,
HTCO,HTCO_C2026-10-05,2026-10-05,CONTROL,2026-10-05 (session date; post time unknown),America/New_York,2026-10-05 00:00 America/New_York (bars < T; sources with record date <= T-1 or publication <= T),A_FLOAT,FLOAT_SHARES,4192287.0,2026-09-29,S03,nwf:a42606f3ff,2026-10-08T08:13:59,unknown (vendor),2026-10-08T08:13:59,2026-09-29,point-in-time (git),1,1,HIGH,,vendor floatShares; shares_outstanding fallback not used,142,6
HTCO,HTCO_C2026-10-05,2026-10-05,CONTROL,2026-10-05 (session date; post time unknown),America/New_York,2026-10-05 00:00 America/New_York (bars < T; sources with record date <= T-1 or publication <= T),A_FLOAT,SHARES_OUTSTANDING_DEI,6632441,2025-10-31,S07,0001213900-26-040491,2026-04-06,2026-04-06,2026-10-08T23:10:07.602837+00:00,2025-10-31,point-in-time (filed),1,1,HIGH,,20-F/A cover page; shares outstanding ≠ float (upper bound),5,182
HTCO,HTCO_C2026-10-05,2026-10-05,CONTROL,2026-10-05 (session date; post time unknown),America/New_York,2026-10-05 00:00 America/New_York (bars < T; sources with record date <= T-1 or publication <= T),B_SEC_OFFERING,DAYS_SINCE_LAST_OFFERING_FORM,144,2026-05-14,S07,0001213900-26-056737,2026-05-14,2026-05-14T20:45:38.000Z,2026-10-08T23:10:07.602837+00:00,2026-05-14,point-in-time (filing),1,1,HIGH,,filings before T: 121 · offering-class forms: 8 · last form 424B5,8,144
HTCO,HTCO_C2026-10-05,2026-10-05,CONTROL,2026-10-05 (session date; post time unknown),America/New_York,2026-10-05 00:00 America/New_York (bars < T; sources with record date <= T-1 or publication <= T),B_SEC_OFFERING,DAYS_SINCE_LAST_FINAL_PROSPECTUS,144,2026-05-14,S07,0001213900-26-056737,2026-05-14,2026-05-14T20:45:38.000Z,2026-10-08T23:10:07.602837+00:00,2026-05-14,point-in-time (filing),1,1,HIGH,,final prospectuses (424B1/B4/B5) before T: 1,1,144
HTCO,HTCO_C2026-10-05,2026-10-05,CONTROL,2026-10-05 (session date; post time unknown),America/New_York,2026-10-05 00:00 America/New_York (bars < T; sources with record date <= T-1 or publication <= T),C_BORROW,AVAILABLE_SHARES,150000,2026-08-21,S04,ctb:2026-08-21,2026-08-21,IBKR snapshot ≤ harvest,2026-08-21,2026-08-21,point-in-time snapshot,1,1,HIGH,,fee=110.15; snapshots before T: 1,1,45
HTCO,HTCO_C2026-10-05,2026-10-05,CONTROL,2026-10-05 (session date; post time unknown),America/New_York,2026-10-05 00:00 America/New_York (bars < T; sources with record date <= T-1 or publication <= T),D_SPLIT_AGE,SESSIONS_SINCE_LAST_REVERSE_SPLIT,290,2025-08-08,S06,yahoo:2025-08-08:0.04,2026-10-08,unknown (vendor); SEC confirmation: 8-K item 5.03/3.03 within 21d: 0,2026-10-08,2025-08-08,CURRENT snapshot of historical dates,0,1,MEDIUM,,ratio=0.04; reverse splits before T: 1 (raw 1); calendar days 423,1,423
SXTP,SXTP_C2026-10-05,2026-10-05,CONTROL,2026-10-05 (session date; post time unknown),America/New_York,2026-10-05 00:00 America/New_York (bars < T; sources with record date <= T-1 or publication <= T),A_FLOAT,FLOAT_SHARES,2438152,2026-10-03,S01,wl:ee9048c783,2026-10-03T02:08:52,unknown (vendor),2026-10-03T02:08:52,2026-10-03,point-in-time (git),1,1,HIGH,,vendor floatShares; shares_outstanding fallback not used,43,2
SXTP,SXTP_C2026-10-05,2026-10-05,CONTROL,2026-10-05 (session date; post time unknown),America/New_York,2026-10-05 00:00 America/New_York (bars < T; sources with record date <= T-1 or publication <= T),A_FLOAT,SHARES_OUTSTANDING_DEI,3516988,2026-08-14,S07,0001554855-26-001860,2026-08-14,2026-08-14,2026-10-08T23:10:07.602837+00:00,2026-08-14,point-in-time (filed),1,1,HIGH,,10-Q cover page; shares outstanding ≠ float (upper bound),13,52
SXTP,SXTP_C2026-10-05,2026-10-05,CONTROL,2026-10-05 (session date; post time unknown),America/New_York,2026-10-05 00:00 America/New_York (bars < T; sources with record date <= T-1 or publication <= T),B_SEC_OFFERING,DAYS_SINCE_LAST_OFFERING_FORM,41,2026-08-25,S07,9999999995-26-002759,2026-08-25,2026-08-26T08:15:16.000Z,2026-10-08T23:10:07.602837+00:00,2026-08-25,point-in-time (filing),1,1,HIGH,,filings before T: 219 · offering-class forms: 33 · last form EFFECT,33,41
SXTP,SXTP_C2026-10-05,2026-10-05,CONTROL,2026-10-05 (session date; post time unknown),America/New_York,2026-10-05 00:00 America/New_York (bars < T; sources with record date <= T-1 or publication <= T),B_SEC_OFFERING,DAYS_SINCE_LAST_FINAL_PROSPECTUS,206,2026-03-13,S07,0001213900-26-027763,2026-03-13,2026-03-14T01:17:36.000Z,2026-10-08T23:10:07.602837+00:00,2026-03-13,point-in-time (filing),1,1,HIGH,,final prospectuses (424B1/B4/B5) before T: 13,13,206
SXTP,SXTP_C2026-10-05,2026-10-05,CONTROL,2026-10-05 (session date; post time unknown),America/New_York,2026-10-05 00:00 America/New_York (bars < T; sources with record date <= T-1 or publication <= T),C_BORROW,AVAILABLE_SHARES,25000,2026-10-03,S04,ctb:2026-10-03,2026-10-03,IBKR snapshot ≤ harvest,2026-10-03,2026-10-03,point-in-time snapshot,1,1,HIGH,,fee=25.1; snapshots before T: 27,27,2
SXTP,SXTP_C2026-10-05,2026-10-05,CONTROL,2026-10-05 (session date; post time unknown),America/New_York,2026-10-05 00:00 America/New_York (bars < T; sources with record date <= T-1 or publication <= T),D_SPLIT_AGE,SESSIONS_SINCE_LAST_REVERSE_SPLIT,178,2026-01-20,S06,yahoo:2026-01-20:0.25,2026-10-08,unknown (vendor); SEC confirmation: 8-K item 5.03/3.03 within 21d: 1,2026-10-08,2026-01-20,CURRENT snapshot of historical dates,1,1,HIGH,,ratio=0.25; reverse splits before T: 3 (raw 3); calendar days 258,3,258
ATCX,ATCX_C2026-10-05,2026-10-05,CONTROL,2026-10-05 (session date; post time unknown),America/New_York,2026-10-05 00:00 America/New_York (bars < T; sources with record date <= T-1 or publication <= T),A_FLOAT,FLOAT_SHARES,,,S01/S02/S03,,,,,,,0,,NONE,NO_HISTORICAL_SOURCE,no bot record,0,
ATCX,ATCX_C2026-10-05,2026-10-05,CONTROL,2026-10-05 (session date; post time unknown),America/New_York,2026-10-05 00:00 America/New_York (bars < T; sources with record date <= T-1 or publication <= T),A_FLOAT,SHARES_OUTSTANDING_DEI,3474972,2025-12-31,S07,0001493152-26-007592,2026-02-20,2026-02-20,2026-10-08T23:10:07.602837+00:00,2025-12-31,point-in-time (filed),1,1,HIGH,,20-F cover page; shares outstanding ≠ float (upper bound),10,227
ATCX,ATCX_C2026-10-05,2026-10-05,CONTROL,2026-10-05 (session date; post time unknown),America/New_York,2026-10-05 00:00 America/New_York (bars < T; sources with record date <= T-1 or publication <= T),B_SEC_OFFERING,DAYS_SINCE_LAST_OFFERING_FORM,266,2026-01-12,S07,0001493152-26-001253,2026-01-12,2026-01-12T19:29:03.000Z,2026-10-08T23:10:07.602837+00:00,2026-01-12,point-in-time (filing),1,1,HIGH,,filings before T: 94 · offering-class forms: 13 · last form 424B4,13,266
ATCX,ATCX_C2026-10-05,2026-10-05,CONTROL,2026-10-05 (session date; post time unknown),America/New_York,2026-10-05 00:00 America/New_York (bars < T; sources with record date <= T-1 or publication <= T),B_SEC_OFFERING,DAYS_SINCE_LAST_FINAL_PROSPECTUS,266,2026-01-12,S07,0001493152-26-001253,2026-01-12,2026-01-12T19:29:03.000Z,2026-10-08T23:10:07.602837+00:00,2026-01-12,point-in-time (filing),1,1,HIGH,,final prospectuses (424B1/B4/B5) before T: 2,2,266
ATCX,ATCX_C2026-10-05,2026-10-05,CONTROL,2026-10-05 (session date; post time unknown),America/New_York,2026-10-05 00:00 America/New_York (bars < T; sources with record date <= T-1 or publication <= T),C_BORROW,AVAILABLE_SHARES,400000,2026-10-03,S04,ctb:2026-10-03,2026-10-03,IBKR snapshot ≤ harvest,2026-10-03,2026-10-03,point-in-time snapshot,1,1,HIGH,,fee=4.56; snapshots before T: 1,1,2
ATCX,ATCX_C2026-10-05,2026-10-05,CONTROL,2026-10-05 (session date; post time unknown),America/New_York,2026-10-05 00:00 America/New_York (bars < T; sources with record date <= T-1 or publication <= T),D_SPLIT_AGE,SESSIONS_SINCE_LAST_REVERSE_SPLIT,NO_CONFIRMED_PRIOR_REVERSE_SPLIT,,S06,,2026-10-08,,2026-10-08,,CURRENT snapshot,0,1,MEDIUM,RECORD_NOT_APPLICABLE,splits listed (any): 0; none reverse before T,0,
CGTL,CGTL_C2026-10-05,2026-10-05,CONTROL,2026-10-05 (session date; post time unknown),America/New_York,2026-10-05 00:00 America/New_York (bars < T; sources with record date <= T-1 or publication <= T),A_FLOAT,FLOAT_SHARES,1094375,2026-10-03,S01,wl:ee9048c783,2026-10-03T02:08:52,unknown (vendor),2026-10-03T02:08:52,2026-10-03,point-in-time (git),1,1,HIGH,,vendor floatShares; shares_outstanding fallback not used,57,2
CGTL,CGTL_C2026-10-05,2026-10-05,CONTROL,2026-10-05 (session date; post time unknown),America/New_York,2026-10-05 00:00 America/New_York (bars < T; sources with record date <= T-1 or publication <= T),A_FLOAT,SHARES_OUTSTANDING_DEI,21437500,2024-09-30,S07,0001213900-25-008172,2025-01-30,2025-01-30,2026-10-08T23:10:07.602837+00:00,2024-09-30,point-in-time (filed),1,1,HIGH,,20-F cover page; shares outstanding ≠ float (upper bound),1,613
CGTL,CGTL_C2026-10-05,2026-10-05,CONTROL,2026-10-05 (session date; post time unknown),America/New_York,2026-10-05 00:00 America/New_York (bars < T; sources with record date <= T-1 or publication <= T),B_SEC_OFFERING,DAYS_SINCE_LAST_OFFERING_FORM,381,2025-09-19,S07,9999999995-25-003012,2025-09-19,2025-09-22T04:15:05.000Z,2026-10-08T23:10:07.602837+00:00,2025-09-19,point-in-time (filing),1,1,HIGH,,filings before T: 87 · offering-class forms: 26 · last form EFFECT,26,381
CGTL,CGTL_C2026-10-05,2026-10-05,CONTROL,2026-10-05 (session date; post time unknown),America/New_York,2026-10-05 00:00 America/New_York (bars < T; sources with record date <= T-1 or publication <= T),B_SEC_OFFERING,DAYS_SINCE_LAST_FINAL_PROSPECTUS,678,2024-11-26,S07,0001213900-24-102413,2024-11-26,2024-11-26T11:39:03.000Z,2026-10-08T23:10:07.602837+00:00,2024-11-26,point-in-time (filing),1,1,HIGH,,final prospectuses (424B1/B4/B5) before T: 2,2,678
CGTL,CGTL_C2026-10-05,2026-10-05,CONTROL,2026-10-05 (session date; post time unknown),America/New_York,2026-10-05 00:00 America/New_York (bars < T; sources with record date <= T-1 or publication <= T),C_BORROW,AVAILABLE_SHARES,10000,2026-10-03,S04,ctb:2026-10-03,2026-10-03,IBKR snapshot ≤ harvest,2026-10-03,2026-10-03,point-in-time snapshot,1,1,HIGH,,fee=226.11; snapshots before T: 38,38,2
CGTL,CGTL_C2026-10-05,2026-10-05,CONTROL,2026-10-05 (session date; post time unknown),America/New_York,2026-10-05 00:00 America/New_York (bars < T; sources with record date <= T-1 or publication <= T),D_SPLIT_AGE,SESSIONS_SINCE_LAST_REVERSE_SPLIT,63,2026-07-07,S06,yahoo:2026-07-07:0.06666666666666667,2026-10-08,unknown (vendor); SEC confirmation: 8-K item 5.03/3.03 within 21d: 0,2026-10-08,2026-07-07,CURRENT snapshot of historical dates,0,1,MEDIUM,,ratio=0.06666666666666667; reverse splits before T: 1 (raw 1); calendar days 90,1,90
