group,symbol,date,asof,faisal_state,image,CURRENT,CURRENT_reason,CURRENT_gate,NO_M1,NO_M2_CEIL,NO_M2_FLOOR,NO_M3,NO_M4_RANGE,NO_M4_RISE,NO_M5,NO_RSI_OS,NO_RSI_NOW,NO_SOFT,NO_ANCHOR,NO_SCORE,NO_ALL_IDENTITY
faisal,AMIX,2026-08-24,2026-08-21,ENTRY,X_20260827_amix_3m_inflow,REJECT,M3_انفجار_تحت_60,M3,M3,M3,M3,M4_RANGE,M3,M3,M3,M3,M3,M3,M3,M3,PASS
faisal,BETA,2026-04-05,2026-04-02,WATCH,TG_2117,TOO_FEW_BARS,MIN_BARS,DEPTH,TOO_FEW_BARS,TOO_FEW_BARS,TOO_FEW_BARS,TOO_FEW_BARS,TOO_FEW_BARS,TOO_FEW_BARS,TOO_FEW_BARS,TOO_FEW_BARS,TOO_FEW_BARS,TOO_FEW_BARS,TOO_FEW_BARS,TOO_FEW_BARS,TOO_FEW_BARS
faisal,BRTX,2026-10-03,2026-10-02,WATCH,TG_58402,REJECT,M_لا_مستوى_مختبر,ANCHOR,ANCHOR,ANCHOR,ANCHOR,ANCHOR,ANCHOR,ANCHOR,ANCHOR,ANCHOR,ANCHOR,ANCHOR,PASS,ANCHOR,PASS
faisal,CANF,2026-07-20,2026-07-17,WATCH,TG_1833,REJECT,M3_انفجار_تحت_60,M3,M3,M3,M3,M4_RANGE,M3,M3,M3,M3,M3,M3,M3,M3,PASS
faisal,CANF,2026-07-31,2026-07-30,WATCH,IMG_0602,REJECT,M3_انفجار_تحت_60,M3,M3,M3,M3,ANCHOR,M3,M3,M3,M3,M3,M3,M3,M3,PASS
faisal,CANF,2026-08-01,2026-07-31,WATCH,IMG_0510,REJECT,M3_انفجار_تحت_60,M3,M3,M3,M3,ANCHOR,M3,M3,M3,M3,M3,M3,M3,M3,PASS
faisal,CDIO,2026-01-28,2026-01-27,WATCH,TG_2089,REJECT,M3_انفجار_تحت_60,M3,M3,M3,M3,PASS,M3,M3,M3,M3,M3,M3,M3,M3,PASS
faisal,CIIT,2026-09-25,2026-09-24,WATCH,TG_57881,REJECT,M_لا_مستوى_مختبر,ANCHOR,ANCHOR,ANCHOR,ANCHOR,ANCHOR,ANCHOR,ANCHOR,ANCHOR,ANCHOR,ANCHOR,ANCHOR,PASS,ANCHOR,PASS
faisal,CIIT,2026-09-26,2026-09-25,WATCH,TG_57879,REJECT,M_لا_مستوى_مختبر,ANCHOR,ANCHOR,ANCHOR,ANCHOR,ANCHOR,ANCHOR,ANCHOR,ANCHOR,ANCHOR,ANCHOR,ANCHOR,PASS,ANCHOR,PASS
faisal,CRE,2025-08-02,2025-08-01,ENTRY,TG_2103,TOO_FEW_BARS,MIN_BARS,DEPTH,TOO_FEW_BARS,TOO_FEW_BARS,TOO_FEW_BARS,TOO_FEW_BARS,TOO_FEW_BARS,TOO_FEW_BARS,TOO_FEW_BARS,TOO_FEW_BARS,TOO_FEW_BARS,TOO_FEW_BARS,TOO_FEW_BARS,TOO_FEW_BARS,TOO_FEW_BARS
faisal,DCOY,2026-09-22,2026-09-21,WATCH,TG_50575,REJECT,M_لا_مستوى_مختبر,ANCHOR,ANCHOR,ANCHOR,ANCHOR,ANCHOR,ANCHOR,ANCHOR,ANCHOR,ANCHOR,ANCHOR,ANCHOR,PASS,ANCHOR,PASS
faisal,DKI,2026-09-13,2026-09-11,FOCUS,X_20260918_22_pipeline,REJECT,M_لا_مستوى_مختبر,ANCHOR,ANCHOR,ANCHOR,ANCHOR,ANCHOR,ANCHOR,ANCHOR,ANCHOR,ANCHOR,ANCHOR,ANCHOR,PASS,ANCHOR,PASS
faisal,DXST,2026-06-16,2026-06-15,WATCH,IMG_0627,REJECT,M4_base_واسعة,M4_RANGE,M4_RANGE,M4_RANGE,M4_RANGE,M4_RANGE,ANCHOR,M4_RANGE,M4_RANGE,M4_RANGE,M4_RANGE,M4_RANGE,M4_RANGE,M4_RANGE,PASS
faisal,DXST,2026-08-04,2026-08-03,WATCH,IMG_0688,PASS,,,PASS,PASS,PASS,PASS,PASS,PASS,PASS,PASS,PASS,PASS,PASS,PASS,PASS
faisal,EDBL,2026-09-22,2026-09-21,WATCH,TG_50579,REJECT,M_لا_مستوى_مختبر,ANCHOR,ANCHOR,ANCHOR,ANCHOR,ANCHOR,ANCHOR,ANCHOR,ANCHOR,ANCHOR,ANCHOR,ANCHOR,PASS,ANCHOR,PASS
faisal,EHGO,2026-05-22,2026-05-21,WATCH,TG_1822,REJECT,M3_انفجار_تحت_60,M3,M3,M3,M3,ANCHOR,M3,M3,M3,M3,M3,M3,M3,M3,PASS
faisal,ELAB,2026-04-12,2026-04-10,WATCH,TG_1997,REJECT,M4_base_واسعة,M4_RANGE,M4_RANGE,M4_RANGE,M4_RANGE,M4_RANGE,ANCHOR,M4_RANGE,M4_RANGE,M4_RANGE,M4_RANGE,M4_RANGE,M4_RANGE,M4_RANGE,PASS
faisal,ELPW,2026-01-22,2026-01-21,WATCH,TG_2095,REJECT,M_لا_مستوى_مختبر,ANCHOR,ANCHOR,ANCHOR,ANCHOR,ANCHOR,ANCHOR,ANCHOR,ANCHOR,ANCHOR,ANCHOR,ANCHOR,PASS,ANCHOR,PASS
faisal,FRSX,2026-03-28,2026-03-27,WATCH,TG_2079,REJECT,M3_انفجار_تحت_60,M3,M3,M3,M3,ANCHOR,M3,M3,M3,M3,M3,M3,M3,M3,PASS
faisal,GCTK,2026-09-24,2026-09-23,READY,TG_57890,REJECT,M_لا_مستوى_مختبر,ANCHOR,ANCHOR,ANCHOR,ANCHOR,ANCHOR,ANCHOR,ANCHOR,ANCHOR,ANCHOR,ANCHOR,ANCHOR,PASS,ANCHOR,PASS
faisal,HUBC,2026-04-24,2026-04-23,WATCH,TG_2098,REJECT,M4_base_واسعة,M4_RANGE,M4_RANGE,M4_RANGE,M4_RANGE,M4_RANGE,ANCHOR,M4_RANGE,M4_RANGE,M4_RANGE,M4_RANGE,M4_RANGE,M4_RANGE,M4_RANGE,PASS
faisal,IPDN,2026-09-23,2026-09-22,WATCH,TG_50833,REJECT,M4_base_واسعة,M4_RANGE,M4_RANGE,M4_RANGE,M4_RANGE,M4_RANGE,ANCHOR,M4_RANGE,M4_RANGE,M4_RANGE,M4_RANGE,M4_RANGE,M4_RANGE,M4_RANGE,PASS
faisal,LIMN,2026-09-22,2026-09-21,WATCH,TG_50585,PASS,,,PASS,PASS,PASS,PASS,PASS,PASS,PASS,PASS,PASS,PASS,PASS,PASS,PASS
faisal,MNDR,2026-07-31,2026-07-30,WATCH,IMG_0566,REJECT,M4_base_واسعة,M4_RANGE,M4_RANGE,M4_RANGE,M4_RANGE,M4_RANGE,ANCHOR,M4_RANGE,M4_RANGE,M4_RANGE,M4_RANGE,M4_RANGE,M4_RANGE,M4_RANGE,PASS
faisal,NRSN,2026-09-27,2026-09-25,WATCH,TG_57867,REJECT,M_لا_مستوى_مختبر,ANCHOR,ANCHOR,ANCHOR,ANCHOR,ANCHOR,ANCHOR,ANCHOR,ANCHOR,ANCHOR,ANCHOR,ANCHOR,PASS,ANCHOR,PASS
faisal,NUWE,2026-07-28,2026-07-27,WATCH,IMG_0413,REJECT,M_لا_مستوى_مختبر,ANCHOR,ANCHOR,ANCHOR,ANCHOR,ANCHOR,ANCHOR,ANCHOR,ANCHOR,ANCHOR,ANCHOR,ANCHOR,PASS,ANCHOR,PASS
faisal,NUWE,2026-09-04,2026-09-03,WATCH,WA_20260918_46_NUWE,REJECT,M_لا_مستوى_مختبر,ANCHOR,ANCHOR,ANCHOR,ANCHOR,ANCHOR,ANCHOR,ANCHOR,ANCHOR,ANCHOR,ANCHOR,ANCHOR,PASS,ANCHOR,PASS
faisal,OMH,2026-09-26,2026-09-25,WATCH,TG_57870,REJECT,M_لا_مستوى_مختبر,ANCHOR,ANCHOR,ANCHOR,ANCHOR,ANCHOR,ANCHOR,ANCHOR,ANCHOR,ANCHOR,ANCHOR,ANCHOR,PASS,ANCHOR,PASS
faisal,ONCO,2026-07-26,2026-07-24,WATCH,IMG_0267,REJECT,M3_انفجار_تحت_60,M3,M3,M3,M3,ANCHOR,M3,M3,M3,M3,M3,M3,M3,M3,PASS
faisal,ONCO,2026-07-27,2026-07-24,WATCH,IMG_0320,REJECT,M3_انفجار_تحت_60,M3,M3,M3,M3,ANCHOR,M3,M3,M3,M3,M3,M3,M3,M3,PASS
faisal,PIII,2026-05-16,2026-05-15,READY,TG_1860,REJECT,M2_هبوط_تحت_40,M2_FLOOR,M2_FLOOR,M2_FLOOR,M4_RANGE,M2_FLOOR,M2_FLOOR,M2_FLOOR,M2_FLOOR,M2_FLOOR,M2_FLOOR,M2_FLOOR,M2_FLOOR,M2_FLOOR,PASS
faisal,PPBT,2026-09-04,2026-09-03,WATCH,X_20260905_01,REJECT,M10_RSI_فات_القطار,RSI_NOW,RSI_NOW,RSI_NOW,RSI_NOW,RSI_NOW,RSI_NOW,RSI_NOW,RSI_NOW,RSI_NOW,ANCHOR,RSI_NOW,RSI_NOW,RSI_NOW,PASS
faisal,SLXN,2026-08-06,2026-08-05,WATCH,IMG_0508,REJECT,M_لا_مستوى_مختبر,ANCHOR,ANCHOR,ANCHOR,ANCHOR,ANCHOR,ANCHOR,ANCHOR,ANCHOR,ANCHOR,ANCHOR,ANCHOR,PASS,ANCHOR,PASS
faisal,SMX,2026-04-25,2026-04-24,WATCH,TG_1908,REJECT,M2_هبوط_فوق_97,M2_CEIL,M2_CEIL,M4_RANGE,M2_CEIL,M2_CEIL,M2_CEIL,M2_CEIL,M2_CEIL,M2_CEIL,M2_CEIL,M2_CEIL,M2_CEIL,M2_CEIL,PASS
faisal,SMX,2026-05-24,2026-05-22,WATCH,TG_2034,REJECT,M2_هبوط_فوق_97,M2_CEIL,M2_CEIL,M4_RANGE,M2_CEIL,M2_CEIL,M2_CEIL,M2_CEIL,M2_CEIL,M2_CEIL,M2_CEIL,M2_CEIL,M2_CEIL,M2_CEIL,PASS
faisal,SPRC,2026-07-17,2026-07-16,READY,IMG_0395,REJECT,M_لا_مستوى_مختبر,ANCHOR,ANCHOR,ANCHOR,ANCHOR,ANCHOR,ANCHOR,ANCHOR,ANCHOR,ANCHOR,ANCHOR,ANCHOR,PASS,ANCHOR,PASS
faisal,SPRC,2026-07-20,2026-07-17,WATCH,IMG_0393,REJECT,M_لا_مستوى_مختبر,ANCHOR,ANCHOR,ANCHOR,ANCHOR,ANCHOR,ANCHOR,ANCHOR,ANCHOR,ANCHOR,ANCHOR,ANCHOR,PASS,ANCHOR,PASS
faisal,STKH,2026-09-04,2026-09-03,WATCH,TG_20260905_09,REJECT,M4_base_واسعة,M4_RANGE,M4_RANGE,M4_RANGE,M4_RANGE,M4_RANGE,ANCHOR,M4_RANGE,M4_RANGE,M4_RANGE,M4_RANGE,M4_RANGE,M4_RANGE,M4_RANGE,PASS
faisal,SXTC,2026-09-10,2026-09-09,READY,WA_20260918_31_SXTC,REJECT,M2_هبوط_فوق_97,M2_CEIL,M2_CEIL,M4_RANGE,M2_CEIL,M2_CEIL,M2_CEIL,M2_CEIL,M2_CEIL,M2_CEIL,M2_CEIL,M2_CEIL,M2_CEIL,M2_CEIL,PASS
faisal,SXTC,2026-09-11,2026-09-10,ENTRY,X_20260918_24_SXTC,REJECT,M2_هبوط_فوق_97,M2_CEIL,M2_CEIL,M4_RANGE,M2_CEIL,M2_CEIL,M2_CEIL,M2_CEIL,M2_CEIL,M2_CEIL,M2_CEIL,M2_CEIL,M2_CEIL,M2_CEIL,PASS
faisal,SXTC,2026-09-13,2026-09-11,FOCUS,X_20260918_22_pipeline,REJECT,M2_هبوط_فوق_97,M2_CEIL,M2_CEIL,M4_RANGE,M2_CEIL,M2_CEIL,M2_CEIL,M2_CEIL,M2_CEIL,M2_CEIL,M2_CEIL,M2_CEIL,M2_CEIL,M2_CEIL,PASS
faisal,SXTC,2026-09-24,2026-09-23,ENTRY,TG_58527,REJECT,M2_هبوط_فوق_97,M2_CEIL,M2_CEIL,ANCHOR,M2_CEIL,M2_CEIL,M2_CEIL,M2_CEIL,M2_CEIL,M2_CEIL,M2_CEIL,M2_CEIL,M2_CEIL,M2_CEIL,PASS
faisal,TRUG,2026-03-30,2026-03-27,WATCH,TG_2121,REJECT,M3_انفجار_تحت_60,M3,M3,M3,M3,ANCHOR,M3,M3,M3,M3,M3,M3,M3,M3,PASS
faisal,UPC,2026-07-31,2026-07-30,READY,IMG_0587,REJECT,M_لا_مستوى_مختبر,ANCHOR,ANCHOR,ANCHOR,ANCHOR,ANCHOR,ANCHOR,ANCHOR,ANCHOR,ANCHOR,ANCHOR,ANCHOR,PASS,ANCHOR,PASS
faisal,WORX,2026-04-11,2026-04-10,WATCH,IMG_0150,REJECT,M_لا_مستوى_مختبر,ANCHOR,ANCHOR,ANCHOR,ANCHOR,ANCHOR,ANCHOR,ANCHOR,ANCHOR,ANCHOR,ANCHOR,ANCHOR,PASS,ANCHOR,PASS
faisal,YMT,2026-09-04,2026-09-03,WATCH,X_20260905_10,REJECT,M3_انفجار_تحت_60,M3,M3,M3,M3,M4_RANGE,M3,M3,M3,M3,M3,M3,M3,M3,PASS
faisal,ZCMD,2026-07-02,2026-07-01,WATCH,TG_1828,REJECT,M3_انفجار_تحت_60,M3,M3,M3,M3,M4_RANGE,M3,M3,M3,M3,M3,M3,M3,M3,PASS
faisal,ZNB,2026-08-01,2026-07-31,WATCH,IMG_0697,REJECT,M2_هبوط_فوق_97,M2_CEIL,M2_CEIL,ANCHOR,M2_CEIL,M2_CEIL,M2_CEIL,M2_CEIL,M2_CEIL,M2_CEIL,M2_CEIL,M2_CEIL,M2_CEIL,M2_CEIL,PASS
faisal,MSGY,2026-09-13,2026-09-11,FOCUS,X_20260918_23_watchlist,REJECT,M_لا_مستوى_مختبر,ANCHOR,ANCHOR,ANCHOR,ANCHOR,ANCHOR,ANCHOR,ANCHOR,ANCHOR,ANCHOR,ANCHOR,ANCHOR,PASS,ANCHOR,PASS
faisal,CUPR,2026-09-13,2026-09-11,FOCUS,X_20260918_23_watchlist,REJECT,M_لا_مستوى_مختبر,ANCHOR,ANCHOR,ANCHOR,ANCHOR,ANCHOR,ANCHOR,ANCHOR,ANCHOR,ANCHOR,ANCHOR,ANCHOR,PASS,ANCHOR,PASS
faisal,YMT,2026-09-13,2026-09-11,FOCUS,X_20260918_23_watchlist,REJECT,M3_انفجار_تحت_60,M3,M3,M3,M3,M4_RANGE,M3,M3,M3,M3,M3,M3,M3,M3,PASS
faisal,CETX,2026-09-13,2026-09-11,FOCUS,X_20260918_23_watchlist,PASS,,,PASS,PASS,PASS,PASS,PASS,PASS,PASS,PASS,PASS,PASS,PASS,PASS,PASS
faisal,SVRE,2026-09-13,2026-09-11,FOCUS,X_20260918_23_watchlist,REJECT,M_لا_مستوى_مختبر,ANCHOR,ANCHOR,ANCHOR,ANCHOR,ANCHOR,ANCHOR,ANCHOR,ANCHOR,ANCHOR,ANCHOR,ANCHOR,PASS,ANCHOR,PASS
anchor,DKI,2026-08-13,2026-08-12,,,REJECT,M_لا_مستوى_مختبر,ANCHOR,ANCHOR,ANCHOR,ANCHOR,ANCHOR,ANCHOR,ANCHOR,ANCHOR,ANCHOR,ANCHOR,ANCHOR,PASS,ANCHOR,PASS
anchor,DKI,2026-08-14,2026-08-13,,,REJECT,M_لا_مستوى_مختبر,ANCHOR,ANCHOR,ANCHOR,ANCHOR,ANCHOR,ANCHOR,ANCHOR,ANCHOR,ANCHOR,ANCHOR,ANCHOR,PASS,ANCHOR,PASS
anchor,DKI,2026-08-17,2026-08-14,,,REJECT,M_لا_مستوى_مختبر,ANCHOR,ANCHOR,ANCHOR,ANCHOR,ANCHOR,ANCHOR,ANCHOR,ANCHOR,ANCHOR,ANCHOR,ANCHOR,PASS,ANCHOR,PASS
anchor,DKI,2026-08-18,2026-08-17,,,REJECT,M_لا_مستوى_مختبر,ANCHOR,ANCHOR,ANCHOR,ANCHOR,ANCHOR,ANCHOR,ANCHOR,ANCHOR,ANCHOR,ANCHOR,ANCHOR,PASS,ANCHOR,PASS
anchor,DKI,2026-08-19,2026-08-18,,,REJECT,M_لا_مستوى_مختبر,ANCHOR,ANCHOR,ANCHOR,ANCHOR,ANCHOR,ANCHOR,ANCHOR,ANCHOR,ANCHOR,ANCHOR,ANCHOR,PASS,ANCHOR,PASS
anchor,DKI,2026-08-20,2026-08-19,,,REJECT,M_لا_مستوى_مختبر,ANCHOR,ANCHOR,ANCHOR,ANCHOR,ANCHOR,ANCHOR,ANCHOR,ANCHOR,ANCHOR,ANCHOR,ANCHOR,PASS,ANCHOR,PASS
anchor,DKI,2026-08-21,2026-08-20,,,REJECT,M_لا_مستوى_مختبر,ANCHOR,ANCHOR,ANCHOR,ANCHOR,ANCHOR,ANCHOR,ANCHOR,ANCHOR,ANCHOR,ANCHOR,ANCHOR,PASS,ANCHOR,PASS
anchor,DKI,2026-08-24,2026-08-21,,,REJECT,M_لا_مستوى_مختبر,ANCHOR,ANCHOR,ANCHOR,ANCHOR,ANCHOR,ANCHOR,ANCHOR,ANCHOR,ANCHOR,ANCHOR,ANCHOR,PASS,ANCHOR,PASS
anchor,DKI,2026-08-25,2026-08-24,,,REJECT,M_لا_مستوى_مختبر,ANCHOR,ANCHOR,ANCHOR,ANCHOR,ANCHOR,ANCHOR,ANCHOR,ANCHOR,ANCHOR,ANCHOR,ANCHOR,PASS,ANCHOR,PASS
anchor,DKI,2026-08-26,2026-08-25,,,REJECT,M_لا_مستوى_مختبر,ANCHOR,ANCHOR,ANCHOR,ANCHOR,ANCHOR,ANCHOR,ANCHOR,ANCHOR,ANCHOR,ANCHOR,ANCHOR,PASS,ANCHOR,PASS
anchor,DKI,2026-08-27,2026-08-26,,,REJECT,M_لا_مستوى_مختبر,ANCHOR,ANCHOR,ANCHOR,ANCHOR,ANCHOR,ANCHOR,ANCHOR,ANCHOR,ANCHOR,ANCHOR,ANCHOR,PASS,ANCHOR,PASS
anchor,DKI,2026-08-28,2026-08-27,,,REJECT,M_لا_مستوى_مختبر,ANCHOR,ANCHOR,ANCHOR,ANCHOR,ANCHOR,ANCHOR,ANCHOR,ANCHOR,ANCHOR,ANCHOR,ANCHOR,PASS,ANCHOR,PASS
anchor,DKI,2026-08-31,2026-08-28,,,PASS,,,PASS,PASS,PASS,PASS,PASS,PASS,PASS,PASS,PASS,PASS,PASS,PASS,PASS
anchor,DKI,2026-09-01,2026-08-31,,,REJECT,M_لا_مستوى_مختبر,ANCHOR,ANCHOR,ANCHOR,ANCHOR,ANCHOR,ANCHOR,ANCHOR,ANCHOR,ANCHOR,ANCHOR,ANCHOR,PASS,ANCHOR,PASS
anchor,DKI,2026-09-02,2026-09-01,,,REJECT,M_لا_مستوى_مختبر,ANCHOR,ANCHOR,ANCHOR,ANCHOR,ANCHOR,ANCHOR,ANCHOR,ANCHOR,ANCHOR,ANCHOR,ANCHOR,PASS,ANCHOR,PASS
anchor,DKI,2026-09-03,2026-09-02,,,REJECT,M_لا_مستوى_مختبر,ANCHOR,ANCHOR,ANCHOR,ANCHOR,ANCHOR,ANCHOR,ANCHOR,ANCHOR,ANCHOR,ANCHOR,ANCHOR,PASS,ANCHOR,PASS
anchor,DKI,2026-09-04,2026-09-03,,,REJECT,M_لا_مستوى_مختبر,ANCHOR,ANCHOR,ANCHOR,ANCHOR,ANCHOR,ANCHOR,ANCHOR,ANCHOR,ANCHOR,ANCHOR,ANCHOR,PASS,ANCHOR,PASS
anchor,DKI,2026-09-08,2026-09-04,,,REJECT,M_لا_مستوى_مختبر,ANCHOR,ANCHOR,ANCHOR,ANCHOR,ANCHOR,ANCHOR,ANCHOR,ANCHOR,ANCHOR,ANCHOR,ANCHOR,PASS,ANCHOR,PASS
anchor,DKI,2026-09-09,2026-09-08,,,REJECT,M_لا_مستوى_مختبر,ANCHOR,ANCHOR,ANCHOR,ANCHOR,ANCHOR,ANCHOR,ANCHOR,ANCHOR,ANCHOR,ANCHOR,ANCHOR,PASS,ANCHOR,PASS
anchor,DKI,2026-09-10,2026-09-09,,,REJECT,M_لا_مستوى_مختبر,ANCHOR,ANCHOR,ANCHOR,ANCHOR,ANCHOR,ANCHOR,ANCHOR,ANCHOR,ANCHOR,ANCHOR,ANCHOR,PASS,ANCHOR,PASS
anchor,DKI,2026-09-11,2026-09-10,,,REJECT,M_لا_مستوى_مختبر,ANCHOR,ANCHOR,ANCHOR,ANCHOR,ANCHOR,ANCHOR,ANCHOR,ANCHOR,ANCHOR,ANCHOR,ANCHOR,PASS,ANCHOR,PASS
anchor,DKI,2026-09-14,2026-09-11,,,REJECT,M_لا_مستوى_مختبر,ANCHOR,ANCHOR,ANCHOR,ANCHOR,ANCHOR,ANCHOR,ANCHOR,ANCHOR,ANCHOR,ANCHOR,ANCHOR,PASS,ANCHOR,PASS
anchor,DKI,2026-09-15,2026-09-14,,,REJECT,M_لا_مستوى_مختبر,ANCHOR,ANCHOR,ANCHOR,ANCHOR,ANCHOR,ANCHOR,ANCHOR,ANCHOR,ANCHOR,ANCHOR,ANCHOR,PASS,ANCHOR,PASS
anchor,DKI,2026-09-16,2026-09-15,,,REJECT,M_لا_مستوى_مختبر,ANCHOR,ANCHOR,ANCHOR,ANCHOR,ANCHOR,ANCHOR,ANCHOR,ANCHOR,ANCHOR,ANCHOR,ANCHOR,PASS,ANCHOR,PASS
anchor,DKI,2026-09-17,2026-09-16,,,REJECT,M_لا_مستوى_مختبر,ANCHOR,ANCHOR,ANCHOR,ANCHOR,ANCHOR,ANCHOR,ANCHOR,ANCHOR,ANCHOR,ANCHOR,ANCHOR,PASS,ANCHOR,PASS
anchor,DKI,2026-09-18,2026-09-17,,,REJECT,M_لا_مستوى_مختبر,ANCHOR,ANCHOR,ANCHOR,ANCHOR,ANCHOR,ANCHOR,ANCHOR,ANCHOR,ANCHOR,ANCHOR,ANCHOR,PASS,ANCHOR,PASS
anchor,DKI,2026-09-21,2026-09-18,,,REJECT,M_لا_مستوى_مختبر,ANCHOR,ANCHOR,ANCHOR,ANCHOR,ANCHOR,ANCHOR,ANCHOR,ANCHOR,ANCHOR,ANCHOR,ANCHOR,PASS,ANCHOR,PASS
anchor,DKI,2026-09-22,2026-09-21,,,REJECT,M_لا_مستوى_مختبر,ANCHOR,ANCHOR,ANCHOR,ANCHOR,ANCHOR,ANCHOR,ANCHOR,ANCHOR,ANCHOR,ANCHOR,ANCHOR,PASS,ANCHOR,PASS
anchor,DKI,2026-09-23,2026-09-22,,,REJECT,M_لا_مستوى_مختبر,ANCHOR,ANCHOR,ANCHOR,ANCHOR,ANCHOR,ANCHOR,ANCHOR,ANCHOR,ANCHOR,ANCHOR,ANCHOR,PASS,ANCHOR,PASS
anchor,DKI,2026-09-24,2026-09-23,,,REJECT,M_لا_مستوى_مختبر,ANCHOR,ANCHOR,ANCHOR,ANCHOR,ANCHOR,ANCHOR,ANCHOR,ANCHOR,ANCHOR,ANCHOR,ANCHOR,PASS,ANCHOR,PASS
anchor,DKI,2026-09-25,2026-09-24,,,REJECT,M_لا_مستوى_مختبر,ANCHOR,ANCHOR,ANCHOR,ANCHOR,ANCHOR,ANCHOR,ANCHOR,ANCHOR,ANCHOR,ANCHOR,ANCHOR,PASS,ANCHOR,PASS
anchor,DKI,2026-09-28,2026-09-25,,,REJECT,M_لا_مستوى_مختبر,ANCHOR,ANCHOR,ANCHOR,ANCHOR,ANCHOR,ANCHOR,ANCHOR,ANCHOR,ANCHOR,ANCHOR,ANCHOR,PASS,ANCHOR,PASS
anchor,DKI,2026-09-29,2026-09-28,,,REJECT,M_لا_مستوى_مختبر,ANCHOR,ANCHOR,ANCHOR,ANCHOR,ANCHOR,ANCHOR,ANCHOR,ANCHOR,ANCHOR,ANCHOR,ANCHOR,PASS,ANCHOR,PASS
anchor,DKI,2026-09-30,2026-09-29,,,REJECT,M_لا_مستوى_مختبر,ANCHOR,ANCHOR,ANCHOR,ANCHOR,ANCHOR,ANCHOR,ANCHOR,ANCHOR,ANCHOR,ANCHOR,ANCHOR,PASS,ANCHOR,PASS
anchor,DKI,2026-10-01,2026-09-30,,,REJECT,M_لا_مستوى_مختبر,ANCHOR,ANCHOR,ANCHOR,ANCHOR,ANCHOR,ANCHOR,ANCHOR,ANCHOR,ANCHOR,ANCHOR,ANCHOR,PASS,ANCHOR,PASS
anchor,DKI,2026-10-02,2026-10-01,,,REJECT,M4_base_واسعة,M4_RANGE,M4_RANGE,M4_RANGE,M4_RANGE,M4_RANGE,ANCHOR,M4_RANGE,M4_RANGE,M4_RANGE,M4_RANGE,M4_RANGE,M4_RANGE,M4_RANGE,PASS
anchor,DKI,2026-10-05,2026-10-02,,,REJECT,M4_base_واسعة,M4_RANGE,M4_RANGE,M4_RANGE,M4_RANGE,M4_RANGE,ANCHOR,M4_RANGE,M4_RANGE,M4_RANGE,M4_RANGE,M4_RANGE,M4_RANGE,M4_RANGE,PASS
anchor,DKI,2026-10-06,2026-10-05,,,REJECT,M4_base_واسعة,M4_RANGE,M4_RANGE,M4_RANGE,M4_RANGE,M4_RANGE,ANCHOR,M4_RANGE,M4_RANGE,M4_RANGE,M4_RANGE,M4_RANGE,M4_RANGE,M4_RANGE,PASS
anchor,DKI,2026-10-07,2026-10-06,,,REJECT,M4_base_واسعة,M4_RANGE,M4_RANGE,M4_RANGE,M4_RANGE,M4_RANGE,ANCHOR,M4_RANGE,M4_RANGE,M4_RANGE,M4_RANGE,M4_RANGE,M4_RANGE,M4_RANGE,PASS
anchor,DKI,2026-10-08,2026-10-07,,,REJECT,M4_base_واسعة,M4_RANGE,M4_RANGE,M4_RANGE,M4_RANGE,M4_RANGE,ANCHOR,M4_RANGE,M4_RANGE,M4_RANGE,M4_RANGE,M4_RANGE,M4_RANGE,M4_RANGE,PASS
anchor,SXTC,2026-08-13,2026-08-12,,,REJECT,M2_هبوط_فوق_97,M2_CEIL,M2_CEIL,M4_RANGE,M2_CEIL,M2_CEIL,M2_CEIL,M2_CEIL,M2_CEIL,M2_CEIL,M2_CEIL,M2_CEIL,M2_CEIL,M2_CEIL,PASS
anchor,SXTC,2026-08-14,2026-08-13,,,REJECT,M2_هبوط_فوق_97,M2_CEIL,M2_CEIL,M4_RANGE,M2_CEIL,M2_CEIL,M2_CEIL,M2_CEIL,M2_CEIL,M2_CEIL,M2_CEIL,M2_CEIL,M2_CEIL,M2_CEIL,PASS
anchor,SXTC,2026-08-17,2026-08-14,,,REJECT,M2_هبوط_فوق_97,M2_CEIL,M2_CEIL,M4_RANGE,M2_CEIL,M2_CEIL,M2_CEIL,M2_CEIL,M2_CEIL,M2_CEIL,M2_CEIL,M2_CEIL,M2_CEIL,M2_CEIL,PASS
anchor,SXTC,2026-08-18,2026-08-17,,,REJECT,M2_هبوط_فوق_97,M2_CEIL,M2_CEIL,M4_RANGE,M2_CEIL,M2_CEIL,M2_CEIL,M2_CEIL,M2_CEIL,M2_CEIL,M2_CEIL,M2_CEIL,M2_CEIL,M2_CEIL,PASS
anchor,SXTC,2026-08-19,2026-08-18,,,REJECT,M2_هبوط_فوق_97,M2_CEIL,M2_CEIL,M4_RANGE,M2_CEIL,M2_CEIL,M2_CEIL,M2_CEIL,M2_CEIL,M2_CEIL,M2_CEIL,M2_CEIL,M2_CEIL,M2_CEIL,PASS
anchor,SXTC,2026-08-20,2026-08-19,,,REJECT,M2_هبوط_فوق_97,M2_CEIL,M2_CEIL,M4_RANGE,M2_CEIL,M2_CEIL,M2_CEIL,M2_CEIL,M2_CEIL,M2_CEIL,M2_CEIL,M2_CEIL,M2_CEIL,M2_CEIL,PASS
anchor,SXTC,2026-08-21,2026-08-20,,,REJECT,M2_هبوط_فوق_97,M2_CEIL,M2_CEIL,M4_RANGE,M2_CEIL,M2_CEIL,M2_CEIL,M2_CEIL,M2_CEIL,M2_CEIL,M2_CEIL,M2_CEIL,M2_CEIL,M2_CEIL,PASS
anchor,SXTC,2026-08-24,2026-08-21,,,REJECT,M2_هبوط_فوق_97,M2_CEIL,M2_CEIL,M4_RANGE,M2_CEIL,M2_CEIL,M2_CEIL,M2_CEIL,M2_CEIL,M2_CEIL,M2_CEIL,M2_CEIL,M2_CEIL,M2_CEIL,PASS
anchor,SXTC,2026-08-25,2026-08-24,,,REJECT,M2_هبوط_فوق_97,M2_CEIL,M2_CEIL,M4_RANGE,M2_CEIL,M2_CEIL,M2_CEIL,M2_CEIL,M2_CEIL,M2_CEIL,M2_CEIL,M2_CEIL,M2_CEIL,M2_CEIL,PASS
anchor,SXTC,2026-08-26,2026-08-25,,,REJECT,M2_هبوط_فوق_97,M2_CEIL,M2_CEIL,ANCHOR,M2_CEIL,M2_CEIL,M2_CEIL,M2_CEIL,M2_CEIL,M2_CEIL,M2_CEIL,M2_CEIL,M2_CEIL,M2_CEIL,PASS
anchor,SXTC,2026-08-27,2026-08-26,,,REJECT,M2_هبوط_فوق_97,M2_CEIL,M2_CEIL,ANCHOR,M2_CEIL,M2_CEIL,M2_CEIL,M2_CEIL,M2_CEIL,M2_CEIL,M2_CEIL,M2_CEIL,M2_CEIL,M2_CEIL,PASS
anchor,SXTC,2026-08-28,2026-08-27,,,REJECT,M2_هبوط_فوق_97,M2_CEIL,M2_CEIL,ANCHOR,M2_CEIL,M2_CEIL,M2_CEIL,M2_CEIL,M2_CEIL,M2_CEIL,M2_CEIL,M2_CEIL,M2_CEIL,M2_CEIL,PASS
anchor,SXTC,2026-08-31,2026-08-28,,,REJECT,M2_هبوط_فوق_97,M2_CEIL,M2_CEIL,ANCHOR,M2_CEIL,M2_CEIL,M2_CEIL,M2_CEIL,M2_CEIL,M2_CEIL,M2_CEIL,M2_CEIL,M2_CEIL,M2_CEIL,PASS
anchor,SXTC,2026-09-01,2026-08-31,,,REJECT,M2_هبوط_فوق_97,M2_CEIL,M2_CEIL,ANCHOR,M2_CEIL,M2_CEIL,M2_CEIL,M2_CEIL,M2_CEIL,M2_CEIL,M2_CEIL,M2_CEIL,M2_CEIL,M2_CEIL,PASS
anchor,SXTC,2026-09-02,2026-09-01,,,REJECT,M2_هبوط_فوق_97,M2_CEIL,M2_CEIL,M4_RANGE,M2_CEIL,M2_CEIL,M2_CEIL,M2_CEIL,M2_CEIL,M2_CEIL,M2_CEIL,M2_CEIL,M2_CEIL,M2_CEIL,PASS
anchor,SXTC,2026-09-03,2026-09-02,,,REJECT,M2_هبوط_فوق_97,M2_CEIL,M2_CEIL,M4_RANGE,M2_CEIL,M2_CEIL,M2_CEIL,M2_CEIL,M2_CEIL,M2_CEIL,M2_CEIL,M2_CEIL,M2_CEIL,M2_CEIL,PASS
anchor,SXTC,2026-09-04,2026-09-03,,,REJECT,M2_هبوط_فوق_97,M2_CEIL,M2_CEIL,M4_RANGE,M2_CEIL,M2_CEIL,M2_CEIL,M2_CEIL,M2_CEIL,M2_CEIL,M2_CEIL,M2_CEIL,M2_CEIL,M2_CEIL,PASS
anchor,SXTC,2026-09-08,2026-09-04,,,REJECT,M2_هبوط_فوق_97,M2_CEIL,M2_CEIL,M4_RANGE,M2_CEIL,M2_CEIL,M2_CEIL,M2_CEIL,M2_CEIL,M2_CEIL,M2_CEIL,M2_CEIL,M2_CEIL,M2_CEIL,PASS
anchor,SXTC,2026-09-09,2026-09-08,,,REJECT,M2_هبوط_فوق_97,M2_CEIL,M2_CEIL,M4_RANGE,M2_CEIL,M2_CEIL,M2_CEIL,M2_CEIL,M2_CEIL,M2_CEIL,M2_CEIL,M2_CEIL,M2_CEIL,M2_CEIL,PASS
anchor,SXTC,2026-09-10,2026-09-09,,,REJECT,M2_هبوط_فوق_97,M2_CEIL,M2_CEIL,M4_RANGE,M2_CEIL,M2_CEIL,M2_CEIL,M2_CEIL,M2_CEIL,M2_CEIL,M2_CEIL,M2_CEIL,M2_CEIL,M2_CEIL,PASS
anchor,SXTC,2026-09-11,2026-09-10,,,REJECT,M2_هبوط_فوق_97,M2_CEIL,M2_CEIL,M4_RANGE,M2_CEIL,M2_CEIL,M2_CEIL,M2_CEIL,M2_CEIL,M2_CEIL,M2_CEIL,M2_CEIL,M2_CEIL,M2_CEIL,PASS
anchor,SXTC,2026-09-14,2026-09-11,,,REJECT,M2_هبوط_فوق_97,M2_CEIL,M2_CEIL,M4_RANGE,M2_CEIL,M2_CEIL,M2_CEIL,M2_CEIL,M2_CEIL,M2_CEIL,M2_CEIL,M2_CEIL,M2_CEIL,M2_CEIL,PASS
anchor,SXTC,2026-09-15,2026-09-14,,,REJECT,M2_هبوط_فوق_97,M2_CEIL,M2_CEIL,M4_RANGE,M2_CEIL,M2_CEIL,M2_CEIL,M2_CEIL,M2_CEIL,M2_CEIL,M2_CEIL,M2_CEIL,M2_CEIL,M2_CEIL,PASS
anchor,SXTC,2026-09-16,2026-09-15,,,REJECT,M2_هبوط_فوق_97,M2_CEIL,M2_CEIL,ANCHOR,M2_CEIL,M2_CEIL,M2_CEIL,M2_CEIL,M2_CEIL,M2_CEIL,M2_CEIL,M2_CEIL,M2_CEIL,M2_CEIL,PASS
anchor,SXTC,2026-09-17,2026-09-16,,,REJECT,M2_هبوط_فوق_97,M2_CEIL,M2_CEIL,ANCHOR,M2_CEIL,M2_CEIL,M2_CEIL,M2_CEIL,M2_CEIL,M2_CEIL,M2_CEIL,M2_CEIL,M2_CEIL,M2_CEIL,PASS
anchor,SXTC,2026-09-18,2026-09-17,,,REJECT,M2_هبوط_فوق_97,M2_CEIL,M2_CEIL,ANCHOR,M2_CEIL,M2_CEIL,M2_CEIL,M2_CEIL,M2_CEIL,M2_CEIL,M2_CEIL,M2_CEIL,M2_CEIL,M2_CEIL,PASS
anchor,SXTC,2026-09-21,2026-09-18,,,REJECT,M2_هبوط_فوق_97,M2_CEIL,M2_CEIL,ANCHOR,M2_CEIL,M2_CEIL,M2_CEIL,M2_CEIL,M2_CEIL,M2_CEIL,M2_CEIL,M2_CEIL,M2_CEIL,M2_CEIL,PASS
anchor,SXTC,2026-09-22,2026-09-21,,,REJECT,M2_هبوط_فوق_97,M2_CEIL,M2_CEIL,ANCHOR,M2_CEIL,M2_CEIL,M2_CEIL,M2_CEIL,M2_CEIL,M2_CEIL,M2_CEIL,M2_CEIL,M2_CEIL,M2_CEIL,PASS
anchor,SXTC,2026-09-23,2026-09-22,,,REJECT,M2_هبوط_فوق_97,M2_CEIL,M2_CEIL,ANCHOR,M2_CEIL,M2_CEIL,M2_CEIL,M2_CEIL,M2_CEIL,M2_CEIL,M2_CEIL,M2_CEIL,M2_CEIL,M2_CEIL,PASS
anchor,SXTC,2026-09-24,2026-09-23,,,REJECT,M2_هبوط_فوق_97,M2_CEIL,M2_CEIL,ANCHOR,M2_CEIL,M2_CEIL,M2_CEIL,M2_CEIL,M2_CEIL,M2_CEIL,M2_CEIL,M2_CEIL,M2_CEIL,M2_CEIL,PASS
anchor,SXTC,2026-09-25,2026-09-24,,,REJECT,M2_هبوط_فوق_97,M2_CEIL,M2_CEIL,ANCHOR,M2_CEIL,M2_CEIL,M2_CEIL,M2_CEIL,M2_CEIL,M2_CEIL,M2_CEIL,M2_CEIL,M2_CEIL,M2_CEIL,PASS
anchor,SXTC,2026-09-28,2026-09-25,,,REJECT,M2_هبوط_فوق_97,M2_CEIL,M2_CEIL,ANCHOR,M2_CEIL,M2_CEIL,M2_CEIL,M2_CEIL,M2_CEIL,M2_CEIL,M2_CEIL,M2_CEIL,M2_CEIL,M2_CEIL,PASS
anchor,SXTC,2026-09-29,2026-09-28,,,REJECT,M2_هبوط_فوق_97,M2_CEIL,M2_CEIL,ANCHOR,M2_CEIL,M2_CEIL,M2_CEIL,M2_CEIL,M2_CEIL,M2_CEIL,M2_CEIL,M2_CEIL,M2_CEIL,M2_CEIL,PASS
anchor,SXTC,2026-09-30,2026-09-29,,,REJECT,M2_هبوط_فوق_97,M2_CEIL,M2_CEIL,ANCHOR,M2_CEIL,M2_CEIL,M2_CEIL,M2_CEIL,M2_CEIL,M2_CEIL,M2_CEIL,M2_CEIL,M2_CEIL,M2_CEIL,PASS
anchor,SXTC,2026-10-01,2026-09-30,,,REJECT,M2_هبوط_فوق_97,M2_CEIL,M2_CEIL,ANCHOR,M2_CEIL,M2_CEIL,M2_CEIL,M2_CEIL,M2_CEIL,M2_CEIL,M2_CEIL,M2_CEIL,M2_CEIL,M2_CEIL,PASS
anchor,SXTC,2026-10-02,2026-10-01,,,REJECT,M2_هبوط_فوق_97,M2_CEIL,M2_CEIL,ANCHOR,M2_CEIL,M2_CEIL,M2_CEIL,M2_CEIL,M2_CEIL,M2_CEIL,M2_CEIL,M2_CEIL,M2_CEIL,M2_CEIL,PASS
anchor,SXTC,2026-10-05,2026-10-02,,,REJECT,M2_هبوط_فوق_97,M2_CEIL,M2_CEIL,ANCHOR,M2_CEIL,M2_CEIL,M2_CEIL,M2_CEIL,M2_CEIL,M2_CEIL,M2_CEIL,M2_CEIL,M2_CEIL,M2_CEIL,PASS
anchor,SXTC,2026-10-06,2026-10-05,,,REJECT,M2_هبوط_فوق_97,M2_CEIL,M2_CEIL,ANCHOR,M2_CEIL,M2_CEIL,M2_CEIL,M2_CEIL,M2_CEIL,M2_CEIL,M2_CEIL,M2_CEIL,M2_CEIL,M2_CEIL,PASS
anchor,SXTC,2026-10-07,2026-10-06,,,REJECT,M2_هبوط_فوق_97,M2_CEIL,M2_CEIL,M4_RANGE,M2_CEIL,M2_CEIL,M2_CEIL,M2_CEIL,M2_CEIL,M2_CEIL,M2_CEIL,M2_CEIL,M2_CEIL,M2_CEIL,PASS
anchor,SXTC,2026-10-08,2026-10-07,,,REJECT,M2_هبوط_فوق_97,M2_CEIL,M2_CEIL,M4_RANGE,M2_CEIL,M2_CEIL,M2_CEIL,M2_CEIL,M2_CEIL,M2_CEIL,M2_CEIL,M2_CEIL,M2_CEIL,M2_CEIL,PASS
anchor,HUBC,2026-08-13,2026-08-12,,,REJECT,M2_هبوط_فوق_97,M2_CEIL,M2_CEIL,ANCHOR,M2_CEIL,M2_CEIL,M2_CEIL,M2_CEIL,M2_CEIL,M2_CEIL,M2_CEIL,M2_CEIL,M2_CEIL,M2_CEIL,PASS
anchor,HUBC,2026-08-14,2026-08-13,,,REJECT,M2_هبوط_فوق_97,M2_CEIL,M2_CEIL,ANCHOR,M2_CEIL,M2_CEIL,M2_CEIL,M2_CEIL,M2_CEIL,M2_CEIL,M2_CEIL,M2_CEIL,M2_CEIL,M2_CEIL,PASS
anchor,HUBC,2026-08-17,2026-08-14,,,REJECT,M2_هبوط_فوق_97,M2_CEIL,M2_CEIL,ANCHOR,M2_CEIL,M2_CEIL,M2_CEIL,M2_CEIL,M2_CEIL,M2_CEIL,M2_CEIL,M2_CEIL,M2_CEIL,M2_CEIL,PASS
anchor,HUBC,2026-08-18,2026-08-17,,,REJECT,M2_هبوط_فوق_97,M2_CEIL,M2_CEIL,ANCHOR,M2_CEIL,M2_CEIL,M2_CEIL,M2_CEIL,M2_CEIL,M2_CEIL,M2_CEIL,M2_CEIL,M2_CEIL,M2_CEIL,PASS
anchor,HUBC,2026-08-19,2026-08-18,,,REJECT,M2_هبوط_فوق_97,M2_CEIL,M2_CEIL,ANCHOR,M2_CEIL,M2_CEIL,M2_CEIL,M2_CEIL,M2_CEIL,M2_CEIL,M2_CEIL,M2_CEIL,M2_CEIL,M2_CEIL,PASS
anchor,HUBC,2026-08-20,2026-08-19,,,REJECT,M2_هبوط_فوق_97,M2_CEIL,M2_CEIL,ANCHOR,M2_CEIL,M2_CEIL,M2_CEIL,M2_CEIL,M2_CEIL,M2_CEIL,M2_CEIL,M2_CEIL,M2_CEIL,M2_CEIL,PASS
anchor,HUBC,2026-08-21,2026-08-20,,,REJECT,M2_هبوط_فوق_97,M2_CEIL,M2_CEIL,PASS,M2_CEIL,M2_CEIL,M2_CEIL,M2_CEIL,M2_CEIL,M2_CEIL,M2_CEIL,M2_CEIL,M2_CEIL,M2_CEIL,PASS
anchor,HUBC,2026-08-24,2026-08-21,,,REJECT,M2_هبوط_فوق_97,M2_CEIL,M2_CEIL,PASS,M2_CEIL,M2_CEIL,M2_CEIL,M2_CEIL,M2_CEIL,M2_CEIL,M2_CEIL,M2_CEIL,M2_CEIL,M2_CEIL,PASS
anchor,HUBC,2026-08-25,2026-08-24,,,REJECT,M2_هبوط_فوق_97,M2_CEIL,M2_CEIL,PASS,M2_CEIL,M2_CEIL,M2_CEIL,M2_CEIL,M2_CEIL,M2_CEIL,M2_CEIL,M2_CEIL,M2_CEIL,M2_CEIL,PASS
anchor,HUBC,2026-08-26,2026-08-25,,,REJECT,M2_هبوط_فوق_97,M2_CEIL,M2_CEIL,PASS,M2_CEIL,M2_CEIL,M2_CEIL,M2_CEIL,M2_CEIL,M2_CEIL,M2_CEIL,M2_CEIL,M2_CEIL,M2_CEIL,PASS
anchor,HUBC,2026-08-27,2026-08-26,,,REJECT,M2_هبوط_فوق_97,M2_CEIL,M2_CEIL,PASS,M2_CEIL,M2_CEIL,M2_CEIL,M2_CEIL,M2_CEIL,M2_CEIL,M2_CEIL,M2_CEIL,M2_CEIL,M2_CEIL,PASS
anchor,HUBC,2026-08-28,2026-08-27,,,REJECT,M2_هبوط_فوق_97,M2_CEIL,M2_CEIL,PASS,M2_CEIL,M2_CEIL,M2_CEIL,M2_CEIL,M2_CEIL,M2_CEIL,M2_CEIL,M2_CEIL,M2_CEIL,M2_CEIL,PASS
anchor,HUBC,2026-08-31,2026-08-28,,,REJECT,M2_هبوط_فوق_97,M2_CEIL,M2_CEIL,PASS,M2_CEIL,M2_CEIL,M2_CEIL,M2_CEIL,M2_CEIL,M2_CEIL,M2_CEIL,M2_CEIL,M2_CEIL,M2_CEIL,PASS
anchor,HUBC,2026-09-01,2026-08-31,,,REJECT,M2_هبوط_فوق_97,M2_CEIL,M2_CEIL,PASS,M2_CEIL,M2_CEIL,M2_CEIL,M2_CEIL,M2_CEIL,M2_CEIL,M2_CEIL,M2_CEIL,M2_CEIL,M2_CEIL,PASS
anchor,HUBC,2026-09-02,2026-09-01,,,REJECT,M2_هبوط_فوق_97,M2_CEIL,M2_CEIL,PASS,M2_CEIL,M2_CEIL,M2_CEIL,M2_CEIL,M2_CEIL,M2_CEIL,M2_CEIL,M2_CEIL,M2_CEIL,M2_CEIL,PASS
anchor,HUBC,2026-09-03,2026-09-02,,,REJECT,M2_هبوط_فوق_97,M2_CEIL,M2_CEIL,PASS,M2_CEIL,M2_CEIL,M2_CEIL,M2_CEIL,M2_CEIL,M2_CEIL,M2_CEIL,M2_CEIL,M2_CEIL,M2_CEIL,PASS
anchor,HUBC,2026-09-04,2026-09-03,,,REJECT,M2_هبوط_فوق_97,M2_CEIL,M2_CEIL,PASS,M2_CEIL,M2_CEIL,M2_CEIL,M2_CEIL,M2_CEIL,M2_CEIL,M2_CEIL,M2_CEIL,M2_CEIL,M2_CEIL,PASS
anchor,HUBC,2026-09-08,2026-09-04,,,REJECT,M2_هبوط_فوق_97,M2_CEIL,M2_CEIL,PASS,M2_CEIL,M2_CEIL,M2_CEIL,M2_CEIL,M2_CEIL,M2_CEIL,M2_CEIL,M2_CEIL,M2_CEIL,M2_CEIL,PASS
anchor,HUBC,2026-09-09,2026-09-08,,,REJECT,M2_هبوط_فوق_97,M2_CEIL,M2_CEIL,ANCHOR,M2_CEIL,M2_CEIL,M2_CEIL,M2_CEIL,M2_CEIL,M2_CEIL,M2_CEIL,M2_CEIL,M2_CEIL,M2_CEIL,PASS
anchor,HUBC,2026-09-10,2026-09-09,,,REJECT,M2_هبوط_فوق_97,M2_CEIL,M2_CEIL,ANCHOR,M2_CEIL,M2_CEIL,M2_CEIL,M2_CEIL,M2_CEIL,M2_CEIL,M2_CEIL,M2_CEIL,M2_CEIL,M2_CEIL,PASS
anchor,HUBC,2026-09-11,2026-09-10,,,REJECT,M2_هبوط_فوق_97,M2_CEIL,M2_CEIL,ANCHOR,M2_CEIL,M2_CEIL,M2_CEIL,M2_CEIL,M2_CEIL,M2_CEIL,M2_CEIL,M2_CEIL,M2_CEIL,M2_CEIL,PASS
anchor,HUBC,2026-09-14,2026-09-11,,,REJECT,M2_هبوط_فوق_97,M2_CEIL,M2_CEIL,M4_RANGE,M2_CEIL,M2_CEIL,M2_CEIL,M2_CEIL,M2_CEIL,M2_CEIL,M2_CEIL,M2_CEIL,M2_CEIL,M2_CEIL,PASS
anchor,HUBC,2026-09-15,2026-09-14,,,REJECT,M2_هبوط_فوق_97,M2_CEIL,M2_CEIL,M4_RANGE,M2_CEIL,M2_CEIL,M2_CEIL,M2_CEIL,M2_CEIL,M2_CEIL,M2_CEIL,M2_CEIL,M2_CEIL,M2_CEIL,PASS
anchor,HUBC,2026-09-16,2026-09-15,,,REJECT,M2_هبوط_فوق_97,M2_CEIL,M2_CEIL,M4_RANGE,M2_CEIL,M2_CEIL,M2_CEIL,M2_CEIL,M2_CEIL,M2_CEIL,M2_CEIL,M2_CEIL,M2_CEIL,M2_CEIL,PASS
anchor,HUBC,2026-09-17,2026-09-16,,,REJECT,M2_هبوط_فوق_97,M2_CEIL,M2_CEIL,M4_RANGE,M2_CEIL,M2_CEIL,M2_CEIL,M2_CEIL,M2_CEIL,M2_CEIL,M2_CEIL,M2_CEIL,M2_CEIL,M2_CEIL,PASS
anchor,HUBC,2026-09-18,2026-09-17,,,REJECT,M2_هبوط_فوق_97,M2_CEIL,M2_CEIL,M4_RANGE,M2_CEIL,M2_CEIL,M2_CEIL,M2_CEIL,M2_CEIL,M2_CEIL,M2_CEIL,M2_CEIL,M2_CEIL,M2_CEIL,PASS
anchor,HUBC,2026-09-21,2026-09-18,,,REJECT,M2_هبوط_فوق_97,M2_CEIL,M2_CEIL,M4_RANGE,M2_CEIL,M2_CEIL,M2_CEIL,M2_CEIL,M2_CEIL,M2_CEIL,M2_CEIL,M2_CEIL,M2_CEIL,M2_CEIL,PASS
anchor,HUBC,2026-09-22,2026-09-21,,,REJECT,M2_هبوط_فوق_97,M2_CEIL,M2_CEIL,M4_RANGE,M2_CEIL,M2_CEIL,M2_CEIL,M2_CEIL,M2_CEIL,M2_CEIL,M2_CEIL,M2_CEIL,M2_CEIL,M2_CEIL,PASS
anchor,HUBC,2026-09-23,2026-09-22,,,REJECT,M2_هبوط_فوق_97,M2_CEIL,M2_CEIL,M4_RANGE,M2_CEIL,M2_CEIL,M2_CEIL,M2_CEIL,M2_CEIL,M2_CEIL,M2_CEIL,M2_CEIL,M2_CEIL,M2_CEIL,PASS
anchor,HUBC,2026-09-24,2026-09-23,,,REJECT,M2_هبوط_فوق_97,M2_CEIL,M2_CEIL,M4_RANGE,M2_CEIL,M2_CEIL,M2_CEIL,M2_CEIL,M2_CEIL,M2_CEIL,M2_CEIL,M2_CEIL,M2_CEIL,M2_CEIL,PASS
anchor,HUBC,2026-09-25,2026-09-24,,,REJECT,M2_هبوط_فوق_97,M2_CEIL,M2_CEIL,M4_RANGE,M2_CEIL,M2_CEIL,M2_CEIL,M2_CEIL,M2_CEIL,M2_CEIL,M2_CEIL,M2_CEIL,M2_CEIL,M2_CEIL,PASS
anchor,HUBC,2026-09-28,2026-09-25,,,REJECT,M2_هبوط_فوق_97,M2_CEIL,M2_CEIL,M4_RANGE,M2_CEIL,M2_CEIL,M2_CEIL,M2_CEIL,M2_CEIL,M2_CEIL,M2_CEIL,M2_CEIL,M2_CEIL,M2_CEIL,PASS
anchor,HUBC,2026-09-29,2026-09-28,,,REJECT,M2_هبوط_فوق_97,M2_CEIL,M2_CEIL,M4_RANGE,M2_CEIL,M2_CEIL,M2_CEIL,M2_CEIL,M2_CEIL,M2_CEIL,M2_CEIL,M2_CEIL,M2_CEIL,M2_CEIL,PASS
anchor,HUBC,2026-09-30,2026-09-29,,,REJECT,M2_هبوط_فوق_97,M2_CEIL,M2_CEIL,M4_RANGE,M2_CEIL,M2_CEIL,M2_CEIL,M2_CEIL,M2_CEIL,M2_CEIL,M2_CEIL,M2_CEIL,M2_CEIL,M2_CEIL,PASS
anchor,HUBC,2026-10-01,2026-09-30,,,REJECT,M2_هبوط_فوق_97,M2_CEIL,M2_CEIL,M4_RANGE,M2_CEIL,M2_CEIL,M2_CEIL,M2_CEIL,M2_CEIL,M2_CEIL,M2_CEIL,M2_CEIL,M2_CEIL,M2_CEIL,PASS
anchor,HUBC,2026-10-02,2026-10-01,,,REJECT,M2_هبوط_فوق_97,M2_CEIL,M2_CEIL,M4_RANGE,M2_CEIL,M2_CEIL,M2_CEIL,M2_CEIL,M2_CEIL,M2_CEIL,M2_CEIL,M2_CEIL,M2_CEIL,M2_CEIL,PASS
anchor,HUBC,2026-10-05,2026-10-02,,,REJECT,M2_هبوط_فوق_97,M2_CEIL,M2_CEIL,M4_RANGE,M2_CEIL,M2_CEIL,M2_CEIL,M2_CEIL,M2_CEIL,M2_CEIL,M2_CEIL,M2_CEIL,M2_CEIL,M2_CEIL,PASS
anchor,HUBC,2026-10-06,2026-10-05,,,REJECT,M2_هبوط_فوق_97,M2_CEIL,M2_CEIL,M4_RANGE,M2_CEIL,M2_CEIL,M2_CEIL,M2_CEIL,M2_CEIL,M2_CEIL,M2_CEIL,M2_CEIL,M2_CEIL,M2_CEIL,PASS
anchor,HUBC,2026-10-07,2026-10-06,,,REJECT,M2_هبوط_فوق_97,M2_CEIL,M2_CEIL,M4_RANGE,M2_CEIL,M2_CEIL,M2_CEIL,M2_CEIL,M2_CEIL,M2_CEIL,M2_CEIL,M2_CEIL,M2_CEIL,M2_CEIL,PASS
anchor,HUBC,2026-10-08,2026-10-07,,,REJECT,M2_هبوط_فوق_97,M2_CEIL,M2_CEIL,M4_RANGE,M2_CEIL,M2_CEIL,M2_CEIL,M2_CEIL,M2_CEIL,M2_CEIL,M2_CEIL,M2_CEIL,M2_CEIL,M2_CEIL,PASS
anchor,CRE,2026-08-13,2026-08-12,,,REJECT,M_لا_مستوى_مختبر,ANCHOR,ANCHOR,ANCHOR,ANCHOR,ANCHOR,ANCHOR,ANCHOR,ANCHOR,ANCHOR,ANCHOR,ANCHOR,PASS,ANCHOR,PASS
anchor,CRE,2026-08-14,2026-08-13,,,REJECT,M_لا_مستوى_مختبر,ANCHOR,ANCHOR,ANCHOR,ANCHOR,ANCHOR,ANCHOR,ANCHOR,ANCHOR,ANCHOR,ANCHOR,ANCHOR,PASS,ANCHOR,PASS
anchor,CRE,2026-08-17,2026-08-14,,,REJECT,M_لا_مستوى_مختبر,ANCHOR,ANCHOR,ANCHOR,ANCHOR,ANCHOR,ANCHOR,ANCHOR,ANCHOR,ANCHOR,ANCHOR,ANCHOR,PASS,ANCHOR,PASS
anchor,CRE,2026-08-18,2026-08-17,,,REJECT,M_لا_مستوى_مختبر,ANCHOR,ANCHOR,ANCHOR,ANCHOR,ANCHOR,ANCHOR,ANCHOR,ANCHOR,ANCHOR,ANCHOR,ANCHOR,PASS,ANCHOR,PASS
anchor,CRE,2026-08-19,2026-08-18,,,REJECT,M_لا_مستوى_مختبر,ANCHOR,ANCHOR,ANCHOR,ANCHOR,ANCHOR,ANCHOR,ANCHOR,ANCHOR,ANCHOR,ANCHOR,ANCHOR,PASS,ANCHOR,PASS
anchor,CRE,2026-08-20,2026-08-19,,,REJECT,M_لا_مستوى_مختبر,ANCHOR,ANCHOR,ANCHOR,ANCHOR,ANCHOR,ANCHOR,ANCHOR,ANCHOR,ANCHOR,ANCHOR,ANCHOR,PASS,ANCHOR,PASS
anchor,CRE,2026-08-21,2026-08-20,,,REJECT,M_لا_مستوى_مختبر,ANCHOR,ANCHOR,ANCHOR,ANCHOR,ANCHOR,ANCHOR,ANCHOR,ANCHOR,ANCHOR,ANCHOR,ANCHOR,PASS,ANCHOR,PASS
anchor,CRE,2026-08-24,2026-08-21,,,REJECT,M_لا_مستوى_مختبر,ANCHOR,ANCHOR,ANCHOR,ANCHOR,ANCHOR,ANCHOR,ANCHOR,ANCHOR,ANCHOR,ANCHOR,ANCHOR,PASS,ANCHOR,PASS
anchor,CRE,2026-08-25,2026-08-24,,,REJECT,M_لا_مستوى_مختبر,ANCHOR,ANCHOR,ANCHOR,ANCHOR,ANCHOR,ANCHOR,ANCHOR,ANCHOR,ANCHOR,ANCHOR,ANCHOR,PASS,ANCHOR,PASS
anchor,CRE,2026-08-26,2026-08-25,,,REJECT,M_لا_مستوى_مختبر,ANCHOR,ANCHOR,ANCHOR,ANCHOR,ANCHOR,ANCHOR,ANCHOR,ANCHOR,ANCHOR,ANCHOR,ANCHOR,PASS,ANCHOR,PASS
anchor,CRE,2026-08-27,2026-08-26,,,REJECT,M2_هبوط_تحت_40,M2_FLOOR,M2_FLOOR,M2_FLOOR,M4_RANGE,M2_FLOOR,M2_FLOOR,M2_FLOOR,M2_FLOOR,M2_FLOOR,M2_FLOOR,M2_FLOOR,M2_FLOOR,M2_FLOOR,PASS
anchor,CRE,2026-08-28,2026-08-27,,,REJECT,M2_هبوط_تحت_40,M2_FLOOR,M2_FLOOR,M2_FLOOR,M4_RANGE,M2_FLOOR,M2_FLOOR,M2_FLOOR,M2_FLOOR,M2_FLOOR,M2_FLOOR,M2_FLOOR,M2_FLOOR,M2_FLOOR,PASS
anchor,CRE,2026-08-31,2026-08-28,,,REJECT,M4_base_واسعة,M4_RANGE,M4_RANGE,M4_RANGE,M4_RANGE,M4_RANGE,ANCHOR,M4_RANGE,M4_RANGE,M4_RANGE,M4_RANGE,M4_RANGE,M4_RANGE,M4_RANGE,PASS
anchor,CRE,2026-09-01,2026-08-31,,,REJECT,M4_base_واسعة,M4_RANGE,M4_RANGE,M4_RANGE,M4_RANGE,M4_RANGE,ANCHOR,M4_RANGE,M4_RANGE,M4_RANGE,M4_RANGE,M4_RANGE,M4_RANGE,M4_RANGE,PASS
anchor,CRE,2026-09-02,2026-09-01,,,REJECT,M4_base_واسعة,M4_RANGE,M4_RANGE,M4_RANGE,M4_RANGE,M4_RANGE,ANCHOR,M4_RANGE,M4_RANGE,M4_RANGE,M4_RANGE,M4_RANGE,M4_RANGE,M4_RANGE,PASS
anchor,CRE,2026-09-03,2026-09-02,,,REJECT,M4_base_واسعة,M4_RANGE,M4_RANGE,M4_RANGE,M4_RANGE,M4_RANGE,ANCHOR,M4_RANGE,M4_RANGE,M4_RANGE,M4_RANGE,M4_RANGE,M4_RANGE,M4_RANGE,PASS
anchor,CRE,2026-09-04,2026-09-03,,,REJECT,M4_base_واسعة,M4_RANGE,M4_RANGE,M4_RANGE,M4_RANGE,M4_RANGE,ANCHOR,M4_RANGE,M4_RANGE,M4_RANGE,M4_RANGE,M4_RANGE,M4_RANGE,M4_RANGE,PASS
anchor,CRE,2026-09-08,2026-09-04,,,REJECT,M4_base_واسعة,M4_RANGE,M4_RANGE,M4_RANGE,M4_RANGE,M4_RANGE,ANCHOR,M4_RANGE,M4_RANGE,M4_RANGE,M4_RANGE,M4_RANGE,M4_RANGE,M4_RANGE,PASS
anchor,CRE,2026-09-09,2026-09-08,,,REJECT,M4_base_واسعة,M4_RANGE,M4_RANGE,M4_RANGE,M4_RANGE,M4_RANGE,ANCHOR,M4_RANGE,M4_RANGE,M4_RANGE,M4_RANGE,M4_RANGE,M4_RANGE,M4_RANGE,PASS
anchor,CRE,2026-09-10,2026-09-09,,,REJECT,M4_base_واسعة,M4_RANGE,M4_RANGE,M4_RANGE,M4_RANGE,M4_RANGE,ANCHOR,M4_RANGE,M4_RANGE,M4_RANGE,M4_RANGE,M4_RANGE,M4_RANGE,M4_RANGE,PASS
anchor,CRE,2026-09-11,2026-09-10,,,REJECT,M4_base_واسعة,M4_RANGE,M4_RANGE,M4_RANGE,M4_RANGE,M4_RANGE,ANCHOR,M4_RANGE,M4_RANGE,M4_RANGE,M4_RANGE,M4_RANGE,M4_RANGE,M4_RANGE,PASS
anchor,CRE,2026-09-14,2026-09-11,,,REJECT,M4_base_واسعة,M4_RANGE,M4_RANGE,M4_RANGE,M4_RANGE,M4_RANGE,ANCHOR,M4_RANGE,M4_RANGE,M4_RANGE,M4_RANGE,M4_RANGE,M4_RANGE,M4_RANGE,PASS
anchor,CRE,2026-09-15,2026-09-14,,,REJECT,M4_base_واسعة,M4_RANGE,M4_RANGE,M4_RANGE,M4_RANGE,M4_RANGE,PASS,M4_RANGE,M4_RANGE,M4_RANGE,M4_RANGE,M4_RANGE,M4_RANGE,M4_RANGE,PASS
anchor,CRE,2026-09-16,2026-09-15,,,REJECT,M4_base_واسعة,M4_RANGE,M4_RANGE,M4_RANGE,M4_RANGE,M4_RANGE,ANCHOR,M4_RANGE,M4_RANGE,M4_RANGE,M4_RANGE,M4_RANGE,M4_RANGE,M4_RANGE,PASS
anchor,CRE,2026-09-17,2026-09-16,,,REJECT,M4_base_واسعة,M4_RANGE,M4_RANGE,M4_RANGE,M4_RANGE,M4_RANGE,ANCHOR,M4_RANGE,M4_RANGE,M4_RANGE,M4_RANGE,M4_RANGE,M4_RANGE,M4_RANGE,PASS
anchor,CRE,2026-09-18,2026-09-17,,,REJECT,M4_base_واسعة,M4_RANGE,M4_RANGE,M4_RANGE,M4_RANGE,M4_RANGE,ANCHOR,M4_RANGE,M4_RANGE,M4_RANGE,M4_RANGE,M4_RANGE,M4_RANGE,M4_RANGE,PASS
anchor,CRE,2026-09-21,2026-09-18,,,REJECT,M4_base_واسعة,M4_RANGE,M4_RANGE,M4_RANGE,M4_RANGE,M4_RANGE,ANCHOR,M4_RANGE,M4_RANGE,M4_RANGE,M4_RANGE,M4_RANGE,M4_RANGE,M4_RANGE,PASS
anchor,CRE,2026-09-22,2026-09-21,,,REJECT,M_لا_مستوى_مختبر,ANCHOR,ANCHOR,ANCHOR,ANCHOR,ANCHOR,ANCHOR,ANCHOR,ANCHOR,ANCHOR,ANCHOR,ANCHOR,PASS,ANCHOR,PASS
anchor,CRE,2026-09-23,2026-09-22,,,REJECT,M_لا_مستوى_مختبر,ANCHOR,ANCHOR,ANCHOR,ANCHOR,ANCHOR,ANCHOR,ANCHOR,ANCHOR,ANCHOR,ANCHOR,ANCHOR,PASS,ANCHOR,PASS
anchor,CRE,2026-09-24,2026-09-23,,,REJECT,M_لا_مستوى_مختبر,ANCHOR,ANCHOR,ANCHOR,ANCHOR,ANCHOR,ANCHOR,ANCHOR,ANCHOR,ANCHOR,ANCHOR,ANCHOR,PASS,ANCHOR,PASS
anchor,CRE,2026-09-25,2026-09-24,,,REJECT,M_لا_مستوى_مختبر,ANCHOR,ANCHOR,ANCHOR,ANCHOR,ANCHOR,ANCHOR,ANCHOR,ANCHOR,ANCHOR,ANCHOR,ANCHOR,PASS,ANCHOR,PASS
anchor,CRE,2026-09-28,2026-09-25,,,REJECT,M_لا_مستوى_مختبر,ANCHOR,ANCHOR,ANCHOR,ANCHOR,ANCHOR,ANCHOR,ANCHOR,ANCHOR,ANCHOR,ANCHOR,ANCHOR,PASS,ANCHOR,PASS
anchor,CRE,2026-09-29,2026-09-28,,,REJECT,M_لا_مستوى_مختبر,ANCHOR,ANCHOR,ANCHOR,ANCHOR,ANCHOR,ANCHOR,ANCHOR,ANCHOR,ANCHOR,ANCHOR,ANCHOR,PASS,ANCHOR,PASS
anchor,CRE,2026-09-30,2026-09-29,,,REJECT,M_لا_مستوى_مختبر,ANCHOR,ANCHOR,ANCHOR,ANCHOR,ANCHOR,ANCHOR,ANCHOR,ANCHOR,ANCHOR,ANCHOR,ANCHOR,PASS,ANCHOR,PASS
anchor,CRE,2026-10-01,2026-09-30,,,REJECT,M_لا_مستوى_مختبر,ANCHOR,ANCHOR,ANCHOR,ANCHOR,ANCHOR,ANCHOR,ANCHOR,ANCHOR,ANCHOR,ANCHOR,ANCHOR,PASS,ANCHOR,PASS
anchor,CRE,2026-10-02,2026-10-01,,,REJECT,M_لا_مستوى_مختبر,ANCHOR,ANCHOR,ANCHOR,ANCHOR,ANCHOR,ANCHOR,ANCHOR,ANCHOR,ANCHOR,ANCHOR,ANCHOR,PASS,ANCHOR,PASS
anchor,CRE,2026-10-05,2026-10-02,,,REJECT,M_لا_مستوى_مختبر,ANCHOR,ANCHOR,ANCHOR,ANCHOR,ANCHOR,ANCHOR,ANCHOR,ANCHOR,ANCHOR,ANCHOR,ANCHOR,PASS,ANCHOR,PASS
anchor,CRE,2026-10-06,2026-10-05,,,PASS,,,PASS,PASS,PASS,PASS,PASS,PASS,PASS,PASS,PASS,PASS,PASS,PASS,PASS
anchor,CRE,2026-10-07,2026-10-06,,,PASS,,,PASS,PASS,PASS,PASS,PASS,PASS,PASS,PASS,PASS,PASS,PASS,PASS,PASS
anchor,CRE,2026-10-08,2026-10-07,,,REJECT,M2_هبوط_تحت_40,M2_FLOOR,M2_FLOOR,M2_FLOOR,PASS,M2_FLOOR,M2_FLOOR,M2_FLOOR,M2_FLOOR,M2_FLOOR,M2_FLOOR,M2_FLOOR,M2_FLOOR,M2_FLOOR,PASS
neg,AMIX,2026-09-11,2026-09-10,,,REJECT,M4_base_واسعة,M4_RANGE,M4_RANGE,M4_RANGE,M4_RANGE,M4_RANGE,ANCHOR,M4_RANGE,M4_RANGE,M4_RANGE,M4_RANGE,M4_RANGE,M4_RANGE,M4_RANGE,PASS
neg,AMIX,2026-09-12,2026-09-11,,,REJECT,M4_base_واسعة,M4_RANGE,M4_RANGE,M4_RANGE,M4_RANGE,M4_RANGE,ANCHOR,M4_RANGE,M4_RANGE,M4_RANGE,M4_RANGE,M4_RANGE,M4_RANGE,M4_RANGE,PASS
neg,AMIX,2026-09-15,2026-09-14,,,REJECT,M4_base_واسعة,M4_RANGE,M4_RANGE,M4_RANGE,M4_RANGE,M4_RANGE,ANCHOR,M4_RANGE,M4_RANGE,M4_RANGE,M4_RANGE,M4_RANGE,M4_RANGE,M4_RANGE,PASS
neg,AMIX,2026-09-16,2026-09-15,,,REJECT,M4_base_واسعة,M4_RANGE,M4_RANGE,M4_RANGE,M4_RANGE,M4_RANGE,ANCHOR,M4_RANGE,M4_RANGE,M4_RANGE,M4_RANGE,M4_RANGE,M4_RANGE,M4_RANGE,PASS
neg,AMIX,2026-09-17,2026-09-16,,,REJECT,M_لا_مستوى_مختبر,ANCHOR,ANCHOR,ANCHOR,ANCHOR,ANCHOR,ANCHOR,ANCHOR,ANCHOR,ANCHOR,ANCHOR,ANCHOR,PASS,ANCHOR,PASS
neg,AMIX,2026-09-18,2026-09-17,,,REJECT,M_لا_مستوى_مختبر,ANCHOR,ANCHOR,ANCHOR,ANCHOR,ANCHOR,ANCHOR,ANCHOR,ANCHOR,ANCHOR,ANCHOR,ANCHOR,PASS,ANCHOR,PASS
neg,AMIX,2026-09-19,2026-09-18,,,REJECT,M_لا_مستوى_مختبر,ANCHOR,ANCHOR,ANCHOR,ANCHOR,ANCHOR,ANCHOR,ANCHOR,ANCHOR,ANCHOR,ANCHOR,ANCHOR,PASS,ANCHOR,PASS
neg,AMIX,2026-09-22,2026-09-21,,,PASS,,,PASS,PASS,PASS,PASS,PASS,PASS,PASS,PASS,PASS,PASS,PASS,PASS,PASS
neg,AMIX,2026-09-23,2026-09-22,,,PASS,,,PASS,PASS,PASS,PASS,PASS,PASS,PASS,PASS,PASS,PASS,PASS,PASS,PASS
neg,AMIX,2026-09-24,2026-09-23,,,PASS,,,PASS,PASS,PASS,PASS,PASS,PASS,PASS,PASS,PASS,PASS,PASS,PASS,PASS
neg,AMIX,2026-09-25,2026-09-24,,,PASS,,,PASS,PASS,PASS,PASS,PASS,PASS,PASS,PASS,PASS,PASS,PASS,PASS,PASS
neg,AMIX,2026-09-26,2026-09-25,,,PASS,,,PASS,PASS,PASS,PASS,PASS,PASS,PASS,PASS,PASS,PASS,PASS,PASS,PASS
neg,AMIX,2026-09-29,2026-09-28,,,REJECT,M_لا_مستوى_مختبر,ANCHOR,ANCHOR,ANCHOR,ANCHOR,ANCHOR,ANCHOR,ANCHOR,ANCHOR,ANCHOR,ANCHOR,ANCHOR,PASS,ANCHOR,PASS
neg,AMIX,2026-09-30,2026-09-29,,,REJECT,M_لا_مستوى_مختبر,ANCHOR,ANCHOR,ANCHOR,ANCHOR,ANCHOR,ANCHOR,ANCHOR,ANCHOR,ANCHOR,ANCHOR,ANCHOR,PASS,ANCHOR,PASS
neg,AMIX,2026-10-01,2026-09-30,,,REJECT,M_لا_مستوى_مختبر,ANCHOR,ANCHOR,ANCHOR,ANCHOR,ANCHOR,ANCHOR,ANCHOR,ANCHOR,ANCHOR,ANCHOR,ANCHOR,PASS,ANCHOR,PASS
neg,AMIX,2026-10-02,2026-10-01,,,REJECT,M_لا_مستوى_مختبر,ANCHOR,ANCHOR,ANCHOR,ANCHOR,ANCHOR,ANCHOR,ANCHOR,ANCHOR,ANCHOR,ANCHOR,ANCHOR,PASS,ANCHOR,PASS
neg,AMIX,2026-10-03,2026-10-02,,,PASS,,,PASS,PASS,PASS,PASS,PASS,PASS,PASS,PASS,PASS,PASS,PASS,PASS,PASS
neg,AMIX,2026-10-06,2026-10-05,,,REJECT,M_لا_مستوى_مختبر,ANCHOR,ANCHOR,ANCHOR,ANCHOR,ANCHOR,ANCHOR,ANCHOR,ANCHOR,ANCHOR,ANCHOR,ANCHOR,PASS,ANCHOR,PASS
neg,AMIX,2026-10-07,2026-10-06,,,REJECT,M_لا_مستوى_مختبر,ANCHOR,ANCHOR,ANCHOR,ANCHOR,ANCHOR,ANCHOR,ANCHOR,ANCHOR,ANCHOR,ANCHOR,ANCHOR,PASS,ANCHOR,PASS
neg,AMIX,2026-10-08,2026-10-07,,,REJECT,M_لا_مستوى_مختبر,ANCHOR,ANCHOR,ANCHOR,ANCHOR,ANCHOR,ANCHOR,ANCHOR,ANCHOR,ANCHOR,ANCHOR,ANCHOR,PASS,ANCHOR,PASS
neg,AMOD,2026-09-11,2026-09-10,,,REJECT,M4_base_واسعة,M4_RANGE,M4_RANGE,M4_RANGE,M4_RANGE,M4_RANGE,ANCHOR,M4_RANGE,M4_RANGE,M4_RANGE,M4_RANGE,M4_RANGE,M4_RANGE,M4_RANGE,PASS
neg,AMOD,2026-09-12,2026-09-11,,,REJECT,M4_base_واسعة,M4_RANGE,M4_RANGE,M4_RANGE,M4_RANGE,M4_RANGE,ANCHOR,M4_RANGE,M4_RANGE,M4_RANGE,M4_RANGE,M4_RANGE,M4_RANGE,M4_RANGE,PASS
neg,AMOD,2026-09-15,2026-09-14,,,REJECT,M4_base_واسعة,M4_RANGE,M4_RANGE,M4_RANGE,M4_RANGE,M4_RANGE,ANCHOR,M4_RANGE,M4_RANGE,M4_RANGE,M4_RANGE,M4_RANGE,M4_RANGE,M4_RANGE,PASS
neg,AMOD,2026-09-16,2026-09-15,,,PASS,,,PASS,PASS,PASS,PASS,PASS,PASS,PASS,PASS,PASS,PASS,PASS,PASS,PASS
neg,AMOD,2026-09-17,2026-09-16,,,REJECT,M_لا_مستوى_مختبر,ANCHOR,ANCHOR,ANCHOR,ANCHOR,ANCHOR,ANCHOR,ANCHOR,ANCHOR,ANCHOR,ANCHOR,ANCHOR,PASS,ANCHOR,PASS
neg,AMOD,2026-09-18,2026-09-17,,,REJECT,M_لا_مستوى_مختبر,ANCHOR,ANCHOR,ANCHOR,ANCHOR,ANCHOR,ANCHOR,ANCHOR,ANCHOR,ANCHOR,ANCHOR,ANCHOR,PASS,ANCHOR,PASS
neg,AMOD,2026-09-19,2026-09-18,,,REJECT,M_لا_مستوى_مختبر,ANCHOR,ANCHOR,ANCHOR,ANCHOR,ANCHOR,ANCHOR,ANCHOR,ANCHOR,ANCHOR,ANCHOR,ANCHOR,PASS,ANCHOR,PASS
neg,AMOD,2026-09-22,2026-09-21,,,REJECT,M_لا_مستوى_مختبر,ANCHOR,ANCHOR,ANCHOR,ANCHOR,ANCHOR,ANCHOR,ANCHOR,ANCHOR,ANCHOR,ANCHOR,ANCHOR,PASS,ANCHOR,PASS
neg,AMOD,2026-09-23,2026-09-22,,,REJECT,M_لا_مستوى_مختبر,ANCHOR,ANCHOR,ANCHOR,ANCHOR,ANCHOR,ANCHOR,ANCHOR,ANCHOR,ANCHOR,ANCHOR,ANCHOR,PASS,ANCHOR,PASS
neg,AMOD,2026-09-24,2026-09-23,,,REJECT,M_لا_مستوى_مختبر,ANCHOR,ANCHOR,ANCHOR,ANCHOR,ANCHOR,ANCHOR,ANCHOR,ANCHOR,ANCHOR,ANCHOR,ANCHOR,PASS,ANCHOR,PASS
neg,AMOD,2026-09-25,2026-09-24,,,REJECT,M_لا_مستوى_مختبر,ANCHOR,ANCHOR,ANCHOR,ANCHOR,ANCHOR,ANCHOR,ANCHOR,ANCHOR,ANCHOR,ANCHOR,ANCHOR,PASS,ANCHOR,PASS
neg,AMOD,2026-09-26,2026-09-25,,,REJECT,M_لا_مستوى_مختبر,ANCHOR,ANCHOR,ANCHOR,ANCHOR,ANCHOR,ANCHOR,ANCHOR,ANCHOR,ANCHOR,ANCHOR,ANCHOR,PASS,ANCHOR,PASS
neg,AMOD,2026-09-29,2026-09-28,,,REJECT,M_لا_مستوى_مختبر,ANCHOR,ANCHOR,ANCHOR,ANCHOR,ANCHOR,ANCHOR,ANCHOR,ANCHOR,ANCHOR,ANCHOR,ANCHOR,PASS,ANCHOR,PASS
neg,AMOD,2026-09-30,2026-09-29,,,REJECT,M_لا_مستوى_مختبر,ANCHOR,ANCHOR,ANCHOR,ANCHOR,ANCHOR,ANCHOR,ANCHOR,ANCHOR,ANCHOR,ANCHOR,ANCHOR,PASS,ANCHOR,PASS
neg,AMOD,2026-10-01,2026-09-30,,,REJECT,M_لا_مستوى_مختبر,ANCHOR,ANCHOR,ANCHOR,ANCHOR,ANCHOR,ANCHOR,ANCHOR,ANCHOR,ANCHOR,ANCHOR,ANCHOR,PASS,ANCHOR,PASS
neg,AMOD,2026-10-02,2026-10-01,,,REJECT,M4_base_واسعة,M4_RANGE,M4_RANGE,M4_RANGE,M4_RANGE,M4_RANGE,ANCHOR,M4_RANGE,M4_RANGE,M4_RANGE,M4_RANGE,M4_RANGE,M4_RANGE,M4_RANGE,PASS
neg,AMOD,2026-10-03,2026-10-02,,,REJECT,M4_base_واسعة,M4_RANGE,M4_RANGE,M4_RANGE,M4_RANGE,M4_RANGE,ANCHOR,M4_RANGE,M4_RANGE,M4_RANGE,M4_RANGE,M4_RANGE,M4_RANGE,M4_RANGE,PASS
neg,AMOD,2026-10-06,2026-10-05,,,REJECT,M4_base_واسعة,M4_RANGE,M4_RANGE,M4_RANGE,M4_RANGE,M4_RANGE,ANCHOR,M4_RANGE,M4_RANGE,M4_RANGE,M4_RANGE,M4_RANGE,M4_RANGE,M4_RANGE,PASS
neg,AMOD,2026-10-07,2026-10-06,,,REJECT,M4_base_واسعة,M4_RANGE,M4_RANGE,M4_RANGE,M4_RANGE,M4_RANGE,ANCHOR,M4_RANGE,M4_RANGE,M4_RANGE,M4_RANGE,M4_RANGE,M4_RANGE,M4_RANGE,PASS
neg,AMOD,2026-10-08,2026-10-07,,,REJECT,M4_base_واسعة,M4_RANGE,M4_RANGE,M4_RANGE,M4_RANGE,M4_RANGE,ANCHOR,M4_RANGE,M4_RANGE,M4_RANGE,M4_RANGE,M4_RANGE,M4_RANGE,M4_RANGE,PASS
neg,AZI,2026-09-11,2026-09-10,,,REJECT,M_لا_مستوى_مختبر,ANCHOR,ANCHOR,ANCHOR,ANCHOR,ANCHOR,ANCHOR,ANCHOR,ANCHOR,ANCHOR,ANCHOR,ANCHOR,PASS,ANCHOR,PASS
neg,AZI,2026-09-12,2026-09-11,,,REJECT,M_لا_مستوى_مختبر,ANCHOR,ANCHOR,ANCHOR,ANCHOR,ANCHOR,ANCHOR,ANCHOR,ANCHOR,ANCHOR,ANCHOR,ANCHOR,PASS,ANCHOR,PASS
neg,AZI,2026-09-15,2026-09-14,,,REJECT,M_لا_مستوى_مختبر,ANCHOR,ANCHOR,ANCHOR,ANCHOR,ANCHOR,ANCHOR,ANCHOR,ANCHOR,ANCHOR,ANCHOR,ANCHOR,PASS,ANCHOR,PASS
neg,AZI,2026-09-16,2026-09-15,,,REJECT,M_لا_مستوى_مختبر,ANCHOR,ANCHOR,ANCHOR,ANCHOR,ANCHOR,ANCHOR,ANCHOR,ANCHOR,ANCHOR,ANCHOR,ANCHOR,PASS,ANCHOR,PASS
neg,AZI,2026-09-17,2026-09-16,,,REJECT,M_لا_مستوى_مختبر,ANCHOR,ANCHOR,ANCHOR,ANCHOR,ANCHOR,ANCHOR,ANCHOR,ANCHOR,ANCHOR,ANCHOR,ANCHOR,PASS,ANCHOR,PASS
neg,AZI,2026-09-18,2026-09-17,,,REJECT,M_لا_مستوى_مختبر,ANCHOR,ANCHOR,ANCHOR,ANCHOR,ANCHOR,ANCHOR,ANCHOR,ANCHOR,ANCHOR,ANCHOR,ANCHOR,PASS,ANCHOR,PASS
neg,AZI,2026-09-19,2026-09-18,,,REJECT,M_لا_مستوى_مختبر,ANCHOR,ANCHOR,ANCHOR,ANCHOR,ANCHOR,ANCHOR,ANCHOR,ANCHOR,ANCHOR,ANCHOR,ANCHOR,PASS,ANCHOR,PASS
neg,AZI,2026-09-22,2026-09-21,,,PASS,,,PASS,PASS,PASS,PASS,PASS,PASS,PASS,PASS,PASS,PASS,PASS,PASS,PASS
neg,AZI,2026-09-23,2026-09-22,,,PASS,,,PASS,PASS,PASS,PASS,PASS,PASS,PASS,PASS,PASS,PASS,PASS,PASS,PASS
neg,AZI,2026-09-24,2026-09-23,,,PASS,,,PASS,PASS,PASS,PASS,PASS,PASS,PASS,PASS,PASS,PASS,PASS,PASS,PASS
neg,AZI,2026-09-25,2026-09-24,,,PASS,,,PASS,PASS,PASS,PASS,PASS,PASS,PASS,PASS,PASS,PASS,PASS,PASS,PASS
neg,AZI,2026-09-26,2026-09-25,,,PASS,,,PASS,PASS,PASS,PASS,PASS,PASS,PASS,PASS,PASS,PASS,PASS,PASS,PASS
neg,AZI,2026-09-29,2026-09-28,,,PASS,,,PASS,PASS,PASS,PASS,PASS,PASS,PASS,PASS,PASS,PASS,PASS,PASS,PASS
neg,AZI,2026-09-30,2026-09-29,,,PASS,,,PASS,PASS,PASS,PASS,PASS,PASS,PASS,PASS,PASS,PASS,PASS,PASS,PASS
neg,AZI,2026-10-01,2026-09-30,,,PASS,,,PASS,PASS,PASS,PASS,PASS,PASS,PASS,PASS,PASS,PASS,PASS,PASS,PASS
neg,AZI,2026-10-02,2026-10-01,,,REJECT,M_لا_مستوى_مختبر,ANCHOR,ANCHOR,ANCHOR,ANCHOR,ANCHOR,ANCHOR,ANCHOR,ANCHOR,ANCHOR,ANCHOR,ANCHOR,PASS,ANCHOR,PASS
neg,AZI,2026-10-03,2026-10-02,,,REJECT,M_لا_مستوى_مختبر,ANCHOR,ANCHOR,ANCHOR,ANCHOR,ANCHOR,ANCHOR,ANCHOR,ANCHOR,ANCHOR,ANCHOR,ANCHOR,PASS,ANCHOR,PASS
neg,AZI,2026-10-06,2026-10-05,,,PASS,,,PASS,PASS,PASS,PASS,PASS,PASS,PASS,PASS,PASS,PASS,PASS,PASS,PASS
neg,AZI,2026-10-07,2026-10-06,,,PASS,,,PASS,PASS,PASS,PASS,PASS,PASS,PASS,PASS,PASS,PASS,PASS,PASS,PASS
neg,AZI,2026-10-08,2026-10-07,,,PASS,,,PASS,PASS,PASS,PASS,PASS,PASS,PASS,PASS,PASS,PASS,PASS,PASS,PASS
neg,BNKK,2026-09-11,2026-09-10,,,REJECT,M_لا_مستوى_مختبر,ANCHOR,ANCHOR,ANCHOR,ANCHOR,ANCHOR,ANCHOR,ANCHOR,ANCHOR,ANCHOR,ANCHOR,ANCHOR,PASS,ANCHOR,PASS
neg,BNKK,2026-09-12,2026-09-11,,,REJECT,M_لا_مستوى_مختبر,ANCHOR,ANCHOR,ANCHOR,ANCHOR,ANCHOR,ANCHOR,ANCHOR,ANCHOR,ANCHOR,ANCHOR,ANCHOR,PASS,ANCHOR,PASS
neg,BNKK,2026-09-15,2026-09-14,,,REJECT,M_لا_مستوى_مختبر,ANCHOR,ANCHOR,ANCHOR,ANCHOR,ANCHOR,ANCHOR,ANCHOR,ANCHOR,ANCHOR,ANCHOR,ANCHOR,PASS,ANCHOR,PASS
neg,BNKK,2026-09-16,2026-09-15,,,REJECT,M_لا_مستوى_مختبر,ANCHOR,ANCHOR,ANCHOR,ANCHOR,ANCHOR,ANCHOR,ANCHOR,ANCHOR,ANCHOR,ANCHOR,ANCHOR,PASS,ANCHOR,PASS
neg,BNKK,2026-09-17,2026-09-16,,,REJECT,M_لا_مستوى_مختبر,ANCHOR,ANCHOR,ANCHOR,ANCHOR,ANCHOR,ANCHOR,ANCHOR,ANCHOR,ANCHOR,ANCHOR,ANCHOR,PASS,ANCHOR,PASS
neg,BNKK,2026-09-18,2026-09-17,,,REJECT,M_لا_مستوى_مختبر,ANCHOR,ANCHOR,ANCHOR,ANCHOR,ANCHOR,ANCHOR,ANCHOR,ANCHOR,ANCHOR,ANCHOR,ANCHOR,PASS,ANCHOR,PASS
neg,BNKK,2026-09-19,2026-09-18,,,REJECT,M_لا_مستوى_مختبر,ANCHOR,ANCHOR,ANCHOR,ANCHOR,ANCHOR,ANCHOR,ANCHOR,ANCHOR,ANCHOR,ANCHOR,ANCHOR,PASS,ANCHOR,PASS
neg,BNKK,2026-09-22,2026-09-21,,,REJECT,M_لا_مستوى_مختبر,ANCHOR,ANCHOR,ANCHOR,ANCHOR,ANCHOR,ANCHOR,ANCHOR,ANCHOR,ANCHOR,ANCHOR,ANCHOR,PASS,ANCHOR,PASS
neg,BNKK,2026-09-23,2026-09-22,,,REJECT,M_لا_مستوى_مختبر,ANCHOR,ANCHOR,ANCHOR,ANCHOR,ANCHOR,ANCHOR,ANCHOR,ANCHOR,ANCHOR,ANCHOR,ANCHOR,PASS,ANCHOR,PASS
neg,BNKK,2026-09-24,2026-09-23,,,REJECT,M_لا_مستوى_مختبر,ANCHOR,ANCHOR,ANCHOR,ANCHOR,ANCHOR,ANCHOR,ANCHOR,ANCHOR,ANCHOR,ANCHOR,ANCHOR,PASS,ANCHOR,PASS
neg,BNKK,2026-09-25,2026-09-24,,,REJECT,M_لا_مستوى_مختبر,ANCHOR,ANCHOR,ANCHOR,ANCHOR,ANCHOR,ANCHOR,ANCHOR,ANCHOR,ANCHOR,ANCHOR,ANCHOR,PASS,ANCHOR,PASS
neg,BNKK,2026-09-26,2026-09-25,,,REJECT,M_لا_مستوى_مختبر,ANCHOR,ANCHOR,ANCHOR,ANCHOR,ANCHOR,ANCHOR,ANCHOR,ANCHOR,ANCHOR,ANCHOR,ANCHOR,PASS,ANCHOR,PASS
neg,BNKK,2026-09-29,2026-09-28,,,REJECT,M10_RSI_فات_القطار,RSI_NOW,RSI_NOW,RSI_NOW,RSI_NOW,RSI_NOW,RSI_NOW,RSI_NOW,RSI_NOW,RSI_NOW,ANCHOR,RSI_NOW,RSI_NOW,RSI_NOW,PASS
neg,BNKK,2026-09-30,2026-09-29,,,REJECT,M10_RSI_فات_القطار,RSI_NOW,RSI_NOW,RSI_NOW,RSI_NOW,RSI_NOW,RSI_NOW,RSI_NOW,RSI_NOW,RSI_NOW,ANCHOR,RSI_NOW,RSI_NOW,RSI_NOW,PASS
neg,BNKK,2026-10-01,2026-09-30,,,REJECT,M10_RSI_فات_القطار,RSI_NOW,RSI_NOW,RSI_NOW,RSI_NOW,RSI_NOW,RSI_NOW,RSI_NOW,RSI_NOW,RSI_NOW,ANCHOR,RSI_NOW,RSI_NOW,RSI_NOW,PASS
neg,BNKK,2026-10-02,2026-10-01,,,REJECT,M_لا_مستوى_مختبر,ANCHOR,ANCHOR,ANCHOR,ANCHOR,ANCHOR,ANCHOR,ANCHOR,ANCHOR,ANCHOR,ANCHOR,ANCHOR,PASS,ANCHOR,PASS
neg,BNKK,2026-10-03,2026-10-02,,,REJECT,M_لا_مستوى_مختبر,ANCHOR,ANCHOR,ANCHOR,ANCHOR,ANCHOR,ANCHOR,ANCHOR,ANCHOR,ANCHOR,ANCHOR,ANCHOR,PASS,ANCHOR,PASS
neg,BNKK,2026-10-06,2026-10-05,,,PASS,,,PASS,PASS,PASS,PASS,PASS,PASS,PASS,PASS,PASS,PASS,PASS,PASS,PASS
neg,BNKK,2026-10-07,2026-10-06,,,PASS,,,PASS,PASS,PASS,PASS,PASS,PASS,PASS,PASS,PASS,PASS,PASS,PASS,PASS
neg,BNKK,2026-10-08,2026-10-07,,,REJECT,M_لا_مستوى_مختبر,ANCHOR,ANCHOR,ANCHOR,ANCHOR,ANCHOR,ANCHOR,ANCHOR,ANCHOR,ANCHOR,ANCHOR,ANCHOR,PASS,ANCHOR,PASS
neg,BRNX,2026-09-11,2026-09-10,,,REJECT,M4_base_واسعة,M4_RANGE,M4_RANGE,M4_RANGE,M4_RANGE,M4_RANGE,PASS,M4_RANGE,M4_RANGE,M4_RANGE,M4_RANGE,M4_RANGE,M4_RANGE,M4_RANGE,PASS
neg,BRNX,2026-09-12,2026-09-11,,,REJECT,M4_base_واسعة,M4_RANGE,M4_RANGE,M4_RANGE,M4_RANGE,M4_RANGE,PASS,M4_RANGE,M4_RANGE,M4_RANGE,M4_RANGE,M4_RANGE,M4_RANGE,M4_RANGE,PASS
neg,BRNX,2026-09-15,2026-09-14,,,REJECT,M4_base_واسعة,M4_RANGE,M4_RANGE,M4_RANGE,M4_RANGE,M4_RANGE,PASS,M4_RANGE,M4_RANGE,M4_RANGE,M4_RANGE,M4_RANGE,M4_RANGE,M4_RANGE,PASS
neg,BRNX,2026-09-16,2026-09-15,,,REJECT,M4_base_واسعة,M4_RANGE,M4_RANGE,M4_RANGE,M4_RANGE,M4_RANGE,PASS,M4_RANGE,M4_RANGE,M4_RANGE,M4_RANGE,M4_RANGE,M4_RANGE,M4_RANGE,PASS
neg,BRNX,2026-09-17,2026-09-16,,,REJECT,M4_base_واسعة,M4_RANGE,M4_RANGE,M4_RANGE,M4_RANGE,M4_RANGE,PASS,M4_RANGE,M4_RANGE,M4_RANGE,M4_RANGE,M4_RANGE,M4_RANGE,M4_RANGE,PASS
neg,BRNX,2026-09-18,2026-09-17,,,REJECT,M4_base_واسعة,M4_RANGE,M4_RANGE,M4_RANGE,M4_RANGE,M4_RANGE,PASS,M4_RANGE,M4_RANGE,M4_RANGE,M4_RANGE,M4_RANGE,M4_RANGE,M4_RANGE,PASS
neg,BRNX,2026-09-19,2026-09-18,,,REJECT,M4_base_واسعة,M4_RANGE,M4_RANGE,M4_RANGE,M4_RANGE,M4_RANGE,ANCHOR,M4_RANGE,M4_RANGE,M4_RANGE,M4_RANGE,M4_RANGE,M4_RANGE,M4_RANGE,PASS
neg,BRNX,2026-09-22,2026-09-21,,,REJECT,M4_base_واسعة,M4_RANGE,M4_RANGE,M4_RANGE,M4_RANGE,M4_RANGE,ANCHOR,M4_RANGE,M4_RANGE,M4_RANGE,M4_RANGE,M4_RANGE,M4_RANGE,M4_RANGE,PASS
neg,BRNX,2026-09-23,2026-09-22,,,PASS,,,PASS,PASS,PASS,PASS,PASS,PASS,PASS,PASS,PASS,PASS,PASS,PASS,PASS
neg,BRNX,2026-09-24,2026-09-23,,,PASS,,,PASS,PASS,PASS,PASS,PASS,PASS,PASS,PASS,PASS,PASS,PASS,PASS,PASS
neg,BRNX,2026-09-25,2026-09-24,,,PASS,,,PASS,PASS,PASS,PASS,PASS,PASS,PASS,PASS,PASS,PASS,PASS,PASS,PASS
neg,BRNX,2026-09-26,2026-09-25,,,PASS,,,PASS,PASS,PASS,PASS,PASS,PASS,PASS,PASS,PASS,PASS,PASS,PASS,PASS
neg,BRNX,2026-09-29,2026-09-28,,,PASS,,,PASS,PASS,PASS,PASS,PASS,PASS,PASS,PASS,PASS,PASS,PASS,PASS,PASS
neg,BRNX,2026-09-30,2026-09-29,,,PASS,,,PASS,PASS,PASS,PASS,PASS,PASS,PASS,PASS,PASS,PASS,PASS,PASS,PASS
neg,BRNX,2026-10-01,2026-09-30,,,PASS,,,PASS,PASS,PASS,PASS,PASS,PASS,PASS,PASS,PASS,PASS,PASS,PASS,PASS
neg,BRNX,2026-10-02,2026-10-01,,,PASS,,,PASS,PASS,PASS,PASS,PASS,PASS,PASS,PASS,PASS,PASS,PASS,PASS,PASS
neg,BRNX,2026-10-03,2026-10-02,,,REJECT,M_لا_مستوى_مختبر,ANCHOR,ANCHOR,ANCHOR,ANCHOR,ANCHOR,ANCHOR,ANCHOR,ANCHOR,ANCHOR,ANCHOR,ANCHOR,PASS,ANCHOR,PASS
neg,BRNX,2026-10-06,2026-10-05,,,REJECT,M_لا_مستوى_مختبر,ANCHOR,ANCHOR,ANCHOR,ANCHOR,ANCHOR,ANCHOR,ANCHOR,ANCHOR,ANCHOR,ANCHOR,ANCHOR,PASS,ANCHOR,PASS
neg,BRNX,2026-10-07,2026-10-06,,,REJECT,M_لا_مستوى_مختبر,ANCHOR,ANCHOR,ANCHOR,ANCHOR,ANCHOR,ANCHOR,ANCHOR,ANCHOR,ANCHOR,ANCHOR,ANCHOR,PASS,ANCHOR,PASS
neg,BRNX,2026-10-08,2026-10-07,,,REJECT,M_لا_مستوى_مختبر,ANCHOR,ANCHOR,ANCHOR,ANCHOR,ANCHOR,ANCHOR,ANCHOR,ANCHOR,ANCHOR,ANCHOR,ANCHOR,PASS,ANCHOR,PASS
neg,BRTX,2026-09-11,2026-09-10,,,REJECT,M_لا_مستوى_مختبر,ANCHOR,ANCHOR,ANCHOR,ANCHOR,ANCHOR,ANCHOR,ANCHOR,ANCHOR,ANCHOR,ANCHOR,ANCHOR,PASS,ANCHOR,PASS
neg,BRTX,2026-09-12,2026-09-11,,,PASS,,,PASS,PASS,PASS,PASS,PASS,PASS,PASS,PASS,PASS,PASS,PASS,PASS,PASS
neg,BRTX,2026-09-15,2026-09-14,,,PASS,,,PASS,PASS,PASS,PASS,PASS,PASS,PASS,PASS,PASS,PASS,PASS,PASS,PASS
neg,BRTX,2026-09-16,2026-09-15,,,PASS,,,PASS,PASS,PASS,PASS,PASS,PASS,PASS,PASS,PASS,PASS,PASS,PASS,PASS
neg,BRTX,2026-09-17,2026-09-16,,,REJECT,M_لا_مستوى_مختبر,ANCHOR,ANCHOR,ANCHOR,ANCHOR,ANCHOR,ANCHOR,ANCHOR,ANCHOR,ANCHOR,ANCHOR,ANCHOR,PASS,ANCHOR,PASS
neg,BRTX,2026-09-18,2026-09-17,,,REJECT,M_لا_مستوى_مختبر,ANCHOR,ANCHOR,ANCHOR,ANCHOR,ANCHOR,ANCHOR,ANCHOR,ANCHOR,ANCHOR,ANCHOR,ANCHOR,PASS,ANCHOR,PASS
neg,BRTX,2026-09-19,2026-09-18,,,REJECT,M_لا_مستوى_مختبر,ANCHOR,ANCHOR,ANCHOR,ANCHOR,ANCHOR,ANCHOR,ANCHOR,ANCHOR,ANCHOR,ANCHOR,ANCHOR,PASS,ANCHOR,PASS
neg,BRTX,2026-09-22,2026-09-21,,,REJECT,M_لا_مستوى_مختبر,ANCHOR,ANCHOR,ANCHOR,ANCHOR,ANCHOR,ANCHOR,ANCHOR,ANCHOR,ANCHOR,ANCHOR,ANCHOR,PASS,ANCHOR,PASS
neg,BRTX,2026-09-23,2026-09-22,,,REJECT,M_لا_مستوى_مختبر,ANCHOR,ANCHOR,ANCHOR,ANCHOR,ANCHOR,ANCHOR,ANCHOR,ANCHOR,ANCHOR,ANCHOR,ANCHOR,PASS,ANCHOR,PASS
neg,BRTX,2026-09-24,2026-09-23,,,REJECT,M_لا_مستوى_مختبر,ANCHOR,ANCHOR,ANCHOR,ANCHOR,ANCHOR,ANCHOR,ANCHOR,ANCHOR,ANCHOR,ANCHOR,ANCHOR,PASS,ANCHOR,PASS
neg,BRTX,2026-09-25,2026-09-24,,,REJECT,M_لا_مستوى_مختبر,ANCHOR,ANCHOR,ANCHOR,ANCHOR,ANCHOR,ANCHOR,ANCHOR,ANCHOR,ANCHOR,ANCHOR,ANCHOR,PASS,ANCHOR,PASS
neg,BRTX,2026-09-26,2026-09-25,,,REJECT,M_لا_مستوى_مختبر,ANCHOR,ANCHOR,ANCHOR,ANCHOR,ANCHOR,ANCHOR,ANCHOR,ANCHOR,ANCHOR,ANCHOR,ANCHOR,PASS,ANCHOR,PASS
neg,BRTX,2026-09-29,2026-09-28,,,REJECT,M_لا_مستوى_مختبر,ANCHOR,ANCHOR,ANCHOR,ANCHOR,ANCHOR,ANCHOR,ANCHOR,ANCHOR,ANCHOR,ANCHOR,ANCHOR,PASS,ANCHOR,PASS
neg,BRTX,2026-09-30,2026-09-29,,,REJECT,M_لا_مستوى_مختبر,ANCHOR,ANCHOR,ANCHOR,ANCHOR,ANCHOR,ANCHOR,ANCHOR,ANCHOR,ANCHOR,ANCHOR,ANCHOR,PASS,ANCHOR,PASS
neg,BRTX,2026-10-01,2026-09-30,,,REJECT,M_لا_مستوى_مختبر,ANCHOR,ANCHOR,ANCHOR,ANCHOR,ANCHOR,ANCHOR,ANCHOR,ANCHOR,ANCHOR,ANCHOR,ANCHOR,PASS,ANCHOR,PASS
neg,BRTX,2026-10-02,2026-10-01,,,REJECT,M_لا_مستوى_مختبر,ANCHOR,ANCHOR,ANCHOR,ANCHOR,ANCHOR,ANCHOR,ANCHOR,ANCHOR,ANCHOR,ANCHOR,ANCHOR,PASS,ANCHOR,PASS
neg,BRTX,2026-10-03,2026-10-02,,,REJECT,M_لا_مستوى_مختبر,ANCHOR,ANCHOR,ANCHOR,ANCHOR,ANCHOR,ANCHOR,ANCHOR,ANCHOR,ANCHOR,ANCHOR,ANCHOR,PASS,ANCHOR,PASS
neg,BRTX,2026-10-06,2026-10-05,,,REJECT,M_لا_مستوى_مختبر,ANCHOR,ANCHOR,ANCHOR,ANCHOR,ANCHOR,ANCHOR,ANCHOR,ANCHOR,ANCHOR,ANCHOR,ANCHOR,PASS,ANCHOR,PASS
neg,BRTX,2026-10-07,2026-10-06,,,REJECT,M_لا_مستوى_مختبر,ANCHOR,ANCHOR,ANCHOR,ANCHOR,ANCHOR,ANCHOR,ANCHOR,ANCHOR,ANCHOR,ANCHOR,ANCHOR,PASS,ANCHOR,PASS
neg,BRTX,2026-10-08,2026-10-07,,,REJECT,M_لا_مستوى_مختبر,ANCHOR,ANCHOR,ANCHOR,ANCHOR,ANCHOR,ANCHOR,ANCHOR,ANCHOR,ANCHOR,ANCHOR,ANCHOR,PASS,ANCHOR,PASS
neg,BTOG,2026-09-11,2026-09-10,,,REJECT,M4_base_واسعة,M4_RANGE,M4_RANGE,M4_RANGE,M4_RANGE,M4_RANGE,ANCHOR,M4_RANGE,M4_RANGE,M4_RANGE,M4_RANGE,M4_RANGE,M4_RANGE,M4_RANGE,PASS
neg,BTOG,2026-09-12,2026-09-11,,,REJECT,M4_base_واسعة,M4_RANGE,M4_RANGE,M4_RANGE,M4_RANGE,M4_RANGE,ANCHOR,M4_RANGE,M4_RANGE,M4_RANGE,M4_RANGE,M4_RANGE,M4_RANGE,M4_RANGE,PASS
neg,BTOG,2026-09-15,2026-09-14,,,REJECT,M4_base_واسعة,M4_RANGE,M4_RANGE,M4_RANGE,M4_RANGE,M4_RANGE,ANCHOR,M4_RANGE,M4_RANGE,M4_RANGE,M4_RANGE,M4_RANGE,M4_RANGE,M4_RANGE,PASS
neg,BTOG,2026-09-16,2026-09-15,,,REJECT,M4_base_واسعة,M4_RANGE,M4_RANGE,M4_RANGE,M4_RANGE,M4_RANGE,ANCHOR,M4_RANGE,M4_RANGE,M4_RANGE,M4_RANGE,M4_RANGE,M4_RANGE,M4_RANGE,PASS
neg,BTOG,2026-09-17,2026-09-16,,,REJECT,M4_base_واسعة,M4_RANGE,M4_RANGE,M4_RANGE,M4_RANGE,M4_RANGE,ANCHOR,M4_RANGE,M4_RANGE,M4_RANGE,M4_RANGE,M4_RANGE,M4_RANGE,M4_RANGE,PASS
neg,BTOG,2026-09-18,2026-09-17,,,REJECT,M4_base_واسعة,M4_RANGE,M4_RANGE,M4_RANGE,M4_RANGE,M4_RANGE,ANCHOR,M4_RANGE,M4_RANGE,M4_RANGE,M4_RANGE,M4_RANGE,M4_RANGE,M4_RANGE,PASS
neg,BTOG,2026-09-19,2026-09-18,,,REJECT,M4_base_واسعة,M4_RANGE,M4_RANGE,M4_RANGE,M4_RANGE,M4_RANGE,ANCHOR,M4_RANGE,M4_RANGE,M4_RANGE,M4_RANGE,M4_RANGE,M4_RANGE,M4_RANGE,PASS
neg,BTOG,2026-09-22,2026-09-21,,,REJECT,M4_base_واسعة,M4_RANGE,M4_RANGE,M4_RANGE,M4_RANGE,M4_RANGE,ANCHOR,M4_RANGE,M4_RANGE,M4_RANGE,M4_RANGE,M4_RANGE,M4_RANGE,M4_RANGE,PASS
neg,BTOG,2026-09-23,2026-09-22,,,REJECT,M4_base_واسعة,M4_RANGE,M4_RANGE,M4_RANGE,M4_RANGE,M4_RANGE,ANCHOR,M4_RANGE,M4_RANGE,M4_RANGE,M4_RANGE,M4_RANGE,M4_RANGE,M4_RANGE,PASS
neg,BTOG,2026-09-24,2026-09-23,,,REJECT,M4_base_واسعة,M4_RANGE,M4_RANGE,M4_RANGE,M4_RANGE,M4_RANGE,ANCHOR,M4_RANGE,M4_RANGE,M4_RANGE,M4_RANGE,M4_RANGE,M4_RANGE,M4_RANGE,PASS
neg,BTOG,2026-09-25,2026-09-24,,,REJECT,M4_base_واسعة,M4_RANGE,M4_RANGE,M4_RANGE,M4_RANGE,M4_RANGE,ANCHOR,M4_RANGE,M4_RANGE,M4_RANGE,M4_RANGE,M4_RANGE,M4_RANGE,M4_RANGE,PASS
neg,BTOG,2026-09-26,2026-09-25,,,REJECT,M4_base_واسعة,M4_RANGE,M4_RANGE,M4_RANGE,M4_RANGE,M4_RANGE,PASS,M4_RANGE,M4_RANGE,M4_RANGE,M4_RANGE,M4_RANGE,M4_RANGE,M4_RANGE,PASS
neg,BTOG,2026-09-29,2026-09-28,,,PASS,,,PASS,PASS,PASS,PASS,PASS,PASS,PASS,PASS,PASS,PASS,PASS,PASS,PASS
neg,BTOG,2026-09-30,2026-09-29,,,PASS,,,PASS,PASS,PASS,PASS,PASS,PASS,PASS,PASS,PASS,PASS,PASS,PASS,PASS
neg,BTOG,2026-10-01,2026-09-30,,,PASS,,,PASS,PASS,PASS,PASS,PASS,PASS,PASS,PASS,PASS,PASS,PASS,PASS,PASS
neg,BTOG,2026-10-02,2026-10-01,,,PASS,,,PASS,PASS,PASS,PASS,PASS,PASS,PASS,PASS,PASS,PASS,PASS,PASS,PASS
neg,BTOG,2026-10-03,2026-10-02,,,REJECT,M_لا_مستوى_مختبر,ANCHOR,ANCHOR,ANCHOR,ANCHOR,ANCHOR,ANCHOR,ANCHOR,ANCHOR,ANCHOR,ANCHOR,ANCHOR,PASS,ANCHOR,PASS
neg,BTOG,2026-10-06,2026-10-05,,,REJECT,M_لا_مستوى_مختبر,ANCHOR,ANCHOR,ANCHOR,ANCHOR,ANCHOR,ANCHOR,ANCHOR,ANCHOR,ANCHOR,ANCHOR,ANCHOR,PASS,ANCHOR,PASS
neg,BTOG,2026-10-07,2026-10-06,,,REJECT,M4_base_واسعة,M4_RANGE,M4_RANGE,M4_RANGE,M4_RANGE,M4_RANGE,ANCHOR,M4_RANGE,M4_RANGE,M4_RANGE,M4_RANGE,M4_RANGE,M4_RANGE,M4_RANGE,PASS
neg,BTOG,2026-10-08,2026-10-07,,,REJECT,M4_base_واسعة,M4_RANGE,M4_RANGE,M4_RANGE,M4_RANGE,M4_RANGE,ANCHOR,M4_RANGE,M4_RANGE,M4_RANGE,M4_RANGE,M4_RANGE,M4_RANGE,M4_RANGE,PASS
neg,CCHH,2026-09-11,2026-09-10,,,REJECT,M_لا_مستوى_مختبر,ANCHOR,ANCHOR,ANCHOR,ANCHOR,ANCHOR,ANCHOR,ANCHOR,ANCHOR,ANCHOR,ANCHOR,ANCHOR,PASS,ANCHOR,PASS
neg,CCHH,2026-09-12,2026-09-11,,,PASS,,,PASS,PASS,PASS,PASS,PASS,PASS,PASS,PASS,PASS,PASS,PASS,PASS,PASS
neg,CCHH,2026-09-15,2026-09-14,,,REJECT,M_لا_مستوى_مختبر,ANCHOR,ANCHOR,ANCHOR,ANCHOR,ANCHOR,ANCHOR,ANCHOR,ANCHOR,ANCHOR,ANCHOR,ANCHOR,PASS,ANCHOR,PASS
neg,CCHH,2026-09-16,2026-09-15,,,REJECT,M_لا_مستوى_مختبر,ANCHOR,ANCHOR,ANCHOR,ANCHOR,ANCHOR,ANCHOR,ANCHOR,ANCHOR,ANCHOR,ANCHOR,ANCHOR,PASS,ANCHOR,PASS
neg,CCHH,2026-09-17,2026-09-16,,,REJECT,M_لا_مستوى_مختبر,ANCHOR,ANCHOR,ANCHOR,ANCHOR,ANCHOR,ANCHOR,ANCHOR,ANCHOR,ANCHOR,ANCHOR,ANCHOR,PASS,ANCHOR,PASS
neg,CCHH,2026-09-18,2026-09-17,,,REJECT,M_لا_مستوى_مختبر,ANCHOR,ANCHOR,ANCHOR,ANCHOR,ANCHOR,ANCHOR,ANCHOR,ANCHOR,ANCHOR,ANCHOR,ANCHOR,PASS,ANCHOR,PASS
neg,CCHH,2026-09-19,2026-09-18,,,REJECT,M_لا_مستوى_مختبر,ANCHOR,ANCHOR,ANCHOR,ANCHOR,ANCHOR,ANCHOR,ANCHOR,ANCHOR,ANCHOR,ANCHOR,ANCHOR,PASS,ANCHOR,PASS
neg,CCHH,2026-09-22,2026-09-21,,,REJECT,M_لا_مستوى_مختبر,ANCHOR,ANCHOR,ANCHOR,ANCHOR,ANCHOR,ANCHOR,ANCHOR,ANCHOR,ANCHOR,ANCHOR,ANCHOR,PASS,ANCHOR,PASS
neg,CCHH,2026-09-23,2026-09-22,,,REJECT,M_لا_مستوى_مختبر,ANCHOR,ANCHOR,ANCHOR,ANCHOR,ANCHOR,ANCHOR,ANCHOR,ANCHOR,ANCHOR,ANCHOR,ANCHOR,PASS,ANCHOR,PASS
neg,CCHH,2026-09-24,2026-09-23,,,REJECT,M_لا_مستوى_مختبر,ANCHOR,ANCHOR,ANCHOR,ANCHOR,ANCHOR,ANCHOR,ANCHOR,ANCHOR,ANCHOR,ANCHOR,ANCHOR,PASS,ANCHOR,PASS
neg,CCHH,2026-09-25,2026-09-24,,,REJECT,M_لا_مستوى_مختبر,ANCHOR,ANCHOR,ANCHOR,ANCHOR,ANCHOR,ANCHOR,ANCHOR,ANCHOR,ANCHOR,ANCHOR,ANCHOR,PASS,ANCHOR,PASS
neg,CCHH,2026-09-26,2026-09-25,,,REJECT,M_لا_مستوى_مختبر,ANCHOR,ANCHOR,ANCHOR,ANCHOR,ANCHOR,ANCHOR,ANCHOR,ANCHOR,ANCHOR,ANCHOR,ANCHOR,PASS,ANCHOR,PASS
neg,CCHH,2026-09-29,2026-09-28,,,PASS,,,PASS,PASS,PASS,PASS,PASS,PASS,PASS,PASS,PASS,PASS,PASS,PASS,PASS
neg,CCHH,2026-09-30,2026-09-29,,,PASS,,,PASS,PASS,PASS,PASS,PASS,PASS,PASS,PASS,PASS,PASS,PASS,PASS,PASS
neg,CCHH,2026-10-01,2026-09-30,,,PASS,,,PASS,PASS,PASS,PASS,PASS,PASS,PASS,PASS,PASS,PASS,PASS,PASS,PASS
neg,CCHH,2026-10-02,2026-10-01,,,REJECT,M_لا_مستوى_مختبر,ANCHOR,ANCHOR,ANCHOR,ANCHOR,ANCHOR,ANCHOR,ANCHOR,ANCHOR,ANCHOR,ANCHOR,ANCHOR,PASS,ANCHOR,PASS
neg,CCHH,2026-10-03,2026-10-02,,,REJECT,M_لا_مستوى_مختبر,ANCHOR,ANCHOR,ANCHOR,ANCHOR,ANCHOR,ANCHOR,ANCHOR,ANCHOR,ANCHOR,ANCHOR,ANCHOR,PASS,ANCHOR,PASS
neg,CCHH,2026-10-06,2026-10-05,,,REJECT,M_لا_مستوى_مختبر,ANCHOR,ANCHOR,ANCHOR,ANCHOR,ANCHOR,ANCHOR,ANCHOR,ANCHOR,ANCHOR,ANCHOR,ANCHOR,PASS,ANCHOR,PASS
neg,CCHH,2026-10-07,2026-10-06,,,REJECT,M_لا_مستوى_مختبر,ANCHOR,ANCHOR,ANCHOR,ANCHOR,ANCHOR,ANCHOR,ANCHOR,ANCHOR,ANCHOR,ANCHOR,ANCHOR,PASS,ANCHOR,PASS
neg,CCHH,2026-10-08,2026-10-07,,,REJECT,M_لا_مستوى_مختبر,ANCHOR,ANCHOR,ANCHOR,ANCHOR,ANCHOR,ANCHOR,ANCHOR,ANCHOR,ANCHOR,ANCHOR,ANCHOR,PASS,ANCHOR,PASS
neg,CETX,2026-09-11,2026-09-10,,,PASS,,,PASS,PASS,PASS,PASS,PASS,PASS,PASS,PASS,PASS,PASS,PASS,PASS,PASS
neg,CETX,2026-09-12,2026-09-11,,,PASS,,,PASS,PASS,PASS,PASS,PASS,PASS,PASS,PASS,PASS,PASS,PASS,PASS,PASS
neg,CETX,2026-09-15,2026-09-14,,,REJECT,M_لا_مستوى_مختبر,ANCHOR,ANCHOR,ANCHOR,ANCHOR,ANCHOR,ANCHOR,ANCHOR,ANCHOR,ANCHOR,ANCHOR,ANCHOR,PASS,ANCHOR,PASS
neg,CETX,2026-09-16,2026-09-15,,,REJECT,M_لا_مستوى_مختبر,ANCHOR,ANCHOR,ANCHOR,ANCHOR,ANCHOR,ANCHOR,ANCHOR,ANCHOR,ANCHOR,ANCHOR,ANCHOR,PASS,ANCHOR,PASS
neg,CETX,2026-09-17,2026-09-16,,,REJECT,M_لا_مستوى_مختبر,ANCHOR,ANCHOR,ANCHOR,ANCHOR,ANCHOR,ANCHOR,ANCHOR,ANCHOR,ANCHOR,ANCHOR,ANCHOR,PASS,ANCHOR,PASS
neg,CETX,2026-09-18,2026-09-17,,,REJECT,M_لا_مستوى_مختبر,ANCHOR,ANCHOR,ANCHOR,ANCHOR,ANCHOR,ANCHOR,ANCHOR,ANCHOR,ANCHOR,ANCHOR,ANCHOR,PASS,ANCHOR,PASS
neg,CETX,2026-09-19,2026-09-18,,,REJECT,M_لا_مستوى_مختبر,ANCHOR,ANCHOR,ANCHOR,ANCHOR,ANCHOR,ANCHOR,ANCHOR,ANCHOR,ANCHOR,ANCHOR,ANCHOR,PASS,ANCHOR,PASS
neg,CETX,2026-09-22,2026-09-21,,,REJECT,M_لا_مستوى_مختبر,ANCHOR,ANCHOR,ANCHOR,ANCHOR,ANCHOR,ANCHOR,ANCHOR,ANCHOR,ANCHOR,ANCHOR,ANCHOR,PASS,ANCHOR,PASS
neg,CETX,2026-09-23,2026-09-22,,,REJECT,M_لا_مستوى_مختبر,ANCHOR,ANCHOR,ANCHOR,ANCHOR,ANCHOR,ANCHOR,ANCHOR,ANCHOR,ANCHOR,ANCHOR,ANCHOR,PASS,ANCHOR,PASS
neg,CETX,2026-09-24,2026-09-23,,,PASS,,,PASS,PASS,PASS,PASS,PASS,PASS,PASS,PASS,PASS,PASS,PASS,PASS,PASS
neg,CETX,2026-09-25,2026-09-24,,,PASS,,,PASS,PASS,PASS,PASS,PASS,PASS,PASS,PASS,PASS,PASS,PASS,PASS,PASS
neg,CETX,2026-09-26,2026-09-25,,,PASS,,,PASS,PASS,PASS,PASS,PASS,PASS,PASS,PASS,PASS,PASS,PASS,PASS,PASS
neg,CETX,2026-09-29,2026-09-28,,,PASS,,,PASS,PASS,PASS,PASS,PASS,PASS,PASS,PASS,PASS,PASS,PASS,PASS,PASS
neg,CETX,2026-09-30,2026-09-29,,,PASS,,,PASS,PASS,PASS,PASS,PASS,PASS,PASS,PASS,PASS,PASS,PASS,PASS,PASS
neg,CETX,2026-10-01,2026-09-30,,,PASS,,,PASS,PASS,PASS,PASS,PASS,PASS,PASS,PASS,PASS,PASS,PASS,PASS,PASS
neg,CETX,2026-10-02,2026-10-01,,,PASS,,,PASS,PASS,PASS,PASS,PASS,PASS,PASS,PASS,PASS,PASS,PASS,PASS,PASS
neg,CETX,2026-10-03,2026-10-02,,,PASS,,,PASS,PASS,PASS,PASS,PASS,PASS,PASS,PASS,PASS,PASS,PASS,PASS,PASS
neg,CETX,2026-10-06,2026-10-05,,,REJECT,M_لا_مستوى_مختبر,ANCHOR,ANCHOR,ANCHOR,ANCHOR,ANCHOR,ANCHOR,ANCHOR,ANCHOR,ANCHOR,ANCHOR,ANCHOR,PASS,ANCHOR,PASS
neg,CETX,2026-10-07,2026-10-06,,,REJECT,M_لا_مستوى_مختبر,ANCHOR,ANCHOR,ANCHOR,ANCHOR,ANCHOR,ANCHOR,ANCHOR,ANCHOR,ANCHOR,ANCHOR,ANCHOR,PASS,ANCHOR,PASS
neg,CETX,2026-10-08,2026-10-07,,,REJECT,M_لا_مستوى_مختبر,ANCHOR,ANCHOR,ANCHOR,ANCHOR,ANCHOR,ANCHOR,ANCHOR,ANCHOR,ANCHOR,ANCHOR,ANCHOR,PASS,ANCHOR,PASS
neg,CGTL,2026-09-11,2026-09-10,,,REJECT,M_لا_مستوى_مختبر,ANCHOR,ANCHOR,ANCHOR,ANCHOR,ANCHOR,ANCHOR,ANCHOR,ANCHOR,ANCHOR,ANCHOR,ANCHOR,PASS,ANCHOR,PASS
neg,CGTL,2026-09-12,2026-09-11,,,REJECT,M_لا_مستوى_مختبر,ANCHOR,ANCHOR,ANCHOR,ANCHOR,ANCHOR,ANCHOR,ANCHOR,ANCHOR,ANCHOR,ANCHOR,ANCHOR,PASS,ANCHOR,PASS
neg,CGTL,2026-09-15,2026-09-14,,,REJECT,M_لا_مستوى_مختبر,ANCHOR,ANCHOR,ANCHOR,ANCHOR,ANCHOR,ANCHOR,ANCHOR,ANCHOR,ANCHOR,ANCHOR,ANCHOR,PASS,ANCHOR,PASS
neg,CGTL,2026-09-16,2026-09-15,,,REJECT,M_لا_مستوى_مختبر,ANCHOR,ANCHOR,ANCHOR,ANCHOR,ANCHOR,ANCHOR,ANCHOR,ANCHOR,ANCHOR,ANCHOR,ANCHOR,PASS,ANCHOR,PASS
neg,CGTL,2026-09-17,2026-09-16,,,REJECT,M_لا_مستوى_مختبر,ANCHOR,ANCHOR,ANCHOR,ANCHOR,ANCHOR,ANCHOR,ANCHOR,ANCHOR,ANCHOR,ANCHOR,ANCHOR,PASS,ANCHOR,PASS
neg,CGTL,2026-09-18,2026-09-17,,,REJECT,M_لا_مستوى_مختبر,ANCHOR,ANCHOR,ANCHOR,ANCHOR,ANCHOR,ANCHOR,ANCHOR,ANCHOR,ANCHOR,ANCHOR,ANCHOR,PASS,ANCHOR,PASS
neg,CGTL,2026-09-19,2026-09-18,,,REJECT,M_لا_مستوى_مختبر,ANCHOR,ANCHOR,ANCHOR,ANCHOR,ANCHOR,ANCHOR,ANCHOR,ANCHOR,ANCHOR,ANCHOR,ANCHOR,PASS,ANCHOR,PASS
neg,CGTL,2026-09-22,2026-09-21,,,REJECT,M_لا_مستوى_مختبر,ANCHOR,ANCHOR,ANCHOR,ANCHOR,ANCHOR,ANCHOR,ANCHOR,ANCHOR,ANCHOR,ANCHOR,ANCHOR,PASS,ANCHOR,PASS
neg,CGTL,2026-09-23,2026-09-22,,,REJECT,M_لا_مستوى_مختبر,ANCHOR,ANCHOR,ANCHOR,ANCHOR,ANCHOR,ANCHOR,ANCHOR,ANCHOR,ANCHOR,ANCHOR,ANCHOR,PASS,ANCHOR,PASS
neg,CGTL,2026-09-24,2026-09-23,,,PASS,,,PASS,PASS,PASS,PASS,PASS,PASS,PASS,PASS,PASS,PASS,PASS,PASS,PASS
neg,CGTL,2026-09-25,2026-09-24,,,PASS,,,PASS,PASS,PASS,PASS,PASS,PASS,PASS,PASS,PASS,PASS,PASS,PASS,PASS
neg,CGTL,2026-09-26,2026-09-25,,,REJECT,M_لا_مستوى_مختبر,ANCHOR,ANCHOR,ANCHOR,ANCHOR,ANCHOR,ANCHOR,ANCHOR,ANCHOR,ANCHOR,ANCHOR,ANCHOR,PASS,ANCHOR,PASS
neg,CGTL,2026-09-29,2026-09-28,,,REJECT,M_لا_مستوى_مختبر,ANCHOR,ANCHOR,ANCHOR,ANCHOR,ANCHOR,ANCHOR,ANCHOR,ANCHOR,ANCHOR,ANCHOR,ANCHOR,PASS,ANCHOR,PASS
neg,CGTL,2026-09-30,2026-09-29,,,REJECT,M_لا_مستوى_مختبر,ANCHOR,ANCHOR,ANCHOR,ANCHOR,ANCHOR,ANCHOR,ANCHOR,ANCHOR,ANCHOR,ANCHOR,ANCHOR,PASS,ANCHOR,PASS
neg,CGTL,2026-10-01,2026-09-30,,,REJECT,M_لا_مستوى_مختبر,ANCHOR,ANCHOR,ANCHOR,ANCHOR,ANCHOR,ANCHOR,ANCHOR,ANCHOR,ANCHOR,ANCHOR,ANCHOR,PASS,ANCHOR,PASS
neg,CGTL,2026-10-02,2026-10-01,,,REJECT,M_لا_مستوى_مختبر,ANCHOR,ANCHOR,ANCHOR,ANCHOR,ANCHOR,ANCHOR,ANCHOR,ANCHOR,ANCHOR,ANCHOR,ANCHOR,PASS,ANCHOR,PASS
neg,CGTL,2026-10-03,2026-10-02,,,REJECT,M_لا_مستوى_مختبر,ANCHOR,ANCHOR,ANCHOR,ANCHOR,ANCHOR,ANCHOR,ANCHOR,ANCHOR,ANCHOR,ANCHOR,ANCHOR,PASS,ANCHOR,PASS
neg,CGTL,2026-10-06,2026-10-05,,,REJECT,M_لا_مستوى_مختبر,ANCHOR,ANCHOR,ANCHOR,ANCHOR,ANCHOR,ANCHOR,ANCHOR,ANCHOR,ANCHOR,ANCHOR,ANCHOR,PASS,ANCHOR,PASS
neg,CGTL,2026-10-07,2026-10-06,,,PASS,,,PASS,PASS,PASS,PASS,PASS,PASS,PASS,PASS,PASS,PASS,PASS,PASS,PASS
neg,CGTL,2026-10-08,2026-10-07,,,PASS,,,PASS,PASS,PASS,PASS,PASS,PASS,PASS,PASS,PASS,PASS,PASS,PASS,PASS
neg,CSAI,2026-09-11,2026-09-10,,,REJECT,M_لا_مستوى_مختبر,ANCHOR,ANCHOR,ANCHOR,ANCHOR,ANCHOR,ANCHOR,ANCHOR,ANCHOR,ANCHOR,ANCHOR,ANCHOR,PASS,ANCHOR,PASS
neg,CSAI,2026-09-12,2026-09-11,,,REJECT,M_لا_مستوى_مختبر,ANCHOR,ANCHOR,ANCHOR,ANCHOR,ANCHOR,ANCHOR,ANCHOR,ANCHOR,ANCHOR,ANCHOR,ANCHOR,PASS,ANCHOR,PASS
neg,CSAI,2026-09-15,2026-09-14,,,REJECT,M_لا_مستوى_مختبر,ANCHOR,ANCHOR,ANCHOR,ANCHOR,ANCHOR,ANCHOR,ANCHOR,ANCHOR,ANCHOR,ANCHOR,ANCHOR,PASS,ANCHOR,PASS
neg,CSAI,2026-09-16,2026-09-15,,,REJECT,M_لا_مستوى_مختبر,ANCHOR,ANCHOR,ANCHOR,ANCHOR,ANCHOR,ANCHOR,ANCHOR,ANCHOR,ANCHOR,ANCHOR,ANCHOR,PASS,ANCHOR,PASS
neg,CSAI,2026-09-17,2026-09-16,,,REJECT,M_لا_مستوى_مختبر,ANCHOR,ANCHOR,ANCHOR,ANCHOR,ANCHOR,ANCHOR,ANCHOR,ANCHOR,ANCHOR,ANCHOR,ANCHOR,PASS,ANCHOR,PASS
neg,CSAI,2026-09-18,2026-09-17,,,REJECT,M_لا_مستوى_مختبر,ANCHOR,ANCHOR,ANCHOR,ANCHOR,ANCHOR,ANCHOR,ANCHOR,ANCHOR,ANCHOR,ANCHOR,ANCHOR,PASS,ANCHOR,PASS
neg,CSAI,2026-09-19,2026-09-18,,,REJECT,M_لا_مستوى_مختبر,ANCHOR,ANCHOR,ANCHOR,ANCHOR,ANCHOR,ANCHOR,ANCHOR,ANCHOR,ANCHOR,ANCHOR,ANCHOR,PASS,ANCHOR,PASS
neg,CSAI,2026-09-22,2026-09-21,,,REJECT,M_لا_مستوى_مختبر,ANCHOR,ANCHOR,ANCHOR,ANCHOR,ANCHOR,ANCHOR,ANCHOR,ANCHOR,ANCHOR,ANCHOR,ANCHOR,PASS,ANCHOR,PASS
neg,CSAI,2026-09-23,2026-09-22,,,REJECT,M_لا_مستوى_مختبر,ANCHOR,ANCHOR,ANCHOR,ANCHOR,ANCHOR,ANCHOR,ANCHOR,ANCHOR,ANCHOR,ANCHOR,ANCHOR,PASS,ANCHOR,PASS
neg,CSAI,2026-09-24,2026-09-23,,,REJECT,M_لا_مستوى_مختبر,ANCHOR,ANCHOR,ANCHOR,ANCHOR,ANCHOR,ANCHOR,ANCHOR,ANCHOR,ANCHOR,ANCHOR,ANCHOR,PASS,ANCHOR,PASS
neg,CSAI,2026-09-25,2026-09-24,,,REJECT,M_لا_مستوى_مختبر,ANCHOR,ANCHOR,ANCHOR,ANCHOR,ANCHOR,ANCHOR,ANCHOR,ANCHOR,ANCHOR,ANCHOR,ANCHOR,PASS,ANCHOR,PASS
neg,CSAI,2026-09-26,2026-09-25,,,REJECT,M_لا_مستوى_مختبر,ANCHOR,ANCHOR,ANCHOR,ANCHOR,ANCHOR,ANCHOR,ANCHOR,ANCHOR,ANCHOR,ANCHOR,ANCHOR,PASS,ANCHOR,PASS
neg,CSAI,2026-09-29,2026-09-28,,,REJECT,M_لا_مستوى_مختبر,ANCHOR,ANCHOR,ANCHOR,ANCHOR,ANCHOR,ANCHOR,ANCHOR,ANCHOR,ANCHOR,ANCHOR,ANCHOR,PASS,ANCHOR,PASS
neg,CSAI,2026-09-30,2026-09-29,,,REJECT,M_لا_مستوى_مختبر,ANCHOR,ANCHOR,ANCHOR,ANCHOR,ANCHOR,ANCHOR,ANCHOR,ANCHOR,ANCHOR,ANCHOR,ANCHOR,PASS,ANCHOR,PASS
neg,CSAI,2026-10-01,2026-09-30,,,REJECT,M_لا_مستوى_مختبر,ANCHOR,ANCHOR,ANCHOR,ANCHOR,ANCHOR,ANCHOR,ANCHOR,ANCHOR,ANCHOR,ANCHOR,ANCHOR,PASS,ANCHOR,PASS
neg,CSAI,2026-10-02,2026-10-01,,,PASS,,,PASS,PASS,PASS,PASS,PASS,PASS,PASS,PASS,PASS,PASS,PASS,PASS,PASS
neg,CSAI,2026-10-03,2026-10-02,,,PASS,,,PASS,PASS,PASS,PASS,PASS,PASS,PASS,PASS,PASS,PASS,PASS,PASS,PASS
neg,CSAI,2026-10-06,2026-10-05,,,PASS,,,PASS,PASS,PASS,PASS,PASS,PASS,PASS,PASS,PASS,PASS,PASS,PASS,PASS
neg,CSAI,2026-10-07,2026-10-06,,,PASS,,,PASS,PASS,PASS,PASS,PASS,PASS,PASS,PASS,PASS,PASS,PASS,PASS,PASS
neg,CSAI,2026-10-08,2026-10-07,,,PASS,,,PASS,PASS,PASS,PASS,PASS,PASS,PASS,PASS,PASS,PASS,PASS,PASS,PASS
neg,CURX,2026-09-11,2026-09-10,,,PASS,,,PASS,PASS,PASS,PASS,PASS,PASS,PASS,PASS,PASS,PASS,PASS,PASS,PASS
neg,CURX,2026-09-12,2026-09-11,,,PASS,,,PASS,PASS,PASS,PASS,PASS,PASS,PASS,PASS,PASS,PASS,PASS,PASS,PASS
neg,CURX,2026-09-15,2026-09-14,,,PASS,,,PASS,PASS,PASS,PASS,PASS,PASS,PASS,PASS,PASS,PASS,PASS,PASS,PASS
neg,CURX,2026-09-16,2026-09-15,,,PASS,,,PASS,PASS,PASS,PASS,PASS,PASS,PASS,PASS,PASS,PASS,PASS,PASS,PASS
neg,CURX,2026-09-17,2026-09-16,,,PASS,,,PASS,PASS,PASS,PASS,PASS,PASS,PASS,PASS,PASS,PASS,PASS,PASS,PASS
neg,CURX,2026-09-18,2026-09-17,,,PASS,,,PASS,PASS,PASS,PASS,PASS,PASS,PASS,PASS,PASS,PASS,PASS,PASS,PASS
neg,CURX,2026-09-19,2026-09-18,,,PASS,,,PASS,PASS,PASS,PASS,PASS,PASS,PASS,PASS,PASS,PASS,PASS,PASS,PASS
neg,CURX,2026-09-22,2026-09-21,,,PASS,,,PASS,PASS,PASS,PASS,PASS,PASS,PASS,PASS,PASS,PASS,PASS,PASS,PASS
neg,CURX,2026-09-23,2026-09-22,,,REJECT,M_لا_مستوى_مختبر,ANCHOR,ANCHOR,ANCHOR,ANCHOR,ANCHOR,ANCHOR,ANCHOR,ANCHOR,ANCHOR,ANCHOR,ANCHOR,PASS,ANCHOR,PASS
neg,CURX,2026-09-24,2026-09-23,,,REJECT,M_لا_مستوى_مختبر,ANCHOR,ANCHOR,ANCHOR,ANCHOR,ANCHOR,ANCHOR,ANCHOR,ANCHOR,ANCHOR,ANCHOR,ANCHOR,PASS,ANCHOR,PASS
neg,CURX,2026-09-25,2026-09-24,,,REJECT,M_لا_مستوى_مختبر,ANCHOR,ANCHOR,ANCHOR,ANCHOR,ANCHOR,ANCHOR,ANCHOR,ANCHOR,ANCHOR,ANCHOR,ANCHOR,PASS,ANCHOR,PASS
neg,CURX,2026-09-26,2026-09-25,,,REJECT,M_لا_مستوى_مختبر,ANCHOR,ANCHOR,ANCHOR,ANCHOR,ANCHOR,ANCHOR,ANCHOR,ANCHOR,ANCHOR,ANCHOR,ANCHOR,PASS,ANCHOR,PASS
neg,CURX,2026-09-29,2026-09-28,,,REJECT,M_لا_مستوى_مختبر,ANCHOR,ANCHOR,ANCHOR,ANCHOR,ANCHOR,ANCHOR,ANCHOR,ANCHOR,ANCHOR,ANCHOR,ANCHOR,PASS,ANCHOR,PASS
neg,CURX,2026-09-30,2026-09-29,,,REJECT,M2_هبوط_تحت_40,M2_FLOOR,M2_FLOOR,M2_FLOOR,ANCHOR,M2_FLOOR,M2_FLOOR,M2_FLOOR,M2_FLOOR,M2_FLOOR,M2_FLOOR,M2_FLOOR,M2_FLOOR,M2_FLOOR,PASS
neg,CURX,2026-10-01,2026-09-30,,,REJECT,M2_هبوط_تحت_40,M2_FLOOR,M2_FLOOR,M2_FLOOR,ANCHOR,M2_FLOOR,M2_FLOOR,M2_FLOOR,M2_FLOOR,M2_FLOOR,M2_FLOOR,M2_FLOOR,M2_FLOOR,M2_FLOOR,PASS
neg,CURX,2026-10-02,2026-10-01,,,REJECT,M2_هبوط_تحت_40,M2_FLOOR,M2_FLOOR,M2_FLOOR,ANCHOR,M2_FLOOR,M2_FLOOR,M2_FLOOR,M2_FLOOR,M2_FLOOR,M2_FLOOR,M2_FLOOR,M2_FLOOR,M2_FLOOR,PASS
neg,CURX,2026-10-03,2026-10-02,,,REJECT,M_لا_مستوى_مختبر,ANCHOR,ANCHOR,ANCHOR,ANCHOR,ANCHOR,ANCHOR,ANCHOR,ANCHOR,ANCHOR,ANCHOR,ANCHOR,PASS,ANCHOR,PASS
neg,CURX,2026-10-06,2026-10-05,,,REJECT,M2_هبوط_تحت_40,M2_FLOOR,M2_FLOOR,M2_FLOOR,ANCHOR,M2_FLOOR,M2_FLOOR,M2_FLOOR,M2_FLOOR,M2_FLOOR,M2_FLOOR,M2_FLOOR,M2_FLOOR,M2_FLOOR,PASS
neg,CURX,2026-10-07,2026-10-06,,,REJECT,M2_هبوط_تحت_40,M2_FLOOR,M2_FLOOR,M2_FLOOR,ANCHOR,M2_FLOOR,M2_FLOOR,M2_FLOOR,M2_FLOOR,M2_FLOOR,M2_FLOOR,M2_FLOOR,M2_FLOOR,M2_FLOOR,PASS
neg,CURX,2026-10-08,2026-10-07,,,REJECT,M_لا_مستوى_مختبر,ANCHOR,ANCHOR,ANCHOR,ANCHOR,ANCHOR,ANCHOR,ANCHOR,ANCHOR,ANCHOR,ANCHOR,ANCHOR,PASS,ANCHOR,PASS
neg,DCOY,2026-09-11,2026-09-10,,,REJECT,M_لا_مستوى_مختبر,ANCHOR,ANCHOR,ANCHOR,ANCHOR,ANCHOR,ANCHOR,ANCHOR,ANCHOR,ANCHOR,ANCHOR,ANCHOR,PASS,ANCHOR,PASS
neg,DCOY,2026-09-12,2026-09-11,,,PASS,,,PASS,PASS,PASS,PASS,PASS,PASS,PASS,PASS,PASS,PASS,PASS,PASS,PASS
neg,DCOY,2026-09-15,2026-09-14,,,PASS,,,PASS,PASS,PASS,PASS,PASS,PASS,PASS,PASS,PASS,PASS,PASS,PASS,PASS
neg,DCOY,2026-09-16,2026-09-15,,,PASS,,,PASS,PASS,PASS,PASS,PASS,PASS,PASS,PASS,PASS,PASS,PASS,PASS,PASS
neg,DCOY,2026-09-17,2026-09-16,,,PASS,,,PASS,PASS,PASS,PASS,PASS,PASS,PASS,PASS,PASS,PASS,PASS,PASS,PASS
neg,DCOY,2026-09-18,2026-09-17,,,PASS,,,PASS,PASS,PASS,PASS,PASS,PASS,PASS,PASS,PASS,PASS,PASS,PASS,PASS
neg,DCOY,2026-09-19,2026-09-18,,,PASS,,,PASS,PASS,PASS,PASS,PASS,PASS,PASS,PASS,PASS,PASS,PASS,PASS,PASS
neg,DCOY,2026-09-22,2026-09-21,,,REJECT,M_لا_مستوى_مختبر,ANCHOR,ANCHOR,ANCHOR,ANCHOR,ANCHOR,ANCHOR,ANCHOR,ANCHOR,ANCHOR,ANCHOR,ANCHOR,PASS,ANCHOR,PASS
neg,DCOY,2026-09-23,2026-09-22,,,REJECT,M4_base_واسعة,M4_RANGE,M4_RANGE,M4_RANGE,M4_RANGE,M4_RANGE,ANCHOR,M4_RANGE,M4_RANGE,M4_RANGE,M4_RANGE,M4_RANGE,M4_RANGE,M4_RANGE,PASS
neg,DCOY,2026-09-24,2026-09-23,,,REJECT,M4_base_واسعة,M4_RANGE,M4_RANGE,M4_RANGE,M4_RANGE,M4_RANGE,ANCHOR,M4_RANGE,M4_RANGE,M4_RANGE,M4_RANGE,M4_RANGE,M4_RANGE,M4_RANGE,PASS
neg,DCOY,2026-09-25,2026-09-24,,,REJECT,M4_base_واسعة,M4_RANGE,M4_RANGE,M4_RANGE,M4_RANGE,M4_RANGE,ANCHOR,M4_RANGE,M4_RANGE,M4_RANGE,M4_RANGE,M4_RANGE,M4_RANGE,M4_RANGE,PASS
neg,DCOY,2026-09-26,2026-09-25,,,REJECT,M4_base_واسعة,M4_RANGE,M4_RANGE,M4_RANGE,M4_RANGE,M4_RANGE,ANCHOR,M4_RANGE,M4_RANGE,M4_RANGE,M4_RANGE,M4_RANGE,M4_RANGE,M4_RANGE,PASS
neg,DCOY,2026-09-29,2026-09-28,,,REJECT,M4_base_واسعة,M4_RANGE,M4_RANGE,M4_RANGE,M4_RANGE,M4_RANGE,ANCHOR,M4_RANGE,M4_RANGE,M4_RANGE,M4_RANGE,M4_RANGE,M4_RANGE,M4_RANGE,PASS
neg,DCOY,2026-09-30,2026-09-29,,,REJECT,M4_base_واسعة,M4_RANGE,M4_RANGE,M4_RANGE,M4_RANGE,M4_RANGE,ANCHOR,M4_RANGE,M4_RANGE,M4_RANGE,M4_RANGE,M4_RANGE,M4_RANGE,M4_RANGE,PASS
neg,DCOY,2026-10-01,2026-09-30,,,REJECT,M4_base_واسعة,M4_RANGE,M4_RANGE,M4_RANGE,M4_RANGE,M4_RANGE,ANCHOR,M4_RANGE,M4_RANGE,M4_RANGE,M4_RANGE,M4_RANGE,M4_RANGE,M4_RANGE,PASS
neg,DCOY,2026-10-02,2026-10-01,,,REJECT,M4_base_واسعة,M4_RANGE,M4_RANGE,M4_RANGE,M4_RANGE,M4_RANGE,ANCHOR,M4_RANGE,M4_RANGE,M4_RANGE,M4_RANGE,M4_RANGE,M4_RANGE,M4_RANGE,PASS
neg,DCOY,2026-10-03,2026-10-02,,,REJECT,M4_base_واسعة,M4_RANGE,M4_RANGE,M4_RANGE,M4_RANGE,M4_RANGE,ANCHOR,M4_RANGE,M4_RANGE,M4_RANGE,M4_RANGE,M4_RANGE,M4_RANGE,M4_RANGE,PASS
neg,DCOY,2026-10-06,2026-10-05,,,REJECT,M4_base_واسعة,M4_RANGE,M4_RANGE,M4_RANGE,M4_RANGE,M4_RANGE,ANCHOR,M4_RANGE,M4_RANGE,M4_RANGE,M4_RANGE,M4_RANGE,M4_RANGE,M4_RANGE,PASS
neg,DCOY,2026-10-07,2026-10-06,,,REJECT,M4_base_واسعة,M4_RANGE,M4_RANGE,M4_RANGE,M4_RANGE,M4_RANGE,ANCHOR,M4_RANGE,M4_RANGE,M4_RANGE,M4_RANGE,M4_RANGE,M4_RANGE,M4_RANGE,PASS
neg,DCOY,2026-10-08,2026-10-07,,,REJECT,M4_base_واسعة,M4_RANGE,M4_RANGE,M4_RANGE,M4_RANGE,M4_RANGE,ANCHOR,M4_RANGE,M4_RANGE,M4_RANGE,M4_RANGE,M4_RANGE,M4_RANGE,M4_RANGE,PASS
neg,DSY,2026-09-11,2026-09-10,,,REJECT,M_لا_مستوى_مختبر,ANCHOR,ANCHOR,ANCHOR,ANCHOR,ANCHOR,ANCHOR,ANCHOR,ANCHOR,ANCHOR,ANCHOR,ANCHOR,PASS,ANCHOR,PASS
neg,DSY,2026-09-12,2026-09-11,,,REJECT,M_لا_مستوى_مختبر,ANCHOR,ANCHOR,ANCHOR,ANCHOR,ANCHOR,ANCHOR,ANCHOR,ANCHOR,ANCHOR,ANCHOR,ANCHOR,PASS,ANCHOR,PASS
neg,DSY,2026-09-15,2026-09-14,,,REJECT,M_لا_مستوى_مختبر,ANCHOR,ANCHOR,ANCHOR,ANCHOR,ANCHOR,ANCHOR,ANCHOR,ANCHOR,ANCHOR,ANCHOR,ANCHOR,PASS,ANCHOR,PASS
neg,DSY,2026-09-16,2026-09-15,,,REJECT,M_لا_مستوى_مختبر,ANCHOR,ANCHOR,ANCHOR,ANCHOR,ANCHOR,ANCHOR,ANCHOR,ANCHOR,ANCHOR,ANCHOR,ANCHOR,PASS,ANCHOR,PASS
neg,DSY,2026-09-17,2026-09-16,,,REJECT,M_لا_مستوى_مختبر,ANCHOR,ANCHOR,ANCHOR,ANCHOR,ANCHOR,ANCHOR,ANCHOR,ANCHOR,ANCHOR,ANCHOR,ANCHOR,PASS,ANCHOR,PASS
neg,DSY,2026-09-18,2026-09-17,,,PASS,,,PASS,PASS,PASS,PASS,PASS,PASS,PASS,PASS,PASS,PASS,PASS,PASS,PASS
neg,DSY,2026-09-19,2026-09-18,,,REJECT,M_لا_مستوى_مختبر,ANCHOR,ANCHOR,ANCHOR,ANCHOR,ANCHOR,ANCHOR,ANCHOR,ANCHOR,ANCHOR,ANCHOR,ANCHOR,PASS,ANCHOR,PASS
neg,DSY,2026-09-22,2026-09-21,,,REJECT,M_لا_مستوى_مختبر,ANCHOR,ANCHOR,ANCHOR,ANCHOR,ANCHOR,ANCHOR,ANCHOR,ANCHOR,ANCHOR,ANCHOR,ANCHOR,PASS,ANCHOR,PASS
neg,DSY,2026-09-23,2026-09-22,,,REJECT,M_لا_مستوى_مختبر,ANCHOR,ANCHOR,ANCHOR,ANCHOR,ANCHOR,ANCHOR,ANCHOR,ANCHOR,ANCHOR,ANCHOR,ANCHOR,PASS,ANCHOR,PASS
neg,DSY,2026-09-24,2026-09-23,,,REJECT,M_لا_مستوى_مختبر,ANCHOR,ANCHOR,ANCHOR,ANCHOR,ANCHOR,ANCHOR,ANCHOR,ANCHOR,ANCHOR,ANCHOR,ANCHOR,PASS,ANCHOR,PASS
neg,DSY,2026-09-25,2026-09-24,,,REJECT,M_لا_مستوى_مختبر,ANCHOR,ANCHOR,ANCHOR,ANCHOR,ANCHOR,ANCHOR,ANCHOR,ANCHOR,ANCHOR,ANCHOR,ANCHOR,PASS,ANCHOR,PASS
neg,DSY,2026-09-26,2026-09-25,,,REJECT,M_لا_مستوى_مختبر,ANCHOR,ANCHOR,ANCHOR,ANCHOR,ANCHOR,ANCHOR,ANCHOR,ANCHOR,ANCHOR,ANCHOR,ANCHOR,PASS,ANCHOR,PASS
neg,DSY,2026-09-29,2026-09-28,,,REJECT,M_لا_مستوى_مختبر,ANCHOR,ANCHOR,ANCHOR,ANCHOR,ANCHOR,ANCHOR,ANCHOR,ANCHOR,ANCHOR,ANCHOR,ANCHOR,PASS,ANCHOR,PASS
neg,DSY,2026-09-30,2026-09-29,,,REJECT,M_لا_مستوى_مختبر,ANCHOR,ANCHOR,ANCHOR,ANCHOR,ANCHOR,ANCHOR,ANCHOR,ANCHOR,ANCHOR,ANCHOR,ANCHOR,PASS,ANCHOR,PASS
neg,DSY,2026-10-01,2026-09-30,,,REJECT,M_لا_مستوى_مختبر,ANCHOR,ANCHOR,ANCHOR,ANCHOR,ANCHOR,ANCHOR,ANCHOR,ANCHOR,ANCHOR,ANCHOR,ANCHOR,PASS,ANCHOR,PASS
neg,DSY,2026-10-02,2026-10-01,,,REJECT,M_لا_مستوى_مختبر,ANCHOR,ANCHOR,ANCHOR,ANCHOR,ANCHOR,ANCHOR,ANCHOR,ANCHOR,ANCHOR,ANCHOR,ANCHOR,PASS,ANCHOR,PASS
neg,DSY,2026-10-03,2026-10-02,,,REJECT,M_لا_مستوى_مختبر,ANCHOR,ANCHOR,ANCHOR,ANCHOR,ANCHOR,ANCHOR,ANCHOR,ANCHOR,ANCHOR,ANCHOR,ANCHOR,PASS,ANCHOR,PASS
neg,DSY,2026-10-06,2026-10-05,,,PASS,,,PASS,PASS,PASS,PASS,PASS,PASS,PASS,PASS,PASS,PASS,PASS,PASS,PASS
neg,DSY,2026-10-07,2026-10-06,,,PASS,,,PASS,PASS,PASS,PASS,PASS,PASS,PASS,PASS,PASS,PASS,PASS,PASS,PASS
neg,DSY,2026-10-08,2026-10-07,,,PASS,,,PASS,PASS,PASS,PASS,PASS,PASS,PASS,PASS,PASS,PASS,PASS,PASS,PASS
neg,DXST,2026-09-11,2026-09-10,,,REJECT,M_لا_مستوى_مختبر,ANCHOR,ANCHOR,ANCHOR,ANCHOR,ANCHOR,ANCHOR,ANCHOR,ANCHOR,ANCHOR,ANCHOR,ANCHOR,PASS,ANCHOR,PASS
neg,DXST,2026-09-12,2026-09-11,,,REJECT,M_لا_مستوى_مختبر,ANCHOR,ANCHOR,ANCHOR,ANCHOR,ANCHOR,ANCHOR,ANCHOR,ANCHOR,ANCHOR,ANCHOR,ANCHOR,PASS,ANCHOR,PASS
neg,DXST,2026-09-15,2026-09-14,,,REJECT,M_لا_مستوى_مختبر,ANCHOR,ANCHOR,ANCHOR,ANCHOR,ANCHOR,ANCHOR,ANCHOR,ANCHOR,ANCHOR,ANCHOR,ANCHOR,PASS,ANCHOR,PASS
neg,DXST,2026-09-16,2026-09-15,,,REJECT,M_لا_مستوى_مختبر,ANCHOR,ANCHOR,ANCHOR,ANCHOR,ANCHOR,ANCHOR,ANCHOR,ANCHOR,ANCHOR,ANCHOR,ANCHOR,PASS,ANCHOR,PASS
neg,DXST,2026-09-17,2026-09-16,,,REJECT,M_لا_مستوى_مختبر,ANCHOR,ANCHOR,ANCHOR,ANCHOR,ANCHOR,ANCHOR,ANCHOR,ANCHOR,ANCHOR,ANCHOR,ANCHOR,PASS,ANCHOR,PASS
neg,DXST,2026-09-18,2026-09-17,,,PASS,,,PASS,PASS,PASS,PASS,PASS,PASS,PASS,PASS,PASS,PASS,PASS,PASS,PASS
neg,DXST,2026-09-19,2026-09-18,,,PASS,,,PASS,PASS,PASS,PASS,PASS,PASS,PASS,PASS,PASS,PASS,PASS,PASS,PASS
neg,DXST,2026-09-22,2026-09-21,,,PASS,,,PASS,PASS,PASS,PASS,PASS,PASS,PASS,PASS,PASS,PASS,PASS,PASS,PASS
neg,DXST,2026-09-23,2026-09-22,,,PASS,,,PASS,PASS,PASS,PASS,PASS,PASS,PASS,PASS,PASS,PASS,PASS,PASS,PASS
neg,DXST,2026-09-24,2026-09-23,,,PASS,,,PASS,PASS,PASS,PASS,PASS,PASS,PASS,PASS,PASS,PASS,PASS,PASS,PASS
neg,DXST,2026-09-25,2026-09-24,,,REJECT,M_لا_مستوى_مختبر,ANCHOR,ANCHOR,ANCHOR,ANCHOR,ANCHOR,ANCHOR,ANCHOR,ANCHOR,ANCHOR,ANCHOR,ANCHOR,PASS,ANCHOR,PASS
neg,DXST,2026-09-26,2026-09-25,,,REJECT,M_لا_مستوى_مختبر,ANCHOR,ANCHOR,ANCHOR,ANCHOR,ANCHOR,ANCHOR,ANCHOR,ANCHOR,ANCHOR,ANCHOR,ANCHOR,PASS,ANCHOR,PASS
neg,DXST,2026-09-29,2026-09-28,,,REJECT,M_لا_مستوى_مختبر,ANCHOR,ANCHOR,ANCHOR,ANCHOR,ANCHOR,ANCHOR,ANCHOR,ANCHOR,ANCHOR,ANCHOR,ANCHOR,PASS,ANCHOR,PASS
neg,DXST,2026-09-30,2026-09-29,,,REJECT,M4_base_واسعة,M4_RANGE,M4_RANGE,M4_RANGE,M4_RANGE,M4_RANGE,ANCHOR,M4_RANGE,M4_RANGE,M4_RANGE,M4_RANGE,M4_RANGE,M4_RANGE,M4_RANGE,PASS
neg,DXST,2026-10-01,2026-09-30,,,REJECT,M4_base_واسعة,M4_RANGE,M4_RANGE,M4_RANGE,M4_RANGE,M4_RANGE,ANCHOR,M4_RANGE,M4_RANGE,M4_RANGE,M4_RANGE,M4_RANGE,M4_RANGE,M4_RANGE,PASS
neg,DXST,2026-10-02,2026-10-01,,,REJECT,M4_base_واسعة,M4_RANGE,M4_RANGE,M4_RANGE,M4_RANGE,M4_RANGE,ANCHOR,M4_RANGE,M4_RANGE,M4_RANGE,M4_RANGE,M4_RANGE,M4_RANGE,M4_RANGE,PASS
neg,DXST,2026-10-03,2026-10-02,,,REJECT,M4_base_واسعة,M4_RANGE,M4_RANGE,M4_RANGE,M4_RANGE,M4_RANGE,ANCHOR,M4_RANGE,M4_RANGE,M4_RANGE,M4_RANGE,M4_RANGE,M4_RANGE,M4_RANGE,PASS
neg,DXST,2026-10-06,2026-10-05,,,REJECT,M4_base_واسعة,M4_RANGE,M4_RANGE,M4_RANGE,M4_RANGE,M4_RANGE,ANCHOR,M4_RANGE,M4_RANGE,M4_RANGE,M4_RANGE,M4_RANGE,M4_RANGE,M4_RANGE,PASS
neg,DXST,2026-10-07,2026-10-06,,,REJECT,M4_base_واسعة,M4_RANGE,M4_RANGE,M4_RANGE,M4_RANGE,M4_RANGE,ANCHOR,M4_RANGE,M4_RANGE,M4_RANGE,M4_RANGE,M4_RANGE,M4_RANGE,M4_RANGE,PASS
neg,DXST,2026-10-08,2026-10-07,,,REJECT,M4_base_واسعة,M4_RANGE,M4_RANGE,M4_RANGE,M4_RANGE,M4_RANGE,ANCHOR,M4_RANGE,M4_RANGE,M4_RANGE,M4_RANGE,M4_RANGE,M4_RANGE,M4_RANGE,PASS
neg,EDBL,2026-09-11,2026-09-10,,,PASS,,,PASS,PASS,PASS,PASS,PASS,PASS,PASS,PASS,PASS,PASS,PASS,PASS,PASS
neg,EDBL,2026-09-12,2026-09-11,,,PASS,,,PASS,PASS,PASS,PASS,PASS,PASS,PASS,PASS,PASS,PASS,PASS,PASS,PASS
neg,EDBL,2026-09-15,2026-09-14,,,PASS,,,PASS,PASS,PASS,PASS,PASS,PASS,PASS,PASS,PASS,PASS,PASS,PASS,PASS
neg,EDBL,2026-09-16,2026-09-15,,,PASS,,,PASS,PASS,PASS,PASS,PASS,PASS,PASS,PASS,PASS,PASS,PASS,PASS,PASS
neg,EDBL,2026-09-17,2026-09-16,,,PASS,,,PASS,PASS,PASS,PASS,PASS,PASS,PASS,PASS,PASS,PASS,PASS,PASS,PASS
neg,EDBL,2026-09-18,2026-09-17,,,PASS,,,PASS,PASS,PASS,PASS,PASS,PASS,PASS,PASS,PASS,PASS,PASS,PASS,PASS
neg,EDBL,2026-09-19,2026-09-18,,,PASS,,,PASS,PASS,PASS,PASS,PASS,PASS,PASS,PASS,PASS,PASS,PASS,PASS,PASS
neg,EDBL,2026-09-22,2026-09-21,,,REJECT,M_لا_مستوى_مختبر,ANCHOR,ANCHOR,ANCHOR,ANCHOR,ANCHOR,ANCHOR,ANCHOR,ANCHOR,ANCHOR,ANCHOR,ANCHOR,PASS,ANCHOR,PASS
neg,EDBL,2026-09-23,2026-09-22,,,REJECT,M_لا_مستوى_مختبر,ANCHOR,ANCHOR,ANCHOR,ANCHOR,ANCHOR,ANCHOR,ANCHOR,ANCHOR,ANCHOR,ANCHOR,ANCHOR,PASS,ANCHOR,PASS
neg,EDBL,2026-09-24,2026-09-23,,,REJECT,M_لا_مستوى_مختبر,ANCHOR,ANCHOR,ANCHOR,ANCHOR,ANCHOR,ANCHOR,ANCHOR,ANCHOR,ANCHOR,ANCHOR,ANCHOR,PASS,ANCHOR,PASS
neg,EDBL,2026-09-25,2026-09-24,,,REJECT,M_لا_مستوى_مختبر,ANCHOR,ANCHOR,ANCHOR,ANCHOR,ANCHOR,ANCHOR,ANCHOR,ANCHOR,ANCHOR,ANCHOR,ANCHOR,PASS,ANCHOR,PASS
neg,EDBL,2026-09-26,2026-09-25,,,REJECT,M_لا_مستوى_مختبر,ANCHOR,ANCHOR,ANCHOR,ANCHOR,ANCHOR,ANCHOR,ANCHOR,ANCHOR,ANCHOR,ANCHOR,ANCHOR,PASS,ANCHOR,PASS
neg,EDBL,2026-09-29,2026-09-28,,,REJECT,M_لا_مستوى_مختبر,ANCHOR,ANCHOR,ANCHOR,ANCHOR,ANCHOR,ANCHOR,ANCHOR,ANCHOR,ANCHOR,ANCHOR,ANCHOR,PASS,ANCHOR,PASS
neg,EDBL,2026-09-30,2026-09-29,,,REJECT,M_لا_مستوى_مختبر,ANCHOR,ANCHOR,ANCHOR,ANCHOR,ANCHOR,ANCHOR,ANCHOR,ANCHOR,ANCHOR,ANCHOR,ANCHOR,PASS,ANCHOR,PASS
neg,EDBL,2026-10-01,2026-09-30,,,REJECT,M_لا_مستوى_مختبر,ANCHOR,ANCHOR,ANCHOR,ANCHOR,ANCHOR,ANCHOR,ANCHOR,ANCHOR,ANCHOR,ANCHOR,ANCHOR,PASS,ANCHOR,PASS
neg,EDBL,2026-10-02,2026-10-01,,,REJECT,M_لا_مستوى_مختبر,ANCHOR,ANCHOR,ANCHOR,ANCHOR,ANCHOR,ANCHOR,ANCHOR,ANCHOR,ANCHOR,ANCHOR,ANCHOR,PASS,ANCHOR,PASS
neg,EDBL,2026-10-03,2026-10-02,,,REJECT,M_لا_مستوى_مختبر,ANCHOR,ANCHOR,ANCHOR,ANCHOR,ANCHOR,ANCHOR,ANCHOR,ANCHOR,ANCHOR,ANCHOR,ANCHOR,PASS,ANCHOR,PASS
neg,EDBL,2026-10-06,2026-10-05,,,PASS,,,PASS,PASS,PASS,PASS,PASS,PASS,PASS,PASS,PASS,PASS,PASS,PASS,PASS
neg,EDBL,2026-10-07,2026-10-06,,,PASS,,,PASS,PASS,PASS,PASS,PASS,PASS,PASS,PASS,PASS,PASS,PASS,PASS,PASS
neg,EDBL,2026-10-08,2026-10-07,,,PASS,,,PASS,PASS,PASS,PASS,PASS,PASS,PASS,PASS,PASS,PASS,PASS,PASS,PASS
neg,EEIQ,2026-09-11,2026-09-10,,,PASS,,,PASS,PASS,PASS,PASS,PASS,PASS,PASS,PASS,PASS,PASS,PASS,PASS,PASS
neg,EEIQ,2026-09-12,2026-09-11,,,REJECT,M2_هبوط_تحت_40,M2_FLOOR,M2_FLOOR,M2_FLOOR,RSI_NOW,M2_FLOOR,M2_FLOOR,M2_FLOOR,M2_FLOOR,M2_FLOOR,M2_FLOOR,M2_FLOOR,M2_FLOOR,M2_FLOOR,PASS
neg,EEIQ,2026-09-15,2026-09-14,,,REJECT,M2_هبوط_تحت_40,M2_FLOOR,M2_FLOOR,M2_FLOOR,RSI_NOW,M2_FLOOR,M2_FLOOR,M2_FLOOR,M2_FLOOR,M2_FLOOR,M2_FLOOR,M2_FLOOR,M2_FLOOR,M2_FLOOR,PASS
neg,EEIQ,2026-09-16,2026-09-15,,,REJECT,M_لا_مستوى_مختبر,ANCHOR,ANCHOR,ANCHOR,ANCHOR,ANCHOR,ANCHOR,ANCHOR,ANCHOR,ANCHOR,ANCHOR,ANCHOR,PASS,ANCHOR,PASS
neg,EEIQ,2026-09-17,2026-09-16,,,REJECT,M2_هبوط_تحت_40,M2_FLOOR,M2_FLOOR,M2_FLOOR,ANCHOR,M2_FLOOR,M2_FLOOR,M2_FLOOR,M2_FLOOR,M2_FLOOR,M2_FLOOR,M2_FLOOR,M2_FLOOR,M2_FLOOR,PASS
neg,EEIQ,2026-09-18,2026-09-17,,,REJECT,M2_هبوط_تحت_40,M2_FLOOR,M2_FLOOR,M2_FLOOR,ANCHOR,M2_FLOOR,M2_FLOOR,M2_FLOOR,M2_FLOOR,M2_FLOOR,M2_FLOOR,M2_FLOOR,M2_FLOOR,M2_FLOOR,PASS
neg,EEIQ,2026-09-19,2026-09-18,,,REJECT,M2_هبوط_تحت_40,M2_FLOOR,M2_FLOOR,M2_FLOOR,PASS,M2_FLOOR,M2_FLOOR,M2_FLOOR,M2_FLOOR,M2_FLOOR,M2_FLOOR,M2_FLOOR,M2_FLOOR,M2_FLOOR,PASS
neg,EEIQ,2026-09-22,2026-09-21,,,REJECT,M2_هبوط_تحت_40,M2_FLOOR,M2_FLOOR,M2_FLOOR,RSI_NOW,M2_FLOOR,M2_FLOOR,M2_FLOOR,M2_FLOOR,M2_FLOOR,M2_FLOOR,M2_FLOOR,M2_FLOOR,M2_FLOOR,PASS
neg,EEIQ,2026-09-23,2026-09-22,,,REJECT,M2_هبوط_تحت_40,M2_FLOOR,M2_FLOOR,M2_FLOOR,RSI_NOW,M2_FLOOR,M2_FLOOR,M2_FLOOR,M2_FLOOR,M2_FLOOR,M2_FLOOR,M2_FLOOR,M2_FLOOR,M2_FLOOR,PASS
neg,EEIQ,2026-09-24,2026-09-23,,,REJECT,M2_هبوط_تحت_40,M2_FLOOR,M2_FLOOR,M2_FLOOR,RSI_NOW,M2_FLOOR,M2_FLOOR,M2_FLOOR,M2_FLOOR,M2_FLOOR,M2_FLOOR,M2_FLOOR,M2_FLOOR,M2_FLOOR,PASS
neg,EEIQ,2026-09-25,2026-09-24,,,REJECT,M2_هبوط_تحت_40,M2_FLOOR,M2_FLOOR,M2_FLOOR,RSI_NOW,M2_FLOOR,M2_FLOOR,M2_FLOOR,M2_FLOOR,M2_FLOOR,M2_FLOOR,M2_FLOOR,M2_FLOOR,M2_FLOOR,PASS
neg,EEIQ,2026-09-26,2026-09-25,,,REJECT,M2_هبوط_تحت_40,M2_FLOOR,M2_FLOOR,M2_FLOOR,RSI_NOW,M2_FLOOR,M2_FLOOR,M2_FLOOR,M2_FLOOR,M2_FLOOR,M2_FLOOR,M2_FLOOR,M2_FLOOR,M2_FLOOR,PASS
neg,EEIQ,2026-09-29,2026-09-28,,,REJECT,M2_هبوط_تحت_40,M2_FLOOR,M2_FLOOR,M2_FLOOR,RSI_NOW,M2_FLOOR,M2_FLOOR,M2_FLOOR,M2_FLOOR,M2_FLOOR,M2_FLOOR,M2_FLOOR,M2_FLOOR,M2_FLOOR,PASS
neg,EEIQ,2026-09-30,2026-09-29,,,REJECT,M2_هبوط_تحت_40,M2_FLOOR,M2_FLOOR,M2_FLOOR,RSI_NOW,M2_FLOOR,M2_FLOOR,M2_FLOOR,M2_FLOOR,M2_FLOOR,M2_FLOOR,M2_FLOOR,M2_FLOOR,M2_FLOOR,PASS
neg,EEIQ,2026-10-01,2026-09-30,,,REJECT,M2_هبوط_تحت_40,M2_FLOOR,M2_FLOOR,M2_FLOOR,RSI_NOW,M2_FLOOR,M2_FLOOR,M2_FLOOR,M2_FLOOR,M2_FLOOR,M2_FLOOR,M2_FLOOR,M2_FLOOR,M2_FLOOR,PASS
neg,EEIQ,2026-10-02,2026-10-01,,,REJECT,M2_هبوط_تحت_40,M2_FLOOR,M2_FLOOR,M2_FLOOR,ANCHOR,M2_FLOOR,M2_FLOOR,M2_FLOOR,M2_FLOOR,M2_FLOOR,M2_FLOOR,M2_FLOOR,M2_FLOOR,M2_FLOOR,PASS
neg,EEIQ,2026-10-03,2026-10-02,,,REJECT,M2_هبوط_تحت_40,M2_FLOOR,M2_FLOOR,M2_FLOOR,ANCHOR,M2_FLOOR,M2_FLOOR,M2_FLOOR,M2_FLOOR,M2_FLOOR,M2_FLOOR,M2_FLOOR,M2_FLOOR,M2_FLOOR,PASS
neg,EEIQ,2026-10-06,2026-10-05,,,REJECT,M2_هبوط_تحت_40,M2_FLOOR,M2_FLOOR,M2_FLOOR,ANCHOR,M2_FLOOR,M2_FLOOR,M2_FLOOR,M2_FLOOR,M2_FLOOR,M2_FLOOR,M2_FLOOR,M2_FLOOR,M2_FLOOR,PASS
neg,EEIQ,2026-10-07,2026-10-06,,,REJECT,M2_هبوط_تحت_40,M2_FLOOR,M2_FLOOR,M2_FLOOR,ANCHOR,M2_FLOOR,M2_FLOOR,M2_FLOOR,M2_FLOOR,M2_FLOOR,M2_FLOOR,M2_FLOOR,M2_FLOOR,M2_FLOOR,PASS
neg,EEIQ,2026-10-08,2026-10-07,,,REJECT,M2_هبوط_تحت_40,M2_FLOOR,M2_FLOOR,M2_FLOOR,ANCHOR,M2_FLOOR,M2_FLOOR,M2_FLOOR,M2_FLOOR,M2_FLOOR,M2_FLOOR,M2_FLOOR,M2_FLOOR,M2_FLOOR,PASS
neg,EHGO,2026-09-11,2026-09-10,,,REJECT,M_لا_مستوى_مختبر,ANCHOR,ANCHOR,ANCHOR,ANCHOR,ANCHOR,ANCHOR,ANCHOR,ANCHOR,ANCHOR,ANCHOR,ANCHOR,PASS,ANCHOR,PASS
neg,EHGO,2026-09-12,2026-09-11,,,REJECT,M_لا_مستوى_مختبر,ANCHOR,ANCHOR,ANCHOR,ANCHOR,ANCHOR,ANCHOR,ANCHOR,ANCHOR,ANCHOR,ANCHOR,ANCHOR,PASS,ANCHOR,PASS
neg,EHGO,2026-09-15,2026-09-14,,,REJECT,M_لا_مستوى_مختبر,ANCHOR,ANCHOR,ANCHOR,ANCHOR,ANCHOR,ANCHOR,ANCHOR,ANCHOR,ANCHOR,ANCHOR,ANCHOR,PASS,ANCHOR,PASS
neg,EHGO,2026-09-16,2026-09-15,,,REJECT,M_لا_مستوى_مختبر,ANCHOR,ANCHOR,ANCHOR,ANCHOR,ANCHOR,ANCHOR,ANCHOR,ANCHOR,ANCHOR,ANCHOR,ANCHOR,PASS,ANCHOR,PASS
neg,EHGO,2026-09-17,2026-09-16,,,REJECT,M_لا_مستوى_مختبر,ANCHOR,ANCHOR,ANCHOR,ANCHOR,ANCHOR,ANCHOR,ANCHOR,ANCHOR,ANCHOR,ANCHOR,ANCHOR,PASS,ANCHOR,PASS
neg,EHGO,2026-09-18,2026-09-17,,,REJECT,M_لا_مستوى_مختبر,ANCHOR,ANCHOR,ANCHOR,ANCHOR,ANCHOR,ANCHOR,ANCHOR,ANCHOR,ANCHOR,ANCHOR,ANCHOR,PASS,ANCHOR,PASS
neg,EHGO,2026-09-19,2026-09-18,,,REJECT,M_لا_مستوى_مختبر,ANCHOR,ANCHOR,ANCHOR,ANCHOR,ANCHOR,ANCHOR,ANCHOR,ANCHOR,ANCHOR,ANCHOR,ANCHOR,PASS,ANCHOR,PASS
neg,EHGO,2026-09-22,2026-09-21,,,REJECT,M_لا_مستوى_مختبر,ANCHOR,ANCHOR,ANCHOR,ANCHOR,ANCHOR,ANCHOR,ANCHOR,ANCHOR,ANCHOR,ANCHOR,ANCHOR,PASS,ANCHOR,PASS
neg,EHGO,2026-09-23,2026-09-22,,,REJECT,M_لا_مستوى_مختبر,ANCHOR,ANCHOR,ANCHOR,ANCHOR,ANCHOR,ANCHOR,ANCHOR,ANCHOR,ANCHOR,ANCHOR,ANCHOR,PASS,ANCHOR,PASS
neg,EHGO,2026-09-24,2026-09-23,,,REJECT,M_لا_مستوى_مختبر,ANCHOR,ANCHOR,ANCHOR,ANCHOR,ANCHOR,ANCHOR,ANCHOR,ANCHOR,ANCHOR,ANCHOR,ANCHOR,PASS,ANCHOR,PASS
neg,EHGO,2026-09-25,2026-09-24,,,PASS,,,PASS,PASS,PASS,PASS,PASS,PASS,PASS,PASS,PASS,PASS,PASS,PASS,PASS
neg,EHGO,2026-09-26,2026-09-25,,,PASS,,,PASS,PASS,PASS,PASS,PASS,PASS,PASS,PASS,PASS,PASS,PASS,PASS,PASS
neg,EHGO,2026-09-29,2026-09-28,,,REJECT,M_لا_مستوى_مختبر,ANCHOR,ANCHOR,ANCHOR,ANCHOR,ANCHOR,ANCHOR,ANCHOR,ANCHOR,ANCHOR,ANCHOR,ANCHOR,PASS,ANCHOR,PASS
neg,EHGO,2026-09-30,2026-09-29,,,REJECT,M_لا_مستوى_مختبر,ANCHOR,ANCHOR,ANCHOR,ANCHOR,ANCHOR,ANCHOR,ANCHOR,ANCHOR,ANCHOR,ANCHOR,ANCHOR,PASS,ANCHOR,PASS
neg,EHGO,2026-10-01,2026-09-30,,,REJECT,M_لا_مستوى_مختبر,ANCHOR,ANCHOR,ANCHOR,ANCHOR,ANCHOR,ANCHOR,ANCHOR,ANCHOR,ANCHOR,ANCHOR,ANCHOR,PASS,ANCHOR,PASS
neg,EHGO,2026-10-02,2026-10-01,,,REJECT,M_لا_مستوى_مختبر,ANCHOR,ANCHOR,ANCHOR,ANCHOR,ANCHOR,ANCHOR,ANCHOR,ANCHOR,ANCHOR,ANCHOR,ANCHOR,PASS,ANCHOR,PASS
neg,EHGO,2026-10-03,2026-10-02,,,REJECT,M_لا_مستوى_مختبر,ANCHOR,ANCHOR,ANCHOR,ANCHOR,ANCHOR,ANCHOR,ANCHOR,ANCHOR,ANCHOR,ANCHOR,ANCHOR,PASS,ANCHOR,PASS
neg,EHGO,2026-10-06,2026-10-05,,,PASS,,,PASS,PASS,PASS,PASS,PASS,PASS,PASS,PASS,PASS,PASS,PASS,PASS,PASS
neg,EHGO,2026-10-07,2026-10-06,,,PASS,,,PASS,PASS,PASS,PASS,PASS,PASS,PASS,PASS,PASS,PASS,PASS,PASS,PASS
neg,EHGO,2026-10-08,2026-10-07,,,PASS,,,PASS,PASS,PASS,PASS,PASS,PASS,PASS,PASS,PASS,PASS,PASS,PASS,PASS
neg,ELAB,2026-09-11,2026-09-10,,,REJECT,M_لا_مستوى_مختبر,ANCHOR,ANCHOR,ANCHOR,ANCHOR,ANCHOR,ANCHOR,ANCHOR,ANCHOR,ANCHOR,ANCHOR,ANCHOR,PASS,ANCHOR,PASS
neg,ELAB,2026-09-12,2026-09-11,,,REJECT,M_لا_مستوى_مختبر,ANCHOR,ANCHOR,ANCHOR,ANCHOR,ANCHOR,ANCHOR,ANCHOR,ANCHOR,ANCHOR,ANCHOR,ANCHOR,PASS,ANCHOR,PASS
neg,ELAB,2026-09-15,2026-09-14,,,REJECT,M_لا_مستوى_مختبر,ANCHOR,ANCHOR,ANCHOR,ANCHOR,ANCHOR,ANCHOR,ANCHOR,ANCHOR,ANCHOR,ANCHOR,ANCHOR,PASS,ANCHOR,PASS
neg,ELAB,2026-09-16,2026-09-15,,,REJECT,M_لا_مستوى_مختبر,ANCHOR,ANCHOR,ANCHOR,ANCHOR,ANCHOR,ANCHOR,ANCHOR,ANCHOR,ANCHOR,ANCHOR,ANCHOR,PASS,ANCHOR,PASS
neg,ELAB,2026-09-17,2026-09-16,,,REJECT,M_لا_مستوى_مختبر,ANCHOR,ANCHOR,ANCHOR,ANCHOR,ANCHOR,ANCHOR,ANCHOR,ANCHOR,ANCHOR,ANCHOR,ANCHOR,PASS,ANCHOR,PASS
neg,ELAB,2026-09-18,2026-09-17,,,REJECT,M_لا_مستوى_مختبر,ANCHOR,ANCHOR,ANCHOR,ANCHOR,ANCHOR,ANCHOR,ANCHOR,ANCHOR,ANCHOR,ANCHOR,ANCHOR,PASS,ANCHOR,PASS
neg,ELAB,2026-09-19,2026-09-18,,,REJECT,M_لا_مستوى_مختبر,ANCHOR,ANCHOR,ANCHOR,ANCHOR,ANCHOR,ANCHOR,ANCHOR,ANCHOR,ANCHOR,ANCHOR,ANCHOR,PASS,ANCHOR,PASS
neg,ELAB,2026-09-22,2026-09-21,,,PASS,,,PASS,PASS,PASS,PASS,PASS,PASS,PASS,PASS,PASS,PASS,PASS,PASS,PASS
neg,ELAB,2026-09-23,2026-09-22,,,REJECT,M_لا_مستوى_مختبر,ANCHOR,ANCHOR,ANCHOR,ANCHOR,ANCHOR,ANCHOR,ANCHOR,ANCHOR,ANCHOR,ANCHOR,ANCHOR,PASS,ANCHOR,PASS
neg,ELAB,2026-09-24,2026-09-23,,,REJECT,M_لا_مستوى_مختبر,ANCHOR,ANCHOR,ANCHOR,ANCHOR,ANCHOR,ANCHOR,ANCHOR,ANCHOR,ANCHOR,ANCHOR,ANCHOR,PASS,ANCHOR,PASS
neg,ELAB,2026-09-25,2026-09-24,,,REJECT,M_لا_مستوى_مختبر,ANCHOR,ANCHOR,ANCHOR,ANCHOR,ANCHOR,ANCHOR,ANCHOR,ANCHOR,ANCHOR,ANCHOR,ANCHOR,PASS,ANCHOR,PASS
neg,ELAB,2026-09-26,2026-09-25,,,REJECT,M_لا_مستوى_مختبر,ANCHOR,ANCHOR,ANCHOR,ANCHOR,ANCHOR,ANCHOR,ANCHOR,ANCHOR,ANCHOR,ANCHOR,ANCHOR,PASS,ANCHOR,PASS
neg,ELAB,2026-09-29,2026-09-28,,,REJECT,M_لا_مستوى_مختبر,ANCHOR,ANCHOR,ANCHOR,ANCHOR,ANCHOR,ANCHOR,ANCHOR,ANCHOR,ANCHOR,ANCHOR,ANCHOR,PASS,ANCHOR,PASS
neg,ELAB,2026-09-30,2026-09-29,,,REJECT,M_لا_مستوى_مختبر,ANCHOR,ANCHOR,ANCHOR,ANCHOR,ANCHOR,ANCHOR,ANCHOR,ANCHOR,ANCHOR,ANCHOR,ANCHOR,PASS,ANCHOR,PASS
neg,ELAB,2026-10-01,2026-09-30,,,REJECT,M_لا_مستوى_مختبر,ANCHOR,ANCHOR,ANCHOR,ANCHOR,ANCHOR,ANCHOR,ANCHOR,ANCHOR,ANCHOR,ANCHOR,ANCHOR,PASS,ANCHOR,PASS
neg,ELAB,2026-10-02,2026-10-01,,,REJECT,M_لا_مستوى_مختبر,ANCHOR,ANCHOR,ANCHOR,ANCHOR,ANCHOR,ANCHOR,ANCHOR,ANCHOR,ANCHOR,ANCHOR,ANCHOR,PASS,ANCHOR,PASS
neg,ELAB,2026-10-03,2026-10-02,,,REJECT,M_لا_مستوى_مختبر,ANCHOR,ANCHOR,ANCHOR,ANCHOR,ANCHOR,ANCHOR,ANCHOR,ANCHOR,ANCHOR,ANCHOR,ANCHOR,PASS,ANCHOR,PASS
neg,ELAB,2026-10-06,2026-10-05,,,REJECT,M_لا_مستوى_مختبر,ANCHOR,ANCHOR,ANCHOR,ANCHOR,ANCHOR,ANCHOR,ANCHOR,ANCHOR,ANCHOR,ANCHOR,ANCHOR,PASS,ANCHOR,PASS
neg,ELAB,2026-10-07,2026-10-06,,,REJECT,M_لا_مستوى_مختبر,ANCHOR,ANCHOR,ANCHOR,ANCHOR,ANCHOR,ANCHOR,ANCHOR,ANCHOR,ANCHOR,ANCHOR,ANCHOR,PASS,ANCHOR,PASS
neg,ELAB,2026-10-08,2026-10-07,,,REJECT,M_لا_مستوى_مختبر,ANCHOR,ANCHOR,ANCHOR,ANCHOR,ANCHOR,ANCHOR,ANCHOR,ANCHOR,ANCHOR,ANCHOR,ANCHOR,PASS,ANCHOR,PASS
neg,ERNA,2026-09-11,2026-09-10,,,REJECT,M_لا_مستوى_مختبر,ANCHOR,ANCHOR,ANCHOR,ANCHOR,ANCHOR,ANCHOR,ANCHOR,ANCHOR,ANCHOR,ANCHOR,ANCHOR,PASS,ANCHOR,PASS
neg,ERNA,2026-09-12,2026-09-11,,,REJECT,M_لا_مستوى_مختبر,ANCHOR,ANCHOR,ANCHOR,ANCHOR,ANCHOR,ANCHOR,ANCHOR,ANCHOR,ANCHOR,ANCHOR,ANCHOR,PASS,ANCHOR,PASS
neg,ERNA,2026-09-15,2026-09-14,,,REJECT,M_لا_مستوى_مختبر,ANCHOR,ANCHOR,ANCHOR,ANCHOR,ANCHOR,ANCHOR,ANCHOR,ANCHOR,ANCHOR,ANCHOR,ANCHOR,PASS,ANCHOR,PASS
neg,ERNA,2026-09-16,2026-09-15,,,REJECT,M_لا_مستوى_مختبر,ANCHOR,ANCHOR,ANCHOR,ANCHOR,ANCHOR,ANCHOR,ANCHOR,ANCHOR,ANCHOR,ANCHOR,ANCHOR,PASS,ANCHOR,PASS
neg,ERNA,2026-09-17,2026-09-16,,,REJECT,M_لا_مستوى_مختبر,ANCHOR,ANCHOR,ANCHOR,ANCHOR,ANCHOR,ANCHOR,ANCHOR,ANCHOR,ANCHOR,ANCHOR,ANCHOR,PASS,ANCHOR,PASS
neg,ERNA,2026-09-18,2026-09-17,,,REJECT,M_لا_مستوى_مختبر,ANCHOR,ANCHOR,ANCHOR,ANCHOR,ANCHOR,ANCHOR,ANCHOR,ANCHOR,ANCHOR,ANCHOR,ANCHOR,PASS,ANCHOR,PASS
neg,ERNA,2026-09-19,2026-09-18,,,REJECT,M_لا_مستوى_مختبر,ANCHOR,ANCHOR,ANCHOR,ANCHOR,ANCHOR,ANCHOR,ANCHOR,ANCHOR,ANCHOR,ANCHOR,ANCHOR,PASS,ANCHOR,PASS
neg,ERNA,2026-09-22,2026-09-21,,,REJECT,M_لا_مستوى_مختبر,ANCHOR,ANCHOR,ANCHOR,ANCHOR,ANCHOR,ANCHOR,ANCHOR,ANCHOR,ANCHOR,ANCHOR,ANCHOR,PASS,ANCHOR,PASS
neg,ERNA,2026-09-23,2026-09-22,,,REJECT,M_لا_مستوى_مختبر,ANCHOR,ANCHOR,ANCHOR,ANCHOR,ANCHOR,ANCHOR,ANCHOR,ANCHOR,ANCHOR,ANCHOR,ANCHOR,PASS,ANCHOR,PASS
neg,ERNA,2026-09-24,2026-09-23,,,PASS,,,PASS,PASS,PASS,PASS,PASS,PASS,PASS,PASS,PASS,PASS,PASS,PASS,PASS
neg,ERNA,2026-09-25,2026-09-24,,,PASS,,,PASS,PASS,PASS,PASS,PASS,PASS,PASS,PASS,PASS,PASS,PASS,PASS,PASS
neg,ERNA,2026-09-26,2026-09-25,,,REJECT,M_لا_مستوى_مختبر,ANCHOR,ANCHOR,ANCHOR,ANCHOR,ANCHOR,ANCHOR,ANCHOR,ANCHOR,ANCHOR,ANCHOR,ANCHOR,PASS,ANCHOR,PASS
neg,ERNA,2026-09-29,2026-09-28,,,REJECT,M_لا_مستوى_مختبر,ANCHOR,ANCHOR,ANCHOR,ANCHOR,ANCHOR,ANCHOR,ANCHOR,ANCHOR,ANCHOR,ANCHOR,ANCHOR,PASS,ANCHOR,PASS
neg,ERNA,2026-09-30,2026-09-29,,,REJECT,M_لا_مستوى_مختبر,ANCHOR,ANCHOR,ANCHOR,ANCHOR,ANCHOR,ANCHOR,ANCHOR,ANCHOR,ANCHOR,ANCHOR,ANCHOR,PASS,ANCHOR,PASS
neg,ERNA,2026-10-01,2026-09-30,,,REJECT,M_لا_مستوى_مختبر,ANCHOR,ANCHOR,ANCHOR,ANCHOR,ANCHOR,ANCHOR,ANCHOR,ANCHOR,ANCHOR,ANCHOR,ANCHOR,PASS,ANCHOR,PASS
neg,ERNA,2026-10-02,2026-10-01,,,REJECT,M_لا_مستوى_مختبر,ANCHOR,ANCHOR,ANCHOR,ANCHOR,ANCHOR,ANCHOR,ANCHOR,ANCHOR,ANCHOR,ANCHOR,ANCHOR,PASS,ANCHOR,PASS
neg,ERNA,2026-10-03,2026-10-02,,,REJECT,M_لا_مستوى_مختبر,ANCHOR,ANCHOR,ANCHOR,ANCHOR,ANCHOR,ANCHOR,ANCHOR,ANCHOR,ANCHOR,ANCHOR,ANCHOR,PASS,ANCHOR,PASS
neg,ERNA,2026-10-06,2026-10-05,,,REJECT,M_لا_مستوى_مختبر,ANCHOR,ANCHOR,ANCHOR,ANCHOR,ANCHOR,ANCHOR,ANCHOR,ANCHOR,ANCHOR,ANCHOR,ANCHOR,PASS,ANCHOR,PASS
neg,ERNA,2026-10-07,2026-10-06,,,REJECT,M_لا_مستوى_مختبر,ANCHOR,ANCHOR,ANCHOR,ANCHOR,ANCHOR,ANCHOR,ANCHOR,ANCHOR,ANCHOR,ANCHOR,ANCHOR,PASS,ANCHOR,PASS
neg,ERNA,2026-10-08,2026-10-07,,,REJECT,M_لا_مستوى_مختبر,ANCHOR,ANCHOR,ANCHOR,ANCHOR,ANCHOR,ANCHOR,ANCHOR,ANCHOR,ANCHOR,ANCHOR,ANCHOR,PASS,ANCHOR,PASS
neg,EZRA,2026-09-11,2026-09-10,,,REJECT,M_لا_مستوى_مختبر,ANCHOR,ANCHOR,ANCHOR,ANCHOR,ANCHOR,ANCHOR,ANCHOR,ANCHOR,ANCHOR,ANCHOR,ANCHOR,PASS,ANCHOR,PASS
neg,EZRA,2026-09-12,2026-09-11,,,REJECT,M_لا_مستوى_مختبر,ANCHOR,ANCHOR,ANCHOR,ANCHOR,ANCHOR,ANCHOR,ANCHOR,ANCHOR,ANCHOR,ANCHOR,ANCHOR,PASS,ANCHOR,PASS
neg,EZRA,2026-09-15,2026-09-14,,,REJECT,M_لا_مستوى_مختبر,ANCHOR,ANCHOR,ANCHOR,ANCHOR,ANCHOR,ANCHOR,ANCHOR,ANCHOR,ANCHOR,ANCHOR,ANCHOR,PASS,ANCHOR,PASS
neg,EZRA,2026-09-16,2026-09-15,,,REJECT,M_لا_مستوى_مختبر,ANCHOR,ANCHOR,ANCHOR,ANCHOR,ANCHOR,ANCHOR,ANCHOR,ANCHOR,ANCHOR,ANCHOR,ANCHOR,PASS,ANCHOR,PASS
neg,EZRA,2026-09-17,2026-09-16,,,PASS,,,PASS,PASS,PASS,PASS,PASS,PASS,PASS,PASS,PASS,PASS,PASS,PASS,PASS
neg,EZRA,2026-09-18,2026-09-17,,,PASS,,,PASS,PASS,PASS,PASS,PASS,PASS,PASS,PASS,PASS,PASS,PASS,PASS,PASS
neg,EZRA,2026-09-19,2026-09-18,,,PASS,,,PASS,PASS,PASS,PASS,PASS,PASS,PASS,PASS,PASS,PASS,PASS,PASS,PASS
neg,EZRA,2026-09-22,2026-09-21,,,PASS,,,PASS,PASS,PASS,PASS,PASS,PASS,PASS,PASS,PASS,PASS,PASS,PASS,PASS
neg,EZRA,2026-09-23,2026-09-22,,,PASS,,,PASS,PASS,PASS,PASS,PASS,PASS,PASS,PASS,PASS,PASS,PASS,PASS,PASS
neg,EZRA,2026-09-24,2026-09-23,,,PASS,,,PASS,PASS,PASS,PASS,PASS,PASS,PASS,PASS,PASS,PASS,PASS,PASS,PASS
neg,EZRA,2026-09-25,2026-09-24,,,REJECT,M_لا_مستوى_مختبر,ANCHOR,ANCHOR,ANCHOR,ANCHOR,ANCHOR,ANCHOR,ANCHOR,ANCHOR,ANCHOR,ANCHOR,ANCHOR,PASS,ANCHOR,PASS
neg,EZRA,2026-09-26,2026-09-25,,,REJECT,M_لا_مستوى_مختبر,ANCHOR,ANCHOR,ANCHOR,ANCHOR,ANCHOR,ANCHOR,ANCHOR,ANCHOR,ANCHOR,ANCHOR,ANCHOR,PASS,ANCHOR,PASS
neg,EZRA,2026-09-29,2026-09-28,,,REJECT,M_لا_مستوى_مختبر,ANCHOR,ANCHOR,ANCHOR,ANCHOR,ANCHOR,ANCHOR,ANCHOR,ANCHOR,ANCHOR,ANCHOR,ANCHOR,PASS,ANCHOR,PASS
neg,EZRA,2026-09-30,2026-09-29,,,REJECT,M_لا_مستوى_مختبر,ANCHOR,ANCHOR,ANCHOR,ANCHOR,ANCHOR,ANCHOR,ANCHOR,ANCHOR,ANCHOR,ANCHOR,ANCHOR,PASS,ANCHOR,PASS
neg,EZRA,2026-10-01,2026-09-30,,,PASS,,,PASS,PASS,PASS,PASS,PASS,PASS,PASS,PASS,PASS,PASS,PASS,PASS,PASS
neg,EZRA,2026-10-02,2026-10-01,,,REJECT,M_لا_مستوى_مختبر,ANCHOR,ANCHOR,ANCHOR,ANCHOR,ANCHOR,ANCHOR,ANCHOR,ANCHOR,ANCHOR,ANCHOR,ANCHOR,PASS,ANCHOR,PASS
neg,EZRA,2026-10-03,2026-10-02,,,REJECT,M_لا_مستوى_مختبر,ANCHOR,ANCHOR,ANCHOR,ANCHOR,ANCHOR,ANCHOR,ANCHOR,ANCHOR,ANCHOR,ANCHOR,ANCHOR,PASS,ANCHOR,PASS
neg,EZRA,2026-10-06,2026-10-05,,,PASS,,,PASS,PASS,PASS,PASS,PASS,PASS,PASS,PASS,PASS,PASS,PASS,PASS,PASS
neg,EZRA,2026-10-07,2026-10-06,,,PASS,,,PASS,PASS,PASS,PASS,PASS,PASS,PASS,PASS,PASS,PASS,PASS,PASS,PASS
neg,EZRA,2026-10-08,2026-10-07,,,PASS,,,PASS,PASS,PASS,PASS,PASS,PASS,PASS,PASS,PASS,PASS,PASS,PASS,PASS
neg,FBLG,2026-09-11,2026-09-10,,,REJECT,M_لا_مستوى_مختبر,ANCHOR,ANCHOR,ANCHOR,ANCHOR,ANCHOR,ANCHOR,ANCHOR,ANCHOR,ANCHOR,ANCHOR,ANCHOR,PASS,ANCHOR,PASS
neg,FBLG,2026-09-12,2026-09-11,,,REJECT,M_لا_مستوى_مختبر,ANCHOR,ANCHOR,ANCHOR,ANCHOR,ANCHOR,ANCHOR,ANCHOR,ANCHOR,ANCHOR,ANCHOR,ANCHOR,PASS,ANCHOR,PASS
neg,FBLG,2026-09-15,2026-09-14,,,REJECT,M_لا_مستوى_مختبر,ANCHOR,ANCHOR,ANCHOR,ANCHOR,ANCHOR,ANCHOR,ANCHOR,ANCHOR,ANCHOR,ANCHOR,ANCHOR,PASS,ANCHOR,PASS
neg,FBLG,2026-09-16,2026-09-15,,,REJECT,M_لا_مستوى_مختبر,ANCHOR,ANCHOR,ANCHOR,ANCHOR,ANCHOR,ANCHOR,ANCHOR,ANCHOR,ANCHOR,ANCHOR,ANCHOR,PASS,ANCHOR,PASS
neg,FBLG,2026-09-17,2026-09-16,,,REJECT,M_لا_مستوى_مختبر,ANCHOR,ANCHOR,ANCHOR,ANCHOR,ANCHOR,ANCHOR,ANCHOR,ANCHOR,ANCHOR,ANCHOR,ANCHOR,PASS,ANCHOR,PASS
neg,FBLG,2026-09-18,2026-09-17,,,REJECT,M_لا_مستوى_مختبر,ANCHOR,ANCHOR,ANCHOR,ANCHOR,ANCHOR,ANCHOR,ANCHOR,ANCHOR,ANCHOR,ANCHOR,ANCHOR,PASS,ANCHOR,PASS
neg,FBLG,2026-09-19,2026-09-18,,,REJECT,M_لا_مستوى_مختبر,ANCHOR,ANCHOR,ANCHOR,ANCHOR,ANCHOR,ANCHOR,ANCHOR,ANCHOR,ANCHOR,ANCHOR,ANCHOR,PASS,ANCHOR,PASS
neg,FBLG,2026-09-22,2026-09-21,,,REJECT,M_لا_مستوى_مختبر,ANCHOR,ANCHOR,ANCHOR,ANCHOR,ANCHOR,ANCHOR,ANCHOR,ANCHOR,ANCHOR,ANCHOR,ANCHOR,PASS,ANCHOR,PASS
neg,FBLG,2026-09-23,2026-09-22,,,PASS,,,PASS,PASS,PASS,PASS,PASS,PASS,PASS,PASS,PASS,PASS,PASS,PASS,PASS
neg,FBLG,2026-09-24,2026-09-23,,,PASS,,,PASS,PASS,PASS,PASS,PASS,PASS,PASS,PASS,PASS,PASS,PASS,PASS,PASS
neg,FBLG,2026-09-25,2026-09-24,,,REJECT,M_لا_مستوى_مختبر,ANCHOR,ANCHOR,ANCHOR,ANCHOR,ANCHOR,ANCHOR,ANCHOR,ANCHOR,ANCHOR,ANCHOR,ANCHOR,PASS,ANCHOR,PASS
neg,FBLG,2026-09-26,2026-09-25,,,REJECT,M_لا_مستوى_مختبر,ANCHOR,ANCHOR,ANCHOR,ANCHOR,ANCHOR,ANCHOR,ANCHOR,ANCHOR,ANCHOR,ANCHOR,ANCHOR,PASS,ANCHOR,PASS
neg,FBLG,2026-09-29,2026-09-28,,,REJECT,M_لا_مستوى_مختبر,ANCHOR,ANCHOR,ANCHOR,ANCHOR,ANCHOR,ANCHOR,ANCHOR,ANCHOR,ANCHOR,ANCHOR,ANCHOR,PASS,ANCHOR,PASS
neg,FBLG,2026-09-30,2026-09-29,,,REJECT,M_لا_مستوى_مختبر,ANCHOR,ANCHOR,ANCHOR,ANCHOR,ANCHOR,ANCHOR,ANCHOR,ANCHOR,ANCHOR,ANCHOR,ANCHOR,PASS,ANCHOR,PASS
neg,FBLG,2026-10-01,2026-09-30,,,REJECT,M_لا_مستوى_مختبر,ANCHOR,ANCHOR,ANCHOR,ANCHOR,ANCHOR,ANCHOR,ANCHOR,ANCHOR,ANCHOR,ANCHOR,ANCHOR,PASS,ANCHOR,PASS
neg,FBLG,2026-10-02,2026-10-01,,,REJECT,M_لا_مستوى_مختبر,ANCHOR,ANCHOR,ANCHOR,ANCHOR,ANCHOR,ANCHOR,ANCHOR,ANCHOR,ANCHOR,ANCHOR,ANCHOR,PASS,ANCHOR,PASS
neg,FBLG,2026-10-03,2026-10-02,,,REJECT,M_لا_مستوى_مختبر,ANCHOR,ANCHOR,ANCHOR,ANCHOR,ANCHOR,ANCHOR,ANCHOR,ANCHOR,ANCHOR,ANCHOR,ANCHOR,PASS,ANCHOR,PASS
neg,FBLG,2026-10-06,2026-10-05,,,REJECT,M_لا_مستوى_مختبر,ANCHOR,ANCHOR,ANCHOR,ANCHOR,ANCHOR,ANCHOR,ANCHOR,ANCHOR,ANCHOR,ANCHOR,ANCHOR,PASS,ANCHOR,PASS
neg,FBLG,2026-10-07,2026-10-06,,,REJECT,M_لا_مستوى_مختبر,ANCHOR,ANCHOR,ANCHOR,ANCHOR,ANCHOR,ANCHOR,ANCHOR,ANCHOR,ANCHOR,ANCHOR,ANCHOR,PASS,ANCHOR,PASS
neg,FBLG,2026-10-08,2026-10-07,,,REJECT,M_لا_مستوى_مختبر,ANCHOR,ANCHOR,ANCHOR,ANCHOR,ANCHOR,ANCHOR,ANCHOR,ANCHOR,ANCHOR,ANCHOR,ANCHOR,PASS,ANCHOR,PASS
neg,FCUV,2026-09-11,2026-09-10,,,REJECT,M4_base_واسعة,M4_RANGE,M4_RANGE,M4_RANGE,M4_RANGE,M4_RANGE,ANCHOR,M4_RANGE,M4_RANGE,M4_RANGE,M4_RANGE,M4_RANGE,M4_RANGE,M4_RANGE,PASS
neg,FCUV,2026-09-12,2026-09-11,,,REJECT,M4_base_واسعة,M4_RANGE,M4_RANGE,M4_RANGE,M4_RANGE,M4_RANGE,ANCHOR,M4_RANGE,M4_RANGE,M4_RANGE,M4_RANGE,M4_RANGE,M4_RANGE,M4_RANGE,PASS
neg,FCUV,2026-09-15,2026-09-14,,,REJECT,M4_base_واسعة,M4_RANGE,M4_RANGE,M4_RANGE,M4_RANGE,M4_RANGE,ANCHOR,M4_RANGE,M4_RANGE,M4_RANGE,M4_RANGE,M4_RANGE,M4_RANGE,M4_RANGE,PASS
neg,FCUV,2026-09-16,2026-09-15,,,REJECT,M4_base_واسعة,M4_RANGE,M4_RANGE,M4_RANGE,M4_RANGE,M4_RANGE,ANCHOR,M4_RANGE,M4_RANGE,M4_RANGE,M4_RANGE,M4_RANGE,M4_RANGE,M4_RANGE,PASS
neg,FCUV,2026-09-17,2026-09-16,,,REJECT,M4_base_واسعة,M4_RANGE,M4_RANGE,M4_RANGE,M4_RANGE,M4_RANGE,ANCHOR,M4_RANGE,M4_RANGE,M4_RANGE,M4_RANGE,M4_RANGE,M4_RANGE,M4_RANGE,PASS
neg,FCUV,2026-09-18,2026-09-17,,,REJECT,M4_base_واسعة,M4_RANGE,M4_RANGE,M4_RANGE,M4_RANGE,M4_RANGE,ANCHOR,M4_RANGE,M4_RANGE,M4_RANGE,M4_RANGE,M4_RANGE,M4_RANGE,M4_RANGE,PASS
neg,FCUV,2026-09-19,2026-09-18,,,REJECT,M4_base_واسعة,M4_RANGE,M4_RANGE,M4_RANGE,M4_RANGE,M4_RANGE,ANCHOR,M4_RANGE,M4_RANGE,M4_RANGE,M4_RANGE,M4_RANGE,M4_RANGE,M4_RANGE,PASS
neg,FCUV,2026-09-22,2026-09-21,,,REJECT,M4_base_واسعة,M4_RANGE,M4_RANGE,M4_RANGE,M4_RANGE,M4_RANGE,ANCHOR,M4_RANGE,M4_RANGE,M4_RANGE,M4_RANGE,M4_RANGE,M4_RANGE,M4_RANGE,PASS
neg,FCUV,2026-09-23,2026-09-22,,,REJECT,M4_base_واسعة,M4_RANGE,M4_RANGE,M4_RANGE,M4_RANGE,M4_RANGE,ANCHOR,M4_RANGE,M4_RANGE,M4_RANGE,M4_RANGE,M4_RANGE,M4_RANGE,M4_RANGE,PASS
neg,FCUV,2026-09-24,2026-09-23,,,REJECT,M4_base_واسعة,M4_RANGE,M4_RANGE,M4_RANGE,M4_RANGE,M4_RANGE,ANCHOR,M4_RANGE,M4_RANGE,M4_RANGE,M4_RANGE,M4_RANGE,M4_RANGE,M4_RANGE,PASS
neg,FCUV,2026-09-25,2026-09-24,,,REJECT,M4_base_واسعة,M4_RANGE,M4_RANGE,M4_RANGE,M4_RANGE,M4_RANGE,ANCHOR,M4_RANGE,M4_RANGE,M4_RANGE,M4_RANGE,M4_RANGE,M4_RANGE,M4_RANGE,PASS
neg,FCUV,2026-09-26,2026-09-25,,,REJECT,M4_base_واسعة,M4_RANGE,M4_RANGE,M4_RANGE,M4_RANGE,M4_RANGE,PASS,M4_RANGE,M4_RANGE,M4_RANGE,M4_RANGE,M4_RANGE,M4_RANGE,M4_RANGE,PASS
neg,FCUV,2026-09-29,2026-09-28,,,REJECT,M_لا_مستوى_مختبر,ANCHOR,ANCHOR,ANCHOR,ANCHOR,ANCHOR,ANCHOR,ANCHOR,ANCHOR,ANCHOR,ANCHOR,ANCHOR,PASS,ANCHOR,PASS
neg,FCUV,2026-09-30,2026-09-29,,,REJECT,M_لا_مستوى_مختبر,ANCHOR,ANCHOR,ANCHOR,ANCHOR,ANCHOR,ANCHOR,ANCHOR,ANCHOR,ANCHOR,ANCHOR,ANCHOR,PASS,ANCHOR,PASS
neg,FCUV,2026-10-01,2026-09-30,,,REJECT,M_لا_مستوى_مختبر,ANCHOR,ANCHOR,ANCHOR,ANCHOR,ANCHOR,ANCHOR,ANCHOR,ANCHOR,ANCHOR,ANCHOR,ANCHOR,PASS,ANCHOR,PASS
neg,FCUV,2026-10-02,2026-10-01,,,REJECT,M_لا_مستوى_مختبر,ANCHOR,ANCHOR,ANCHOR,ANCHOR,ANCHOR,ANCHOR,ANCHOR,ANCHOR,ANCHOR,ANCHOR,ANCHOR,PASS,ANCHOR,PASS
neg,FCUV,2026-10-03,2026-10-02,,,REJECT,M_لا_مستوى_مختبر,ANCHOR,ANCHOR,ANCHOR,ANCHOR,ANCHOR,ANCHOR,ANCHOR,ANCHOR,ANCHOR,ANCHOR,ANCHOR,PASS,ANCHOR,PASS
neg,FCUV,2026-10-06,2026-10-05,,,REJECT,M_لا_مستوى_مختبر,ANCHOR,ANCHOR,ANCHOR,ANCHOR,ANCHOR,ANCHOR,ANCHOR,ANCHOR,ANCHOR,ANCHOR,ANCHOR,PASS,ANCHOR,PASS
neg,FCUV,2026-10-07,2026-10-06,,,PASS,,,PASS,PASS,PASS,PASS,PASS,PASS,PASS,PASS,PASS,PASS,PASS,PASS,PASS
neg,FCUV,2026-10-08,2026-10-07,,,PASS,,,PASS,PASS,PASS,PASS,PASS,PASS,PASS,PASS,PASS,PASS,PASS,PASS,PASS
neg,GCTK,2026-09-11,2026-09-10,,,REJECT,M_لا_مستوى_مختبر,ANCHOR,ANCHOR,ANCHOR,ANCHOR,ANCHOR,ANCHOR,ANCHOR,ANCHOR,ANCHOR,ANCHOR,ANCHOR,PASS,ANCHOR,PASS
neg,GCTK,2026-09-12,2026-09-11,,,REJECT,M4_base_واسعة,M4_RANGE,M4_RANGE,M4_RANGE,M4_RANGE,M4_RANGE,ANCHOR,M4_RANGE,M4_RANGE,M4_RANGE,M4_RANGE,M4_RANGE,M4_RANGE,M4_RANGE,PASS
neg,GCTK,2026-09-15,2026-09-14,,,REJECT,M4_base_واسعة,M4_RANGE,M4_RANGE,M4_RANGE,M4_RANGE,M4_RANGE,ANCHOR,M4_RANGE,M4_RANGE,M4_RANGE,M4_RANGE,M4_RANGE,M4_RANGE,M4_RANGE,PASS
neg,GCTK,2026-09-16,2026-09-15,,,REJECT,M4_base_واسعة,M4_RANGE,M4_RANGE,M4_RANGE,M4_RANGE,M4_RANGE,ANCHOR,M4_RANGE,M4_RANGE,M4_RANGE,M4_RANGE,M4_RANGE,M4_RANGE,M4_RANGE,PASS
neg,GCTK,2026-09-17,2026-09-16,,,REJECT,M4_base_واسعة,M4_RANGE,M4_RANGE,M4_RANGE,M4_RANGE,M4_RANGE,ANCHOR,M4_RANGE,M4_RANGE,M4_RANGE,M4_RANGE,M4_RANGE,M4_RANGE,M4_RANGE,PASS
neg,GCTK,2026-09-18,2026-09-17,,,REJECT,M4_base_واسعة,M4_RANGE,M4_RANGE,M4_RANGE,M4_RANGE,M4_RANGE,ANCHOR,M4_RANGE,M4_RANGE,M4_RANGE,M4_RANGE,M4_RANGE,M4_RANGE,M4_RANGE,PASS
neg,GCTK,2026-09-19,2026-09-18,,,REJECT,M_لا_مستوى_مختبر,ANCHOR,ANCHOR,ANCHOR,ANCHOR,ANCHOR,ANCHOR,ANCHOR,ANCHOR,ANCHOR,ANCHOR,ANCHOR,PASS,ANCHOR,PASS
neg,GCTK,2026-09-22,2026-09-21,,,PASS,,,PASS,PASS,PASS,PASS,PASS,PASS,PASS,PASS,PASS,PASS,PASS,PASS,PASS
neg,GCTK,2026-09-23,2026-09-22,,,PASS,,,PASS,PASS,PASS,PASS,PASS,PASS,PASS,PASS,PASS,PASS,PASS,PASS,PASS
neg,GCTK,2026-09-24,2026-09-23,,,REJECT,M_لا_مستوى_مختبر,ANCHOR,ANCHOR,ANCHOR,ANCHOR,ANCHOR,ANCHOR,ANCHOR,ANCHOR,ANCHOR,ANCHOR,ANCHOR,PASS,ANCHOR,PASS
neg,GCTK,2026-09-25,2026-09-24,,,REJECT,M_لا_مستوى_مختبر,ANCHOR,ANCHOR,ANCHOR,ANCHOR,ANCHOR,ANCHOR,ANCHOR,ANCHOR,ANCHOR,ANCHOR,ANCHOR,PASS,ANCHOR,PASS
neg,GCTK,2026-09-26,2026-09-25,,,REJECT,M_لا_مستوى_مختبر,ANCHOR,ANCHOR,ANCHOR,ANCHOR,ANCHOR,ANCHOR,ANCHOR,ANCHOR,ANCHOR,ANCHOR,ANCHOR,PASS,ANCHOR,PASS
neg,GCTK,2026-09-29,2026-09-28,,,REJECT,M_لا_مستوى_مختبر,ANCHOR,ANCHOR,ANCHOR,ANCHOR,ANCHOR,ANCHOR,ANCHOR,ANCHOR,ANCHOR,ANCHOR,ANCHOR,PASS,ANCHOR,PASS
neg,GCTK,2026-09-30,2026-09-29,,,REJECT,M_لا_مستوى_مختبر,ANCHOR,ANCHOR,ANCHOR,ANCHOR,ANCHOR,ANCHOR,ANCHOR,ANCHOR,ANCHOR,ANCHOR,ANCHOR,PASS,ANCHOR,PASS
neg,GCTK,2026-10-01,2026-09-30,,,REJECT,M_لا_مستوى_مختبر,ANCHOR,ANCHOR,ANCHOR,ANCHOR,ANCHOR,ANCHOR,ANCHOR,ANCHOR,ANCHOR,ANCHOR,ANCHOR,PASS,ANCHOR,PASS
neg,GCTK,2026-10-02,2026-10-01,,,REJECT,M4_base_واسعة,M4_RANGE,M4_RANGE,M4_RANGE,M4_RANGE,M4_RANGE,ANCHOR,M4_RANGE,M4_RANGE,M4_RANGE,M4_RANGE,M4_RANGE,M4_RANGE,M4_RANGE,PASS
neg,GCTK,2026-10-03,2026-10-02,,,REJECT,M4_base_واسعة,M4_RANGE,M4_RANGE,M4_RANGE,M4_RANGE,M4_RANGE,ANCHOR,M4_RANGE,M4_RANGE,M4_RANGE,M4_RANGE,M4_RANGE,M4_RANGE,M4_RANGE,PASS
neg,GCTK,2026-10-06,2026-10-05,,,REJECT,M4_base_واسعة,M4_RANGE,M4_RANGE,M4_RANGE,M4_RANGE,M4_RANGE,ANCHOR,M4_RANGE,M4_RANGE,M4_RANGE,M4_RANGE,M4_RANGE,M4_RANGE,M4_RANGE,PASS
neg,GCTK,2026-10-07,2026-10-06,,,REJECT,M4_base_واسعة,M4_RANGE,M4_RANGE,M4_RANGE,M4_RANGE,M4_RANGE,ANCHOR,M4_RANGE,M4_RANGE,M4_RANGE,M4_RANGE,M4_RANGE,M4_RANGE,M4_RANGE,PASS
neg,GCTK,2026-10-08,2026-10-07,,,REJECT,M4_base_واسعة,M4_RANGE,M4_RANGE,M4_RANGE,M4_RANGE,M4_RANGE,ANCHOR,M4_RANGE,M4_RANGE,M4_RANGE,M4_RANGE,M4_RANGE,M4_RANGE,M4_RANGE,PASS
neg,GRML,2026-09-11,2026-09-10,,,REJECT,M4_base_واسعة,M4_RANGE,M4_RANGE,M4_RANGE,M4_RANGE,M4_RANGE,ANCHOR,M4_RANGE,M4_RANGE,M4_RANGE,M4_RANGE,M4_RANGE,M4_RANGE,M4_RANGE,PASS
neg,GRML,2026-09-12,2026-09-11,,,REJECT,M4_base_واسعة,M4_RANGE,M4_RANGE,M4_RANGE,M4_RANGE,M4_RANGE,ANCHOR,M4_RANGE,M4_RANGE,M4_RANGE,M4_RANGE,M4_RANGE,M4_RANGE,M4_RANGE,PASS
neg,GRML,2026-09-15,2026-09-14,,,REJECT,M4_base_واسعة,M4_RANGE,M4_RANGE,M4_RANGE,M4_RANGE,M4_RANGE,ANCHOR,M4_RANGE,M4_RANGE,M4_RANGE,M4_RANGE,M4_RANGE,M4_RANGE,M4_RANGE,PASS
neg,GRML,2026-09-16,2026-09-15,,,REJECT,M4_base_واسعة,M4_RANGE,M4_RANGE,M4_RANGE,M4_RANGE,M4_RANGE,ANCHOR,M4_RANGE,M4_RANGE,M4_RANGE,M4_RANGE,M4_RANGE,M4_RANGE,M4_RANGE,PASS
neg,GRML,2026-09-17,2026-09-16,,,PASS,,,PASS,PASS,PASS,PASS,PASS,PASS,PASS,PASS,PASS,PASS,PASS,PASS,PASS
neg,GRML,2026-09-18,2026-09-17,,,REJECT,M_لا_مستوى_مختبر,ANCHOR,ANCHOR,ANCHOR,ANCHOR,ANCHOR,ANCHOR,ANCHOR,ANCHOR,ANCHOR,ANCHOR,ANCHOR,PASS,ANCHOR,PASS
neg,GRML,2026-09-19,2026-09-18,,,REJECT,M_لا_مستوى_مختبر,ANCHOR,ANCHOR,ANCHOR,ANCHOR,ANCHOR,ANCHOR,ANCHOR,ANCHOR,ANCHOR,ANCHOR,ANCHOR,PASS,ANCHOR,PASS
neg,GRML,2026-09-22,2026-09-21,,,REJECT,M4_base_واسعة,M4_RANGE,M4_RANGE,M4_RANGE,M4_RANGE,M4_RANGE,ANCHOR,M4_RANGE,M4_RANGE,M4_RANGE,M4_RANGE,M4_RANGE,M4_RANGE,M4_RANGE,PASS
neg,GRML,2026-09-23,2026-09-22,,,REJECT,M2_هبوط_تحت_40,M2_FLOOR,M2_FLOOR,M2_FLOOR,M4_RANGE,M2_FLOOR,M2_FLOOR,M2_FLOOR,M2_FLOOR,M2_FLOOR,M2_FLOOR,M2_FLOOR,M2_FLOOR,M2_FLOOR,PASS
neg,GRML,2026-09-24,2026-09-23,,,REJECT,M2_هبوط_تحت_40,M2_FLOOR,M2_FLOOR,M2_FLOOR,M4_RANGE,M2_FLOOR,M2_FLOOR,M2_FLOOR,M2_FLOOR,M2_FLOOR,M2_FLOOR,M2_FLOOR,M2_FLOOR,M2_FLOOR,PASS
neg,GRML,2026-09-25,2026-09-24,,,REJECT,M2_هبوط_تحت_40,M2_FLOOR,M2_FLOOR,M2_FLOOR,M4_RANGE,M2_FLOOR,M2_FLOOR,M2_FLOOR,M2_FLOOR,M2_FLOOR,M2_FLOOR,M2_FLOOR,M2_FLOOR,M2_FLOOR,PASS
neg,GRML,2026-09-26,2026-09-25,,,REJECT,M2_هبوط_تحت_40,M2_FLOOR,M2_FLOOR,M2_FLOOR,M4_RANGE,M2_FLOOR,M2_FLOOR,M2_FLOOR,M2_FLOOR,M2_FLOOR,M2_FLOOR,M2_FLOOR,M2_FLOOR,M2_FLOOR,PASS
neg,GRML,2026-09-29,2026-09-28,,,REJECT,M2_هبوط_تحت_40,M2_FLOOR,M2_FLOOR,M2_FLOOR,M4_RANGE,M2_FLOOR,M2_FLOOR,M2_FLOOR,M2_FLOOR,M2_FLOOR,M2_FLOOR,M2_FLOOR,M2_FLOOR,M2_FLOOR,PASS
neg,GRML,2026-09-30,2026-09-29,,,REJECT,M4_base_واسعة,M4_RANGE,M4_RANGE,M4_RANGE,M4_RANGE,M4_RANGE,ANCHOR,M4_RANGE,M4_RANGE,M4_RANGE,M4_RANGE,M4_RANGE,M4_RANGE,M4_RANGE,PASS
neg,GRML,2026-10-01,2026-09-30,,,REJECT,M2_هبوط_تحت_40,M2_FLOOR,M2_FLOOR,M2_FLOOR,M4_RANGE,M2_FLOOR,M2_FLOOR,M2_FLOOR,M2_FLOOR,M2_FLOOR,M2_FLOOR,M2_FLOOR,M2_FLOOR,M2_FLOOR,PASS
neg,GRML,2026-10-02,2026-10-01,,,REJECT,M4_base_واسعة,M4_RANGE,M4_RANGE,M4_RANGE,M4_RANGE,M4_RANGE,ANCHOR,M4_RANGE,M4_RANGE,M4_RANGE,M4_RANGE,M4_RANGE,M4_RANGE,M4_RANGE,PASS
neg,GRML,2026-10-03,2026-10-02,,,REJECT,M4_base_واسعة,M4_RANGE,M4_RANGE,M4_RANGE,M4_RANGE,M4_RANGE,ANCHOR,M4_RANGE,M4_RANGE,M4_RANGE,M4_RANGE,M4_RANGE,M4_RANGE,M4_RANGE,PASS
neg,GRML,2026-10-06,2026-10-05,,,REJECT,M4_base_واسعة,M4_RANGE,M4_RANGE,M4_RANGE,M4_RANGE,M4_RANGE,ANCHOR,M4_RANGE,M4_RANGE,M4_RANGE,M4_RANGE,M4_RANGE,M4_RANGE,M4_RANGE,PASS
neg,GRML,2026-10-07,2026-10-06,,,REJECT,M4_base_واسعة,M4_RANGE,M4_RANGE,M4_RANGE,M4_RANGE,M4_RANGE,ANCHOR,M4_RANGE,M4_RANGE,M4_RANGE,M4_RANGE,M4_RANGE,M4_RANGE,M4_RANGE,PASS
neg,GRML,2026-10-08,2026-10-07,,,REJECT,M4_base_واسعة,M4_RANGE,M4_RANGE,M4_RANGE,M4_RANGE,M4_RANGE,ANCHOR,M4_RANGE,M4_RANGE,M4_RANGE,M4_RANGE,M4_RANGE,M4_RANGE,M4_RANGE,PASS
neg,HCTI,2026-09-11,2026-09-10,,,REJECT,M_لا_مستوى_مختبر,ANCHOR,ANCHOR,ANCHOR,ANCHOR,ANCHOR,ANCHOR,ANCHOR,ANCHOR,ANCHOR,ANCHOR,ANCHOR,PASS,ANCHOR,PASS
neg,HCTI,2026-09-12,2026-09-11,,,REJECT,M_لا_مستوى_مختبر,ANCHOR,ANCHOR,ANCHOR,ANCHOR,ANCHOR,ANCHOR,ANCHOR,ANCHOR,ANCHOR,ANCHOR,ANCHOR,PASS,ANCHOR,PASS
neg,HCTI,2026-09-15,2026-09-14,,,PASS,,,PASS,PASS,PASS,PASS,PASS,PASS,PASS,PASS,PASS,PASS,PASS,PASS,PASS
neg,HCTI,2026-09-16,2026-09-15,,,REJECT,M_لا_مستوى_مختبر,ANCHOR,ANCHOR,ANCHOR,ANCHOR,ANCHOR,ANCHOR,ANCHOR,ANCHOR,ANCHOR,ANCHOR,ANCHOR,PASS,ANCHOR,PASS
neg,HCTI,2026-09-17,2026-09-16,,,REJECT,M_لا_مستوى_مختبر,ANCHOR,ANCHOR,ANCHOR,ANCHOR,ANCHOR,ANCHOR,ANCHOR,ANCHOR,ANCHOR,ANCHOR,ANCHOR,PASS,ANCHOR,PASS
neg,HCTI,2026-09-18,2026-09-17,,,REJECT,M_لا_مستوى_مختبر,ANCHOR,ANCHOR,ANCHOR,ANCHOR,ANCHOR,ANCHOR,ANCHOR,ANCHOR,ANCHOR,ANCHOR,ANCHOR,PASS,ANCHOR,PASS
neg,HCTI,2026-09-19,2026-09-18,,,REJECT,M_لا_مستوى_مختبر,ANCHOR,ANCHOR,ANCHOR,ANCHOR,ANCHOR,ANCHOR,ANCHOR,ANCHOR,ANCHOR,ANCHOR,ANCHOR,PASS,ANCHOR,PASS
neg,HCTI,2026-09-22,2026-09-21,,,REJECT,M_لا_مستوى_مختبر,ANCHOR,ANCHOR,ANCHOR,ANCHOR,ANCHOR,ANCHOR,ANCHOR,ANCHOR,ANCHOR,ANCHOR,ANCHOR,PASS,ANCHOR,PASS
neg,HCTI,2026-09-23,2026-09-22,,,REJECT,M_لا_مستوى_مختبر,ANCHOR,ANCHOR,ANCHOR,ANCHOR,ANCHOR,ANCHOR,ANCHOR,ANCHOR,ANCHOR,ANCHOR,ANCHOR,PASS,ANCHOR,PASS
neg,HCTI,2026-09-24,2026-09-23,,,REJECT,M4_base_واسعة,M4_RANGE,M4_RANGE,M4_RANGE,M4_RANGE,M4_RANGE,ANCHOR,M4_RANGE,M4_RANGE,M4_RANGE,M4_RANGE,M4_RANGE,M4_RANGE,M4_RANGE,PASS
neg,HCTI,2026-09-25,2026-09-24,,,REJECT,M4_base_واسعة,M4_RANGE,M4_RANGE,M4_RANGE,M4_RANGE,M4_RANGE,ANCHOR,M4_RANGE,M4_RANGE,M4_RANGE,M4_RANGE,M4_RANGE,M4_RANGE,M4_RANGE,PASS
neg,HCTI,2026-09-26,2026-09-25,,,REJECT,M4_base_واسعة,M4_RANGE,M4_RANGE,M4_RANGE,M4_RANGE,M4_RANGE,ANCHOR,M4_RANGE,M4_RANGE,M4_RANGE,M4_RANGE,M4_RANGE,M4_RANGE,M4_RANGE,PASS
neg,HCTI,2026-09-29,2026-09-28,,,REJECT,M4_base_واسعة,M4_RANGE,M4_RANGE,M4_RANGE,M4_RANGE,M4_RANGE,ANCHOR,M4_RANGE,M4_RANGE,M4_RANGE,M4_RANGE,M4_RANGE,M4_RANGE,M4_RANGE,PASS
neg,HCTI,2026-09-30,2026-09-29,,,REJECT,M4_base_واسعة,M4_RANGE,M4_RANGE,M4_RANGE,M4_RANGE,M4_RANGE,PASS,M4_RANGE,M4_RANGE,M4_RANGE,M4_RANGE,M4_RANGE,M4_RANGE,M4_RANGE,PASS
neg,HCTI,2026-10-01,2026-09-30,,,REJECT,M4_base_واسعة,M4_RANGE,M4_RANGE,M4_RANGE,M4_RANGE,M4_RANGE,PASS,M4_RANGE,M4_RANGE,M4_RANGE,M4_RANGE,M4_RANGE,M4_RANGE,M4_RANGE,PASS
neg,HCTI,2026-10-02,2026-10-01,,,REJECT,M4_base_واسعة,M4_RANGE,M4_RANGE,M4_RANGE,M4_RANGE,M4_RANGE,PASS,M4_RANGE,M4_RANGE,M4_RANGE,M4_RANGE,M4_RANGE,M4_RANGE,M4_RANGE,PASS
neg,HCTI,2026-10-03,2026-10-02,,,REJECT,M4_base_واسعة,M4_RANGE,M4_RANGE,M4_RANGE,M4_RANGE,M4_RANGE,PASS,M4_RANGE,M4_RANGE,M4_RANGE,M4_RANGE,M4_RANGE,M4_RANGE,M4_RANGE,PASS
neg,HCTI,2026-10-06,2026-10-05,,,REJECT,M4_base_واسعة,M4_RANGE,M4_RANGE,M4_RANGE,M4_RANGE,M4_RANGE,ANCHOR,M4_RANGE,M4_RANGE,M4_RANGE,M4_RANGE,M4_RANGE,M4_RANGE,M4_RANGE,PASS
neg,HCTI,2026-10-07,2026-10-06,,,REJECT,M4_base_واسعة,M4_RANGE,M4_RANGE,M4_RANGE,M4_RANGE,M4_RANGE,ANCHOR,M4_RANGE,M4_RANGE,M4_RANGE,M4_RANGE,M4_RANGE,M4_RANGE,M4_RANGE,PASS
neg,HCTI,2026-10-08,2026-10-07,,,REJECT,M4_base_واسعة,M4_RANGE,M4_RANGE,M4_RANGE,M4_RANGE,M4_RANGE,ANCHOR,M4_RANGE,M4_RANGE,M4_RANGE,M4_RANGE,M4_RANGE,M4_RANGE,M4_RANGE,PASS
neg,HCWB,2026-09-11,2026-09-10,,,PASS,,,PASS,PASS,PASS,PASS,PASS,PASS,PASS,PASS,PASS,PASS,PASS,PASS,PASS
neg,HCWB,2026-09-12,2026-09-11,,,PASS,,,PASS,PASS,PASS,PASS,PASS,PASS,PASS,PASS,PASS,PASS,PASS,PASS,PASS
neg,HCWB,2026-09-15,2026-09-14,,,PASS,,,PASS,PASS,PASS,PASS,PASS,PASS,PASS,PASS,PASS,PASS,PASS,PASS,PASS
neg,HCWB,2026-09-16,2026-09-15,,,PASS,,,PASS,PASS,PASS,PASS,PASS,PASS,PASS,PASS,PASS,PASS,PASS,PASS,PASS
neg,HCWB,2026-09-17,2026-09-16,,,REJECT,M_لا_مستوى_مختبر,ANCHOR,ANCHOR,ANCHOR,ANCHOR,ANCHOR,ANCHOR,ANCHOR,ANCHOR,ANCHOR,ANCHOR,ANCHOR,PASS,ANCHOR,PASS
neg,HCWB,2026-09-18,2026-09-17,,,REJECT,M_لا_مستوى_مختبر,ANCHOR,ANCHOR,ANCHOR,ANCHOR,ANCHOR,ANCHOR,ANCHOR,ANCHOR,ANCHOR,ANCHOR,ANCHOR,PASS,ANCHOR,PASS
neg,HCWB,2026-09-19,2026-09-18,,,PASS,,,PASS,PASS,PASS,PASS,PASS,PASS,PASS,PASS,PASS,PASS,PASS,PASS,PASS
neg,HCWB,2026-09-22,2026-09-21,,,PASS,,,PASS,PASS,PASS,PASS,PASS,PASS,PASS,PASS,PASS,PASS,PASS,PASS,PASS
neg,HCWB,2026-09-23,2026-09-22,,,REJECT,M4_base_واسعة,M4_RANGE,M4_RANGE,M4_RANGE,M4_RANGE,M4_RANGE,ANCHOR,M4_RANGE,M4_RANGE,M4_RANGE,M4_RANGE,M4_RANGE,M4_RANGE,M4_RANGE,PASS
neg,HCWB,2026-09-24,2026-09-23,,,REJECT,M4_base_واسعة,M4_RANGE,M4_RANGE,M4_RANGE,M4_RANGE,M4_RANGE,ANCHOR,M4_RANGE,M4_RANGE,M4_RANGE,M4_RANGE,M4_RANGE,M4_RANGE,M4_RANGE,PASS
neg,HCWB,2026-09-25,2026-09-24,,,REJECT,M_لا_مستوى_مختبر,ANCHOR,ANCHOR,ANCHOR,ANCHOR,ANCHOR,ANCHOR,ANCHOR,ANCHOR,ANCHOR,ANCHOR,ANCHOR,PASS,ANCHOR,PASS
neg,HCWB,2026-09-26,2026-09-25,,,REJECT,M_لا_مستوى_مختبر,ANCHOR,ANCHOR,ANCHOR,ANCHOR,ANCHOR,ANCHOR,ANCHOR,ANCHOR,ANCHOR,ANCHOR,ANCHOR,PASS,ANCHOR,PASS
neg,HCWB,2026-09-29,2026-09-28,,,REJECT,M_لا_مستوى_مختبر,ANCHOR,ANCHOR,ANCHOR,ANCHOR,ANCHOR,ANCHOR,ANCHOR,ANCHOR,ANCHOR,ANCHOR,ANCHOR,PASS,ANCHOR,PASS
neg,HCWB,2026-09-30,2026-09-29,,,REJECT,M_لا_مستوى_مختبر,ANCHOR,ANCHOR,ANCHOR,ANCHOR,ANCHOR,ANCHOR,ANCHOR,ANCHOR,ANCHOR,ANCHOR,ANCHOR,PASS,ANCHOR,PASS
neg,HCWB,2026-10-01,2026-09-30,,,REJECT,M_لا_مستوى_مختبر,ANCHOR,ANCHOR,ANCHOR,ANCHOR,ANCHOR,ANCHOR,ANCHOR,ANCHOR,ANCHOR,ANCHOR,ANCHOR,PASS,ANCHOR,PASS
neg,HCWB,2026-10-02,2026-10-01,,,REJECT,M_لا_مستوى_مختبر,ANCHOR,ANCHOR,ANCHOR,ANCHOR,ANCHOR,ANCHOR,ANCHOR,ANCHOR,ANCHOR,ANCHOR,ANCHOR,PASS,ANCHOR,PASS
neg,HCWB,2026-10-03,2026-10-02,,,REJECT,M_لا_مستوى_مختبر,ANCHOR,ANCHOR,ANCHOR,ANCHOR,ANCHOR,ANCHOR,ANCHOR,ANCHOR,ANCHOR,ANCHOR,ANCHOR,PASS,ANCHOR,PASS
neg,HCWB,2026-10-06,2026-10-05,,,REJECT,M_لا_مستوى_مختبر,ANCHOR,ANCHOR,ANCHOR,ANCHOR,ANCHOR,ANCHOR,ANCHOR,ANCHOR,ANCHOR,ANCHOR,ANCHOR,PASS,ANCHOR,PASS
neg,HCWB,2026-10-07,2026-10-06,,,REJECT,M_لا_مستوى_مختبر,ANCHOR,ANCHOR,ANCHOR,ANCHOR,ANCHOR,ANCHOR,ANCHOR,ANCHOR,ANCHOR,ANCHOR,ANCHOR,PASS,ANCHOR,PASS
neg,HCWB,2026-10-08,2026-10-07,,,REJECT,M_لا_مستوى_مختبر,ANCHOR,ANCHOR,ANCHOR,ANCHOR,ANCHOR,ANCHOR,ANCHOR,ANCHOR,ANCHOR,ANCHOR,ANCHOR,PASS,ANCHOR,PASS
neg,IPST,2026-09-11,2026-09-10,,,REJECT,M4_base_واسعة,M4_RANGE,M4_RANGE,M4_RANGE,M4_RANGE,M4_RANGE,ANCHOR,M4_RANGE,M4_RANGE,M4_RANGE,M4_RANGE,M4_RANGE,M4_RANGE,M4_RANGE,PASS
neg,IPST,2026-09-12,2026-09-11,,,REJECT,M4_base_واسعة,M4_RANGE,M4_RANGE,M4_RANGE,M4_RANGE,M4_RANGE,ANCHOR,M4_RANGE,M4_RANGE,M4_RANGE,M4_RANGE,M4_RANGE,M4_RANGE,M4_RANGE,PASS
neg,IPST,2026-09-15,2026-09-14,,,REJECT,M4_base_واسعة,M4_RANGE,M4_RANGE,M4_RANGE,M4_RANGE,M4_RANGE,ANCHOR,M4_RANGE,M4_RANGE,M4_RANGE,M4_RANGE,M4_RANGE,M4_RANGE,M4_RANGE,PASS
neg,IPST,2026-09-16,2026-09-15,,,REJECT,M4_base_واسعة,M4_RANGE,M4_RANGE,M4_RANGE,M4_RANGE,M4_RANGE,ANCHOR,M4_RANGE,M4_RANGE,M4_RANGE,M4_RANGE,M4_RANGE,M4_RANGE,M4_RANGE,PASS
neg,IPST,2026-09-17,2026-09-16,,,REJECT,M4_base_واسعة,M4_RANGE,M4_RANGE,M4_RANGE,M4_RANGE,M4_RANGE,ANCHOR,M4_RANGE,M4_RANGE,M4_RANGE,M4_RANGE,M4_RANGE,M4_RANGE,M4_RANGE,PASS
neg,IPST,2026-09-18,2026-09-17,,,REJECT,M4_base_واسعة,M4_RANGE,M4_RANGE,M4_RANGE,M4_RANGE,M4_RANGE,ANCHOR,M4_RANGE,M4_RANGE,M4_RANGE,M4_RANGE,M4_RANGE,M4_RANGE,M4_RANGE,PASS
neg,IPST,2026-09-19,2026-09-18,,,REJECT,M_لا_مستوى_مختبر,ANCHOR,ANCHOR,ANCHOR,ANCHOR,ANCHOR,ANCHOR,ANCHOR,ANCHOR,ANCHOR,ANCHOR,ANCHOR,PASS,ANCHOR,PASS
neg,IPST,2026-09-22,2026-09-21,,,REJECT,M_لا_مستوى_مختبر,ANCHOR,ANCHOR,ANCHOR,ANCHOR,ANCHOR,ANCHOR,ANCHOR,ANCHOR,ANCHOR,ANCHOR,ANCHOR,PASS,ANCHOR,PASS
neg,IPST,2026-09-23,2026-09-22,,,REJECT,M_لا_مستوى_مختبر,ANCHOR,ANCHOR,ANCHOR,ANCHOR,ANCHOR,ANCHOR,ANCHOR,ANCHOR,ANCHOR,ANCHOR,ANCHOR,PASS,ANCHOR,PASS
neg,IPST,2026-09-24,2026-09-23,,,PASS,,,PASS,PASS,PASS,PASS,PASS,PASS,PASS,PASS,PASS,PASS,PASS,PASS,PASS
neg,IPST,2026-09-25,2026-09-24,,,REJECT,M_لا_مستوى_مختبر,ANCHOR,ANCHOR,ANCHOR,ANCHOR,ANCHOR,ANCHOR,ANCHOR,ANCHOR,ANCHOR,ANCHOR,ANCHOR,PASS,ANCHOR,PASS
neg,IPST,2026-09-26,2026-09-25,,,REJECT,M_لا_مستوى_مختبر,ANCHOR,ANCHOR,ANCHOR,ANCHOR,ANCHOR,ANCHOR,ANCHOR,ANCHOR,ANCHOR,ANCHOR,ANCHOR,PASS,ANCHOR,PASS
neg,IPST,2026-09-29,2026-09-28,,,REJECT,M_لا_مستوى_مختبر,ANCHOR,ANCHOR,ANCHOR,ANCHOR,ANCHOR,ANCHOR,ANCHOR,ANCHOR,ANCHOR,ANCHOR,ANCHOR,PASS,ANCHOR,PASS
neg,IPST,2026-09-30,2026-09-29,,,REJECT,M_لا_مستوى_مختبر,ANCHOR,ANCHOR,ANCHOR,ANCHOR,ANCHOR,ANCHOR,ANCHOR,ANCHOR,ANCHOR,ANCHOR,ANCHOR,PASS,ANCHOR,PASS
neg,IPST,2026-10-01,2026-09-30,,,REJECT,M_لا_مستوى_مختبر,ANCHOR,ANCHOR,ANCHOR,ANCHOR,ANCHOR,ANCHOR,ANCHOR,ANCHOR,ANCHOR,ANCHOR,ANCHOR,PASS,ANCHOR,PASS
neg,IPST,2026-10-02,2026-10-01,,,REJECT,M_لا_مستوى_مختبر,ANCHOR,ANCHOR,ANCHOR,ANCHOR,ANCHOR,ANCHOR,ANCHOR,ANCHOR,ANCHOR,ANCHOR,ANCHOR,PASS,ANCHOR,PASS
neg,IPST,2026-10-03,2026-10-02,,,REJECT,M_لا_مستوى_مختبر,ANCHOR,ANCHOR,ANCHOR,ANCHOR,ANCHOR,ANCHOR,ANCHOR,ANCHOR,ANCHOR,ANCHOR,ANCHOR,PASS,ANCHOR,PASS
neg,IPST,2026-10-06,2026-10-05,,,REJECT,M_لا_مستوى_مختبر,ANCHOR,ANCHOR,ANCHOR,ANCHOR,ANCHOR,ANCHOR,ANCHOR,ANCHOR,ANCHOR,ANCHOR,ANCHOR,PASS,ANCHOR,PASS
neg,IPST,2026-10-07,2026-10-06,,,REJECT,M_لا_مستوى_مختبر,ANCHOR,ANCHOR,ANCHOR,ANCHOR,ANCHOR,ANCHOR,ANCHOR,ANCHOR,ANCHOR,ANCHOR,ANCHOR,PASS,ANCHOR,PASS
neg,IPST,2026-10-08,2026-10-07,,,REJECT,M_لا_مستوى_مختبر,ANCHOR,ANCHOR,ANCHOR,ANCHOR,ANCHOR,ANCHOR,ANCHOR,ANCHOR,ANCHOR,ANCHOR,ANCHOR,PASS,ANCHOR,PASS
neg,IZM,2026-09-11,2026-09-10,,,PASS,,,PASS,PASS,PASS,PASS,PASS,PASS,PASS,PASS,PASS,PASS,PASS,PASS,PASS
neg,IZM,2026-09-12,2026-09-11,,,REJECT,M_لا_مستوى_مختبر,ANCHOR,ANCHOR,ANCHOR,ANCHOR,ANCHOR,ANCHOR,ANCHOR,ANCHOR,ANCHOR,ANCHOR,ANCHOR,PASS,ANCHOR,PASS
neg,IZM,2026-09-15,2026-09-14,,,REJECT,M_لا_مستوى_مختبر,ANCHOR,ANCHOR,ANCHOR,ANCHOR,ANCHOR,ANCHOR,ANCHOR,ANCHOR,ANCHOR,ANCHOR,ANCHOR,PASS,ANCHOR,PASS
neg,IZM,2026-09-16,2026-09-15,,,REJECT,M_لا_مستوى_مختبر,ANCHOR,ANCHOR,ANCHOR,ANCHOR,ANCHOR,ANCHOR,ANCHOR,ANCHOR,ANCHOR,ANCHOR,ANCHOR,PASS,ANCHOR,PASS
neg,IZM,2026-09-17,2026-09-16,,,REJECT,M_لا_مستوى_مختبر,ANCHOR,ANCHOR,ANCHOR,ANCHOR,ANCHOR,ANCHOR,ANCHOR,ANCHOR,ANCHOR,ANCHOR,ANCHOR,PASS,ANCHOR,PASS
neg,IZM,2026-09-18,2026-09-17,,,REJECT,M_لا_مستوى_مختبر,ANCHOR,ANCHOR,ANCHOR,ANCHOR,ANCHOR,ANCHOR,ANCHOR,ANCHOR,ANCHOR,ANCHOR,ANCHOR,PASS,ANCHOR,PASS
neg,IZM,2026-09-19,2026-09-18,,,REJECT,M_لا_مستوى_مختبر,ANCHOR,ANCHOR,ANCHOR,ANCHOR,ANCHOR,ANCHOR,ANCHOR,ANCHOR,ANCHOR,ANCHOR,ANCHOR,PASS,ANCHOR,PASS
neg,IZM,2026-09-22,2026-09-21,,,REJECT,M_لا_مستوى_مختبر,ANCHOR,ANCHOR,ANCHOR,ANCHOR,ANCHOR,ANCHOR,ANCHOR,ANCHOR,ANCHOR,ANCHOR,ANCHOR,PASS,ANCHOR,PASS
neg,IZM,2026-09-23,2026-09-22,,,REJECT,M_لا_مستوى_مختبر,ANCHOR,ANCHOR,ANCHOR,ANCHOR,ANCHOR,ANCHOR,ANCHOR,ANCHOR,ANCHOR,ANCHOR,ANCHOR,PASS,ANCHOR,PASS
neg,IZM,2026-09-24,2026-09-23,,,REJECT,M_لا_مستوى_مختبر,ANCHOR,ANCHOR,ANCHOR,ANCHOR,ANCHOR,ANCHOR,ANCHOR,ANCHOR,ANCHOR,ANCHOR,ANCHOR,PASS,ANCHOR,PASS
neg,IZM,2026-09-25,2026-09-24,,,REJECT,M_لا_مستوى_مختبر,ANCHOR,ANCHOR,ANCHOR,ANCHOR,ANCHOR,ANCHOR,ANCHOR,ANCHOR,ANCHOR,ANCHOR,ANCHOR,PASS,ANCHOR,PASS
neg,IZM,2026-09-26,2026-09-25,,,REJECT,M_لا_مستوى_مختبر,ANCHOR,ANCHOR,ANCHOR,ANCHOR,ANCHOR,ANCHOR,ANCHOR,ANCHOR,ANCHOR,ANCHOR,ANCHOR,PASS,ANCHOR,PASS
neg,IZM,2026-09-29,2026-09-28,,,REJECT,M_لا_مستوى_مختبر,ANCHOR,ANCHOR,ANCHOR,ANCHOR,ANCHOR,ANCHOR,ANCHOR,ANCHOR,ANCHOR,ANCHOR,ANCHOR,PASS,ANCHOR,PASS
neg,IZM,2026-09-30,2026-09-29,,,REJECT,M_لا_مستوى_مختبر,ANCHOR,ANCHOR,ANCHOR,ANCHOR,ANCHOR,ANCHOR,ANCHOR,ANCHOR,ANCHOR,ANCHOR,ANCHOR,PASS,ANCHOR,PASS
neg,IZM,2026-10-01,2026-09-30,,,REJECT,M_لا_مستوى_مختبر,ANCHOR,ANCHOR,ANCHOR,ANCHOR,ANCHOR,ANCHOR,ANCHOR,ANCHOR,ANCHOR,ANCHOR,ANCHOR,PASS,ANCHOR,PASS
neg,IZM,2026-10-02,2026-10-01,,,REJECT,M_لا_مستوى_مختبر,ANCHOR,ANCHOR,ANCHOR,ANCHOR,ANCHOR,ANCHOR,ANCHOR,ANCHOR,ANCHOR,ANCHOR,ANCHOR,PASS,ANCHOR,PASS
neg,IZM,2026-10-03,2026-10-02,,,REJECT,M_لا_مستوى_مختبر,ANCHOR,ANCHOR,ANCHOR,ANCHOR,ANCHOR,ANCHOR,ANCHOR,ANCHOR,ANCHOR,ANCHOR,ANCHOR,PASS,ANCHOR,PASS
neg,IZM,2026-10-06,2026-10-05,,,PASS,,,PASS,PASS,PASS,PASS,PASS,PASS,PASS,PASS,PASS,PASS,PASS,PASS,PASS
neg,IZM,2026-10-07,2026-10-06,,,REJECT,M_لا_مستوى_مختبر,ANCHOR,ANCHOR,ANCHOR,ANCHOR,ANCHOR,ANCHOR,ANCHOR,ANCHOR,ANCHOR,ANCHOR,ANCHOR,PASS,ANCHOR,PASS
neg,IZM,2026-10-08,2026-10-07,,,REJECT,M_لا_مستوى_مختبر,ANCHOR,ANCHOR,ANCHOR,ANCHOR,ANCHOR,ANCHOR,ANCHOR,ANCHOR,ANCHOR,ANCHOR,ANCHOR,PASS,ANCHOR,PASS
neg,LEXX,2026-09-11,2026-09-10,,,REJECT,M4_base_واسعة,M4_RANGE,M4_RANGE,M4_RANGE,M4_RANGE,M4_RANGE,ANCHOR,M4_RANGE,M4_RANGE,M4_RANGE,M4_RANGE,M4_RANGE,M4_RANGE,M4_RANGE,PASS
neg,LEXX,2026-09-12,2026-09-11,,,REJECT,M4_base_واسعة,M4_RANGE,M4_RANGE,M4_RANGE,M4_RANGE,M4_RANGE,ANCHOR,M4_RANGE,M4_RANGE,M4_RANGE,M4_RANGE,M4_RANGE,M4_RANGE,M4_RANGE,PASS
neg,LEXX,2026-09-15,2026-09-14,,,REJECT,M4_base_واسعة,M4_RANGE,M4_RANGE,M4_RANGE,M4_RANGE,M4_RANGE,ANCHOR,M4_RANGE,M4_RANGE,M4_RANGE,M4_RANGE,M4_RANGE,M4_RANGE,M4_RANGE,PASS
neg,LEXX,2026-09-16,2026-09-15,,,REJECT,M4_base_واسعة,M4_RANGE,M4_RANGE,M4_RANGE,M4_RANGE,M4_RANGE,ANCHOR,M4_RANGE,M4_RANGE,M4_RANGE,M4_RANGE,M4_RANGE,M4_RANGE,M4_RANGE,PASS
neg,LEXX,2026-09-17,2026-09-16,,,REJECT,M4_base_واسعة,M4_RANGE,M4_RANGE,M4_RANGE,M4_RANGE,M4_RANGE,ANCHOR,M4_RANGE,M4_RANGE,M4_RANGE,M4_RANGE,M4_RANGE,M4_RANGE,M4_RANGE,PASS
neg,LEXX,2026-09-18,2026-09-17,,,REJECT,M4_base_واسعة,M4_RANGE,M4_RANGE,M4_RANGE,M4_RANGE,M4_RANGE,ANCHOR,M4_RANGE,M4_RANGE,M4_RANGE,M4_RANGE,M4_RANGE,M4_RANGE,M4_RANGE,PASS
neg,LEXX,2026-09-19,2026-09-18,,,REJECT,M4_base_واسعة,M4_RANGE,M4_RANGE,M4_RANGE,M4_RANGE,M4_RANGE,ANCHOR,M4_RANGE,M4_RANGE,M4_RANGE,M4_RANGE,M4_RANGE,M4_RANGE,M4_RANGE,PASS
neg,LEXX,2026-09-22,2026-09-21,,,REJECT,M4_base_واسعة,M4_RANGE,M4_RANGE,M4_RANGE,M4_RANGE,M4_RANGE,ANCHOR,M4_RANGE,M4_RANGE,M4_RANGE,M4_RANGE,M4_RANGE,M4_RANGE,M4_RANGE,PASS
neg,LEXX,2026-09-23,2026-09-22,,,REJECT,M4_base_واسعة,M4_RANGE,M4_RANGE,M4_RANGE,M4_RANGE,M4_RANGE,ANCHOR,M4_RANGE,M4_RANGE,M4_RANGE,M4_RANGE,M4_RANGE,M4_RANGE,M4_RANGE,PASS
neg,LEXX,2026-09-24,2026-09-23,,,REJECT,M4_base_واسعة,M4_RANGE,M4_RANGE,M4_RANGE,M4_RANGE,M4_RANGE,ANCHOR,M4_RANGE,M4_RANGE,M4_RANGE,M4_RANGE,M4_RANGE,M4_RANGE,M4_RANGE,PASS
neg,LEXX,2026-09-25,2026-09-24,,,REJECT,M4_base_واسعة,M4_RANGE,M4_RANGE,M4_RANGE,M4_RANGE,M4_RANGE,ANCHOR,M4_RANGE,M4_RANGE,M4_RANGE,M4_RANGE,M4_RANGE,M4_RANGE,M4_RANGE,PASS
neg,LEXX,2026-09-26,2026-09-25,,,REJECT,M4_base_واسعة,M4_RANGE,M4_RANGE,M4_RANGE,M4_RANGE,M4_RANGE,ANCHOR,M4_RANGE,M4_RANGE,M4_RANGE,M4_RANGE,M4_RANGE,M4_RANGE,M4_RANGE,PASS
neg,LEXX,2026-09-29,2026-09-28,,,REJECT,M4_base_واسعة,M4_RANGE,M4_RANGE,M4_RANGE,M4_RANGE,M4_RANGE,ANCHOR,M4_RANGE,M4_RANGE,M4_RANGE,M4_RANGE,M4_RANGE,M4_RANGE,M4_RANGE,PASS
neg,LEXX,2026-09-30,2026-09-29,,,REJECT,M4_base_واسعة,M4_RANGE,M4_RANGE,M4_RANGE,M4_RANGE,M4_RANGE,ANCHOR,M4_RANGE,M4_RANGE,M4_RANGE,M4_RANGE,M4_RANGE,M4_RANGE,M4_RANGE,PASS
neg,LEXX,2026-10-01,2026-09-30,,,REJECT,M4_base_واسعة,M4_RANGE,M4_RANGE,M4_RANGE,M4_RANGE,M4_RANGE,ANCHOR,M4_RANGE,M4_RANGE,M4_RANGE,M4_RANGE,M4_RANGE,M4_RANGE,M4_RANGE,PASS
neg,LEXX,2026-10-02,2026-10-01,,,REJECT,M_لا_مستوى_مختبر,ANCHOR,ANCHOR,ANCHOR,ANCHOR,ANCHOR,ANCHOR,ANCHOR,ANCHOR,ANCHOR,ANCHOR,ANCHOR,PASS,ANCHOR,PASS
neg,LEXX,2026-10-03,2026-10-02,,,PASS,,,PASS,PASS,PASS,PASS,PASS,PASS,PASS,PASS,PASS,PASS,PASS,PASS,PASS
neg,LEXX,2026-10-06,2026-10-05,,,PASS,,,PASS,PASS,PASS,PASS,PASS,PASS,PASS,PASS,PASS,PASS,PASS,PASS,PASS
neg,LEXX,2026-10-07,2026-10-06,,,PASS,,,PASS,PASS,PASS,PASS,PASS,PASS,PASS,PASS,PASS,PASS,PASS,PASS,PASS
neg,LEXX,2026-10-08,2026-10-07,,,PASS,,,PASS,PASS,PASS,PASS,PASS,PASS,PASS,PASS,PASS,PASS,PASS,PASS,PASS
neg,LIMN,2026-09-11,2026-09-10,,,PASS,,,PASS,PASS,PASS,PASS,PASS,PASS,PASS,PASS,PASS,PASS,PASS,PASS,PASS
neg,LIMN,2026-09-12,2026-09-11,,,PASS,,,PASS,PASS,PASS,PASS,PASS,PASS,PASS,PASS,PASS,PASS,PASS,PASS,PASS
neg,LIMN,2026-09-15,2026-09-14,,,REJECT,M_لا_مستوى_مختبر,ANCHOR,ANCHOR,ANCHOR,ANCHOR,ANCHOR,ANCHOR,ANCHOR,ANCHOR,ANCHOR,ANCHOR,ANCHOR,PASS,ANCHOR,PASS
neg,LIMN,2026-09-16,2026-09-15,,,REJECT,M_لا_مستوى_مختبر,ANCHOR,ANCHOR,ANCHOR,ANCHOR,ANCHOR,ANCHOR,ANCHOR,ANCHOR,ANCHOR,ANCHOR,ANCHOR,PASS,ANCHOR,PASS
neg,LIMN,2026-09-17,2026-09-16,,,PASS,,,PASS,PASS,PASS,PASS,PASS,PASS,PASS,PASS,PASS,PASS,PASS,PASS,PASS
neg,LIMN,2026-09-18,2026-09-17,,,PASS,,,PASS,PASS,PASS,PASS,PASS,PASS,PASS,PASS,PASS,PASS,PASS,PASS,PASS
neg,LIMN,2026-09-19,2026-09-18,,,PASS,,,PASS,PASS,PASS,PASS,PASS,PASS,PASS,PASS,PASS,PASS,PASS,PASS,PASS
neg,LIMN,2026-09-22,2026-09-21,,,PASS,,,PASS,PASS,PASS,PASS,PASS,PASS,PASS,PASS,PASS,PASS,PASS,PASS,PASS
neg,LIMN,2026-09-23,2026-09-22,,,PASS,,,PASS,PASS,PASS,PASS,PASS,PASS,PASS,PASS,PASS,PASS,PASS,PASS,PASS
neg,LIMN,2026-09-24,2026-09-23,,,PASS,,,PASS,PASS,PASS,PASS,PASS,PASS,PASS,PASS,PASS,PASS,PASS,PASS,PASS
neg,LIMN,2026-09-25,2026-09-24,,,PASS,,,PASS,PASS,PASS,PASS,PASS,PASS,PASS,PASS,PASS,PASS,PASS,PASS,PASS
neg,LIMN,2026-09-26,2026-09-25,,,PASS,,,PASS,PASS,PASS,PASS,PASS,PASS,PASS,PASS,PASS,PASS,PASS,PASS,PASS
neg,LIMN,2026-09-29,2026-09-28,,,PASS,,,PASS,PASS,PASS,PASS,PASS,PASS,PASS,PASS,PASS,PASS,PASS,PASS,PASS
neg,LIMN,2026-09-30,2026-09-29,,,PASS,,,PASS,PASS,PASS,PASS,PASS,PASS,PASS,PASS,PASS,PASS,PASS,PASS,PASS
neg,LIMN,2026-10-01,2026-09-30,,,PASS,,,PASS,PASS,PASS,PASS,PASS,PASS,PASS,PASS,PASS,PASS,PASS,PASS,PASS
neg,LIMN,2026-10-02,2026-10-01,,,PASS,,,PASS,PASS,PASS,PASS,PASS,PASS,PASS,PASS,PASS,PASS,PASS,PASS,PASS
neg,LIMN,2026-10-03,2026-10-02,,,PASS,,,PASS,PASS,PASS,PASS,PASS,PASS,PASS,PASS,PASS,PASS,PASS,PASS,PASS
neg,LIMN,2026-10-06,2026-10-05,,,PASS,,,PASS,PASS,PASS,PASS,PASS,PASS,PASS,PASS,PASS,PASS,PASS,PASS,PASS
neg,LIMN,2026-10-07,2026-10-06,,,PASS,,,PASS,PASS,PASS,PASS,PASS,PASS,PASS,PASS,PASS,PASS,PASS,PASS,PASS
neg,LIMN,2026-10-08,2026-10-07,,,PASS,,,PASS,PASS,PASS,PASS,PASS,PASS,PASS,PASS,PASS,PASS,PASS,PASS,PASS
neg,LNAI,2026-09-11,2026-09-10,,,REJECT,M_لا_مستوى_مختبر,ANCHOR,ANCHOR,ANCHOR,ANCHOR,ANCHOR,ANCHOR,ANCHOR,ANCHOR,ANCHOR,ANCHOR,ANCHOR,PASS,ANCHOR,PASS
neg,LNAI,2026-09-12,2026-09-11,,,REJECT,M_لا_مستوى_مختبر,ANCHOR,ANCHOR,ANCHOR,ANCHOR,ANCHOR,ANCHOR,ANCHOR,ANCHOR,ANCHOR,ANCHOR,ANCHOR,PASS,ANCHOR,PASS
neg,LNAI,2026-09-15,2026-09-14,,,REJECT,M_لا_مستوى_مختبر,ANCHOR,ANCHOR,ANCHOR,ANCHOR,ANCHOR,ANCHOR,ANCHOR,ANCHOR,ANCHOR,ANCHOR,ANCHOR,PASS,ANCHOR,PASS
neg,LNAI,2026-09-16,2026-09-15,,,PASS,,,PASS,PASS,PASS,PASS,PASS,PASS,PASS,PASS,PASS,PASS,PASS,PASS,PASS
neg,LNAI,2026-09-17,2026-09-16,,,PASS,,,PASS,PASS,PASS,PASS,PASS,PASS,PASS,PASS,PASS,PASS,PASS,PASS,PASS
neg,LNAI,2026-09-18,2026-09-17,,,PASS,,,PASS,PASS,PASS,PASS,PASS,PASS,PASS,PASS,PASS,PASS,PASS,PASS,PASS
neg,LNAI,2026-09-19,2026-09-18,,,PASS,,,PASS,PASS,PASS,PASS,PASS,PASS,PASS,PASS,PASS,PASS,PASS,PASS,PASS
neg,LNAI,2026-09-22,2026-09-21,,,PASS,,,PASS,PASS,PASS,PASS,PASS,PASS,PASS,PASS,PASS,PASS,PASS,PASS,PASS
neg,LNAI,2026-09-23,2026-09-22,,,PASS,,,PASS,PASS,PASS,PASS,PASS,PASS,PASS,PASS,PASS,PASS,PASS,PASS,PASS
neg,LNAI,2026-09-24,2026-09-23,,,PASS,,,PASS,PASS,PASS,PASS,PASS,PASS,PASS,PASS,PASS,PASS,PASS,PASS,PASS
neg,LNAI,2026-09-25,2026-09-24,,,REJECT,M_لا_مستوى_مختبر,ANCHOR,ANCHOR,ANCHOR,ANCHOR,ANCHOR,ANCHOR,ANCHOR,ANCHOR,ANCHOR,ANCHOR,ANCHOR,PASS,ANCHOR,PASS
neg,LNAI,2026-09-26,2026-09-25,,,REJECT,M_لا_مستوى_مختبر,ANCHOR,ANCHOR,ANCHOR,ANCHOR,ANCHOR,ANCHOR,ANCHOR,ANCHOR,ANCHOR,ANCHOR,ANCHOR,PASS,ANCHOR,PASS
neg,LNAI,2026-09-29,2026-09-28,,,REJECT,M_لا_مستوى_مختبر,ANCHOR,ANCHOR,ANCHOR,ANCHOR,ANCHOR,ANCHOR,ANCHOR,ANCHOR,ANCHOR,ANCHOR,ANCHOR,PASS,ANCHOR,PASS
neg,LNAI,2026-09-30,2026-09-29,,,REJECT,M_لا_مستوى_مختبر,ANCHOR,ANCHOR,ANCHOR,ANCHOR,ANCHOR,ANCHOR,ANCHOR,ANCHOR,ANCHOR,ANCHOR,ANCHOR,PASS,ANCHOR,PASS
neg,LNAI,2026-10-01,2026-09-30,,,REJECT,M_لا_مستوى_مختبر,ANCHOR,ANCHOR,ANCHOR,ANCHOR,ANCHOR,ANCHOR,ANCHOR,ANCHOR,ANCHOR,ANCHOR,ANCHOR,PASS,ANCHOR,PASS
neg,LNAI,2026-10-02,2026-10-01,,,REJECT,M_لا_مستوى_مختبر,ANCHOR,ANCHOR,ANCHOR,ANCHOR,ANCHOR,ANCHOR,ANCHOR,ANCHOR,ANCHOR,ANCHOR,ANCHOR,PASS,ANCHOR,PASS
neg,LNAI,2026-10-03,2026-10-02,,,REJECT,M_لا_مستوى_مختبر,ANCHOR,ANCHOR,ANCHOR,ANCHOR,ANCHOR,ANCHOR,ANCHOR,ANCHOR,ANCHOR,ANCHOR,ANCHOR,PASS,ANCHOR,PASS
neg,LNAI,2026-10-06,2026-10-05,,,REJECT,M4_base_واسعة,M4_RANGE,M4_RANGE,M4_RANGE,M4_RANGE,M4_RANGE,ANCHOR,M4_RANGE,M4_RANGE,M4_RANGE,M4_RANGE,M4_RANGE,M4_RANGE,M4_RANGE,PASS
neg,LNAI,2026-10-07,2026-10-06,,,REJECT,M4_base_واسعة,M4_RANGE,M4_RANGE,M4_RANGE,M4_RANGE,M4_RANGE,ANCHOR,M4_RANGE,M4_RANGE,M4_RANGE,M4_RANGE,M4_RANGE,M4_RANGE,M4_RANGE,PASS
neg,LNAI,2026-10-08,2026-10-07,,,REJECT,M4_base_واسعة,M4_RANGE,M4_RANGE,M4_RANGE,M4_RANGE,M4_RANGE,ANCHOR,M4_RANGE,M4_RANGE,M4_RANGE,M4_RANGE,M4_RANGE,M4_RANGE,M4_RANGE,PASS
neg,LRHC,2026-09-11,2026-09-10,,,REJECT,M2_هبوط_فوق_97,M2_CEIL,M2_CEIL,PASS,M2_CEIL,M2_CEIL,M2_CEIL,M2_CEIL,M2_CEIL,M2_CEIL,M2_CEIL,M2_CEIL,M2_CEIL,M2_CEIL,PASS
neg,LRHC,2026-09-12,2026-09-11,,,REJECT,M2_هبوط_فوق_97,M2_CEIL,M2_CEIL,PASS,M2_CEIL,M2_CEIL,M2_CEIL,M2_CEIL,M2_CEIL,M2_CEIL,M2_CEIL,M2_CEIL,M2_CEIL,M2_CEIL,PASS
neg,LRHC,2026-09-15,2026-09-14,,,REJECT,M2_هبوط_فوق_97,M2_CEIL,M2_CEIL,PASS,M2_CEIL,M2_CEIL,M2_CEIL,M2_CEIL,M2_CEIL,M2_CEIL,M2_CEIL,M2_CEIL,M2_CEIL,M2_CEIL,PASS
neg,LRHC,2026-09-16,2026-09-15,,,PASS,,,PASS,PASS,PASS,PASS,PASS,PASS,PASS,PASS,PASS,PASS,PASS,PASS,PASS
neg,LRHC,2026-09-17,2026-09-16,,,REJECT,M2_هبوط_فوق_97,M2_CEIL,M2_CEIL,PASS,M2_CEIL,M2_CEIL,M2_CEIL,M2_CEIL,M2_CEIL,M2_CEIL,M2_CEIL,M2_CEIL,M2_CEIL,M2_CEIL,PASS
neg,LRHC,2026-09-18,2026-09-17,,,PASS,,,PASS,PASS,PASS,PASS,PASS,PASS,PASS,PASS,PASS,PASS,PASS,PASS,PASS
neg,LRHC,2026-09-19,2026-09-18,,,PASS,,,PASS,PASS,PASS,PASS,PASS,PASS,PASS,PASS,PASS,PASS,PASS,PASS,PASS
neg,LRHC,2026-09-22,2026-09-21,,,REJECT,M_لا_مستوى_مختبر,ANCHOR,ANCHOR,ANCHOR,ANCHOR,ANCHOR,ANCHOR,ANCHOR,ANCHOR,ANCHOR,ANCHOR,ANCHOR,PASS,ANCHOR,PASS
neg,LRHC,2026-09-23,2026-09-22,,,REJECT,M_لا_مستوى_مختبر,ANCHOR,ANCHOR,ANCHOR,ANCHOR,ANCHOR,ANCHOR,ANCHOR,ANCHOR,ANCHOR,ANCHOR,ANCHOR,PASS,ANCHOR,PASS
neg,LRHC,2026-09-24,2026-09-23,,,REJECT,M_لا_مستوى_مختبر,ANCHOR,ANCHOR,ANCHOR,ANCHOR,ANCHOR,ANCHOR,ANCHOR,ANCHOR,ANCHOR,ANCHOR,ANCHOR,PASS,ANCHOR,PASS
neg,LRHC,2026-09-25,2026-09-24,,,REJECT,M_لا_مستوى_مختبر,ANCHOR,ANCHOR,ANCHOR,ANCHOR,ANCHOR,ANCHOR,ANCHOR,ANCHOR,ANCHOR,ANCHOR,ANCHOR,PASS,ANCHOR,PASS
neg,LRHC,2026-09-26,2026-09-25,,,REJECT,M_لا_مستوى_مختبر,ANCHOR,ANCHOR,ANCHOR,ANCHOR,ANCHOR,ANCHOR,ANCHOR,ANCHOR,ANCHOR,ANCHOR,ANCHOR,PASS,ANCHOR,PASS
neg,LRHC,2026-09-29,2026-09-28,,,REJECT,M_لا_مستوى_مختبر,ANCHOR,ANCHOR,ANCHOR,ANCHOR,ANCHOR,ANCHOR,ANCHOR,ANCHOR,ANCHOR,ANCHOR,ANCHOR,PASS,ANCHOR,PASS
neg,LRHC,2026-09-30,2026-09-29,,,REJECT,M_لا_مستوى_مختبر,ANCHOR,ANCHOR,ANCHOR,ANCHOR,ANCHOR,ANCHOR,ANCHOR,ANCHOR,ANCHOR,ANCHOR,ANCHOR,PASS,ANCHOR,PASS
neg,LRHC,2026-10-01,2026-09-30,,,REJECT,M_لا_مستوى_مختبر,ANCHOR,ANCHOR,ANCHOR,ANCHOR,ANCHOR,ANCHOR,ANCHOR,ANCHOR,ANCHOR,ANCHOR,ANCHOR,PASS,ANCHOR,PASS
neg,LRHC,2026-10-02,2026-10-01,,,REJECT,M2_هبوط_فوق_97,M2_CEIL,M2_CEIL,ANCHOR,M2_CEIL,M2_CEIL,M2_CEIL,M2_CEIL,M2_CEIL,M2_CEIL,M2_CEIL,M2_CEIL,M2_CEIL,M2_CEIL,PASS
neg,LRHC,2026-10-03,2026-10-02,,,REJECT,M2_هبوط_فوق_97,M2_CEIL,M2_CEIL,ANCHOR,M2_CEIL,M2_CEIL,M2_CEIL,M2_CEIL,M2_CEIL,M2_CEIL,M2_CEIL,M2_CEIL,M2_CEIL,M2_CEIL,PASS
neg,LRHC,2026-10-06,2026-10-05,,,REJECT,M2_هبوط_فوق_97,M2_CEIL,M2_CEIL,ANCHOR,M2_CEIL,M2_CEIL,M2_CEIL,M2_CEIL,M2_CEIL,M2_CEIL,M2_CEIL,M2_CEIL,M2_CEIL,M2_CEIL,PASS
neg,LRHC,2026-10-07,2026-10-06,,,REJECT,M2_هبوط_فوق_97,M2_CEIL,M2_CEIL,ANCHOR,M2_CEIL,M2_CEIL,M2_CEIL,M2_CEIL,M2_CEIL,M2_CEIL,M2_CEIL,M2_CEIL,M2_CEIL,M2_CEIL,PASS
neg,LRHC,2026-10-08,2026-10-07,,,REJECT,M2_هبوط_فوق_97,M2_CEIL,M2_CEIL,PASS,M2_CEIL,M2_CEIL,M2_CEIL,M2_CEIL,M2_CEIL,M2_CEIL,M2_CEIL,M2_CEIL,M2_CEIL,M2_CEIL,PASS
neg,MF,2026-09-11,2026-09-10,,,REJECT,M_لا_مستوى_مختبر,ANCHOR,ANCHOR,ANCHOR,ANCHOR,ANCHOR,ANCHOR,ANCHOR,ANCHOR,ANCHOR,ANCHOR,ANCHOR,PASS,ANCHOR,PASS
neg,MF,2026-09-12,2026-09-11,,,REJECT,M_لا_مستوى_مختبر,ANCHOR,ANCHOR,ANCHOR,ANCHOR,ANCHOR,ANCHOR,ANCHOR,ANCHOR,ANCHOR,ANCHOR,ANCHOR,PASS,ANCHOR,PASS
neg,MF,2026-09-15,2026-09-14,,,REJECT,M_لا_مستوى_مختبر,ANCHOR,ANCHOR,ANCHOR,ANCHOR,ANCHOR,ANCHOR,ANCHOR,ANCHOR,ANCHOR,ANCHOR,ANCHOR,PASS,ANCHOR,PASS
neg,MF,2026-09-16,2026-09-15,,,REJECT,M_لا_مستوى_مختبر,ANCHOR,ANCHOR,ANCHOR,ANCHOR,ANCHOR,ANCHOR,ANCHOR,ANCHOR,ANCHOR,ANCHOR,ANCHOR,PASS,ANCHOR,PASS
neg,MF,2026-09-17,2026-09-16,,,PASS,,,PASS,PASS,PASS,PASS,PASS,PASS,PASS,PASS,PASS,PASS,PASS,PASS,PASS
neg,MF,2026-09-18,2026-09-17,,,REJECT,M_لا_مستوى_مختبر,ANCHOR,ANCHOR,ANCHOR,ANCHOR,ANCHOR,ANCHOR,ANCHOR,ANCHOR,ANCHOR,ANCHOR,ANCHOR,PASS,ANCHOR,PASS
neg,MF,2026-09-19,2026-09-18,,,REJECT,M_لا_مستوى_مختبر,ANCHOR,ANCHOR,ANCHOR,ANCHOR,ANCHOR,ANCHOR,ANCHOR,ANCHOR,ANCHOR,ANCHOR,ANCHOR,PASS,ANCHOR,PASS
neg,MF,2026-09-22,2026-09-21,,,REJECT,M_لا_مستوى_مختبر,ANCHOR,ANCHOR,ANCHOR,ANCHOR,ANCHOR,ANCHOR,ANCHOR,ANCHOR,ANCHOR,ANCHOR,ANCHOR,PASS,ANCHOR,PASS
neg,MF,2026-09-23,2026-09-22,,,REJECT,M_لا_مستوى_مختبر,ANCHOR,ANCHOR,ANCHOR,ANCHOR,ANCHOR,ANCHOR,ANCHOR,ANCHOR,ANCHOR,ANCHOR,ANCHOR,PASS,ANCHOR,PASS
neg,MF,2026-09-24,2026-09-23,,,REJECT,M_لا_مستوى_مختبر,ANCHOR,ANCHOR,ANCHOR,ANCHOR,ANCHOR,ANCHOR,ANCHOR,ANCHOR,ANCHOR,ANCHOR,ANCHOR,PASS,ANCHOR,PASS
neg,MF,2026-09-25,2026-09-24,,,REJECT,M_لا_مستوى_مختبر,ANCHOR,ANCHOR,ANCHOR,ANCHOR,ANCHOR,ANCHOR,ANCHOR,ANCHOR,ANCHOR,ANCHOR,ANCHOR,PASS,ANCHOR,PASS
neg,MF,2026-09-26,2026-09-25,,,REJECT,M_لا_مستوى_مختبر,ANCHOR,ANCHOR,ANCHOR,ANCHOR,ANCHOR,ANCHOR,ANCHOR,ANCHOR,ANCHOR,ANCHOR,ANCHOR,PASS,ANCHOR,PASS
neg,MF,2026-09-29,2026-09-28,,,REJECT,M_لا_مستوى_مختبر,ANCHOR,ANCHOR,ANCHOR,ANCHOR,ANCHOR,ANCHOR,ANCHOR,ANCHOR,ANCHOR,ANCHOR,ANCHOR,PASS,ANCHOR,PASS
neg,MF,2026-09-30,2026-09-29,,,REJECT,M_لا_مستوى_مختبر,ANCHOR,ANCHOR,ANCHOR,ANCHOR,ANCHOR,ANCHOR,ANCHOR,ANCHOR,ANCHOR,ANCHOR,ANCHOR,PASS,ANCHOR,PASS
neg,MF,2026-10-01,2026-09-30,,,REJECT,M_لا_مستوى_مختبر,ANCHOR,ANCHOR,ANCHOR,ANCHOR,ANCHOR,ANCHOR,ANCHOR,ANCHOR,ANCHOR,ANCHOR,ANCHOR,PASS,ANCHOR,PASS
neg,MF,2026-10-02,2026-10-01,,,REJECT,M_لا_مستوى_مختبر,ANCHOR,ANCHOR,ANCHOR,ANCHOR,ANCHOR,ANCHOR,ANCHOR,ANCHOR,ANCHOR,ANCHOR,ANCHOR,PASS,ANCHOR,PASS
neg,MF,2026-10-03,2026-10-02,,,REJECT,M_لا_مستوى_مختبر,ANCHOR,ANCHOR,ANCHOR,ANCHOR,ANCHOR,ANCHOR,ANCHOR,ANCHOR,ANCHOR,ANCHOR,ANCHOR,PASS,ANCHOR,PASS
neg,MF,2026-10-06,2026-10-05,,,REJECT,M_لا_مستوى_مختبر,ANCHOR,ANCHOR,ANCHOR,ANCHOR,ANCHOR,ANCHOR,ANCHOR,ANCHOR,ANCHOR,ANCHOR,ANCHOR,PASS,ANCHOR,PASS
neg,MF,2026-10-07,2026-10-06,,,REJECT,M_لا_مستوى_مختبر,ANCHOR,ANCHOR,ANCHOR,ANCHOR,ANCHOR,ANCHOR,ANCHOR,ANCHOR,ANCHOR,ANCHOR,ANCHOR,PASS,ANCHOR,PASS
neg,MF,2026-10-08,2026-10-07,,,REJECT,M_لا_مستوى_مختبر,ANCHOR,ANCHOR,ANCHOR,ANCHOR,ANCHOR,ANCHOR,ANCHOR,ANCHOR,ANCHOR,ANCHOR,ANCHOR,PASS,ANCHOR,PASS
neg,MGN,2026-09-11,2026-09-10,,,REJECT,M4_base_واسعة,M4_RANGE,M4_RANGE,M4_RANGE,M4_RANGE,M4_RANGE,ANCHOR,M4_RANGE,M4_RANGE,M4_RANGE,M4_RANGE,M4_RANGE,M4_RANGE,M4_RANGE,PASS
neg,MGN,2026-09-12,2026-09-11,,,REJECT,M4_base_واسعة,M4_RANGE,M4_RANGE,M4_RANGE,M4_RANGE,M4_RANGE,ANCHOR,M4_RANGE,M4_RANGE,M4_RANGE,M4_RANGE,M4_RANGE,M4_RANGE,M4_RANGE,PASS
neg,MGN,2026-09-15,2026-09-14,,,REJECT,M4_base_واسعة,M4_RANGE,M4_RANGE,M4_RANGE,M4_RANGE,M4_RANGE,ANCHOR,M4_RANGE,M4_RANGE,M4_RANGE,M4_RANGE,M4_RANGE,M4_RANGE,M4_RANGE,PASS
neg,MGN,2026-09-16,2026-09-15,,,REJECT,M4_base_واسعة,M4_RANGE,M4_RANGE,M4_RANGE,M4_RANGE,M4_RANGE,ANCHOR,M4_RANGE,M4_RANGE,M4_RANGE,M4_RANGE,M4_RANGE,M4_RANGE,M4_RANGE,PASS
neg,MGN,2026-09-17,2026-09-16,,,REJECT,M4_base_واسعة,M4_RANGE,M4_RANGE,M4_RANGE,M4_RANGE,M4_RANGE,ANCHOR,M4_RANGE,M4_RANGE,M4_RANGE,M4_RANGE,M4_RANGE,M4_RANGE,M4_RANGE,PASS
neg,MGN,2026-09-18,2026-09-17,,,REJECT,M4_base_واسعة,M4_RANGE,M4_RANGE,M4_RANGE,M4_RANGE,M4_RANGE,ANCHOR,M4_RANGE,M4_RANGE,M4_RANGE,M4_RANGE,M4_RANGE,M4_RANGE,M4_RANGE,PASS
neg,MGN,2026-09-19,2026-09-18,,,REJECT,M4_base_واسعة,M4_RANGE,M4_RANGE,M4_RANGE,M4_RANGE,M4_RANGE,ANCHOR,M4_RANGE,M4_RANGE,M4_RANGE,M4_RANGE,M4_RANGE,M4_RANGE,M4_RANGE,PASS
neg,MGN,2026-09-22,2026-09-21,,,REJECT,M4_base_واسعة,M4_RANGE,M4_RANGE,M4_RANGE,M4_RANGE,M4_RANGE,ANCHOR,M4_RANGE,M4_RANGE,M4_RANGE,M4_RANGE,M4_RANGE,M4_RANGE,M4_RANGE,PASS
neg,MGN,2026-09-23,2026-09-22,,,REJECT,M4_base_واسعة,M4_RANGE,M4_RANGE,M4_RANGE,M4_RANGE,M4_RANGE,ANCHOR,M4_RANGE,M4_RANGE,M4_RANGE,M4_RANGE,M4_RANGE,M4_RANGE,M4_RANGE,PASS
neg,MGN,2026-09-24,2026-09-23,,,REJECT,M4_base_واسعة,M4_RANGE,M4_RANGE,M4_RANGE,M4_RANGE,M4_RANGE,ANCHOR,M4_RANGE,M4_RANGE,M4_RANGE,M4_RANGE,M4_RANGE,M4_RANGE,M4_RANGE,PASS
neg,MGN,2026-09-25,2026-09-24,,,REJECT,M4_base_واسعة,M4_RANGE,M4_RANGE,M4_RANGE,M4_RANGE,M4_RANGE,ANCHOR,M4_RANGE,M4_RANGE,M4_RANGE,M4_RANGE,M4_RANGE,M4_RANGE,M4_RANGE,PASS
neg,MGN,2026-09-26,2026-09-25,,,REJECT,M4_base_واسعة,M4_RANGE,M4_RANGE,M4_RANGE,M4_RANGE,M4_RANGE,ANCHOR,M4_RANGE,M4_RANGE,M4_RANGE,M4_RANGE,M4_RANGE,M4_RANGE,M4_RANGE,PASS
neg,MGN,2026-09-29,2026-09-28,,,REJECT,M4_base_واسعة,M4_RANGE,M4_RANGE,M4_RANGE,M4_RANGE,M4_RANGE,ANCHOR,M4_RANGE,M4_RANGE,M4_RANGE,M4_RANGE,M4_RANGE,M4_RANGE,M4_RANGE,PASS
neg,MGN,2026-09-30,2026-09-29,,,REJECT,M4_base_واسعة,M4_RANGE,M4_RANGE,M4_RANGE,M4_RANGE,M4_RANGE,ANCHOR,M4_RANGE,M4_RANGE,M4_RANGE,M4_RANGE,M4_RANGE,M4_RANGE,M4_RANGE,PASS
neg,MGN,2026-10-01,2026-09-30,,,REJECT,M_لا_مستوى_مختبر,ANCHOR,ANCHOR,ANCHOR,ANCHOR,ANCHOR,ANCHOR,ANCHOR,ANCHOR,ANCHOR,ANCHOR,ANCHOR,PASS,ANCHOR,PASS
neg,MGN,2026-10-02,2026-10-01,,,REJECT,M_لا_مستوى_مختبر,ANCHOR,ANCHOR,ANCHOR,ANCHOR,ANCHOR,ANCHOR,ANCHOR,ANCHOR,ANCHOR,ANCHOR,ANCHOR,PASS,ANCHOR,PASS
neg,MGN,2026-10-03,2026-10-02,,,REJECT,M_لا_مستوى_مختبر,ANCHOR,ANCHOR,ANCHOR,ANCHOR,ANCHOR,ANCHOR,ANCHOR,ANCHOR,ANCHOR,ANCHOR,ANCHOR,PASS,ANCHOR,PASS
neg,MGN,2026-10-06,2026-10-05,,,REJECT,M_لا_مستوى_مختبر,ANCHOR,ANCHOR,ANCHOR,ANCHOR,ANCHOR,ANCHOR,ANCHOR,ANCHOR,ANCHOR,ANCHOR,ANCHOR,PASS,ANCHOR,PASS
neg,MGN,2026-10-07,2026-10-06,,,REJECT,M_لا_مستوى_مختبر,ANCHOR,ANCHOR,ANCHOR,ANCHOR,ANCHOR,ANCHOR,ANCHOR,ANCHOR,ANCHOR,ANCHOR,ANCHOR,PASS,ANCHOR,PASS
neg,MGN,2026-10-08,2026-10-07,,,PASS,,,PASS,PASS,PASS,PASS,PASS,PASS,PASS,PASS,PASS,PASS,PASS,PASS,PASS
neg,MNDR,2026-09-11,2026-09-10,,,REJECT,M_لا_مستوى_مختبر,ANCHOR,ANCHOR,ANCHOR,ANCHOR,ANCHOR,ANCHOR,ANCHOR,ANCHOR,ANCHOR,ANCHOR,ANCHOR,PASS,ANCHOR,PASS
neg,MNDR,2026-09-12,2026-09-11,,,REJECT,M_لا_مستوى_مختبر,ANCHOR,ANCHOR,ANCHOR,ANCHOR,ANCHOR,ANCHOR,ANCHOR,ANCHOR,ANCHOR,ANCHOR,ANCHOR,PASS,ANCHOR,PASS
neg,MNDR,2026-09-15,2026-09-14,,,REJECT,M_لا_مستوى_مختبر,ANCHOR,ANCHOR,ANCHOR,ANCHOR,ANCHOR,ANCHOR,ANCHOR,ANCHOR,ANCHOR,ANCHOR,ANCHOR,PASS,ANCHOR,PASS
neg,MNDR,2026-09-16,2026-09-15,,,REJECT,M_لا_مستوى_مختبر,ANCHOR,ANCHOR,ANCHOR,ANCHOR,ANCHOR,ANCHOR,ANCHOR,ANCHOR,ANCHOR,ANCHOR,ANCHOR,PASS,ANCHOR,PASS
neg,MNDR,2026-09-17,2026-09-16,,,PASS,,,PASS,PASS,PASS,PASS,PASS,PASS,PASS,PASS,PASS,PASS,PASS,PASS,PASS
neg,MNDR,2026-09-18,2026-09-17,,,PASS,,,PASS,PASS,PASS,PASS,PASS,PASS,PASS,PASS,PASS,PASS,PASS,PASS,PASS
neg,MNDR,2026-09-19,2026-09-18,,,REJECT,M_لا_مستوى_مختبر,ANCHOR,ANCHOR,ANCHOR,ANCHOR,ANCHOR,ANCHOR,ANCHOR,ANCHOR,ANCHOR,ANCHOR,ANCHOR,PASS,ANCHOR,PASS
neg,MNDR,2026-09-22,2026-09-21,,,REJECT,M_لا_مستوى_مختبر,ANCHOR,ANCHOR,ANCHOR,ANCHOR,ANCHOR,ANCHOR,ANCHOR,ANCHOR,ANCHOR,ANCHOR,ANCHOR,PASS,ANCHOR,PASS
neg,MNDR,2026-09-23,2026-09-22,,,REJECT,M_لا_مستوى_مختبر,ANCHOR,ANCHOR,ANCHOR,ANCHOR,ANCHOR,ANCHOR,ANCHOR,ANCHOR,ANCHOR,ANCHOR,ANCHOR,PASS,ANCHOR,PASS
neg,MNDR,2026-09-24,2026-09-23,,,REJECT,M_لا_مستوى_مختبر,ANCHOR,ANCHOR,ANCHOR,ANCHOR,ANCHOR,ANCHOR,ANCHOR,ANCHOR,ANCHOR,ANCHOR,ANCHOR,PASS,ANCHOR,PASS
neg,MNDR,2026-09-25,2026-09-24,,,PASS,,,PASS,PASS,PASS,PASS,PASS,PASS,PASS,PASS,PASS,PASS,PASS,PASS,PASS
neg,MNDR,2026-09-26,2026-09-25,,,PASS,,,PASS,PASS,PASS,PASS,PASS,PASS,PASS,PASS,PASS,PASS,PASS,PASS,PASS
neg,MNDR,2026-09-29,2026-09-28,,,PASS,,,PASS,PASS,PASS,PASS,PASS,PASS,PASS,PASS,PASS,PASS,PASS,PASS,PASS
neg,MNDR,2026-09-30,2026-09-29,,,REJECT,M_لا_مستوى_مختبر,ANCHOR,ANCHOR,ANCHOR,ANCHOR,ANCHOR,ANCHOR,ANCHOR,ANCHOR,ANCHOR,ANCHOR,ANCHOR,PASS,ANCHOR,PASS
neg,MNDR,2026-10-01,2026-09-30,,,REJECT,M_لا_مستوى_مختبر,ANCHOR,ANCHOR,ANCHOR,ANCHOR,ANCHOR,ANCHOR,ANCHOR,ANCHOR,ANCHOR,ANCHOR,ANCHOR,PASS,ANCHOR,PASS
neg,MNDR,2026-10-02,2026-10-01,,,REJECT,M_لا_مستوى_مختبر,ANCHOR,ANCHOR,ANCHOR,ANCHOR,ANCHOR,ANCHOR,ANCHOR,ANCHOR,ANCHOR,ANCHOR,ANCHOR,PASS,ANCHOR,PASS
neg,MNDR,2026-10-03,2026-10-02,,,REJECT,M_لا_مستوى_مختبر,ANCHOR,ANCHOR,ANCHOR,ANCHOR,ANCHOR,ANCHOR,ANCHOR,ANCHOR,ANCHOR,ANCHOR,ANCHOR,PASS,ANCHOR,PASS
neg,MNDR,2026-10-06,2026-10-05,,,REJECT,M_لا_مستوى_مختبر,ANCHOR,ANCHOR,ANCHOR,ANCHOR,ANCHOR,ANCHOR,ANCHOR,ANCHOR,ANCHOR,ANCHOR,ANCHOR,PASS,ANCHOR,PASS
neg,MNDR,2026-10-07,2026-10-06,,,REJECT,M_لا_مستوى_مختبر,ANCHOR,ANCHOR,ANCHOR,ANCHOR,ANCHOR,ANCHOR,ANCHOR,ANCHOR,ANCHOR,ANCHOR,ANCHOR,PASS,ANCHOR,PASS
neg,MNDR,2026-10-08,2026-10-07,,,REJECT,M_لا_مستوى_مختبر,ANCHOR,ANCHOR,ANCHOR,ANCHOR,ANCHOR,ANCHOR,ANCHOR,ANCHOR,ANCHOR,ANCHOR,ANCHOR,PASS,ANCHOR,PASS
neg,NIKI,2026-09-11,2026-09-10,,,REJECT,M_لا_مستوى_مختبر,ANCHOR,ANCHOR,ANCHOR,ANCHOR,ANCHOR,ANCHOR,ANCHOR,ANCHOR,ANCHOR,ANCHOR,ANCHOR,PASS,ANCHOR,PASS
neg,NIKI,2026-09-12,2026-09-11,,,REJECT,M_لا_مستوى_مختبر,ANCHOR,ANCHOR,ANCHOR,ANCHOR,ANCHOR,ANCHOR,ANCHOR,ANCHOR,ANCHOR,ANCHOR,ANCHOR,PASS,ANCHOR,PASS
neg,NIKI,2026-09-15,2026-09-14,,,REJECT,M_لا_مستوى_مختبر,ANCHOR,ANCHOR,ANCHOR,ANCHOR,ANCHOR,ANCHOR,ANCHOR,ANCHOR,ANCHOR,ANCHOR,ANCHOR,PASS,ANCHOR,PASS
neg,NIKI,2026-09-16,2026-09-15,,,REJECT,M_لا_مستوى_مختبر,ANCHOR,ANCHOR,ANCHOR,ANCHOR,ANCHOR,ANCHOR,ANCHOR,ANCHOR,ANCHOR,ANCHOR,ANCHOR,PASS,ANCHOR,PASS
neg,NIKI,2026-09-17,2026-09-16,,,REJECT,M_لا_مستوى_مختبر,ANCHOR,ANCHOR,ANCHOR,ANCHOR,ANCHOR,ANCHOR,ANCHOR,ANCHOR,ANCHOR,ANCHOR,ANCHOR,PASS,ANCHOR,PASS
neg,NIKI,2026-09-18,2026-09-17,,,REJECT,M_لا_مستوى_مختبر,ANCHOR,ANCHOR,ANCHOR,ANCHOR,ANCHOR,ANCHOR,ANCHOR,ANCHOR,ANCHOR,ANCHOR,ANCHOR,PASS,ANCHOR,PASS
neg,NIKI,2026-09-19,2026-09-18,,,PASS,,,PASS,PASS,PASS,PASS,PASS,PASS,PASS,PASS,PASS,PASS,PASS,PASS,PASS
neg,NIKI,2026-09-22,2026-09-21,,,PASS,,,PASS,PASS,PASS,PASS,PASS,PASS,PASS,PASS,PASS,PASS,PASS,PASS,PASS
neg,NIKI,2026-09-23,2026-09-22,,,PASS,,,PASS,PASS,PASS,PASS,PASS,PASS,PASS,PASS,PASS,PASS,PASS,PASS,PASS
neg,NIKI,2026-09-24,2026-09-23,,,PASS,,,PASS,PASS,PASS,PASS,PASS,PASS,PASS,PASS,PASS,PASS,PASS,PASS,PASS
neg,NIKI,2026-09-25,2026-09-24,,,REJECT,M_لا_مستوى_مختبر,ANCHOR,ANCHOR,ANCHOR,ANCHOR,ANCHOR,ANCHOR,ANCHOR,ANCHOR,ANCHOR,ANCHOR,ANCHOR,PASS,ANCHOR,PASS
neg,NIKI,2026-09-26,2026-09-25,,,REJECT,M_لا_مستوى_مختبر,ANCHOR,ANCHOR,ANCHOR,ANCHOR,ANCHOR,ANCHOR,ANCHOR,ANCHOR,ANCHOR,ANCHOR,ANCHOR,PASS,ANCHOR,PASS
neg,NIKI,2026-09-29,2026-09-28,,,PASS,,,PASS,PASS,PASS,PASS,PASS,PASS,PASS,PASS,PASS,PASS,PASS,PASS,PASS
neg,NIKI,2026-09-30,2026-09-29,,,PASS,,,PASS,PASS,PASS,PASS,PASS,PASS,PASS,PASS,PASS,PASS,PASS,PASS,PASS
neg,NIKI,2026-10-01,2026-09-30,,,PASS,,,PASS,PASS,PASS,PASS,PASS,PASS,PASS,PASS,PASS,PASS,PASS,PASS,PASS
neg,NIKI,2026-10-02,2026-10-01,,,PASS,,,PASS,PASS,PASS,PASS,PASS,PASS,PASS,PASS,PASS,PASS,PASS,PASS,PASS
neg,NIKI,2026-10-03,2026-10-02,,,PASS,,,PASS,PASS,PASS,PASS,PASS,PASS,PASS,PASS,PASS,PASS,PASS,PASS,PASS
neg,NIKI,2026-10-06,2026-10-05,,,PASS,,,PASS,PASS,PASS,PASS,PASS,PASS,PASS,PASS,PASS,PASS,PASS,PASS,PASS
neg,NIKI,2026-10-07,2026-10-06,,,PASS,,,PASS,PASS,PASS,PASS,PASS,PASS,PASS,PASS,PASS,PASS,PASS,PASS,PASS
neg,NIKI,2026-10-08,2026-10-07,,,PASS,,,PASS,PASS,PASS,PASS,PASS,PASS,PASS,PASS,PASS,PASS,PASS,PASS,PASS
neg,NRSN,2026-09-11,2026-09-10,,,REJECT,M_لا_مستوى_مختبر,ANCHOR,ANCHOR,ANCHOR,ANCHOR,ANCHOR,ANCHOR,ANCHOR,ANCHOR,ANCHOR,ANCHOR,ANCHOR,PASS,ANCHOR,PASS
neg,NRSN,2026-09-12,2026-09-11,,,REJECT,M_لا_مستوى_مختبر,ANCHOR,ANCHOR,ANCHOR,ANCHOR,ANCHOR,ANCHOR,ANCHOR,ANCHOR,ANCHOR,ANCHOR,ANCHOR,PASS,ANCHOR,PASS
neg,NRSN,2026-09-15,2026-09-14,,,REJECT,M_لا_مستوى_مختبر,ANCHOR,ANCHOR,ANCHOR,ANCHOR,ANCHOR,ANCHOR,ANCHOR,ANCHOR,ANCHOR,ANCHOR,ANCHOR,PASS,ANCHOR,PASS
neg,NRSN,2026-09-16,2026-09-15,,,REJECT,M_لا_مستوى_مختبر,ANCHOR,ANCHOR,ANCHOR,ANCHOR,ANCHOR,ANCHOR,ANCHOR,ANCHOR,ANCHOR,ANCHOR,ANCHOR,PASS,ANCHOR,PASS
neg,NRSN,2026-09-17,2026-09-16,,,REJECT,M_لا_مستوى_مختبر,ANCHOR,ANCHOR,ANCHOR,ANCHOR,ANCHOR,ANCHOR,ANCHOR,ANCHOR,ANCHOR,ANCHOR,ANCHOR,PASS,ANCHOR,PASS
neg,NRSN,2026-09-18,2026-09-17,,,REJECT,M_لا_مستوى_مختبر,ANCHOR,ANCHOR,ANCHOR,ANCHOR,ANCHOR,ANCHOR,ANCHOR,ANCHOR,ANCHOR,ANCHOR,ANCHOR,PASS,ANCHOR,PASS
neg,NRSN,2026-09-19,2026-09-18,,,REJECT,M_لا_مستوى_مختبر,ANCHOR,ANCHOR,ANCHOR,ANCHOR,ANCHOR,ANCHOR,ANCHOR,ANCHOR,ANCHOR,ANCHOR,ANCHOR,PASS,ANCHOR,PASS
neg,NRSN,2026-09-22,2026-09-21,,,REJECT,M_لا_مستوى_مختبر,ANCHOR,ANCHOR,ANCHOR,ANCHOR,ANCHOR,ANCHOR,ANCHOR,ANCHOR,ANCHOR,ANCHOR,ANCHOR,PASS,ANCHOR,PASS
neg,NRSN,2026-09-23,2026-09-22,,,REJECT,M_لا_مستوى_مختبر,ANCHOR,ANCHOR,ANCHOR,ANCHOR,ANCHOR,ANCHOR,ANCHOR,ANCHOR,ANCHOR,ANCHOR,ANCHOR,PASS,ANCHOR,PASS
neg,NRSN,2026-09-24,2026-09-23,,,REJECT,M_لا_مستوى_مختبر,ANCHOR,ANCHOR,ANCHOR,ANCHOR,ANCHOR,ANCHOR,ANCHOR,ANCHOR,ANCHOR,ANCHOR,ANCHOR,PASS,ANCHOR,PASS
neg,NRSN,2026-09-25,2026-09-24,,,REJECT,M_لا_مستوى_مختبر,ANCHOR,ANCHOR,ANCHOR,ANCHOR,ANCHOR,ANCHOR,ANCHOR,ANCHOR,ANCHOR,ANCHOR,ANCHOR,PASS,ANCHOR,PASS
neg,NRSN,2026-09-26,2026-09-25,,,REJECT,M_لا_مستوى_مختبر,ANCHOR,ANCHOR,ANCHOR,ANCHOR,ANCHOR,ANCHOR,ANCHOR,ANCHOR,ANCHOR,ANCHOR,ANCHOR,PASS,ANCHOR,PASS
neg,NRSN,2026-09-29,2026-09-28,,,REJECT,M_لا_مستوى_مختبر,ANCHOR,ANCHOR,ANCHOR,ANCHOR,ANCHOR,ANCHOR,ANCHOR,ANCHOR,ANCHOR,ANCHOR,ANCHOR,PASS,ANCHOR,PASS
neg,NRSN,2026-09-30,2026-09-29,,,REJECT,M_لا_مستوى_مختبر,ANCHOR,ANCHOR,ANCHOR,ANCHOR,ANCHOR,ANCHOR,ANCHOR,ANCHOR,ANCHOR,ANCHOR,ANCHOR,PASS,ANCHOR,PASS
neg,NRSN,2026-10-01,2026-09-30,,,REJECT,M_لا_مستوى_مختبر,ANCHOR,ANCHOR,ANCHOR,ANCHOR,ANCHOR,ANCHOR,ANCHOR,ANCHOR,ANCHOR,ANCHOR,ANCHOR,PASS,ANCHOR,PASS
neg,NRSN,2026-10-02,2026-10-01,,,REJECT,M_لا_مستوى_مختبر,ANCHOR,ANCHOR,ANCHOR,ANCHOR,ANCHOR,ANCHOR,ANCHOR,ANCHOR,ANCHOR,ANCHOR,ANCHOR,PASS,ANCHOR,PASS
neg,NRSN,2026-10-03,2026-10-02,,,REJECT,M_لا_مستوى_مختبر,ANCHOR,ANCHOR,ANCHOR,ANCHOR,ANCHOR,ANCHOR,ANCHOR,ANCHOR,ANCHOR,ANCHOR,ANCHOR,PASS,ANCHOR,PASS
neg,NRSN,2026-10-06,2026-10-05,,,REJECT,M_لا_مستوى_مختبر,ANCHOR,ANCHOR,ANCHOR,ANCHOR,ANCHOR,ANCHOR,ANCHOR,ANCHOR,ANCHOR,ANCHOR,ANCHOR,PASS,ANCHOR,PASS
neg,NRSN,2026-10-07,2026-10-06,,,REJECT,M_لا_مستوى_مختبر,ANCHOR,ANCHOR,ANCHOR,ANCHOR,ANCHOR,ANCHOR,ANCHOR,ANCHOR,ANCHOR,ANCHOR,ANCHOR,PASS,ANCHOR,PASS
neg,NRSN,2026-10-08,2026-10-07,,,PASS,,,PASS,PASS,PASS,PASS,PASS,PASS,PASS,PASS,PASS,PASS,PASS,PASS,PASS
neg,NUWE,2026-09-11,2026-09-10,,,REJECT,M_لا_مستوى_مختبر,ANCHOR,ANCHOR,ANCHOR,ANCHOR,ANCHOR,ANCHOR,ANCHOR,ANCHOR,ANCHOR,ANCHOR,ANCHOR,PASS,ANCHOR,PASS
neg,NUWE,2026-09-12,2026-09-11,,,REJECT,M_لا_مستوى_مختبر,ANCHOR,ANCHOR,ANCHOR,ANCHOR,ANCHOR,ANCHOR,ANCHOR,ANCHOR,ANCHOR,ANCHOR,ANCHOR,PASS,ANCHOR,PASS
neg,NUWE,2026-09-15,2026-09-14,,,REJECT,M_لا_مستوى_مختبر,ANCHOR,ANCHOR,ANCHOR,ANCHOR,ANCHOR,ANCHOR,ANCHOR,ANCHOR,ANCHOR,ANCHOR,ANCHOR,PASS,ANCHOR,PASS
neg,NUWE,2026-09-16,2026-09-15,,,REJECT,M_لا_مستوى_مختبر,ANCHOR,ANCHOR,ANCHOR,ANCHOR,ANCHOR,ANCHOR,ANCHOR,ANCHOR,ANCHOR,ANCHOR,ANCHOR,PASS,ANCHOR,PASS
neg,NUWE,2026-09-17,2026-09-16,,,REJECT,M_لا_مستوى_مختبر,ANCHOR,ANCHOR,ANCHOR,ANCHOR,ANCHOR,ANCHOR,ANCHOR,ANCHOR,ANCHOR,ANCHOR,ANCHOR,PASS,ANCHOR,PASS
neg,NUWE,2026-09-18,2026-09-17,,,REJECT,M_لا_مستوى_مختبر,ANCHOR,ANCHOR,ANCHOR,ANCHOR,ANCHOR,ANCHOR,ANCHOR,ANCHOR,ANCHOR,ANCHOR,ANCHOR,PASS,ANCHOR,PASS
neg,NUWE,2026-09-19,2026-09-18,,,REJECT,M_لا_مستوى_مختبر,ANCHOR,ANCHOR,ANCHOR,ANCHOR,ANCHOR,ANCHOR,ANCHOR,ANCHOR,ANCHOR,ANCHOR,ANCHOR,PASS,ANCHOR,PASS
neg,NUWE,2026-09-22,2026-09-21,,,REJECT,M_لا_مستوى_مختبر,ANCHOR,ANCHOR,ANCHOR,ANCHOR,ANCHOR,ANCHOR,ANCHOR,ANCHOR,ANCHOR,ANCHOR,ANCHOR,PASS,ANCHOR,PASS
neg,NUWE,2026-09-23,2026-09-22,,,REJECT,M_لا_مستوى_مختبر,ANCHOR,ANCHOR,ANCHOR,ANCHOR,ANCHOR,ANCHOR,ANCHOR,ANCHOR,ANCHOR,ANCHOR,ANCHOR,PASS,ANCHOR,PASS
neg,NUWE,2026-09-24,2026-09-23,,,REJECT,M_لا_مستوى_مختبر,ANCHOR,ANCHOR,ANCHOR,ANCHOR,ANCHOR,ANCHOR,ANCHOR,ANCHOR,ANCHOR,ANCHOR,ANCHOR,PASS,ANCHOR,PASS
neg,NUWE,2026-09-25,2026-09-24,,,REJECT,M_لا_مستوى_مختبر,ANCHOR,ANCHOR,ANCHOR,ANCHOR,ANCHOR,ANCHOR,ANCHOR,ANCHOR,ANCHOR,ANCHOR,ANCHOR,PASS,ANCHOR,PASS
neg,NUWE,2026-09-26,2026-09-25,,,REJECT,M_لا_مستوى_مختبر,ANCHOR,ANCHOR,ANCHOR,ANCHOR,ANCHOR,ANCHOR,ANCHOR,ANCHOR,ANCHOR,ANCHOR,ANCHOR,PASS,ANCHOR,PASS
neg,NUWE,2026-09-29,2026-09-28,,,REJECT,M_لا_مستوى_مختبر,ANCHOR,ANCHOR,ANCHOR,ANCHOR,ANCHOR,ANCHOR,ANCHOR,ANCHOR,ANCHOR,ANCHOR,ANCHOR,PASS,ANCHOR,PASS
neg,NUWE,2026-09-30,2026-09-29,,,REJECT,M_لا_مستوى_مختبر,ANCHOR,ANCHOR,ANCHOR,ANCHOR,ANCHOR,ANCHOR,ANCHOR,ANCHOR,ANCHOR,ANCHOR,ANCHOR,PASS,ANCHOR,PASS
neg,NUWE,2026-10-01,2026-09-30,,,PASS,,,PASS,PASS,PASS,PASS,PASS,PASS,PASS,PASS,PASS,PASS,PASS,PASS,PASS
neg,NUWE,2026-10-02,2026-10-01,,,PASS,,,PASS,PASS,PASS,PASS,PASS,PASS,PASS,PASS,PASS,PASS,PASS,PASS,PASS
neg,NUWE,2026-10-03,2026-10-02,,,REJECT,M_لا_مستوى_مختبر,ANCHOR,ANCHOR,ANCHOR,ANCHOR,ANCHOR,ANCHOR,ANCHOR,ANCHOR,ANCHOR,ANCHOR,ANCHOR,PASS,ANCHOR,PASS
neg,NUWE,2026-10-06,2026-10-05,,,REJECT,M_لا_مستوى_مختبر,ANCHOR,ANCHOR,ANCHOR,ANCHOR,ANCHOR,ANCHOR,ANCHOR,ANCHOR,ANCHOR,ANCHOR,ANCHOR,PASS,ANCHOR,PASS
neg,NUWE,2026-10-07,2026-10-06,,,REJECT,M_لا_مستوى_مختبر,ANCHOR,ANCHOR,ANCHOR,ANCHOR,ANCHOR,ANCHOR,ANCHOR,ANCHOR,ANCHOR,ANCHOR,ANCHOR,PASS,ANCHOR,PASS
neg,NUWE,2026-10-08,2026-10-07,,,PASS,,,PASS,PASS,PASS,PASS,PASS,PASS,PASS,PASS,PASS,PASS,PASS,PASS,PASS
neg,PPBT,2026-09-11,2026-09-10,,,REJECT,M_لا_مستوى_مختبر,ANCHOR,ANCHOR,ANCHOR,ANCHOR,ANCHOR,ANCHOR,ANCHOR,ANCHOR,ANCHOR,ANCHOR,ANCHOR,PASS,ANCHOR,PASS
neg,PPBT,2026-09-12,2026-09-11,,,REJECT,M_لا_مستوى_مختبر,ANCHOR,ANCHOR,ANCHOR,ANCHOR,ANCHOR,ANCHOR,ANCHOR,ANCHOR,ANCHOR,ANCHOR,ANCHOR,PASS,ANCHOR,PASS
neg,PPBT,2026-09-15,2026-09-14,,,REJECT,M_لا_مستوى_مختبر,ANCHOR,ANCHOR,ANCHOR,ANCHOR,ANCHOR,ANCHOR,ANCHOR,ANCHOR,ANCHOR,ANCHOR,ANCHOR,PASS,ANCHOR,PASS
neg,PPBT,2026-09-16,2026-09-15,,,REJECT,M_لا_مستوى_مختبر,ANCHOR,ANCHOR,ANCHOR,ANCHOR,ANCHOR,ANCHOR,ANCHOR,ANCHOR,ANCHOR,ANCHOR,ANCHOR,PASS,ANCHOR,PASS
neg,PPBT,2026-09-17,2026-09-16,,,REJECT,M_لا_مستوى_مختبر,ANCHOR,ANCHOR,ANCHOR,ANCHOR,ANCHOR,ANCHOR,ANCHOR,ANCHOR,ANCHOR,ANCHOR,ANCHOR,PASS,ANCHOR,PASS
neg,PPBT,2026-09-18,2026-09-17,,,REJECT,M_لا_مستوى_مختبر,ANCHOR,ANCHOR,ANCHOR,ANCHOR,ANCHOR,ANCHOR,ANCHOR,ANCHOR,ANCHOR,ANCHOR,ANCHOR,PASS,ANCHOR,PASS
neg,PPBT,2026-09-19,2026-09-18,,,REJECT,M_لا_مستوى_مختبر,ANCHOR,ANCHOR,ANCHOR,ANCHOR,ANCHOR,ANCHOR,ANCHOR,ANCHOR,ANCHOR,ANCHOR,ANCHOR,PASS,ANCHOR,PASS
neg,PPBT,2026-09-22,2026-09-21,,,PASS,,,PASS,PASS,PASS,PASS,PASS,PASS,PASS,PASS,PASS,PASS,PASS,PASS,PASS
neg,PPBT,2026-09-23,2026-09-22,,,PASS,,,PASS,PASS,PASS,PASS,PASS,PASS,PASS,PASS,PASS,PASS,PASS,PASS,PASS
neg,PPBT,2026-09-24,2026-09-23,,,PASS,,,PASS,PASS,PASS,PASS,PASS,PASS,PASS,PASS,PASS,PASS,PASS,PASS,PASS
neg,PPBT,2026-09-25,2026-09-24,,,PASS,,,PASS,PASS,PASS,PASS,PASS,PASS,PASS,PASS,PASS,PASS,PASS,PASS,PASS
neg,PPBT,2026-09-26,2026-09-25,,,PASS,,,PASS,PASS,PASS,PASS,PASS,PASS,PASS,PASS,PASS,PASS,PASS,PASS,PASS
neg,PPBT,2026-09-29,2026-09-28,,,PASS,,,PASS,PASS,PASS,PASS,PASS,PASS,PASS,PASS,PASS,PASS,PASS,PASS,PASS
neg,PPBT,2026-09-30,2026-09-29,,,PASS,,,PASS,PASS,PASS,PASS,PASS,PASS,PASS,PASS,PASS,PASS,PASS,PASS,PASS
neg,PPBT,2026-10-01,2026-09-30,,,PASS,,,PASS,PASS,PASS,PASS,PASS,PASS,PASS,PASS,PASS,PASS,PASS,PASS,PASS
neg,PPBT,2026-10-02,2026-10-01,,,PASS,,,PASS,PASS,PASS,PASS,PASS,PASS,PASS,PASS,PASS,PASS,PASS,PASS,PASS
neg,PPBT,2026-10-03,2026-10-02,,,PASS,,,PASS,PASS,PASS,PASS,PASS,PASS,PASS,PASS,PASS,PASS,PASS,PASS,PASS
neg,PPBT,2026-10-06,2026-10-05,,,PASS,,,PASS,PASS,PASS,PASS,PASS,PASS,PASS,PASS,PASS,PASS,PASS,PASS,PASS
neg,PPBT,2026-10-07,2026-10-06,,,PASS,,,PASS,PASS,PASS,PASS,PASS,PASS,PASS,PASS,PASS,PASS,PASS,PASS,PASS
neg,PPBT,2026-10-08,2026-10-07,,,PASS,,,PASS,PASS,PASS,PASS,PASS,PASS,PASS,PASS,PASS,PASS,PASS,PASS,PASS
neg,PPCB,2026-09-11,2026-09-10,,,REJECT,M4_base_واسعة,M4_RANGE,M4_RANGE,M4_RANGE,M4_RANGE,M4_RANGE,ANCHOR,M4_RANGE,M4_RANGE,M4_RANGE,M4_RANGE,M4_RANGE,M4_RANGE,M4_RANGE,PASS
neg,PPCB,2026-09-12,2026-09-11,,,REJECT,M4_base_واسعة,M4_RANGE,M4_RANGE,M4_RANGE,M4_RANGE,M4_RANGE,ANCHOR,M4_RANGE,M4_RANGE,M4_RANGE,M4_RANGE,M4_RANGE,M4_RANGE,M4_RANGE,PASS
neg,PPCB,2026-09-15,2026-09-14,,,REJECT,M4_base_واسعة,M4_RANGE,M4_RANGE,M4_RANGE,M4_RANGE,M4_RANGE,ANCHOR,M4_RANGE,M4_RANGE,M4_RANGE,M4_RANGE,M4_RANGE,M4_RANGE,M4_RANGE,PASS
neg,PPCB,2026-09-16,2026-09-15,,,REJECT,M4_base_واسعة,M4_RANGE,M4_RANGE,M4_RANGE,M4_RANGE,M4_RANGE,ANCHOR,M4_RANGE,M4_RANGE,M4_RANGE,M4_RANGE,M4_RANGE,M4_RANGE,M4_RANGE,PASS
neg,PPCB,2026-09-17,2026-09-16,,,REJECT,M4_base_واسعة,M4_RANGE,M4_RANGE,M4_RANGE,M4_RANGE,M4_RANGE,ANCHOR,M4_RANGE,M4_RANGE,M4_RANGE,M4_RANGE,M4_RANGE,M4_RANGE,M4_RANGE,PASS
neg,PPCB,2026-09-18,2026-09-17,,,REJECT,M4_base_واسعة,M4_RANGE,M4_RANGE,M4_RANGE,M4_RANGE,M4_RANGE,ANCHOR,M4_RANGE,M4_RANGE,M4_RANGE,M4_RANGE,M4_RANGE,M4_RANGE,M4_RANGE,PASS
neg,PPCB,2026-09-19,2026-09-18,,,REJECT,M4_base_واسعة,M4_RANGE,M4_RANGE,M4_RANGE,M4_RANGE,M4_RANGE,ANCHOR,M4_RANGE,M4_RANGE,M4_RANGE,M4_RANGE,M4_RANGE,M4_RANGE,M4_RANGE,PASS
neg,PPCB,2026-09-22,2026-09-21,,,REJECT,M4_base_واسعة,M4_RANGE,M4_RANGE,M4_RANGE,M4_RANGE,M4_RANGE,ANCHOR,M4_RANGE,M4_RANGE,M4_RANGE,M4_RANGE,M4_RANGE,M4_RANGE,M4_RANGE,PASS
neg,PPCB,2026-09-23,2026-09-22,,,REJECT,M_لا_مستوى_مختبر,ANCHOR,ANCHOR,ANCHOR,ANCHOR,ANCHOR,ANCHOR,ANCHOR,ANCHOR,ANCHOR,ANCHOR,ANCHOR,PASS,ANCHOR,PASS
neg,PPCB,2026-09-24,2026-09-23,,,PASS,,,PASS,PASS,PASS,PASS,PASS,PASS,PASS,PASS,PASS,PASS,PASS,PASS,PASS
neg,PPCB,2026-09-25,2026-09-24,,,REJECT,M_لا_مستوى_مختبر,ANCHOR,ANCHOR,ANCHOR,ANCHOR,ANCHOR,ANCHOR,ANCHOR,ANCHOR,ANCHOR,ANCHOR,ANCHOR,PASS,ANCHOR,PASS
neg,PPCB,2026-09-26,2026-09-25,,,REJECT,M_لا_مستوى_مختبر,ANCHOR,ANCHOR,ANCHOR,ANCHOR,ANCHOR,ANCHOR,ANCHOR,ANCHOR,ANCHOR,ANCHOR,ANCHOR,PASS,ANCHOR,PASS
neg,PPCB,2026-09-29,2026-09-28,,,REJECT,M_لا_مستوى_مختبر,ANCHOR,ANCHOR,ANCHOR,ANCHOR,ANCHOR,ANCHOR,ANCHOR,ANCHOR,ANCHOR,ANCHOR,ANCHOR,PASS,ANCHOR,PASS
neg,PPCB,2026-09-30,2026-09-29,,,REJECT,M_لا_مستوى_مختبر,ANCHOR,ANCHOR,ANCHOR,ANCHOR,ANCHOR,ANCHOR,ANCHOR,ANCHOR,ANCHOR,ANCHOR,ANCHOR,PASS,ANCHOR,PASS
neg,PPCB,2026-10-01,2026-09-30,,,REJECT,M_لا_مستوى_مختبر,ANCHOR,ANCHOR,ANCHOR,ANCHOR,ANCHOR,ANCHOR,ANCHOR,ANCHOR,ANCHOR,ANCHOR,ANCHOR,PASS,ANCHOR,PASS
neg,PPCB,2026-10-02,2026-10-01,,,REJECT,M_لا_مستوى_مختبر,ANCHOR,ANCHOR,ANCHOR,ANCHOR,ANCHOR,ANCHOR,ANCHOR,ANCHOR,ANCHOR,ANCHOR,ANCHOR,PASS,ANCHOR,PASS
neg,PPCB,2026-10-03,2026-10-02,,,REJECT,M_لا_مستوى_مختبر,ANCHOR,ANCHOR,ANCHOR,ANCHOR,ANCHOR,ANCHOR,ANCHOR,ANCHOR,ANCHOR,ANCHOR,ANCHOR,PASS,ANCHOR,PASS
neg,PPCB,2026-10-06,2026-10-05,,,REJECT,M_لا_مستوى_مختبر,ANCHOR,ANCHOR,ANCHOR,ANCHOR,ANCHOR,ANCHOR,ANCHOR,ANCHOR,ANCHOR,ANCHOR,ANCHOR,PASS,ANCHOR,PASS
neg,PPCB,2026-10-07,2026-10-06,,,REJECT,M_لا_مستوى_مختبر,ANCHOR,ANCHOR,ANCHOR,ANCHOR,ANCHOR,ANCHOR,ANCHOR,ANCHOR,ANCHOR,ANCHOR,ANCHOR,PASS,ANCHOR,PASS
neg,PPCB,2026-10-08,2026-10-07,,,REJECT,M_لا_مستوى_مختبر,ANCHOR,ANCHOR,ANCHOR,ANCHOR,ANCHOR,ANCHOR,ANCHOR,ANCHOR,ANCHOR,ANCHOR,ANCHOR,PASS,ANCHOR,PASS
neg,RBNE,2026-09-11,2026-09-10,,,REJECT,M_لا_مستوى_مختبر,ANCHOR,ANCHOR,ANCHOR,ANCHOR,ANCHOR,ANCHOR,ANCHOR,ANCHOR,ANCHOR,ANCHOR,ANCHOR,PASS,ANCHOR,PASS
neg,RBNE,2026-09-12,2026-09-11,,,PASS,,,PASS,PASS,PASS,PASS,PASS,PASS,PASS,PASS,PASS,PASS,PASS,PASS,PASS
neg,RBNE,2026-09-15,2026-09-14,,,REJECT,M_لا_مستوى_مختبر,ANCHOR,ANCHOR,ANCHOR,ANCHOR,ANCHOR,ANCHOR,ANCHOR,ANCHOR,ANCHOR,ANCHOR,ANCHOR,PASS,ANCHOR,PASS
neg,RBNE,2026-09-16,2026-09-15,,,REJECT,M_لا_مستوى_مختبر,ANCHOR,ANCHOR,ANCHOR,ANCHOR,ANCHOR,ANCHOR,ANCHOR,ANCHOR,ANCHOR,ANCHOR,ANCHOR,PASS,ANCHOR,PASS
neg,RBNE,2026-09-17,2026-09-16,,,PASS,,,PASS,PASS,PASS,PASS,PASS,PASS,PASS,PASS,PASS,PASS,PASS,PASS,PASS
neg,RBNE,2026-09-18,2026-09-17,,,PASS,,,PASS,PASS,PASS,PASS,PASS,PASS,PASS,PASS,PASS,PASS,PASS,PASS,PASS
neg,RBNE,2026-09-19,2026-09-18,,,PASS,,,PASS,PASS,PASS,PASS,PASS,PASS,PASS,PASS,PASS,PASS,PASS,PASS,PASS
neg,RBNE,2026-09-22,2026-09-21,,,PASS,,,PASS,PASS,PASS,PASS,PASS,PASS,PASS,PASS,PASS,PASS,PASS,PASS,PASS
neg,RBNE,2026-09-23,2026-09-22,,,PASS,,,PASS,PASS,PASS,PASS,PASS,PASS,PASS,PASS,PASS,PASS,PASS,PASS,PASS
neg,RBNE,2026-09-24,2026-09-23,,,PASS,,,PASS,PASS,PASS,PASS,PASS,PASS,PASS,PASS,PASS,PASS,PASS,PASS,PASS
neg,RBNE,2026-09-25,2026-09-24,,,PASS,,,PASS,PASS,PASS,PASS,PASS,PASS,PASS,PASS,PASS,PASS,PASS,PASS,PASS
neg,RBNE,2026-09-26,2026-09-25,,,PASS,,,PASS,PASS,PASS,PASS,PASS,PASS,PASS,PASS,PASS,PASS,PASS,PASS,PASS
neg,RBNE,2026-09-29,2026-09-28,,,PASS,,,PASS,PASS,PASS,PASS,PASS,PASS,PASS,PASS,PASS,PASS,PASS,PASS,PASS
neg,RBNE,2026-09-30,2026-09-29,,,PASS,,,PASS,PASS,PASS,PASS,PASS,PASS,PASS,PASS,PASS,PASS,PASS,PASS,PASS
neg,RBNE,2026-10-01,2026-09-30,,,PASS,,,PASS,PASS,PASS,PASS,PASS,PASS,PASS,PASS,PASS,PASS,PASS,PASS,PASS
neg,RBNE,2026-10-02,2026-10-01,,,PASS,,,PASS,PASS,PASS,PASS,PASS,PASS,PASS,PASS,PASS,PASS,PASS,PASS,PASS
neg,RBNE,2026-10-03,2026-10-02,,,REJECT,M_لا_مستوى_مختبر,ANCHOR,ANCHOR,ANCHOR,ANCHOR,ANCHOR,ANCHOR,ANCHOR,ANCHOR,ANCHOR,ANCHOR,ANCHOR,PASS,ANCHOR,PASS
neg,RBNE,2026-10-06,2026-10-05,,,REJECT,M_لا_مستوى_مختبر,ANCHOR,ANCHOR,ANCHOR,ANCHOR,ANCHOR,ANCHOR,ANCHOR,ANCHOR,ANCHOR,ANCHOR,ANCHOR,PASS,ANCHOR,PASS
neg,RBNE,2026-10-07,2026-10-06,,,REJECT,M_لا_مستوى_مختبر,ANCHOR,ANCHOR,ANCHOR,ANCHOR,ANCHOR,ANCHOR,ANCHOR,ANCHOR,ANCHOR,ANCHOR,ANCHOR,PASS,ANCHOR,PASS
neg,RBNE,2026-10-08,2026-10-07,,,REJECT,M_لا_مستوى_مختبر,ANCHOR,ANCHOR,ANCHOR,ANCHOR,ANCHOR,ANCHOR,ANCHOR,ANCHOR,ANCHOR,ANCHOR,ANCHOR,PASS,ANCHOR,PASS
neg,SNAL,2026-09-11,2026-09-10,,,REJECT,M_لا_مستوى_مختبر,ANCHOR,ANCHOR,ANCHOR,ANCHOR,ANCHOR,ANCHOR,ANCHOR,ANCHOR,ANCHOR,ANCHOR,ANCHOR,PASS,ANCHOR,PASS
neg,SNAL,2026-09-12,2026-09-11,,,REJECT,M_لا_مستوى_مختبر,ANCHOR,ANCHOR,ANCHOR,ANCHOR,ANCHOR,ANCHOR,ANCHOR,ANCHOR,ANCHOR,ANCHOR,ANCHOR,PASS,ANCHOR,PASS
neg,SNAL,2026-09-15,2026-09-14,,,REJECT,M_لا_مستوى_مختبر,ANCHOR,ANCHOR,ANCHOR,ANCHOR,ANCHOR,ANCHOR,ANCHOR,ANCHOR,ANCHOR,ANCHOR,ANCHOR,PASS,ANCHOR,PASS
neg,SNAL,2026-09-16,2026-09-15,,,REJECT,M_لا_مستوى_مختبر,ANCHOR,ANCHOR,ANCHOR,ANCHOR,ANCHOR,ANCHOR,ANCHOR,ANCHOR,ANCHOR,ANCHOR,ANCHOR,PASS,ANCHOR,PASS
neg,SNAL,2026-09-17,2026-09-16,,,REJECT,M_لا_مستوى_مختبر,ANCHOR,ANCHOR,ANCHOR,ANCHOR,ANCHOR,ANCHOR,ANCHOR,ANCHOR,ANCHOR,ANCHOR,ANCHOR,PASS,ANCHOR,PASS
neg,SNAL,2026-09-18,2026-09-17,,,REJECT,M_لا_مستوى_مختبر,ANCHOR,ANCHOR,ANCHOR,ANCHOR,ANCHOR,ANCHOR,ANCHOR,ANCHOR,ANCHOR,ANCHOR,ANCHOR,PASS,ANCHOR,PASS
neg,SNAL,2026-09-19,2026-09-18,,,REJECT,M_لا_مستوى_مختبر,ANCHOR,ANCHOR,ANCHOR,ANCHOR,ANCHOR,ANCHOR,ANCHOR,ANCHOR,ANCHOR,ANCHOR,ANCHOR,PASS,ANCHOR,PASS
neg,SNAL,2026-09-22,2026-09-21,,,REJECT,M_لا_مستوى_مختبر,ANCHOR,ANCHOR,ANCHOR,ANCHOR,ANCHOR,ANCHOR,ANCHOR,ANCHOR,ANCHOR,ANCHOR,ANCHOR,PASS,ANCHOR,PASS
neg,SNAL,2026-09-23,2026-09-22,,,REJECT,M_لا_مستوى_مختبر,ANCHOR,ANCHOR,ANCHOR,ANCHOR,ANCHOR,ANCHOR,ANCHOR,ANCHOR,ANCHOR,ANCHOR,ANCHOR,PASS,ANCHOR,PASS
neg,SNAL,2026-09-24,2026-09-23,,,REJECT,M_لا_مستوى_مختبر,ANCHOR,ANCHOR,ANCHOR,ANCHOR,ANCHOR,ANCHOR,ANCHOR,ANCHOR,ANCHOR,ANCHOR,ANCHOR,PASS,ANCHOR,PASS
neg,SNAL,2026-09-25,2026-09-24,,,REJECT,M_لا_مستوى_مختبر,ANCHOR,ANCHOR,ANCHOR,ANCHOR,ANCHOR,ANCHOR,ANCHOR,ANCHOR,ANCHOR,ANCHOR,ANCHOR,PASS,ANCHOR,PASS
neg,SNAL,2026-09-26,2026-09-25,,,REJECT,M_لا_مستوى_مختبر,ANCHOR,ANCHOR,ANCHOR,ANCHOR,ANCHOR,ANCHOR,ANCHOR,ANCHOR,ANCHOR,ANCHOR,ANCHOR,PASS,ANCHOR,PASS
neg,SNAL,2026-09-29,2026-09-28,,,PASS,,,PASS,PASS,PASS,PASS,PASS,PASS,PASS,PASS,PASS,PASS,PASS,PASS,PASS
neg,SNAL,2026-09-30,2026-09-29,,,REJECT,M_لا_مستوى_مختبر,ANCHOR,ANCHOR,ANCHOR,ANCHOR,ANCHOR,ANCHOR,ANCHOR,ANCHOR,ANCHOR,ANCHOR,ANCHOR,PASS,ANCHOR,PASS
neg,SNAL,2026-10-01,2026-09-30,,,REJECT,M_لا_مستوى_مختبر,ANCHOR,ANCHOR,ANCHOR,ANCHOR,ANCHOR,ANCHOR,ANCHOR,ANCHOR,ANCHOR,ANCHOR,ANCHOR,PASS,ANCHOR,PASS
neg,SNAL,2026-10-02,2026-10-01,,,REJECT,M_لا_مستوى_مختبر,ANCHOR,ANCHOR,ANCHOR,ANCHOR,ANCHOR,ANCHOR,ANCHOR,ANCHOR,ANCHOR,ANCHOR,ANCHOR,PASS,ANCHOR,PASS
neg,SNAL,2026-10-03,2026-10-02,,,REJECT,M_لا_مستوى_مختبر,ANCHOR,ANCHOR,ANCHOR,ANCHOR,ANCHOR,ANCHOR,ANCHOR,ANCHOR,ANCHOR,ANCHOR,ANCHOR,PASS,ANCHOR,PASS
neg,SNAL,2026-10-06,2026-10-05,,,REJECT,M_لا_مستوى_مختبر,ANCHOR,ANCHOR,ANCHOR,ANCHOR,ANCHOR,ANCHOR,ANCHOR,ANCHOR,ANCHOR,ANCHOR,ANCHOR,PASS,ANCHOR,PASS
neg,SNAL,2026-10-07,2026-10-06,,,REJECT,M_لا_مستوى_مختبر,ANCHOR,ANCHOR,ANCHOR,ANCHOR,ANCHOR,ANCHOR,ANCHOR,ANCHOR,ANCHOR,ANCHOR,ANCHOR,PASS,ANCHOR,PASS
neg,SNAL,2026-10-08,2026-10-07,,,REJECT,M_لا_مستوى_مختبر,ANCHOR,ANCHOR,ANCHOR,ANCHOR,ANCHOR,ANCHOR,ANCHOR,ANCHOR,ANCHOR,ANCHOR,ANCHOR,PASS,ANCHOR,PASS
neg,SPHL,2026-09-11,2026-09-10,,,PASS,,,PASS,PASS,PASS,PASS,PASS,PASS,PASS,PASS,PASS,PASS,PASS,PASS,PASS
neg,SPHL,2026-09-12,2026-09-11,,,PASS,,,PASS,PASS,PASS,PASS,PASS,PASS,PASS,PASS,PASS,PASS,PASS,PASS,PASS
neg,SPHL,2026-09-15,2026-09-14,,,PASS,,,PASS,PASS,PASS,PASS,PASS,PASS,PASS,PASS,PASS,PASS,PASS,PASS,PASS
neg,SPHL,2026-09-16,2026-09-15,,,REJECT,M_لا_مستوى_مختبر,ANCHOR,ANCHOR,ANCHOR,ANCHOR,ANCHOR,ANCHOR,ANCHOR,ANCHOR,ANCHOR,ANCHOR,ANCHOR,PASS,ANCHOR,PASS
neg,SPHL,2026-09-17,2026-09-16,,,REJECT,M_لا_مستوى_مختبر,ANCHOR,ANCHOR,ANCHOR,ANCHOR,ANCHOR,ANCHOR,ANCHOR,ANCHOR,ANCHOR,ANCHOR,ANCHOR,PASS,ANCHOR,PASS
neg,SPHL,2026-09-18,2026-09-17,,,REJECT,M_لا_مستوى_مختبر,ANCHOR,ANCHOR,ANCHOR,ANCHOR,ANCHOR,ANCHOR,ANCHOR,ANCHOR,ANCHOR,ANCHOR,ANCHOR,PASS,ANCHOR,PASS
neg,SPHL,2026-09-19,2026-09-18,,,PASS,,,PASS,PASS,PASS,PASS,PASS,PASS,PASS,PASS,PASS,PASS,PASS,PASS,PASS
neg,SPHL,2026-09-22,2026-09-21,,,PASS,,,PASS,PASS,PASS,PASS,PASS,PASS,PASS,PASS,PASS,PASS,PASS,PASS,PASS
neg,SPHL,2026-09-23,2026-09-21,,,PASS,,,PASS,PASS,PASS,PASS,PASS,PASS,PASS,PASS,PASS,PASS,PASS,PASS,PASS
neg,SPHL,2026-09-24,2026-09-23,,,REJECT,M_لا_مستوى_مختبر,ANCHOR,ANCHOR,ANCHOR,ANCHOR,ANCHOR,ANCHOR,ANCHOR,ANCHOR,ANCHOR,ANCHOR,ANCHOR,PASS,ANCHOR,PASS
neg,SPHL,2026-09-25,2026-09-24,,,REJECT,M10_RSI_فات_القطار,RSI_NOW,RSI_NOW,RSI_NOW,RSI_NOW,RSI_NOW,RSI_NOW,RSI_NOW,RSI_NOW,RSI_NOW,ANCHOR,RSI_NOW,RSI_NOW,RSI_NOW,PASS
neg,SPHL,2026-09-26,2026-09-25,,,REJECT,M_لا_مستوى_مختبر,ANCHOR,ANCHOR,ANCHOR,ANCHOR,ANCHOR,ANCHOR,ANCHOR,ANCHOR,ANCHOR,ANCHOR,ANCHOR,PASS,ANCHOR,PASS
neg,SPHL,2026-09-29,2026-09-28,,,REJECT,M_لا_مستوى_مختبر,ANCHOR,ANCHOR,ANCHOR,ANCHOR,ANCHOR,ANCHOR,ANCHOR,ANCHOR,ANCHOR,ANCHOR,ANCHOR,PASS,ANCHOR,PASS
neg,SPHL,2026-09-30,2026-09-29,,,REJECT,M_لا_مستوى_مختبر,ANCHOR,ANCHOR,ANCHOR,ANCHOR,ANCHOR,ANCHOR,ANCHOR,ANCHOR,ANCHOR,ANCHOR,ANCHOR,PASS,ANCHOR,PASS
neg,SPHL,2026-10-01,2026-09-30,,,REJECT,M_لا_مستوى_مختبر,ANCHOR,ANCHOR,ANCHOR,ANCHOR,ANCHOR,ANCHOR,ANCHOR,ANCHOR,ANCHOR,ANCHOR,ANCHOR,PASS,ANCHOR,PASS
neg,SPHL,2026-10-02,2026-10-01,,,REJECT,M_لا_مستوى_مختبر,ANCHOR,ANCHOR,ANCHOR,ANCHOR,ANCHOR,ANCHOR,ANCHOR,ANCHOR,ANCHOR,ANCHOR,ANCHOR,PASS,ANCHOR,PASS
neg,SPHL,2026-10-03,2026-10-02,,,REJECT,M_لا_مستوى_مختبر,ANCHOR,ANCHOR,ANCHOR,ANCHOR,ANCHOR,ANCHOR,ANCHOR,ANCHOR,ANCHOR,ANCHOR,ANCHOR,PASS,ANCHOR,PASS
neg,SPHL,2026-10-06,2026-10-05,,,REJECT,M_لا_مستوى_مختبر,ANCHOR,ANCHOR,ANCHOR,ANCHOR,ANCHOR,ANCHOR,ANCHOR,ANCHOR,ANCHOR,ANCHOR,ANCHOR,PASS,ANCHOR,PASS
neg,SPHL,2026-10-07,2026-10-06,,,REJECT,M_لا_مستوى_مختبر,ANCHOR,ANCHOR,ANCHOR,ANCHOR,ANCHOR,ANCHOR,ANCHOR,ANCHOR,ANCHOR,ANCHOR,ANCHOR,PASS,ANCHOR,PASS
neg,SPHL,2026-10-08,2026-10-07,,,REJECT,M_لا_مستوى_مختبر,ANCHOR,ANCHOR,ANCHOR,ANCHOR,ANCHOR,ANCHOR,ANCHOR,ANCHOR,ANCHOR,ANCHOR,ANCHOR,PASS,ANCHOR,PASS
neg,SPRC,2026-09-11,2026-09-10,,,REJECT,M_لا_مستوى_مختبر,ANCHOR,ANCHOR,ANCHOR,ANCHOR,ANCHOR,ANCHOR,ANCHOR,ANCHOR,ANCHOR,ANCHOR,ANCHOR,PASS,ANCHOR,PASS
neg,SPRC,2026-09-12,2026-09-11,,,REJECT,M_لا_مستوى_مختبر,ANCHOR,ANCHOR,ANCHOR,ANCHOR,ANCHOR,ANCHOR,ANCHOR,ANCHOR,ANCHOR,ANCHOR,ANCHOR,PASS,ANCHOR,PASS
neg,SPRC,2026-09-15,2026-09-14,,,PASS,,,PASS,PASS,PASS,PASS,PASS,PASS,PASS,PASS,PASS,PASS,PASS,PASS,PASS
neg,SPRC,2026-09-16,2026-09-15,,,REJECT,M_لا_مستوى_مختبر,ANCHOR,ANCHOR,ANCHOR,ANCHOR,ANCHOR,ANCHOR,ANCHOR,ANCHOR,ANCHOR,ANCHOR,ANCHOR,PASS,ANCHOR,PASS
neg,SPRC,2026-09-17,2026-09-16,,,REJECT,M_لا_مستوى_مختبر,ANCHOR,ANCHOR,ANCHOR,ANCHOR,ANCHOR,ANCHOR,ANCHOR,ANCHOR,ANCHOR,ANCHOR,ANCHOR,PASS,ANCHOR,PASS
neg,SPRC,2026-09-18,2026-09-17,,,REJECT,M_لا_مستوى_مختبر,ANCHOR,ANCHOR,ANCHOR,ANCHOR,ANCHOR,ANCHOR,ANCHOR,ANCHOR,ANCHOR,ANCHOR,ANCHOR,PASS,ANCHOR,PASS
neg,SPRC,2026-09-19,2026-09-18,,,REJECT,M_لا_مستوى_مختبر,ANCHOR,ANCHOR,ANCHOR,ANCHOR,ANCHOR,ANCHOR,ANCHOR,ANCHOR,ANCHOR,ANCHOR,ANCHOR,PASS,ANCHOR,PASS
neg,SPRC,2026-09-22,2026-09-21,,,REJECT,M_لا_مستوى_مختبر,ANCHOR,ANCHOR,ANCHOR,ANCHOR,ANCHOR,ANCHOR,ANCHOR,ANCHOR,ANCHOR,ANCHOR,ANCHOR,PASS,ANCHOR,PASS
neg,SPRC,2026-09-23,2026-09-22,,,REJECT,M_لا_مستوى_مختبر,ANCHOR,ANCHOR,ANCHOR,ANCHOR,ANCHOR,ANCHOR,ANCHOR,ANCHOR,ANCHOR,ANCHOR,ANCHOR,PASS,ANCHOR,PASS
neg,SPRC,2026-09-24,2026-09-23,,,PASS,,,PASS,PASS,PASS,PASS,PASS,PASS,PASS,PASS,PASS,PASS,PASS,PASS,PASS
neg,SPRC,2026-09-25,2026-09-24,,,PASS,,,PASS,PASS,PASS,PASS,PASS,PASS,PASS,PASS,PASS,PASS,PASS,PASS,PASS
neg,SPRC,2026-09-26,2026-09-25,,,PASS,,,PASS,PASS,PASS,PASS,PASS,PASS,PASS,PASS,PASS,PASS,PASS,PASS,PASS
neg,SPRC,2026-09-29,2026-09-28,,,PASS,,,PASS,PASS,PASS,PASS,PASS,PASS,PASS,PASS,PASS,PASS,PASS,PASS,PASS
neg,SPRC,2026-09-30,2026-09-29,,,PASS,,,PASS,PASS,PASS,PASS,PASS,PASS,PASS,PASS,PASS,PASS,PASS,PASS,PASS
neg,SPRC,2026-10-01,2026-09-30,,,PASS,,,PASS,PASS,PASS,PASS,PASS,PASS,PASS,PASS,PASS,PASS,PASS,PASS,PASS
neg,SPRC,2026-10-02,2026-10-01,,,PASS,,,PASS,PASS,PASS,PASS,PASS,PASS,PASS,PASS,PASS,PASS,PASS,PASS,PASS
neg,SPRC,2026-10-03,2026-10-02,,,PASS,,,PASS,PASS,PASS,PASS,PASS,PASS,PASS,PASS,PASS,PASS,PASS,PASS,PASS
neg,SPRC,2026-10-06,2026-10-05,,,REJECT,M_لا_مستوى_مختبر,ANCHOR,ANCHOR,ANCHOR,ANCHOR,ANCHOR,ANCHOR,ANCHOR,ANCHOR,ANCHOR,ANCHOR,ANCHOR,PASS,ANCHOR,PASS
neg,SPRC,2026-10-07,2026-10-06,,,REJECT,M_لا_مستوى_مختبر,ANCHOR,ANCHOR,ANCHOR,ANCHOR,ANCHOR,ANCHOR,ANCHOR,ANCHOR,ANCHOR,ANCHOR,ANCHOR,PASS,ANCHOR,PASS
neg,SPRC,2026-10-08,2026-10-07,,,REJECT,M_لا_مستوى_مختبر,ANCHOR,ANCHOR,ANCHOR,ANCHOR,ANCHOR,ANCHOR,ANCHOR,ANCHOR,ANCHOR,ANCHOR,ANCHOR,PASS,ANCHOR,PASS
neg,STKH,2026-09-11,2026-09-10,,,REJECT,M_لا_مستوى_مختبر,ANCHOR,ANCHOR,ANCHOR,ANCHOR,ANCHOR,ANCHOR,ANCHOR,ANCHOR,ANCHOR,ANCHOR,ANCHOR,PASS,ANCHOR,PASS
neg,STKH,2026-09-12,2026-09-11,,,REJECT,M_لا_مستوى_مختبر,ANCHOR,ANCHOR,ANCHOR,ANCHOR,ANCHOR,ANCHOR,ANCHOR,ANCHOR,ANCHOR,ANCHOR,ANCHOR,PASS,ANCHOR,PASS
neg,STKH,2026-09-15,2026-09-14,,,REJECT,M_لا_مستوى_مختبر,ANCHOR,ANCHOR,ANCHOR,ANCHOR,ANCHOR,ANCHOR,ANCHOR,ANCHOR,ANCHOR,ANCHOR,ANCHOR,PASS,ANCHOR,PASS
neg,STKH,2026-09-16,2026-09-15,,,REJECT,M_لا_مستوى_مختبر,ANCHOR,ANCHOR,ANCHOR,ANCHOR,ANCHOR,ANCHOR,ANCHOR,ANCHOR,ANCHOR,ANCHOR,ANCHOR,PASS,ANCHOR,PASS
neg,STKH,2026-09-17,2026-09-16,,,PASS,,,PASS,PASS,PASS,PASS,PASS,PASS,PASS,PASS,PASS,PASS,PASS,PASS,PASS
neg,STKH,2026-09-18,2026-09-17,,,PASS,,,PASS,PASS,PASS,PASS,PASS,PASS,PASS,PASS,PASS,PASS,PASS,PASS,PASS
neg,STKH,2026-09-19,2026-09-18,,,REJECT,M_لا_مستوى_مختبر,ANCHOR,ANCHOR,ANCHOR,ANCHOR,ANCHOR,ANCHOR,ANCHOR,ANCHOR,ANCHOR,ANCHOR,ANCHOR,PASS,ANCHOR,PASS
neg,STKH,2026-09-22,2026-09-21,,,REJECT,M_لا_مستوى_مختبر,ANCHOR,ANCHOR,ANCHOR,ANCHOR,ANCHOR,ANCHOR,ANCHOR,ANCHOR,ANCHOR,ANCHOR,ANCHOR,PASS,ANCHOR,PASS
neg,STKH,2026-09-23,2026-09-22,,,REJECT,M_لا_مستوى_مختبر,ANCHOR,ANCHOR,ANCHOR,ANCHOR,ANCHOR,ANCHOR,ANCHOR,ANCHOR,ANCHOR,ANCHOR,ANCHOR,PASS,ANCHOR,PASS
neg,STKH,2026-09-24,2026-09-23,,,REJECT,M_لا_مستوى_مختبر,ANCHOR,ANCHOR,ANCHOR,ANCHOR,ANCHOR,ANCHOR,ANCHOR,ANCHOR,ANCHOR,ANCHOR,ANCHOR,PASS,ANCHOR,PASS
neg,STKH,2026-09-25,2026-09-24,,,REJECT,M_لا_مستوى_مختبر,ANCHOR,ANCHOR,ANCHOR,ANCHOR,ANCHOR,ANCHOR,ANCHOR,ANCHOR,ANCHOR,ANCHOR,ANCHOR,PASS,ANCHOR,PASS
neg,STKH,2026-09-26,2026-09-25,,,REJECT,M_لا_مستوى_مختبر,ANCHOR,ANCHOR,ANCHOR,ANCHOR,ANCHOR,ANCHOR,ANCHOR,ANCHOR,ANCHOR,ANCHOR,ANCHOR,PASS,ANCHOR,PASS
neg,STKH,2026-09-29,2026-09-28,,,REJECT,M_لا_مستوى_مختبر,ANCHOR,ANCHOR,ANCHOR,ANCHOR,ANCHOR,ANCHOR,ANCHOR,ANCHOR,ANCHOR,ANCHOR,ANCHOR,PASS,ANCHOR,PASS
neg,STKH,2026-09-30,2026-09-29,,,REJECT,M_لا_مستوى_مختبر,ANCHOR,ANCHOR,ANCHOR,ANCHOR,ANCHOR,ANCHOR,ANCHOR,ANCHOR,ANCHOR,ANCHOR,ANCHOR,PASS,ANCHOR,PASS
neg,STKH,2026-10-01,2026-09-30,,,REJECT,M_لا_مستوى_مختبر,ANCHOR,ANCHOR,ANCHOR,ANCHOR,ANCHOR,ANCHOR,ANCHOR,ANCHOR,ANCHOR,ANCHOR,ANCHOR,PASS,ANCHOR,PASS
neg,STKH,2026-10-02,2026-10-01,,,REJECT,M4_base_واسعة,M4_RANGE,M4_RANGE,M4_RANGE,M4_RANGE,M4_RANGE,ANCHOR,M4_RANGE,M4_RANGE,M4_RANGE,M4_RANGE,M4_RANGE,M4_RANGE,M4_RANGE,PASS
neg,STKH,2026-10-03,2026-10-02,,,REJECT,M4_base_واسعة,M4_RANGE,M4_RANGE,M4_RANGE,M4_RANGE,M4_RANGE,ANCHOR,M4_RANGE,M4_RANGE,M4_RANGE,M4_RANGE,M4_RANGE,M4_RANGE,M4_RANGE,PASS
neg,STKH,2026-10-06,2026-10-05,,,REJECT,M4_base_واسعة,M4_RANGE,M4_RANGE,M4_RANGE,M4_RANGE,M4_RANGE,ANCHOR,M4_RANGE,M4_RANGE,M4_RANGE,M4_RANGE,M4_RANGE,M4_RANGE,M4_RANGE,PASS
neg,STKH,2026-10-07,2026-10-06,,,REJECT,M4_base_واسعة,M4_RANGE,M4_RANGE,M4_RANGE,M4_RANGE,M4_RANGE,ANCHOR,M4_RANGE,M4_RANGE,M4_RANGE,M4_RANGE,M4_RANGE,M4_RANGE,M4_RANGE,PASS
neg,STKH,2026-10-08,2026-10-07,,,REJECT,M4_base_واسعة,M4_RANGE,M4_RANGE,M4_RANGE,M4_RANGE,M4_RANGE,ANCHOR,M4_RANGE,M4_RANGE,M4_RANGE,M4_RANGE,M4_RANGE,M4_RANGE,M4_RANGE,PASS
neg,SVRE,2026-09-11,2026-09-10,,,REJECT,M_لا_مستوى_مختبر,ANCHOR,ANCHOR,ANCHOR,ANCHOR,ANCHOR,ANCHOR,ANCHOR,ANCHOR,ANCHOR,ANCHOR,ANCHOR,PASS,ANCHOR,PASS
neg,SVRE,2026-09-12,2026-09-11,,,REJECT,M_لا_مستوى_مختبر,ANCHOR,ANCHOR,ANCHOR,ANCHOR,ANCHOR,ANCHOR,ANCHOR,ANCHOR,ANCHOR,ANCHOR,ANCHOR,PASS,ANCHOR,PASS
neg,SVRE,2026-09-15,2026-09-14,,,REJECT,M_لا_مستوى_مختبر,ANCHOR,ANCHOR,ANCHOR,ANCHOR,ANCHOR,ANCHOR,ANCHOR,ANCHOR,ANCHOR,ANCHOR,ANCHOR,PASS,ANCHOR,PASS
neg,SVRE,2026-09-16,2026-09-15,,,REJECT,M_لا_مستوى_مختبر,ANCHOR,ANCHOR,ANCHOR,ANCHOR,ANCHOR,ANCHOR,ANCHOR,ANCHOR,ANCHOR,ANCHOR,ANCHOR,PASS,ANCHOR,PASS
neg,SVRE,2026-09-17,2026-09-16,,,REJECT,M_لا_مستوى_مختبر,ANCHOR,ANCHOR,ANCHOR,ANCHOR,ANCHOR,ANCHOR,ANCHOR,ANCHOR,ANCHOR,ANCHOR,ANCHOR,PASS,ANCHOR,PASS
neg,SVRE,2026-09-18,2026-09-17,,,REJECT,M_لا_مستوى_مختبر,ANCHOR,ANCHOR,ANCHOR,ANCHOR,ANCHOR,ANCHOR,ANCHOR,ANCHOR,ANCHOR,ANCHOR,ANCHOR,PASS,ANCHOR,PASS
neg,SVRE,2026-09-19,2026-09-18,,,REJECT,M_لا_مستوى_مختبر,ANCHOR,ANCHOR,ANCHOR,ANCHOR,ANCHOR,ANCHOR,ANCHOR,ANCHOR,ANCHOR,ANCHOR,ANCHOR,PASS,ANCHOR,PASS
neg,SVRE,2026-09-22,2026-09-21,,,PASS,,,PASS,PASS,PASS,PASS,PASS,PASS,PASS,PASS,PASS,PASS,PASS,PASS,PASS
neg,SVRE,2026-09-23,2026-09-22,,,PASS,,,PASS,PASS,PASS,PASS,PASS,PASS,PASS,PASS,PASS,PASS,PASS,PASS,PASS
neg,SVRE,2026-09-24,2026-09-23,,,PASS,,,PASS,PASS,PASS,PASS,PASS,PASS,PASS,PASS,PASS,PASS,PASS,PASS,PASS
neg,SVRE,2026-09-25,2026-09-24,,,REJECT,M_لا_مستوى_مختبر,ANCHOR,ANCHOR,ANCHOR,ANCHOR,ANCHOR,ANCHOR,ANCHOR,ANCHOR,ANCHOR,ANCHOR,ANCHOR,PASS,ANCHOR,PASS
neg,SVRE,2026-09-26,2026-09-25,,,REJECT,M_لا_مستوى_مختبر,ANCHOR,ANCHOR,ANCHOR,ANCHOR,ANCHOR,ANCHOR,ANCHOR,ANCHOR,ANCHOR,ANCHOR,ANCHOR,PASS,ANCHOR,PASS
neg,SVRE,2026-09-29,2026-09-28,,,PASS,,,PASS,PASS,PASS,PASS,PASS,PASS,PASS,PASS,PASS,PASS,PASS,PASS,PASS
neg,SVRE,2026-09-30,2026-09-29,,,REJECT,M_لا_مستوى_مختبر,ANCHOR,ANCHOR,ANCHOR,ANCHOR,ANCHOR,ANCHOR,ANCHOR,ANCHOR,ANCHOR,ANCHOR,ANCHOR,PASS,ANCHOR,PASS
neg,SVRE,2026-10-01,2026-09-30,,,REJECT,M_لا_مستوى_مختبر,ANCHOR,ANCHOR,ANCHOR,ANCHOR,ANCHOR,ANCHOR,ANCHOR,ANCHOR,ANCHOR,ANCHOR,ANCHOR,PASS,ANCHOR,PASS
neg,SVRE,2026-10-02,2026-10-01,,,REJECT,M_لا_مستوى_مختبر,ANCHOR,ANCHOR,ANCHOR,ANCHOR,ANCHOR,ANCHOR,ANCHOR,ANCHOR,ANCHOR,ANCHOR,ANCHOR,PASS,ANCHOR,PASS
neg,SVRE,2026-10-03,2026-10-02,,,REJECT,M4_base_واسعة,M4_RANGE,M4_RANGE,M4_RANGE,M4_RANGE,M4_RANGE,ANCHOR,M4_RANGE,M4_RANGE,M4_RANGE,M4_RANGE,M4_RANGE,M4_RANGE,M4_RANGE,PASS
neg,SVRE,2026-10-06,2026-10-05,,,REJECT,M4_base_واسعة,M4_RANGE,M4_RANGE,M4_RANGE,M4_RANGE,M4_RANGE,ANCHOR,M4_RANGE,M4_RANGE,M4_RANGE,M4_RANGE,M4_RANGE,M4_RANGE,M4_RANGE,PASS
neg,SVRE,2026-10-07,2026-10-06,,,REJECT,M4_base_واسعة,M4_RANGE,M4_RANGE,M4_RANGE,M4_RANGE,M4_RANGE,ANCHOR,M4_RANGE,M4_RANGE,M4_RANGE,M4_RANGE,M4_RANGE,M4_RANGE,M4_RANGE,PASS
neg,SVRE,2026-10-08,2026-10-07,,,REJECT,M4_base_واسعة,M4_RANGE,M4_RANGE,M4_RANGE,M4_RANGE,M4_RANGE,ANCHOR,M4_RANGE,M4_RANGE,M4_RANGE,M4_RANGE,M4_RANGE,M4_RANGE,M4_RANGE,PASS
neg,SVRN,2026-09-11,2026-09-10,,,REJECT,M_لا_مستوى_مختبر,ANCHOR,ANCHOR,ANCHOR,ANCHOR,ANCHOR,ANCHOR,ANCHOR,ANCHOR,ANCHOR,ANCHOR,ANCHOR,PASS,ANCHOR,PASS
neg,SVRN,2026-09-12,2026-09-11,,,REJECT,M_لا_مستوى_مختبر,ANCHOR,ANCHOR,ANCHOR,ANCHOR,ANCHOR,ANCHOR,ANCHOR,ANCHOR,ANCHOR,ANCHOR,ANCHOR,PASS,ANCHOR,PASS
neg,SVRN,2026-09-15,2026-09-14,,,REJECT,M_لا_مستوى_مختبر,ANCHOR,ANCHOR,ANCHOR,ANCHOR,ANCHOR,ANCHOR,ANCHOR,ANCHOR,ANCHOR,ANCHOR,ANCHOR,PASS,ANCHOR,PASS
neg,SVRN,2026-09-16,2026-09-15,,,REJECT,M_لا_مستوى_مختبر,ANCHOR,ANCHOR,ANCHOR,ANCHOR,ANCHOR,ANCHOR,ANCHOR,ANCHOR,ANCHOR,ANCHOR,ANCHOR,PASS,ANCHOR,PASS
neg,SVRN,2026-09-17,2026-09-16,,,PASS,,,PASS,PASS,PASS,PASS,PASS,PASS,PASS,PASS,PASS,PASS,PASS,PASS,PASS
neg,SVRN,2026-09-18,2026-09-17,,,REJECT,M2_هبوط_تحت_40,M2_FLOOR,M2_FLOOR,M2_FLOOR,RSI_NOW,M2_FLOOR,M2_FLOOR,M2_FLOOR,M2_FLOOR,M2_FLOOR,M2_FLOOR,M2_FLOOR,M2_FLOOR,M2_FLOOR,PASS
neg,SVRN,2026-09-19,2026-09-18,,,REJECT,M2_هبوط_تحت_40,M2_FLOOR,M2_FLOOR,M2_FLOOR,M4_RANGE,M2_FLOOR,M2_FLOOR,M2_FLOOR,M2_FLOOR,M2_FLOOR,M2_FLOOR,M2_FLOOR,M2_FLOOR,M2_FLOOR,PASS
neg,SVRN,2026-09-22,2026-09-21,,,REJECT,M2_هبوط_تحت_40,M2_FLOOR,M2_FLOOR,M2_FLOOR,M4_RANGE,M2_FLOOR,M2_FLOOR,M2_FLOOR,M2_FLOOR,M2_FLOOR,M2_FLOOR,M2_FLOOR,M2_FLOOR,M2_FLOOR,PASS
neg,SVRN,2026-09-23,2026-09-22,,,REJECT,M2_هبوط_تحت_40,M2_FLOOR,M2_FLOOR,M2_FLOOR,M4_RANGE,M2_FLOOR,M2_FLOOR,M2_FLOOR,M2_FLOOR,M2_FLOOR,M2_FLOOR,M2_FLOOR,M2_FLOOR,M2_FLOOR,PASS
neg,SVRN,2026-09-24,2026-09-23,,,REJECT,M2_هبوط_تحت_40,M2_FLOOR,M2_FLOOR,M2_FLOOR,M4_RANGE,M2_FLOOR,M2_FLOOR,M2_FLOOR,M2_FLOOR,M2_FLOOR,M2_FLOOR,M2_FLOOR,M2_FLOOR,M2_FLOOR,PASS
neg,SVRN,2026-09-25,2026-09-24,,,REJECT,M2_هبوط_تحت_40,M2_FLOOR,M2_FLOOR,M2_FLOOR,M4_RANGE,M2_FLOOR,M2_FLOOR,M2_FLOOR,M2_FLOOR,M2_FLOOR,M2_FLOOR,M2_FLOOR,M2_FLOOR,M2_FLOOR,PASS
neg,SVRN,2026-09-26,2026-09-25,,,REJECT,M2_هبوط_تحت_40,M2_FLOOR,M2_FLOOR,M2_FLOOR,M4_RANGE,M2_FLOOR,M2_FLOOR,M2_FLOOR,M2_FLOOR,M2_FLOOR,M2_FLOOR,M2_FLOOR,M2_FLOOR,M2_FLOOR,PASS
neg,SVRN,2026-09-29,2026-09-28,,,REJECT,M2_هبوط_تحت_40,M2_FLOOR,M2_FLOOR,M2_FLOOR,M4_RANGE,M2_FLOOR,M2_FLOOR,M2_FLOOR,M2_FLOOR,M2_FLOOR,M2_FLOOR,M2_FLOOR,M2_FLOOR,M2_FLOOR,PASS
neg,SVRN,2026-09-30,2026-09-29,,,REJECT,M2_هبوط_تحت_40,M2_FLOOR,M2_FLOOR,M2_FLOOR,M4_RANGE,M2_FLOOR,M2_FLOOR,M2_FLOOR,M2_FLOOR,M2_FLOOR,M2_FLOOR,M2_FLOOR,M2_FLOOR,M2_FLOOR,PASS
neg,SVRN,2026-10-01,2026-09-30,,,REJECT,M2_هبوط_تحت_40,M2_FLOOR,M2_FLOOR,M2_FLOOR,M4_RANGE,M2_FLOOR,M2_FLOOR,M2_FLOOR,M2_FLOOR,M2_FLOOR,M2_FLOOR,M2_FLOOR,M2_FLOOR,M2_FLOOR,PASS
neg,SVRN,2026-10-02,2026-10-01,,,REJECT,M2_هبوط_تحت_40,M2_FLOOR,M2_FLOOR,M2_FLOOR,M4_RANGE,M2_FLOOR,M2_FLOOR,M2_FLOOR,M2_FLOOR,M2_FLOOR,M2_FLOOR,M2_FLOOR,M2_FLOOR,M2_FLOOR,PASS
neg,SVRN,2026-10-03,2026-10-02,,,REJECT,M2_هبوط_تحت_40,M2_FLOOR,M2_FLOOR,M2_FLOOR,M4_RANGE,M2_FLOOR,M2_FLOOR,M2_FLOOR,M2_FLOOR,M2_FLOOR,M2_FLOOR,M2_FLOOR,M2_FLOOR,M2_FLOOR,PASS
neg,SVRN,2026-10-06,2026-10-05,,,REJECT,M2_هبوط_تحت_40,M2_FLOOR,M2_FLOOR,M2_FLOOR,M4_RANGE,M2_FLOOR,M2_FLOOR,M2_FLOOR,M2_FLOOR,M2_FLOOR,M2_FLOOR,M2_FLOOR,M2_FLOOR,M2_FLOOR,PASS
neg,SVRN,2026-10-07,2026-10-06,,,REJECT,M2_هبوط_تحت_40,M2_FLOOR,M2_FLOOR,M2_FLOOR,M4_RANGE,M2_FLOOR,M2_FLOOR,M2_FLOOR,M2_FLOOR,M2_FLOOR,M2_FLOOR,M2_FLOOR,M2_FLOOR,M2_FLOOR,PASS
neg,SVRN,2026-10-08,2026-10-07,,,REJECT,M2_هبوط_تحت_40,M2_FLOOR,M2_FLOOR,M2_FLOOR,M4_RANGE,M2_FLOOR,M2_FLOOR,M2_FLOOR,M2_FLOOR,M2_FLOOR,M2_FLOOR,M2_FLOOR,M2_FLOOR,M2_FLOOR,PASS
neg,SXTP,2026-09-11,2026-09-10,,,PASS,,,PASS,PASS,PASS,PASS,PASS,PASS,PASS,PASS,PASS,PASS,PASS,PASS,PASS
neg,SXTP,2026-09-12,2026-09-11,,,PASS,,,PASS,PASS,PASS,PASS,PASS,PASS,PASS,PASS,PASS,PASS,PASS,PASS,PASS
neg,SXTP,2026-09-15,2026-09-14,,,REJECT,M_لا_مستوى_مختبر,ANCHOR,ANCHOR,ANCHOR,ANCHOR,ANCHOR,ANCHOR,ANCHOR,ANCHOR,ANCHOR,ANCHOR,ANCHOR,PASS,ANCHOR,PASS
neg,SXTP,2026-09-16,2026-09-15,,,REJECT,M_لا_مستوى_مختبر,ANCHOR,ANCHOR,ANCHOR,ANCHOR,ANCHOR,ANCHOR,ANCHOR,ANCHOR,ANCHOR,ANCHOR,ANCHOR,PASS,ANCHOR,PASS
neg,SXTP,2026-09-17,2026-09-16,,,REJECT,M_لا_مستوى_مختبر,ANCHOR,ANCHOR,ANCHOR,ANCHOR,ANCHOR,ANCHOR,ANCHOR,ANCHOR,ANCHOR,ANCHOR,ANCHOR,PASS,ANCHOR,PASS
neg,SXTP,2026-09-18,2026-09-17,,,PASS,,,PASS,PASS,PASS,PASS,PASS,PASS,PASS,PASS,PASS,PASS,PASS,PASS,PASS
neg,SXTP,2026-09-19,2026-09-18,,,PASS,,,PASS,PASS,PASS,PASS,PASS,PASS,PASS,PASS,PASS,PASS,PASS,PASS,PASS
neg,SXTP,2026-09-22,2026-09-21,,,PASS,,,PASS,PASS,PASS,PASS,PASS,PASS,PASS,PASS,PASS,PASS,PASS,PASS,PASS
neg,SXTP,2026-09-23,2026-09-22,,,PASS,,,PASS,PASS,PASS,PASS,PASS,PASS,PASS,PASS,PASS,PASS,PASS,PASS,PASS
neg,SXTP,2026-09-24,2026-09-23,,,PASS,,,PASS,PASS,PASS,PASS,PASS,PASS,PASS,PASS,PASS,PASS,PASS,PASS,PASS
neg,SXTP,2026-09-25,2026-09-24,,,PASS,,,PASS,PASS,PASS,PASS,PASS,PASS,PASS,PASS,PASS,PASS,PASS,PASS,PASS
neg,SXTP,2026-09-26,2026-09-25,,,PASS,,,PASS,PASS,PASS,PASS,PASS,PASS,PASS,PASS,PASS,PASS,PASS,PASS,PASS
neg,SXTP,2026-09-29,2026-09-28,,,PASS,,,PASS,PASS,PASS,PASS,PASS,PASS,PASS,PASS,PASS,PASS,PASS,PASS,PASS
neg,SXTP,2026-09-30,2026-09-29,,,PASS,,,PASS,PASS,PASS,PASS,PASS,PASS,PASS,PASS,PASS,PASS,PASS,PASS,PASS
neg,SXTP,2026-10-01,2026-09-30,,,PASS,,,PASS,PASS,PASS,PASS,PASS,PASS,PASS,PASS,PASS,PASS,PASS,PASS,PASS
neg,SXTP,2026-10-02,2026-10-01,,,PASS,,,PASS,PASS,PASS,PASS,PASS,PASS,PASS,PASS,PASS,PASS,PASS,PASS,PASS
neg,SXTP,2026-10-03,2026-10-02,,,PASS,,,PASS,PASS,PASS,PASS,PASS,PASS,PASS,PASS,PASS,PASS,PASS,PASS,PASS
neg,SXTP,2026-10-06,2026-10-05,,,PASS,,,PASS,PASS,PASS,PASS,PASS,PASS,PASS,PASS,PASS,PASS,PASS,PASS,PASS
neg,SXTP,2026-10-07,2026-10-06,,,PASS,,,PASS,PASS,PASS,PASS,PASS,PASS,PASS,PASS,PASS,PASS,PASS,PASS,PASS
neg,SXTP,2026-10-08,2026-10-07,,,PASS,,,PASS,PASS,PASS,PASS,PASS,PASS,PASS,PASS,PASS,PASS,PASS,PASS,PASS
neg,TDIC,2026-09-11,2026-09-10,,,REJECT,M_لا_مستوى_مختبر,ANCHOR,ANCHOR,ANCHOR,ANCHOR,ANCHOR,ANCHOR,ANCHOR,ANCHOR,ANCHOR,ANCHOR,ANCHOR,PASS,ANCHOR,PASS
neg,TDIC,2026-09-12,2026-09-11,,,REJECT,M_لا_مستوى_مختبر,ANCHOR,ANCHOR,ANCHOR,ANCHOR,ANCHOR,ANCHOR,ANCHOR,ANCHOR,ANCHOR,ANCHOR,ANCHOR,PASS,ANCHOR,PASS
neg,TDIC,2026-09-15,2026-09-14,,,PASS,,,PASS,PASS,PASS,PASS,PASS,PASS,PASS,PASS,PASS,PASS,PASS,PASS,PASS
neg,TDIC,2026-09-16,2026-09-15,,,REJECT,M_لا_مستوى_مختبر,ANCHOR,ANCHOR,ANCHOR,ANCHOR,ANCHOR,ANCHOR,ANCHOR,ANCHOR,ANCHOR,ANCHOR,ANCHOR,PASS,ANCHOR,PASS
neg,TDIC,2026-09-17,2026-09-16,,,REJECT,M_لا_مستوى_مختبر,ANCHOR,ANCHOR,ANCHOR,ANCHOR,ANCHOR,ANCHOR,ANCHOR,ANCHOR,ANCHOR,ANCHOR,ANCHOR,PASS,ANCHOR,PASS
neg,TDIC,2026-09-18,2026-09-17,,,REJECT,M_لا_مستوى_مختبر,ANCHOR,ANCHOR,ANCHOR,ANCHOR,ANCHOR,ANCHOR,ANCHOR,ANCHOR,ANCHOR,ANCHOR,ANCHOR,PASS,ANCHOR,PASS
neg,TDIC,2026-09-19,2026-09-18,,,PASS,,,PASS,PASS,PASS,PASS,PASS,PASS,PASS,PASS,PASS,PASS,PASS,PASS,PASS
neg,TDIC,2026-09-22,2026-09-21,,,PASS,,,PASS,PASS,PASS,PASS,PASS,PASS,PASS,PASS,PASS,PASS,PASS,PASS,PASS
neg,TDIC,2026-09-23,2026-09-22,,,PASS,,,PASS,PASS,PASS,PASS,PASS,PASS,PASS,PASS,PASS,PASS,PASS,PASS,PASS
neg,TDIC,2026-09-24,2026-09-23,,,PASS,,,PASS,PASS,PASS,PASS,PASS,PASS,PASS,PASS,PASS,PASS,PASS,PASS,PASS
neg,TDIC,2026-09-25,2026-09-24,,,PASS,,,PASS,PASS,PASS,PASS,PASS,PASS,PASS,PASS,PASS,PASS,PASS,PASS,PASS
neg,TDIC,2026-09-26,2026-09-25,,,PASS,,,PASS,PASS,PASS,PASS,PASS,PASS,PASS,PASS,PASS,PASS,PASS,PASS,PASS
neg,TDIC,2026-09-29,2026-09-28,,,PASS,,,PASS,PASS,PASS,PASS,PASS,PASS,PASS,PASS,PASS,PASS,PASS,PASS,PASS
neg,TDIC,2026-09-30,2026-09-29,,,PASS,,,PASS,PASS,PASS,PASS,PASS,PASS,PASS,PASS,PASS,PASS,PASS,PASS,PASS
neg,TDIC,2026-10-01,2026-09-30,,,PASS,,,PASS,PASS,PASS,PASS,PASS,PASS,PASS,PASS,PASS,PASS,PASS,PASS,PASS
neg,TDIC,2026-10-02,2026-10-01,,,PASS,,,PASS,PASS,PASS,PASS,PASS,PASS,PASS,PASS,PASS,PASS,PASS,PASS,PASS
neg,TDIC,2026-10-03,2026-10-02,,,PASS,,,PASS,PASS,PASS,PASS,PASS,PASS,PASS,PASS,PASS,PASS,PASS,PASS,PASS
neg,TDIC,2026-10-06,2026-10-05,,,PASS,,,PASS,PASS,PASS,PASS,PASS,PASS,PASS,PASS,PASS,PASS,PASS,PASS,PASS
neg,TDIC,2026-10-07,2026-10-06,,,PASS,,,PASS,PASS,PASS,PASS,PASS,PASS,PASS,PASS,PASS,PASS,PASS,PASS,PASS
neg,TDIC,2026-10-08,2026-10-07,,,PASS,,,PASS,PASS,PASS,PASS,PASS,PASS,PASS,PASS,PASS,PASS,PASS,PASS,PASS
neg,TVGN,2026-09-11,2026-09-10,,,PASS,,,PASS,PASS,PASS,PASS,PASS,PASS,PASS,PASS,PASS,PASS,PASS,PASS,PASS
neg,TVGN,2026-09-12,2026-09-11,,,PASS,,,PASS,PASS,PASS,PASS,PASS,PASS,PASS,PASS,PASS,PASS,PASS,PASS,PASS
neg,TVGN,2026-09-15,2026-09-14,,,PASS,,,PASS,PASS,PASS,PASS,PASS,PASS,PASS,PASS,PASS,PASS,PASS,PASS,PASS
neg,TVGN,2026-09-16,2026-09-15,,,PASS,,,PASS,PASS,PASS,PASS,PASS,PASS,PASS,PASS,PASS,PASS,PASS,PASS,PASS
neg,TVGN,2026-09-17,2026-09-16,,,PASS,,,PASS,PASS,PASS,PASS,PASS,PASS,PASS,PASS,PASS,PASS,PASS,PASS,PASS
neg,TVGN,2026-09-18,2026-09-17,,,PASS,,,PASS,PASS,PASS,PASS,PASS,PASS,PASS,PASS,PASS,PASS,PASS,PASS,PASS
neg,TVGN,2026-09-19,2026-09-18,,,PASS,,,PASS,PASS,PASS,PASS,PASS,PASS,PASS,PASS,PASS,PASS,PASS,PASS,PASS
neg,TVGN,2026-09-22,2026-09-21,,,REJECT,M_لا_مستوى_مختبر,ANCHOR,ANCHOR,ANCHOR,ANCHOR,ANCHOR,ANCHOR,ANCHOR,ANCHOR,ANCHOR,ANCHOR,ANCHOR,PASS,ANCHOR,PASS
neg,TVGN,2026-09-23,2026-09-22,,,REJECT,M_لا_مستوى_مختبر,ANCHOR,ANCHOR,ANCHOR,ANCHOR,ANCHOR,ANCHOR,ANCHOR,ANCHOR,ANCHOR,ANCHOR,ANCHOR,PASS,ANCHOR,PASS
neg,TVGN,2026-09-24,2026-09-22,,,REJECT,M_لا_مستوى_مختبر,ANCHOR,ANCHOR,ANCHOR,ANCHOR,ANCHOR,ANCHOR,ANCHOR,ANCHOR,ANCHOR,ANCHOR,ANCHOR,PASS,ANCHOR,PASS
neg,TVGN,2026-09-25,2026-09-24,,,REJECT,M_لا_مستوى_مختبر,ANCHOR,ANCHOR,ANCHOR,ANCHOR,ANCHOR,ANCHOR,ANCHOR,ANCHOR,ANCHOR,ANCHOR,ANCHOR,PASS,ANCHOR,PASS
neg,TVGN,2026-09-26,2026-09-25,,,REJECT,M_لا_مستوى_مختبر,ANCHOR,ANCHOR,ANCHOR,ANCHOR,ANCHOR,ANCHOR,ANCHOR,ANCHOR,ANCHOR,ANCHOR,ANCHOR,PASS,ANCHOR,PASS
neg,TVGN,2026-09-29,2026-09-28,,,REJECT,M_لا_مستوى_مختبر,ANCHOR,ANCHOR,ANCHOR,ANCHOR,ANCHOR,ANCHOR,ANCHOR,ANCHOR,ANCHOR,ANCHOR,ANCHOR,PASS,ANCHOR,PASS
neg,TVGN,2026-09-30,2026-09-29,,,REJECT,M_لا_مستوى_مختبر,ANCHOR,ANCHOR,ANCHOR,ANCHOR,ANCHOR,ANCHOR,ANCHOR,ANCHOR,ANCHOR,ANCHOR,ANCHOR,PASS,ANCHOR,PASS
neg,TVGN,2026-10-01,2026-09-30,,,REJECT,M_لا_مستوى_مختبر,ANCHOR,ANCHOR,ANCHOR,ANCHOR,ANCHOR,ANCHOR,ANCHOR,ANCHOR,ANCHOR,ANCHOR,ANCHOR,PASS,ANCHOR,PASS
neg,TVGN,2026-10-02,2026-10-01,,,REJECT,M_لا_مستوى_مختبر,ANCHOR,ANCHOR,ANCHOR,ANCHOR,ANCHOR,ANCHOR,ANCHOR,ANCHOR,ANCHOR,ANCHOR,ANCHOR,PASS,ANCHOR,PASS
neg,TVGN,2026-10-03,2026-10-02,,,REJECT,M_لا_مستوى_مختبر,ANCHOR,ANCHOR,ANCHOR,ANCHOR,ANCHOR,ANCHOR,ANCHOR,ANCHOR,ANCHOR,ANCHOR,ANCHOR,PASS,ANCHOR,PASS
neg,TVGN,2026-10-06,2026-10-05,,,REJECT,M_لا_مستوى_مختبر,ANCHOR,ANCHOR,ANCHOR,ANCHOR,ANCHOR,ANCHOR,ANCHOR,ANCHOR,ANCHOR,ANCHOR,ANCHOR,PASS,ANCHOR,PASS
neg,TVGN,2026-10-07,2026-10-06,,,PASS,,,PASS,PASS,PASS,PASS,PASS,PASS,PASS,PASS,PASS,PASS,PASS,PASS,PASS
neg,TVGN,2026-10-08,2026-10-07,,,REJECT,M_لا_مستوى_مختبر,ANCHOR,ANCHOR,ANCHOR,ANCHOR,ANCHOR,ANCHOR,ANCHOR,ANCHOR,ANCHOR,ANCHOR,ANCHOR,PASS,ANCHOR,PASS
neg,VEEE,2026-09-11,2026-09-10,,,REJECT,M_لا_مستوى_مختبر,ANCHOR,ANCHOR,ANCHOR,ANCHOR,ANCHOR,ANCHOR,ANCHOR,ANCHOR,ANCHOR,ANCHOR,ANCHOR,PASS,ANCHOR,PASS
neg,VEEE,2026-09-12,2026-09-11,,,REJECT,M_لا_مستوى_مختبر,ANCHOR,ANCHOR,ANCHOR,ANCHOR,ANCHOR,ANCHOR,ANCHOR,ANCHOR,ANCHOR,ANCHOR,ANCHOR,PASS,ANCHOR,PASS
neg,VEEE,2026-09-15,2026-09-14,,,REJECT,M_لا_مستوى_مختبر,ANCHOR,ANCHOR,ANCHOR,ANCHOR,ANCHOR,ANCHOR,ANCHOR,ANCHOR,ANCHOR,ANCHOR,ANCHOR,PASS,ANCHOR,PASS
neg,VEEE,2026-09-16,2026-09-15,,,REJECT,M_لا_مستوى_مختبر,ANCHOR,ANCHOR,ANCHOR,ANCHOR,ANCHOR,ANCHOR,ANCHOR,ANCHOR,ANCHOR,ANCHOR,ANCHOR,PASS,ANCHOR,PASS
neg,VEEE,2026-09-17,2026-09-16,,,REJECT,M_لا_مستوى_مختبر,ANCHOR,ANCHOR,ANCHOR,ANCHOR,ANCHOR,ANCHOR,ANCHOR,ANCHOR,ANCHOR,ANCHOR,ANCHOR,PASS,ANCHOR,PASS
neg,VEEE,2026-09-18,2026-09-17,,,PASS,,,PASS,PASS,PASS,PASS,PASS,PASS,PASS,PASS,PASS,PASS,PASS,PASS,PASS
neg,VEEE,2026-09-19,2026-09-18,,,PASS,,,PASS,PASS,PASS,PASS,PASS,PASS,PASS,PASS,PASS,PASS,PASS,PASS,PASS
neg,VEEE,2026-09-22,2026-09-21,,,REJECT,M4_base_واسعة,M4_RANGE,M4_RANGE,M4_RANGE,M4_RANGE,M4_RANGE,RSI_NOW,M4_RANGE,M4_RANGE,M4_RANGE,M4_RANGE,M4_RANGE,M4_RANGE,M4_RANGE,PASS
neg,VEEE,2026-09-23,2026-09-22,,,REJECT,M4_base_واسعة,M4_RANGE,M4_RANGE,M4_RANGE,M4_RANGE,M4_RANGE,ANCHOR,M4_RANGE,M4_RANGE,M4_RANGE,M4_RANGE,M4_RANGE,M4_RANGE,M4_RANGE,PASS
neg,VEEE,2026-09-24,2026-09-23,,,REJECT,M4_base_واسعة,M4_RANGE,M4_RANGE,M4_RANGE,M4_RANGE,M4_RANGE,ANCHOR,M4_RANGE,M4_RANGE,M4_RANGE,M4_RANGE,M4_RANGE,M4_RANGE,M4_RANGE,PASS
neg,VEEE,2026-09-25,2026-09-24,,,REJECT,M4_base_واسعة,M4_RANGE,M4_RANGE,M4_RANGE,M4_RANGE,M4_RANGE,ANCHOR,M4_RANGE,M4_RANGE,M4_RANGE,M4_RANGE,M4_RANGE,M4_RANGE,M4_RANGE,PASS
neg,VEEE,2026-09-26,2026-09-25,,,REJECT,M4_base_واسعة,M4_RANGE,M4_RANGE,M4_RANGE,M4_RANGE,M4_RANGE,ANCHOR,M4_RANGE,M4_RANGE,M4_RANGE,M4_RANGE,M4_RANGE,M4_RANGE,M4_RANGE,PASS
neg,VEEE,2026-09-29,2026-09-28,,,REJECT,M4_base_واسعة,M4_RANGE,M4_RANGE,M4_RANGE,M4_RANGE,M4_RANGE,ANCHOR,M4_RANGE,M4_RANGE,M4_RANGE,M4_RANGE,M4_RANGE,M4_RANGE,M4_RANGE,PASS
neg,VEEE,2026-09-30,2026-09-29,,,REJECT,M4_base_واسعة,M4_RANGE,M4_RANGE,M4_RANGE,M4_RANGE,M4_RANGE,ANCHOR,M4_RANGE,M4_RANGE,M4_RANGE,M4_RANGE,M4_RANGE,M4_RANGE,M4_RANGE,PASS
neg,VEEE,2026-10-01,2026-09-30,,,REJECT,M4_base_واسعة,M4_RANGE,M4_RANGE,M4_RANGE,M4_RANGE,M4_RANGE,ANCHOR,M4_RANGE,M4_RANGE,M4_RANGE,M4_RANGE,M4_RANGE,M4_RANGE,M4_RANGE,PASS
neg,VEEE,2026-10-02,2026-10-01,,,REJECT,M4_base_واسعة,M4_RANGE,M4_RANGE,M4_RANGE,M4_RANGE,M4_RANGE,ANCHOR,M4_RANGE,M4_RANGE,M4_RANGE,M4_RANGE,M4_RANGE,M4_RANGE,M4_RANGE,PASS
neg,VEEE,2026-10-03,2026-10-02,,,REJECT,M4_base_واسعة,M4_RANGE,M4_RANGE,M4_RANGE,M4_RANGE,M4_RANGE,ANCHOR,M4_RANGE,M4_RANGE,M4_RANGE,M4_RANGE,M4_RANGE,M4_RANGE,M4_RANGE,PASS
neg,VEEE,2026-10-06,2026-10-05,,,REJECT,M4_base_واسعة,M4_RANGE,M4_RANGE,M4_RANGE,M4_RANGE,M4_RANGE,ANCHOR,M4_RANGE,M4_RANGE,M4_RANGE,M4_RANGE,M4_RANGE,M4_RANGE,M4_RANGE,PASS
neg,VEEE,2026-10-07,2026-10-06,,,REJECT,M4_base_واسعة,M4_RANGE,M4_RANGE,M4_RANGE,M4_RANGE,M4_RANGE,ANCHOR,M4_RANGE,M4_RANGE,M4_RANGE,M4_RANGE,M4_RANGE,M4_RANGE,M4_RANGE,PASS
neg,VEEE,2026-10-08,2026-10-07,,,REJECT,M4_base_واسعة,M4_RANGE,M4_RANGE,M4_RANGE,M4_RANGE,M4_RANGE,ANCHOR,M4_RANGE,M4_RANGE,M4_RANGE,M4_RANGE,M4_RANGE,M4_RANGE,M4_RANGE,PASS
neg,WKHS,2026-09-11,2026-09-10,,,REJECT,M_لا_مستوى_مختبر,ANCHOR,ANCHOR,ANCHOR,ANCHOR,ANCHOR,ANCHOR,ANCHOR,ANCHOR,ANCHOR,ANCHOR,ANCHOR,PASS,ANCHOR,PASS
neg,WKHS,2026-09-12,2026-09-11,,,REJECT,M_لا_مستوى_مختبر,ANCHOR,ANCHOR,ANCHOR,ANCHOR,ANCHOR,ANCHOR,ANCHOR,ANCHOR,ANCHOR,ANCHOR,ANCHOR,PASS,ANCHOR,PASS
neg,WKHS,2026-09-15,2026-09-14,,,REJECT,M_لا_مستوى_مختبر,ANCHOR,ANCHOR,ANCHOR,ANCHOR,ANCHOR,ANCHOR,ANCHOR,ANCHOR,ANCHOR,ANCHOR,ANCHOR,PASS,ANCHOR,PASS
neg,WKHS,2026-09-16,2026-09-15,,,REJECT,M_لا_مستوى_مختبر,ANCHOR,ANCHOR,ANCHOR,ANCHOR,ANCHOR,ANCHOR,ANCHOR,ANCHOR,ANCHOR,ANCHOR,ANCHOR,PASS,ANCHOR,PASS
neg,WKHS,2026-09-17,2026-09-16,,,REJECT,M_لا_مستوى_مختبر,ANCHOR,ANCHOR,ANCHOR,ANCHOR,ANCHOR,ANCHOR,ANCHOR,ANCHOR,ANCHOR,ANCHOR,ANCHOR,PASS,ANCHOR,PASS
neg,WKHS,2026-09-18,2026-09-17,,,REJECT,M_لا_مستوى_مختبر,ANCHOR,ANCHOR,ANCHOR,ANCHOR,ANCHOR,ANCHOR,ANCHOR,ANCHOR,ANCHOR,ANCHOR,ANCHOR,PASS,ANCHOR,PASS
neg,WKHS,2026-09-19,2026-09-18,,,PASS,,,PASS,PASS,PASS,PASS,PASS,PASS,PASS,PASS,PASS,PASS,PASS,PASS,PASS
neg,WKHS,2026-09-22,2026-09-21,,,REJECT,M_لا_مستوى_مختبر,ANCHOR,ANCHOR,ANCHOR,ANCHOR,ANCHOR,ANCHOR,ANCHOR,ANCHOR,ANCHOR,ANCHOR,ANCHOR,PASS,ANCHOR,PASS
neg,WKHS,2026-09-23,2026-09-22,,,REJECT,M_لا_مستوى_مختبر,ANCHOR,ANCHOR,ANCHOR,ANCHOR,ANCHOR,ANCHOR,ANCHOR,ANCHOR,ANCHOR,ANCHOR,ANCHOR,PASS,ANCHOR,PASS
neg,WKHS,2026-09-24,2026-09-23,,,REJECT,M_لا_مستوى_مختبر,ANCHOR,ANCHOR,ANCHOR,ANCHOR,ANCHOR,ANCHOR,ANCHOR,ANCHOR,ANCHOR,ANCHOR,ANCHOR,PASS,ANCHOR,PASS
neg,WKHS,2026-09-25,2026-09-24,,,REJECT,M_لا_مستوى_مختبر,ANCHOR,ANCHOR,ANCHOR,ANCHOR,ANCHOR,ANCHOR,ANCHOR,ANCHOR,ANCHOR,ANCHOR,ANCHOR,PASS,ANCHOR,PASS
neg,WKHS,2026-09-26,2026-09-25,,,PASS,,,PASS,PASS,PASS,PASS,PASS,PASS,PASS,PASS,PASS,PASS,PASS,PASS,PASS
neg,WKHS,2026-09-29,2026-09-28,,,PASS,,,PASS,PASS,PASS,PASS,PASS,PASS,PASS,PASS,PASS,PASS,PASS,PASS,PASS
neg,WKHS,2026-09-30,2026-09-29,,,PASS,,,PASS,PASS,PASS,PASS,PASS,PASS,PASS,PASS,PASS,PASS,PASS,PASS,PASS
neg,WKHS,2026-10-01,2026-09-30,,,PASS,,,PASS,PASS,PASS,PASS,PASS,PASS,PASS,PASS,PASS,PASS,PASS,PASS,PASS
neg,WKHS,2026-10-02,2026-10-01,,,PASS,,,PASS,PASS,PASS,PASS,PASS,PASS,PASS,PASS,PASS,PASS,PASS,PASS,PASS
neg,WKHS,2026-10-03,2026-10-02,,,PASS,,,PASS,PASS,PASS,PASS,PASS,PASS,PASS,PASS,PASS,PASS,PASS,PASS,PASS
neg,WKHS,2026-10-06,2026-10-05,,,PASS,,,PASS,PASS,PASS,PASS,PASS,PASS,PASS,PASS,PASS,PASS,PASS,PASS,PASS
neg,WKHS,2026-10-07,2026-10-06,,,PASS,,,PASS,PASS,PASS,PASS,PASS,PASS,PASS,PASS,PASS,PASS,PASS,PASS,PASS
neg,WKHS,2026-10-08,2026-10-07,,,PASS,,,PASS,PASS,PASS,PASS,PASS,PASS,PASS,PASS,PASS,PASS,PASS,PASS,PASS
neg,WLDS,2026-09-11,2026-09-10,,,REJECT,M_لا_مستوى_مختبر,ANCHOR,ANCHOR,ANCHOR,ANCHOR,ANCHOR,ANCHOR,ANCHOR,ANCHOR,ANCHOR,ANCHOR,ANCHOR,PASS,ANCHOR,PASS
neg,WLDS,2026-09-12,2026-09-11,,,REJECT,M_لا_مستوى_مختبر,ANCHOR,ANCHOR,ANCHOR,ANCHOR,ANCHOR,ANCHOR,ANCHOR,ANCHOR,ANCHOR,ANCHOR,ANCHOR,PASS,ANCHOR,PASS
neg,WLDS,2026-09-15,2026-09-14,,,REJECT,M_لا_مستوى_مختبر,ANCHOR,ANCHOR,ANCHOR,ANCHOR,ANCHOR,ANCHOR,ANCHOR,ANCHOR,ANCHOR,ANCHOR,ANCHOR,PASS,ANCHOR,PASS
neg,WLDS,2026-09-16,2026-09-15,,,PASS,,,PASS,PASS,PASS,PASS,PASS,PASS,PASS,PASS,PASS,PASS,PASS,PASS,PASS
neg,WLDS,2026-09-17,2026-09-16,,,PASS,,,PASS,PASS,PASS,PASS,PASS,PASS,PASS,PASS,PASS,PASS,PASS,PASS,PASS
neg,WLDS,2026-09-18,2026-09-17,,,PASS,,,PASS,PASS,PASS,PASS,PASS,PASS,PASS,PASS,PASS,PASS,PASS,PASS,PASS
neg,WLDS,2026-09-19,2026-09-18,,,PASS,,,PASS,PASS,PASS,PASS,PASS,PASS,PASS,PASS,PASS,PASS,PASS,PASS,PASS
neg,WLDS,2026-09-22,2026-09-21,,,PASS,,,PASS,PASS,PASS,PASS,PASS,PASS,PASS,PASS,PASS,PASS,PASS,PASS,PASS
neg,WLDS,2026-09-23,2026-09-22,,,PASS,,,PASS,PASS,PASS,PASS,PASS,PASS,PASS,PASS,PASS,PASS,PASS,PASS,PASS
neg,WLDS,2026-09-24,2026-09-23,,,PASS,,,PASS,PASS,PASS,PASS,PASS,PASS,PASS,PASS,PASS,PASS,PASS,PASS,PASS
neg,WLDS,2026-09-25,2026-09-24,,,PASS,,,PASS,PASS,PASS,PASS,PASS,PASS,PASS,PASS,PASS,PASS,PASS,PASS,PASS
neg,WLDS,2026-09-26,2026-09-25,,,REJECT,M_لا_مستوى_مختبر,ANCHOR,ANCHOR,ANCHOR,ANCHOR,ANCHOR,ANCHOR,ANCHOR,ANCHOR,ANCHOR,ANCHOR,ANCHOR,PASS,ANCHOR,PASS
neg,WLDS,2026-09-29,2026-09-28,,,REJECT,M_لا_مستوى_مختبر,ANCHOR,ANCHOR,ANCHOR,ANCHOR,ANCHOR,ANCHOR,ANCHOR,ANCHOR,ANCHOR,ANCHOR,ANCHOR,PASS,ANCHOR,PASS
neg,WLDS,2026-09-30,2026-09-29,,,REJECT,M_لا_مستوى_مختبر,ANCHOR,ANCHOR,ANCHOR,ANCHOR,ANCHOR,ANCHOR,ANCHOR,ANCHOR,ANCHOR,ANCHOR,ANCHOR,PASS,ANCHOR,PASS
neg,WLDS,2026-10-01,2026-09-30,,,REJECT,M_لا_مستوى_مختبر,ANCHOR,ANCHOR,ANCHOR,ANCHOR,ANCHOR,ANCHOR,ANCHOR,ANCHOR,ANCHOR,ANCHOR,ANCHOR,PASS,ANCHOR,PASS
neg,WLDS,2026-10-02,2026-10-01,,,REJECT,M_لا_مستوى_مختبر,ANCHOR,ANCHOR,ANCHOR,ANCHOR,ANCHOR,ANCHOR,ANCHOR,ANCHOR,ANCHOR,ANCHOR,ANCHOR,PASS,ANCHOR,PASS
neg,WLDS,2026-10-03,2026-10-02,,,REJECT,M_لا_مستوى_مختبر,ANCHOR,ANCHOR,ANCHOR,ANCHOR,ANCHOR,ANCHOR,ANCHOR,ANCHOR,ANCHOR,ANCHOR,ANCHOR,PASS,ANCHOR,PASS
neg,WLDS,2026-10-06,2026-10-05,,,REJECT,M_لا_مستوى_مختبر,ANCHOR,ANCHOR,ANCHOR,ANCHOR,ANCHOR,ANCHOR,ANCHOR,ANCHOR,ANCHOR,ANCHOR,ANCHOR,PASS,ANCHOR,PASS
neg,WLDS,2026-10-07,2026-10-06,,,REJECT,M_لا_مستوى_مختبر,ANCHOR,ANCHOR,ANCHOR,ANCHOR,ANCHOR,ANCHOR,ANCHOR,ANCHOR,ANCHOR,ANCHOR,ANCHOR,PASS,ANCHOR,PASS
neg,WLDS,2026-10-08,2026-10-07,,,REJECT,M_لا_مستوى_مختبر,ANCHOR,ANCHOR,ANCHOR,ANCHOR,ANCHOR,ANCHOR,ANCHOR,ANCHOR,ANCHOR,ANCHOR,ANCHOR,PASS,ANCHOR,PASS
neg,WNW,2026-09-11,2026-09-10,,,REJECT,M_لا_مستوى_مختبر,ANCHOR,ANCHOR,ANCHOR,ANCHOR,ANCHOR,ANCHOR,ANCHOR,ANCHOR,ANCHOR,ANCHOR,ANCHOR,PASS,ANCHOR,PASS
neg,WNW,2026-09-12,2026-09-11,,,REJECT,M_لا_مستوى_مختبر,ANCHOR,ANCHOR,ANCHOR,ANCHOR,ANCHOR,ANCHOR,ANCHOR,ANCHOR,ANCHOR,ANCHOR,ANCHOR,PASS,ANCHOR,PASS
neg,WNW,2026-09-15,2026-09-14,,,REJECT,M_لا_مستوى_مختبر,ANCHOR,ANCHOR,ANCHOR,ANCHOR,ANCHOR,ANCHOR,ANCHOR,ANCHOR,ANCHOR,ANCHOR,ANCHOR,PASS,ANCHOR,PASS
neg,WNW,2026-09-16,2026-09-15,,,REJECT,M_لا_مستوى_مختبر,ANCHOR,ANCHOR,ANCHOR,ANCHOR,ANCHOR,ANCHOR,ANCHOR,ANCHOR,ANCHOR,ANCHOR,ANCHOR,PASS,ANCHOR,PASS
neg,WNW,2026-09-17,2026-09-16,,,REJECT,M_لا_مستوى_مختبر,ANCHOR,ANCHOR,ANCHOR,ANCHOR,ANCHOR,ANCHOR,ANCHOR,ANCHOR,ANCHOR,ANCHOR,ANCHOR,PASS,ANCHOR,PASS
neg,WNW,2026-09-18,2026-09-17,,,REJECT,M_لا_مستوى_مختبر,ANCHOR,ANCHOR,ANCHOR,ANCHOR,ANCHOR,ANCHOR,ANCHOR,ANCHOR,ANCHOR,ANCHOR,ANCHOR,PASS,ANCHOR,PASS
neg,WNW,2026-09-19,2026-09-18,,,REJECT,M_لا_مستوى_مختبر,ANCHOR,ANCHOR,ANCHOR,ANCHOR,ANCHOR,ANCHOR,ANCHOR,ANCHOR,ANCHOR,ANCHOR,ANCHOR,PASS,ANCHOR,PASS
neg,WNW,2026-09-22,2026-09-21,,,REJECT,M_لا_مستوى_مختبر,ANCHOR,ANCHOR,ANCHOR,ANCHOR,ANCHOR,ANCHOR,ANCHOR,ANCHOR,ANCHOR,ANCHOR,ANCHOR,PASS,ANCHOR,PASS
neg,WNW,2026-09-23,2026-09-22,,,REJECT,M_لا_مستوى_مختبر,ANCHOR,ANCHOR,ANCHOR,ANCHOR,ANCHOR,ANCHOR,ANCHOR,ANCHOR,ANCHOR,ANCHOR,ANCHOR,PASS,ANCHOR,PASS
neg,WNW,2026-09-24,2026-09-23,,,REJECT,M_لا_مستوى_مختبر,ANCHOR,ANCHOR,ANCHOR,ANCHOR,ANCHOR,ANCHOR,ANCHOR,ANCHOR,ANCHOR,ANCHOR,ANCHOR,PASS,ANCHOR,PASS
neg,WNW,2026-09-25,2026-09-24,,,REJECT,M_لا_مستوى_مختبر,ANCHOR,ANCHOR,ANCHOR,ANCHOR,ANCHOR,ANCHOR,ANCHOR,ANCHOR,ANCHOR,ANCHOR,ANCHOR,PASS,ANCHOR,PASS
neg,WNW,2026-09-26,2026-09-25,,,REJECT,M_لا_مستوى_مختبر,ANCHOR,ANCHOR,ANCHOR,ANCHOR,ANCHOR,ANCHOR,ANCHOR,ANCHOR,ANCHOR,ANCHOR,ANCHOR,PASS,ANCHOR,PASS
neg,WNW,2026-09-29,2026-09-28,,,REJECT,M_لا_مستوى_مختبر,ANCHOR,ANCHOR,ANCHOR,ANCHOR,ANCHOR,ANCHOR,ANCHOR,ANCHOR,ANCHOR,ANCHOR,ANCHOR,PASS,ANCHOR,PASS
neg,WNW,2026-09-30,2026-09-29,,,REJECT,M_لا_مستوى_مختبر,ANCHOR,ANCHOR,ANCHOR,ANCHOR,ANCHOR,ANCHOR,ANCHOR,ANCHOR,ANCHOR,ANCHOR,ANCHOR,PASS,ANCHOR,PASS
neg,WNW,2026-10-01,2026-09-30,,,REJECT,M_لا_مستوى_مختبر,ANCHOR,ANCHOR,ANCHOR,ANCHOR,ANCHOR,ANCHOR,ANCHOR,ANCHOR,ANCHOR,ANCHOR,ANCHOR,PASS,ANCHOR,PASS
neg,WNW,2026-10-02,2026-10-01,,,REJECT,M_لا_مستوى_مختبر,ANCHOR,ANCHOR,ANCHOR,ANCHOR,ANCHOR,ANCHOR,ANCHOR,ANCHOR,ANCHOR,ANCHOR,ANCHOR,PASS,ANCHOR,PASS
neg,WNW,2026-10-03,2026-10-02,,,REJECT,M_لا_مستوى_مختبر,ANCHOR,ANCHOR,ANCHOR,ANCHOR,ANCHOR,ANCHOR,ANCHOR,ANCHOR,ANCHOR,ANCHOR,ANCHOR,PASS,ANCHOR,PASS
neg,WNW,2026-10-06,2026-10-05,,,PASS,,,PASS,PASS,PASS,PASS,PASS,PASS,PASS,PASS,PASS,PASS,PASS,PASS,PASS
neg,WNW,2026-10-07,2026-10-06,,,PASS,,,PASS,PASS,PASS,PASS,PASS,PASS,PASS,PASS,PASS,PASS,PASS,PASS,PASS
neg,WNW,2026-10-08,2026-10-07,,,PASS,,,PASS,PASS,PASS,PASS,PASS,PASS,PASS,PASS,PASS,PASS,PASS,PASS,PASS
neg,XAIR,2026-09-11,2026-09-10,,,REJECT,M_لا_مستوى_مختبر,ANCHOR,ANCHOR,ANCHOR,ANCHOR,ANCHOR,ANCHOR,ANCHOR,ANCHOR,ANCHOR,ANCHOR,ANCHOR,PASS,ANCHOR,PASS
neg,XAIR,2026-09-12,2026-09-11,,,REJECT,M_لا_مستوى_مختبر,ANCHOR,ANCHOR,ANCHOR,ANCHOR,ANCHOR,ANCHOR,ANCHOR,ANCHOR,ANCHOR,ANCHOR,ANCHOR,PASS,ANCHOR,PASS
neg,XAIR,2026-09-15,2026-09-14,,,REJECT,M_لا_مستوى_مختبر,ANCHOR,ANCHOR,ANCHOR,ANCHOR,ANCHOR,ANCHOR,ANCHOR,ANCHOR,ANCHOR,ANCHOR,ANCHOR,PASS,ANCHOR,PASS
neg,XAIR,2026-09-16,2026-09-15,,,REJECT,M_لا_مستوى_مختبر,ANCHOR,ANCHOR,ANCHOR,ANCHOR,ANCHOR,ANCHOR,ANCHOR,ANCHOR,ANCHOR,ANCHOR,ANCHOR,PASS,ANCHOR,PASS
neg,XAIR,2026-09-17,2026-09-16,,,REJECT,M_لا_مستوى_مختبر,ANCHOR,ANCHOR,ANCHOR,ANCHOR,ANCHOR,ANCHOR,ANCHOR,ANCHOR,ANCHOR,ANCHOR,ANCHOR,PASS,ANCHOR,PASS
neg,XAIR,2026-09-18,2026-09-17,,,REJECT,M_لا_مستوى_مختبر,ANCHOR,ANCHOR,ANCHOR,ANCHOR,ANCHOR,ANCHOR,ANCHOR,ANCHOR,ANCHOR,ANCHOR,ANCHOR,PASS,ANCHOR,PASS
neg,XAIR,2026-09-19,2026-09-18,,,REJECT,M_لا_مستوى_مختبر,ANCHOR,ANCHOR,ANCHOR,ANCHOR,ANCHOR,ANCHOR,ANCHOR,ANCHOR,ANCHOR,ANCHOR,ANCHOR,PASS,ANCHOR,PASS
neg,XAIR,2026-09-22,2026-09-21,,,REJECT,M_لا_مستوى_مختبر,ANCHOR,ANCHOR,ANCHOR,ANCHOR,ANCHOR,ANCHOR,ANCHOR,ANCHOR,ANCHOR,ANCHOR,ANCHOR,PASS,ANCHOR,PASS
neg,XAIR,2026-09-23,2026-09-22,,,PASS,,,PASS,PASS,PASS,PASS,PASS,PASS,PASS,PASS,PASS,PASS,PASS,PASS,PASS
neg,XAIR,2026-09-24,2026-09-23,,,REJECT,M_لا_مستوى_مختبر,ANCHOR,ANCHOR,ANCHOR,ANCHOR,ANCHOR,ANCHOR,ANCHOR,ANCHOR,ANCHOR,ANCHOR,ANCHOR,PASS,ANCHOR,PASS
neg,XAIR,2026-09-25,2026-09-24,,,REJECT,M_لا_مستوى_مختبر,ANCHOR,ANCHOR,ANCHOR,ANCHOR,ANCHOR,ANCHOR,ANCHOR,ANCHOR,ANCHOR,ANCHOR,ANCHOR,PASS,ANCHOR,PASS
neg,XAIR,2026-09-26,2026-09-25,,,REJECT,M_لا_مستوى_مختبر,ANCHOR,ANCHOR,ANCHOR,ANCHOR,ANCHOR,ANCHOR,ANCHOR,ANCHOR,ANCHOR,ANCHOR,ANCHOR,PASS,ANCHOR,PASS
neg,XAIR,2026-09-29,2026-09-28,,,REJECT,M_لا_مستوى_مختبر,ANCHOR,ANCHOR,ANCHOR,ANCHOR,ANCHOR,ANCHOR,ANCHOR,ANCHOR,ANCHOR,ANCHOR,ANCHOR,PASS,ANCHOR,PASS
neg,XAIR,2026-09-30,2026-09-29,,,REJECT,M_لا_مستوى_مختبر,ANCHOR,ANCHOR,ANCHOR,ANCHOR,ANCHOR,ANCHOR,ANCHOR,ANCHOR,ANCHOR,ANCHOR,ANCHOR,PASS,ANCHOR,PASS
neg,XAIR,2026-10-01,2026-09-30,,,REJECT,M_لا_مستوى_مختبر,ANCHOR,ANCHOR,ANCHOR,ANCHOR,ANCHOR,ANCHOR,ANCHOR,ANCHOR,ANCHOR,ANCHOR,ANCHOR,PASS,ANCHOR,PASS
neg,XAIR,2026-10-02,2026-10-01,,,REJECT,M_لا_مستوى_مختبر,ANCHOR,ANCHOR,ANCHOR,ANCHOR,ANCHOR,ANCHOR,ANCHOR,ANCHOR,ANCHOR,ANCHOR,ANCHOR,PASS,ANCHOR,PASS
neg,XAIR,2026-10-03,2026-10-02,,,REJECT,M_لا_مستوى_مختبر,ANCHOR,ANCHOR,ANCHOR,ANCHOR,ANCHOR,ANCHOR,ANCHOR,ANCHOR,ANCHOR,ANCHOR,ANCHOR,PASS,ANCHOR,PASS
neg,XAIR,2026-10-06,2026-10-05,,,REJECT,M_لا_مستوى_مختبر,ANCHOR,ANCHOR,ANCHOR,ANCHOR,ANCHOR,ANCHOR,ANCHOR,ANCHOR,ANCHOR,ANCHOR,ANCHOR,PASS,ANCHOR,PASS
neg,XAIR,2026-10-07,2026-10-06,,,REJECT,M_لا_مستوى_مختبر,ANCHOR,ANCHOR,ANCHOR,ANCHOR,ANCHOR,ANCHOR,ANCHOR,ANCHOR,ANCHOR,ANCHOR,ANCHOR,PASS,ANCHOR,PASS
neg,XAIR,2026-10-08,2026-10-07,,,REJECT,M_لا_مستوى_مختبر,ANCHOR,ANCHOR,ANCHOR,ANCHOR,ANCHOR,ANCHOR,ANCHOR,ANCHOR,ANCHOR,ANCHOR,ANCHOR,PASS,ANCHOR,PASS
m2hi,ELPW,2026-09-11,2026-09-10,,,REJECT,M2_هبوط_فوق_97,M2_CEIL,M2_CEIL,ANCHOR,M2_CEIL,M2_CEIL,M2_CEIL,M2_CEIL,M2_CEIL,M2_CEIL,M2_CEIL,M2_CEIL,M2_CEIL,M2_CEIL,PASS
m2hi,ELPW,2026-09-12,2026-09-11,,,REJECT,M2_هبوط_فوق_97,M2_CEIL,M2_CEIL,ANCHOR,M2_CEIL,M2_CEIL,M2_CEIL,M2_CEIL,M2_CEIL,M2_CEIL,M2_CEIL,M2_CEIL,M2_CEIL,M2_CEIL,PASS
m2hi,ELPW,2026-09-15,2026-09-14,,,REJECT,M2_هبوط_فوق_97,M2_CEIL,M2_CEIL,PASS,M2_CEIL,M2_CEIL,M2_CEIL,M2_CEIL,M2_CEIL,M2_CEIL,M2_CEIL,M2_CEIL,M2_CEIL,M2_CEIL,PASS
m2hi,ELPW,2026-09-16,2026-09-15,,,REJECT,M2_هبوط_فوق_97,M2_CEIL,M2_CEIL,ANCHOR,M2_CEIL,M2_CEIL,M2_CEIL,M2_CEIL,M2_CEIL,M2_CEIL,M2_CEIL,M2_CEIL,M2_CEIL,M2_CEIL,PASS
m2hi,ELPW,2026-09-17,2026-09-16,,,REJECT,M2_هبوط_فوق_97,M2_CEIL,M2_CEIL,ANCHOR,M2_CEIL,M2_CEIL,M2_CEIL,M2_CEIL,M2_CEIL,M2_CEIL,M2_CEIL,M2_CEIL,M2_CEIL,M2_CEIL,PASS
m2hi,ELPW,2026-09-18,2026-09-17,,,REJECT,M2_هبوط_فوق_97,M2_CEIL,M2_CEIL,ANCHOR,M2_CEIL,M2_CEIL,M2_CEIL,M2_CEIL,M2_CEIL,M2_CEIL,M2_CEIL,M2_CEIL,M2_CEIL,M2_CEIL,PASS
m2hi,ELPW,2026-09-19,2026-09-18,,,REJECT,M2_هبوط_فوق_97,M2_CEIL,M2_CEIL,ANCHOR,M2_CEIL,M2_CEIL,M2_CEIL,M2_CEIL,M2_CEIL,M2_CEIL,M2_CEIL,M2_CEIL,M2_CEIL,M2_CEIL,PASS
m2hi,ELPW,2026-09-22,2026-09-21,,,REJECT,M2_هبوط_فوق_97,M2_CEIL,M2_CEIL,ANCHOR,M2_CEIL,M2_CEIL,M2_CEIL,M2_CEIL,M2_CEIL,M2_CEIL,M2_CEIL,M2_CEIL,M2_CEIL,M2_CEIL,PASS
m2hi,ELPW,2026-09-23,2026-09-22,,,REJECT,M2_هبوط_فوق_97,M2_CEIL,M2_CEIL,ANCHOR,M2_CEIL,M2_CEIL,M2_CEIL,M2_CEIL,M2_CEIL,M2_CEIL,M2_CEIL,M2_CEIL,M2_CEIL,M2_CEIL,PASS
m2hi,ELPW,2026-09-24,2026-09-23,,,REJECT,M2_هبوط_فوق_97,M2_CEIL,M2_CEIL,ANCHOR,M2_CEIL,M2_CEIL,M2_CEIL,M2_CEIL,M2_CEIL,M2_CEIL,M2_CEIL,M2_CEIL,M2_CEIL,M2_CEIL,PASS
m2hi,ELPW,2026-09-25,2026-09-24,,,REJECT,M2_هبوط_فوق_97,M2_CEIL,M2_CEIL,ANCHOR,M2_CEIL,M2_CEIL,M2_CEIL,M2_CEIL,M2_CEIL,M2_CEIL,M2_CEIL,M2_CEIL,M2_CEIL,M2_CEIL,PASS
m2hi,ELPW,2026-09-26,2026-09-25,,,REJECT,M2_هبوط_فوق_97,M2_CEIL,M2_CEIL,ANCHOR,M2_CEIL,M2_CEIL,M2_CEIL,M2_CEIL,M2_CEIL,M2_CEIL,M2_CEIL,M2_CEIL,M2_CEIL,M2_CEIL,PASS
m2hi,ELPW,2026-09-29,2026-09-28,,,REJECT,M2_هبوط_فوق_97,M2_CEIL,M2_CEIL,ANCHOR,M2_CEIL,M2_CEIL,M2_CEIL,M2_CEIL,M2_CEIL,M2_CEIL,M2_CEIL,M2_CEIL,M2_CEIL,M2_CEIL,PASS
m2hi,ELPW,2026-09-30,2026-09-29,,,REJECT,M2_هبوط_فوق_97,M2_CEIL,M2_CEIL,ANCHOR,M2_CEIL,M2_CEIL,M2_CEIL,M2_CEIL,M2_CEIL,M2_CEIL,M2_CEIL,M2_CEIL,M2_CEIL,M2_CEIL,PASS
m2hi,ELPW,2026-10-01,2026-09-30,,,REJECT,M2_هبوط_فوق_97,M2_CEIL,M2_CEIL,ANCHOR,M2_CEIL,M2_CEIL,M2_CEIL,M2_CEIL,M2_CEIL,M2_CEIL,M2_CEIL,M2_CEIL,M2_CEIL,M2_CEIL,PASS
m2hi,ELPW,2026-10-02,2026-10-01,,,REJECT,M2_هبوط_فوق_97,M2_CEIL,M2_CEIL,ANCHOR,M2_CEIL,M2_CEIL,M2_CEIL,M2_CEIL,M2_CEIL,M2_CEIL,M2_CEIL,M2_CEIL,M2_CEIL,M2_CEIL,PASS
m2hi,ELPW,2026-10-03,2026-10-02,,,REJECT,M2_هبوط_فوق_97,M2_CEIL,M2_CEIL,ANCHOR,M2_CEIL,M2_CEIL,M2_CEIL,M2_CEIL,M2_CEIL,M2_CEIL,M2_CEIL,M2_CEIL,M2_CEIL,M2_CEIL,PASS
m2hi,ELPW,2026-10-06,2026-10-05,,,REJECT,M2_هبوط_فوق_97,M2_CEIL,M2_CEIL,ANCHOR,M2_CEIL,M2_CEIL,M2_CEIL,M2_CEIL,M2_CEIL,M2_CEIL,M2_CEIL,M2_CEIL,M2_CEIL,M2_CEIL,PASS
m2hi,ELPW,2026-10-07,2026-10-06,,,REJECT,M2_هبوط_فوق_97,M2_CEIL,M2_CEIL,ANCHOR,M2_CEIL,M2_CEIL,M2_CEIL,M2_CEIL,M2_CEIL,M2_CEIL,M2_CEIL,M2_CEIL,M2_CEIL,M2_CEIL,PASS
m2hi,ELPW,2026-10-08,2026-10-07,,,REJECT,M2_هبوط_فوق_97,M2_CEIL,M2_CEIL,ANCHOR,M2_CEIL,M2_CEIL,M2_CEIL,M2_CEIL,M2_CEIL,M2_CEIL,M2_CEIL,M2_CEIL,M2_CEIL,M2_CEIL,PASS
m2hi,LRHC,2026-09-11,2026-09-10,,,REJECT,M2_هبوط_فوق_97,M2_CEIL,M2_CEIL,PASS,M2_CEIL,M2_CEIL,M2_CEIL,M2_CEIL,M2_CEIL,M2_CEIL,M2_CEIL,M2_CEIL,M2_CEIL,M2_CEIL,PASS
m2hi,LRHC,2026-09-12,2026-09-11,,,REJECT,M2_هبوط_فوق_97,M2_CEIL,M2_CEIL,PASS,M2_CEIL,M2_CEIL,M2_CEIL,M2_CEIL,M2_CEIL,M2_CEIL,M2_CEIL,M2_CEIL,M2_CEIL,M2_CEIL,PASS
m2hi,LRHC,2026-09-15,2026-09-14,,,REJECT,M2_هبوط_فوق_97,M2_CEIL,M2_CEIL,PASS,M2_CEIL,M2_CEIL,M2_CEIL,M2_CEIL,M2_CEIL,M2_CEIL,M2_CEIL,M2_CEIL,M2_CEIL,M2_CEIL,PASS
m2hi,LRHC,2026-09-16,2026-09-15,,,PASS,,,PASS,PASS,PASS,PASS,PASS,PASS,PASS,PASS,PASS,PASS,PASS,PASS,PASS
m2hi,LRHC,2026-09-17,2026-09-16,,,REJECT,M2_هبوط_فوق_97,M2_CEIL,M2_CEIL,PASS,M2_CEIL,M2_CEIL,M2_CEIL,M2_CEIL,M2_CEIL,M2_CEIL,M2_CEIL,M2_CEIL,M2_CEIL,M2_CEIL,PASS
m2hi,LRHC,2026-09-18,2026-09-17,,,PASS,,,PASS,PASS,PASS,PASS,PASS,PASS,PASS,PASS,PASS,PASS,PASS,PASS,PASS
m2hi,LRHC,2026-09-19,2026-09-18,,,PASS,,,PASS,PASS,PASS,PASS,PASS,PASS,PASS,PASS,PASS,PASS,PASS,PASS,PASS
m2hi,LRHC,2026-09-22,2026-09-21,,,REJECT,M_لا_مستوى_مختبر,ANCHOR,ANCHOR,ANCHOR,ANCHOR,ANCHOR,ANCHOR,ANCHOR,ANCHOR,ANCHOR,ANCHOR,ANCHOR,PASS,ANCHOR,PASS
m2hi,LRHC,2026-09-23,2026-09-22,,,REJECT,M_لا_مستوى_مختبر,ANCHOR,ANCHOR,ANCHOR,ANCHOR,ANCHOR,ANCHOR,ANCHOR,ANCHOR,ANCHOR,ANCHOR,ANCHOR,PASS,ANCHOR,PASS
m2hi,LRHC,2026-09-24,2026-09-23,,,REJECT,M_لا_مستوى_مختبر,ANCHOR,ANCHOR,ANCHOR,ANCHOR,ANCHOR,ANCHOR,ANCHOR,ANCHOR,ANCHOR,ANCHOR,ANCHOR,PASS,ANCHOR,PASS
m2hi,LRHC,2026-09-25,2026-09-24,,,REJECT,M_لا_مستوى_مختبر,ANCHOR,ANCHOR,ANCHOR,ANCHOR,ANCHOR,ANCHOR,ANCHOR,ANCHOR,ANCHOR,ANCHOR,ANCHOR,PASS,ANCHOR,PASS
m2hi,LRHC,2026-09-26,2026-09-25,,,REJECT,M_لا_مستوى_مختبر,ANCHOR,ANCHOR,ANCHOR,ANCHOR,ANCHOR,ANCHOR,ANCHOR,ANCHOR,ANCHOR,ANCHOR,ANCHOR,PASS,ANCHOR,PASS
m2hi,LRHC,2026-09-29,2026-09-28,,,REJECT,M_لا_مستوى_مختبر,ANCHOR,ANCHOR,ANCHOR,ANCHOR,ANCHOR,ANCHOR,ANCHOR,ANCHOR,ANCHOR,ANCHOR,ANCHOR,PASS,ANCHOR,PASS
m2hi,LRHC,2026-09-30,2026-09-29,,,REJECT,M_لا_مستوى_مختبر,ANCHOR,ANCHOR,ANCHOR,ANCHOR,ANCHOR,ANCHOR,ANCHOR,ANCHOR,ANCHOR,ANCHOR,ANCHOR,PASS,ANCHOR,PASS
m2hi,LRHC,2026-10-01,2026-09-30,,,REJECT,M_لا_مستوى_مختبر,ANCHOR,ANCHOR,ANCHOR,ANCHOR,ANCHOR,ANCHOR,ANCHOR,ANCHOR,ANCHOR,ANCHOR,ANCHOR,PASS,ANCHOR,PASS
m2hi,LRHC,2026-10-02,2026-10-01,,,REJECT,M2_هبوط_فوق_97,M2_CEIL,M2_CEIL,ANCHOR,M2_CEIL,M2_CEIL,M2_CEIL,M2_CEIL,M2_CEIL,M2_CEIL,M2_CEIL,M2_CEIL,M2_CEIL,M2_CEIL,PASS
m2hi,LRHC,2026-10-03,2026-10-02,,,REJECT,M2_هبوط_فوق_97,M2_CEIL,M2_CEIL,ANCHOR,M2_CEIL,M2_CEIL,M2_CEIL,M2_CEIL,M2_CEIL,M2_CEIL,M2_CEIL,M2_CEIL,M2_CEIL,M2_CEIL,PASS
m2hi,LRHC,2026-10-06,2026-10-05,,,REJECT,M2_هبوط_فوق_97,M2_CEIL,M2_CEIL,ANCHOR,M2_CEIL,M2_CEIL,M2_CEIL,M2_CEIL,M2_CEIL,M2_CEIL,M2_CEIL,M2_CEIL,M2_CEIL,M2_CEIL,PASS
m2hi,LRHC,2026-10-07,2026-10-06,,,REJECT,M2_هبوط_فوق_97,M2_CEIL,M2_CEIL,ANCHOR,M2_CEIL,M2_CEIL,M2_CEIL,M2_CEIL,M2_CEIL,M2_CEIL,M2_CEIL,M2_CEIL,M2_CEIL,M2_CEIL,PASS
m2hi,LRHC,2026-10-08,2026-10-07,,,REJECT,M2_هبوط_فوق_97,M2_CEIL,M2_CEIL,PASS,M2_CEIL,M2_CEIL,M2_CEIL,M2_CEIL,M2_CEIL,M2_CEIL,M2_CEIL,M2_CEIL,M2_CEIL,M2_CEIL,PASS
m2hi,NIVF,2026-09-11,2026-09-10,,,REJECT,M_لا_مستوى_مختبر,ANCHOR,ANCHOR,ANCHOR,ANCHOR,ANCHOR,ANCHOR,ANCHOR,ANCHOR,ANCHOR,ANCHOR,ANCHOR,PASS,ANCHOR,PASS
m2hi,NIVF,2026-09-12,2026-09-11,,,REJECT,M_لا_مستوى_مختبر,ANCHOR,ANCHOR,ANCHOR,ANCHOR,ANCHOR,ANCHOR,ANCHOR,ANCHOR,ANCHOR,ANCHOR,ANCHOR,PASS,ANCHOR,PASS
m2hi,NIVF,2026-09-15,2026-09-14,,,REJECT,M_لا_مستوى_مختبر,ANCHOR,ANCHOR,ANCHOR,ANCHOR,ANCHOR,ANCHOR,ANCHOR,ANCHOR,ANCHOR,ANCHOR,ANCHOR,PASS,ANCHOR,PASS
m2hi,NIVF,2026-09-16,2026-09-15,,,REJECT,M_لا_مستوى_مختبر,ANCHOR,ANCHOR,ANCHOR,ANCHOR,ANCHOR,ANCHOR,ANCHOR,ANCHOR,ANCHOR,ANCHOR,ANCHOR,PASS,ANCHOR,PASS
m2hi,NIVF,2026-09-17,2026-09-16,,,REJECT,M4_base_واسعة,M4_RANGE,M4_RANGE,M4_RANGE,M4_RANGE,M4_RANGE,ANCHOR,M4_RANGE,M4_RANGE,M4_RANGE,M4_RANGE,M4_RANGE,M4_RANGE,M4_RANGE,PASS
m2hi,NIVF,2026-09-18,2026-09-17,,,REJECT,M2_هبوط_فوق_97,M2_CEIL,M2_CEIL,ANCHOR,M2_CEIL,M2_CEIL,M2_CEIL,M2_CEIL,M2_CEIL,M2_CEIL,M2_CEIL,M2_CEIL,M2_CEIL,M2_CEIL,PASS
m2hi,NIVF,2026-09-19,2026-09-18,,,REJECT,M2_هبوط_فوق_97,M2_CEIL,M2_CEIL,ANCHOR,M2_CEIL,M2_CEIL,M2_CEIL,M2_CEIL,M2_CEIL,M2_CEIL,M2_CEIL,M2_CEIL,M2_CEIL,M2_CEIL,PASS
m2hi,NIVF,2026-09-22,2026-09-21,,,REJECT,M2_هبوط_فوق_97,M2_CEIL,M2_CEIL,ANCHOR,M2_CEIL,M2_CEIL,M2_CEIL,M2_CEIL,M2_CEIL,M2_CEIL,M2_CEIL,M2_CEIL,M2_CEIL,M2_CEIL,PASS
m2hi,NIVF,2026-09-23,2026-09-22,,,REJECT,M_لا_مستوى_مختبر,ANCHOR,ANCHOR,ANCHOR,ANCHOR,ANCHOR,ANCHOR,ANCHOR,ANCHOR,ANCHOR,ANCHOR,ANCHOR,PASS,ANCHOR,PASS
m2hi,NIVF,2026-09-24,2026-09-23,,,REJECT,M2_هبوط_فوق_97,M2_CEIL,M2_CEIL,M4_RANGE,M2_CEIL,M2_CEIL,M2_CEIL,M2_CEIL,M2_CEIL,M2_CEIL,M2_CEIL,M2_CEIL,M2_CEIL,M2_CEIL,PASS
m2hi,NIVF,2026-09-25,2026-09-24,,,REJECT,M2_هبوط_فوق_97,M2_CEIL,M2_CEIL,M4_RANGE,M2_CEIL,M2_CEIL,M2_CEIL,M2_CEIL,M2_CEIL,M2_CEIL,M2_CEIL,M2_CEIL,M2_CEIL,M2_CEIL,PASS
m2hi,NIVF,2026-09-26,2026-09-25,,,REJECT,M2_هبوط_فوق_97,M2_CEIL,M2_CEIL,M4_RANGE,M2_CEIL,M2_CEIL,M2_CEIL,M2_CEIL,M2_CEIL,M2_CEIL,M2_CEIL,M2_CEIL,M2_CEIL,M2_CEIL,PASS
m2hi,NIVF,2026-09-29,2026-09-28,,,REJECT,M1_سعر,M1,M2_CEIL,M1,M1,M1,M1,M1,M1,M1,M1,M1,M1,M1,PASS
m2hi,NIVF,2026-09-30,2026-09-29,,,REJECT,M1_سعر,M1,M2_CEIL,M1,M1,M1,M1,M1,M1,M1,M1,M1,M1,M1,PASS
m2hi,NIVF,2026-10-01,2026-09-30,,,REJECT,M1_سعر,M1,M2_CEIL,M1,M1,M1,M1,M1,M1,M1,M1,M1,M1,M1,PASS
m2hi,NIVF,2026-10-02,2026-10-01,,,REJECT,M1_سعر,M1,M2_CEIL,M1,M1,M1,M1,M1,M1,M1,M1,M1,M1,M1,PASS
m2hi,NIVF,2026-10-03,2026-10-02,,,REJECT,M1_سعر,M1,M2_CEIL,M1,M1,M1,M1,M1,M1,M1,M1,M1,M1,M1,PASS
m2hi,NIVF,2026-10-06,2026-10-05,,,REJECT,M1_سعر,M1,M2_CEIL,M1,M1,M1,M1,M1,M1,M1,M1,M1,M1,M1,PASS
m2hi,NIVF,2026-10-07,2026-10-06,,,REJECT,M1_سعر,M1,M2_CEIL,M1,M1,M1,M1,M1,M1,M1,M1,M1,M1,M1,PASS
m2hi,NIVF,2026-10-08,2026-10-07,,,REJECT,M1_سعر,M1,M2_CEIL,M1,M1,M1,M1,M1,M1,M1,M1,M1,M1,M1,PASS
m2hi,PAVS,2026-09-11,2026-09-10,,,REJECT,M2_هبوط_فوق_97,M2_CEIL,M2_CEIL,ANCHOR,M2_CEIL,M2_CEIL,M2_CEIL,M2_CEIL,M2_CEIL,M2_CEIL,M2_CEIL,M2_CEIL,M2_CEIL,M2_CEIL,PASS
m2hi,PAVS,2026-09-12,2026-09-11,,,REJECT,M2_هبوط_فوق_97,M2_CEIL,M2_CEIL,ANCHOR,M2_CEIL,M2_CEIL,M2_CEIL,M2_CEIL,M2_CEIL,M2_CEIL,M2_CEIL,M2_CEIL,M2_CEIL,M2_CEIL,PASS
m2hi,PAVS,2026-09-15,2026-09-14,,,REJECT,M2_هبوط_فوق_97,M2_CEIL,M2_CEIL,PASS,M2_CEIL,M2_CEIL,M2_CEIL,M2_CEIL,M2_CEIL,M2_CEIL,M2_CEIL,M2_CEIL,M2_CEIL,M2_CEIL,PASS
m2hi,PAVS,2026-09-16,2026-09-15,,,REJECT,M2_هبوط_فوق_97,M2_CEIL,M2_CEIL,PASS,M2_CEIL,M2_CEIL,M2_CEIL,M2_CEIL,M2_CEIL,M2_CEIL,M2_CEIL,M2_CEIL,M2_CEIL,M2_CEIL,PASS
m2hi,PAVS,2026-09-17,2026-09-16,,,REJECT,M2_هبوط_فوق_97,M2_CEIL,M2_CEIL,ANCHOR,M2_CEIL,M2_CEIL,M2_CEIL,M2_CEIL,M2_CEIL,M2_CEIL,M2_CEIL,M2_CEIL,M2_CEIL,M2_CEIL,PASS
m2hi,PAVS,2026-09-18,2026-09-17,,,REJECT,M2_هبوط_فوق_97,M2_CEIL,M2_CEIL,ANCHOR,M2_CEIL,M2_CEIL,M2_CEIL,M2_CEIL,M2_CEIL,M2_CEIL,M2_CEIL,M2_CEIL,M2_CEIL,M2_CEIL,PASS
m2hi,PAVS,2026-09-19,2026-09-18,,,REJECT,M2_هبوط_فوق_97,M2_CEIL,M2_CEIL,ANCHOR,M2_CEIL,M2_CEIL,M2_CEIL,M2_CEIL,M2_CEIL,M2_CEIL,M2_CEIL,M2_CEIL,M2_CEIL,M2_CEIL,PASS
m2hi,PAVS,2026-09-22,2026-09-21,,,REJECT,M2_هبوط_فوق_97,M2_CEIL,M2_CEIL,ANCHOR,M2_CEIL,M2_CEIL,M2_CEIL,M2_CEIL,M2_CEIL,M2_CEIL,M2_CEIL,M2_CEIL,M2_CEIL,M2_CEIL,PASS
m2hi,PAVS,2026-09-23,2026-09-22,,,REJECT,M2_هبوط_فوق_97,M2_CEIL,M2_CEIL,ANCHOR,M2_CEIL,M2_CEIL,M2_CEIL,M2_CEIL,M2_CEIL,M2_CEIL,M2_CEIL,M2_CEIL,M2_CEIL,M2_CEIL,PASS
m2hi,PAVS,2026-09-24,2026-09-23,,,REJECT,M2_هبوط_فوق_97,M2_CEIL,M2_CEIL,ANCHOR,M2_CEIL,M2_CEIL,M2_CEIL,M2_CEIL,M2_CEIL,M2_CEIL,M2_CEIL,M2_CEIL,M2_CEIL,M2_CEIL,PASS
m2hi,PAVS,2026-09-25,2026-09-24,,,REJECT,M2_هبوط_فوق_97,M2_CEIL,M2_CEIL,ANCHOR,M2_CEIL,M2_CEIL,M2_CEIL,M2_CEIL,M2_CEIL,M2_CEIL,M2_CEIL,M2_CEIL,M2_CEIL,M2_CEIL,PASS
m2hi,PAVS,2026-09-26,2026-09-25,,,REJECT,M2_هبوط_فوق_97,M2_CEIL,M2_CEIL,ANCHOR,M2_CEIL,M2_CEIL,M2_CEIL,M2_CEIL,M2_CEIL,M2_CEIL,M2_CEIL,M2_CEIL,M2_CEIL,M2_CEIL,PASS
m2hi,PAVS,2026-09-29,2026-09-28,,,REJECT,M2_هبوط_فوق_97,M2_CEIL,M2_CEIL,ANCHOR,M2_CEIL,M2_CEIL,M2_CEIL,M2_CEIL,M2_CEIL,M2_CEIL,M2_CEIL,M2_CEIL,M2_CEIL,M2_CEIL,PASS
m2hi,PAVS,2026-09-30,2026-09-29,,,REJECT,M2_هبوط_فوق_97,M2_CEIL,M2_CEIL,PASS,M2_CEIL,M2_CEIL,M2_CEIL,M2_CEIL,M2_CEIL,M2_CEIL,M2_CEIL,M2_CEIL,M2_CEIL,M2_CEIL,PASS
m2hi,PAVS,2026-10-01,2026-09-30,,,REJECT,M2_هبوط_فوق_97,M2_CEIL,M2_CEIL,PASS,M2_CEIL,M2_CEIL,M2_CEIL,M2_CEIL,M2_CEIL,M2_CEIL,M2_CEIL,M2_CEIL,M2_CEIL,M2_CEIL,PASS
m2hi,PAVS,2026-10-02,2026-10-01,,,REJECT,M2_هبوط_فوق_97,M2_CEIL,M2_CEIL,PASS,M2_CEIL,M2_CEIL,M2_CEIL,M2_CEIL,M2_CEIL,M2_CEIL,M2_CEIL,M2_CEIL,M2_CEIL,M2_CEIL,PASS
m2hi,PAVS,2026-10-03,2026-10-02,,,REJECT,M2_هبوط_فوق_97,M2_CEIL,M2_CEIL,ANCHOR,M2_CEIL,M2_CEIL,M2_CEIL,M2_CEIL,M2_CEIL,M2_CEIL,M2_CEIL,M2_CEIL,M2_CEIL,M2_CEIL,PASS
m2hi,PAVS,2026-10-06,2026-10-05,,,REJECT,M2_هبوط_فوق_97,M2_CEIL,M2_CEIL,ANCHOR,M2_CEIL,M2_CEIL,M2_CEIL,M2_CEIL,M2_CEIL,M2_CEIL,M2_CEIL,M2_CEIL,M2_CEIL,M2_CEIL,PASS
m2hi,PAVS,2026-10-07,2026-10-06,,,REJECT,M2_هبوط_فوق_97,M2_CEIL,M2_CEIL,ANCHOR,M2_CEIL,M2_CEIL,M2_CEIL,M2_CEIL,M2_CEIL,M2_CEIL,M2_CEIL,M2_CEIL,M2_CEIL,M2_CEIL,PASS
m2hi,PAVS,2026-10-08,2026-10-07,,,REJECT,M2_هبوط_فوق_97,M2_CEIL,M2_CEIL,ANCHOR,M2_CEIL,M2_CEIL,M2_CEIL,M2_CEIL,M2_CEIL,M2_CEIL,M2_CEIL,M2_CEIL,M2_CEIL,M2_CEIL,PASS
m2hi,PFSA,2026-09-11,2026-09-10,,,REJECT,M4_base_واسعة,M4_RANGE,M4_RANGE,M4_RANGE,M4_RANGE,M4_RANGE,ANCHOR,M4_RANGE,M4_RANGE,M4_RANGE,M4_RANGE,M4_RANGE,M4_RANGE,M4_RANGE,PASS
m2hi,PFSA,2026-09-12,2026-09-11,,,REJECT,M4_base_واسعة,M4_RANGE,M4_RANGE,M4_RANGE,M4_RANGE,M4_RANGE,ANCHOR,M4_RANGE,M4_RANGE,M4_RANGE,M4_RANGE,M4_RANGE,M4_RANGE,M4_RANGE,PASS
m2hi,PFSA,2026-09-15,2026-09-14,,,REJECT,M4_base_واسعة,M4_RANGE,M4_RANGE,M4_RANGE,M4_RANGE,M4_RANGE,ANCHOR,M4_RANGE,M4_RANGE,M4_RANGE,M4_RANGE,M4_RANGE,M4_RANGE,M4_RANGE,PASS
m2hi,PFSA,2026-09-16,2026-09-15,,,REJECT,M4_base_واسعة,M4_RANGE,M4_RANGE,M4_RANGE,M4_RANGE,M4_RANGE,ANCHOR,M4_RANGE,M4_RANGE,M4_RANGE,M4_RANGE,M4_RANGE,M4_RANGE,M4_RANGE,PASS
m2hi,PFSA,2026-09-17,2026-09-16,,,REJECT,M4_base_واسعة,M4_RANGE,M4_RANGE,M4_RANGE,M4_RANGE,M4_RANGE,ANCHOR,M4_RANGE,M4_RANGE,M4_RANGE,M4_RANGE,M4_RANGE,M4_RANGE,M4_RANGE,PASS
m2hi,PFSA,2026-09-18,2026-09-17,,,REJECT,M4_base_واسعة,M4_RANGE,M4_RANGE,M4_RANGE,M4_RANGE,M4_RANGE,ANCHOR,M4_RANGE,M4_RANGE,M4_RANGE,M4_RANGE,M4_RANGE,M4_RANGE,M4_RANGE,PASS
m2hi,PFSA,2026-09-19,2026-09-18,,,REJECT,M4_base_واسعة,M4_RANGE,M4_RANGE,M4_RANGE,M4_RANGE,M4_RANGE,ANCHOR,M4_RANGE,M4_RANGE,M4_RANGE,M4_RANGE,M4_RANGE,M4_RANGE,M4_RANGE,PASS
m2hi,PFSA,2026-09-22,2026-09-21,,,REJECT,M4_base_واسعة,M4_RANGE,M4_RANGE,M4_RANGE,M4_RANGE,M4_RANGE,ANCHOR,M4_RANGE,M4_RANGE,M4_RANGE,M4_RANGE,M4_RANGE,M4_RANGE,M4_RANGE,PASS
m2hi,PFSA,2026-09-23,2026-09-22,,,REJECT,M_لا_مستوى_مختبر,ANCHOR,ANCHOR,ANCHOR,ANCHOR,ANCHOR,ANCHOR,ANCHOR,ANCHOR,ANCHOR,ANCHOR,ANCHOR,PASS,ANCHOR,PASS
m2hi,PFSA,2026-09-24,2026-09-23,,,REJECT,M_لا_مستوى_مختبر,ANCHOR,ANCHOR,ANCHOR,ANCHOR,ANCHOR,ANCHOR,ANCHOR,ANCHOR,ANCHOR,ANCHOR,ANCHOR,PASS,ANCHOR,PASS
m2hi,PFSA,2026-09-25,2026-09-24,,,REJECT,M4_base_واسعة,M4_RANGE,M4_RANGE,M4_RANGE,M4_RANGE,M4_RANGE,ANCHOR,M4_RANGE,M4_RANGE,M4_RANGE,M4_RANGE,M4_RANGE,M4_RANGE,M4_RANGE,PASS
m2hi,PFSA,2026-09-26,2026-09-25,,,REJECT,M4_base_واسعة,M4_RANGE,M4_RANGE,M4_RANGE,M4_RANGE,M4_RANGE,ANCHOR,M4_RANGE,M4_RANGE,M4_RANGE,M4_RANGE,M4_RANGE,M4_RANGE,M4_RANGE,PASS
m2hi,PFSA,2026-09-29,2026-09-28,,,REJECT,M4_base_واسعة,M4_RANGE,M4_RANGE,M4_RANGE,M4_RANGE,M4_RANGE,ANCHOR,M4_RANGE,M4_RANGE,M4_RANGE,M4_RANGE,M4_RANGE,M4_RANGE,M4_RANGE,PASS
m2hi,PFSA,2026-09-30,2026-09-29,,,REJECT,M4_base_واسعة,M4_RANGE,M4_RANGE,M4_RANGE,M4_RANGE,M4_RANGE,ANCHOR,M4_RANGE,M4_RANGE,M4_RANGE,M4_RANGE,M4_RANGE,M4_RANGE,M4_RANGE,PASS
m2hi,PFSA,2026-10-01,2026-09-30,,,REJECT,M4_base_واسعة,M4_RANGE,M4_RANGE,M4_RANGE,M4_RANGE,M4_RANGE,ANCHOR,M4_RANGE,M4_RANGE,M4_RANGE,M4_RANGE,M4_RANGE,M4_RANGE,M4_RANGE,PASS
m2hi,PFSA,2026-10-02,2026-10-01,,,REJECT,M4_base_واسعة,M4_RANGE,M4_RANGE,M4_RANGE,M4_RANGE,M4_RANGE,ANCHOR,M4_RANGE,M4_RANGE,M4_RANGE,M4_RANGE,M4_RANGE,M4_RANGE,M4_RANGE,PASS
m2hi,PFSA,2026-10-03,2026-10-02,,,REJECT,M4_base_واسعة,M4_RANGE,M4_RANGE,M4_RANGE,M4_RANGE,M4_RANGE,ANCHOR,M4_RANGE,M4_RANGE,M4_RANGE,M4_RANGE,M4_RANGE,M4_RANGE,M4_RANGE,PASS
m2hi,PFSA,2026-10-06,2026-10-05,,,REJECT,M4_base_واسعة,M4_RANGE,M4_RANGE,M4_RANGE,M4_RANGE,M4_RANGE,ANCHOR,M4_RANGE,M4_RANGE,M4_RANGE,M4_RANGE,M4_RANGE,M4_RANGE,M4_RANGE,PASS
m2hi,PFSA,2026-10-07,2026-10-06,,,REJECT,M4_base_واسعة,M4_RANGE,M4_RANGE,M4_RANGE,M4_RANGE,M4_RANGE,PASS,M4_RANGE,M4_RANGE,M4_RANGE,M4_RANGE,M4_RANGE,M4_RANGE,M4_RANGE,PASS
m2hi,PFSA,2026-10-08,2026-10-07,,,REJECT,M2_هبوط_فوق_97,M2_CEIL,M2_CEIL,M4_RANGE,M2_CEIL,M2_CEIL,M2_CEIL,M2_CEIL,M2_CEIL,M2_CEIL,M2_CEIL,M2_CEIL,M2_CEIL,M2_CEIL,PASS
m2hi,RUBI,2026-09-11,2026-09-10,,,REJECT,M2_هبوط_فوق_97,M2_CEIL,M2_CEIL,M3,M2_CEIL,M2_CEIL,M2_CEIL,M2_CEIL,M2_CEIL,M2_CEIL,M2_CEIL,M2_CEIL,M2_CEIL,M2_CEIL,PASS
m2hi,RUBI,2026-09-12,2026-09-11,,,REJECT,M2_هبوط_فوق_97,M2_CEIL,M2_CEIL,M3,M2_CEIL,M2_CEIL,M2_CEIL,M2_CEIL,M2_CEIL,M2_CEIL,M2_CEIL,M2_CEIL,M2_CEIL,M2_CEIL,PASS
m2hi,RUBI,2026-09-15,2026-09-14,,,REJECT,M2_هبوط_فوق_97,M2_CEIL,M2_CEIL,M3,M2_CEIL,M2_CEIL,M2_CEIL,M2_CEIL,M2_CEIL,M2_CEIL,M2_CEIL,M2_CEIL,M2_CEIL,M2_CEIL,PASS
m2hi,RUBI,2026-09-16,2026-09-15,,,REJECT,M2_هبوط_فوق_97,M2_CEIL,M2_CEIL,M3,M2_CEIL,M2_CEIL,M2_CEIL,M2_CEIL,M2_CEIL,M2_CEIL,M2_CEIL,M2_CEIL,M2_CEIL,M2_CEIL,PASS
m2hi,RUBI,2026-09-17,2026-09-16,,,REJECT,M2_هبوط_فوق_97,M2_CEIL,M2_CEIL,M3,M2_CEIL,M2_CEIL,M2_CEIL,M2_CEIL,M2_CEIL,M2_CEIL,M2_CEIL,M2_CEIL,M2_CEIL,M2_CEIL,PASS
m2hi,RUBI,2026-09-18,2026-09-17,,,REJECT,M2_هبوط_فوق_97,M2_CEIL,M2_CEIL,M3,M2_CEIL,M2_CEIL,M2_CEIL,M2_CEIL,M2_CEIL,M2_CEIL,M2_CEIL,M2_CEIL,M2_CEIL,M2_CEIL,PASS
m2hi,RUBI,2026-09-19,2026-09-18,,,REJECT,M2_هبوط_فوق_97,M2_CEIL,M2_CEIL,M3,M2_CEIL,M2_CEIL,M2_CEIL,M2_CEIL,M2_CEIL,M2_CEIL,M2_CEIL,M2_CEIL,M2_CEIL,M2_CEIL,PASS
m2hi,RUBI,2026-09-22,2026-09-21,,,REJECT,M2_هبوط_فوق_97,M2_CEIL,M2_CEIL,M3,M2_CEIL,M2_CEIL,M2_CEIL,M2_CEIL,M2_CEIL,M2_CEIL,M2_CEIL,M2_CEIL,M2_CEIL,M2_CEIL,PASS
m2hi,RUBI,2026-09-23,2026-09-22,,,REJECT,M2_هبوط_فوق_97,M2_CEIL,M2_CEIL,M3,M2_CEIL,M2_CEIL,M2_CEIL,M2_CEIL,M2_CEIL,M2_CEIL,M2_CEIL,M2_CEIL,M2_CEIL,M2_CEIL,PASS
m2hi,RUBI,2026-09-24,2026-09-23,,,REJECT,M2_هبوط_فوق_97,M2_CEIL,M2_CEIL,M3,M2_CEIL,M2_CEIL,M2_CEIL,M2_CEIL,M2_CEIL,M2_CEIL,M2_CEIL,M2_CEIL,M2_CEIL,M2_CEIL,PASS
m2hi,RUBI,2026-09-25,2026-09-24,,,REJECT,M2_هبوط_فوق_97,M2_CEIL,M2_CEIL,M3,M2_CEIL,M2_CEIL,M2_CEIL,M2_CEIL,M2_CEIL,M2_CEIL,M2_CEIL,M2_CEIL,M2_CEIL,M2_CEIL,PASS
m2hi,RUBI,2026-09-26,2026-09-25,,,REJECT,M2_هبوط_فوق_97,M2_CEIL,M2_CEIL,M3,M2_CEIL,M2_CEIL,M2_CEIL,M2_CEIL,M2_CEIL,M2_CEIL,M2_CEIL,M2_CEIL,M2_CEIL,M2_CEIL,PASS
m2hi,RUBI,2026-09-29,2026-09-28,,,REJECT,M2_هبوط_فوق_97,M2_CEIL,M2_CEIL,M3,M2_CEIL,M2_CEIL,M2_CEIL,M2_CEIL,M2_CEIL,M2_CEIL,M2_CEIL,M2_CEIL,M2_CEIL,M2_CEIL,PASS
m2hi,RUBI,2026-09-30,2026-09-29,,,REJECT,M2_هبوط_فوق_97,M2_CEIL,M2_CEIL,M3,M2_CEIL,M2_CEIL,M2_CEIL,M2_CEIL,M2_CEIL,M2_CEIL,M2_CEIL,M2_CEIL,M2_CEIL,M2_CEIL,PASS
m2hi,RUBI,2026-10-01,2026-09-30,,,REJECT,M2_هبوط_فوق_97,M2_CEIL,M2_CEIL,M3,M2_CEIL,M2_CEIL,M2_CEIL,M2_CEIL,M2_CEIL,M2_CEIL,M2_CEIL,M2_CEIL,M2_CEIL,M2_CEIL,PASS
m2hi,RUBI,2026-10-02,2026-10-01,,,REJECT,M2_هبوط_فوق_97,M2_CEIL,M2_CEIL,M3,M2_CEIL,M2_CEIL,M2_CEIL,M2_CEIL,M2_CEIL,M2_CEIL,M2_CEIL,M2_CEIL,M2_CEIL,M2_CEIL,PASS
m2hi,RUBI,2026-10-03,2026-10-02,,,REJECT,M2_هبوط_فوق_97,M2_CEIL,M2_CEIL,M3,M2_CEIL,M2_CEIL,M2_CEIL,M2_CEIL,M2_CEIL,M2_CEIL,M2_CEIL,M2_CEIL,M2_CEIL,M2_CEIL,PASS
m2hi,RUBI,2026-10-06,2026-10-05,,,REJECT,M2_هبوط_فوق_97,M2_CEIL,M2_CEIL,M3,M2_CEIL,M2_CEIL,M2_CEIL,M2_CEIL,M2_CEIL,M2_CEIL,M2_CEIL,M2_CEIL,M2_CEIL,M2_CEIL,PASS
m2hi,RUBI,2026-10-07,2026-10-06,,,REJECT,M2_هبوط_فوق_97,M2_CEIL,M2_CEIL,M3,M2_CEIL,M2_CEIL,M2_CEIL,M2_CEIL,M2_CEIL,M2_CEIL,M2_CEIL,M2_CEIL,M2_CEIL,M2_CEIL,PASS
m2hi,RUBI,2026-10-08,2026-10-07,,,REJECT,M2_هبوط_فوق_97,M2_CEIL,M2_CEIL,M3,M2_CEIL,M2_CEIL,M2_CEIL,M2_CEIL,M2_CEIL,M2_CEIL,M2_CEIL,M2_CEIL,M2_CEIL,M2_CEIL,PASS
m2hi,SMX,2026-09-11,2026-09-10,,,REJECT,M2_هبوط_فوق_97,M2_CEIL,M2_CEIL,ANCHOR,M2_CEIL,M2_CEIL,M2_CEIL,M2_CEIL,M2_CEIL,M2_CEIL,M2_CEIL,M2_CEIL,M2_CEIL,M2_CEIL,PASS
m2hi,SMX,2026-09-12,2026-09-11,,,REJECT,M2_هبوط_فوق_97,M2_CEIL,M2_CEIL,ANCHOR,M2_CEIL,M2_CEIL,M2_CEIL,M2_CEIL,M2_CEIL,M2_CEIL,M2_CEIL,M2_CEIL,M2_CEIL,M2_CEIL,PASS
m2hi,SMX,2026-09-15,2026-09-14,,,REJECT,M2_هبوط_فوق_97,M2_CEIL,M2_CEIL,ANCHOR,M2_CEIL,M2_CEIL,M2_CEIL,M2_CEIL,M2_CEIL,M2_CEIL,M2_CEIL,M2_CEIL,M2_CEIL,M2_CEIL,PASS
m2hi,SMX,2026-09-16,2026-09-15,,,REJECT,M2_هبوط_فوق_97,M2_CEIL,M2_CEIL,ANCHOR,M2_CEIL,M2_CEIL,M2_CEIL,M2_CEIL,M2_CEIL,M2_CEIL,M2_CEIL,M2_CEIL,M2_CEIL,M2_CEIL,PASS
m2hi,SMX,2026-09-17,2026-09-16,,,REJECT,M2_هبوط_فوق_97,M2_CEIL,M2_CEIL,ANCHOR,M2_CEIL,M2_CEIL,M2_CEIL,M2_CEIL,M2_CEIL,M2_CEIL,M2_CEIL,M2_CEIL,M2_CEIL,M2_CEIL,PASS
m2hi,SMX,2026-09-18,2026-09-17,,,REJECT,M2_هبوط_فوق_97,M2_CEIL,M2_CEIL,ANCHOR,M2_CEIL,M2_CEIL,M2_CEIL,M2_CEIL,M2_CEIL,M2_CEIL,M2_CEIL,M2_CEIL,M2_CEIL,M2_CEIL,PASS
m2hi,SMX,2026-09-19,2026-09-18,,,REJECT,M2_هبوط_فوق_97,M2_CEIL,M2_CEIL,ANCHOR,M2_CEIL,M2_CEIL,M2_CEIL,M2_CEIL,M2_CEIL,M2_CEIL,M2_CEIL,M2_CEIL,M2_CEIL,M2_CEIL,PASS
m2hi,SMX,2026-09-22,2026-09-21,,,REJECT,M2_هبوط_فوق_97,M2_CEIL,M2_CEIL,ANCHOR,M2_CEIL,M2_CEIL,M2_CEIL,M2_CEIL,M2_CEIL,M2_CEIL,M2_CEIL,M2_CEIL,M2_CEIL,M2_CEIL,PASS
m2hi,SMX,2026-09-23,2026-09-22,,,REJECT,M2_هبوط_فوق_97,M2_CEIL,M2_CEIL,ANCHOR,M2_CEIL,M2_CEIL,M2_CEIL,M2_CEIL,M2_CEIL,M2_CEIL,M2_CEIL,M2_CEIL,M2_CEIL,M2_CEIL,PASS
m2hi,SMX,2026-09-24,2026-09-23,,,REJECT,M2_هبوط_فوق_97,M2_CEIL,M2_CEIL,ANCHOR,M2_CEIL,M2_CEIL,M2_CEIL,M2_CEIL,M2_CEIL,M2_CEIL,M2_CEIL,M2_CEIL,M2_CEIL,M2_CEIL,PASS
m2hi,SMX,2026-09-25,2026-09-24,,,REJECT,M2_هبوط_فوق_97,M2_CEIL,M2_CEIL,M4_RANGE,M2_CEIL,M2_CEIL,M2_CEIL,M2_CEIL,M2_CEIL,M2_CEIL,M2_CEIL,M2_CEIL,M2_CEIL,M2_CEIL,PASS
m2hi,SMX,2026-09-26,2026-09-25,,,REJECT,M2_هبوط_فوق_97,M2_CEIL,M2_CEIL,M4_RANGE,M2_CEIL,M2_CEIL,M2_CEIL,M2_CEIL,M2_CEIL,M2_CEIL,M2_CEIL,M2_CEIL,M2_CEIL,M2_CEIL,PASS
m2hi,SMX,2026-09-29,2026-09-28,,,REJECT,M2_هبوط_فوق_97,M2_CEIL,M2_CEIL,M4_RANGE,M2_CEIL,M2_CEIL,M2_CEIL,M2_CEIL,M2_CEIL,M2_CEIL,M2_CEIL,M2_CEIL,M2_CEIL,M2_CEIL,PASS
m2hi,SMX,2026-09-30,2026-09-29,,,REJECT,M2_هبوط_فوق_97,M2_CEIL,M2_CEIL,M4_RANGE,M2_CEIL,M2_CEIL,M2_CEIL,M2_CEIL,M2_CEIL,M2_CEIL,M2_CEIL,M2_CEIL,M2_CEIL,M2_CEIL,PASS
m2hi,SMX,2026-10-01,2026-09-30,,,REJECT,M2_هبوط_فوق_97,M2_CEIL,M2_CEIL,M4_RANGE,M2_CEIL,M2_CEIL,M2_CEIL,M2_CEIL,M2_CEIL,M2_CEIL,M2_CEIL,M2_CEIL,M2_CEIL,M2_CEIL,PASS
m2hi,SMX,2026-10-02,2026-10-01,,,REJECT,M2_هبوط_فوق_97,M2_CEIL,M2_CEIL,M4_RANGE,M2_CEIL,M2_CEIL,M2_CEIL,M2_CEIL,M2_CEIL,M2_CEIL,M2_CEIL,M2_CEIL,M2_CEIL,M2_CEIL,PASS
m2hi,SMX,2026-10-03,2026-10-02,,,REJECT,M2_هبوط_فوق_97,M2_CEIL,M2_CEIL,M4_RANGE,M2_CEIL,M2_CEIL,M2_CEIL,M2_CEIL,M2_CEIL,M2_CEIL,M2_CEIL,M2_CEIL,M2_CEIL,M2_CEIL,PASS
m2hi,SMX,2026-10-06,2026-10-05,,,REJECT,M2_هبوط_فوق_97,M2_CEIL,M2_CEIL,M4_RANGE,M2_CEIL,M2_CEIL,M2_CEIL,M2_CEIL,M2_CEIL,M2_CEIL,M2_CEIL,M2_CEIL,M2_CEIL,M2_CEIL,PASS
m2hi,SMX,2026-10-07,2026-10-06,,,REJECT,M2_هبوط_فوق_97,M2_CEIL,M2_CEIL,M4_RANGE,M2_CEIL,M2_CEIL,M2_CEIL,M2_CEIL,M2_CEIL,M2_CEIL,M2_CEIL,M2_CEIL,M2_CEIL,M2_CEIL,PASS
m2hi,SMX,2026-10-08,2026-10-07,,,REJECT,M2_هبوط_فوق_97,M2_CEIL,M2_CEIL,M4_RANGE,M2_CEIL,M2_CEIL,M2_CEIL,M2_CEIL,M2_CEIL,M2_CEIL,M2_CEIL,M2_CEIL,M2_CEIL,M2_CEIL,PASS
m2hi,WHLR,2026-09-11,2026-09-10,,,REJECT,M2_هبوط_فوق_97,M2_CEIL,M2_CEIL,M4_RANGE,M2_CEIL,M2_CEIL,M2_CEIL,M2_CEIL,M2_CEIL,M2_CEIL,M2_CEIL,M2_CEIL,M2_CEIL,M2_CEIL,PASS
m2hi,WHLR,2026-09-12,2026-09-11,,,REJECT,M2_هبوط_فوق_97,M2_CEIL,M2_CEIL,M4_RANGE,M2_CEIL,M2_CEIL,M2_CEIL,M2_CEIL,M2_CEIL,M2_CEIL,M2_CEIL,M2_CEIL,M2_CEIL,M2_CEIL,PASS
m2hi,WHLR,2026-09-15,2026-09-14,,,REJECT,M2_هبوط_فوق_97,M2_CEIL,M2_CEIL,M4_RANGE,M2_CEIL,M2_CEIL,M2_CEIL,M2_CEIL,M2_CEIL,M2_CEIL,M2_CEIL,M2_CEIL,M2_CEIL,M2_CEIL,PASS
m2hi,WHLR,2026-09-16,2026-09-15,,,REJECT,M2_هبوط_فوق_97,M2_CEIL,M2_CEIL,M4_RANGE,M2_CEIL,M2_CEIL,M2_CEIL,M2_CEIL,M2_CEIL,M2_CEIL,M2_CEIL,M2_CEIL,M2_CEIL,M2_CEIL,PASS
m2hi,WHLR,2026-09-17,2026-09-16,,,REJECT,M2_هبوط_فوق_97,M2_CEIL,M2_CEIL,M4_RANGE,M2_CEIL,M2_CEIL,M2_CEIL,M2_CEIL,M2_CEIL,M2_CEIL,M2_CEIL,M2_CEIL,M2_CEIL,M2_CEIL,PASS
m2hi,WHLR,2026-09-18,2026-09-17,,,REJECT,M2_هبوط_فوق_97,M2_CEIL,M2_CEIL,M4_RANGE,M2_CEIL,M2_CEIL,M2_CEIL,M2_CEIL,M2_CEIL,M2_CEIL,M2_CEIL,M2_CEIL,M2_CEIL,M2_CEIL,PASS
m2hi,WHLR,2026-09-19,2026-09-18,,,REJECT,M2_هبوط_فوق_97,M2_CEIL,M2_CEIL,M4_RANGE,M2_CEIL,M2_CEIL,M2_CEIL,M2_CEIL,M2_CEIL,M2_CEIL,M2_CEIL,M2_CEIL,M2_CEIL,M2_CEIL,PASS
m2hi,WHLR,2026-09-22,2026-09-21,,,REJECT,M2_هبوط_فوق_97,M2_CEIL,M2_CEIL,M4_RANGE,M2_CEIL,M2_CEIL,M2_CEIL,M2_CEIL,M2_CEIL,M2_CEIL,M2_CEIL,M2_CEIL,M2_CEIL,M2_CEIL,PASS
m2hi,WHLR,2026-09-23,2026-09-22,,,REJECT,M2_هبوط_فوق_97,M2_CEIL,M2_CEIL,M4_RANGE,M2_CEIL,M2_CEIL,M2_CEIL,M2_CEIL,M2_CEIL,M2_CEIL,M2_CEIL,M2_CEIL,M2_CEIL,M2_CEIL,PASS
m2hi,WHLR,2026-09-24,2026-09-23,,,REJECT,M2_هبوط_فوق_97,M2_CEIL,M2_CEIL,M4_RANGE,M2_CEIL,M2_CEIL,M2_CEIL,M2_CEIL,M2_CEIL,M2_CEIL,M2_CEIL,M2_CEIL,M2_CEIL,M2_CEIL,PASS
m2hi,WHLR,2026-09-25,2026-09-24,,,REJECT,M2_هبوط_فوق_97,M2_CEIL,M2_CEIL,M4_RANGE,M2_CEIL,M2_CEIL,M2_CEIL,M2_CEIL,M2_CEIL,M2_CEIL,M2_CEIL,M2_CEIL,M2_CEIL,M2_CEIL,PASS
m2hi,WHLR,2026-09-26,2026-09-25,,,REJECT,M2_هبوط_فوق_97,M2_CEIL,M2_CEIL,M4_RANGE,M2_CEIL,M2_CEIL,M2_CEIL,M2_CEIL,M2_CEIL,M2_CEIL,M2_CEIL,M2_CEIL,M2_CEIL,M2_CEIL,PASS
m2hi,WHLR,2026-09-29,2026-09-28,,,REJECT,M2_هبوط_فوق_97,M2_CEIL,M2_CEIL,M4_RANGE,M2_CEIL,M2_CEIL,M2_CEIL,M2_CEIL,M2_CEIL,M2_CEIL,M2_CEIL,M2_CEIL,M2_CEIL,M2_CEIL,PASS
m2hi,WHLR,2026-09-30,2026-09-29,,,REJECT,M2_هبوط_فوق_97,M2_CEIL,M2_CEIL,M4_RANGE,M2_CEIL,M2_CEIL,M2_CEIL,M2_CEIL,M2_CEIL,M2_CEIL,M2_CEIL,M2_CEIL,M2_CEIL,M2_CEIL,PASS
m2hi,WHLR,2026-10-01,2026-09-30,,,REJECT,M2_هبوط_فوق_97,M2_CEIL,M2_CEIL,M4_RANGE,M2_CEIL,M2_CEIL,M2_CEIL,M2_CEIL,M2_CEIL,M2_CEIL,M2_CEIL,M2_CEIL,M2_CEIL,M2_CEIL,PASS
m2hi,WHLR,2026-10-02,2026-10-01,,,REJECT,M2_هبوط_فوق_97,M2_CEIL,M2_CEIL,M4_RANGE,M2_CEIL,M2_CEIL,M2_CEIL,M2_CEIL,M2_CEIL,M2_CEIL,M2_CEIL,M2_CEIL,M2_CEIL,M2_CEIL,PASS
m2hi,WHLR,2026-10-03,2026-10-02,,,REJECT,M2_هبوط_فوق_97,M2_CEIL,M2_CEIL,M4_RANGE,M2_CEIL,M2_CEIL,M2_CEIL,M2_CEIL,M2_CEIL,M2_CEIL,M2_CEIL,M2_CEIL,M2_CEIL,M2_CEIL,PASS
m2hi,WHLR,2026-10-06,2026-10-05,,,REJECT,M2_هبوط_فوق_97,M2_CEIL,M2_CEIL,M4_RANGE,M2_CEIL,M2_CEIL,M2_CEIL,M2_CEIL,M2_CEIL,M2_CEIL,M2_CEIL,M2_CEIL,M2_CEIL,M2_CEIL,PASS
m2hi,WHLR,2026-10-07,2026-10-06,,,REJECT,M2_هبوط_فوق_97,M2_CEIL,M2_CEIL,M4_RANGE,M2_CEIL,M2_CEIL,M2_CEIL,M2_CEIL,M2_CEIL,M2_CEIL,M2_CEIL,M2_CEIL,M2_CEIL,M2_CEIL,PASS
m2hi,WHLR,2026-10-08,2026-10-07,,,REJECT,M2_هبوط_فوق_97,M2_CEIL,M2_CEIL,M4_RANGE,M2_CEIL,M2_CEIL,M2_CEIL,M2_CEIL,M2_CEIL,M2_CEIL,M2_CEIL,M2_CEIL,M2_CEIL,M2_CEIL,PASS
m2hi,YYAI,2026-09-11,2026-09-10,,,REJECT,M2_هبوط_فوق_97,M2_CEIL,M2_CEIL,ANCHOR,M2_CEIL,M2_CEIL,M2_CEIL,M2_CEIL,M2_CEIL,M2_CEIL,M2_CEIL,M2_CEIL,M2_CEIL,M2_CEIL,PASS
m2hi,YYAI,2026-09-12,2026-09-11,,,REJECT,M2_هبوط_فوق_97,M2_CEIL,M2_CEIL,ANCHOR,M2_CEIL,M2_CEIL,M2_CEIL,M2_CEIL,M2_CEIL,M2_CEIL,M2_CEIL,M2_CEIL,M2_CEIL,M2_CEIL,PASS
m2hi,YYAI,2026-09-15,2026-09-14,,,REJECT,M2_هبوط_فوق_97,M2_CEIL,M2_CEIL,ANCHOR,M2_CEIL,M2_CEIL,M2_CEIL,M2_CEIL,M2_CEIL,M2_CEIL,M2_CEIL,M2_CEIL,M2_CEIL,M2_CEIL,PASS
m2hi,YYAI,2026-09-16,2026-09-15,,,REJECT,M2_هبوط_فوق_97,M2_CEIL,M2_CEIL,ANCHOR,M2_CEIL,M2_CEIL,M2_CEIL,M2_CEIL,M2_CEIL,M2_CEIL,M2_CEIL,M2_CEIL,M2_CEIL,M2_CEIL,PASS
m2hi,YYAI,2026-09-17,2026-09-16,,,REJECT,M2_هبوط_فوق_97,M2_CEIL,M2_CEIL,ANCHOR,M2_CEIL,M2_CEIL,M2_CEIL,M2_CEIL,M2_CEIL,M2_CEIL,M2_CEIL,M2_CEIL,M2_CEIL,M2_CEIL,PASS
m2hi,YYAI,2026-09-18,2026-09-17,,,REJECT,M2_هبوط_فوق_97,M2_CEIL,M2_CEIL,ANCHOR,M2_CEIL,M2_CEIL,M2_CEIL,M2_CEIL,M2_CEIL,M2_CEIL,M2_CEIL,M2_CEIL,M2_CEIL,M2_CEIL,PASS
m2hi,YYAI,2026-09-19,2026-09-18,,,REJECT,M2_هبوط_فوق_97,M2_CEIL,M2_CEIL,ANCHOR,M2_CEIL,M2_CEIL,M2_CEIL,M2_CEIL,M2_CEIL,M2_CEIL,M2_CEIL,M2_CEIL,M2_CEIL,M2_CEIL,PASS
m2hi,YYAI,2026-09-22,2026-09-21,,,REJECT,M2_هبوط_فوق_97,M2_CEIL,M2_CEIL,ANCHOR,M2_CEIL,M2_CEIL,M2_CEIL,M2_CEIL,M2_CEIL,M2_CEIL,M2_CEIL,M2_CEIL,M2_CEIL,M2_CEIL,PASS
m2hi,YYAI,2026-09-23,2026-09-22,,,REJECT,M2_هبوط_فوق_97,M2_CEIL,M2_CEIL,ANCHOR,M2_CEIL,M2_CEIL,M2_CEIL,M2_CEIL,M2_CEIL,M2_CEIL,M2_CEIL,M2_CEIL,M2_CEIL,M2_CEIL,PASS
m2hi,YYAI,2026-09-24,2026-09-23,,,REJECT,M2_هبوط_فوق_97,M2_CEIL,M2_CEIL,ANCHOR,M2_CEIL,M2_CEIL,M2_CEIL,M2_CEIL,M2_CEIL,M2_CEIL,M2_CEIL,M2_CEIL,M2_CEIL,M2_CEIL,PASS
m2hi,YYAI,2026-09-25,2026-09-24,,,REJECT,M2_هبوط_فوق_97,M2_CEIL,M2_CEIL,ANCHOR,M2_CEIL,M2_CEIL,M2_CEIL,M2_CEIL,M2_CEIL,M2_CEIL,M2_CEIL,M2_CEIL,M2_CEIL,M2_CEIL,PASS
m2hi,YYAI,2026-09-26,2026-09-25,,,REJECT,M2_هبوط_فوق_97,M2_CEIL,M2_CEIL,ANCHOR,M2_CEIL,M2_CEIL,M2_CEIL,M2_CEIL,M2_CEIL,M2_CEIL,M2_CEIL,M2_CEIL,M2_CEIL,M2_CEIL,PASS
m2hi,YYAI,2026-09-29,2026-09-28,,,REJECT,M2_هبوط_فوق_97,M2_CEIL,M2_CEIL,ANCHOR,M2_CEIL,M2_CEIL,M2_CEIL,M2_CEIL,M2_CEIL,M2_CEIL,M2_CEIL,M2_CEIL,M2_CEIL,M2_CEIL,PASS
m2hi,YYAI,2026-09-30,2026-09-29,,,REJECT,M2_هبوط_فوق_97,M2_CEIL,M2_CEIL,ANCHOR,M2_CEIL,M2_CEIL,M2_CEIL,M2_CEIL,M2_CEIL,M2_CEIL,M2_CEIL,M2_CEIL,M2_CEIL,M2_CEIL,PASS
m2hi,YYAI,2026-10-01,2026-09-30,,,REJECT,M2_هبوط_فوق_97,M2_CEIL,M2_CEIL,ANCHOR,M2_CEIL,M2_CEIL,M2_CEIL,M2_CEIL,M2_CEIL,M2_CEIL,M2_CEIL,M2_CEIL,M2_CEIL,M2_CEIL,PASS
m2hi,YYAI,2026-10-02,2026-10-01,,,REJECT,M2_هبوط_فوق_97,M2_CEIL,M2_CEIL,ANCHOR,M2_CEIL,M2_CEIL,M2_CEIL,M2_CEIL,M2_CEIL,M2_CEIL,M2_CEIL,M2_CEIL,M2_CEIL,M2_CEIL,PASS
m2hi,YYAI,2026-10-03,2026-10-02,,,REJECT,M2_هبوط_فوق_97,M2_CEIL,M2_CEIL,ANCHOR,M2_CEIL,M2_CEIL,M2_CEIL,M2_CEIL,M2_CEIL,M2_CEIL,M2_CEIL,M2_CEIL,M2_CEIL,M2_CEIL,PASS
m2hi,YYAI,2026-10-06,2026-10-05,,,REJECT,M2_هبوط_فوق_97,M2_CEIL,M2_CEIL,ANCHOR,M2_CEIL,M2_CEIL,M2_CEIL,M2_CEIL,M2_CEIL,M2_CEIL,M2_CEIL,M2_CEIL,M2_CEIL,M2_CEIL,PASS
m2hi,YYAI,2026-10-07,2026-10-06,,,REJECT,M2_هبوط_فوق_97,M2_CEIL,M2_CEIL,ANCHOR,M2_CEIL,M2_CEIL,M2_CEIL,M2_CEIL,M2_CEIL,M2_CEIL,M2_CEIL,M2_CEIL,M2_CEIL,M2_CEIL,PASS
m2hi,YYAI,2026-10-08,2026-10-07,,,REJECT,M2_هبوط_فوق_97,M2_CEIL,M2_CEIL,ANCHOR,M2_CEIL,M2_CEIL,M2_CEIL,M2_CEIL,M2_CEIL,M2_CEIL,M2_CEIL,M2_CEIL,M2_CEIL,M2_CEIL,PASS
m2hi,ZNB,2026-09-11,2026-09-10,,,REJECT,M2_هبوط_فوق_97,M2_CEIL,M2_CEIL,ANCHOR,M2_CEIL,M2_CEIL,M2_CEIL,M2_CEIL,M2_CEIL,M2_CEIL,M2_CEIL,M2_CEIL,M2_CEIL,M2_CEIL,PASS
m2hi,ZNB,2026-09-12,2026-09-11,,,REJECT,M2_هبوط_فوق_97,M2_CEIL,M2_CEIL,ANCHOR,M2_CEIL,M2_CEIL,M2_CEIL,M2_CEIL,M2_CEIL,M2_CEIL,M2_CEIL,M2_CEIL,M2_CEIL,M2_CEIL,PASS
m2hi,ZNB,2026-09-15,2026-09-14,,,REJECT,M2_هبوط_فوق_97,M2_CEIL,M2_CEIL,ANCHOR,M2_CEIL,M2_CEIL,M2_CEIL,M2_CEIL,M2_CEIL,M2_CEIL,M2_CEIL,M2_CEIL,M2_CEIL,M2_CEIL,PASS
m2hi,ZNB,2026-09-16,2026-09-15,,,REJECT,M2_هبوط_فوق_97,M2_CEIL,M2_CEIL,ANCHOR,M2_CEIL,M2_CEIL,M2_CEIL,M2_CEIL,M2_CEIL,M2_CEIL,M2_CEIL,M2_CEIL,M2_CEIL,M2_CEIL,PASS
m2hi,ZNB,2026-09-17,2026-09-16,,,REJECT,M2_هبوط_فوق_97,M2_CEIL,M2_CEIL,ANCHOR,M2_CEIL,M2_CEIL,M2_CEIL,M2_CEIL,M2_CEIL,M2_CEIL,M2_CEIL,M2_CEIL,M2_CEIL,M2_CEIL,PASS
m2hi,ZNB,2026-09-18,2026-09-17,,,REJECT,M2_هبوط_فوق_97,M2_CEIL,M2_CEIL,ANCHOR,M2_CEIL,M2_CEIL,M2_CEIL,M2_CEIL,M2_CEIL,M2_CEIL,M2_CEIL,M2_CEIL,M2_CEIL,M2_CEIL,PASS
m2hi,ZNB,2026-09-19,2026-09-18,,,REJECT,M2_هبوط_فوق_97,M2_CEIL,M2_CEIL,ANCHOR,M2_CEIL,M2_CEIL,M2_CEIL,M2_CEIL,M2_CEIL,M2_CEIL,M2_CEIL,M2_CEIL,M2_CEIL,M2_CEIL,PASS
m2hi,ZNB,2026-09-22,2026-09-21,,,REJECT,M2_هبوط_فوق_97,M2_CEIL,M2_CEIL,ANCHOR,M2_CEIL,M2_CEIL,M2_CEIL,M2_CEIL,M2_CEIL,M2_CEIL,M2_CEIL,M2_CEIL,M2_CEIL,M2_CEIL,PASS
m2hi,ZNB,2026-09-23,2026-09-22,,,REJECT,M2_هبوط_فوق_97,M2_CEIL,M2_CEIL,ANCHOR,M2_CEIL,M2_CEIL,M2_CEIL,M2_CEIL,M2_CEIL,M2_CEIL,M2_CEIL,M2_CEIL,M2_CEIL,M2_CEIL,PASS
m2hi,ZNB,2026-09-24,2026-09-23,,,REJECT,M2_هبوط_فوق_97,M2_CEIL,M2_CEIL,ANCHOR,M2_CEIL,M2_CEIL,M2_CEIL,M2_CEIL,M2_CEIL,M2_CEIL,M2_CEIL,M2_CEIL,M2_CEIL,M2_CEIL,PASS
m2hi,ZNB,2026-09-25,2026-09-24,,,REJECT,M2_هبوط_فوق_97,M2_CEIL,M2_CEIL,ANCHOR,M2_CEIL,M2_CEIL,M2_CEIL,M2_CEIL,M2_CEIL,M2_CEIL,M2_CEIL,M2_CEIL,M2_CEIL,M2_CEIL,PASS
m2hi,ZNB,2026-09-26,2026-09-25,,,REJECT,M2_هبوط_فوق_97,M2_CEIL,M2_CEIL,ANCHOR,M2_CEIL,M2_CEIL,M2_CEIL,M2_CEIL,M2_CEIL,M2_CEIL,M2_CEIL,M2_CEIL,M2_CEIL,M2_CEIL,PASS
m2hi,ZNB,2026-09-29,2026-09-28,,,REJECT,M2_هبوط_فوق_97,M2_CEIL,M2_CEIL,ANCHOR,M2_CEIL,M2_CEIL,M2_CEIL,M2_CEIL,M2_CEIL,M2_CEIL,M2_CEIL,M2_CEIL,M2_CEIL,M2_CEIL,PASS
m2hi,ZNB,2026-09-30,2026-09-29,,,REJECT,M2_هبوط_فوق_97,M2_CEIL,M2_CEIL,ANCHOR,M2_CEIL,M2_CEIL,M2_CEIL,M2_CEIL,M2_CEIL,M2_CEIL,M2_CEIL,M2_CEIL,M2_CEIL,M2_CEIL,PASS
m2hi,ZNB,2026-10-01,2026-09-30,,,REJECT,M2_هبوط_فوق_97,M2_CEIL,M2_CEIL,ANCHOR,M2_CEIL,M2_CEIL,M2_CEIL,M2_CEIL,M2_CEIL,M2_CEIL,M2_CEIL,M2_CEIL,M2_CEIL,M2_CEIL,PASS
m2hi,ZNB,2026-10-02,2026-10-01,,,REJECT,M2_هبوط_فوق_97,M2_CEIL,M2_CEIL,ANCHOR,M2_CEIL,M2_CEIL,M2_CEIL,M2_CEIL,M2_CEIL,M2_CEIL,M2_CEIL,M2_CEIL,M2_CEIL,M2_CEIL,PASS
m2hi,ZNB,2026-10-03,2026-10-02,,,REJECT,M2_هبوط_فوق_97,M2_CEIL,M2_CEIL,ANCHOR,M2_CEIL,M2_CEIL,M2_CEIL,M2_CEIL,M2_CEIL,M2_CEIL,M2_CEIL,M2_CEIL,M2_CEIL,M2_CEIL,PASS
m2hi,ZNB,2026-10-06,2026-10-05,,,REJECT,M2_هبوط_فوق_97,M2_CEIL,M2_CEIL,PASS,M2_CEIL,M2_CEIL,M2_CEIL,M2_CEIL,M2_CEIL,M2_CEIL,M2_CEIL,M2_CEIL,M2_CEIL,M2_CEIL,PASS
m2hi,ZNB,2026-10-07,2026-10-06,,,REJECT,M2_هبوط_فوق_97,M2_CEIL,M2_CEIL,PASS,M2_CEIL,M2_CEIL,M2_CEIL,M2_CEIL,M2_CEIL,M2_CEIL,M2_CEIL,M2_CEIL,M2_CEIL,M2_CEIL,PASS
m2hi,ZNB,2026-10-08,2026-10-07,,,REJECT,M2_هبوط_فوق_97,M2_CEIL,M2_CEIL,PASS,M2_CEIL,M2_CEIL,M2_CEIL,M2_CEIL,M2_CEIL,M2_CEIL,M2_CEIL,M2_CEIL,M2_CEIL,M2_CEIL,PASS
