event_id,identity,identity_basis,episode_id,source_ref,statement,source_file,source_kind,author,attribution_basis,speaker,is_faisal,original_ts,ny_ts,capture_ts,ts_quality,asof_lo,asof_hi,ts_flag,excerpt,excerpt_other_speakers,excerpt_source,v4_excerpt,duplicate_of,raw_label,raw_label_class,raw_action,raw_action_class,A_list,A_basis,B_stage,C_action,E_trigger,F_unknown,readiness_tech_qualified,readiness_recalled,carry_forward,carry_forward_state,can_establish_membership,can_establish_transition,technical_only,chart_only,md_available,v4_decision,v4_case,v4_rules,interpretation,eye_note,evidence_class,confidence,contradiction
SE0fc68911d1,ACCL,V4,EP0001,TG_2011,v4,faisal_images/TG_2011.jpg,chart,F,CATALOG_ATTRIBUTION,UNIT_AUTHOR (per-quote speaker not verified),1,2026-06-0x,,,BOUNDED,2026-06-01,2026-06-10,,,,V4_TRANSCRIPTION,,,,,,,,,,,,UNKNOWN,0,0,,,NO,NO,0,1,NO_BARS,NONE,,,,,CHART_ONLY,LOW,
SE71f89c332c,ACCL,V4,EP0001,TG_2012,v4,faisal_images/TG_2012.jpg,chart,F,CATALOG_ATTRIBUTION,UNIT_AUTHOR (per-quote speaker not verified),1,2026-06-0x,,,BOUNDED,2026-06-01,2026-06-10,,,,V4_TRANSCRIPTION,,,,,,,,,,,,UNKNOWN,0,0,,,NO,NO,0,1,NO_BARS,NONE,,,,,CHART_ONLY,LOW,
SE6b7a4aa92d,ADIL,V4,EP0002,IMG_0505,v4,faisal_images/IMG_0505.png,tweet+chart,F,INFERRED_CROPPED,UNIT_AUTHOR (per-quote speaker not verified),1,2026-04,,,BOUNDED,2026-04-01,2026-05-01,,ادیل شرحته بالتفصيل سابقا · وشرحنا طريقة الدخول والتجميع · لكن عندنا ناس مطيوره اي سهم يشوفه يشيله من العرض · اذا اسمي حطيت له هاشتاق راحو يشرونه ماحصلوه · - · ادیل عنده وتد 1.40 اذا كسر 1.54 · ثباته لاحقا فوق 1.40 الهدف يحدد لاحقا 20 او 30 او 50 او 100٪,,V4_TRANSCRIPTION,,,,,«الدخول»,ENTRY_PLAN,,,,ENTRY_PLAN,,,0,0,«سابقا»,,NO,NO,0,0,YES,UNKNOWN,ADIL_2026-04b,ENTRY: «شرحنا طريقة الدخول والتجميع» — الدخولُ بالتجميع (طلبات) لا الشراءُ من العرض | CONTEXT: «ناس مطيوره اي سهم يشوفه يشيله من العرض · اذا اسمي حطيت له هاشتاق راحو يشرونه ماحصلوه» — ذمُّ الشراء المتعجّل من العرض | INVALIDATION: «عنده وتد 1.40 اذا كسر 1.54» — دعمٌ أعمق إن كُسر الأوّل | TARGET: «ثباته لاحقا فوق 1.40 الهدف يحدد لاحقا 20 او 30 او 50 او 100٪»,,,SOURCE_TEXT,LOW,
SE9423bc043c,ADIL,V4,EP0002,TG_2038,v4,faisal_images/TG_2038.jpg,app_pattern,F,CATALOG_ATTRIBUTION,UNIT_AUTHOR (per-quote speaker not verified),1,2026-04-0x,,,BOUNDED,2026-04-01,2026-04-10,,قاب ‖ 03/10/2026 Daily Engulfing (Bullish),,V4_TRANSCRIPTION,,,,,,,,,,,,UNKNOWN,0,0,,,NO,NO,0,0,YES,NONE,,,,,SOURCE_TEXT,LOW,
SEa192ff23a7,ADIL,V4,EP0003,TG_1973,v4,faisal_images/TG_1973.jpg,app_pattern,F,CATALOG_ATTRIBUTION,UNIT_AUTHOR (per-quote speaker not verified),1,2026-05-11,,,RECORDED_UNVERIFIED,2026-05-11,2026-05-12,,03/10/2026 Daily · Engulfing (Bullish) · Short-term Bullish · Close 1.83 · Volume 54.16K · Pattern Duration 2 Day,,V4_TRANSCRIPTION,,,,,,,,,,,,UNKNOWN,0,0,,,NO,NO,0,0,YES,NONE,,,,,SOURCE_TEXT,LOW,
SEbae7b8bbd9,ADIL,V4,EP0004,TG_1962,v4,faisal_images/TG_1962.jpg,chart_annot,F,CATALOG_ATTRIBUTION,UNIT_AUTHOR (per-quote speaker not verified),1,2026-05-2x,,,BOUNDED,2026-05-20,2026-06-01,,قاب,,V4_TRANSCRIPTION,,,,,,,,,,,,UNKNOWN,0,0,,,NO,NO,0,0,YES,NONE,,INFO: «قاب» = فجوة سعريّة فوق السعر تُعلَّم هدفًا,,,SOURCE_TEXT,LOW,
SE07d9d3e1db,ADIL,V4,EP0005,TG_2064,v4,faisal_images/TG_2064.jpg,dm,F,VISIBLE_TAG,UNIT_AUTHOR (per-quote speaker not verified),1,2026-06-07,,,RECORDED_UNVERIFIED,2026-06-08,2026-06-08,,adil ‖ شورته ارتفع شوي من 6 الاف الى 15 الاف ‖ Adil نبي برنت دقيق · هل عنده تقسيم قادم · او طرح او تخفيف اسهم · اذا سلم من الاخبار السلبيه لازم يصعد هالاسبوع ذا او القادم ‖ ابشر ‖ الشركة ماعلنت عن طرح رسمي او تخفيف للاسهم ولكن عندهم موافقه من المساهمين على الطرح والخطة انهم يطرحون تدريجي … الهدف طرح 13 مليون سهم ‖ الكاش المتوفر عندهم 4.6 مليون … تبحث عن تمويل اضافي اما عن طريق طرح اسهم او … شريك استراتيجي ‖ الخلاصة: … لم تعلن عن طرح واحد ضخم ومفاجئ …,,V4_TRANSCRIPTION,,,,,,,,,,,,UNKNOWN,0,0,,,NO,NO,0,0,YES,UNKNOWN,,INFO: قبل القرار: فحصُ تقسيمٍ قادم أو طرحٍ أو تخفيف (VALIDITY) | INFO: «اذا سلم من الاخبار السلبيه لازم يصعد هالاسبوع ذا او القادم» — توقّعٌ مشروط,,,SOURCE_TEXT,LOW,
SEb6ca282a2a,ADIL,V4,,TG_2113,v4,faisal_images/TG_2113.jpg,reply+tape,F,CATALOG_ATTRIBUTION,UNIT_AUTHOR (per-quote speaker not verified),1,,,,AMBIGUOUS,,,,كيف تتنبأ بصعود السهم وماذا تعني مشتريات موحده · مستوى 1 3 5 7 10 100 500 · من 1 الى 10 رموز خوارزميات بين مضاربين · لكل مستوى دلاله معينه · 100 حفاظ ع نطاق سعري معين · 500 نادر تستخدم انفجار · تشكل برقيه بين مضاربين · لاصحاب البلوت اذا برق لك ب 7 … · ADIL,,V4_TRANSCRIPTION,,,,,,,,,,,,UNKNOWN,0,0,,,NO,NO,0,0,UNKNOWN,NONE,,INFO: المشترياتُ الموحَّدة: أحجامٌ ثابتة (1·3·5·7·10) = رموزُ خوارزميّات بين المضاربين · 100 = حفاظٌ على نطاقٍ سعريّ · 500 نادر = انفجار,,,SOURCE_TEXT,LOW,
SE0f6754caa3,ADVB,V4,EP0006,TG_2107,v4,faisal_images/TG_2107.jpg,reply+app,F,VISIBLE_OCR,UNIT_AUTHOR (per-quote speaker not verified),1,2026-07-04,,,RECORDED_UNVERIFIED,2026-07-06,2026-07-06,,ابو بدر ماحولك صفقه اجابيه ‖ الصفقه اللحظيه لازم تدخلها بعد 11 · الاسهم الصاعده بالافتر تهبط بالبري تدخلها مباشره بعد الهبوط هدفها 50 سنت الى 1 دولار,,V4_TRANSCRIPTION,,,,,,,,,,,,UNKNOWN,0,0,,,NO,NO,0,0,NO_BARS,NONE,,INFO: (جلسات — محورٌ مُغلَق) الصفقةُ اللحظيّة بعد 11 · الصاعدُ بالأفتر يهبط بالبري ⟵ دخولٌ مباشرٌ بعد الهبوط · هدفٌ 50 سنتًا إلى دولار,,,SOURCE_TEXT,MEDIUM,
SE41f44adadc,ALMU,V4,EP0007,TG_2530,v4,faisal_images/TG_2530.jpg,chart,F,CATALOG_ATTRIBUTION,UNIT_AUTHOR (per-quote speaker not verified),1,2026-04-1x,,,BOUNDED,2026-04-10,2026-04-20,,,,V4_TRANSCRIPTION,,,,,,,,,,,,UNKNOWN,0,0,,,NO,NO,0,1,NO_BARS,NONE,,,,,CHART_ONLY,LOW,
SEf04a527847,AMIX,VISIBLE,EP0008,X_20260827_amix_hcwb_ready,s1,faisal_images/X_20260827_amix_hcwb_ready.jpg,X post text,F,EYE_VERIFIED,F,1,2026-08-2x,,2026-08-26,BOUNDED,2026-08-20,2026-08-31,statement undated in the image; V4 unit date used,هذي مؤشرات السهم قبل يصعد / لذلك نجح التحليل بتوفيق الله / حقق السهم 200% / - / Hcwb تم تسريبه من ضعاف النفوس / ننتظر ضغط المضارب لتحقيق الاجابية,,EYE_2026-10-09,١٠ س ‖ هذي مؤشرات السهم قبل يصعد · لذلك نجح التحليل بتوفيق الله · حقق السهم 200% · - · Hcwb تم تسريبه من ضعاف النفوس · ننتظر ضغط المضارب لتحقيق الاجابية ‖ ستوك ‖ Amix · جاهز جدا · لو بس يضرب 4.70 ويرتد ممتاز نركب · هدفه 9 فوقها ممكن 11 ‖ عندنا سهمين حاهزه · Amix · Hcwb ‖ عموما وقفنا 4.60 · دخولنا دفعات من 4.85 < 4.75 < 4.65 · - · لازم يضغطه تحت 5 والله اعلم · او نركب معه اذا صعد,,,,«ننتظر» | «ضغط»,WAIT | PRESS,,,,WAIT+WAIT_FOR_PRESS,,,0,0,,,NO,NO,0,0,YES,MULTI,,ENTRY: دخولٌ بدفعاتٍ عند الدعم 4.65-4.85 (الأسود 4.71) ووقفٌ 4.60 تحت أدنى دفعة | CONFIRMATION: «لو بس يضرب 4.70 ويرتد ممتاز نركب» — لمسُ الدعم ثمّ الارتداد | PRESS: «لازم يضغطه تحت 5» — توقّعُ ضغطٍ من المضارب قبل الصعود | ENTRY: بديلٌ: الركوبُ مع الصعود إن لم يضغط | TARGET: الهدف 9 (الأسود 9.24) ثمّ 11 ممكن | CONTEXT: «هذي مؤشرات السهم قبل يصعد»: FSTO قرب الصفر (0.67/8.06) وCCI ‏−82.75 | WAIT: ال,AMIX: retrospective (indicators before the rise); HCWB: waiting for operator pressure · waits for operator pressure (not observed),"Faisal post («10 س» relative, no absolute date) with his group-chat screenshot «ستوك» (outgoing green bubbles = the phone owner) and an AMIX daily chart (After Hours 5.27)",SOURCE_TEXT,HIGH,statement undated in the image; V4 unit date used
SE2e2ea59866,AMIX,VISIBLE,EP0008,X_20260827_amix_3m_inflow,s1,faisal_images/X_20260827_amix_3m_inflow.png,X post text (header cropped),F,EYE_READ_AUTHOR_NOT_VISIBLE,F,1,post undated; device 11:24; embedded chat 11:16 «اليوم»,,2026-08-26,DERIVED_INFERRED,2026-08-24,2026-08-24,,عرفت الحين ياضعيف نعطيك سهم جاهز تخمد فيه لين يصعد المضارب تروح توزع السهم ع الهمل / شف كيف صعد السهم الان / 3 مليون دولار دخلت ع السهم / - / شمعة 3 دقايق اغلاق رفسة باب رفستك ناقه فاطر,,EYE_2026-10-09,عرفت الحين ياضعيف نعطيك سهم جاهز تخمد فيه لين يصعد المضارب تروح توزع السهم ع الهمل · شف كيف صعد السهم الان · 3 مليون دولار دخلت ع السهم · - · شمعة 3 دقايق اغلاق رفسة باب رفستك ناقه فاطر ‖ ستوك ‖ اليوم ‖ Amix · 4.88 · دعومه الاساسيه · [مطموس] · - · هدفنا 100٪ · 9.45,,«جاهز»,READY,«دولار دخلت»,OPERATOR_MONEY,,,READY,,OPERATOR_MONEY_OBSERVED,,0,1,«نعطيك سهم»,«نعطيك سهم جاهز»,NO,RECALLED_EARLIER_STATE,0,0,YES,NONE,AMIX_2026-08-24,META: «نعطيك سهم جاهز تخمد فيه لين يصعد المضارب» — الجاهزُ = تدخل وتسكن فيه حتى يرفعه المضارب | CONFIRMATION: دخولُ المضارب: 3 ملايين دولار دخلت السهم · وشمعةُ 3 دقائق أُغلقت بقوّة («رفسة باب») | TARGET: «هدفنا 100٪ · 9.45» — ضعفُ سعر الدخول | S/R: 4.88 «دعومه الاساسيه»,"readiness recalled («نعطيك سهم جاهز») + operator money observed (3M USD, 3-minute candle) · readiness/stage vocabulary (READY) — refers to an earlier time",post header cropped (author not visible; text style and the embedded «ستوك» chat match Faisal's posts); embedded chat 11:16 with date header «اليوم» above «Amix 4.88 دعومه الاساسيه / - / هدفنا 100٪ 9.45 · تم التعديل 2:08 ص»,SOURCE_TEXT,MEDIUM,
SE584764c5a6,AMIX,VISIBLE,EP0008,X_20260827_amix_hcwb_ready,s2,faisal_images/X_20260827_amix_hcwb_ready.jpg,"group chat (embedded, outgoing) 1:29 ص",F,EYE_VERIFIED,F,1,chat 1:29 ص (date not shown),,2026-08-26,DERIVED_INFERRED,2026-08-24,2026-08-24,,Amix / جاهز جدا / لو بس يضرب 4.70 ويرتد ممتاز نركب / هدفه 9 فوقها ممكن 11,,EYE_2026-10-09,١٠ س ‖ هذي مؤشرات السهم قبل يصعد · لذلك نجح التحليل بتوفيق الله · حقق السهم 200% · - · Hcwb تم تسريبه من ضعاف النفوس · ننتظر ضغط المضارب لتحقيق الاجابية ‖ ستوك ‖ Amix · جاهز جدا · لو بس يضرب 4.70 ويرتد ممتاز نركب · هدفه 9 فوقها ممكن 11 ‖ عندنا سهمين حاهزه · Amix · Hcwb ‖ عموما وقفنا 4.60 · دخولنا دفعات من 4.85 < 4.75 < 4.65 · - · لازم يضغطه تحت 5 والله اعلم · او نركب معه اذا صعد,,«جاهز»,READY,«نركب»,ENTRY_PLAN,,,READY,ENTRY_PLAN,,,0,0,,,NO,NO,0,0,YES,MULTI,,ENTRY: دخولٌ بدفعاتٍ عند الدعم 4.65-4.85 (الأسود 4.71) ووقفٌ 4.60 تحت أدنى دفعة | CONFIRMATION: «لو بس يضرب 4.70 ويرتد ممتاز نركب» — لمسُ الدعم ثمّ الارتداد | PRESS: «لازم يضغطه تحت 5» — توقّعُ ضغطٍ من المضارب قبل الصعود | ENTRY: بديلٌ: الركوبُ مع الصعود إن لم يضغط | TARGET: الهدف 9 (الأسود 9.24) ثمّ 11 ممكن | CONTEXT: «هذي مؤشرات السهم قبل يصعد»: FSTO قرب الصفر (0.67/8.06) وCCI ‏−82.75 | WAIT: ال,explicit readiness («جاهز جدا») with a conditional entry (hit 4.70 and bounce → ride) · readiness/stage vocabulary (READY),"Faisal post («10 س» relative, no absolute date) with his group-chat screenshot «ستوك» (outgoing green bubbles = the phone owner) and an AMIX daily chart (After Hours 5.27)",SOURCE_TEXT,HIGH,
SE3967fd2ca4,AMIX,VISIBLE,EP0008,X_20260827_amix_hcwb_ready,s3,faisal_images/X_20260827_amix_hcwb_ready.jpg,"group chat (embedded, outgoing) 1:47 ص",F,EYE_VERIFIED,F,1,chat 1:47 ص (date not shown),,2026-08-26,DERIVED_INFERRED,2026-08-24,2026-08-24,,عندنا سهمين حاهزه / Amix / Hcwb,,EYE_2026-10-09,١٠ س ‖ هذي مؤشرات السهم قبل يصعد · لذلك نجح التحليل بتوفيق الله · حقق السهم 200% · - · Hcwb تم تسريبه من ضعاف النفوس · ننتظر ضغط المضارب لتحقيق الاجابية ‖ ستوك ‖ Amix · جاهز جدا · لو بس يضرب 4.70 ويرتد ممتاز نركب · هدفه 9 فوقها ممكن 11 ‖ عندنا سهمين حاهزه · Amix · Hcwb ‖ عموما وقفنا 4.60 · دخولنا دفعات من 4.85 < 4.75 < 4.65 · - · لازم يضغطه تحت 5 والله اعلم · او نركب معه اذا صعد,,«حاهزه»,READY,,,,,READY,,,,0,0,,,NO,NO,0,0,YES,MULTI,,ENTRY: دخولٌ بدفعاتٍ عند الدعم 4.65-4.85 (الأسود 4.71) ووقفٌ 4.60 تحت أدنى دفعة | CONFIRMATION: «لو بس يضرب 4.70 ويرتد ممتاز نركب» — لمسُ الدعم ثمّ الارتداد | PRESS: «لازم يضغطه تحت 5» — توقّعُ ضغطٍ من المضارب قبل الصعود | ENTRY: بديلٌ: الركوبُ مع الصعود إن لم يضغط | TARGET: الهدف 9 (الأسود 9.24) ثمّ 11 ممكن | CONTEXT: «هذي مؤشرات السهم قبل يصعد»: FSTO قرب الصفر (0.67/8.06) وCCI ‏−82.75 | WAIT: ال,explicit readiness for two named stocks («حاهزه» = typo of جاهزه) · readiness/stage vocabulary (READY),"Faisal post («10 س» relative, no absolute date) with his group-chat screenshot «ستوك» (outgoing green bubbles = the phone owner) and an AMIX daily chart (After Hours 5.27)",SOURCE_TEXT,HIGH,
SE5dc23d99a6,AMIX,VISIBLE,EP0008,X_20260827_amix_hcwb_ready,s4,faisal_images/X_20260827_amix_hcwb_ready.jpg,"group chat (embedded, outgoing) 1:50 ص",F,EYE_VERIFIED,F,1,chat 1:50 ص (date not shown),,2026-08-26,DERIVED_INFERRED,2026-08-24,2026-08-24,,عموما وقفنا 4.60 / دخولنا دفعات من 4.65 > 4.75 > 4.85 / - / لازم يضغطه تحت 5 والله اعلم / او نركب معه اذا صعد,,EYE_2026-10-09,١٠ س ‖ هذي مؤشرات السهم قبل يصعد · لذلك نجح التحليل بتوفيق الله · حقق السهم 200% · - · Hcwb تم تسريبه من ضعاف النفوس · ننتظر ضغط المضارب لتحقيق الاجابية ‖ ستوك ‖ Amix · جاهز جدا · لو بس يضرب 4.70 ويرتد ممتاز نركب · هدفه 9 فوقها ممكن 11 ‖ عندنا سهمين حاهزه · Amix · Hcwb ‖ عموما وقفنا 4.60 · دخولنا دفعات من 4.85 < 4.75 < 4.65 · - · لازم يضغطه تحت 5 والله اعلم · او نركب معه اذا صعد,,,,«دخولنا» | «يضغطه» | «نركب»,ENTRY_STATED | PRESS | ENTRY_PLAN,,,,ENTRY_PLAN+PRESS_MENTION,ENTRY_STATED,,0,0,,,NO,NO,0,0,YES,MULTI,,ENTRY: دخولٌ بدفعاتٍ عند الدعم 4.65-4.85 (الأسود 4.71) ووقفٌ 4.60 تحت أدنى دفعة | CONFIRMATION: «لو بس يضرب 4.70 ويرتد ممتاز نركب» — لمسُ الدعم ثمّ الارتداد | PRESS: «لازم يضغطه تحت 5» — توقّعُ ضغطٍ من المضارب قبل الصعود | ENTRY: بديلٌ: الركوبُ مع الصعود إن لم يضغط | TARGET: الهدف 9 (الأسود 9.24) ثمّ 11 ممكن | CONTEXT: «هذي مؤشرات السهم قبل يصعد»: FSTO قرب الصفر (0.67/8.06) وCCI ‏−82.75 | WAIT: ال,entry plan in tranches with a stop; expects the operator to press it below 5 (pressure not yet observed),"Faisal post («10 س» relative, no absolute date) with his group-chat screenshot «ستوك» (outgoing green bubbles = the phone owner) and an AMIX daily chart (After Hours 5.27)",SOURCE_TEXT,HIGH,
SE4db7baf3e7,AMIX,VISIBLE,EP0008,X_20260827_amix_pressure_497,s2,faisal_images/X_20260827_amix_pressure_497.png,"group chat (embedded, outgoing) 1:47 ص",F,EYE_VERIFIED,F,1,chat 1:47 ص,,2026-08-26,DERIVED_INFERRED,2026-08-24,2026-08-24,,عندنا سهمين حاهزه / Amix / Hcwb,,EYE_2026-10-09,الضغط حصل 4.97 ⟋⟋⟋⟋ الحق الزخم الحق المحللين بمنصة سهم ‖ ستوك ‖ عندنا سهمين حاهزه · Amix · Hcwb ‖ عموما وقفنا 4.60 · دخولنا دفعات من 4.85 < 4.75 < 4.65 · - · لازم يضغطه تحت 5 والله اعلم ‖ Amix · 4.88 · دعومه الاساسيه,X_20260827_amix_hcwb_ready:s3,«حاهزه»,READY,,,,,READY,,,,0,0,,,NO,NO,0,0,YES,NONE,AMIX_2026-08-24,PRESS: الضغطُ المتوقَّع «تحت 5» حصل عند 4.97 ثمّ «الحق الزخم» | S/R: «4.88 دعومه الاساسيه» (خطٌّ أسود يُسمّى دعمًا),same message re-shown · readiness/stage vocabulary (READY),"Faisal post printed «11:10 م · 2026/8/24 · 4 ألف» with the same group-chat screenshot (11:08): messages 1:47 ص and 1:50 ص, then an AMIX chart message «Amix 4.88 دعومه الاساسيه»",SOURCE_TEXT,HIGH,
SE2012e12362,AMIX,VISIBLE,EP0008,X_20260827_amix_pressure_497,s1,faisal_images/X_20260827_amix_pressure_497.png,X post text,F,EYE_VERIFIED,F,1,2026/8/24 11:10 م,2026-08-24 16:10 NY,2026-08-26,EXACT_PRINTED,2026-08-25,2026-08-25,,الضغط حصل 4.97 / الحق الزخم الحق المحللين بمنصة سهم,,EYE_2026-10-09,الضغط حصل 4.97 ⟋⟋⟋⟋ الحق الزخم الحق المحللين بمنصة سهم ‖ ستوك ‖ عندنا سهمين حاهزه · Amix · Hcwb ‖ عموما وقفنا 4.60 · دخولنا دفعات من 4.85 < 4.75 < 4.65 · - · لازم يضغطه تحت 5 والله اعلم ‖ Amix · 4.88 · دعومه الاساسيه,,,,«ضغط»,PRESS,,,,,PRESS_OBSERVED,,0,0,,,NO,NO,0,0,YES,NONE,AMIX_2026-08-24,PRESS: الضغطُ المتوقَّع «تحت 5» حصل عند 4.97 ثمّ «الحق الزخم» | S/R: «4.88 دعومه الاساسيه» (خطٌّ أسود يُسمّى دعمًا),pressure stated as having happened (at 4.97) — posted after the 2026-08-24 close · pressure described as having occurred,"Faisal post printed «11:10 م · 2026/8/24 · 4 ألف» with the same group-chat screenshot (11:08): messages 1:47 ص and 1:50 ص, then an AMIX chart message «Amix 4.88 دعومه الاساسيه»",SOURCE_TEXT,HIGH,
SE86279f94eb,ARAI,V4,EP0009,TG_2536,v4,faisal_images/TG_2536.jpg,chart,F,CATALOG_ATTRIBUTION,UNIT_AUTHOR (per-quote speaker not verified),1,2026-04-1x,,,BOUNDED,2026-04-10,2026-04-20,,,,V4_TRANSCRIPTION,,,,,,,,,,,,UNKNOWN,0,0,,,NO,NO,0,1,NO_BARS,NONE,,,,,CHART_ONLY,LOW,
SE8a9a441e67,ARAI,V4,,TG_2539,v4,faisal_images/TG_2539.jpg,chart,F,CATALOG_ATTRIBUTION,UNIT_AUTHOR (per-quote speaker not verified),1,,,,AMBIGUOUS,,,,,,V4_TRANSCRIPTION,,,,,,,,,,,,UNKNOWN,0,0,,,NO,NO,0,1,UNKNOWN,NONE,,,,,CHART_ONLY,LOW,
SEa8abc18e3f,ARAI,V4,,TG_2541,v4,faisal_images/TG_2541.jpg,chart,F,CATALOG_ATTRIBUTION,UNIT_AUTHOR (per-quote speaker not verified),1,,,,AMBIGUOUS,,,,,,V4_TRANSCRIPTION,,,,,,,,,,,,UNKNOWN,0,0,,,NO,NO,0,1,UNKNOWN,NONE,,,,,CHART_ONLY,LOW,
SE04b663862d,ARBK,V4,EP0010,TG_2523,v4,faisal_images/TG_2523.jpg,chart_drawn,F,CATALOG_ATTRIBUTION,UNIT_AUTHOR (per-quote speaker not verified),1,2026-04-2x,,,BOUNDED,2026-04-20,2026-04-30,,,,V4_TRANSCRIPTION,,,,,,,,,,,,UNKNOWN,0,0,,,NO,NO,0,1,NO_BARS,NONE,,,,,CHART_ONLY,LOW,
SEb80d84b965,ASST,V4,EP0011,TG_1900,v4,faisal_images/TG_1900.jpg,chart,F,CATALOG_ATTRIBUTION,UNIT_AUTHOR (per-quote speaker not verified),1,2026-06-2x,,,BOUNDED,2026-06-22,2026-06-30,,,,V4_TRANSCRIPTION,,,,,,,,,,,,UNKNOWN,0,0,,,NO,NO,0,1,YES,NONE,,,,,CHART_ONLY,LOW,
SEe40b21d2d8,ASST,V4,EP0011,TG_1901,v4,faisal_images/TG_1901.jpg,chart,F,CATALOG_ATTRIBUTION,UNIT_AUTHOR (per-quote speaker not verified),1,2026-06-2x,,,BOUNDED,2026-06-22,2026-06-30,,,,V4_TRANSCRIPTION,,,,,,,,,,,,UNKNOWN,0,0,,,NO,NO,0,1,YES,NONE,,,,,CHART_ONLY,LOW,
SE2ff318177e,ATMV,V4,,TG_58049,v4,faisal_images/TG_58049.jpg,tweet+chart,F,VISIBLE_AVATAR,UNIT_AUTHOR (per-quote speaker not verified),1,UNK,,,AMBIGUOUS,,,,$ATMV فنيا. > عنده ترند هابط 6.70 · اذا ارتد وحافظ عليها ذكرني · ثباته + اقفال يومي على 8.76 مهم · مقاومه 13.47 الزخم يحدد اتجاه السهم · بالنسبه لي حاليا لايوجد اي شمعة تأكد الصعود · خطاي اكثر من صوابي لاتبني عليه,,V4_TRANSCRIPTION,,,,,,,,,,,,UNKNOWN,0,0,,,NO,NO,0,0,UNKNOWN,WAIT,ATMV_UNK,CONFIRMATION: لا صعودَ مؤكَّدًا بلا شمعةٍ تؤكّده ⇒ لا دخولَ الآن | VALIDITY: إن ارتدّ وحافظ على 6.70 (الدعم الأحمر 6.71) يُعاد النظر | CONFIRMATION: الثباتُ والإقفالُ اليوميّ على 8.76 (الأسود فوق السعر) مهمّ | S/R: المقاومة 13.47 والزخمُ يحدّد الاتجاه,,,SOURCE_TEXT,MEDIUM,
SEa77f231f61,ATPC,VISIBLE,EP0012,X_20260918_23_watchlist,s1,faisal_images/X_20260918_23_watchlist.png,Faisal's own app screenshot attached to the post,F,EYE_VERIFIED,APP_TAB,1,2026/9/13 1:44 م,2026-09-13 06:44 NY,2026-09-18,EXACT_PRINTED,2026-09-14,2026-09-14,,قائمتي,,EYE_2026-10-09,فسال الله من فضله · فالاسهم رزق لن تسبق رزقك ماحييت ‖ قائمتي,,«قائمتي»,LIST,,,LIST_SNAPSHOT_VISIBLE,tab «قائمتي» selected · 8 rows visible · other tabs NOT SHOWN,,,,,0,0,,,VISIBLE_TAB_ONLY,NO,0,0,NO_BARS,NONE,,,visible membership of the «قائمتي» tab at the snapshot time; says nothing about the other three tabs,continuation of X_20260918_22 — printed «2026/9/13 1:44 م · 886» ; full «قائمتي» list (8 rows + Nasdaq index row) ; selected tab «قائمتي» ; no stage/status text on any row (only bid/ask/price/change),LIST_SNAPSHOT,HIGH,
SEf4b7509a90,AUUD,V4,EP0013,TG_1968,v4,faisal_images/TG_1968.jpg,chart,F,CATALOG_ATTRIBUTION,UNIT_AUTHOR (per-quote speaker not verified),1,2026-05-2x,,,BOUNDED,2026-05-20,2026-06-01,,,,V4_TRANSCRIPTION,,,,,,,,,,,,UNKNOWN,0,0,,,NO,NO,0,1,NO_BARS,NONE,,,,,CHART_ONLY,LOW,
SEf04fbd4db6,AUUD,V4,EP0013,TG_1969,v4,faisal_images/TG_1969.jpg,tweet+chart,F,CATALOG_ATTRIBUTION,UNIT_AUTHOR (per-quote speaker not verified),1,2026-05-2x,,,BOUNDED,2026-05-20,2026-06-01,,$AUUD نشرح سلوك السهم · … صعد السهم مباشره تقرر الدخول من عدمه باول الصعود > صعد فوق ماتطرده خله يولي · بداية الصعود 1.39 تقرر الاهداف ع فريم 4 ساعات · شمعة الهدف 2.18 = شمعة الهبوط · غالبا الهدف يكون قبلها لانها مقاومه · لذلك دوما اذكر نبيع قبل المضارب 2 نعمه · … المضارب يتعامل مع وسطا الشركات غالبا ويعرف السيوله الداخله … · لذلك اي صتيمه يعطيك اهداف والسهم مرتفع عطه بلوك مالم يشرح الاسباب,,V4_TRANSCRIPTION,,,,,«الدخول»,ENTRY_PLAN,,,,ENTRY_PLAN,,,0,0,,,NO,NO,0,0,NO_BARS,NONE,,READY: قرارُ الدخول عند أوّل الصعود | REJECT: صعد فوق ⟵ لا تطارده («خله يولي») | INFO: الأهداف على 4س: شمعةُ الهدف = شمعة الهبوط (2.18) والهدفُ غالبًا قبلها لأنها مقاومة | INFO: «نبيع قبل المضارب» (إدارةُ الخروج محورٌ مُغلَق),,,SOURCE_TEXT,LOW,
SE97cfc89d33,AZI,V4,,IMG_0290,v4,faisal_images/IMG_0290.jpeg,chat+chart,F,INFERRED_DEVICE_LINKED,UNIT_AUTHOR (per-quote speaker not verified),1,2026-0x,,,AMBIGUOUS,,,,Azi ‖ 4 من 4 نتائج ‖ AZI · تحرر من 1.36 شيله من العرض باي سعر ‖ 170٪ 🇨🇳 ✅ ‖ وصل 10 ‖ 😳 🏌️ ‖ 600٪ 😂😂😂😂😂 🏌️🏌️🏌️,,V4_TRANSCRIPTION,,,,,,,,,,,,UNKNOWN,0,0,,,NO,NO,0,0,UNKNOWN,WAIT,AZI_2026,ENTRY: التحرّرُ من 1.36 (الأسود) ⟵ «شيله من العرض باي سعر» (اختراقٌ ثمّ شراءٌ فوريّ),,,SOURCE_TEXT,LOW,
SE5b772ad551,AZI,V4,,IMG_0292,v4,faisal_images/IMG_0292.jpeg,chat+chart,F,INFERRED_DEVICE_LINKED,UNIT_AUTHOR (per-quote speaker not verified),1,2026-0x,,,AMBIGUOUS,,,,Azi ‖ 2 من 4 ‖ هذا سلوكه حقيقه لي 3 ايام ادرسه · صيني مثل خوياه · Azi · DSY · EHGO · - · هذا الرابع الان مقسم مرتين بشهر · - · كم يوصل الاهم العقل والمنطق · 2.20 > 2.50 · - · صيني نقيسه مع الاسهم السابقه · نقول يغطي فجوته من 4-5 ‖ فجوة سعرية ‖ هل يصعد جميع او يطلع نسبه ويكمل بري الاثنين غدا مافيه تداول,,V4_TRANSCRIPTION,,,,,,,,,,,,UNKNOWN,0,0,,,NO,NO,0,0,UNKNOWN,UNKNOWN,ZCMD_2026-0x,CONTEXT: دراسةُ السلوك 3 أيام · ومقارنةُ السهم بنظرائه (صينيّون: AZI · DSY · EHGO) | CONTEXT: مقسّمٌ مرّتين في شهر (نَفَسٌ قصير — IMG_0152) | TARGET: «كم يوصل الاهم العقل والمنطق 2.20 > 2.50» ثمّ تغطيةُ فجوته 4-5 قياسًا بنظرائه | TARGET_TIMING: هل يصعد دفعةً واحدة أو يحقّق نسبةً ويُكمل في بري الاثنين,,,SOURCE_TEXT,LOW,
SEb5206f72fe,BBLG,V4,EP0014,TG_2211,v4,faisal_images/TG_2211.jpg,app_indicator,APP,NONE,UNIT_AUTHOR (per-quote speaker not verified),0,2026-07-2x,,,BOUNDED,2026-07-20,2026-07-30,,"WMSR is severely oversold, the trend is bullish",,V4_TRANSCRIPTION,,,,,,,,,,,,NON_FAISAL,0,0,,,NO,NO,0,0,NO_BARS,NONE,,,,,APP_THIRD_PARTY,NOT_FAISAL,
SEb0404d0318,BCG,V4,,TG_2119,v4,faisal_images/TG_2119.jpg,tweet+chart,F,VISIBLE_OCR,UNIT_AUTHOR (per-quote speaker not verified),1,,,,AMBIGUOUS,,,,2.86 · 2.95 · متابعه ثبات او فشل · $BCG,,V4_TRANSCRIPTION,,,,,«متابعه» | «فشل»,MONITOR | INVALID,,,,MONITOR+INVALID,,,0,0,,,NO,NO,0,0,UNKNOWN,WATCH,,WATCH: متابعةُ الثبات أو الفشل عند 2.86-2.95 (تحت السعر),,,SOURCE_TEXT,MEDIUM,
SE290986ac31,BETA,V4,EP0015,TG_2117,v4,faisal_images/TG_2117.jpg,tweet+chart,F,VISIBLE_OCR,UNIT_AUTHOR (per-quote speaker not verified),1,2026-04-05,,,RECORDED_UNVERIFIED,2026-04-06,2026-04-06,,متابعة دعم 14,,V4_TRANSCRIPTION,,,,,«متابعة»,MONITOR,,,,MONITOR,,,0,0,,,NO,NO,0,0,YES,WATCH,,WATCH: متابعةُ الدعم 14 (تحت السعر 15.40),,,SOURCE_TEXT,MEDIUM,
SE48fa9a10f0,BGMS,V4,EP0016,TG_2178,v4,faisal_images/TG_2178.jpg,chart_annot,F,CATALOG_ATTRIBUTION,UNIT_AUTHOR (per-quote speaker not verified),1,2026-02-0x,,,BOUNDED,2026-02-02,2026-02-10,,,,V4_TRANSCRIPTION,,,,,,,,,,,,UNKNOWN,0,0,,,NO,NO,0,1,YES,NONE,,,,,CHART_ONLY,LOW,
SE54ca95e023,BGMS,V4,EP0016,TG_2181,v4,faisal_images/TG_2181.jpg,channel_posts,EDU,CATALOG_ATTRIBUTION,UNIT_AUTHOR (per-quote speaker not verified),0,2026-02-0x,,,BOUNDED,2026-02-02,2026-02-10,,قناة تعليمية ‖ أ- يقاس الدعم بشمعه الهبوط السابقه · ب- السهم قبل يهبط يحاول يكسر شمعه الهبوط … يلمسها مره مرتين ماتجاوزها تكون مقاومه >خلاص يهبط ويكون قيعان · ج- تتحول الشمعه بعد الصعود الى دعم اساسي للسهم · … اخترقها كلها اليوم طبعا بقوة السيوله + خبر … · د- يهبط السهم بعد الارتفاع الجنوني يسحب السيوله الداخله + يختبر مقاومة السهم لتكون دعم جديد · 1.84 اخر دعم يفشل السهم ويهبط · 1.95 دعم رئيسي · فوقه دعم فرعي 2.30 تقريبا · 📍القرار طبعا في البري · … غالبا استثني اسهم شرق اسيا لانها ضخ وتفريغ,,V4_TRANSCRIPTION,,,,,«فشل»,INVALID,,,,,,NON_FAISAL,0,0,,,NO,NO,0,0,YES,WAIT,,INFO: (القناة) الدعمُ يُقاس بشمعة الهبوط السابقة · لمسُها مرّة/مرّتين بلا تجاوز = مقاومة ⟵ هبوطٌ وقيعان · بعد الصعود تتحوّل دعمًا أساسيًّا | INFO: (القناة) بعد ارتفاعٍ جنونيّ يهبط ليسحب السيولة ويختبر المقاومة لتصير دعمًا جديدًا | REJECT: (القناة) أسهمُ شرق آسيا غالبًا مستثناة (ضخٌّ وتفريغ),,,NON_FAISAL,NOT_FAISAL,
SE11572dc859,BIRD,V4,EP0017,TG_2544,v4,faisal_images/TG_2544.jpg,chart,F,CATALOG_ATTRIBUTION,UNIT_AUTHOR (per-quote speaker not verified),1,2026-04-1x,,,BOUNDED,2026-04-10,2026-04-20,,,,V4_TRANSCRIPTION,,,,,,,,,,,,UNKNOWN,0,0,,,NO,NO,0,1,YES,NONE,,,,,CHART_ONLY,LOW,
SEae166f9ce6,BIRD,V4,,TG_1941,v4,faisal_images/TG_1941.jpg,chart,F,CATALOG_ATTRIBUTION,UNIT_AUTHOR (per-quote speaker not verified),1,,,,AMBIGUOUS,,,,,,V4_TRANSCRIPTION,,,,,,,,,,,,UNKNOWN,0,0,,,NO,NO,0,1,UNKNOWN,NONE,,,,,CHART_ONLY,LOW,
SE67587f47cc,BIRD,V4,,TG_1942,v4,faisal_images/TG_1942.jpg,chart,F,CATALOG_ATTRIBUTION,UNIT_AUTHOR (per-quote speaker not verified),1,,,,AMBIGUOUS,,,,,,V4_TRANSCRIPTION,,,,,,,,,,,,UNKNOWN,0,0,,,NO,NO,0,1,UNKNOWN,NONE,,,,,CHART_ONLY,LOW,
SE223fe0d789,BIRD,V4,,TG_2545,v4,faisal_images/TG_2545.jpg,chart,F,CATALOG_ATTRIBUTION,UNIT_AUTHOR (per-quote speaker not verified),1,,,,AMBIGUOUS,,,,,,V4_TRANSCRIPTION,,,,,,,,,,,,UNKNOWN,0,0,,,NO,NO,0,1,UNKNOWN,NONE,,,,,CHART_ONLY,LOW,
SE2908df4b6d,BJDX,V4,EP0018,TG_2018,v4,faisal_images/TG_2018.jpg,chart,F,CATALOG_ATTRIBUTION,UNIT_AUTHOR (per-quote speaker not verified),1,2026-05-1x,,,BOUNDED,2026-05-11,2026-05-20,,,,V4_TRANSCRIPTION,,,,,,,,,,,,UNKNOWN,0,0,,,NO,NO,0,1,NO_BARS,NONE,,,,,CHART_ONLY,LOW,
SEd6a9f8900c,BNAI,V4,EP0019,TG_2091,v4,faisal_images/TG_2091.jpg,search,F,VISIBLE_OCR,UNIT_AUTHOR (per-quote speaker not verified),1,2026/2/27,,,EXACT_DATE_PRINTED,2026-02-27,2026-03-02,,from:kisar_ bnai ‖ اعظم سهم في 2026 · حللناه عند 2 وصل 86 · هل بعنا ب 86 طبعا لا · هل تنبو بيوصل 86 طبعا لا · كانت الاهداف المتوقعه 100٪ ل 200٪ · حقق 4000٪ · $BNAI · الفرصه الثانيه سيدو · $CDIO · من 1 ل 10 · 1000٪ · هذا اعظم تحليل لي في 2026 … ‖ $BNAI من 2 كان سلوك السهم للدبلات واضح · هل كان متوقع يوصل 68 طبعا لا · الهدف كان 8 > 12 > 26 هدف اعلى لايجزم به · وصل 68 اكثر من 5000٪,,V4_TRANSCRIPTION,,,,,«بعنا»,EXIT,,,,EXIT,,,0,0,,,NO,NO,0,0,NO_BARS,NONE,,INFO: «كانت الاهداف المتوقعه 100٪ ل 200٪» — الأهدافُ نسبُ ربحٍ من الدخول (BNAI من 2) | INFO: «الهدف كان 8 > 12 > 26 هدف اعلى لايجزم به» — سلّمُ أهدافٍ والأعلى غيرُ مجزوم,,,SOURCE_TEXT,MEDIUM,
SEb472488592,BNAI,V4,EP0019,TG_2086,v4,faisal_images/TG_2086.jpg,tweet,F,CATALOG_ATTRIBUTION,UNIT_AUTHOR (per-quote speaker not verified),1,2026-02-28,,,RECORDED_UNVERIFIED,2026-03-02,2026-03-02,,مفهوم خلق السيوله الوهميه نستخدم مؤشر (MFI) · ○ دفع سعر السهم لتجاوز مستويات دعم أو مقاومة فنية بشكل مؤقت · ○ الهدف هو تفعيل أوامر وقف الخسارة لدى الصغار لجمع كمياتهم أو جذب المشترين عند القمم · بمعنى المضارب يحتاج كميات عاليه من السهم والسهم راكد … يخلق سيوله ( … شراء من العرض ) تتدفق السيوله الخارجه ويتفاعل الصغار مع السهم ببيع كمياتهم من 10> 30٪ يحقق فيها هدف او مقاومه · المضارب يتسقبل جميع كميات المضاربين الصغار يهبط بالسهم لما كان عليه · مسح شامل للسيوله او الاسهم المتمركزه · حدث هذا معنا في سهم CDIO حقق 1000٪ · … BNAI حقق 5000٪ · … بانتظار صانع السوق,,V4_TRANSCRIPTION,,,,,«بانتظار»,WAIT,,,,WAIT,,,0,0,,,NO,NO,0,0,NO_BARS,NONE,,INFO: «خلقُ السيولة الوهميّة» (مؤشّر MFI): دفعٌ مؤقّتٌ للسعر عبر دعمٍ/مقاومة لتفعيل أوقاف الصغار وجمع كميّاتهم ⟵ الصغارُ يبيعون عند 10-30% ⟵ المضاربُ يستقبل الكميّات ثمّ يهبط بالسهم = مسحٌ شامل | INFO: أمثلة: CDIO ‏1000% · BNAI ‏5000%,,,SOURCE_TEXT,LOW,
SE828c9bb31b,BNKK,V4,EP0020,IMG_8136,v4,faisal_images/IMG_8136.jpeg,tweet,F,VISIBLE,UNIT_AUTHOR (per-quote speaker not verified),1,2026-06,,,BOUNDED,2026-06-01,2026-07-01,,سهم Bnkk امريكي - مشروبات غازيه وغير كحوليه ومكملات غذائيه بالاضافه لمنتج يخفف من نسبة الكحول في الدم - قسم 11/12/2025 افتتاح 3.69 - اعلى 7.19 - فلوت 7.84 مليون - شورت 4 الاف - اخباره : اشترى الرئيس 12 الف سهم بسعر 1.37 دولار 17/6 - اعلان زياده سنوية في النتائج المالية 14/5 -ربحية السهم 0.23 دولار والمبيعات 786 الف 14/5 - انخفاض صافي الخساره في 2026 الى 1.83 مليون 13/5 - قد يتم طرح اكتتاب بقيمة 100 مليون لاسهم عاديه 17/4 - استحوذ مدير الشركة على 31 الف سهم 16/4 - توقع وصول الايرادات الى 3.2 مليون فالربع الاول من 2026,,V4_TRANSCRIPTION,,,,,,,,,,,,UNKNOWN,0,0,,,NO,NO,0,0,YES,UNKNOWN,BNKK_2026-06,CONTEXT: بطاقةُ السهم: الدولة · النشاط · التقسيم (افتتاح/أعلى) · الفلوت · الشورت · أخبارٌ مؤرّخة (شراءُ الرئيس · نتائج · طرحٌ محتمل),,,SOURCE_TEXT,MEDIUM,
SEbfc3ec835b,BNKK,V4,EP0020,TG_1881,v4,faisal_images/TG_1881.jpg,chart,F,CATALOG_ATTRIBUTION,UNIT_AUTHOR (per-quote speaker not verified),1,2026-06-2x,,,BOUNDED,2026-06-22,2026-06-30,,,,V4_TRANSCRIPTION,,,,,,,,,,,,UNKNOWN,0,0,,,NO,NO,0,1,YES,NONE,,,,,CHART_ONLY,LOW,
SE577110dd0a,BRNX,V4,EP0021,TG_20260918_67_BRNX,v4,faisal_images/TG_20260918_67_BRNX.jpg,dm,FA,VISIBLE,UNIT_AUTHOR (per-quote speaker not verified),0,2026-09-1x,,,BOUNDED,2026-09-10,2026-09-21,,A.Alghamdi ‖ سؤالُ المالك ‖ الفلوت 712 الف الشورت 0 و الاقتراض 880 Brnx عطي تقييمك لك ‖ اليوم 3:21 م ‖ عنده ٢.٠٦ دعم قوي مهم ما يكسره + عنده ذيل ١.٣٤ سحب سيوله,,V4_TRANSCRIPTION,,,,,,,,,,,,NON_FAISAL,0,0,,,NO,NO,0,0,YES,UNKNOWN,,VALIDITY: دعمٌ قويٌّ (2.06) «مهم ما يكسره» | PATTERN: ذيلٌ إلى 1.34 = سحبُ سيولةٍ وقع (‏≈−35% تحت الدعم — أعمقُ من 7-13%),,,NON_FAISAL,NOT_FAISAL,
SE0f0ed94fb2,BRTX,VISIBLE,EP0022,TG_58402,s1,faisal_images/TG_58402.jpg,X post + Faisal reply,F,EYE_VERIFIED,F,1,after the 2026-10-02 close (last daily candle 2.140 + after-hours); captured 2026-10-07T11:48:53Z,,2026-10-07,BOUNDED,2026-10-05,2026-10-07,,مراقبه مبكره / امريكي تاريخ التقسيم / 8-9-2026 / لايوجد اجابيه / يضاف للمفضله + تنبيهات للهبوط / شرط يهبط ويحافظ,,EYE_2026-10-09,,,«يضاف للمفضله»,ADD_TO_LIST,«مراقبه»,MONITOR,ADD_TO_LIST_STATED,,,MONITOR,,,0,0,,,STATED_ADD,NO,0,0,YES,,CASE_0001,,early monitoring + add to favourites list + drop alerts + condition (drop and hold),prospective sealed case CASE_0001 (text read at intake; derived date per CASE_LEDGER),SOURCE_TEXT,HIGH,
SE28f6aa0514,BTC,V4,,TG_1825,v4,faisal_images/TG_1825.jpg,tweet,TP,NONE,UNIT_AUTHOR (per-quote speaker not verified),0,,,,AMBIGUOUS,,,,,,V4_TRANSCRIPTION,,,,,,,,,,,,NON_FAISAL,0,0,,,NO,NO,0,1,UNKNOWN,NONE,,,,,NON_FAISAL,NOT_FAISAL,
SEa5288e9e0c,BTOG,VISIBLE,EP0023,X_20260905_07,s1,faisal_images/X_20260905_07.png,X post,F,EYE_VERIFIED,F,1,relative «16 س»; V4 2026-09-04; committed 2026-09-05,,2026-09-05,BOUNDED,2026-08-31,2026-09-05,,صدر خبر / صعد اختبر مقاومه هبط فيه المضارب مباشره / - / هل مازال مرتبط بالتكوين لم ابحث / - / هبط لقاع 2.08 / الشورت ارتفع / اذا كسر الرقم هذا بيروح لدعومه قبل التقسيم 1.70 / شموع الفريم الاسبوعي / - / غير جاهز,,EYE_2026-10-09,16 س ‖ صدر خبر · صعد اختبر مقاومه هبط فيه المضارب مباشره · - · هل مازال مرتبط بالتكوين لم ابحث · - · هبط لقاع 2.08 · الشورت ارتفع · اذا كسر الرقم هذا بيروح لدعومه قبل التقسيم 1.70 · شموع الفريم الاسبوعي · - · غير جاهز,,«غير جاهز»,NOT_READY,,,,,NOT_READY,,,,0,0,,,NO,NO,0,0,YES,REJECT,BTOG_2026-09-04,INVALIDATION: صدر خبرٌ فصعد واختبر المقاومة ثمّ «هبط فيه المضارب مباشره» ⇒ سلبيّ | CONTEXT: الشورتُ ارتفع | S/R: إن كسر قاعَ 2.08 يذهب إلى دعومه قبل التقسيم 1.70 على شموع الأسبوعيّ | REJECT: «غير جاهز»,explicit NOT-ready (no «فنيا» qualifier) · readiness/stage vocabulary (NOT_READY),Faisal post «16 س»; BTOG weekly chart (2.260) with the last weekly candle at 2.080,SOURCE_TEXT,HIGH,
SE47d473d991,BTOG,V4,EP0023,X_20260905_08,v4,faisal_images/X_20260905_08.png,tweet+chart,F,VISIBLE,UNIT_AUTHOR (per-quote speaker not verified),1,2026-09-05,,,RECORDED_UNVERIFIED,2026-09-08,2026-09-08,,$BTOG · 200% · الرمز الجديد $SGRX,,V4_TRANSCRIPTION,,,,,,,,,,,,UNKNOWN,0,0,,,NO,NO,0,0,YES,NONE,BTOG_2026-09-04,,,,SOURCE_TEXT,MEDIUM,
SE6aed4ad2fe,CANF,V4,EP0024,TG_1833,v4,faisal_images/TG_1833.jpg,tweet+charts,F,VISIBLE_OCR,UNIT_AUTHOR (per-quote speaker not verified),1,2026-07-20,,,RECORDED_UNVERIFIED,2026-07-20,2026-07-21,,$canf كثرة الاساله عنه كذلك · تحرر السهم 3.50 يتحول للاجابيه · الشورت صفر اقتراض 200٪,,V4_TRANSCRIPTION,,,,,,,,,,,,UNKNOWN,0,0,,,NO,NO,0,0,YES,WAIT,,WAIT: تحت مستوى التحرّر ليس إيجابيًّا بعد · تجاوزُه يحوّله إيجابيًّا,,,SOURCE_TEXT,MEDIUM,
SE1621546703,CANF,V4,EP0025,IMG_0602,v4,faisal_images/IMG_0602.png,reply_thread+chart,F,VISIBLE,UNIT_AUTHOR (per-quote speaker not verified),1,2026-07-31,,,RECORDED_UNVERIFIED,2026-07-31,2026-08-03,,…بالافتر قبل كم يوم المضارب باع 100 سهم وصل 3 السعر… ‖ يارب مضارب مو قروب 😂😢 Ezra ‖ اذا تجاوز 3.67 ممتاز ✅,,V4_TRANSCRIPTION,,,,,,,,,,,,UNKNOWN,0,0,,,NO,NO,0,0,YES,WAIT,CANF_2026-08-01,STRUCTURE: «بالافتر قبل كم يوم المضارب باع 100 سهم وصل 3 السعر» — ضغطُ المضارب بكمّيّةٍ صغيرة إلى 3 | CONFIRMATION: «اذا تجاوز 3.67 ممتاز ✅» (قرب الأسود 3.698),,,SOURCE_TEXT,MEDIUM,
SEffc44d4125,CANF,V4,EP0025,IMG_0510,v4,faisal_images/IMG_0510.png,tweet,F,VISIBLE,UNIT_AUTHOR (per-quote speaker not verified),1,2026-08-01,,,RECORDED_UNVERIFIED,2026-08-03,2026-08-03,,هذا مجرد ذكرته شرو بالتداول الليلي · من يشري بالتداول الليلي · المضارب راقد العالم راقد من بيرفع السهم · - · رفعو السهم 10٪ · هبط فيه المضارب · الان انتظر 2.80 يختبرها اولا · - · لو يلتزم كل شخص طلب السهم كان ربح · هذا مثال فقط · نرجع اسهمي الخاصه تطلع نسب واللي نغرد عنها تهبط · السبب نشري مع المضارب طلبات صغيره · لين تحمل كميتك · نغرد يجي واحد يطلب مباشره 5000 سهم · تبي 5000 سهم · وزع طلباتك · ع 100 و 90 و 70 لين تكمل طلباتك · بأسعار مختلفه يعطيك متوسط · - · سهم زخم فوق عليه طحن اشتر ب 100 الف كيفك · شف عاد يصعد او يهبط · - · ضمان المال تشري تحت تبيع فوق مع المضارب,,V4_TRANSCRIPTION,,,,,«انتظر» | «طلبات» | «طلبات» | «طلبات»,WAIT | ENTRY_PLAN | ENTRY_PLAN | ENTRY_PLAN,,,,WAIT+ENTRY_PLAN,,,0,0,«ذكرت»,,NO,NO,0,0,YES,WAIT,CANF_2026-08-01,VALIDITY: «من يشري بالتداول الليلي · المضارب راقد العالم راقد من بيرفع السهم» — الشراءُ الليليّ بلا مضارب | PATTERN: «رفعو السهم 10٪ · هبط فيه المضارب» | WAIT: «الان انتظر 2.80 يختبرها اولا» | ENTRY: «نشري مع المضارب طلبات صغيره لين تحمل كميتك … وزع طلباتك ع 100 و 90 و 70 لين تكمل طلباتك بأسعار مختلفه يعطيك متوسط» — طلباتٌ صغيرةٌ موزّعة لا طلبٌ واحدٌ كبير | CONTEXT: «ضمان المال تشري تحت تبيع فوق م,,,SOURCE_TEXT,MEDIUM,
SEe6472e2b7e,CANF,V4,EP0025,IMG_0511,v4,faisal_images/IMG_0511.jpeg,chart,F,VISIBLE_LINKED,UNIT_AUTHOR (per-quote speaker not verified),1,2026-08-01,,,RECORDED_UNVERIFIED,2026-08-03,2026-08-03,,,,V4_TRANSCRIPTION,,,,,,,,,,,,UNKNOWN,0,0,,,NO,NO,0,1,YES,NONE,CANF_2026-08-01,,,,CHART_ONLY,MEDIUM,
SE0ea243a27b,CANF,V4,EP0025,IMG_0512,v4,faisal_images/IMG_0512.png,reply_thread+quote,F,VISIBLE,UNIT_AUTHOR (per-quote speaker not verified),1,2026/8/1 7:42 م,2026-08-01 12:42 NY,,EXACT_PRINTED,2026-08-03,2026-08-03,,اغلق الفجوه الهابطه عند 3 · ب 100 سهم · بمعنى يوجد فراغ بين 3 ل 3.20 · بالافتر قبل كم يوم المضارب باع… ‖ ابو بدر دخولي فيه ٣.٢٠ هل اغير الوقف حقي لاني حاطه ٣ لي اسبوعين اجمع فيه والله .. ‖ احيانا نغير المركز ويطلع السهم يفوتنا يكون دخول متسرع · نغير المركز = نطلع براس المال · - · السهم اذا ماكسر 2.80 بيصعد,,V4_TRANSCRIPTION,,,,,«دخول» | «دخول»,ENTRY_PLAN | ENTRY_PLAN,,,,ENTRY_PLAN,,,0,0,,,NO,NO,0,0,YES,WAIT,CANF_2026-08-01,STRUCTURE: «اغلق الفجوه الهابطه عند 3 ب 100 سهم · بمعنى يوجد فراغ بين 3 ل 3.20» | CONTEXT: «احيانا نغير المركز ويطلع السهم يفوتنا يكون دخول متسرع · نغير المركز = نطلع براس المال» | INVALIDATION: «السهم اذا ماكسر 2.80 بيصعد» — الإبطالُ كسرُ 2.80,,,SOURCE_TEXT,MEDIUM,
SE19ccb944f9,CANF,V4,EP0025,IMG_0513,v4,faisal_images/IMG_0513.png,reply_thread+quote,F,VISIBLE,UNIT_AUTHOR (per-quote speaker not verified),1,2026/8/1 8:18 م,2026-08-01 13:18 NY,,EXACT_PRINTED,2026-08-03,2026-08-03,,بمعنى يوجد فراغ بين 3 ل 3.20 · بالافتر قبل كم يوم المضارب باع… ‖ يعني يابو بدر انزل الوقف من 3 الى 2.79؟ ‖ كم دخولك ‖ 3.32 ‖ اذا ماكسر 2.80 الاسبوع القادم · وحقق الدعم 3 > 2.85 · ممكن تزود كميتك,,V4_TRANSCRIPTION,,,,,«دخول»,ENTRY_PLAN,,,,ENTRY_PLAN,,,0,0,,,NO,NO,0,0,YES,WAIT,CANF_2026-08-01,CONTEXT: «كم دخولك» — النصيحةُ تُبنى على سعر دخول السائل | WAIT: «اذا ماكسر 2.80 الاسبوع القادم · وحقق الدعم 3 > 2.85 · ممكن تزود كميتك» | INVALIDATION: كسرُ 2.80,,,SOURCE_TEXT,MEDIUM,
SE38aead8feb,CANF,V4,EP0026,X_20260827_indicators_canf,v4,faisal_images/X_20260827_indicators_canf.png,tweet+chart,F,VISIBLE_PROFILE,UNIT_AUTHOR (per-quote speaker not verified),1,2026-08-2x,,,BOUNDED,2026-08-20,2026-08-31,,"Faisal · 17,825 من المنشورات ‖ … هذي مؤشراتي لقراءة السهم · كلها تقريبا تعطي قراءة مثل rsi · مع اختلاف الأرقام والموجات · استخلص منها مناطق هبوط السهم واهداف السهم اثناء الصعود · لاتغني عن اخبار السهم ونسبة الشورت والاقتراض · - · لو تسال شات جي تي اعطاك تفاصيل · - · سبق ذكرت الزخم نادر اتداول فيه · صفقاتي ارتكازيه تعتمد ع ربح يتجاوز 100٪",,V4_TRANSCRIPTION,,,,,,,,,,,,UNKNOWN,0,0,«ذكرت»,,NO,NO,0,0,YES,NONE,,CONTEXT: مؤشّراتُه (FSTO · CCI · RSI · ROC) كلُّها قراءةٌ من جنس RSI: منها مناطقُ الهبوط وأهدافُ الصعود | CONTEXT: لا تُغني عن أخبار السهم ونسبة الشورت والاقتراض | META: الزخمُ نادرٌ أن يتداول فيه · صفقاتُه ارتكازيّة | TARGET: صفقاتُه الارتكازيّة تعتمد على ربحٍ يتجاوز 100٪ (مسافةُ ربح),,,SOURCE_TEXT,MEDIUM,
SEfa807abbac,CCHH,V4,EP0027,IMG_0296,v4,faisal_images/IMG_0296.jpeg,chart,U,EDU_CHANNEL_UNMATCHED,UNIT_AUTHOR (per-quote speaker not verified),0,2026-07-2x,,,BOUNDED,2026-07-20,2026-07-30,,,,V4_TRANSCRIPTION,,,,,,,,,,,,NON_FAISAL,0,0,,,NO,NO,0,1,YES,NONE,CCHH_2026-07,,,,NON_FAISAL,NOT_FAISAL,
SE01c7d9a8c0,CCHH,V4,EP0027,IMG_0297,v4,faisal_images/IMG_0297.jpeg,channel_post,U,EDU_CHANNEL_UNMATCHED,UNIT_AUTHOR (per-quote speaker not verified),0,2026-07-2x,,,BOUNDED,2026-07-20,2026-07-30,,Cchh · تابع اللاين الازرق · سحب السيوله ل 1.30 · صعد اختبر المقاومه 1.70 · شورته 9000 · - · 13 > 7 توه مقسم · صعود اول اختبار مقاومه · هبوط لاختبار الدعم او سحب السيوله · وتكوين قاع جديد · السعر الحالي 1.37 · من القاع 1.30 سحب السيوله متعارف عليه من 7٪ ل 13٪ · 1.30-10٪=1.17 · اذا الهبوط المتوقع 1.10 · تحت المتابعه · صعود قادم كسّر المقاومه الاولى · الخطوط تعتبر اهداف مضارب,,V4_TRANSCRIPTION,,,,,«تابع» | «تحت المتابعه»,MONITOR | MONITOR,,,,,,NON_FAISAL,0,0,,,NO,NO,0,0,YES,WATCH,CCHH_2026-07,STRUCTURE: مقسّمٌ حديثًا: صعودٌ أوّل لاختبار مقاومة ⟵ هبوطٌ لاختبار الدعم أو سحب السيولة وتكوين قاعٍ جديد | PRESS: من القاع 1.30: «سحب السيوله متعارف عليه من 7٪ ل 13٪» (1.30−10٪=1.17 · والهبوطُ المتوقَّع 1.10) | WATCH: «تحت المتابعه» · والصعودُ القادم يكسر المقاومةَ الأولى | TARGET: «الخطوط تعتبر اهداف مضارب» | CONTEXT: شورتُه 9000,,,NON_FAISAL,NOT_FAISAL,
SEb9df8c42e0,CDIO,VISIBLE,EP0028,TG_2090,s2,faisal_images/TG_2090.jpg,quoted X post,F,EYE_VERIFIED,F,1,2026/1/28,,2026-07-27,EXACT_DATE_PRINTED,2026-01-28,2026-01-29,,لاتعجل ع رزقك السهم جاهز ع جميع المؤشرات والشموع يعجبني بعض الاحيان مؤشر كلنجر بانتظار فقط دخول المضارب يت…,,EYE_2026-10-09,$CDIO الشرط كالعاده مالم تدخل قروبات بيحقق نسبه طيبه والله اعلم ( معلومات ليست توصيه ) ‖ لاتعجل ع رزقك السهم جاهز ع جميع المؤشرات والشموع · يعجبني بعض الاحيان مؤشر كلنجر بانتظار فقط دخول المضارب يت…,TG_2218:s1,«جاهز»,READY,«بانتظار» | «دخول»,WAIT | ENTRY_PLAN,,,READY,WAIT+ENTRY_PLAN,,,1,0,,,NO,NO,0,0,YES,MULTI,,WAIT: «جاهز» على المؤشّرات والشموع ‏+ «بانتظار فقط دخول المضارب» ‏+ «لاتعجل» ⟵ انتظار | REJECT: دخولُ القروبات يُبطل («مالم تدخل قروبات»),"same statement as TG_2218 (quoted, truncated) · readiness/stage vocabulary (READY) — qualified technical","search «from:kisar_ cdio»: a $CDIO post (date not visible, later than the quoted post) quoting @kisar_ · 2026/1/28",SOURCE_TEXT,HIGH,
SEa59858e6f8,CDIO,STRONGLY_SUPPORTED — quoted under a $CDIO post (TG_2090); the post itself shows no ticker,EP0028,TG_2218,s1,faisal_images/TG_2218.jpg,X post,F,EYE_VERIFIED,F,1,2026/1/28,,2026-07-28,EXACT_DATE_PRINTED,2026-01-28,2026-01-29,,لاتعجل ع رزقك السهم جاهز ع جميع المؤشرات والشموع / يعجبني بعض الاحيان مؤشر كلنجر / بانتظار فقط دخول المضارب يتم ذكره,,EYE_2026-10-09,لاتعجل ع رزقك السهم جاهز ع جميع المؤشرات والشموع · يعجبني بعض الاحيان مؤشر كلنجر · بانتظار فقط دخول المضارب يتم ذكره ‖ مؤشر كلنجر,,«جاهز»,READY,«بانتظار» | «دخول»,WAIT | ENTRY_PLAN,,,READY,WAIT+ENTRY_PLAN,,,1,0,,,NO,NO,0,0,YES,WAIT,,WAIT: «جاهز» على جميع المؤشّرات والشموع ‏+ «بانتظار فقط دخول المضارب» ⟵ انتظار,explicit technical readiness («جاهز ع جميع المؤشرات والشموع») + waiting for the operator's entry · readiness/stage vocabulary (READY) — qualified technical,Faisal post; no date and no ticker visible in this image — the same text is quoted in TG_2090 (printed @kisar_ · 2026/1/28) inside a $CDIO post found by search «from:kisar_ cdio»,SOURCE_TEXT,HIGH,
SE2df29e2975,CDIO,V4,EP0028,TG_2249,v4,faisal_images/TG_2249.jpg,chart,F,CATALOG_ATTRIBUTION,UNIT_AUTHOR (per-quote speaker not verified),1,2026-01-28,,,RECORDED_UNVERIFIED,2026-01-28,2026-01-29,,,,V4_TRANSCRIPTION,,,,,,,,,,,,UNKNOWN,0,0,,,NO,NO,0,1,YES,NONE,,,,,CHART_ONLY,LOW,
SE8bef544902,CDIO,V4,EP0029,TG_1994,v4,faisal_images/TG_1994.jpg,chart,F,CATALOG_ATTRIBUTION,UNIT_AUTHOR (per-quote speaker not verified),1,2026-02-0x,,,BOUNDED,2026-02-02,2026-02-10,,,,V4_TRANSCRIPTION,,,,,,,,,,,,UNKNOWN,0,0,,,NO,NO,0,1,YES,NONE,,,,,CHART_ONLY,LOW,
SE9b92ab1114,CDIO,V4,EP0029,TG_2088,v4,faisal_images/TG_2088.jpg,chart,F,CATALOG_ATTRIBUTION,UNIT_AUTHOR (per-quote speaker not verified),1,2026-02-0x,,,BOUNDED,2026-02-02,2026-02-10,,,,V4_TRANSCRIPTION,,,,,,,,,,,,UNKNOWN,0,0,,,NO,NO,0,1,YES,NONE,,,,,CHART_ONLY,LOW,
SE259f13970e,CDIO,V4,EP0029,TG_2092,v4,faisal_images/TG_2092.jpg,chart,F,CATALOG_ATTRIBUTION,UNIT_AUTHOR (per-quote speaker not verified),1,2026-02-0x,,,BOUNDED,2026-02-02,2026-02-10,,,,V4_TRANSCRIPTION,,,,,,,,,,,,UNKNOWN,0,0,,,NO,NO,0,1,YES,NONE,,,,,CHART_ONLY,LOW,
SE5bfe286a4f,CDIO,V4,EP0029,TG_2093,v4,faisal_images/TG_2093.jpg,tweet+chart,F,VISIBLE_OCR,UNIT_AUTHOR (per-quote speaker not verified),1,2026-02-0x,,,BOUNDED,2026-02-02,2026-02-10,,راقبو سيدو …,,V4_TRANSCRIPTION,,TG_1989,,,«راقبو»,MONITOR,,,,MONITOR,,,0,0,,,NO,NO,0,0,YES,WAIT,,,,,SOURCE_TEXT,MEDIUM,
SE9e528f6a16,CDIO,V4,EP0030,TG_1986,v4,faisal_images/TG_1986.jpg,chart,F,CATALOG_ATTRIBUTION,UNIT_AUTHOR (per-quote speaker not verified),1,2026-02-2x,,,BOUNDED,2026-02-20,2026-03-02,,,,V4_TRANSCRIPTION,,,,,,,,,,,,UNKNOWN,0,0,,,NO,NO,0,1,YES,NONE,,,,,CHART_ONLY,LOW,
SE7a47dc0466,CDIO,V4,EP0030,TG_1989,v4,faisal_images/TG_1989.jpg,tweet+chart,F,VISIBLE_OCR,UNIT_AUTHOR (per-quote speaker not verified),1,2026-02-2x,,,BOUNDED,2026-02-20,2026-03-02,,راقبو سيدو · ماحب احط رمز السهم لعدم البحث عنه · صعد من هبوطه الشنيع امس 30٪ · الان راح يرجع يختبر الدعم الثاني · متوقع يكون دعمه بين 1.05 ل 1.15 · راقب السهم بعد مايهبط للدعم الثاني · اهدافه القريبه 1.60 · متى تدخل > اذا كون دعم اي كان سعره 1 او 1.10 وثبت عليها تدخل وقفك يكون ذيل شمعة الصعود 97 ل 95 سنت · التحليل استخدمت عليه متوسط الحركه 50 + RSI تشبع بيعي,,V4_TRANSCRIPTION,,,,,«راقبو» | «راقب»,MONITOR | MONITOR,,,,MONITOR,,,0,0,,,NO,NO,0,0,YES,WAIT,,WAIT: بعد صعود 30% من القاع يرجع يختبر الدعم الثاني ⟵ راقب حتى يهبط إليه | READY: إذا كوّن دعمًا عند الدعم الثاني وثبت عليه ⟵ ادخل | INVALIDATION: الوقف = ذيلُ شمعة الصعود | INFO: الأدوات: متوسط الحركة 50 ‏+ RSI تشبّعٌ بيعيّ,,,SOURCE_TEXT,MEDIUM,
SEbf8f3994f4,CDIO,V4,EP0030,TG_1990,v4,faisal_images/TG_1990.jpg,chart,F,CATALOG_ATTRIBUTION,UNIT_AUTHOR (per-quote speaker not verified),1,2026-02-2x,,,BOUNDED,2026-02-20,2026-03-02,,,,V4_TRANSCRIPTION,,,,,,,,,,,,UNKNOWN,0,0,,,NO,NO,0,1,YES,NONE,,,,,CHART_ONLY,LOW,
SEe8e6ebbba6,CDIO,V4,EP0030,TG_2091,v4,faisal_images/TG_2091.jpg,search,F,VISIBLE_OCR,UNIT_AUTHOR (per-quote speaker not verified),1,2026/2/27,,,EXACT_DATE_PRINTED,2026-02-27,2026-03-02,,from:kisar_ bnai ‖ اعظم سهم في 2026 · حللناه عند 2 وصل 86 · هل بعنا ب 86 طبعا لا · هل تنبو بيوصل 86 طبعا لا · كانت الاهداف المتوقعه 100٪ ل 200٪ · حقق 4000٪ · $BNAI · الفرصه الثانيه سيدو · $CDIO · من 1 ل 10 · 1000٪ · هذا اعظم تحليل لي في 2026 … ‖ $BNAI من 2 كان سلوك السهم للدبلات واضح · هل كان متوقع يوصل 68 طبعا لا · الهدف كان 8 > 12 > 26 هدف اعلى لايجزم به · وصل 68 اكثر من 5000٪,,V4_TRANSCRIPTION,,,,,«بعنا»,EXIT,,,,EXIT,,,0,0,,,NO,NO,0,0,YES,NONE,,INFO: «كانت الاهداف المتوقعه 100٪ ل 200٪» — الأهدافُ نسبُ ربحٍ من الدخول (BNAI من 2) | INFO: «الهدف كان 8 > 12 > 26 هدف اعلى لايجزم به» — سلّمُ أهدافٍ والأعلى غيرُ مجزوم,,,SOURCE_TEXT,MEDIUM,
SEb98c97d935,CDIO,V4,EP0030,TG_2086,v4,faisal_images/TG_2086.jpg,tweet,F,CATALOG_ATTRIBUTION,UNIT_AUTHOR (per-quote speaker not verified),1,2026-02-28,,,RECORDED_UNVERIFIED,2026-03-02,2026-03-02,,مفهوم خلق السيوله الوهميه نستخدم مؤشر (MFI) · ○ دفع سعر السهم لتجاوز مستويات دعم أو مقاومة فنية بشكل مؤقت · ○ الهدف هو تفعيل أوامر وقف الخسارة لدى الصغار لجمع كمياتهم أو جذب المشترين عند القمم · بمعنى المضارب يحتاج كميات عاليه من السهم والسهم راكد … يخلق سيوله ( … شراء من العرض ) تتدفق السيوله الخارجه ويتفاعل الصغار مع السهم ببيع كمياتهم من 10> 30٪ يحقق فيها هدف او مقاومه · المضارب يتسقبل جميع كميات المضاربين الصغار يهبط بالسهم لما كان عليه · مسح شامل للسيوله او الاسهم المتمركزه · حدث هذا معنا في سهم CDIO حقق 1000٪ · … BNAI حقق 5000٪ · … بانتظار صانع السوق,,V4_TRANSCRIPTION,,,,,«بانتظار»,WAIT,,,,WAIT,,,0,0,,,NO,NO,0,0,YES,NONE,,INFO: «خلقُ السيولة الوهميّة» (مؤشّر MFI): دفعٌ مؤقّتٌ للسعر عبر دعمٍ/مقاومة لتفعيل أوقاف الصغار وجمع كميّاتهم ⟵ الصغارُ يبيعون عند 10-30% ⟵ المضاربُ يستقبل الكميّات ثمّ يهبط بالسهم = مسحٌ شامل | INFO: أمثلة: CDIO ‏1000% · BNAI ‏5000%,,,SOURCE_TEXT,LOW,
SE8ff473b66e,CDIO,V4,,TG_1880,v4,faisal_images/TG_1880.jpg,chart,F,CATALOG_ATTRIBUTION,UNIT_AUTHOR (per-quote speaker not verified),1,,,,AMBIGUOUS,,,,,,V4_TRANSCRIPTION,,,,,,,,,,,,UNKNOWN,0,0,,,NO,NO,0,1,UNKNOWN,NONE,,INFO: ذيلُ سحبٍ عميق تحت الدعم ثمّ عودةٌ فوقه,,,CHART_ONLY,LOW,
SEcac514f143,CDIO,V4,,TG_1932,v4,faisal_images/TG_1932.jpg,chart,F,CATALOG_ATTRIBUTION,UNIT_AUTHOR (per-quote speaker not verified),1,,,,AMBIGUOUS,,,,,,V4_TRANSCRIPTION,,,,,,,,,,,,UNKNOWN,0,0,,,NO,NO,0,1,UNKNOWN,NONE,,,,,CHART_ONLY,LOW,
SEaa8eb0ebe3,CDIO,V4,,TG_1933,v4,faisal_images/TG_1933.jpg,tweet+chart,F,CATALOG_ATTRIBUTION,UNIT_AUTHOR (per-quote speaker not verified),1,,,,AMBIGUOUS,,,,راقب سيدو · محتمل جدا يضغطه لمناطق الطلب 2.70 > 2.80 · 2.50 دعم لو كسره يفشل السهم,,V4_TRANSCRIPTION,,,,,«راقب» | «يضغطه» | «فشل»,MONITOR | PRESS | INVALID,,,,MONITOR+INVALID+PRESS_MENTION,,,0,0,,,NO,NO,0,0,UNKNOWN,WAIT,,WAIT: منطقةُ الطلب تحت السعر (2.70-2.80 والسعر 2.96) ⇒ انتظارُ الضغط إليها | INVALIDATION: كسرُ الدعم 2.50 يُفشل السهم,,,SOURCE_TEXT,LOW,
SE9dd4554e99,CDIO,VISIBLE,,TG_2090,s1,faisal_images/TG_2090.jpg,X post (quoting),F,EYE_VERIFIED,F,1,2026-01-28/02,,2026-07-27,AMBIGUOUS,,,statement undated in the image; V4 unit date used,$CDIO / الشرط كالعاده مالم تدخل قروبات بيحقق نسبه طيبه / والله اعلم / ( معلومات ليست توصيه ),,EYE_2026-10-09,$CDIO الشرط كالعاده مالم تدخل قروبات بيحقق نسبه طيبه والله اعلم ( معلومات ليست توصيه ) ‖ لاتعجل ع رزقك السهم جاهز ع جميع المؤشرات والشموع · يعجبني بعض الاحيان مؤشر كلنجر بانتظار فقط دخول المضارب يت…,,,,,,,,,,,UNKNOWN,0,0,,,NO,NO,0,0,UNKNOWN,MULTI,,WAIT: «جاهز» على المؤشّرات والشموع ‏+ «بانتظار فقط دخول المضارب» ‏+ «لاتعجل» ⟵ انتظار | REJECT: دخولُ القروبات يُبطل («مالم تدخل قروبات»),conditional expectation; no stage word,"search «from:kisar_ cdio»: a $CDIO post (date not visible, later than the quoted post) quoting @kisar_ · 2026/1/28",SOURCE_TEXT,HIGH,
SEeacfb5d93b,CDT,VISIBLE,EP0031,TG_58524,s1,faisal_images/TG_58524.jpg,X post,F,EYE_VERIFIED,F,1,after the 2026-10-07 close (after-hours 0.8399) and before capture 2026-10-08T08:58:17Z,,2026-10-08,EXACT_DERIVED,2026-10-08,2026-10-08,,مقسم قبل سبوع / اليوم قاع جديد / لايوجد شورت اقتراض 293٪ / - / مضارب مايعترف بالدعوم والمقاومات ولا يمشي عليه / لاتحليل شموع ولا موجات / يهبط عالي / صعود بشمعه هبوط مباشره / هذا سلوكه / - / هل يضغط 64 او يكتفي / تحت المجهر,,EYE_2026-10-09,,,,,«يضغط» | «تحت المجهر»,PRESS | MONITOR,,,,MONITOR+WAIT_FOR_PRESS,,,0,0,,,NO,NO,0,0,NO_BARS,,CASE_0002,,close watch («تحت المجهر») with an open question on pressure to 0.64 · waits for operator pressure (not observed),prospective sealed case CASE_0002,SOURCE_TEXT,HIGH,
SE1f739b5d1e,CDTG,V4,EP0032,TG_1875,v4,faisal_images/TG_1875.jpg,chart,F,CATALOG_ATTRIBUTION,UNIT_AUTHOR (per-quote speaker not verified),1,2026-06-2x,,,BOUNDED,2026-06-22,2026-06-30,,,,V4_TRANSCRIPTION,,,,,,,,,,,,UNKNOWN,0,0,,,NO,NO,0,1,NO_BARS,NONE,,,,,CHART_ONLY,LOW,
SE02a6605f5f,CETX,VISIBLE,EP0033,X_20260918_23_watchlist,s1,faisal_images/X_20260918_23_watchlist.png,Faisal's own app screenshot attached to the post,F,EYE_VERIFIED,APP_TAB,1,2026/9/13 1:44 م,2026-09-13 06:44 NY,2026-09-18,EXACT_PRINTED,2026-09-14,2026-09-14,,قائمتي,,EYE_2026-10-09,فسال الله من فضله · فالاسهم رزق لن تسبق رزقك ماحييت ‖ قائمتي,,«قائمتي»,LIST,,,LIST_SNAPSHOT_VISIBLE,tab «قائمتي» selected · 8 rows visible · other tabs NOT SHOWN,,,,,0,0,,,VISIBLE_TAB_ONLY,NO,0,0,YES,NONE,,,visible membership of the «قائمتي» tab at the snapshot time; says nothing about the other three tabs,continuation of X_20260918_22 — printed «2026/9/13 1:44 م · 886» ; full «قائمتي» list (8 rows + Nasdaq index row) ; selected tab «قائمتي» ; no stage/status text on any row (only bid/ask/price/change),LIST_SNAPSHOT,HIGH,
SE2c8aa86eae,CETX,V4,EP0034,TG_50828,v4,faisal_images/TG_50828.jpg,tweet+chart,F,VISIBLE,UNIT_AUTHOR (per-quote speaker not verified),1,2026-09-2x,,,BOUNDED,2026-09-21,2026-09-30,,مش بطال · باقي اغلاق الطرح نهاية الشهر · شمعة الخبر E = 2.70 > 3 مقاومه · الشورت 20 ع وشك · Rsi 31 · باقي تكه نشوف 1.80 لو سحب السيوله · $cetx ‖ E,,V4_TRANSCRIPTION,,,,,,,,,,,,UNKNOWN,0,0,,,NO,NO,0,0,YES,WAIT,,TARGET: شمعةُ الخبر (E) مقاومة: 2.70 إلى 3 | WAIT: إغلاقُ طرحٍ معلَّق حتى نهاية الشهر ⟵ انتظار | SWEEP: سحبٌ محتملٌ إلى 1.80 (‏≈−10% تحت الدعم),,,SOURCE_TEXT,MEDIUM,
SE84a011a59e,CIIT,V4,EP0035,TG_50587,v4,faisal_images/TG_50587.jpg,edu_chart_annot,EDU,CATALOG_ATTRIBUTION,UNIT_AUTHOR (per-quote speaker not verified),0,2026-09-21,,,RECORDED_UNVERIFIED,2026-09-21,2026-09-22,,منصة سهم ‖ راس مقاومه · ذيل دعم ‖ لما تشوف شمعه ساقطه ع فريم 4 ساعات انتظر السهم يختبرها = يرجع السعر عندها,,V4_TRANSCRIPTION,,,,,«انتظر»,WAIT,,,,,,NON_FAISAL,0,0,,,NO,NO,0,0,YES,NONE,,SR: رأسُ الشمعة مقاومة · ذيلُها دعم | WAIT: شمعةٌ ساقطة على 4س ⟵ انتظر السهمَ يختبرها (يرجع السعر عندها),,,NON_FAISAL,NOT_FAISAL,
SE7c3197ad8d,CIIT,V4,EP0035,TG_57878,v4,faisal_images/TG_57878.jpg,app_panel,APP,VISIBLE,UNIT_AUTHOR (per-quote speaker not verified),0,2026-09-2x,,,BOUNDED,2026-09-21,2026-09-30,,اختبار ناجح · بعيد عن الدعم ‖ ✗ أسفل جميع EMA ‖ الناقص الآن: السعر ليس أسفل EMA20/30/50 اليومية,[APP_UI] مراقب استراتيجية فيصل ‖ [APP_UI] مراقبة مبكرة,V4_TRANSCRIPTION,,,,,,,,,,,,NON_FAISAL,0,0,,,NO,NO,0,0,YES,WAIT,,,,,APP_THIRD_PARTY,NOT_FAISAL,
SEdb5f5605aa,CIIT,V4,EP0035,TG_57880,v4,faisal_images/TG_57880.jpg,app_panel,APP,VISIBLE,UNIT_AUTHOR (per-quote speaker not verified),0,2026-09-2x,,,BOUNDED,2026-09-21,2026-09-30,,السعر ليس أسفل EMA20/30/50 ‖ ينقصه ثبات يومي جلستين على الأقل ‖ السعر خارج نطاق 15% من الدعم ‖ اكتمال الشروط الفنية 5/8 · شرط الشورت 1/1,[APP_UI] مراقبة مبكرة,V4_TRANSCRIPTION,,,,,,,,,,,,NON_FAISAL,0,0,,,NO,NO,0,0,YES,WAIT,,,,,APP_THIRD_PARTY,NOT_FAISAL,
SE069bedf9e1,CIIT,V4,EP0035,TG_57882,v4,faisal_images/TG_57882.jpg,app_panel,APP,VISIBLE,UNIT_AUTHOR (per-quote speaker not verified),0,2026-09-2x,,,BOUNDED,2026-09-21,2026-09-30,,اختبار ناجح · بعيد عن الدعم,,V4_TRANSCRIPTION,,,,,,,,,,,,NON_FAISAL,0,0,,,NO,NO,0,0,YES,WAIT,,,,,APP_THIRD_PARTY,NOT_FAISAL,
SEa04b726491,CIIT,V4,EP0035,TG_57881,v4,faisal_images/TG_57881.jpg,chart_annot,F,VISIBLE_LINKED,UNIT_AUTHOR (per-quote speaker not verified),1,2026-09-25,,,RECORDED_UNVERIFIED,2026-09-25,2026-09-28,,القاع 2.26 · سحب السيوله 2 ‖ الاجابيه ثبات اسفل الدعم,,V4_TRANSCRIPTION,,,,,,,,,,,,UNKNOWN,0,0,,,NO,NO,0,0,YES,WAIT,CIIT_2026-09-26,SWEEP: القاع 2.26 · سحبُ السيولة إلى 2 | VALIDITY: «الاجابيه ثبات اسفل الدعم» (أثناء السحب ثمّ العودة),,,SOURCE_TEXT,MEDIUM,
SEf4de20f1dd,CIIT,V4,EP0035,TG_57883,v4,faisal_images/TG_57883.jpg,chart_annot,F,VISIBLE_LINKED,UNIT_AUTHOR (per-quote speaker not verified),1,2026-09-25,,,RECORDED_UNVERIFIED,2026-09-25,2026-09-28,,Claude ▶ ‖ القاع 2.26 · سحب السيوله 2 ‖ الاجابيه ثبات اسفل الدعم,,V4_TRANSCRIPTION,,TG_57881,,,,,,,,,,UNKNOWN,0,0,,,NO,NO,0,0,YES,WAIT,CIIT_2026-09-26,,,,SOURCE_TEXT,MEDIUM,
SEb278b7a389,CIIT,V4,EP0035,TG_57879,v4,faisal_images/TG_57879.jpg,reply,F,VISIBLE,UNIT_AUTHOR (per-quote speaker not verified),1,2026/9/26 4:49 م,2026-09-26 09:49 NY,,EXACT_PRINTED,2026-09-28,2026-09-28,,✅ ‖ لاحظت انك كاتب الايجابيه ثبات اسفل الدعم .. القصد منه وقت سحب السيوله (تقريبا -25%) كما ذكرت.. بعدها العوده فوق الدعم 2.26 ‖ ما قصرت يبو بدر · ما حولك سهم ما جهز والا ندور بحسابك,,V4_TRANSCRIPTION,,,,,,,,,,,,UNKNOWN,0,0,«ذكرت»,,NO,NO,0,0,YES,WAIT,CIIT_2026-09-26,SEQUENCE: الإيجابيّةُ «ثباتٌ أسفل الدعم» وقتَ سحب السيولة (‏≈−25% من اختبار المقاومة) ثمّ العودةُ فوق الدعم (2.26),,,SOURCE_TEXT,MEDIUM,
SEf307bd94db,CIIT,V4,EP0035,TG_57884,v4,faisal_images/TG_57884.jpg,tweet+charts+quote,F,VISIBLE,UNIT_AUTHOR (per-quote speaker not verified),1,2026-09-26,,,RECORDED_UNVERIFIED,2026-09-28,2026-09-28,,Claude ▶ ‖ ربما عنده موجه هابطه لتحقيق الدعوم وسحب السيوله · تمثل الموجات الهابطه -25٪ بعد اختبار المقاومه ‖ ما قصرت يبو بدر · ما حولك سهم ما جهز والا ندور بحسابك,,V4_TRANSCRIPTION,,,,,,,,,,,,UNKNOWN,0,0,,,NO,NO,0,0,YES,WAIT,CIIT_2026-09-26,SEQUENCE: بعد اختبار المقاومة: موجةٌ هابطة ‏≈−25% لتحقيق الدعوم وسحب السيولة,,,SOURCE_TEXT,MEDIUM,
SE1f58d59ffc,CIIT,V4,,TG_2111,v4,faisal_images/TG_2111.jpg,chart,F,CATALOG_ATTRIBUTION,UNIT_AUTHOR (per-quote speaker not verified),1,,,,AMBIGUOUS,,,,,,V4_TRANSCRIPTION,,,,,,,,,,,,UNKNOWN,0,0,,,NO,NO,0,1,UNKNOWN,NONE,,,,,CHART_ONLY,LOW,
SEb0afe882a9,CIIT,V4,,X_20260827_ciit_targets,v4,faisal_images/X_20260827_ciit_targets.png,tweet+chat+chart,F,VISIBLE,UNIT_AUTHOR (per-quote speaker not verified),1,≤2026-08-27,,,AMBIGUOUS,,,,الحق خوياك 😂🤷‍♂️ ⟋ $ciit ‖ ستوك ‖ الأحد ‖ Ciit هدفه من [مطموس] · - · السعر الحالي3.50,,V4_TRANSCRIPTION,,,,,,,,,,,,UNKNOWN,0,0,,,NO,NO,0,0,UNKNOWN,UNKNOWN,CIIT_2026-08,TARGET: هدفٌ مذكورٌ للمجموعة ومطموسٌ للعامّة,,,SOURCE_TEXT,MEDIUM,
SEbbcf228533,CLIK,V4,,TG_1947,v4,faisal_images/TG_1947.jpg,tweet+chart,F,VISIBLE_OCR,UNIT_AUTHOR (per-quote speaker not verified),1,,,,AMBIGUOUS,,,,اخر دعم يفشل فيه 1.60 · اليوم حافظ ع 1.84 الشمعه خضرا · 1.73 خطوره السهم · لذلك كان التجميع فيه نطاق 1.95 · تحرر السهم 2.21,,V4_TRANSCRIPTION,,,,,«فشل»,INVALID,,,,INVALID,,,0,0,,,NO,NO,0,0,UNKNOWN,UNKNOWN,,INVALIDATION: آخرُ دعمٍ يفشل فيه السهم 1.60 | INFO: حافظ على الشمعة الخضراء 1.84 ⇒ التجميعُ في نطاق 1.95,,,SOURCE_TEXT,MEDIUM,
SEa121dd82b8,CLIR,V4,EP0036,TG_2108,v4,faisal_images/TG_2108.jpg,tweet+chart,F,VISIBLE_OCR,UNIT_AUTHOR (per-quote speaker not verified),1,2026-04-0x,,,BOUNDED,2026-04-01,2026-04-10,,السهم صعد تدريجي بعد ادنى قاع · حقق 5 تقريبا > 50٪ · حاليا عنده شمعه هابطه الرجل المشنوق هنق مان · انتظر تكوين دعوم ارتداد بين 3.60 ل 4 · الدخول بعد ثبات الدعوم بجلستين او 3 ‖ 04/02/2026 Daily Hanging Man · Short-term Bearish,,V4_TRANSCRIPTION,,,,,«انتظر» | «الدخول»,WAIT | ENTRY_PLAN,,,,WAIT+ENTRY_PLAN,,,0,0,,,NO,NO,0,0,YES,WAIT,,WAIT: شمعةٌ هابطة «الرجل المشنوق» بعد صعودٍ 50% ⟵ انتظارُ تكوين دعوم ارتداد 3.60-4 | READY: الدخولُ بعد ثبات الدعوم جلستين أو ثلاثًا,,,SOURCE_TEXT,MEDIUM,
SE40f6393cbb,CLIR,V4,EP0036,TG_2109,v4,faisal_images/TG_2109.jpg,tweet+chart,FO,NONE,UNIT_AUTHOR (per-quote speaker not verified),0,2026-04-03,,,RECORDED_UNVERIFIED,2026-04-06,2026-04-06,,منطقة الطلب 4 - 3.87 ‖ دعوم 3.65 - 3.50 مع متابعة الشورت,,V4_TRANSCRIPTION,,,,,«متابعة»,MONITOR,,,,,,NON_FAISAL,0,0,,,NO,NO,0,0,YES,NONE,,INFO: (متابع) منطقةُ الطلب 3.87-4 · دعوم 3.50-3.65 «مع متابعة الشورت»,,,NON_FAISAL,NOT_FAISAL,
SE8ed7a33364,CNMD,V4,EP0037,TG_1951,v4,faisal_images/TG_1951.jpg,chart_drawn,F,CATALOG_ATTRIBUTION,UNIT_AUTHOR (per-quote speaker not verified),1,2026-05-2x,,,BOUNDED,2026-05-20,2026-06-01,,,,V4_TRANSCRIPTION,,,,,,,,,,,,UNKNOWN,0,0,,,NO,NO,0,1,YES,UNKNOWN,,,,,CHART_ONLY,LOW,
SE28d654022e,CNMD,V4,EP0037,TG_1952,v4,faisal_images/TG_1952.jpg,chart,F,CATALOG_ATTRIBUTION,UNIT_AUTHOR (per-quote speaker not verified),1,2026-05-2x,,,BOUNDED,2026-05-20,2026-06-01,,,,V4_TRANSCRIPTION,,,,,,,,,,,,UNKNOWN,0,0,,,NO,NO,0,1,YES,NONE,,,,,CHART_ONLY,LOW,
SEee1e3c109c,CNMD,V4,,TG_1918,v4,faisal_images/TG_1918.jpg,chart,F,CATALOG_ATTRIBUTION,UNIT_AUTHOR (per-quote speaker not verified),1,,,,AMBIGUOUS,,,,,,V4_TRANSCRIPTION,,,,,,,,,,,,UNKNOWN,0,0,,,NO,NO,0,1,UNKNOWN,NONE,,,,,CHART_ONLY,LOW,
SEb2230ce787,CNSP,V4,EP0038,TG_2176,v4,faisal_images/TG_2176.jpg,edu_post,EDU,CATALOG_ATTRIBUTION,UNIT_AUTHOR (per-quote speaker not verified),0,2026-05-2x,,,BOUNDED,2026-05-20,2026-06-01,,قناة تعليمية ‖ PIERCING LINE ‖ الشموع ع الفريم اليومي جميله شمعة ارتداد · يتأكد صعود السهم اذا ثبت فوق 5 · شمعة ساقطه سابقه مقاومه · راس شمعه صاعده حمرا اختبار · تجاوز 5 يتحرر السهم · تابع تعلم طبق · نماذج الشموع,,V4_TRANSCRIPTION,,,,,«تابع»,MONITOR,,,,,,NON_FAISAL,0,0,,,NO,NO,0,0,YES,WAIT,,WAIT: (طرفٌ ثالث) التأكيدُ بالثبات فوق 5 (فوق السعر 4.74) · تجاوزُ 5 = تحرّر,,,NON_FAISAL,NOT_FAISAL,
SEa51b461583,CPOP,V4,EP0039,CH_20260918_05_CPOP,v4,faisal_images/CH_20260918_05_CPOP.jpg,chart_annot,F,INFERRED_DEVICE_LINKED,UNIT_AUTHOR (per-quote speaker not verified),1,2026-09-1x,,,BOUNDED,2026-09-10,2026-09-21,,ذيل شمعة التقسيم السابقه 5.87 هدف,,V4_TRANSCRIPTION,,,,,,,,,,,,UNKNOWN,0,0,,,NO,NO,0,0,YES,NONE,CPOP_2026-09-1x,TARGET: «ذيل شمعة التقسيم السابقه 5.87 هدف»,,,SOURCE_TEXT,LOW,
SE092cf278d4,CPOP,V4,EP0039,TG_20260918_06_CPOP,v4,faisal_images/TG_20260918_06_CPOP.jpg,dm+chart,F,INFERRED_DEVICE_LINKED,UNIT_AUTHOR (per-quote speaker not verified),1,2026-09-1x,,,BOUNDED,2026-09-10,2026-09-21,,5.50 يجيبها اليوم · الباقي ممكن يكمل بالافتر ‖ ذيل شمعة التقسيم السابقه 5.87 هدف← ‖ S,,V4_TRANSCRIPTION,,,,,,,,,,,,UNKNOWN,0,0,,,NO,NO,0,0,YES,NONE,,TARGET: ذيلُ شمعة التقسيم السابقة هدف (البرتقاليّ 5.87) | TARGET_TIMING: تقديرُ بلوغ 5.50 في الجلسة نفسِها والباقي في الافتر,,,SOURCE_TEXT,LOW,
SEb0c7e2e0ac,CRE,V4,EP0040,TG_2103,v4,faisal_images/TG_2103.jpg,tweet,F,VISIBLE_OCR,UNIT_AUTHOR (per-quote speaker not verified),1,2025/8/6,,,EXACT_DATE_PRINTED,2025-08-06,2025-08-07,PRINTED 2025-08-06 vs RECORDED 2025-08-02,الحمدلله صفقات من الاحد ل الجمعه حققت 1000٪ · يوميا صفقتين الا اذا شي طارف · تداول افتر بري فقط · جميع ماينشر ليس توصيات · 1- $SMX 200% دخوله 3 مرات · 2- $FULC 40% · 3- $HWH 110% · 4- $SCNI 150% · 5- $MTEX 15% · 6- $FGF 20% · 7- $SNGX 300% · 8- $FIEE 50% · 9- $NAMM 100٪ · 10- $CRE مفتوحه · 11- $XCUR جديد ‖ ابو نواف,,V4_TRANSCRIPTION,,,,,«دخول»,ENTRY_PLAN,,,,ENTRY_PLAN,,,0,0,,,NO,NO,0,0,YES,NONE,,INFO: «يوميا صفقتين» · «تداول افتر بري فقط» (أغسطس 2025) · SMX «دخوله 3 مرات»,,,SOURCE_TEXT,MEDIUM,PRINTED 2025-08-06 vs RECORDED 2025-08-02
SE3c75418d3e,CRE,V4,EP0041,TG_57869,v4,faisal_images/TG_57869.jpg,reply+chart,F,OWNER_ATTESTED,UNIT_AUTHOR (per-quote speaker not verified),1,2026-09-2x,,,BOUNDED,2026-09-21,2026-09-30,,الخط الاحمر ‖ القاب الشمعة اللي قبل الارتفاع يكون بعدها فراغ · لازم ينزل يغطي الفراغ,,V4_TRANSCRIPTION,,,,,,,,,,,,UNKNOWN,0,0,,,NO,NO,0,0,YES,WAIT,,SR: فجوةُ الشمعة التي قبل الارتفاع (فراغٌ بعدها) «لازم ينزل يغطيها» — الأحمر 2.618,,,SOURCE_TEXT,LOW,
SEf9cd28d923,CUPR,V4,EP0042,IMG_0500,v4,faisal_images/IMG_0500.png,reply_thread,F,VISIBLE,UNIT_AUTHOR (per-quote speaker not verified),1,2026/8/1 2:08 ص,2026-07-31 19:08 NY,,EXACT_PRINTED,2026-08-03,2026-08-03,,4 hours ‖ رزق لم يكتب ‖ يبو بدر كلى السهمين كانوا عندي ضمن المراقبة لكن ماكنت اعرف منطقة الدخول الصحيحه هل دايم انتظره عند دعمه وقاعه السابق مثلا سهم اليوم صعد من ٢ إلى ٦ · انتظره بعد متوسط ٢٠-٣٠يوم نفس المكان ٢؟ · ونفس الشي صار مع cupr .. ‖ اذا ماعرفت الدخول السهم عندك مراقبه وصعد اركب معه مباشره اول شمعه صعود,,V4_TRANSCRIPTION,,,,,«المراقبة» | «الدخول» | «انتظره» | «انتظره» | «الدخول» | «مراقبه»,MONITOR | ENTRY_PLAN | WAIT | WAIT | ENTRY_PLAN | MONITOR,,,,WAIT+MONITOR+ENTRY_PLAN,,,0,0,,,NO,NO,0,0,YES,NONE,UPC_2026-07,ENTRY: «اذا ماعرفت الدخول السهم عندك مراقبه وصعد اركب معه مباشره اول شمعه صعود» — دخولُ تأكيدٍ بديل | CONTEXT: «رزق لم يكتب» — قبولُ فوات الفرصة,,,SOURCE_TEXT,MEDIUM,
SEbc61ed0d1a,CUPR,V4,EP0043,X_20260828_02,v4,faisal_images/X_20260828_02.jpg,edu_post+chart,EDU,VISIBLE_CHANNEL,UNIT_AUTHOR (per-quote speaker not verified),0,2026-08-28,,,RECORDED_UNVERIFIED,2026-08-28,2026-08-31,,قناة تعليمية ‖ …الوصول إلى المعلومة إلى الأقسام التالية: ١- ملفات تعليمية ٢- نماذج الشمو… ‖ هدف اكبر اغلاق اعلى شمعه هابطه ‖ اغلاق شمعه الهابطه هدف 5 ‖ هدف 4 ‖ هدف 3 ‖ هدف 2 ‖ هدف 1 ‖ دخول مضاربين اختراق 3.50 ‖ مناطق طلب 2.90 < 2.70 ‖ Stop loss 2.50 عدم ثبات ‖ السهم قسم في شهر 6 صعد من 1.70 ل 14 دولار بنسبه تجاوزت 1000٪ · - · هبط للدعوم 2.50 في 31-7 متوسط 30 يوم تقريبا · - · كسر 2.50 عدم رجوع سريع وثبات لها = سلبي · حفاظ ع مناطق الدعم الحاليه 2.70 اجابي جدا · تحرر 3:50,,V4_TRANSCRIPTION,,,,,«دخول»,ENTRY_PLAN,,,,,,NON_FAISAL,0,0,,,NO,NO,0,0,YES,WAIT,CUPR_2026-08,ENTRY: مناطقُ طلب 2.70-2.90 (بنفسجيّ) | INVALIDATION: «Stop loss 2.50 عدم ثبات» · كسرُ 2.50 بلا رجوعٍ سريعٍ وثبات = سلبيّ | CONFIRMATION: دخولُ المضاربين = اختراقُ 3.50 · والتحرّرُ 3.50 | VALIDITY: الحفاظُ على مناطق الدعم الحاليّة 2.70 إيجابيٌّ جدًّا | TARGET: سلّمُ أهداف 1-4 (3.963 · 4.297 · 4.974 · 5.392) ثمّ «اغلاق الشمعة الهابطة» هدف 5 (5.782) ثمّ «اغلاق اعلى شمعة هابطة» الهدفُ الأكبر (6.609) ,,,NON_FAISAL,NOT_FAISAL,
SE39c74a107d,CUPR,V4,EP0043,X_20260828_03,v4,faisal_images/X_20260828_03.jpg,chart_photo,EDU,VISIBLE_CHANNEL,UNIT_AUTHOR (per-quote speaker not verified),0,2026-08-28,,,RECORDED_UNVERIFIED,2026-08-28,2026-08-31,,دخول مضاربين اختراق 3.50 ‖ مناطق طلب 2.90 < 2.70 ‖ Stop loss 2.50 عدم ثبات,,V4_TRANSCRIPTION,,,,,«دخول»,ENTRY_PLAN,,,,,,NON_FAISAL,0,0,,,NO,NO,0,0,YES,NONE,CUPR_2026-08,,,,NON_FAISAL,NOT_FAISAL,
SE855192e237,CUPR,V4,EP0044,X_20260918_27_CUPR,v4,faisal_images/X_20260918_27_CUPR.jpg,tweet+chart,F,VISIBLE,UNIT_AUTHOR (per-quote speaker not verified),1,2026-09-1x,,,BOUNDED,2026-09-10,2026-09-21,,13 ث ‖ فتحت ويبل وجدت تحليل سابق · اعتقد اني ذاكره قبل · - · التحليل لايعني دخولك او توصيه · - · انا مادخلته ولاشريته ‖ هدف اكبر اغلاق اعلى شمعه هابطه ‖ اغلاق شمعه الهابطه هدف 5 ‖ هدف 4 ‖ هدف 2 ‖ هدف 1 ‖ دخول مضاربين اختراق 3.50 ‖ مناطق طلب 2.90 < 2.70 ‖ Stop loss 2.50 عدم ثبات ‖ هدف 3,,V4_TRANSCRIPTION,,,,,«دخول» | «مادخلته» | «ولاشريته» | «دخول»,ENTRY_PLAN | NO_ENTRY | NO_ENTRY | ENTRY_PLAN,,,,ENTRY_PLAN+NO_ENTRY,,,0,0,«تحليل سابق» | «ذاكره قبل»,«تحليل سابق» | «ذاكره قبل»,NO,NO,0,0,YES,NONE,CUPR_2026-09,META: «التحليل لايعني دخولك او توصيه» — «انا مادخلته ولاشريته» | ENTRY: (خطّة) مناطقُ طلب 2.70-2.90 · وقفٌ 2.50 «عدم ثبات» · دخولُ المضاربين باختراق 3.50 | TARGET: (خطّة) أهدافٌ 1-4 ثمّ «اغلاق شمعه الهابطه» هدف 5 ثمّ «اكبر اغلاق اعلى شمعه هابطه» الهدفُ الأكبر,,,SOURCE_TEXT,MEDIUM,
SEd2838273a4,CUPR,V4,EP0044,X_20260918_28_CUPR,v4,faisal_images/X_20260918_28_CUPR.png,tweet+tape,F,VISIBLE,UNIT_AUTHOR (per-quote speaker not verified),1,2026-09-1x,,,BOUNDED,2026-09-10,2026-09-21,,Cupr · سيوله ملفته للنظر ‖ محايد,,V4_TRANSCRIPTION,,,,,,,,,,,,UNKNOWN,0,0,,,NO,NO,0,0,YES,NONE,CUPR_2026-09,CONTEXT: «سيوله ملفته للنظر»: طبعاتٌ متكرّرةٌ بأحجامٍ متقاربة (‏3.6K-6.1K) عند سعرٍ واحد وتيكٍ محايد,,,SOURCE_TEXT,MEDIUM,
SEd65f66800d,CUPR,VISIBLE,EP0044,X_20260918_22_pipeline,s2,faisal_images/X_20260918_22_pipeline.png,Faisal's own app screenshot attached to the post,F,EYE_VERIFIED,APP_TAB,1,2026/9/13 1:44 م,2026-09-13 06:44 NY,2026-09-18,EXACT_PRINTED,2026-09-14,2026-09-14,,قائمتي,,EYE_2026-10-09,متابعة قائمه فرز اول فرز ثاني جاهزيه · - · ضع لك قائمه · فرز · تحقيق متوسطات شورت الخ تنقل السهم الى فرز 2 · - · ضغط السهم بعد جميع ماذكر نقل الى جاهزيه · - · فسال الله من فضله · فالاسهم رزق لن تسبق رزقك ماحييت ‖ الأمريكي · مغلق,,«قائمتي»,LIST,,,LIST_SNAPSHOT_VISIBLE,tab «قائمتي» selected · 5 rows visible · other tabs NOT SHOWN,,,,,0,0,,,VISIBLE_TAB_ONLY,NO,0,0,YES,NONE,,STRUCTURE: قائمة ⟵ فرزٌ أوّل ⟵ فرزٌ ثانٍ ⟵ جاهزيّة | VALIDITY: تحقيقُ المتوسّطات والشورت «الخ» ينقل السهم إلى الفرز الثاني | READY: ضغطُ السهم بعد جميع ما ذُكر ⟵ نقلٌ إلى الجاهزيّة | META: «الاسهم رزق لن تسبق رزقك»,visible membership of the «قائمتي» tab at the snapshot time only (top 5 rows),Faisal @kisar_ (verified) post; same post as X_20260918_23_watchlist (printed 2026/9/13 1:44 م there). App screenshot 1:41 «الأمريكي · مغلق»; tabs: قائمتي (selected) · الأسهم المملوكة · تحت الجاهزيه · جاهز 100%; bottom nav «قائمة المتابعة»; only the «قائمتي» tab contents are shown,LIST_SNAPSHOT,HIGH,
SE34be36ebee,CUPR,VISIBLE,EP0044,X_20260918_23_watchlist,s1,faisal_images/X_20260918_23_watchlist.png,Faisal's own app screenshot attached to the post,F,EYE_VERIFIED,APP_TAB,1,2026/9/13 1:44 م,2026-09-13 06:44 NY,2026-09-18,EXACT_PRINTED,2026-09-14,2026-09-14,,قائمتي,,EYE_2026-10-09,فسال الله من فضله · فالاسهم رزق لن تسبق رزقك ماحييت ‖ قائمتي,,«قائمتي»,LIST,,,LIST_SNAPSHOT_VISIBLE,tab «قائمتي» selected · 8 rows visible · other tabs NOT SHOWN,,,,,0,0,,,VISIBLE_TAB_ONLY,NO,0,0,YES,NONE,,,visible membership of the «قائمتي» tab at the snapshot time; says nothing about the other three tabs,continuation of X_20260918_22 — printed «2026/9/13 1:44 م · 886» ; full «قائمتي» list (8 rows + Nasdaq index row) ; selected tab «قائمتي» ; no stage/status text on any row (only bid/ask/price/change),LIST_SNAPSHOT,HIGH,
SE306734fdad,DAIC,V4,EP0045,CH_20260918_09_DAIC,v4,faisal_images/CH_20260918_09_DAIC.jpg,chart,U,NONE,UNIT_AUTHOR (per-quote speaker not verified),0,2026-09-1x,,,BOUNDED,2026-09-10,2026-09-21,,,,V4_TRANSCRIPTION,,,,,,,,,,,,NON_FAISAL,0,0,,,NO,NO,0,1,YES,NONE,,,,,NON_FAISAL,NOT_FAISAL,
SEe09de478c4,DCOY,V4,EP0046,EDU_20260905_02,v4,faisal_images/EDU_20260905_02.png,channel_post+chart,EDU,VISIBLE_CHANNEL,UNIT_AUTHOR (per-quote speaker not verified),0,2026-09-0x,,,BOUNDED,2026-09-01,2026-09-10,,قناة تعليمية ‖ شورته 65 الف شبه عالي · ضرب قاع جديد بعد الهبوط · - · هل يحافظ ع قاعه اولا · - · ماعندي تداول ولا راح افتح صفقه فقط نراقب نشوف وين يروح السهم · هلً يثبت ويصعد · او يرجع يكمل هبوطه · مهم البحث عن اخباره · هل عنده اخبار سلبيه او تصدير اسهم ‖ Decoy Therapeutics Inc. ‏+10.69% ‏+0.31 3.21,,V4_TRANSCRIPTION,,,,,«نراقب»,MONITOR,,,,,,NON_FAISAL,0,0,,,NO,NO,0,0,YES,WATCH,DCOY_2026-09-0x,VALIDITY: «شورته 65 الف شبه عالي» | WAIT: «هل يحافظ ع قاعه اولا» | WATCH: «ماعندي تداول ولا راح افتح صفقه فقط نراقب» | VALIDITY: «مهم البحث عن اخباره · هل عنده اخبار سلبيه او تصدير اسهم»,,,NON_FAISAL,NOT_FAISAL,
SE887e2266ce,DCOY,V4,EP0046,X_20260905_13,v4,faisal_images/X_20260905_13.jpg,chart,F,INFERRED_CHART,UNIT_AUTHOR (per-quote speaker not verified),1,2026-09-0x,,,BOUNDED,2026-09-01,2026-09-10,,,,V4_TRANSCRIPTION,,,,,,,,,,,,UNKNOWN,0,0,,,NO,NO,0,1,YES,NONE,DCOY_2026-09-0x,,,,CHART_ONLY,LOW,
SE28c444bd0d,DCOY,V4,EP0046,X_20260905_14,v4,faisal_images/X_20260905_14.jpg,chart,F,INFERRED_CHART,UNIT_AUTHOR (per-quote speaker not verified),1,2026-09-0x,,,BOUNDED,2026-09-01,2026-09-10,,,,V4_TRANSCRIPTION,,,,,,,,,,,,UNKNOWN,0,0,,,NO,NO,0,1,YES,NONE,DCOY_2026-09-0x,,,,CHART_ONLY,LOW,
SE9f30177fa0,DCOY,V4,EP0047,TG_50580,v4,faisal_images/TG_50580.jpg,tweet+chart,F,VISIBLE,UNIT_AUTHOR (per-quote speaker not verified),1,2026-09-2x,,,BOUNDED,2026-09-21,2026-09-30,,لو بصير مثل ابو اوس بقول هدفك 13 · العقل بالاسهم تشري تحت تبقي كميه · ان صعد خير وبركه ماصعد انت ربحان · - · عشان يصعد الان له تحليل موجات اليوت ووووو · مايدخل الان بالسهم الا واحد يشري سياره سكر بما[…],,V4_TRANSCRIPTION,,,,,,,,,,,,UNKNOWN,0,0,,,NO,NO,0,0,YES,REJECT,DCOY_2026-09-2x,REJECT: لا دخولَ بعد انفجار ‏+114% — «مايدخل الان بالسهم» | ENTRY: «العقل بالأسهم تشري تحت» — الشراءُ من الأسفل لا بعد الصعود,,,SOURCE_TEXT,MEDIUM,
SEe74e13d72c,DCOY,V4,EP0047,CH_20261001_HS_02_DCOY,v4,faisal_images/CH_20261001_HS_02_DCOY.jpg,chart_annot,F,CONTEXT_LINKED,UNIT_AUTHOR (per-quote speaker not verified),1,2026-09-22,,,RECORDED_UNVERIFIED,2026-09-22,2026-09-23,,راس ‖ كتف ايسر ‖ كتف ايمن,,V4_TRANSCRIPTION,,,,,,,,,,,,UNKNOWN,0,0,,,NO,NO,0,0,YES,NONE,DCOY_2026-09-22,PATTERN: كتف ايسر · راس · كتف ايمن على 5 دقائق · خطُّ الكتفين 5.332,,,SOURCE_TEXT,LOW,
SE62b0d64e71,DCOY,V4,EP0047,TG_50575,v4,faisal_images/TG_50575.jpg,tweet+dm,F,VISIBLE,UNIT_AUTHOR (per-quote speaker not verified),1,2026/9/22 7:47 م,2026-09-22 12:47 NY,,EXACT_PRINTED,2026-09-22,2026-09-22,,Dcoy ننتظر ضغط الماركت عنده 13 يجيبها اولا ‖ 3.70 اخر دعم ننتظر ‖ ماشاءالله لحقتو عليه الله يبارك لكم ‖ عزالله ماقصر ‖ 7 طلعت 6 ‖ الان موجة اليوت C,,V4_TRANSCRIPTION,,,,,«ننتظر» | «ضغط» | «ننتظر» | «طلعت»,WAIT | PRESS | WAIT | EXIT,,,,WAIT+EXIT+WAIT_FOR_PRESS,,,0,0,,,NO,NO,0,0,YES,WAIT,,ENTRY: انتظارُ ضغط الماركت قبل الدخول | SR: 3.70 آخرُ دعم — ننتظر,waits for operator pressure (not observed),,SOURCE_TEXT,MEDIUM,
SEea11cd23d6,DCOY,V4,EP0047,TG_50576,v4,faisal_images/TG_50576.jpg,reply,F,VISIBLE,UNIT_AUTHOR (per-quote speaker not verified),1,2026/9/22 7:35 م,2026-09-22 12:35 NY,,EXACT_PRINTED,2026-09-22,2026-09-22,,اتعبت من بعدك يا ابو بدر لاهنت ثباته على الدعوم ممكن يعطي نسبه ولا يعتبر السهم منتهي فنيا ‖ اصبر بعد جلسة لندن نقرر ‖ …لاتهمك السيوله · يهمك الان الفوليوم حجم التداول كم · فيه مقطع د ديفيد بحسابي ارج…,,V4_TRANSCRIPTION,,,,,,,,,,,,UNKNOWN,0,0,,,NO,NO,0,0,YES,WAIT,DCOY_2026-09-22,INFO: القرارُ يُؤجَّل إلى ما بعد جلسة لندن | CONTEXT: لا تهمّك السيولة الآن — يهمّك الفوليوم (حجمُ التداول),,,SOURCE_TEXT,MEDIUM,
SEd2102ce100,DCOY,V4,EP0047,TG_50577,v4,faisal_images/TG_50577.jpg,tweet+charts,F,VISIBLE,UNIT_AUTHOR (per-quote speaker not verified),1,2026-09-22,,,RECORDED_UNVERIFIED,2026-09-22,2026-09-23,,الان موجة اليوت C ‖ لاتهمك السيوله · يهمك الان الفوليوم حجم التداول كم · فيه مقطع د ديفيد بحسابي ارجع له · الان اذا بيمشي ع موجات اليوت وهو المتوقع فنيا…,,V4_TRANSCRIPTION,,,,,,,,,,,,UNKNOWN,0,0,,,NO,NO,0,0,YES,NONE,DCOY_2026-09-22,PATTERN: بعد الانفجار يمشي على موجات إليوت: الآن الموجةُ C (تصحيح) | CONTEXT: الفوليوم لا السيولة,,,SOURCE_TEXT,MEDIUM,
SE0ffc3a883d,DCOY,V4,EP0047,TG_50818,v4,faisal_images/TG_50818.jpg,tweet+quote,F,VISIBLE,UNIT_AUTHOR (per-quote speaker not verified),1,2026/9/23 1:39 م,2026-09-23 06:39 NY,,EXACT_PRINTED,2026-09-23,2026-09-23,,التوقيت يخص سهم الماركت كما حدث امس DCOY ‖ موجات اليوت · موجات السهم بتوقيتنا · الموجه الاولى بين الساعه 3-4 · الموجه الثانيه 4.30-5 · الموجه الثالثه والاخيره الساعه 6-7…,,V4_TRANSCRIPTION,,,,,,,,,,,,UNKNOWN,0,0,,,NO,NO,0,0,YES,NONE,DCOY_2026-09-22,INFO: توقيتُ الموجات (3-4 · 4:30-5 · 6-7 بتوقيت السعودية) يخصّ «سهمَ الماركت» — DCOY مثالًا,,,SOURCE_TEXT,MEDIUM,
SEbffd09a891,DCOY,V4,,TG_50578,v4,faisal_images/TG_50578.jpg,tweet+dm,F,VISIBLE,UNIT_AUTHOR (per-quote speaker not verified),1,≤2026-09-22,,,AMBIGUOUS,,,,هذا ياالله لحقناه لحوق هههه · ماعطا مجال ولا نقرر · هبط امس بذيل شمعه · اليوم صعد بشمعه · هبط للارتداد 3 وطلع ل 5 نعمه ‖ Dcoy باقي 80 الف شورت ننتظر 2 ونقرر,,V4_TRANSCRIPTION,,,,,«ننتظر»,WAIT,,,,WAIT,,,0,0,,,NO,NO,0,0,UNKNOWN,MULTI,DCOY_2026-09-22,ENTRY: «باقي 80 ألف شورت» ⇒ ننتظر (2) ونقرّر — المتاحُ عاملُ قرار,,,SOURCE_TEXT,MEDIUM,
SEea9ccafaa2,DFNS,V4,EP0048,TG_57864,v4,faisal_images/TG_57864.jpg,dm+chart,TP,CONTEXT_LINKED,UNIT_AUTHOR (per-quote speaker not verified),0,2026-09-2x,,,BOUNDED,2026-09-21,2026-09-30,,E ‖ شف هنا عنده قاب داون ما بعد غطاه بس متجه له,,V4_TRANSCRIPTION,,,,,,,,,,,,NON_FAISAL,0,0,,,NO,NO,0,0,NO_BARS,NONE,,TP_RULE: فجوةٌ هابطة لم تُغطَّ بعد والسعرُ متّجهٌ إليها,,,NON_FAISAL,NOT_FAISAL,
SE3a451d727b,DKI,V4,EP0049,EDU_20260827_dki_group_candle,v4,faisal_images/EDU_20260827_dki_group_candle.png,channel_post+app,EDU,VISIBLE_CHANNEL,UNIT_AUTHOR (per-quote speaker not verified),0,2026-08-26,,,RECORDED_UNVERIFIED,2026-08-26,2026-08-27,,قناة تعليمية ‖ 26 أغسطس ‖ شمعة قروب الشكوى لله 😁 · يربح 5 يخسر 50 ‖ توبي مابتوب ‖ هذي نماذج القروبات · عرفت كيف تخسر الان 🤷‍♂️ · بعد كل هذا اذا ماعرفت تحتاج مطوع يقرا عليك,,V4_TRANSCRIPTION,,,,,,,,,,,,NON_FAISAL,0,0,,,NO,NO,0,0,YES,REJECT,DKI_2026-08-26,VALIDITY: «شمعة قروب … يربح 5 يخسر 50» — شمعةُ القروب الخاطفة لا تُلاحَق | CONTEXT: «هذي نماذج القروبات · عرفت كيف تخسر الان»,,,NON_FAISAL,NOT_FAISAL,
SE9b134023c2,DKI,V4,EP0049,EDU_20260827_ma_rizq_rule_sle,v4,faisal_images/EDU_20260827_ma_rizq_rule_sle.png,channel_post+app,EDU,VISIBLE_CHANNEL,UNIT_AUTHOR (per-quote speaker not verified),0,2026-08-26,,,RECORDED_UNVERIFIED,2026-08-26,2026-08-27,,قناة تعليمية ‖ ابشرك متعلم واموري بدت تزين مع تعليم فيصل وعماد لاكن انت شل مسووليه نفسك … ‖ تصور عزيزي المشاهد شريت 5 كم خسارتك الان ‖ الان عندك سهم واضح ملعوب في شموعه · طبق عليه متوسطات الحركه · - · صعد قبل متوسطات الحركه = رزق لم يكتب · الاصل علمي ماصعد تستمر مراقبه ع متوسطات 20 > 30 · نظريا + علميا نقول هبوطه عند 2 > 2.50 · صعد قبلها فلوسك بجيبك ‖ مازال للهبوط بقية 2 ممكن ربما ‖ عندك سهمين نماذج هابطه راقبها عشان تتعلم,,V4_TRANSCRIPTION,,,,,«شريت» | «مراقبه» | «راقبها»,ENTRY_EXECUTED | MONITOR | MONITOR,,,,,,NON_FAISAL,0,0,,,NO,NO,0,0,YES,WAIT,DKI_2026-08-26,CONTEXT: «عندك سهم واضح ملعوب في شموعه · طبق عليه متوسطات الحركه» | CONTEXT: «صعد قبل متوسطات الحركه = رزق لم يكتب» | WAIT: «الاصل علمي ماصعد تستمر مراقبه ع متوسطات 20 > 30 · نظريا + علميا نقول هبوطه عند 2 > 2.50»,,,NON_FAISAL,NOT_FAISAL,
SE8a934a892d,DKI,VISIBLE,EP0050,X_20260918_22_pipeline,s2,faisal_images/X_20260918_22_pipeline.png,Faisal's own app screenshot attached to the post,F,EYE_VERIFIED,APP_TAB,1,2026/9/13 1:44 م,2026-09-13 06:44 NY,2026-09-18,EXACT_PRINTED,2026-09-14,2026-09-14,,قائمتي,,EYE_2026-10-09,متابعة قائمه فرز اول فرز ثاني جاهزيه · - · ضع لك قائمه · فرز · تحقيق متوسطات شورت الخ تنقل السهم الى فرز 2 · - · ضغط السهم بعد جميع ماذكر نقل الى جاهزيه · - · فسال الله من فضله · فالاسهم رزق لن تسبق رزقك ماحييت ‖ الأمريكي · مغلق,,«قائمتي»,LIST,,,LIST_SNAPSHOT_VISIBLE,tab «قائمتي» selected · 5 rows visible · other tabs NOT SHOWN,,,,,0,0,,,VISIBLE_TAB_ONLY,NO,0,0,YES,NONE,,STRUCTURE: قائمة ⟵ فرزٌ أوّل ⟵ فرزٌ ثانٍ ⟵ جاهزيّة | VALIDITY: تحقيقُ المتوسّطات والشورت «الخ» ينقل السهم إلى الفرز الثاني | READY: ضغطُ السهم بعد جميع ما ذُكر ⟵ نقلٌ إلى الجاهزيّة | META: «الاسهم رزق لن تسبق رزقك»,visible membership of the «قائمتي» tab at the snapshot time only (top 5 rows),Faisal @kisar_ (verified) post; same post as X_20260918_23_watchlist (printed 2026/9/13 1:44 م there). App screenshot 1:41 «الأمريكي · مغلق»; tabs: قائمتي (selected) · الأسهم المملوكة · تحت الجاهزيه · جاهز 100%; bottom nav «قائمة المتابعة»; only the «قائمتي» tab contents are shown,LIST_SNAPSHOT,HIGH,
SE7ccdf85d45,DKI,VISIBLE,EP0050,X_20260918_23_watchlist,s1,faisal_images/X_20260918_23_watchlist.png,Faisal's own app screenshot attached to the post,F,EYE_VERIFIED,APP_TAB,1,2026/9/13 1:44 م,2026-09-13 06:44 NY,2026-09-18,EXACT_PRINTED,2026-09-14,2026-09-14,,قائمتي,,EYE_2026-10-09,فسال الله من فضله · فالاسهم رزق لن تسبق رزقك ماحييت ‖ قائمتي,,«قائمتي»,LIST,,,LIST_SNAPSHOT_VISIBLE,tab «قائمتي» selected · 8 rows visible · other tabs NOT SHOWN,,,,,0,0,,,VISIBLE_TAB_ONLY,NO,0,0,YES,NONE,,,visible membership of the «قائمتي» tab at the snapshot time; says nothing about the other three tabs,continuation of X_20260918_22 — printed «2026/9/13 1:44 م · 886» ; full «قائمتي» list (8 rows + Nasdaq index row) ; selected tab «قائمتي» ; no stage/status text on any row (only bid/ask/price/change),LIST_SNAPSHOT,HIGH,
SE6a57dd803a,DKI,INFERRED (V4) — no ticker visible,EP0051,TG_57894,s1,faisal_images/TG_57894.jpg,post text (cropped),F_inferred,EYE_READ_AUTHOR_NOT_VISIBLE,F,1,no date; V4 2026-09-2x; committed 2026-09-30,,2026-09-30,BOUNDED,2026-09-20,2026-09-30,,2.74=2.18+26٪ / الشمعه الحمرا 2.97 هذي والله اعلم مشتريات قروب / - / يهمنا ارتداد من القاع لاختبار المقاومه 20٪ غالبا / يهبط يختبر القاع / - / اما ثبات ع القاع او مسح سيوله الى 2 تقريبا / - / انا كيف بدخل السهم هذا / بنتظر وين يضغطه المضارب لابد فنيا قبل يصعد / ويغطي شمعة التقسيم 5.70 / لابد يتم ضغطه الضغط هذا مسح سيوله,,EYE_2026-10-09,2.74=2.18+26٪ · الشمعه الحمرا 2.97 هذي والله اعلم مشتريات قروب · يهمنا ارتداد من القاع لاختبار المقاومه 20٪ غالبا · يهبط يختبر القاع · اما ثبات ع القاع او مسح سيوله الى 2 تقريبا · انا كيف بدخل السهم هذا · بنتظر وين يضغطه المضارب لابد فنيا قبل يصعد ويغطي شمعة التقسيم 5.70 · لابد يتم ضغطه الضغط هذا مسح سيوله · ايش يعني مسح سيوله · اللي مجمع مع المضارب يطلعهم بوقف ويصعد · اذا الاخبار لازالت اجابيه وا,,,,«يضغطه» | «ضغطه» | «ضغط»,PRESS | PRESS | PRESS,,,,PRESS_MENTION,,,0,0,,,NO,NO,0,0,YES,WAIT,DKI_2026-09-2x,ENTRY: الدخولُ بعد سحب السيولة مباشرةً — لا طلباتٍ قبله («نهج ثابت بكل الأسهم») | PRESS: لا بدّ فنّيًّا من ضغط المضارب قبل الصعود = مسحُ سيولة (يُخرج المجمِّعين بوقفهم ثمّ يصعد) | SEQUENCE: ارتدادٌ من القاع لاختبار المقاومة ‏≈20% (2.18 ⟵ 2.74 = ‏+26%) ⟵ هبوطٌ يختبر القاع ⟵ ثباتٌ أو مسحٌ إلى ‏≈2 | FILTER: شمعةٌ حمراء (2.97) يُرجَّح أنها مشترياتُ قروب · والأخبارُ والشورتُ يُراجَعان · وخطرُ طرحٍ يُفش,entry plan conditioned on operator pressure (waiting for pressure),"text-only crop (no header, no ticker, no date); V4 attributes it to DKI (2026-09-2x)",SOURCE_TEXT,MEDIUM,
SE23de876193,DKI,V4,EP0051,TG_57893,v4,faisal_images/TG_57893.jpg,chart_annot,F,INFERRED_CHART,UNIT_AUTHOR (per-quote speaker not verified),1,2026-09-2x,,,BOUNDED,2026-09-21,2026-09-30,,اصل المقاومه الشمعه راسها 3.45 ذيلها 2.97 ‖ مقاومه صغيره 2.75,,V4_TRANSCRIPTION,,,,,,,,,,,,UNKNOWN,0,0,,,NO,NO,0,0,YES,NONE,DKI_2026-09-2x,TARGET: أصلُ المقاومة شمعةٌ رأسُها 3.45 وذيلُها 2.97 · ومقاومةٌ صغيرة 2.75,,,SOURCE_TEXT,LOW,
SE4e323e6a59,DRCT,V4,EP0052,IMG_0300,v4,faisal_images/IMG_0300.jpeg,channel_post+chart,U,EDU_CHANNEL_UNMATCHED,UNIT_AUTHOR (per-quote speaker not verified),0,2026-07-2x,,,BOUNDED,2026-07-20,2026-07-30,,قناة تعليمية ‖ Drct · متابعة الضغط للشمعه الساقطه · ثبات اجابيه عدم ثبات سلبيه,,V4_TRANSCRIPTION,,,,,«متابعة» | «ضغط»,MONITOR | PRESS,,,,,,NON_FAISAL,0,0,,,NO,NO,0,0,NO_BARS,WATCH,DRCT_2026-07-24,WATCH: متابعةُ الضغط إلى الشمعة الساقطة (الأحمر 1.992) | VALIDITY: ثباتٌ = إيجابيّة · عدمُ ثبات = سلبيّة,,,NON_FAISAL,NOT_FAISAL,
SEd845d9e4f9,DRCT,V4,EP0052,IMG_0299,v4,faisal_images/IMG_0299.jpeg,channel_post+chart,U,EDU_CHANNEL_UNMATCHED,UNIT_AUTHOR (per-quote speaker not verified),0,2026-07-24,,,RECORDED_UNVERIFIED,2026-07-24,2026-07-27,,شمعه تلاعب واضحه وضغط من المضارب 1.99,,V4_TRANSCRIPTION,,,,,«ضغط»,PRESS,,,,,,NON_FAISAL,0,0,,,NO,NO,0,0,NO_BARS,NONE,DRCT_2026-07-24,PRESS: شمعةُ تلاعبٍ واضحة: ضغطٌ من المضارب إلى 1.99 (ذيلٌ طويلٌ تحت الدعم 2.321 ثمّ عودة),,,NON_FAISAL,NOT_FAISAL,
SE9339f22342,DRMA,V4,EP0053,CH_20261001_HS_01_DRMA,v4,faisal_images/CH_20261001_HS_01_DRMA.jpg,chart_annot,F,CONTEXT_LINKED,UNIT_AUTHOR (per-quote speaker not verified),1,2026-03-20,,,RECORDED_UNVERIFIED,2026-03-20,2026-03-23,,رأس ‖ كتف أيمن ‖ كتف أيسر ‖ اختراق ‖ ارتداد للهدف ‖ دعوم ‖ تحرر من الاتجاه الهابط,,V4_TRANSCRIPTION,,,,,,,,,,,,UNKNOWN,0,0,,,NO,NO,0,0,NO_BARS,NONE,DRMA_2026-03-20,PATTERN: رأس 1.828 · كتف أيسر 1.648 · كتف أيمن 1.688 · «اختراق» · «ارتداد للهدف» · «دعوم» 1.518 · «تحرر من الاتجاه الهابط» 1.473,,,SOURCE_TEXT,LOW,
SE4678b29878,DSY,V4,EP0054,IMG_0291,v4,faisal_images/IMG_0291.jpeg,chat+chart,F,INFERRED_DEVICE_LINKED,UNIT_AUTHOR (per-quote speaker not verified),1,2026-04,,,BOUNDED,2026-04-01,2026-05-01,,Azi ‖ 3 من 4 ‖ خليفة AZI ‖ سهم Dsy صيني - بيع السلع الاستهلاكيه والمنتجات الشخصية للرجال - قسم 23/2 · افتتاح 3.47 - اعلى سعر 4.12 - فلوت 1.25 مليون - شورت 100 فقط - اخباره : موافقة من ناسداك لنقل اسهمها الى ناسداك كابيتال 8/4 - استعادة امتثال 10/3 - فازت بأول دفعه عقود لتطوير منصات المؤسسات مدعومه بالذكاء الصناعي 23/2 ‖ اخذته الان من العرض الليلي 1.85 · دفعه اخرى 1.70 غدا · هدفك عالي شرط 3.20 تحرر ‖ …00٪,,V4_TRANSCRIPTION,,,,,,,,,,,,UNKNOWN,0,0,,,NO,NO,0,0,YES,READY,DSY_2026-04,CONTEXT: بطاقةُ السهم: الدولة · النشاط · تاريخُ التقسيم · الافتتاح · أعلى سعر · الفلوت · الشورت · الأخبار (نقلٌ إلى ناسداك كابيتال · استعادةُ امتثال · عقود) | ENTRY: «اخذته الان من العرض الليلي 1.85 · دفعه اخرى 1.70 غدا» — شراءٌ ثمّ دفعةٌ أدنى | TARGET: «هدفك عالي شرط 3.20 تحرر» — الهدفُ العالي مشروطٌ بالتحرّر,,,SOURCE_TEXT,LOW,
SEd13c8df57d,DSY,V4,EP0055,TG_1823,v4,faisal_images/TG_1823.jpg,video_thumb,F,CATALOG_ATTRIBUTION,UNIT_AUTHOR (per-quote speaker not verified),1,2026-06-26,,,RECORDED_UNVERIFIED,2026-06-26,2026-06-29,,10 دقايق تحليل سهم مع الاختصار,,V4_TRANSCRIPTION,,,,,,,,,,,,UNKNOWN,0,0,,,NO,NO,0,0,YES,NONE,,,,,SOURCE_TEXT,LOW,
SE98b7711c2d,DSY,V4,EP0056,TG_1827,v4,faisal_images/TG_1827.jpg,tweet+chart,F,VISIBLE_OCR,UNIT_AUTHOR (per-quote speaker not verified),1,2026-07-0x,,,BOUNDED,2026-07-01,2026-07-10,,حقق 7 فوق 100٪ ✅✅✅ $DSy,,V4_TRANSCRIPTION,,,,,,,,,,,,UNKNOWN,0,0,,,NO,NO,0,0,YES,NONE,,,,,SOURCE_TEXT,MEDIUM,
SE59dc091417,DSY,V4,EP0056,TG_1826,v4,faisal_images/TG_1826.jpg,tweet,F,VISIBLE_OCR,UNIT_AUTHOR (per-quote speaker not verified),1,2026-07-03,,,RECORDED_UNVERIFIED,2026-07-06,2026-07-06,,ليش اركز ع اسهم الارتكاز · صفقه 1 تغنيك فقط · يوميا تداول هذي محرقه فلوس … اسهم طويلة الامد < ارتكاز · تحقق متوسطات حركه تشبع بيعي الخ … فجاه تشوف السهم طار · هذا ربح يومين فقط من سهمي ارتكاز DSY ZCMD +918.31%,,V4_TRANSCRIPTION,,,,,,,,,,,,UNKNOWN,0,0,,,NO,NO,0,0,YES,NONE,,INFO: الارتكاز: متوسطات ‏+ تشبّع بيعي ثمّ طيرانٌ مفاجئ,,,SOURCE_TEXT,MEDIUM,
SEfc4a09de56,DSY,V4,EP0057,TG_57863,v4,faisal_images/TG_57863.jpg,dm,TP,VISIBLE,UNIT_AUTHOR (per-quote speaker not verified),0,2026-09-2x,,,BOUNDED,2026-09-21,2026-09-30,,السهم المقسم متوسطاته غير · توه مقسم صح · عنده متوسطات ٢٠-٣٠-٥٠ · عند ثبات اي وحدة فيها ووصول تشبع بيعي ينفجر · الاسهم المرتفعة وهبطت متوسطاته ١٠-٢٠ التشبع البيعي مب مره مهم فيها زي التقسيم · وتكون اهميته معدومة اذا حقق القاب داون زى dsy,,V4_TRANSCRIPTION,,,,,,,,,,,,NON_FAISAL,0,0,,,NO,NO,0,0,YES,NONE,,TP_RULE: المقسّمُ حديثًا: ثباتٌ عند أيٍّ من متوسّطات 20/30/50 مع تشبّعٍ بيعيّ ⟵ ينفجر · والمرتفعُ ثمّ الهابط: متوسّطات 10-20 والتشبّعُ أقلُّ أهمّيّة · ويسقط أثرُه إن غطّى فجوةً هابطة (DSY),,,NON_FAISAL,NOT_FAISAL,
SE4cd3ccdaf0,DSY,V4,EP0057,TG_57866,v4,faisal_images/TG_57866.jpg,dm,TP,VISIBLE,UNIT_AUTHOR (per-quote speaker not verified),0,2026-09-2x,,,BOUNDED,2026-09-21,2026-09-30,,Turki ‖ التشبع مهم ب التقسيم ‖ ردَّ على Turki ‖ مافهمت ‖ طيب وش يفرق عن dsy,,V4_TRANSCRIPTION,,,,,,,,,,,,NON_FAISAL,0,0,,,NO,NO,0,0,YES,NONE,,,,,NON_FAISAL,NOT_FAISAL,
SEd2cd795f63,DSY,V4,EP0057,TG_57871,v4,faisal_images/TG_57871.jpg,reply+chart,F,OWNER_ATTESTED,UNIT_AUTHOR (per-quote speaker not verified),1,2026-09-2x,,,BOUNDED,2026-09-21,2026-09-30,,قل ل كلاود الشمعتين الحمراء قاب اذا نزل السهم بينهم وغطاها كويس,,V4_TRANSCRIPTION,,,,,,,,,,,,UNKNOWN,0,0,,,NO,NO,0,0,YES,WAIT,,SR: الخطّان الأحمران = فجوة · نزولُ السهم بينهما وتغطيتُها = إيجابيّ,,,SOURCE_TEXT,LOW,
SE687f5a3427,DSY,V4,,IMG_0292,v4,faisal_images/IMG_0292.jpeg,chat+chart,F,INFERRED_DEVICE_LINKED,UNIT_AUTHOR (per-quote speaker not verified),1,2026-0x,,,AMBIGUOUS,,,,Azi ‖ 2 من 4 ‖ هذا سلوكه حقيقه لي 3 ايام ادرسه · صيني مثل خوياه · Azi · DSY · EHGO · - · هذا الرابع الان مقسم مرتين بشهر · - · كم يوصل الاهم العقل والمنطق · 2.20 > 2.50 · - · صيني نقيسه مع الاسهم السابقه · نقول يغطي فجوته من 4-5 ‖ فجوة سعرية ‖ هل يصعد جميع او يطلع نسبه ويكمل بري الاثنين غدا مافيه تداول,,V4_TRANSCRIPTION,,,,,,,,,,,,UNKNOWN,0,0,,,NO,NO,0,0,UNKNOWN,UNKNOWN,ZCMD_2026-0x,CONTEXT: دراسةُ السلوك 3 أيام · ومقارنةُ السهم بنظرائه (صينيّون: AZI · DSY · EHGO) | CONTEXT: مقسّمٌ مرّتين في شهر (نَفَسٌ قصير — IMG_0152) | TARGET: «كم يوصل الاهم العقل والمنطق 2.20 > 2.50» ثمّ تغطيةُ فجوته 4-5 قياسًا بنظرائه | TARGET_TIMING: هل يصعد دفعةً واحدة أو يحقّق نسبةً ويُكمل في بري الاثنين,,,SOURCE_TEXT,LOW,
SE6640c62d70,DXST,V4,EP0058,TG_58047,v4,faisal_images/TG_58047.jpg,tweet+chart,FO,VISIBLE,UNIT_AUTHOR (per-quote speaker not verified),0,2026-06-1x,,,BOUNDED,2026-06-10,2026-06-22,,ابشر حالياً شورته ٣٠٠٠ · عنده دعمين الي ب الاحمر و المقاومة عند ٣.١٩ ما قدر يثبت فوقها من الهبوط و الأهداف ب الازرق و مقاومه عنده ٤.١٤ سابقه و المعذره ان حصل اي خطا🫶,,V4_TRANSCRIPTION,,,,,,,,,,,,NON_FAISAL,0,0,,,NO,NO,0,0,YES,NONE,,,,,NON_FAISAL,NOT_FAISAL,
SEa1568aaad2,DXST,V4,EP0058,IMG_0627,v4,faisal_images/IMG_0627.png,tweet+chart,F,VISIBLE,UNIT_AUTHOR (per-quote speaker not verified),1,2026/6/16,,,EXACT_DATE_PRINTED,2026-06-16,2026-06-17,,شرح فني فقط · الرجا عدم الشرا ممكن يهبط السهم … · —— · الاهم ثبات وتداول فوق خط العنق 2.86 > اكثر من ربع ساعه · تحرر من المقاومه الثانيه 3.11 > يعطي املا صاعدا ل 3.30 · - · حاليا سيوله سالب من يمثل ويكمل هذا النموذج فقط سيولة المضارب · لذلك > تابع فقط هل يتحقق اليوم او بكرا · لان فيه خول امس يقول اصرف ‖ العنق,,V4_TRANSCRIPTION,,,,,«تابع»,MONITOR,,,,MONITOR,,,0,0,,,NO,NO,0,0,YES,WAIT,DXST_2026-06-16,WAIT: «شرح فني فقط · الرجا عدم الشرا ممكن يهبط السهم» | CONFIRMATION: «الاهم ثبات وتداول فوق خط العنق 2.86 > اكثر من ربع ساعه» | TARGET: «تحرر من المقاومه الثانيه 3.11 > يعطي املا صاعدا ل 3.30» | VALIDITY: «حاليا سيوله سالب من يمثل ويكمل هذا النموذج فقط سيولة المضارب» | WATCH: «تابع فقط هل يتحقق اليوم او بكرا · لان فيه خول امس يقول اصرف»,,,SOURCE_TEXT,MEDIUM,
SE0a00c4f4bc,DXST,V4,EP0058,IMG_0628,v4,faisal_images/IMG_0628.png,tweet+quote+chart,F,VISIBLE,UNIT_AUTHOR (per-quote speaker not verified),1,2026/6/16,,,EXACT_DATE_PRINTED,2026-06-16,2026-06-17,,يبقى علم التحليل وان خرب السهم فتره لابد يرجع يحقق شموعه ‖ شرح فني فقط · الرجا عدم الشرا ممكن يهبط السهم … · —— · الاهم ثبات وتداول فوق خط العنق 2.86 > اكثر من ربع ساعه · تحرر من المقاومه الثانيه 3.11 > يعطي املا صاعدا … ‖ العنق,,V4_TRANSCRIPTION,,,,,,,,,,,,UNKNOWN,0,0,,,NO,NO,0,0,YES,NONE,DXST_2026-06-16,TARGET: «يبقى علم التحليل وان خرب السهم فتره لابد يرجع يحقق شموعه» — دعوى أنّ المستويات تُبلَغ ولو بعد الإبطال,,,SOURCE_TEXT,MEDIUM,
SE42d17d0421,DXST,V4,EP0058,TG_58048,v4,faisal_images/TG_58048.jpg,reply+quoted_chart,F,VISIBLE,UNIT_AUTHOR (per-quote speaker not verified),1,2026/6/16,,,EXACT_DATE_PRINTED,2026-06-16,2026-06-17,,نحتاج رسم مثلث W ع فريم 30 دقيقه مع تحديد خط العنق,,V4_TRANSCRIPTION,,,,,,,,,,,,UNKNOWN,0,0,,,NO,NO,0,0,YES,UNKNOWN,DXST_2026-06-16,STRUCTURE: بنيةُ W تُرسم على فريم 30 دقيقة ويُحدَّد خطُّ العنق قبل الحكم (المتابعُ رسم على 4 ساعات),,,SOURCE_TEXT,MEDIUM,
SE11a37a0c7e,DXST,V4,EP0059,IMG_0688,v4,faisal_images/IMG_0688.jpeg,tweet,F,VISIBLE,UNIT_AUTHOR (per-quote speaker not verified),1,2026-08-04,,,RECORDED_UNVERIFIED,2026-08-04,2026-08-05,,2 ي ‖ To 3.20 2.72 · هدف فيواب كان 3.10 · مجمل 15٪ · - · ترجع الان لشرح الدوره المصغره · - · حقق هدف بالافتر · هبط للدعوم · حقق هدف باللييلي · هبط للدعم اول البري صعد سريع بربع ساعه حقق هدف الليلي · هبط للدعم 2.72 > كسره ب 5 سنت مايضر · حقق هدف فيواب · هبط اول مافتح الماركت انتظار 2.67 هل يختبرها ويثبت او يكسرها الى 2.50 · متابعه ادنى دعم ع فريم 5 دقايق الى ربع ساعه ثبات · - · هكذا الدوره تكون شرح وفصفصة السهم تعرف كيف صعد وهبط وتقيس ع كثير من الاسهم · الدوره = تحفظ راس مالك · استراتيجية تداول تحصلها بشات جي تي 😁🦯 · - · ابو 1200 سوا خصم الان 700 · شكله متابع جيد 🫶🏻,,V4_TRANSCRIPTION,,,,,«انتظار» | «متابعه» | «تابع»,WAIT | MONITOR | MONITOR,,,,WAIT+MONITOR,,,0,0,,,NO,NO,0,0,YES,WAIT,DXST_2026-08-04,TARGET: «To 3.20 2.72 · هدف فيواب كان 3.10 · مجمل 15٪» | PATTERN: الدورةُ: هدفٌ بالافتر ⟵ هبوطٌ للدعوم ⟵ هدفٌ بالليلي ⟵ هبوطٌ أوّل البري ⟵ صعودٌ سريع بربع ساعة ⟵ هبوطٌ للدعم ⟵ هدفُ فيواب | INVALIDATION: «هبط للدعم 2.72 > كسره ب 5 سنت مايضر» — تسامحُ كسرٍ بالسنتات | WAIT: «انتظار 2.67 هل يختبرها ويثبت او يكسرها الى 2.50» | CONFIRMATION: «متابعه ادنى دعم ع فريم 5 دقايق الى ربع ساعه ثبات» | CONTEXT: ,,,SOURCE_TEXT,MEDIUM,
SE4c244204da,DXST,V4,EP0059,IMG_0689,v4,faisal_images/IMG_0689.jpeg,tweet,F,INFERRED_CROPPED,UNIT_AUTHOR (per-quote speaker not verified),1,2026-08-04,,,RECORDED_UNVERIFIED,2026-08-04,2026-08-05,,شرح للتغريده المطوله عن الدورات · عن طريقة صعود السهم · كم المده اللي يصعد فيها افتر بري لييلي ماركت · - · نطبق الشرح ع هذا السهم · - · الخلاصه · مراقبه الدعوم اللحظيه 2.72 · او دعم سابق قبل الصعود 2.50 · - · لانتظار الماركت وتحقيق ضغط او اكتفا بالدعم الحالي 2.72 · اعادة اختبار الدعم كسره = ذهاب الى دعوم اخرى · -,,V4_TRANSCRIPTION,,,,,«مراقبه» | «لانتظار» | «ضغط»,MONITOR | WAIT | PRESS,,,,WAIT+MONITOR+WAIT_FOR_PRESS,,,0,0,,,NO,NO,0,0,YES,WAIT,DXST_2026-08-04,WAIT: «مراقبه الدعوم اللحظيه 2.72 · او دعم سابق قبل الصعود 2.50» | WAIT: «لانتظار الماركت وتحقيق ضغط او اكتفا بالدعم الحالي 2.72» | INVALIDATION: «اعادة اختبار الدعم كسره = ذهاب الى دعوم اخرى»,waits for operator pressure (not observed),,SOURCE_TEXT,LOW,
SE385dd62798,DXST,V4,EP0059,IMG_0690,v4,faisal_images/IMG_0690.jpeg,app_chart_annot,F,VISIBLE_LINKED,UNIT_AUTHOR (per-quote speaker not verified),1,2026-08-04,,,RECORDED_UNVERIFIED,2026-08-04,2026-08-05,,سهم ‖ قبل الافتتاح 04/08-06:54:50 EDT ‖ سهم ارتكاز حقق 100٪ ‖ هبط اول البري لتحقيق دعوم البري صعد لهدف الليلي ‖ هبط اختبر دعوم 15 دقيقه + 30 · 2.80 صعد في الليلي الى 3.50,,V4_TRANSCRIPTION,,,,,,,,,,,,UNKNOWN,0,0,,,NO,NO,0,0,YES,NONE,DXST_2026-08-04,RESULT: «سهم ارتكاز حقق 100٪» | PATTERN: «هبط اول البري لتحقيق دعوم البري صعد لهدف الليلي» | CONFIRMATION: «هبط اختبر دعوم 15 دقيقه + 30 · 2.80 صعد في الليلي الى 3.50»,,,SOURCE_TEXT,MEDIUM,
SE4f99a2391e,EDBL,V4,EP0060,IMG_0298,v4,faisal_images/IMG_0298.jpeg,channel_post+chart,U,EDU_CHANNEL_UNMATCHED,UNIT_AUTHOR (per-quote speaker not verified),0,2026-07-2x,,,BOUNDED,2026-07-20,2026-07-30,,معدلة ‖ EDBL · تم التلاعب بالشموع اكثر من مره · القاع 2 = ثبات او سحب سيوله · متابعه فقط · شورت 9000,,V4_TRANSCRIPTION,,,,,«متابعه»,MONITOR,,,,,,NON_FAISAL,0,0,,,NO,NO,0,0,YES,WATCH,EDBL_2026-07,INVALIDATION: تلاعبٌ بالشموع أكثر من مرّة | VALIDITY: «القاع 2 = ثبات او سحب سيوله» | WATCH: «متابعه فقط»,,,NON_FAISAL,NOT_FAISAL,
SE1448a47c25,EDBL,V4,EP0061,TG_50579,v4,faisal_images/TG_50579.jpg,tweet+dm,F,VISIBLE,UNIT_AUTHOR (per-quote speaker not verified),1,2026/9/22 5:25 م,2026-09-22 10:25 NY,,EXACT_PRINTED,2026-09-22,2026-09-22,,ولا وش رايك انت ‖ بيشلغنا بالموجات ‖ لازم يرجع يحقق المقاومه ‖ بعده يرجع للدعم,,V4_TRANSCRIPTION,,,,,,,,,,,,UNKNOWN,0,0,,,NO,NO,0,0,YES,WAIT,,SEQUENCE: «لازم يرجع يحقق المقاومة · بعده يرجع للدعم» — اختبارُ المقاومة ثمّ إعادةُ اختبار الدعم قبل الدخول,,,SOURCE_TEXT,MEDIUM,
SEc48635abe4,EDHL,V4,,TG_2081,v4,faisal_images/TG_2081.jpg,chart,F,CATALOG_ATTRIBUTION,UNIT_AUTHOR (per-quote speaker not verified),1,,,,AMBIGUOUS,,,,,,V4_TRANSCRIPTION,,,,,,,,,,,,UNKNOWN,0,0,,,NO,NO,0,1,UNKNOWN,NONE,,,,,CHART_ONLY,LOW,
SE9d951364b5,EHGO,V4,EP0062,TG_2072,v4,faisal_images/TG_2072.jpg,chart,F,CATALOG_ATTRIBUTION,UNIT_AUTHOR (per-quote speaker not verified),1,2026-05-2x,,,BOUNDED,2026-05-20,2026-06-01,,1.52 الدعم الاساسي,,V4_TRANSCRIPTION,,,,,,,,,,,,UNKNOWN,0,0,,,NO,NO,0,0,YES,NONE,,,,,SOURCE_TEXT,LOW,
SEa82220a6ac,EHGO,V4,EP0062,TG_1822,v4,faisal_images/TG_1822.jpg,tweet+chart,F,VISIBLE_OCR,UNIT_AUTHOR (per-quote speaker not verified),1,2026-05-22,,,RECORDED_UNVERIFIED,2026-05-22,2026-05-26,,سهم Ehgo صيني … قسم 20/4 · افتتاح 2.80 · شورت 15 الف · فلوت 1.62 مليون ماعنده اخبار · فريم 4 ساعات ذيل شمعة 1.30 (مسح سيولة) · هذا بحث الاستاذ عبدالرحمن · 2.80 تقسم ع 2 = 1.40 · اذا حقق متوسط الحركه الهابط بعد التقسيم · 1.52 الدعم الاساسي · سحب السيوله اسفل الشمعه 10٪ تقريبا ورجع صعد فوق الدعم · متوسطات الحركه + rsi جميعها حققت تشبع الاتجاه الهابط · ننتظر فقط مضارب يصعد بالسهم · … انت كمتابع لاتشري عشان ماتخسر · التويته هذي ملعومات ليست تجيششش للشرا,,V4_TRANSCRIPTION,,,,,«ننتظر» | «لاتشري»,WAIT | NO_ENTRY,,,,WAIT+NO_ENTRY,,,0,0,,,NO,NO,0,0,YES,WAIT,,WAIT: جاهزٌ فنيًّا (÷2 ‏+ متوسط الهبوط بعد التقسيم ‏+ دعمٌ أساسيّ ‏+ سحب ≈10% ثمّ عودة ‏+ المتوسطات وRSI في التشبّع) ⟵ «ننتظر فقط مضارب يصعد بالسهم» ⟵ «انت كمتابع لاتشري» | INFO: «تدخل قروبات ترفع السهم الخ لايعنيني» — صعودُ القروبات لا يُعدّ,,,SOURCE_TEXT,MEDIUM,
SE428f9741d0,EHGO,V4,EP0062,TG_1958,v4,faisal_images/TG_1958.jpg,tweet,F,CATALOG_ATTRIBUTION,UNIT_AUTHOR (per-quote speaker not verified),1,2026-05-22,,,RECORDED_UNVERIFIED,2026-05-22,2026-05-26,,… ننتظر فقط مضارب يصعد بالسهم · تدخل قروبات ترفع السهم الخ لايعنيني · انت كمتابع لاتشري عشان ماتخسر · التويته هذي ملعومات ليست تجيشش للشرا · سابقا احلل السهم فقط · الان لازم محاذره للاسف,,V4_TRANSCRIPTION,,TG_1822,,,«ننتظر» | «لاتشري»,WAIT | NO_ENTRY,,,,WAIT+NO_ENTRY,,,0,0,«سابقا»,,NO,NO,0,0,YES,WAIT,,,,,SOURCE_TEXT,LOW,
SE59ce1f9d24,EHGO,V4,EP0062,TG_2023,v4,faisal_images/TG_2023.jpg,app_chart,F,CATALOG_ATTRIBUTION,UNIT_AUTHOR (per-quote speaker not verified),1,2026-05-22,,,RECORDED_UNVERIFIED,2026-05-22,2026-05-26,,افتتاح 2.80 · اعلى سعر 2.80,,V4_TRANSCRIPTION,,,,,,,,,,,,UNKNOWN,0,0,,,NO,NO,0,0,YES,NONE,,,,,SOURCE_TEXT,LOW,
SEe976b4e1df,EHGO,V4,EP0062,TG_2071,v4,faisal_images/TG_2071.jpg,tweet,F,VISIBLE_OCR,UNIT_AUTHOR (per-quote speaker not verified),1,2026/5/22,,,EXACT_DATE_PRINTED,2026-05-22,2026-05-26,,ننتظر فقط مضارب يصعد بالسهم … انت كمتابع لاتشري عشان ماتخسر …,,V4_TRANSCRIPTION,,TG_1822,,,«ننتظر» | «لاتشري»,WAIT | NO_ENTRY,,,,WAIT+NO_ENTRY,,,0,0,,,NO,NO,0,0,YES,WAIT,,,,,SOURCE_TEXT,MEDIUM,
SEbb1190ece2,EHGO,V4,EP0063,IMG_0293,v4,faisal_images/IMG_0293.jpeg,chat+app,F,INFERRED_DEVICE_LINKED,UNIT_AUTHOR (per-quote speaker not verified),1,2026-06-1x,,,BOUNDED,2026-06-10,2026-06-22,,ستوك ‖ Ehgo ‖ 3 من 4 ‖ لا توجد سجلات مطابقة للأوامر ‖ Ehgo ‖ ماجا يومه · حمل واصبر هدفك فوق 100٪ ‖ 1.20 >1.10 طلبه ‖ جهةُ اتصال (أخ),,V4_TRANSCRIPTION,,,,,,,,,,,,UNKNOWN,0,0,,,NO,NO,0,0,YES,READY,EHGO_2026-06,READY: «حمل واصبر» — «ماجا يومه» (لم يأتِ يومُه بعد) | ENTRY: طلبٌ 1.10-1.20 تحت السعر 1.30 | TARGET: «هدفك فوق 100٪»,,,SOURCE_TEXT,LOW,
SEae5fc0f363,EHGO,V4,EP0063,TG_2024,v4,faisal_images/TG_2024.jpg,chart,F,CATALOG_ATTRIBUTION,UNIT_AUTHOR (per-quote speaker not verified),1,2026-06-1x,,,BOUNDED,2026-06-10,2026-06-22,,,,V4_TRANSCRIPTION,,,,,,,,,,,,UNKNOWN,0,0,,,NO,NO,0,1,YES,NONE,,,,,CHART_ONLY,LOW,
SE8c823806dd,EHGO,V4,,IMG_0292,v4,faisal_images/IMG_0292.jpeg,chat+chart,F,INFERRED_DEVICE_LINKED,UNIT_AUTHOR (per-quote speaker not verified),1,2026-0x,,,AMBIGUOUS,,,,Azi ‖ 2 من 4 ‖ هذا سلوكه حقيقه لي 3 ايام ادرسه · صيني مثل خوياه · Azi · DSY · EHGO · - · هذا الرابع الان مقسم مرتين بشهر · - · كم يوصل الاهم العقل والمنطق · 2.20 > 2.50 · - · صيني نقيسه مع الاسهم السابقه · نقول يغطي فجوته من 4-5 ‖ فجوة سعرية ‖ هل يصعد جميع او يطلع نسبه ويكمل بري الاثنين غدا مافيه تداول,,V4_TRANSCRIPTION,,,,,,,,,,,,UNKNOWN,0,0,,,NO,NO,0,0,UNKNOWN,UNKNOWN,ZCMD_2026-0x,CONTEXT: دراسةُ السلوك 3 أيام · ومقارنةُ السهم بنظرائه (صينيّون: AZI · DSY · EHGO) | CONTEXT: مقسّمٌ مرّتين في شهر (نَفَسٌ قصير — IMG_0152) | TARGET: «كم يوصل الاهم العقل والمنطق 2.20 > 2.50» ثمّ تغطيةُ فجوته 4-5 قياسًا بنظرائه | TARGET_TIMING: هل يصعد دفعةً واحدة أو يحقّق نسبةً ويُكمل في بري الاثنين,,,SOURCE_TEXT,LOW,
SEcf5cee09bd,ELAB,V4,EP0064,TG_1995,v4,faisal_images/TG_1995.jpg,chart_drawn,F,CATALOG_ATTRIBUTION,UNIT_AUTHOR (per-quote speaker not verified),1,2026-01-30,,,RECORDED_UNVERIFIED,2026-01-30,2026-02-02,,حجم تداول,,V4_TRANSCRIPTION,,,,,,,,,,,,UNKNOWN,0,0,,,NO,NO,0,0,YES,NONE,,,,,SOURCE_TEXT,LOW,
SE268f153bbb,ELAB,V4,EP0064,TG_1998,v4,faisal_images/TG_1998.jpg,app_panel,F,CATALOG_ATTRIBUTION,UNIT_AUTHOR (per-quote speaker not verified),1,2026-01-30,,,RECORDED_UNVERIFIED,2026-01-30,2026-02-02,,مؤشر كلنجر ‖ 9 26 تقاطع المتوسط المتحرك الأسي ‖ MACD 12 26 close 9 ‖ DMI 14 14 ‖ Stoch RSI 14 14 3 3 ‖ ATR 14,,V4_TRANSCRIPTION,,,,,,,,,,,,UNKNOWN,0,0,,,NO,NO,0,0,YES,NONE,,INFO: مؤشّراتُ لوحة فيصل: كلنجر · تقاطع EMA 9/26 · MACD 12/26/9 · DMI 14/14 · Stoch RSI 14/14/3/3 · ATR 14,,,SOURCE_TEXT,LOW,
SE5ffe7ef755,ELAB,V4,EP0064,TG_2080,v4,faisal_images/TG_2080.jpg,tweet+chart,F,CATALOG_ATTRIBUTION,UNIT_AUTHOR (per-quote speaker not verified),1,2026/1/30,,,EXACT_DATE_PRINTED,2026-01-30,2026-02-02,,اهبط زي ماتبي · رجع وحقق التحليل بكل دقه متناهيه · هل متبقي للمجد بقيه · لكل معارض ومتهكم علي اثناء التحليل · ( عطنا شاي جمر ) · $ELAB,,V4_TRANSCRIPTION,,,,,,,,,,,,UNKNOWN,0,0,,,NO,NO,0,0,YES,NONE,,,,,SOURCE_TEXT,LOW,
SE899c7c6b37,ELAB,V4,EP0064,TG_2085,v4,faisal_images/TG_2085.jpg,tweet+images,F,VISIBLE_OCR,UNIT_AUTHOR (per-quote speaker not verified),1,2026-01-30,,,RECORDED_UNVERIFIED,2026-01-30,2026-02-02,,التحليل تصيد السهم قبل يطلع · اما اذا طلع السهم كلن يشوفه · يجي غشيم مايعرف بري وافتر ولايعرف عرض وطلب يقول عندك صفقتين فشلت · عموما تحليل السهم اخذ مني ساعتين تقريبا · ع 4 مؤشرات + نماذج + شموع · + متوسط الحركه + تقاطع الماكد + تشبع ال RSI+ و + و + و + · منها مؤشر التصحيح فيبوناتشي | مؤشر كلنجر · هل يفشل التحليل نعم · هل يحقق كامل التحليل ربما · هل ينجح التحليل بتوفيق الله نعم,,V4_TRANSCRIPTION,,,,,«فشل» | «فشل»,INVALID | INVALID,,,,INVALID,,,0,0,,,NO,NO,0,0,YES,NONE,,INFO: التحليلُ يصطاد السهم قبل أن يطلع: 4 مؤشّرات ‏+ نماذج ‏+ شموع ‏+ متوسط الحركة ‏+ تقاطع الماكد ‏+ تشبّع RSI ‏+ فيبوناتشي التصحيح ‏+ كلنجر | INFO: «هل يفشل التحليل نعم · هل يحقق كامل التحليل ربما»,,,SOURCE_TEXT,MEDIUM,
SEc2e8b0febb,ELAB,V4,EP0064,TG_57928,v4,faisal_images/TG_57928.jpg,tweet+images,F,VISIBLE,UNIT_AUTHOR (per-quote speaker not verified),1,2026/1/30 5:19 ص,2026-01-29 21:19 NY,,EXACT_PRINTED,2026-01-30,2026-01-30,,التحليل تصيد السهم قبل يطلع · اما اذا طلع السهم كلن يشوفه · يجي غشيم مايعرف بري وافتر ولايعرف عرض وطلب يقول عندك صفقتين فشلت 😆😔 · عموما تحليل السهم اخذ مني ساعتين تقريبا · ع 4 مؤشرات + نماذج + شموع + متوسط الحركه + تقاطع الماكد + تشبع ال RSI+ و + و + و + · منها مؤشر التصحيح فيبوناتشي | مؤشر كلنجر · هل يفشل التحليل نعم · هل يحقق كامل التحليل ربما · هل ينجح التحليل بتوفيق الله نعم,,V4_TRANSCRIPTION,,,,,«فشل» | «فشل»,INVALID | INVALID,,,,INVALID,,,0,0,,,NO,NO,0,0,YES,NONE,,INVENTORY: التحليلُ «تصيُّدُ السهم قبل يطلع»: 4 مؤشّرات ‏+ نماذج ‏+ شموع ‏+ متوسّطُ الحركة ‏+ تقاطعُ الماكد ‏+ تشبّعُ RSI ‏+ فيبوناتشي ‏+ كلنجر | INDICATORS: لوحتُه: EMA 9/26 · MACD 12/26/9 · DMI 14 · Stoch RSI 14/14/3/3 · ATR 14 · كلنجر | HUMILITY: «هل يفشل التحليل نعم · هل يحقق كامل التحليل ربما»,,,SOURCE_TEXT,MEDIUM,
SEc36ca88a11,ELAB,V4,EP0064,TG_1988,v4,faisal_images/TG_1988.jpg,chart,F,CATALOG_ATTRIBUTION,UNIT_AUTHOR (per-quote speaker not verified),1,2026-02-0x,,,BOUNDED,2026-02-02,2026-02-10,,,,V4_TRANSCRIPTION,,,,,,,,,,,,UNKNOWN,0,0,,,NO,NO,0,1,YES,NONE,,,,,CHART_ONLY,LOW,
SE1826172db5,ELAB,V4,EP0064,TG_1996,v4,faisal_images/TG_1996.jpg,chart,F,CATALOG_ATTRIBUTION,UNIT_AUTHOR (per-quote speaker not verified),1,2026-02-0x,,,BOUNDED,2026-02-02,2026-02-10,,,,V4_TRANSCRIPTION,,,,,,,,,,,,UNKNOWN,0,0,,,NO,NO,0,1,YES,NONE,,,,,CHART_ONLY,LOW,
SEb09257d8fc,ELAB,V4,EP0065,TG_2127,v4,faisal_images/TG_2127.jpg,chart_drawn,F,CATALOG_ATTRIBUTION,UNIT_AUTHOR (per-quote speaker not verified),1,2026-03-0x,,,BOUNDED,2026-03-02,2026-03-10,,,,V4_TRANSCRIPTION,,,,,,,,,,,,UNKNOWN,0,0,,,NO,NO,0,1,YES,NONE,,,,,CHART_ONLY,LOW,
SEd2a49ca550,ELAB,V4,EP0065,TG_1987,v4,faisal_images/TG_1987.jpg,chart,F,CATALOG_ATTRIBUTION,UNIT_AUTHOR (per-quote speaker not verified),1,2026-03-1x,,,BOUNDED,2026-03-10,2026-03-20,,,,V4_TRANSCRIPTION,,,,,,,,,,,,UNKNOWN,0,0,,,NO,NO,0,1,YES,NONE,,,,,CHART_ONLY,LOW,
SEf2ff4ad118,ELAB,V4,EP0066,TG_1992,v4,faisal_images/TG_1992.jpg,chart,F,CATALOG_ATTRIBUTION,UNIT_AUTHOR (per-quote speaker not verified),1,2026-04-1x,,,BOUNDED,2026-04-10,2026-04-20,,,,V4_TRANSCRIPTION,,,,,,,,,,,,UNKNOWN,0,0,,,NO,NO,0,1,YES,NONE,,,,,CHART_ONLY,LOW,
SE961e0a3393,ELAB,V4,EP0066,TG_1993,v4,faisal_images/TG_1993.jpg,chart,F,CATALOG_ATTRIBUTION,UNIT_AUTHOR (per-quote speaker not verified),1,2026-04-1x,,,BOUNDED,2026-04-10,2026-04-20,,,,V4_TRANSCRIPTION,,,,,,,,,,,,UNKNOWN,0,0,,,NO,NO,0,1,YES,NONE,,,,,CHART_ONLY,LOW,
SE8ecb543fad,ELAB,V4,EP0066,TG_1997,v4,faisal_images/TG_1997.jpg,tweet+images,F,CATALOG_ATTRIBUTION,UNIT_AUTHOR (per-quote speaker not verified),1,2026-04-12,,,RECORDED_UNVERIFIED,2026-04-13,2026-04-13,,تدوير 750٪ رأس مال عائم · لايوجد اسهم متاحه للشورت · التدوير من قبل الشورت شرا من السوق + بيع · $ELAB · متابعه فقط ( ليس توصيه شرا ),,V4_TRANSCRIPTION,,,,,«متابعه»,MONITOR,,,,MONITOR,,,0,0,,,NO,NO,0,0,YES,WATCH,,WATCH: تدويرٌ 750% من الفلوت ‏+ لا أسهم متاحة للشورت ⟵ «متابعة فقط ليس توصية شراء» | INFO: التدوير = شراءُ الشورت من السوق ‏+ بيع (رسمُ السكويز التعليميّ طرفٌ ثالث),,,SOURCE_TEXT,LOW,
SE6595f7e3ae,ELPW,V4,EP0067,TG_2095,v4,faisal_images/TG_2095.jpg,tweet+chart,F,CATALOG_ATTRIBUTION,UNIT_AUTHOR (per-quote speaker not verified),1,2026-01-22,,,RECORDED_UNVERIFIED,2026-01-22,2026-01-23,,$ELPW لو اعطى دخول عند 1.25 > 1.20 ممتاز دفعتين · 1.16 وقفه · 1.73 هدف الشمعه الهابطه · بعدها فيه كم هدف · هذي معلومه ماعندي كاش ادخله 🤓,,V4_TRANSCRIPTION,,,,,«دخول»,ENTRY_PLAN,,,,ENTRY_PLAN,,,0,0,,,NO,NO,0,0,YES,WAIT,,WAIT: دخولٌ مشروط «لو اعطى» عند 1.20-1.25 (تحت السعر 1.31) على دفعتين · وقف 1.16 (≈−3.3% تحت 1.20) | INFO: الهدف الأوّل = الشمعةُ الهابطة 1.73,,,SOURCE_TEXT,LOW,
SE0da9e9b3e9,ELPW,VISIBLE,EP0068,TG_2098,s2,faisal_images/TG_2098.jpg,X post,F,EYE_VERIFIED,F,1,2026/4/24,,2026-07-27,EXACT_DATE_PRINTED,2026-04-24,2026-04-27,,1.57 تم التحليل قبل يومين / الان حقق 4.37 / 200٪ تقريبا / - / سونقات ربح 10 سنت ماعرفها بالاسهم ولله الحمد / $ELPW / حقق جل الاهداف / المضارب يحقق اهدافه بناء ع شموع وخوارزميات,,EYE_2026-10-09,from:kisar_ elpw ‖ … الربح العالي يعتمد ع القراءة الفنيه … · 3 اسهم الاسبوع الماضي · 2 نجاح مجمل 400٪ · $ELPW 200% · $ENVB 150٪ · 1 فشل دخول وقف 7٪ واعطى دخول اخر ربح 40٪ ✅ $HUBC ‖ 1.57 تم التحليل قبل يومين · الان حقق 4.37 · 200٪ تقريبا · سونقات ربح 10 سنت ماعرفها … · $ELPW حقق جل الاهداف · المضارب يحقق اهدافه بناء ع شموع وخوارزميات,,,,,,,,,,,UNKNOWN,0,0,«تم التحليل قبل»,«تم التحليل قبل»,NO,NO,0,0,YES,NONE,,INVALIDATION: «فشل دخول وقف 7٪» ثمّ «اعطى دخول اخر» (إعادةُ دخولٍ بعد الوقف) ⟵ ربح 40% (HUBC) | INFO: ELPW من 1.57 إلى 4.37 (≈+180% ووصفه «200٪ تقريبا»),recalled analysis two days earlier and outcome,"search «from:kisar_ elpw» (Latest): top post undated; the post below is printed 2026/4/24 — the 2026/4/24 date belongs to the ELPW post, NOT to the HUBC line",SOURCE_TEXT,HIGH,
SE290218586c,ELPW,V4,EP0069,TG_1984,v4,faisal_images/TG_1984.jpg,chart,F,CATALOG_ATTRIBUTION,UNIT_AUTHOR (per-quote speaker not verified),1,2026-05-0x,,,BOUNDED,2026-05-01,2026-05-11,,,,V4_TRANSCRIPTION,,,,,,,,,,,,UNKNOWN,0,0,,,NO,NO,0,1,YES,NONE,,,,,CHART_ONLY,LOW,
SE16b16c5cde,ELPW,V4,EP0069,TG_1985,v4,faisal_images/TG_1985.jpg,tweet+quote,F,VISIBLE_OCR,UNIT_AUTHOR (per-quote speaker not verified),1,2026-05-0x,,,BOUNDED,2026-05-01,2026-05-11,,باقي موجه في حال اختبر الدعم 2.40 ولافشل · تابع عشان تتعلم ‖ اختبر الدعم 2.40 · 2.37 بذيل شمعه · صعد الى 2.87 · 2.87=2.40+20٪ · 20٪ الموجه الثانيه · هكذا تدار الاسهم بنظرية اليوت · هذا السهم حقق النظريه · هناك اسهم تصعد مباشره لاتصلح لها هذي النظريه · لكل سهم سلوك تربح منه,,V4_TRANSCRIPTION,,,,,«فشل» | «تابع»,INVALID | MONITOR,,,,MONITOR+INVALID,,,0,0,,,NO,NO,0,0,YES,MULTI,,WAIT: موجةٌ باقية بشرط اختبار الدعم وعدم فشله | INFO: ذيلُ شمعةٍ تحت الدعم بـ≈1.25% (2.37 من 2.40) = اختبارٌ لا فشل | INFO: الموجةُ الثانية = الدعم ‏+20% (إليوت) · «اسهم تصعد مباشره لاتصلح لها هذي النظريه»,,,SOURCE_TEXT,MEDIUM,
SEb717a09889,ELPW,V4,EP0069,TG_2094,v4,faisal_images/TG_2094.jpg,chart_drawn,F,CATALOG_ATTRIBUTION,UNIT_AUTHOR (per-quote speaker not verified),1,2026-05-0x,,,BOUNDED,2026-05-01,2026-05-11,,,,V4_TRANSCRIPTION,,,,,,,,,,,,UNKNOWN,0,0,,,NO,NO,0,1,YES,UNKNOWN,,,,,CHART_ONLY,LOW,
SE420a78aa9c,ELPW,V4,EP0069,TG_2096,v4,faisal_images/TG_2096.jpg,chart,F,CATALOG_ATTRIBUTION,UNIT_AUTHOR (per-quote speaker not verified),1,2026-05-0x,,,BOUNDED,2026-05-01,2026-05-11,,,,V4_TRANSCRIPTION,,,,,,,,,,,,UNKNOWN,0,0,,,NO,NO,0,1,YES,NONE,,,,,CHART_ONLY,LOW,
SEf1df072f60,ELPW,V4,EP0070,APP_20260918_52_ELPW,v4,faisal_images/APP_20260918_52_ELPW.jpg,app_panel,APP,NONE,UNIT_AUTHOR (per-quote speaker not verified),0,2026-09-0x,,,BOUNDED,2026-09-01,2026-09-10,,خلاصة الفرصة الآلية 59/100 · مراقبة مبكرة · ينقصه ثبات يومي جلستين على الأقل · الارتداد خارج النطاق المثالي 10–40% · بانتظار إعادة اختبار يومي ناجح · اكتمال الشروط الآلية 5/8 · الشورت اليدوي 0/1 · الإعلان لا يؤثر ‖ دورة الدعم: تكوين قاع (يتكوّن) ‖ تقدّم الارتداد المطلوب 8.6% / 10% ‖ بيانات التقسيم ومنطقة الهدف,[APP_UI] مراقب استراتيجية فيصل ‖ [APP_UI] مراقبة,V4_TRANSCRIPTION,,,,,«مراقبة» | «بانتظار»,MONITOR | WAIT,,,,,,NON_FAISAL,0,0,,,NO,NO,0,0,YES,NONE,ELPW_2026-09-1x,,,,APP_THIRD_PARTY,NOT_FAISAL,
SEd722ed4906,ELPW,V4,EP0070,APP_20260918_53_ELPW,v4,faisal_images/APP_20260918_53_ELPW.jpg,app_panel,APP,NONE,UNIT_AUTHOR (per-quote speaker not verified),0,2026-09-0x,,,BOUNDED,2026-09-01,2026-09-10,,تحليل يومي و4 ساعات: اليومي يحدد الدورة و4H يؤكد توقيت الدعم؛ لا يلزم تطابق كل المؤشرات معًا,,V4_TRANSCRIPTION,,,,,,,,,,,,NON_FAISAL,0,0,,,NO,NO,0,0,YES,NONE,ELPW_2026-09-1x,,,,APP_THIRD_PARTY,NOT_FAISAL,
SE5d2552e398,ELPW,V4,EP0070,CH_20260918_63_ELPW,v4,faisal_images/CH_20260918_63_ELPW.jpg,chart,F,VISIBLE_LINKED,UNIT_AUTHOR (per-quote speaker not verified),1,2026-09-0x,,,BOUNDED,2026-09-01,2026-09-10,,,,V4_TRANSCRIPTION,,,,,,,,,,,,UNKNOWN,0,0,,,NO,NO,0,1,YES,NONE,ELPW_2026-09-1x,,,,CHART_ONLY,MEDIUM,
SEe7b83964c5,ELPW,V4,EP0070,CH_20260918_64_ELPW,v4,faisal_images/CH_20260918_64_ELPW.jpg,chart,F,VISIBLE_LINKED,UNIT_AUTHOR (per-quote speaker not verified),1,2026-09-0x,,,BOUNDED,2026-09-01,2026-09-10,,,,V4_TRANSCRIPTION,,,,,,,,,,,,UNKNOWN,0,0,,,NO,NO,0,1,YES,NONE,ELPW_2026-09-1x,,,,CHART_ONLY,MEDIUM,
SEc1e8d6d632,ELPW,V4,EP0070,CH_20260918_65_ELPW,v4,faisal_images/CH_20260918_65_ELPW.jpg,chart,F,VISIBLE_LINKED,UNIT_AUTHOR (per-quote speaker not verified),1,2026-09-0x,,,BOUNDED,2026-09-01,2026-09-10,,,,V4_TRANSCRIPTION,,,,,,,,,,,,UNKNOWN,0,0,,,NO,NO,0,1,YES,NONE,ELPW_2026-09-1x,,,,CHART_ONLY,MEDIUM,
SE9e03da3954,ELPW,V4,EP0070,CH_20260918_01_ELPW,v4,faisal_images/CH_20260918_01_ELPW.jpg,chart,F,VISIBLE_LINKED,UNIT_AUTHOR (per-quote speaker not verified),1,2026-09-1x,,,BOUNDED,2026-09-10,2026-09-21,,,,V4_TRANSCRIPTION,,,,,,,,,,,,UNKNOWN,0,0,,,NO,NO,0,1,YES,NONE,ELPW_2026-09-1x,,,,CHART_ONLY,MEDIUM,
SEab4136387c,ELPW,V4,EP0070,CH_20260918_02_ELPW,v4,faisal_images/CH_20260918_02_ELPW.jpg,chart,F,VISIBLE_LINKED,UNIT_AUTHOR (per-quote speaker not verified),1,2026-09-1x,,,BOUNDED,2026-09-10,2026-09-21,,Deleted,,V4_TRANSCRIPTION,,,,,,,,,,,,UNKNOWN,0,0,,,NO,NO,0,0,YES,NONE,ELPW_2026-09-1x,,,,SOURCE_TEXT,MEDIUM,
SE773104a08e,ELPW,V4,EP0070,CH_20260918_03_ELPW,v4,faisal_images/CH_20260918_03_ELPW.jpg,chart_annot,F,VISIBLE_LINKED,UNIT_AUTHOR (per-quote speaker not verified),1,2026-09-1x,,,BOUNDED,2026-09-10,2026-09-21,,,,V4_TRANSCRIPTION,,,,,,,,,,,,UNKNOWN,0,0,,,NO,NO,0,1,YES,NONE,ELPW_2026-09-1x,PATTERN: سهمٌ مرسومٌ على عمود حجمٍ هابطٍ كبير بين 2.270 و2.186 (= «شمعة فوليوم» في X_04),,,CHART_ONLY,MEDIUM,
SE1a7370e083,ELPW,V4,EP0070,TG_50603,v4,faisal_images/TG_50603.jpg,edu_post,EDU,VISIBLE_CHANNEL,UNIT_AUTHOR (per-quote speaker not verified),0,2026-09-1x,,,BOUNDED,2026-09-10,2026-09-21,,قناة تعليمية ‖ Elong Power Holding ‖ # الدعم والمقاومة # نماذج تعليمية ‖ نموذج جميل · الصورتين اعلاه نموذج من عدة نماذج دخولنا بالسهم · احيانا ندخل ع الدعم وكميات اسفل تحسباً لسحب السيوله · احيانا ندخل بعد سحب السيوله,,V4_TRANSCRIPTION,,,,,«دخولنا» | «ندخل» | «ندخل»,ENTRY_STATED | ENTRY_PLAN | ENTRY_PLAN,,,,,,NON_FAISAL,0,0,,,NO,NO,0,0,YES,NONE,,ENTRY_EDU: نمطا دخول: عند الدعم مع كمّيّاتٍ أسفل تحسّبًا للسحب · أو بعد سحب السيولة,,,NON_FAISAL,NOT_FAISAL,
SE1452753f65,ELPW,VISIBLE,EP0070,X_20260918_04_ELPW,s1,faisal_images/X_20260918_04_ELPW.png,X post,F,EYE_VERIFIED,F,1,no date; V4 decade 2026-09-1x; committed 2026-09-18,,2026-09-18,BOUNDED,2026-09-10,2026-09-18,,متبقي شمعتين فوليوم للهبوط / - / تحت المتابعه فقط,,EYE_2026-10-09,متبقي شمعتين فوليوم للهبوط · - · تحت المتابعه فقط,,,,«تحت المتابعه»,MONITOR,,,,MONITOR,,,0,0,,,NO,NO,0,0,YES,WATCH,ELPW_2026-09-1x,WAIT: «متبقي شمعتين فوليوم للهبوط» — هبوطٌ بحجمٍ متوقَّعٌ قبل القاع (السهمُ الأحمر إلى 2.270) | WATCH: «تحت المتابعه فقط»,monitoring only («تحت المتابعه فقط»); order relative to X_20260918_66 not established by any source timestamp,Faisal post page; no date; ELPW daily + 4 h (Pre Market 2.397 −4.12%),SOURCE_TEXT,HIGH,
SE808a4c7c99,ELPW,VISIBLE,EP0070,X_20260918_66_ELPW,s1,faisal_images/X_20260918_66_ELPW.jpg,X post,F,EYE_VERIFIED,F,1,no date; V4 decade 2026-09-1x; committed 2026-09-18,,2026-09-18,BOUNDED,2026-09-10,2026-09-18,,3 صور للتحليل يومي سبوعي 4 ساعات / - / اقتباس التغريده / ذكرنا سابقا بشهر 1 جاهز دخول سيوله عاليه من العرض / هبط فيه المضارب من 1.25 الى 28 سنت / - / مضارب هذا اقشر / - / صعد من 28 سنت بيوم واحد الى 13 دولار / 3000٪ / - / الان كون قاع عند 3 / الشورت شبه ممتاز / عنده فجوات عاليه / - / هل يثبت ع 3 اولا / اختبر المقاومه 3.80 / عدم ثبات 3 = هبوط اخر / مازال تحت المجهر,,EYE_2026-10-09,Snapchat ▶ ‖ 3 صور للتحليل يومي سبوعي 4 ساعات · - · اقتباس التغريده · ذكرنا سابقا بشهر 1 جاهز دخول سيوله عاليه من العرض · هبط فيه المضارب من 1.25 الى 28 سنت · - · مضارب هذا اقشر · - · صعد من 28 سنت بيوم واحد الى 13 دولار · 3000٪ · - · الان كون قاع عند 3 · الشورت شبه ممتاز · عنده فجوات عاليه · - · هل يثبت ع 3 اولا · اختبر المقاومه 3.80 · عدم ثبات 3 = هبوط اخر · مازال تحت المجهر,,«جاهز»,READY,«دخول سيوله» | «تحت المجهر»,OPERATOR_MONEY | MONITOR,,,READY,MONITOR+RECALLED_OPERATOR_MONEY_OBSERVED,,,0,1,«ذكرنا» | «سابقا» | «مازال تحت»,«ذكرنا سابقا» | «مازال تحت»,NO,RECALLED_EARLIER_STATE,0,0,YES,MULTI,ELPW_2026-09-1x,STRUCTURE: 3 صورٍ للتحليل: يوميّ · أسبوعيّ · 4 ساعات | VALIDITY: قاعٌ عند 3 · الشورتُ شبه ممتاز · فجواتٌ عالية فوقه | WAIT: هل يثبت على 3 أوّلًا (اختبر المقاومة 3.80) · عدمُ ثبات 3 = هبوطٌ آخر · «مازال تحت المجهر»,readiness recalled for month 1 («ذكرنا سابقا بشهر 1 جاهز»); current: still under close watch («مازال تحت المجهر») = an explicit continuation of attention · readiness/stage vocabulary (READY) — refers to an earlier time,Faisal post page; no date visible; three ELPW charts (After Hours 3.110),SOURCE_TEXT,HIGH,
SE801c45eb39,ELPW,V4,EP0070,TG_57885,v4,faisal_images/TG_57885.jpg,tweet+charts,F,VISIBLE,UNIT_AUTHOR (per-quote speaker not verified),1,2026-09-2x,,,BOUNDED,2026-09-21,2026-09-30,,ماذا حدث في MSGY · حللنا السهم بناء على المؤشرات الفنيه بتوقع صعود السهم · الاصل اهداف قريبه شموع واضحه 4-5 · ذهب ابعد مما توقعنا شمعة ساقطه عاليه ذيلها 5.60 = الاهداف المتوقعه · شمعة ارتداد بعد السقوط الى 10 · السهم غطا هذه الشمعه بنسبه 500٪ · لاحد يجزم يقين بالاهداف الاعلى او الانفجار السعري · الاصل انضباط تداول وجني ربح مع بقية 20٪ لاهداف عاليه · ماذا حصل في ELPW دبل بشمعه وهبط بشمعه,,V4_TRANSCRIPTION,,,,,«جني ربح»,EXIT,,,,EXIT,,,0,0,,,NO,NO,0,0,YES,NONE,MSGY_2026-09,TARGET: الأصلُ أهدافٌ قريبة (شموعٌ واضحة) · وذيلُ الشمعة الساقطة العالية = الهدفُ المتوقَّع · وما فوقه غيرُ مجزوم | EXIT: انضباطٌ وجني ربحٍ مع إبقاء 20% لأهدافٍ عالية,,,SOURCE_TEXT,MEDIUM,
SEd58c943456,ELPW,V4,EP0070,TG_57886,v4,faisal_images/TG_57886.jpg,tweet+charts,F,VISIBLE,UNIT_AUTHOR (per-quote speaker not verified),1,2026-09-2x,,,BOUNDED,2026-09-21,2026-09-30,,,,V4_TRANSCRIPTION,,TG_57885,,,,,,,,,,UNKNOWN,0,0,,,NO,NO,0,1,YES,NONE,MSGY_2026-09,,,,CHART_ONLY,MEDIUM,
SEce7eb7ef8e,ELPW,VISIBLE,,TG_2098,s1,faisal_images/TG_2098.jpg,"X post (undated, listed above a 2026/4/24 post)",F,EYE_VERIFIED,F,1,undated; refers to «الاسبوع الماضي»; ordered above a 2026/4/24 post in a Latest search,,2026-07-27,AMBIGUOUS,,,,الربح العالي يعتمد ع القراءة الفنيه بعد توفيق الله / 3 اسهم الاسبوع الماضي / 2 نجاح مجمل 400٪ / $ELPW / 200% / $ENVB / 150٪ / 1 فشل دخول وقف 7٪ واعطى دخول اخر ربح 40٪ / ✅ $HUBC,,EYE_2026-10-09,from:kisar_ elpw ‖ … الربح العالي يعتمد ع القراءة الفنيه … · 3 اسهم الاسبوع الماضي · 2 نجاح مجمل 400٪ · $ELPW 200% · $ENVB 150٪ · 1 فشل دخول وقف 7٪ واعطى دخول اخر ربح 40٪ ✅ $HUBC ‖ 1.57 تم التحليل قبل يومين · الان حقق 4.37 · 200٪ تقريبا · سونقات ربح 10 سنت ماعرفها … · $ELPW حقق جل الاهداف · المضارب يحقق اهدافه بناء ع شموع وخوارزميات,,,,«فشل» | «دخول» | «دخول»,INVALID | ENTRY_PLAN | ENTRY_PLAN,,,,ENTRY_PLAN+INVALID,,,0,0,,,NO,NO,0,0,UNKNOWN,NONE,,INVALIDATION: «فشل دخول وقف 7٪» ثمّ «اعطى دخول اخر» (إعادةُ دخولٍ بعد الوقف) ⟵ ربح 40% (HUBC) | INFO: ELPW من 1.57 إلى 4.37 (≈+180% ووصفه «200٪ تقريبا»),"HUBC: two executed entries last week (first stopped at −7%, second +40%) — recalled outcomes, dates unknown","search «from:kisar_ elpw» (Latest): top post undated; the post below is printed 2026/4/24 — the 2026/4/24 date belongs to the ELPW post, NOT to the HUBC line",SOURCE_TEXT,HIGH,
SE1ff51233a9,ELPW,V4,,TG_57877,v4,faisal_images/TG_57877.jpg,chat,F,INFERRED_PHONE_OWNER,UNIT_AUTHOR (per-quote speaker not verified),1,2026-09-25?,,,AMBIGUOUS,,,,سهم ابو داحم شورته بطل 😂 ‖ اليوم جميع اسهمنا ‖ حطيت طلباتي وشالهن ‖ تحركت · THH هلت اب ‖ الياباني · ماشاء الله · TDIC ELPW MSGY Fgl Thh · سلمو لي على اللي اهدافهم سنتات 👌😂🫡 ‖ اللهم لك الحمد · [مطموس] باقي,,V4_TRANSCRIPTION,,,,,«طلبات»,ENTRY_PLAN,,,,ENTRY_PLAN,,,0,0,,,NO,NO,0,0,UNKNOWN,NONE,,ENTRY_MECHANISM: الدخولُ بطلباتٍ موضوعة مسبقًا («حطيت طلباتي وشالهن»),,,SOURCE_TEXT,LOW,
SE7bf0d07a5c,ENPH,V4,EP0071,TG_2017,v4,faisal_images/TG_2017.jpg,chart_annot,F,CATALOG_ATTRIBUTION,UNIT_AUTHOR (per-quote speaker not verified),1,2026-05-2x,,,BOUNDED,2026-05-20,2026-06-01,,مقاومه سابقه 78 · تكوين دعم 58 · رفض اختراق 78 = هبوط انتظار قاع جديد ‖ كون دعم اساسي عند 29 · ارتداد الى 40 · 30٪ تقريبا · النموذج الفني غالبا ارتداد من قاع 20>30٪ · هبوط مسح سيوله اسفل الدعم 29 · جميع اوامر الوقف تحت الدعم 29 · الوقف عند المتداولين من 5-7٪ · 29-7٪=26.97,,V4_TRANSCRIPTION,,,,,«انتظار»,WAIT,,,,WAIT,,,0,0,,,NO,NO,0,0,YES,UNKNOWN,,INFO: النموذجُ الفنّيّ غالبًا ارتدادٌ من القاع 20-30% | INFO: مسحُ السيولة تحت الدعم حيث جميعُ أوامر الوقف · وقفُ المتداولين 5-7% (29−7% = 26.97) | WAIT: رفضُ اختراق المقاومة السابقة (78) = هبوط ⟵ انتظار قاعٍ جديد,,,SOURCE_TEXT,LOW,
SE08412fdea5,ENPH,V4,EP0071,TG_2016,v4,faisal_images/TG_2016.jpg,app_chart,F,CATALOG_ATTRIBUTION,UNIT_AUTHOR (per-quote speaker not verified),1,2026-05-28,,,RECORDED_UNVERIFIED,2026-05-28,2026-05-29,,,,V4_TRANSCRIPTION,,,,,,,,,,,,UNKNOWN,0,0,,,NO,NO,0,1,YES,NONE,,,,,CHART_ONLY,LOW,
SE09bef69a86,ENPH,V4,EP0071,TG_2066,v4,faisal_images/TG_2066.jpg,tweet,F,VISIBLE_OCR,UNIT_AUTHOR (per-quote speaker not verified),1,2026-05-30,,,RECORDED_UNVERIFIED,2026-06-01,2026-06-01,,شرح مبسط مداخله صغيره · الاصل بالسهم الدخول بعد تكوين القاع السنوي 25 ثبات بعد القاع 3-5 جلسات = دخولً · - صعود وجني ربح لابد هبوط وتكوين دعم · هبط بعد هدف 49 عند الدعم الاساسي 29 · - رجع صعد وحقق الهدف من شمعه الهبوط 78 · 90٪ هذي نماذج الاسهم الامريكيه · عدد اسهم الشركه 127 مليون · هذي استراتيجيه · جل الاسهم بحسابي تحليلها ع المدرسه الكلاسيكية تجد النوذج يتكرر دائما,,V4_TRANSCRIPTION,,,,,«الدخول» | «دخول» | «جني ربح»,ENTRY_PLAN | ENTRY_PLAN | EXIT,,,,ENTRY_PLAN+EXIT,,,0,0,,,NO,NO,0,0,YES,NONE,,READY: الأصل: الدخولُ بعد تكوين القاع السنويّ ‏+ ثباتٍ 3-5 جلسات بعد القاع = دخول | INFO: صعودٌ وجني ربح ⟵ لا بدّ من هبوطٍ وتكوين دعم (هبط بعد هدف 49 إلى الدعم الأساسيّ 29) ⟵ ثمّ يحقّق هدفَ شمعة الهبوط (78) | INFO: «90٪ هذي نماذج الاسهم الامريكيه» · التحليلُ على المدرسة الكلاسيكيّة والنموذجُ يتكرّر,,,SOURCE_TEXT,MEDIUM,
SE20fa8f97f2,ENVB,VISIBLE,,TG_2098,s1,faisal_images/TG_2098.jpg,"X post (undated, listed above a 2026/4/24 post)",F,EYE_VERIFIED,F,1,undated; refers to «الاسبوع الماضي»; ordered above a 2026/4/24 post in a Latest search,,2026-07-27,AMBIGUOUS,,,,الربح العالي يعتمد ع القراءة الفنيه بعد توفيق الله / 3 اسهم الاسبوع الماضي / 2 نجاح مجمل 400٪ / $ELPW / 200% / $ENVB / 150٪ / 1 فشل دخول وقف 7٪ واعطى دخول اخر ربح 40٪ / ✅ $HUBC,,EYE_2026-10-09,from:kisar_ elpw ‖ … الربح العالي يعتمد ع القراءة الفنيه … · 3 اسهم الاسبوع الماضي · 2 نجاح مجمل 400٪ · $ELPW 200% · $ENVB 150٪ · 1 فشل دخول وقف 7٪ واعطى دخول اخر ربح 40٪ ✅ $HUBC ‖ 1.57 تم التحليل قبل يومين · الان حقق 4.37 · 200٪ تقريبا · سونقات ربح 10 سنت ماعرفها … · $ELPW حقق جل الاهداف · المضارب يحقق اهدافه بناء ع شموع وخوارزميات,,,,«فشل» | «دخول» | «دخول»,INVALID | ENTRY_PLAN | ENTRY_PLAN,,,,ENTRY_PLAN+INVALID,,,0,0,,,NO,NO,0,0,UNKNOWN,NONE,,INVALIDATION: «فشل دخول وقف 7٪» ثمّ «اعطى دخول اخر» (إعادةُ دخولٍ بعد الوقف) ⟵ ربح 40% (HUBC) | INFO: ELPW من 1.57 إلى 4.37 (≈+180% ووصفه «200٪ تقريبا»),"HUBC: two executed entries last week (first stopped at −7%, second +40%) — recalled outcomes, dates unknown","search «from:kisar_ elpw» (Latest): top post undated; the post below is printed 2026/4/24 — the 2026/4/24 date belongs to the ELPW post, NOT to the HUBC line",SOURCE_TEXT,HIGH,
SEaef28ba494,ERNA,V4,EP0072,TG_1963,v4,faisal_images/TG_1963.jpg,tweet+charts,F,VISIBLE_OCR,UNIT_AUTHOR (per-quote speaker not verified),1,2026-05-0x,,,BOUNDED,2026-05-01,2026-05-11,,$ERNA الشورت صفر الان من35 الف سهم · خبر · امس ضغط لادنى قاع سنوي · 4.59 وقف ❌ · تحميل مشاركات من 5 ل 5.40 · تجاوز 7 ممكن > قاب 10 · 9-8 اهداف · مناطق الطلب تسمى تحميل مشاركات لدى المضاربين · اللي ماتفرق معاه ومتعود يشري من العرض قدامك السهم,,V4_TRANSCRIPTION,,,,,«ضغط»,PRESS,,,,PRESS_MENTION,,,0,0,,,NO,NO,0,0,YES,READY,,READY: خطّةُ دخول: طلباتٌ في منطقة الطلب 5.00-5.40 · وقف 4.59 · أهداف 8-9 · تجاوز 7 ⟵ فجوة 10 · ومن يشتري من العرض فالسهم أمامه | INFO: مناطقُ الطلب = «تحميل مشاركات» عند المضاربين | READY: الشورت هبط إلى صفر من 35 ألف ⟵ إيجابيّ,,,SOURCE_TEXT,MEDIUM,
SEf4bf67a26e,EZRA,V4,EP0073,TG_1954,v4,faisal_images/TG_1954.jpg,chart,F,CATALOG_ATTRIBUTION,UNIT_AUTHOR (per-quote speaker not verified),1,2026-05-2x,,,BOUNDED,2026-05-20,2026-06-01,,,,V4_TRANSCRIPTION,,,,,,,,,,,,UNKNOWN,0,0,,,NO,NO,0,1,YES,NONE,,,,,CHART_ONLY,LOW,
SE05e92227d1,EZRA,V4,EP0074,TG_1957,v4,faisal_images/TG_1957.jpg,dm,FA,VISIBLE,UNIT_AUTHOR (per-quote speaker not verified),0,2026-06-2x,,,BOUNDED,2026-06-22,2026-06-30,,EZRA سابقا RELI · قيمة سوقية 2.22M · عدد الاسهم 195.32K · شورت 7K · اخر عملية تقسيم 18/5 = 1:40 · سهم امريكي · ادنى قاع يومي 3.49 · ادنى قاع 4ساعات 3.0 · حجم التداول اخر اسبوع 1.61M · تحليل منصة تريدنق فيو: بيع · توصيات من حسابات اجنبية … EZRA=SMX · السهم له تاريخ حافل مع الهلثات · اعلان ارباح … 18/8 · غيرت اسمها … استحواذ 51% … تجربة 5G … انخفاض خساير,,V4_TRANSCRIPTION,,,,,,,,,,,,NON_FAISAL,0,0,«سابقا»,,NO,NO,0,0,YES,UNKNOWN,,INFO: قائمةُ فحص المساعد: القيمة · الأسهم · الشورت · آخر تقسيم ونسبته · الدولة · أدنى قاع يوميّ و4س · حجم الأسبوع · الأخبار,,,NON_FAISAL,NOT_FAISAL,
SE18db4418ea,EZRA,V4,EP0074,TG_2275,v4,faisal_images/TG_2275.jpg,tweet+chart,F,VISIBLE_OCR,UNIT_AUTHOR (per-quote speaker not verified),1,2026-06-2x,,,BOUNDED,2026-06-22,2026-06-30,,مقاومة السهم 4 و 4.38,,V4_TRANSCRIPTION,,,,,,,,,,,,UNKNOWN,0,0,,,NO,NO,0,0,YES,NONE,,,,,SOURCE_TEXT,MEDIUM,
SE5fa239aa64,EZRA,V4,EP0074,TG_1859,v4,faisal_images/TG_1859.jpg,chart,F,CATALOG_ATTRIBUTION,UNIT_AUTHOR (per-quote speaker not verified),1,2026-06-23,,,RECORDED_UNVERIFIED,2026-06-23,2026-06-24,,,,V4_TRANSCRIPTION,,,,,,,,,,,,UNKNOWN,0,0,,,NO,NO,0,1,YES,NONE,,,,,CHART_ONLY,LOW,
SEa438d0a112,EZRA,V4,EP0074,TG_58046,v4,faisal_images/TG_58046.jpg,tweet+chart,F,VISIBLE,UNIT_AUTHOR (per-quote speaker not verified),1,2026/6/30 5:34 ص,2026-06-29 22:34 NY,,EXACT_PRINTED,2026-06-30,2026-06-30,,نموذج الفراشه المتوقع اذا صدق التحليل مع نموذج W · 5.40 خطوره السهم اما بالهبوط او الصعود,,V4_TRANSCRIPTION,,,,,,,,,,,,UNKNOWN,0,0,,,NO,NO,0,0,YES,UNKNOWN,EZRA_2026-06-30,PATTERN: نموذجُ الفراشة المتوقَّع مع W «إذا صدق التحليل» | VALIDITY: 5.40 مستوى حسمٍ للسهم صعودًا أو هبوطًا,,,SOURCE_TEXT,MEDIUM,
SEe3defb1fcc,EZRA,V4,EP0075,TG_1851,v4,faisal_images/TG_1851.jpg,tweet+chart,F,CATALOG_ATTRIBUTION,UNIT_AUTHOR (per-quote speaker not verified),1,2026-07-20,,,RECORDED_UNVERIFIED,2026-07-20,2026-07-21,,$EZRA بيد المضارب 3 مقاومه اما يتحرر منها او ويكمل بعض الاهداف او يهبط,,V4_TRANSCRIPTION,,,,,,,,,,,,UNKNOWN,0,0,,,NO,NO,0,0,YES,UNKNOWN,,INFO: مقاومةٌ مفصليّة: التحرّر منها ⟵ أهداف · الفشل ⟵ هبوط,,,SOURCE_TEXT,LOW,
SEe73c0b70fe,EZRA,V4,,IMG_0295,v4,faisal_images/IMG_0295.jpeg,channel_post+chart,U,EDU_CHANNEL_UNMATCHED,UNIT_AUTHOR (per-quote speaker not verified),0,2026-0x,,,AMBIGUOUS,,,,EZRA · معروف عند الجميع وتم رفعه اكثر من مره بدون مضارب · - · الشورت متذبذب من 2000 ل 20000 · - · قاع جديد بعد تلاعب بالشموع · متابعة 2 هل يثبت او يكون قاع جديد · - · متابعه فقط,,V4_TRANSCRIPTION,,,,,«متابعة» | «متابعه»,MONITOR | MONITOR,,,,,,NON_FAISAL,0,0,,,NO,NO,0,0,UNKNOWN,WATCH,EZRA_2026-0x,"INVALIDATION: سهمٌ «معروف عند الجميع» رُفع أكثر من مرّةٍ بلا مضارب | CONTEXT: الشورتُ متذبذبٌ من 2,000 إلى 20,000 | WATCH: قاعٌ جديدٌ بعد تلاعبٍ بالشموع ⟵ متابعةُ 2: هل يثبت أو يكون قاعًا جديدًا · «متابعه فقط»",,,NON_FAISAL,NOT_FAISAL,
SEfc1ea3a69b,EZRA,V4,,IMG_0617,v4,faisal_images/IMG_0617.png,tweet+app,F,VISIBLE,UNIT_AUTHOR (per-quote speaker not verified),1,,,,AMBIGUOUS,,,,هذي تحصل بعض الاسهم · لذلك دايما جني الربح مهم · واذا هبط نركب اذا تجاوز خط فيواب · - · هذا هبط الى 1.84 الفيواب كان 2.20 · تجاوزه مباشره ركبنا بالصندوق ‖ تفاصيل الأمر,,V4_TRANSCRIPTION,,,,,«جني الربح» | «نركب»,EXIT | ENTRY_PLAN,,,,ENTRY_PLAN+EXIT,,,0,0,,,NO,NO,0,0,UNKNOWN,READY,EZRA_flash,CONTEXT: «هذي تحصل بعض الاسهم · لذلك دايما جني الربح مهم» (هبوطٌ خاطفٌ بعد دبل) | ENTRY: «واذا هبط نركب اذا تجاوز خط فيواب» | ENTRY: «هذا هبط الى 1.84 الفيواب كان 2.20 · تجاوزه مباشره ركبنا بالصندوق» — شراءٌ منفَّذ 2.2597,,,SOURCE_TEXT,MEDIUM,
SEa607942334,EZRA,V4,,IMG_0618,v4,faisal_images/IMG_0618.png,reply_thread+app,U,CONTEXT_LINKED,UNIT_AUTHOR (per-quote speaker not verified),0,,,,AMBIGUOUS,,,,السيولة ‖ يتم شراء كمية أموال محدودة. يرجى الانتظار والمراقبة ‖ ابو بدر انا على الشارت يوم يتحرك ، الغريب انه عطا دبل كامل من 1.84 الى 3.68 وبعدها بثلاث اربع دقايق رجع الى 1.84 وبعدها عشق لفوق · هل هذا طبيعي ولا ايش اللي صار بالضبط,,V4_TRANSCRIPTION,,,,,«لانتظار» | «المراقبة»,WAIT | MONITOR,,,,,,NON_FAISAL,0,0,,,NO,NO,0,0,UNKNOWN,NONE,EZRA_flash,,,,NON_FAISAL,NOT_FAISAL,
SEb5654422d9,EZRA,V4,,TG_1953,v4,faisal_images/TG_1953.jpg,chart,F,CATALOG_ATTRIBUTION,UNIT_AUTHOR (per-quote speaker not verified),1,,,,AMBIGUOUS,,,,,,V4_TRANSCRIPTION,,,,,,,,,,,,UNKNOWN,0,0,,,NO,NO,0,1,UNKNOWN,NONE,,,,,CHART_ONLY,LOW,
SE841c3c64cd,EZRA,V4,,TG_20260905_03,v4,faisal_images/TG_20260905_03.jpg,dm,F,INFERRED_PHONE_OWNER,UNIT_AUTHOR (per-quote speaker not verified),1,,,,AMBIGUOUS,,,,Moha… KHALIDو A.Alghamdi ‖ سلوكه جدا مقارب zcmd · [مطموس] · وهبط فيه كسر الدعم · هذي حصلت ب zcmd قبل يوصل 700٪ بجلسه الافتر ‖ الان امضينا قرابة ساعه فقط نبي تعرف كيف نحلل السهم ونعرف سلوك المضارب · الاسهم علم دقيق ليست بالتمني · توفيق من الله قبل كل شي … ‖ كنا نتعب مثل هالتعب هذا نطرح التحليل بالعام للجميع ماذا حصل · Jz · Ezra · Icu · كلها لقطوها قروبات ع 20٪ وهبطت علينا ودخلنا من جديد,,V4_TRANSCRIPTION,,,,,«دخلنا»,ENTRY_EXECUTED,,,,,ENTRY_EXECUTED,,0,0,,,NO,NO,0,0,UNKNOWN,NONE,,PATTERN: كسرُ الدعم قبل الانفجار (ZCMD قبل 700% في جلسة الافتر) — سلوكُ مضاربٍ يُقارَن به | CONTEXT: القروباتُ تلقط السهم على ‏+20% ثمّ يهبط ⟵ دخولٌ من جديد (JZ · EZRA · ICU) — يوافق X_20260905_10 «لايهم حتى لو دخل قروب ورفعه 20٪»,,,SOURCE_TEXT,LOW,
SEc40b26b63d,FGF,V4,EP0076,TG_2103,v4,faisal_images/TG_2103.jpg,tweet,F,VISIBLE_OCR,UNIT_AUTHOR (per-quote speaker not verified),1,2025/8/6,,,EXACT_DATE_PRINTED,2025-08-06,2025-08-07,PRINTED 2025-08-06 vs RECORDED 2025-08-02,الحمدلله صفقات من الاحد ل الجمعه حققت 1000٪ · يوميا صفقتين الا اذا شي طارف · تداول افتر بري فقط · جميع ماينشر ليس توصيات · 1- $SMX 200% دخوله 3 مرات · 2- $FULC 40% · 3- $HWH 110% · 4- $SCNI 150% · 5- $MTEX 15% · 6- $FGF 20% · 7- $SNGX 300% · 8- $FIEE 50% · 9- $NAMM 100٪ · 10- $CRE مفتوحه · 11- $XCUR جديد ‖ ابو نواف,,V4_TRANSCRIPTION,,,,,«دخول»,ENTRY_PLAN,,,,ENTRY_PLAN,,,0,0,,,NO,NO,0,0,NO_BARS,NONE,,INFO: «يوميا صفقتين» · «تداول افتر بري فقط» (أغسطس 2025) · SMX «دخوله 3 مرات»,,,SOURCE_TEXT,MEDIUM,PRINTED 2025-08-06 vs RECORDED 2025-08-02
SE70330ce257,FGL,V4,,TG_57877,v4,faisal_images/TG_57877.jpg,chat,F,INFERRED_PHONE_OWNER,UNIT_AUTHOR (per-quote speaker not verified),1,2026-09-25?,,,AMBIGUOUS,,,,سهم ابو داحم شورته بطل 😂 ‖ اليوم جميع اسهمنا ‖ حطيت طلباتي وشالهن ‖ تحركت · THH هلت اب ‖ الياباني · ماشاء الله · TDIC ELPW MSGY Fgl Thh · سلمو لي على اللي اهدافهم سنتات 👌😂🫡 ‖ اللهم لك الحمد · [مطموس] باقي,,V4_TRANSCRIPTION,,,,,«طلبات»,ENTRY_PLAN,,,,ENTRY_PLAN,,,0,0,,,NO,NO,0,0,UNKNOWN,NONE,,ENTRY_MECHANISM: الدخولُ بطلباتٍ موضوعة مسبقًا («حطيت طلباتي وشالهن»),,,SOURCE_TEXT,LOW,
SE76de46d1cc,FIEE,V4,EP0077,TG_2103,v4,faisal_images/TG_2103.jpg,tweet,F,VISIBLE_OCR,UNIT_AUTHOR (per-quote speaker not verified),1,2025/8/6,,,EXACT_DATE_PRINTED,2025-08-06,2025-08-07,PRINTED 2025-08-06 vs RECORDED 2025-08-02,الحمدلله صفقات من الاحد ل الجمعه حققت 1000٪ · يوميا صفقتين الا اذا شي طارف · تداول افتر بري فقط · جميع ماينشر ليس توصيات · 1- $SMX 200% دخوله 3 مرات · 2- $FULC 40% · 3- $HWH 110% · 4- $SCNI 150% · 5- $MTEX 15% · 6- $FGF 20% · 7- $SNGX 300% · 8- $FIEE 50% · 9- $NAMM 100٪ · 10- $CRE مفتوحه · 11- $XCUR جديد ‖ ابو نواف,,V4_TRANSCRIPTION,,,,,«دخول»,ENTRY_PLAN,,,,ENTRY_PLAN,,,0,0,,,NO,NO,0,0,NO_BARS,NONE,,INFO: «يوميا صفقتين» · «تداول افتر بري فقط» (أغسطس 2025) · SMX «دخوله 3 مرات»,,,SOURCE_TEXT,MEDIUM,PRINTED 2025-08-06 vs RECORDED 2025-08-02
SEeb1aa26e0e,FRGT,V4,,TG_1956,v4,faisal_images/TG_1956.jpg,tweet+chart,F,VISIBLE_OCR,UNIT_AUTHOR (per-quote speaker not verified),1,,,,AMBIGUOUS,,,,فرجت · الدعوم 2.87 اخر دعم يفشل فيه · 3.30 < 3.05,,V4_TRANSCRIPTION,,,,,«فشل»,INVALID,,,,INVALID,,,0,0,,,NO,NO,0,0,UNKNOWN,UNKNOWN,,INVALIDATION: 2.87 آخرُ دعمٍ يفشل فيه,,,SOURCE_TEXT,MEDIUM,
SE5419f9b00e,FRSX,V4,EP0078,TG_2078,v4,faisal_images/TG_2078.jpg,chart_annot,F,CATALOG_ATTRIBUTION,UNIT_AUTHOR (per-quote speaker not verified),1,2026-03-27,,,RECORDED_UNVERIFIED,2026-03-27,2026-03-30,,2.80 فجوه سعريه,,V4_TRANSCRIPTION,,,,,,,,,,,,UNKNOWN,0,0,,,NO,NO,0,0,YES,NONE,,,,,SOURCE_TEXT,LOW,
SE8e85f31ccb,FRSX,V4,EP0078,TG_2079,v4,faisal_images/TG_2079.jpg,tweet+images,F,VISIBLE_OCR,UNIT_AUTHOR (per-quote speaker not verified),1,2026-03-28,,,RECORDED_UNVERIFIED,2026-03-30,2026-03-30,,متابعة الاسبوع القادم · ثبات فوق 3> تحرر السهم · معلومات فنيه فقط · اضافة · السهم مقسم في 26/2/2026 · متوسط حركه 30 · حقق ادنى قاع بعد التقسيم عند 2.05 · ارتد الى 2.50 اقفال يومي بالامس,,V4_TRANSCRIPTION,,,,,«متابعة»,MONITOR,,,,MONITOR,,,0,0,,,NO,NO,0,0,YES,WATCH,,WATCH: متابعةُ الأسبوع القادم: الثباتُ فوق 3 = تحرّرُ السهم (فوق السعر 2.40-2.50) | INFO: مقسّمٌ 26/2 · متوسط حركة 30 · أدنى قاعٍ بعد التقسيم 2.05 ثمّ ارتدادٌ إلى 2.50,,,SOURCE_TEXT,MEDIUM,
SE4ba62f3693,FTFT,V4,EP0079,TG_2202,v4,faisal_images/TG_2202.jpg,chart,F,CATALOG_ATTRIBUTION,UNIT_AUTHOR (per-quote speaker not verified),1,2026-07-2x,,,BOUNDED,2026-07-20,2026-07-30,,,,V4_TRANSCRIPTION,,,,,,,,,,,,UNKNOWN,0,0,,,NO,NO,0,1,YES,NONE,,,,,CHART_ONLY,LOW,
SEc928e79010,FTFT,V4,EP0079,TG_2207,v4,faisal_images/TG_2207.jpg,dm+chart,F,INFERRED_PHONE_OWNER,UNIT_AUTHOR (per-quote speaker not verified),1,2026-07-2x,,,BOUNDED,2026-07-20,2026-07-30,,الراي لك · مخي هنق من التحليل ‖ شف الزين ادخل معك ‖ فيه سهم Ftft قسم 13/7 افتتاح 2.06 اعلى 2.24 حقق المتوسط 1.12 - شورت 20 الف - اقتراض 7% - فلوت 868 الف ‖ سهم Ftft طلبته ب 1.20 جسم شمعه و 1.15 - شورته خف صار 10 الاف ‖ حقق قاع اليوم · 1.30 لابد يثبت فوقها > 1.50 مقاومه + تحرر 1.78 الباقي بيد المضارب,,V4_TRANSCRIPTION,,,,,,,,,,,,UNKNOWN,0,0,,,NO,NO,0,0,YES,MULTI,,WAIT: (فيصل) لا بدّ أن يثبت فوق 1.30 (فوق السعر) ⟵ 1.50 مقاومة ‏+ تحرّر 1.78 · «الباقي بيد المضارب» | INFO: (المساعد) مقسّمٌ 13/7: أعلى 2.24 ÷2 = 1.12 «حقق المتوسط» = قاعُ اليوم · طلباتٌ 1.20/1.15 عند جسم الشمعة,,,SOURCE_TEXT,LOW,
SE727de0a422,FUBO,V4,EP0080,TG_2112,v4,faisal_images/TG_2112.jpg,tweet+chart,F,VISIBLE_OCR,UNIT_AUTHOR (per-quote speaker not verified),1,2026-04-06,,,RECORDED_UNVERIFIED,2026-04-06,2026-04-07,,$FUBO,,V4_TRANSCRIPTION,,,,,,,,,,,,UNKNOWN,0,0,,,NO,NO,0,0,NO_BARS,NONE,,,,,SOURCE_TEXT,MEDIUM,
SE01b6dba896,FULC,V4,EP0081,TG_2103,v4,faisal_images/TG_2103.jpg,tweet,F,VISIBLE_OCR,UNIT_AUTHOR (per-quote speaker not verified),1,2025/8/6,,,EXACT_DATE_PRINTED,2025-08-06,2025-08-07,PRINTED 2025-08-06 vs RECORDED 2025-08-02,الحمدلله صفقات من الاحد ل الجمعه حققت 1000٪ · يوميا صفقتين الا اذا شي طارف · تداول افتر بري فقط · جميع ماينشر ليس توصيات · 1- $SMX 200% دخوله 3 مرات · 2- $FULC 40% · 3- $HWH 110% · 4- $SCNI 150% · 5- $MTEX 15% · 6- $FGF 20% · 7- $SNGX 300% · 8- $FIEE 50% · 9- $NAMM 100٪ · 10- $CRE مفتوحه · 11- $XCUR جديد ‖ ابو نواف,,V4_TRANSCRIPTION,,,,,«دخول»,ENTRY_PLAN,,,,ENTRY_PLAN,,,0,0,,,NO,NO,0,0,NO_BARS,NONE,,INFO: «يوميا صفقتين» · «تداول افتر بري فقط» (أغسطس 2025) · SMX «دخوله 3 مرات»,,,SOURCE_TEXT,MEDIUM,PRINTED 2025-08-06 vs RECORDED 2025-08-02
SE12b39603f5,FUSE,V4,,TG_2004,v4,faisal_images/TG_2004.jpg,chart_annot,F,CATALOG_ATTRIBUTION,UNIT_AUTHOR (per-quote speaker not verified),1,,,,AMBIGUOUS,,,,ثبات دعم = دخول ‖ مقاومه لحظيه ‖ دعم,,V4_TRANSCRIPTION,,,,,«دخول»,ENTRY_PLAN,,,,ENTRY_PLAN,,,0,0,,,NO,NO,0,0,UNKNOWN,NONE,,READY: ثباتُ الدعم = دخول (التعليق على الخطّ البنفسجيّ) | INFO: «مقاومة لحظيّة» فوق التوطّد قبل الانطلاق,,,SOURCE_TEXT,LOW,
SEbc1170827e,GCTK,VISIBLE,EP0082,TG_57890,s1,faisal_images/TG_57890.jpg,X post,F,EYE_VERIFIED,F,1,entry «اثناء التحليل» = at the analysis post printed 2026/9/24 2:26 ص Riyadh = 2026-09-23 19:26 New York (after-hours),,2026-09-30,EXACT_DERIVED,2026-09-24,2026-09-24,,دخولنا بالملي مع شمعة الضغط اثناء التحليل / 3.60 / خروج بالتداول الليلي 15٪ / - / فنيا يهبط اول مايفتح البري 3.50 اقل حاجه / ويرجع يصعد / - / هذا صعد مباشره ل 5 / لذلك ما لحقته راحت 40٪,,EYE_2026-10-09,دخولنا بالملي مع شمعة الضغط اثناء التحليل 3.60 · خروج بالتداول الليلي 15٪ · فنيا يهبط اول مايفتح البري 3.50 اقل حاجه ويرجع يصعد · هذا صعد مباشره ل 5 · لذلك ما لحقته راحت 40٪ 🤷‍♂️ ‖ السهم الصاعد 130٪ بالافتر · الدعوم للبري 3.12 كسرها = فشل,,,,«دخولنا» | «شمعة الضغط» | «خروج»,ENTRY_STATED | PRESS | EXIT,,,,EXIT,ENTRY_STATED+PRESS_OBSERVED,,0,0,,,NO,NO,0,0,YES,READY,GCTK_2026-09-24,ENTRY: الدخولُ «بالملي» مع شمعة الضغط (3.60) — الجاهزيّةُ عند شمعة ضغط المضارب | VALIDITY: صاعدُ الافتر: دعمُ البري (3.12) كسرُه = فشل | PATTERN: فنّيًّا يهبط أوّلَ البري (3.50 على الأقلّ) ثمّ يرجع يصعد,"entry with the pressure candle during the after-hours of 2026-09-23, exit in overnight trading +15% — an executed trade, not a readiness label · pressure described as having occurred",Faisal post (device 1:18; bottom date partly cut «…2026/9/24») quoting his post «10 س» = TG_57891 printed 2026/9/24 2:26 ص,SOURCE_TEXT,HIGH,
SEf0d4602d7c,GCTK,VISIBLE,EP0082,TG_57890,s2,faisal_images/TG_57890.jpg,quoted X post,F,EYE_VERIFIED,F,1,2026/9/24 2:26 ص,2026-09-23 19:26 NY,2026-09-30,EXACT_PRINTED,2026-09-24,2026-09-24,,السهم الصاعد 130٪ بالافتر / - / الدعوم للبري 3.12 كسرها = فشل,,EYE_2026-10-09,دخولنا بالملي مع شمعة الضغط اثناء التحليل 3.60 · خروج بالتداول الليلي 15٪ · فنيا يهبط اول مايفتح البري 3.50 اقل حاجه ويرجع يصعد · هذا صعد مباشره ل 5 · لذلك ما لحقته راحت 40٪ 🤷‍♂️ ‖ السهم الصاعد 130٪ بالافتر · الدعوم للبري 3.12 كسرها = فشل,TG_57891,,,«فشل»,INVALID,,,,INVALID,,,0,0,,,NO,NO,0,0,YES,READY,GCTK_2026-09-24,ENTRY: الدخولُ «بالملي» مع شمعة الضغط (3.60) — الجاهزيّةُ عند شمعة ضغط المضارب | VALIDITY: صاعدُ الافتر: دعمُ البري (3.12) كسرُه = فشل | PATTERN: فنّيًّا يهبط أوّلَ البري (3.50 على الأقلّ) ثمّ يرجع يصعد,validity rule for the pre-market,Faisal post (device 1:18; bottom date partly cut «…2026/9/24») quoting his post «10 س» = TG_57891 printed 2026/9/24 2:26 ص,SOURCE_TEXT,HIGH,
SEf88ebfd92c,GCTK,V4,EP0082,TG_57891,v4,faisal_images/TG_57891.jpg,tweet+charts,F,VISIBLE,UNIT_AUTHOR (per-quote speaker not verified),1,2026/9/24 2:26 ص,2026-09-23 19:26 NY,,EXACT_PRINTED,2026-09-24,2026-09-24,,السهم الصاعد 130٪ بالافتر · الدعوم للبري 3.12 كسرها = فشل ‖ mo mo UwU ‖ ممكن توضح شويه في تداولاتك للمبتداء 🙂,,V4_TRANSCRIPTION,,,,,«فشل»,INVALID,,,,INVALID,,,0,0,,,NO,NO,0,0,YES,UNKNOWN,GCTK_2026-09-24,VALIDITY: صاعدُ الافتر ‏+130%: دعمُ البري 3.12 — كسرُه = فشل,,,SOURCE_TEXT,MEDIUM,
SE39f70cc3fd,GCTK,V4,EP0083,TG_57914,v4,faisal_images/TG_57914.jpg,app_panel,APP,VISIBLE,UNIT_AUTHOR (per-quote speaker not verified),0,2026-09-25,,,RECORDED_UNVERIFIED,2026-09-25,2026-09-28,,اختبار ناجح · بعيد عن الدعم ‖ ✓ أسفل جميع EMA ‖ انتظار إعادة الاختبار · ممتاز 0–5% ‖ ✓ أسفل جميع EMA,,V4_TRANSCRIPTION,,,,,«انتظار»,WAIT,,,,,,NON_FAISAL,0,0,,,NO,NO,0,0,YES,WAIT,,APP_RULE: نطاقُ «ممتاز» عند التطبيق: السعرُ ضمن 0-5% فوق الدعم · و«بعيد» فوق 15%,,,APP_THIRD_PARTY,NOT_FAISAL,
SEc633bf0661,GRI,V4,EP0084,TG_2105,v4,faisal_images/TG_2105.jpg,chart,F,CATALOG_ATTRIBUTION,UNIT_AUTHOR (per-quote speaker not verified),1,2026-04-2x,,,BOUNDED,2026-04-20,2026-04-30,,,,V4_TRANSCRIPTION,,,,,,,,,,,,UNKNOWN,0,0,,,NO,NO,0,1,NO_BARS,NONE,,,,,CHART_ONLY,LOW,
SEf496c621f1,GRI,V4,EP0085,X_20260918_26_GRI,v4,faisal_images/X_20260918_26_GRI.jpg,tweet+app,F,VISIBLE,UNIT_AUTHOR (per-quote speaker not verified),1,2026-09-08,,,RECORDED_UNVERIFIED,2026-09-08,2026-09-09,,2 س ‖ ماذا يعني كسر رقم معين = فشل السهم · - · المحللين الفاهمين والشركات والمؤسسات الماليه يراقبون الشموع اليابانيه · ماذا تعني الشموع اليابانيه = تعني هبوط السهم او صعوده باختصار · - · ثبات = صعود · كسر = هبوط · - · كسر شمعة الدعم الجميع يتخارج يهبط السهم · - · من يثبت السهم عن كسر الدعم فقط المضارب · يضع طلبات يحافظ ع مناطق السهم عن الهبوط · - · مضارب يرفع يده عن السهم يهبط باختصار,,V4_TRANSCRIPTION,,,,,«فشل» | «راقبون» | «طلبات»,INVALID | MONITOR | ENTRY_PLAN,,,,MONITOR+ENTRY_PLAN+INVALID,,,0,0,,,NO,NO,0,0,NO_BARS,NONE,,INVALIDATION: كسرُ رقمٍ معيّن = فشلُ السهم · «ثبات = صعود · كسر = هبوط» | INVALIDATION: كسرُ شمعة الدعم ⟵ الجميعُ يتخارج فيهبط السهم | CONFIRMATION: مَن يُثبّت السهمَ عن كسر الدعم فقط المضارب: يضع طلباتٍ تحافظ على مناطق السهم | INVALIDATION: مضاربٌ يرفع يدَه عن السهم ⟵ يهبط,,,SOURCE_TEXT,MEDIUM,
SE0a720d5047,GWAV,V4,EP0086,TG_1902,v4,faisal_images/TG_1902.jpg,app_chart_annot,F,CATALOG_ATTRIBUTION,UNIT_AUTHOR (per-quote speaker not verified),1,2026-06-16,,,RECORDED_UNVERIFIED,2026-06-16,2026-06-17,,شمعة هبوط المضارب بعد رفعه ‖ هبوط RSI من المضارب,,V4_TRANSCRIPTION,,,,,,,,,,,,UNKNOWN,0,0,,,NO,NO,0,0,YES,NONE,,INFO: المضارب يرفع ثمّ يُسقط بشمعة هبوط (وRSI يهبط معها),,,SOURCE_TEXT,LOW,
SE9c2757d016,GWAV,V4,EP0087,TG_1869,v4,faisal_images/TG_1869.jpg,chart,F,CATALOG_ATTRIBUTION,UNIT_AUTHOR (per-quote speaker not verified),1,2026-06-2x,,,BOUNDED,2026-06-22,2026-06-30,,,,V4_TRANSCRIPTION,,,,,,,,,,,,UNKNOWN,0,0,,,NO,NO,0,1,YES,NONE,,,,,CHART_ONLY,LOW,
SEaa8877d054,GWAV,V4,EP0087,TG_1892,v4,faisal_images/TG_1892.jpg,tweet,F,VISIBLE_OCR,UNIT_AUTHOR (per-quote speaker not verified),1,2026-06-2x,,,BOUNDED,2026-06-22,2026-06-30,,تم تهييض السهم 4 مرات ويهبط فيه المضارب · الصوره باللون الاسود برنامج خاص اشتراكه الشهري الف دولار لايناسب الا المحللين · سهم امريكي - خدمات بيئه … شورت 20 الف - فلوت 778 الف - اخباره: اشعار من ناسداك عشان التاخر فالسداد 28/5 - عدم امتثال لناسداك 22/4 - ارتفاع الايرادات … اعلان تقسيم في 20/8/2025,,V4_TRANSCRIPTION,,,,,,,,,,,,UNKNOWN,0,0,,,NO,NO,0,0,YES,UNKNOWN,,INFO: تهييضٌ متكرّر ثمّ هبوطٌ = سلوكُ مضاربٍ يُصرّف,,,SOURCE_TEXT,MEDIUM,
SE12dd4ba826,GWAV,V4,EP0087,TG_1903,v4,faisal_images/TG_1903.jpg,chart,F,CATALOG_ATTRIBUTION,UNIT_AUTHOR (per-quote speaker not verified),1,2026-06-2x,,,BOUNDED,2026-06-22,2026-06-30,,,,V4_TRANSCRIPTION,,,,,,,,,,,,UNKNOWN,0,0,,,NO,NO,0,1,YES,NONE,,,,,CHART_ONLY,LOW,
SE9a24840f74,GWAV,V4,EP0087,TG_2022,v4,faisal_images/TG_2022.jpg,app_chart,F,CATALOG_ATTRIBUTION,UNIT_AUTHOR (per-quote speaker not verified),1,2026-06-2x,,,BOUNDED,2026-06-22,2026-06-30,,,,V4_TRANSCRIPTION,,,,,,,,,,,,UNKNOWN,0,0,,,NO,NO,0,1,YES,NONE,,,,,CHART_ONLY,LOW,
SE6c21e11750,GWAV,V4,EP0087,TG_2025,v4,faisal_images/TG_2025.jpg,chart,F,CATALOG_ATTRIBUTION,UNIT_AUTHOR (per-quote speaker not verified),1,2026-06-2x,,,BOUNDED,2026-06-22,2026-06-30,,,,V4_TRANSCRIPTION,,,,,,,,,,,,UNKNOWN,0,0,,,NO,NO,0,1,YES,NONE,,,,,CHART_ONLY,LOW,
SEf72a8d2d5a,GWAV,V4,EP0087,TG_2030,v4,faisal_images/TG_2030.jpg,tweet+chart,F,VISIBLE_OCR,UNIT_AUTHOR (per-quote speaker not verified),1,2026-06-2x,,,BOUNDED,2026-06-22,2026-06-30,,سهم $GWAV حقق ادنى قاع اليوم · التقرير من عبدالرحمن · امريكي - خدمات بيئه ومرافق واعادة تدوير المواد المعدنية - شورت 30 الف - فلوت 778 الف - اخباره : اشعار من ناسداك عشان التاخر فالسداد 28/5 - عدم امتثال لناسداك 22/4 - ارتفاع الايرادات وصلت 12 مليون 7/3 - اعلان ربحية … 8.98 دولار 6/2 - خطاب من ناسداك لتحديد عدد الموظفين 21/11/2025 - اعلان تقسيم في 20/8/2025,,V4_TRANSCRIPTION,,,,,,,,,,,,UNKNOWN,0,0,,,NO,NO,0,0,YES,UNKNOWN,,,,,SOURCE_TEXT,MEDIUM,
SEa4db175f8e,HAO,V4,EP0088,TG_50817,v4,faisal_images/TG_50817.jpg,tweet+charts,F,VISIBLE,UNIT_AUTHOR (per-quote speaker not verified),1,2026/9/23 1:53 م,2026-09-23 06:53 NY,,EXACT_PRINTED,2026-09-23,2026-09-23,,الفرق بين سيوله مضارب يصعد 200٪ · وسيوله افراد توصيات · ضغط من المضارب 4 الى 2.20 خساره 50٪,,V4_TRANSCRIPTION,,,,,«ضغط»,PRESS,,,,PRESS_MENTION,,,0,0,,,NO,NO,0,0,NO_BARS,NONE,,CONTEXT: سيولةُ المضارب ⟵ صعودٌ ‏+200% (WHLR) · وسيولةُ «أفراد التوصيات» ⟵ يضغطها المضاربُ من 4 إلى 2.20 (‏≈−45% «خسارة 50٪» — HAO),,,SOURCE_TEXT,MEDIUM,
SEc16e80ec94,HCAI,V4,EP0089,TG_2007,v4,faisal_images/TG_2007.jpg,chart,F,CATALOG_ATTRIBUTION,UNIT_AUTHOR (per-quote speaker not verified),1,2026-04-30,,,RECORDED_UNVERIFIED,2026-04-30,2026-05-01,,,,V4_TRANSCRIPTION,,,,,,,,,,,,UNKNOWN,0,0,,,NO,NO,0,1,YES,NONE,,,,,CHART_ONLY,LOW,
SE1affd99db5,HCAI,V4,EP0089,TG_2008,v4,faisal_images/TG_2008.jpg,chart,F,CATALOG_ATTRIBUTION,UNIT_AUTHOR (per-quote speaker not verified),1,2026-05-01,,,RECORDED_UNVERIFIED,2026-05-01,2026-05-04,,,,V4_TRANSCRIPTION,,,,,,,,,,,,UNKNOWN,0,0,,,NO,NO,0,1,YES,NONE,,,,,CHART_ONLY,LOW,
SEe4012ae343,HCAI,V4,EP0089,TG_2009,v4,faisal_images/TG_2009.jpg,chart,F,CATALOG_ATTRIBUTION,UNIT_AUTHOR (per-quote speaker not verified),1,2026-05-01,,,RECORDED_UNVERIFIED,2026-05-01,2026-05-04,,,,V4_TRANSCRIPTION,,,,,,,,,,,,UNKNOWN,0,0,,,NO,NO,0,1,YES,NONE,,,,,CHART_ONLY,LOW,
SEa315255292,HCWB,VISIBLE,EP0090,X_20260827_amix_hcwb_ready,s1,faisal_images/X_20260827_amix_hcwb_ready.jpg,X post text,F,EYE_VERIFIED,F,1,2026-08-2x,,2026-08-26,BOUNDED,2026-08-20,2026-08-31,statement undated in the image; V4 unit date used,هذي مؤشرات السهم قبل يصعد / لذلك نجح التحليل بتوفيق الله / حقق السهم 200% / - / Hcwb تم تسريبه من ضعاف النفوس / ننتظر ضغط المضارب لتحقيق الاجابية,,EYE_2026-10-09,١٠ س ‖ هذي مؤشرات السهم قبل يصعد · لذلك نجح التحليل بتوفيق الله · حقق السهم 200% · - · Hcwb تم تسريبه من ضعاف النفوس · ننتظر ضغط المضارب لتحقيق الاجابية ‖ ستوك ‖ Amix · جاهز جدا · لو بس يضرب 4.70 ويرتد ممتاز نركب · هدفه 9 فوقها ممكن 11 ‖ عندنا سهمين حاهزه · Amix · Hcwb ‖ عموما وقفنا 4.60 · دخولنا دفعات من 4.85 < 4.75 < 4.65 · - · لازم يضغطه تحت 5 والله اعلم · او نركب معه اذا صعد,,,,«ننتظر» | «ضغط»,WAIT | PRESS,,,,WAIT+WAIT_FOR_PRESS,,,0,0,,,NO,NO,0,0,YES,MULTI,,ENTRY: دخولٌ بدفعاتٍ عند الدعم 4.65-4.85 (الأسود 4.71) ووقفٌ 4.60 تحت أدنى دفعة | CONFIRMATION: «لو بس يضرب 4.70 ويرتد ممتاز نركب» — لمسُ الدعم ثمّ الارتداد | PRESS: «لازم يضغطه تحت 5» — توقّعُ ضغطٍ من المضارب قبل الصعود | ENTRY: بديلٌ: الركوبُ مع الصعود إن لم يضغط | TARGET: الهدف 9 (الأسود 9.24) ثمّ 11 ممكن | CONTEXT: «هذي مؤشرات السهم قبل يصعد»: FSTO قرب الصفر (0.67/8.06) وCCI ‏−82.75 | WAIT: ال,AMIX: retrospective (indicators before the rise); HCWB: waiting for operator pressure · waits for operator pressure (not observed),"Faisal post («10 س» relative, no absolute date) with his group-chat screenshot «ستوك» (outgoing green bubbles = the phone owner) and an AMIX daily chart (After Hours 5.27)",SOURCE_TEXT,HIGH,statement undated in the image; V4 unit date used
SE09494aa3c9,HCWB,V4,EP0090,X_20260827_hcwb_leak_read,v4,faisal_images/X_20260827_hcwb_leak_read.png,tweet+chart,F,INFERRED_CROPPED,UNIT_AUTHOR (per-quote speaker not verified),1,2026-08-2x,,,BOUNDED,2026-08-20,2026-08-31,,… من شرب السهم لايفهم معنى التحليل فقط صعود افراد بالسهم 20٪ وهبوط السهم مره اخرى · - · بين القوسين كانت قراءة السهم واجابية تشبع البيع · مسار السهم عرضي جميل بدون ارتفاعات · يؤخذ طلب وانتظار مضارب يضخ سيوله لرفع السهم · - · ذكرت لايعنيني خراب سهم السوق مليان اسهم · لكن فقط التخريب يضر من كان متواجد بالسهم · صعدو فيه ل 2.88 باع من صعد فيه وربح 500 دولار · مسار السهم كان جميل من 2.15 ل 2.30 · فجواته عاليه · تم رفعه 50 سنت 20٪ وهبط,,V4_TRANSCRIPTION,,,,,«انتظار»,WAIT,,,,WAIT,,,0,0,«ذكرت»,,NO,NO,0,0,YES,NONE,HCWB_2026-08-24,CONTEXT: تشبّعُ البيع في المؤشّرات (القوسان) قراءةٌ إيجابيّة | STRUCTURE: مسارٌ عرضيٌّ هادئ بلا ارتفاعات (2.15-2.30) = جميل | ENTRY: «يؤخذ طلب وانتظار مضارب يضخ سيوله لرفع السهم» — طلبٌ في القاعدة ثمّ انتظارُ المضارب | INVALIDATION: رفعُ أفرادٍ ‏+20% ثمّ هبوطٌ = تخريب (تسريب) · «لايعنيني خراب سهم السوق مليان اسهم»,,,SOURCE_TEXT,LOW,
SE25503259e5,HCWB,V4,EP0090,X_20260828_09,v4,faisal_images/X_20260828_09.jpg,edu_post+chart,EDU,VISIBLE_CHANNEL,UNIT_AUTHOR (per-quote speaker not verified),0,2026-08-2x,,,BOUNDED,2026-08-20,2026-08-31,,قناة تعليمية ‖ سبق حللته البعض يسأل عنه الان · - · اختبر المقاومه اليوم بربح 50٪ مجمل · - · دعومه الان 2.60 · 2.90 · الان اختبر 2.89 بالافتر · - · اختراق 3.26 بسيوله ممكن يواصل · - · كم الدخول الاهم,,V4_TRANSCRIPTION,,,,,«الدخول»,ENTRY_PLAN,,,,,,NON_FAISAL,0,0,,,NO,NO,0,0,YES,WAIT,HCWB_2026-08-2x_edu,CONFIRMATION: (طرفٌ ثالث) اختراقُ 3.26 بسيولة ⟵ ممكن يواصل | S/R: (طرفٌ ثالث) دعومُه الآن 2.60 و2.90,,,NON_FAISAL,NOT_FAISAL,
SE4ca93b1190,HCWB,V4,EP0090,X_20260828_10,v4,faisal_images/X_20260828_10.jpg,chart_photo,EDU,VISIBLE_CHANNEL,UNIT_AUTHOR (per-quote speaker not verified),0,2026-08-2x,,,BOUNDED,2026-08-20,2026-08-31,,,,V4_TRANSCRIPTION,,,,,,,,,,,,NON_FAISAL,0,0,,,NO,NO,0,1,YES,NONE,,,,,NON_FAISAL,NOT_FAISAL,
SE59c1518ea4,HCWB,VISIBLE,EP0090,X_20260827_amix_hcwb_ready,s3,faisal_images/X_20260827_amix_hcwb_ready.jpg,"group chat (embedded, outgoing) 1:47 ص",F,EYE_VERIFIED,F,1,chat 1:47 ص (date not shown),,2026-08-26,DERIVED_INFERRED,2026-08-24,2026-08-24,,عندنا سهمين حاهزه / Amix / Hcwb,,EYE_2026-10-09,١٠ س ‖ هذي مؤشرات السهم قبل يصعد · لذلك نجح التحليل بتوفيق الله · حقق السهم 200% · - · Hcwb تم تسريبه من ضعاف النفوس · ننتظر ضغط المضارب لتحقيق الاجابية ‖ ستوك ‖ Amix · جاهز جدا · لو بس يضرب 4.70 ويرتد ممتاز نركب · هدفه 9 فوقها ممكن 11 ‖ عندنا سهمين حاهزه · Amix · Hcwb ‖ عموما وقفنا 4.60 · دخولنا دفعات من 4.85 < 4.75 < 4.65 · - · لازم يضغطه تحت 5 والله اعلم · او نركب معه اذا صعد,,«حاهزه»,READY,,,,,READY,,,,0,0,,,NO,NO,0,0,YES,MULTI,,ENTRY: دخولٌ بدفعاتٍ عند الدعم 4.65-4.85 (الأسود 4.71) ووقفٌ 4.60 تحت أدنى دفعة | CONFIRMATION: «لو بس يضرب 4.70 ويرتد ممتاز نركب» — لمسُ الدعم ثمّ الارتداد | PRESS: «لازم يضغطه تحت 5» — توقّعُ ضغطٍ من المضارب قبل الصعود | ENTRY: بديلٌ: الركوبُ مع الصعود إن لم يضغط | TARGET: الهدف 9 (الأسود 9.24) ثمّ 11 ممكن | CONTEXT: «هذي مؤشرات السهم قبل يصعد»: FSTO قرب الصفر (0.67/8.06) وCCI ‏−82.75 | WAIT: ال,explicit readiness for two named stocks («حاهزه» = typo of جاهزه) · readiness/stage vocabulary (READY),"Faisal post («10 س» relative, no absolute date) with his group-chat screenshot «ستوك» (outgoing green bubbles = the phone owner) and an AMIX daily chart (After Hours 5.27)",SOURCE_TEXT,HIGH,
SE5e38c49917,HCWB,VISIBLE,EP0090,X_20260827_amix_pressure_497,s2,faisal_images/X_20260827_amix_pressure_497.png,"group chat (embedded, outgoing) 1:47 ص",F,EYE_VERIFIED,F,1,chat 1:47 ص,,2026-08-26,DERIVED_INFERRED,2026-08-24,2026-08-24,,عندنا سهمين حاهزه / Amix / Hcwb,,EYE_2026-10-09,الضغط حصل 4.97 ⟋⟋⟋⟋ الحق الزخم الحق المحللين بمنصة سهم ‖ ستوك ‖ عندنا سهمين حاهزه · Amix · Hcwb ‖ عموما وقفنا 4.60 · دخولنا دفعات من 4.85 < 4.75 < 4.65 · - · لازم يضغطه تحت 5 والله اعلم ‖ Amix · 4.88 · دعومه الاساسيه,X_20260827_amix_hcwb_ready:s3,«حاهزه»,READY,,,,,READY,,,,0,0,,,NO,NO,0,0,YES,NONE,AMIX_2026-08-24,PRESS: الضغطُ المتوقَّع «تحت 5» حصل عند 4.97 ثمّ «الحق الزخم» | S/R: «4.88 دعومه الاساسيه» (خطٌّ أسود يُسمّى دعمًا),same message re-shown · readiness/stage vocabulary (READY),"Faisal post printed «11:10 م · 2026/8/24 · 4 ألف» with the same group-chat screenshot (11:08): messages 1:47 ص and 1:50 ص, then an AMIX chart message «Amix 4.88 دعومه الاساسيه»",SOURCE_TEXT,HIGH,
SE8a45ae8e9d,HCWB,VISIBLE,EP0090,X_20260827_hcwb_leak_close_dm,s1,faisal_images/X_20260827_hcwb_leak_close_dm.png,X post text,F,EYE_VERIFIED,F,1,post after 2026-08-24 04:21:57 EDT (attached quote) and ≈1 h before a 12:48 device clock,,2026-08-26,EXACT_DERIVED,2026-08-24,2026-08-24,,البعض ارسلت له السهم هذا خاص / ربما نشره او تمسكن لين تمكن / - / السهم فنيا كان جاهز من اسهمي الخاصه / هذي شمعة ضعاف النفوس / - / لذلك نرجع نقفل الخاص مره اخرى / فقط نستمر مع عبدالرحمن / - / لاحد يعاتبنا ويشره علينا / ويفتح على نفسه من الريع بيبان,,EYE_2026-10-09,1 س ‖ البعض ارسلت له السهم هذا خاص ربما نشره او تمسكن لين تمكن · - · السهم فنيا كان جاهز من اسهمي الخاصه · هذي شمعة ضعاف النفوس · - · لذلك نرجع نقفل الخاص مره اخرى فقط نستمر مع عبدالرحمن · - · لاحد يعاتبنا ويشره علينا ويفتح على نفسه من الريع بيبان,,«جاهز»,READY,,,,,READY,,,,1,1,«كان جاهز»,«كان جاهز»,NO,RECALLED_EARLIER_STATE,1,0,YES,NONE,HCWB_2026-08-24,READY: «السهم فنيا كان جاهز من اسهمي الخاصه» — الجاهزيّةُ الفنّيّة قبل التسريب | INVALIDATION: شمعةُ التسريب («شمعة ضعاف النفوس») قفزةٌ من الأفراد لا دخولُ مضارب,technical readiness stated in the past tense («كان جاهز») and a leak candle in the 08-24 pre-market · readiness/stage vocabulary (READY) — qualified technical — refers to an earlier time,Faisal post «1 س» (device 12:48); attached HCWB app quote «24/08-04:21:57 EDT قبل الافتتاح» 2.18,SOURCE_TEXT,HIGH,
SE128bc38513,HCWB,V4,EP0090,X_20260828_11,v4,faisal_images/X_20260828_11.jpg,app_photo,EDU,VISIBLE_CHANNEL,UNIT_AUTHOR (per-quote speaker not verified),0,2026-08-28,,,RECORDED_UNVERIFIED,2026-08-28,2026-08-31,,مجرد تكبر الصفحه تحط لاين عرضي…,,V4_TRANSCRIPTION,,,,,,,,,,,,NON_FAISAL,0,0,,,NO,NO,0,0,YES,NONE,,,,,NON_FAISAL,NOT_FAISAL,
SE9b2b1935a6,HCWB,V4,EP0090,X_20260828_12,v4,faisal_images/X_20260828_12.jpg,edu_post+app,EDU,VISIBLE_CHANNEL,UNIT_AUTHOR (per-quote speaker not verified),0,2026-08-28,,,RECORDED_UNVERIFIED,2026-08-28,2026-08-31,,قناة تعليمية ‖ مجرد تكبر الصفحه تحط لاين عرضي تحركه بيدك يوقف ع المقاومه · 3.59 · - · لو تحرر منها تعطيه اهداف اعلى · 4 · 4.20 · 5 · الاعلى القريب 6.44 · الان سيوله ضعيفه · - · عندك صبر انتظر الافتر · السهم امس داخلينه 3 · واليوم نزل 3.05,,V4_TRANSCRIPTION,,,,,«انتظر»,WAIT,,,,,,NON_FAISAL,0,0,,,NO,NO,0,0,YES,WAIT,HCWB_2026-08-2x_edu,S/R: (طرفٌ ثالث) المقاومةُ تُعرف بخطٍّ أفقيٍّ يُحرَّك باليد حتى يقف عليها (3.59) | TARGET: (طرفٌ ثالث) التحرّرُ منها يعطي أهدافًا أعلى 4 · 4.20 · 5 · والأعلى القريب 6.44 | WAIT: (طرفٌ ثالث) السيولةُ ضعيفة · «عندك صبر انتظر الافتر» | INFO: (طرفٌ ثالث) «السهم امس داخلينه 3 واليوم نزل 3.05»,,,NON_FAISAL,NOT_FAISAL,
SE5ad598f34f,HCWB,V4,EP0090,X_20260828_13,v4,faisal_images/X_20260828_13.jpg,edu_post+app,EDU,VISIBLE_CHANNEL,UNIT_AUTHOR (per-quote speaker not verified),0,2026-08-28,,,RECORDED_UNVERIFIED,2026-08-28,2026-08-31,,لو يشيله بالافتر بشمعه ‖ تحليل السهم مفصل فوق ‖ اهم شي يثبت فوق خط فيواب دعم الان له 3.19 فيواب,,V4_TRANSCRIPTION,,,,,,,,,,,,NON_FAISAL,0,0,,,NO,NO,0,0,YES,WAIT,HCWB_2026-08-2x_edu,VALIDITY: (طرفٌ ثالث) أهمُّ شيءٍ أن يثبت فوق خطّ الـVWAP — الدعمُ الآن 3.19,,,NON_FAISAL,NOT_FAISAL,
SE1b0635af9e,HCWB,V4,EP0090,X_20260828_14,v4,faisal_images/X_20260828_14.jpg,edu_post+app,EDU,VISIBLE_CHANNEL,UNIT_AUTHOR (per-quote speaker not verified),0,2026-08-28,,,RECORDED_UNVERIFIED,2026-08-28,2026-08-31,,اهم مرحله 3.60 يتحرر منها,,V4_TRANSCRIPTION,,,,,,,,,,,,NON_FAISAL,0,0,,,NO,NO,0,0,YES,WAIT,HCWB_2026-08-2x_edu,CONFIRMATION: (طرفٌ ثالث) «اهم مرحله 3.60 يتحرر منها»,,,NON_FAISAL,NOT_FAISAL,
SEe8fd056122,HODO,V4,EP0091,TG_1821,v4,faisal_images/TG_1821.jpg,dm,FA,VISIBLE,UNIT_AUTHOR (per-quote speaker not verified),0,2026-07-19,,,RECORDED_UNVERIFIED,2026-07-20,2026-07-20,,ممتاز بشرط ما يكسر 2.40 Inlf ‖ الباقي شورتها مرتفع شوي ‖ توه مقسم مانجرم بطلوعه Rbne ‖ تاكد مافيه قروبات,,V4_TRANSCRIPTION,,,,,,,,,,,,NON_FAISAL,0,0,,,NO,NO,0,0,YES,MULTI,,REJECT: الشورت (المتاح) مرتفع ⟵ لا | REJECT: مقسّمٌ للتوّ ⟵ لا نجزم بصعوده | WAIT: تأكّد ما فيه قروبات,,,NON_FAISAL,NOT_FAISAL,
SE6cb8fa43fd,HODO,V4,,TG_1818,v4,faisal_images/TG_1818.jpg,reply+dm,F,VISIBLE_OCR,UNIT_AUTHOR (per-quote speaker not verified),1,2026-07-19~,,,AMBIGUOUS,,,,من 2.40 ل 7 · 200٪ · سهم مادخلته ولاحللته · احد المتابعين مع عبدالرحمن,,V4_TRANSCRIPTION,,,,,«مادخلته»,NO_ENTRY,,,,NO_ENTRY,,,0,0,,,NO,NO,0,0,UNKNOWN,NONE,,,,,SOURCE_TEXT,MEDIUM,
SE57738c6e4d,HTCO,V4,EP0092,IMG_8242,v4,faisal_images/IMG_8242.jpeg,tweet,F,INFERRED_CROPPED,UNIT_AUTHOR (per-quote speaker not verified),1,2026-06,,,BOUNDED,2026-06-01,2026-07-01,,$HTCR · 2.50 قاع · ارتداد تمت + اختبار مقاومات تمت · 50٪ تمت بصعود اول ✅ · - · انتظار اختبار دعم او سحب سيوله 2 < 2.30 · - · تقرير من @user · سهم htco ياباني - تطوير البرمجيات من خلال منصتين تجربة العملاء والتحول الرقمي - قسم 6/4 افتتاح 3.72 - اعلى 4.58 - شورت 20 الف - فلوت 541 الف - اخباره : تحقيق ربحية فالسهم 1.49 تاريخ 15/5 - استعادة امتثال 22/4 - تحقيق ربحية فالسهم 0.05 تاريخ 1/4 - برنامج اعادة شراء اسهم بقيمة 2مليون تاريخ 24/2 - توقع الايرادات بين 8.5 الى 9.5 مليون تاريخ 11/2,,V4_TRANSCRIPTION,,,,,«انتظار»,WAIT,,,,WAIT,,,0,0,,,NO,NO,0,0,YES,WAIT,HTCR_2026-06,STRUCTURE: قاعٌ 2.50 ⟵ ارتدادٌ واختبارُ مقاومات (تمّ · ‏+50% في الصعود الأوّل) | WAIT: «انتظار اختبار دعم او سحب سيوله 2 < 2.30» (8-20% تحت القاع) | CONTEXT: (FA) بطاقة: يابانيّ · تقسيمٌ 6/4 افتتاح 3.72 أعلى 4.58 · شورت 20 ألفًا · فلوت 541 ألفًا · ربحيّةٌ واستعادةُ امتثالٍ وإعادةُ شراء,,,SOURCE_TEXT,LOW,
SE207dc80ce9,HTCR,V4,EP0093,IMG_8242,v4,faisal_images/IMG_8242.jpeg,tweet,F,INFERRED_CROPPED,UNIT_AUTHOR (per-quote speaker not verified),1,2026-06,,,BOUNDED,2026-06-01,2026-07-01,,$HTCR · 2.50 قاع · ارتداد تمت + اختبار مقاومات تمت · 50٪ تمت بصعود اول ✅ · - · انتظار اختبار دعم او سحب سيوله 2 < 2.30 · - · تقرير من @user · سهم htco ياباني - تطوير البرمجيات من خلال منصتين تجربة العملاء والتحول الرقمي - قسم 6/4 افتتاح 3.72 - اعلى 4.58 - شورت 20 الف - فلوت 541 الف - اخباره : تحقيق ربحية فالسهم 1.49 تاريخ 15/5 - استعادة امتثال 22/4 - تحقيق ربحية فالسهم 0.05 تاريخ 1/4 - برنامج اعادة شراء اسهم بقيمة 2مليون تاريخ 24/2 - توقع الايرادات بين 8.5 الى 9.5 مليون تاريخ 11/2,,V4_TRANSCRIPTION,,,,,«انتظار»,WAIT,,,,WAIT,,,0,0,,,NO,NO,0,0,YES,WAIT,HTCR_2026-06,STRUCTURE: قاعٌ 2.50 ⟵ ارتدادٌ واختبارُ مقاومات (تمّ · ‏+50% في الصعود الأوّل) | WAIT: «انتظار اختبار دعم او سحب سيوله 2 < 2.30» (8-20% تحت القاع) | CONTEXT: (FA) بطاقة: يابانيّ · تقسيمٌ 6/4 افتتاح 3.72 أعلى 4.58 · شورت 20 ألفًا · فلوت 541 ألفًا · ربحيّةٌ واستعادةُ امتثالٍ وإعادةُ شراء,,,SOURCE_TEXT,LOW,
SEf8dcc0e450,HTCR,V4,EP0093,TG_1874,v4,faisal_images/TG_1874.jpg,chart,F,CATALOG_ATTRIBUTION,UNIT_AUTHOR (per-quote speaker not verified),1,2026-06-2x,,,BOUNDED,2026-06-22,2026-06-30,,,,V4_TRANSCRIPTION,,,,,,,,,,,,UNKNOWN,0,0,,,NO,NO,0,1,YES,NONE,,,,,CHART_ONLY,LOW,
SE9092ab485d,HUBC,VISIBLE,,TG_2098,s1,faisal_images/TG_2098.jpg,"X post (undated, listed above a 2026/4/24 post)",F,EYE_VERIFIED,F,1,undated; refers to «الاسبوع الماضي»; ordered above a 2026/4/24 post in a Latest search,,2026-07-27,AMBIGUOUS,,,,الربح العالي يعتمد ع القراءة الفنيه بعد توفيق الله / 3 اسهم الاسبوع الماضي / 2 نجاح مجمل 400٪ / $ELPW / 200% / $ENVB / 150٪ / 1 فشل دخول وقف 7٪ واعطى دخول اخر ربح 40٪ / ✅ $HUBC,,EYE_2026-10-09,from:kisar_ elpw ‖ … الربح العالي يعتمد ع القراءة الفنيه … · 3 اسهم الاسبوع الماضي · 2 نجاح مجمل 400٪ · $ELPW 200% · $ENVB 150٪ · 1 فشل دخول وقف 7٪ واعطى دخول اخر ربح 40٪ ✅ $HUBC ‖ 1.57 تم التحليل قبل يومين · الان حقق 4.37 · 200٪ تقريبا · سونقات ربح 10 سنت ماعرفها … · $ELPW حقق جل الاهداف · المضارب يحقق اهدافه بناء ع شموع وخوارزميات,,,,«فشل» | «دخول» | «دخول»,INVALID | ENTRY_PLAN | ENTRY_PLAN,,,,ENTRY_PLAN+INVALID,,,0,0,,,NO,NO,0,0,UNKNOWN,NONE,,INVALIDATION: «فشل دخول وقف 7٪» ثمّ «اعطى دخول اخر» (إعادةُ دخولٍ بعد الوقف) ⟵ ربح 40% (HUBC) | INFO: ELPW من 1.57 إلى 4.37 (≈+180% ووصفه «200٪ تقريبا»),"HUBC: two executed entries last week (first stopped at −7%, second +40%) — recalled outcomes, dates unknown","search «from:kisar_ elpw» (Latest): top post undated; the post below is printed 2026/4/24 — the 2026/4/24 date belongs to the ELPW post, NOT to the HUBC line",SOURCE_TEXT,HIGH,
SEac94989695,HWH,V4,EP0094,TG_2103,v4,faisal_images/TG_2103.jpg,tweet,F,VISIBLE_OCR,UNIT_AUTHOR (per-quote speaker not verified),1,2025/8/6,,,EXACT_DATE_PRINTED,2025-08-06,2025-08-07,PRINTED 2025-08-06 vs RECORDED 2025-08-02,الحمدلله صفقات من الاحد ل الجمعه حققت 1000٪ · يوميا صفقتين الا اذا شي طارف · تداول افتر بري فقط · جميع ماينشر ليس توصيات · 1- $SMX 200% دخوله 3 مرات · 2- $FULC 40% · 3- $HWH 110% · 4- $SCNI 150% · 5- $MTEX 15% · 6- $FGF 20% · 7- $SNGX 300% · 8- $FIEE 50% · 9- $NAMM 100٪ · 10- $CRE مفتوحه · 11- $XCUR جديد ‖ ابو نواف,,V4_TRANSCRIPTION,,,,,«دخول»,ENTRY_PLAN,,,,ENTRY_PLAN,,,0,0,,,NO,NO,0,0,NO_BARS,NONE,,INFO: «يوميا صفقتين» · «تداول افتر بري فقط» (أغسطس 2025) · SMX «دخوله 3 مرات»,,,SOURCE_TEXT,MEDIUM,PRINTED 2025-08-06 vs RECORDED 2025-08-02
SEed840ce2f0,ICU,V4,,TG_20260905_03,v4,faisal_images/TG_20260905_03.jpg,dm,F,INFERRED_PHONE_OWNER,UNIT_AUTHOR (per-quote speaker not verified),1,,,,AMBIGUOUS,,,,Moha… KHALIDو A.Alghamdi ‖ سلوكه جدا مقارب zcmd · [مطموس] · وهبط فيه كسر الدعم · هذي حصلت ب zcmd قبل يوصل 700٪ بجلسه الافتر ‖ الان امضينا قرابة ساعه فقط نبي تعرف كيف نحلل السهم ونعرف سلوك المضارب · الاسهم علم دقيق ليست بالتمني · توفيق من الله قبل كل شي … ‖ كنا نتعب مثل هالتعب هذا نطرح التحليل بالعام للجميع ماذا حصل · Jz · Ezra · Icu · كلها لقطوها قروبات ع 20٪ وهبطت علينا ودخلنا من جديد,,V4_TRANSCRIPTION,,,,,«دخلنا»,ENTRY_EXECUTED,,,,,ENTRY_EXECUTED,,0,0,,,NO,NO,0,0,UNKNOWN,NONE,,PATTERN: كسرُ الدعم قبل الانفجار (ZCMD قبل 700% في جلسة الافتر) — سلوكُ مضاربٍ يُقارَن به | CONTEXT: القروباتُ تلقط السهم على ‏+20% ثمّ يهبط ⟵ دخولٌ من جديد (JZ · EZRA · ICU) — يوافق X_20260905_10 «لايهم حتى لو دخل قروب ورفعه 20٪»,,,SOURCE_TEXT,LOW,
SE1a6cb5afcb,ICU,V4,,TG_2097,v4,faisal_images/TG_2097.jpg,tweet,F,VISIBLE_OCR,UNIT_AUTHOR (per-quote speaker not verified),1,,,,AMBIGUOUS,,,,هذا ما اشير له دائما · مسح السيوله تصفية المراكز · ادنى شمعة يهبط لها السهم لمسح السيوله المتمركزه · مثال بالارقام · دعم السهم 2 السعر الحالي 2.80 · الهدف 4 = 100٪ · ماذا يفعل صانع السوق او المضارب او المؤسسه الماليه · هل تعتقد يرتفع من سعره الحالي ليحقق الهدف · لايمكن فعل ذلك · ABC لابد تتحقق · ضغط السهم بيع كميات ضرب وقف الخساره للمتمركزين بالسهم من 2.30 ل 2.70 · السهم هبط خروج الجميع · جمع الكميات من المضارب كامله · ضرب شمعة الدعم او كسرها · لن يبقى بالسهم الا قلة قليله … · صعود السهم بعد ذلك الكل متخوف منه ( عامل نفسي) لن يتم الدخول · تحقيق الهدف · حصل معنا في iCU وغيره من الاسهم,,V4_TRANSCRIPTION,,,,,«ضغط» | «خروج» | «الدخول»,PRESS | EXIT | ENTRY_PLAN,,,,ENTRY_PLAN+EXIT+PRESS_MENTION,,,0,0,,,NO,NO,0,0,UNKNOWN,NONE,,WAIT: سعرٌ بعيدٌ فوق الدعم (2.80 والدعم 2) لا يرتفع من مكانه إلى الهدف — «ABC لابد تتحقق»: ضغطٌ يضرب أوقاف المتمركزين (2.30-2.70) ويضرب شمعة الدعم أو يكسرها ثمّ الصعود | INFO: الهدف 4 = 100% محسوبًا من الدعم 2 (لا من السعر الحاليّ 2.80) | INFO: مسحُ السيولة = تصفيةُ المراكز عند أدنى شمعةٍ يهبط لها السهم,,,SOURCE_TEXT,MEDIUM,
SEcdc3b8279b,ICU,V4,,TG_2118,v4,faisal_images/TG_2118.jpg,chart,F,CATALOG_ATTRIBUTION,UNIT_AUTHOR (per-quote speaker not verified),1,,,,AMBIGUOUS,,,,,,V4_TRANSCRIPTION,,,,,,,,,,,,UNKNOWN,0,0,,,NO,NO,0,1,UNKNOWN,NONE,,,,,CHART_ONLY,LOW,
SE1a979265aa,IMCC,V4,EP0095,TG_50831,v4,faisal_images/TG_50831.jpg,tweet+quote,F,VISIBLE,UNIT_AUTHOR (per-quote speaker not verified),1,2026-09-24,,,RECORDED_UNVERIFIED,2026-09-24,2026-09-25,,اسهم الارتكاز · دمجت فيها 3 مدارس 1- وايكوف 2- اليوت 3- الكلاسيكي · - نظرية الشورت ميلر - · ستكون نظرية الارتكاز لاحقا باذن الله اسم علمي يرتبط بنا · الاسهم بدون شورت تتضخم لاسعار فلكيه · لذلك الشورت يحد من تضخم الاسعار ( قصة جيم ستوب ) · اهم عامل لسهم الارتكاز الشورت ‖ Not Big Show ‖ الاسبوع اللي فات احد الاخوان صاد imcc 300٪ والذيب هذا صاد jagx 300٪ …,,V4_TRANSCRIPTION,,,,,,,,,,,,UNKNOWN,0,0,,,NO,NO,0,0,YES,NONE,,PIPELINE: أسهمُ الارتكاز = وايكوف ‏+ إليوت ‏+ الكلاسيكيّ ‏+ «نظرية الشورت (ميلر)» | PRECONDITION: «أهمّ عامل لسهم الارتكاز الشورت» — الأسهمُ بلا شورت تتضخّم لأسعارٍ فلكيّة,,,SOURCE_TEXT,MEDIUM,
SE6b188fc18a,INHD,V4,EP0096,TG_1883,v4,faisal_images/TG_1883.jpg,chart,F,CATALOG_ATTRIBUTION,UNIT_AUTHOR (per-quote speaker not verified),1,2026-05-0x,,,BOUNDED,2026-05-01,2026-05-11,,,,V4_TRANSCRIPTION,,,,,,,,,,,,UNKNOWN,0,0,,,NO,NO,0,1,NO_BARS,NONE,,,,,CHART_ONLY,LOW,
SEddf8fe180b,INLF,V4,EP0097,TG_1821,v4,faisal_images/TG_1821.jpg,dm,FA,VISIBLE,UNIT_AUTHOR (per-quote speaker not verified),0,2026-07-19,,,RECORDED_UNVERIFIED,2026-07-20,2026-07-20,,ممتاز بشرط ما يكسر 2.40 Inlf ‖ الباقي شورتها مرتفع شوي ‖ توه مقسم مانجرم بطلوعه Rbne ‖ تاكد مافيه قروبات,,V4_TRANSCRIPTION,,,,,,,,,,,,NON_FAISAL,0,0,,,NO,NO,0,0,YES,MULTI,,REJECT: الشورت (المتاح) مرتفع ⟵ لا | REJECT: مقسّمٌ للتوّ ⟵ لا نجزم بصعوده | WAIT: تأكّد ما فيه قروبات,,,NON_FAISAL,NOT_FAISAL,
SE41a33ef1ac,INLF,V4,,TG_1818,v4,faisal_images/TG_1818.jpg,reply+dm,F,VISIBLE_OCR,UNIT_AUTHOR (per-quote speaker not verified),1,2026-07-19~,,,AMBIGUOUS,,,,من 2.40 ل 7 · 200٪ · سهم مادخلته ولاحللته · احد المتابعين مع عبدالرحمن,,V4_TRANSCRIPTION,,,,,«مادخلته»,NO_ENTRY,,,,NO_ENTRY,,,0,0,,,NO,NO,0,0,UNKNOWN,NONE,,,,,SOURCE_TEXT,MEDIUM,
SE80b3cee0d6,IPDN,V4,EP0098,TG_50830,v4,faisal_images/TG_50830.jpg,tweet+charts,F,VISIBLE,UNIT_AUTHOR (per-quote speaker not verified),1,2026-09-2x,,,BOUNDED,2026-09-21,2026-09-30,,اهم دعم 5:50 مايكسره · اهم مقاومه حقت الافتر الهدف 9 وعليها · فريم 5 دقايق · فريم 4 ساعات الاهداف مشروط بفريم 5 دقايق,,V4_TRANSCRIPTION,,,,,,,,,,,,UNKNOWN,0,0,,,NO,NO,0,0,YES,UNKNOWN,,VALIDITY: أهمُّ دعم 5.50 «مايكسره» | TARGET: أهمُّ مقاومةٍ للأفتر = الهدف 9 وما فوقه | TIMEFRAME: أهدافُ 4س مشروطةٌ بفريم 5 دقائق,,,SOURCE_TEXT,MEDIUM,
SEb25bfdb618,IPDN,V4,EP0098,TG_50833,v4,faisal_images/TG_50833.jpg,reply,F,VISIBLE,UNIT_AUTHOR (per-quote speaker not verified),1,2026/9/23 10:20 ص,2026-09-23 03:20 NY,,EXACT_PRINTED,2026-09-23,2026-09-23,,مساء الخير ابو بدر، سهم ipdn ارتفعت في الافتر، وثبت ماكسر دعمه ٦.١٥ واختبر تحتها مرتين ومباشره يرجع، متى يعتبر الدخول ايجابي في البري؟ وهل في مثل ذي الاسهم الاخذ من العرض او الطلب؟ ‖ اول البري نتابعه كم الضغط وكم الثبات,,V4_TRANSCRIPTION,,,,,«الدخول» | «نتابع» | «ضغط»,ENTRY_PLAN | MONITOR | PRESS,,,,MONITOR+ENTRY_PLAN+PRESS_MENTION,,,0,0,,,NO,NO,0,0,YES,WAIT,IPDN_2026-09-2x,WAIT: بعد صعود الافتر: أوّلَ البري يُتابَع «كم الضغط وكم الثبات» قبل الدخول,,,SOURCE_TEXT,MEDIUM,
SE23c9f21ec4,IXHL,V4,EP0099,TG_2013,v4,faisal_images/TG_2013.jpg,chart_drawn,F,CATALOG_ATTRIBUTION,UNIT_AUTHOR (per-quote speaker not verified),1,2026-03-2x,,,BOUNDED,2026-03-20,2026-03-30,,,,V4_TRANSCRIPTION,,,,,,,,,,,,UNKNOWN,0,0,,,NO,NO,0,1,NO_BARS,NONE,,,,,CHART_ONLY,LOW,
SE105e506c6e,IXHL,V4,EP0099,TG_2014,v4,faisal_images/TG_2014.jpg,app_chart,F,CATALOG_ATTRIBUTION,UNIT_AUTHOR (per-quote speaker not verified),1,2026-03-2x,,,BOUNDED,2026-03-20,2026-03-30,,,,V4_TRANSCRIPTION,,,,,,,,,,,,UNKNOWN,0,0,,,NO,NO,0,1,NO_BARS,NONE,,,,,CHART_ONLY,LOW,
SEfd5bf1cfa6,IXHL,V4,EP0099,TG_2015,v4,faisal_images/TG_2015.jpg,chart,F,CATALOG_ATTRIBUTION,UNIT_AUTHOR (per-quote speaker not verified),1,2026-03-3x,,,BOUNDED,2026-03-30,2026-04-01,,,,V4_TRANSCRIPTION,,,,,,,,,,,,UNKNOWN,0,0,,,NO,NO,0,1,NO_BARS,NONE,,,,,CHART_ONLY,LOW,
SEd638f59e28,JAGX,V4,EP0100,TG_50831,v4,faisal_images/TG_50831.jpg,tweet+quote,F,VISIBLE,UNIT_AUTHOR (per-quote speaker not verified),1,2026-09-24,,,RECORDED_UNVERIFIED,2026-09-24,2026-09-25,,اسهم الارتكاز · دمجت فيها 3 مدارس 1- وايكوف 2- اليوت 3- الكلاسيكي · - نظرية الشورت ميلر - · ستكون نظرية الارتكاز لاحقا باذن الله اسم علمي يرتبط بنا · الاسهم بدون شورت تتضخم لاسعار فلكيه · لذلك الشورت يحد من تضخم الاسعار ( قصة جيم ستوب ) · اهم عامل لسهم الارتكاز الشورت ‖ Not Big Show ‖ الاسبوع اللي فات احد الاخوان صاد imcc 300٪ والذيب هذا صاد jagx 300٪ …,,V4_TRANSCRIPTION,,,,,,,,,,,,UNKNOWN,0,0,,,NO,NO,0,0,YES,NONE,,PIPELINE: أسهمُ الارتكاز = وايكوف ‏+ إليوت ‏+ الكلاسيكيّ ‏+ «نظرية الشورت (ميلر)» | PRECONDITION: «أهمّ عامل لسهم الارتكاز الشورت» — الأسهمُ بلا شورت تتضخّم لأسعارٍ فلكيّة,,,SOURCE_TEXT,MEDIUM,
SE4ecc79052e,JDZG,V4,,TG_1976,v4,faisal_images/TG_1976.jpg,chart,F,CATALOG_ATTRIBUTION,UNIT_AUTHOR (per-quote speaker not verified),1,,,,AMBIGUOUS,,,,,,V4_TRANSCRIPTION,,,,,,,,,,,,UNKNOWN,0,0,,,NO,NO,0,1,UNKNOWN,NONE,,,,,CHART_ONLY,LOW,
SE9ed977f384,JDZG,V4,,TG_2525,v4,faisal_images/TG_2525.jpg,chart,F,CATALOG_ATTRIBUTION,UNIT_AUTHOR (per-quote speaker not verified),1,,,,AMBIGUOUS,,,,,,V4_TRANSCRIPTION,,,,,,,,,,,,UNKNOWN,0,0,,,NO,NO,0,1,UNKNOWN,NONE,,,,,CHART_ONLY,LOW,
SE7b77d0557d,JEM,V4,EP0101,IMG_0143,v4,faisal_images/IMG_0143.png,tp_post+wa+embedded_tweet,F,VISIBLE_EMBEDDED,UNIT_AUTHOR (per-quote speaker not verified),1,2026-07-23,,,RECORDED_UNVERIFIED,2026-07-23,2026-07-24,,شف وقت الرساله للقروب .... هذا قروب اخواني وبعض الاصدقاء .... ابو بدر مدرسة ما شاء الله تبارك الله ‖ قروب الاسهم ‖ يالربع ديفلت فرق دولارين ‖ ودي اعدل فيه · قبل يرتفع ‖ ٦٠ س ‖ ماهي نماذج الهبوط الاجابيه · 1- سهم مقسم متوسط 20> 30 > 50 · 2- قسمة قيمة اعلى شمعه صعد اول افتتاح بعد التقسيم على 2 > شرط ما تجاوز 20٪ اثناء الصعود · بمعنى سهم قسم اليوم فتح ع 5 وصل 5.50 > تقسم 5.50 على 2 = متوقع هبوطه عند 2.50 · مع مسح سيوله تصل عند 2 · مع هبوط شورت اقل من 50 الف · الهدف الشمعه الساقطه الاولى 5.50 = 100٪ · تجاوزها يحقق نسبه اعلى · الشرط عدم دخول قروبات فيه · دخول قروبات = هبوط اكثر يصل الى 1.70 ‖ اذا طبقنا على سهم jem · قيمة اعلى شمعة بعد التقسيم كانت ( 6:90 ) · اذا قسمناها على 2 · تطلع ٣:٤٥,,V4_TRANSCRIPTION,,,,,«دخول» | «دخول»,ENTRY_PLAN | ENTRY_PLAN,,,,ENTRY_PLAN,,,0,0,,,NO,NO,0,0,NO_BARS,NONE,,PATTERN: نماذجُ الهبوط الإيجابيّة: ① سهمٌ مقسّمٌ بمتوسّطات 20 > 30 > 50 | S/R: ② قيمةُ أعلى شمعةٍ بعد أوّل افتتاحٍ بعد التقسيم ÷ 2 = الهبوطُ المتوقَّع — بشرط ألّا يتجاوز الصعودُ 20٪ | PRESS: مع مسح سيولةٍ يصل دون ذلك (مثال: إلى 2) | CONTEXT: مع هبوط الشورت تحت 50 ألفًا | TARGET: الهدفُ الشمعةُ الساقطةُ الأولى (قمّةُ ما بعد التقسيم) = 100٪ · وتجاوزُها نسبةٌ أعلى | INVALIDATION: الشرطُ عدمُ دخول الق,,,SOURCE_TEXT,LOW,
SEe8aa762538,JEM,V4,EP0101,IMG_0144,v4,faisal_images/IMG_0144.png,tp_post,TP,VISIBLE,UNIT_AUTHOR (per-quote speaker not verified),0,2026/7/23 12:25 م,2026-07-23 05:25 NY,,EXACT_PRINTED,2026-07-23,2026-07-23,,@kisar_ تطبيق عملي لما تعلمته من ابو بدر 🌹: السهم بعد التقسيم · سعر الافتتاح 6.32 · أعلى قمة وصل لها 6.90 · حسب القاعدة 6.90 ÷ 2 = 3.45 · هبط السهم إلى سعر 3.40 · ومن 3:40 بدأ يعطي ارتدادا يقارب 35٪ حتى الآن · أثبات لقيمة المعلومة المجانية والتطبيق العملي · جزاك الله خيراً ‖ 3 س ‖ @kisar_ تطبيق عملي لما تعلمته من ابو بدر 🌹: 100%,,V4_TRANSCRIPTION,,,,,,,,,,,,NON_FAISAL,0,0,,,NO,NO,0,0,NO_BARS,NONE,JEM_2026-07,,,,NON_FAISAL,NOT_FAISAL,
SE7886ea8ea1,JEM,V4,,IMG_0141,v4,faisal_images/IMG_0141.png,tweet+chart,F,INFERRED_CROPPED,UNIT_AUTHOR (per-quote speaker not verified),1,2026-07/08,,,AMBIGUOUS,,,,صعود السهم = 100٪ · لو حققت منها 80٪ انت بطل · - · تاريخ التقسيم 14-7 · اذا حقق متوسط 40 يوم ✅ · العلم يرفع بيت لا عماد له · والجهل يخفض بيت العز والشرف · - · الشرط تم عدم دخول قروبات فيه ✅,,V4_TRANSCRIPTION,,,,,«دخول»,ENTRY_PLAN,,,,ENTRY_PLAN,,,0,0,,,NO,NO,0,0,UNKNOWN,NONE,JEM_2026-07,TARGET: صعودُ السهم = 100٪ (من قاع ÷2 إلى قمّة ما بعد التقسيم) · ولو حقّقت منه 80٪ «انت بطل» | VALIDITY: «اذا حقق متوسط 40 يوم ✅» (شرطٌ زمنيّ/متوسّطٌ بعد التقسيم 14-7 — معناه الدقيق غيرُ محسوم) | VALIDITY: الشرطُ: عدمُ دخول قروباتٍ فيه ✅,,,SOURCE_TEXT,LOW,
SE61c85c8eac,JZ,V4,EP0102,IMG_0289,v4,faisal_images/IMG_0289.jpeg,channel_post+chart,U,EDU_CHANNEL_UNMATCHED,UNIT_AUTHOR (per-quote speaker not verified),0,2026-07-2x,,,BOUNDED,2026-07-20,2026-07-30,,الاصل هذي اهداف السهم 12 شمعه ساقطه · - · لما يحصل قروب يرفع السهم المضارب يلغي الاهداف ويهبط فيه ‖ ثبات فوق 5 مهم جدا,,V4_TRANSCRIPTION,,,,,,,,,,,,NON_FAISAL,0,0,,,NO,NO,0,0,YES,NONE,JZ_2026-07,TARGET: أهدافُ السهم = الشموعُ الساقطة (السلّم المرسوم) | INVALIDATION: رفعُ قروبٍ للسهم ⟵ المضاربُ يلغي الأهداف ويهبط فيه | CONFIRMATION: «ثبات فوق 5 مهم جدا» (خطٌّ يدويّ),,,NON_FAISAL,NOT_FAISAL,
SEb02d157353,JZ,V4,EP0102,IMG_0294,v4,faisal_images/IMG_0294.jpeg,channel_post+chart,U,EDU_CHANNEL_UNMATCHED,UNIT_AUTHOR (per-quote speaker not verified),0,2026-07-2x,,,BOUNDED,2026-07-20,2026-07-30,,Jz · هذي شمعة الهمل اللي خربت السهم ضغطه المضارب · لو كان مضارب يعطيك مجال تبيع وتذبذب يصل مداه اكثر من ربع ساعه - طلع السهم بدون اذن مضارب ضغطه المضارب للهاويه,,V4_TRANSCRIPTION,,,,,«ضغطه» | «ضغطه»,PRESS | PRESS,,,,,,NON_FAISAL,0,0,,,NO,NO,0,0,YES,NONE,JZ_2026-07,VALIDITY: رفعةُ المضارب تعطيك مجالًا للبيع وتذبذبًا يتجاوز ربعَ ساعة | INVALIDATION: «شمعة الهمل»: صعودٌ بلا إذن المضارب ⟵ يضغطه المضارب «للهاويه»,,,NON_FAISAL,NOT_FAISAL,
SEda1cf66c86,JZ,V4,EP0102,IMG_0301,v4,faisal_images/IMG_0301.jpeg,channel_post+chart,U,EDU_CHANNEL_UNMATCHED,UNIT_AUTHOR (per-quote speaker not verified),0,2026-07-2x,,,BOUNDED,2026-07-20,2026-07-30,,قناة تعليمية ‖ الشمعه الغبيه وضغط المضارب لقاع جديد 1.88 · الاثنين نقرر التحليل نهاية التداول,,V4_TRANSCRIPTION,,,,,«ضغط»,PRESS,,,,,,NON_FAISAL,0,0,,,NO,NO,0,0,YES,WAIT,JZ_2026-07,PRESS: «الشمعه الغبيه» ثمّ ضغطُ المضارب إلى قاعٍ جديد 1.88 | WAIT: «الاثنين نقرر التحليل نهاية التداول»,,,NON_FAISAL,NOT_FAISAL,
SE5c8e6e4828,JZ,V4,EP0102,IMG_0314,v4,faisal_images/IMG_0314.jpeg,tweet+chart,F,VISIBLE,UNIT_AUTHOR (per-quote speaker not verified),1,2026-07-2x,,,BOUNDED,2026-07-20,2026-07-30,,18 س ‖ والله ياديفيد jz بطنه 300٪ · جا مجموعة من الحمقاء رفعو السهم 30 سنت · وهبط فيه المضارب ب 86 الف سهم,,V4_TRANSCRIPTION,,,,,,,,,,,,UNKNOWN,0,0,,,NO,NO,0,0,YES,NONE,JZ_2026-07,INVALIDATION: مجموعةٌ رفعت السهم 30 سنتًا ⟵ هبط فيه المضاربُ بـ86 ألف سهم,,,SOURCE_TEXT,MEDIUM,
SE0f95924e08,JZ,V4,EP0102,IMG_0316,v4,faisal_images/IMG_0316.jpeg,tweet,F,VISIBLE,UNIT_AUTHOR (per-quote speaker not verified),1,2026-07-2x,,,BOUNDED,2026-07-20,2026-07-30,,1 ي ‖ ماذا حصل البارح من قروبات غبيه · السهم اهدافه كانت عاليه جدا ومحققه بيد مضارب · اقلها 100٪ > هدف 5 لاشي · تفعيلي للبيع ع سعر 11 مسبقا · ماذا حصل · - · دخل قروب غبي رفع السهم من 2.50 ل 3.30 · الربح 80 سنت مع الرفع يكون ربحه لايتجاوز 50 سنت · والسهم فيه بطنه ربح 400٪ · - · باعو ع سعر 3 المضارب هبط في السهم الى 1.90 · - · اذا المضارب الان الغى جميع الاهداف والصعود · المضارب ضغط السهم ب 86 الف سهم من 2.80 ل 1.90 · - · لايوجد عقل بشري يصدق مايحدث سهم ربحه عالي يجي اهبل ياخذ 30 سنت …,,V4_TRANSCRIPTION,,,,,«ضغط»,PRESS,,,,PRESS_MENTION,,,0,0,,,NO,NO,0,0,YES,READY,JZ_2026-07,TARGET: أهدافٌ عاليةٌ «بيد مضارب» أقلُّها 100٪ · وأمرُ بيعٍ مسبقٌ عند الهدف (11) | INVALIDATION: رفعُ قروبٍ غبيّ (2.50 ⟵ 3.30) ⟵ المضاربُ يضغط السهم ويلغي الأهدافَ والصعود,,,SOURCE_TEXT,MEDIUM,
SEfb867776ae,JZ,V4,EP0102,IMG_0317,v4,faisal_images/IMG_0317.jpeg,chart,F,INFERRED_CHART,UNIT_AUTHOR (per-quote speaker not verified),1,2026-07-2x,,,BOUNDED,2026-07-20,2026-07-30,,ثبات فوق 5 مهم جدا,,V4_TRANSCRIPTION,,,,,,,,,,,,UNKNOWN,0,0,,,NO,NO,0,0,YES,NONE,JZ_2026-07,,,,SOURCE_TEXT,LOW,
SEc468944e57,JZ,V4,EP0102,IMG_0318,v4,faisal_images/IMG_0318.jpeg,chart,F,INFERRED_CHART,UNIT_AUTHOR (per-quote speaker not verified),1,2026-07-2x,,,BOUNDED,2026-07-20,2026-07-30,,,,V4_TRANSCRIPTION,,,,,,,,,,,,UNKNOWN,0,0,,,NO,NO,0,1,YES,NONE,JZ_2026-07,,,,CHART_ONLY,LOW,
SEd0f30b7be6,JZ,V4,EP0102,IMG_0319,v4,faisal_images/IMG_0319.jpeg,tweet,F,VISIBLE,UNIT_AUTHOR (per-quote speaker not verified),1,2026-07-2x,,,BOUNDED,2026-07-20,2026-07-30,,عموما · يهمنا فنيا عدم كسر · 2.35 · 2.30 · تعتبر دعم مقاومه سابقه · - · الشمعه واضحه المقاومه ع فريم 4 ساعات 2.87 · شمعة ساقطه سابقا مداها 2.87 > اختبرها اليوم وهبط · - · في حال صعد المضارب 4 مقاومه مهم يتحرر منها · ثباته فوق 5 بيرفكت,,V4_TRANSCRIPTION,,,,,,,,,,,,UNKNOWN,0,0,«سابقا»,,NO,NO,0,0,YES,WAIT,JZ_2026-07,INVALIDATION: يهمّنا فنيًّا عدمُ كسر 2.35 ثمّ 2.30 (دعمٌ كان مقاومةً سابقة) | S/R: المقاومةُ على 4 ساعات 2.87 = مدى شمعةٍ ساقطةٍ سابقة · اختبرها اليوم وهبط | CONFIRMATION: إن صعد المضاربُ فـ4 مقاومةٌ مهمٌّ أن يتحرّر منها · وثباتُه فوق 5 «بيرفكت»,,,SOURCE_TEXT,MEDIUM,
SE8612917111,JZ,V4,,TG_20260905_03,v4,faisal_images/TG_20260905_03.jpg,dm,F,INFERRED_PHONE_OWNER,UNIT_AUTHOR (per-quote speaker not verified),1,,,,AMBIGUOUS,,,,Moha… KHALIDو A.Alghamdi ‖ سلوكه جدا مقارب zcmd · [مطموس] · وهبط فيه كسر الدعم · هذي حصلت ب zcmd قبل يوصل 700٪ بجلسه الافتر ‖ الان امضينا قرابة ساعه فقط نبي تعرف كيف نحلل السهم ونعرف سلوك المضارب · الاسهم علم دقيق ليست بالتمني · توفيق من الله قبل كل شي … ‖ كنا نتعب مثل هالتعب هذا نطرح التحليل بالعام للجميع ماذا حصل · Jz · Ezra · Icu · كلها لقطوها قروبات ع 20٪ وهبطت علينا ودخلنا من جديد,,V4_TRANSCRIPTION,,,,,«دخلنا»,ENTRY_EXECUTED,,,,,ENTRY_EXECUTED,,0,0,,,NO,NO,0,0,UNKNOWN,NONE,,PATTERN: كسرُ الدعم قبل الانفجار (ZCMD قبل 700% في جلسة الافتر) — سلوكُ مضاربٍ يُقارَن به | CONTEXT: القروباتُ تلقط السهم على ‏+20% ثمّ يهبط ⟵ دخولٌ من جديد (JZ · EZRA · ICU) — يوافق X_20260905_10 «لايهم حتى لو دخل قروب ورفعه 20٪»,,,SOURCE_TEXT,LOW,
SE148f3910e3,JZ,V4,,TG_2172,v4,faisal_images/TG_2172.jpg,chart,F,CATALOG_ATTRIBUTION,UNIT_AUTHOR (per-quote speaker not verified),1,,,,AMBIGUOUS,,,,,,V4_TRANSCRIPTION,,,,,,,,,,,,UNKNOWN,0,0,,,NO,NO,0,1,UNKNOWN,NONE,,,,,CHART_ONLY,LOW,
SE9fff33353c,KUST,V4,EP0103,IMG_0179,v4,faisal_images/IMG_0179.jpeg,tweet,F,VISIBLE,UNIT_AUTHOR (per-quote speaker not verified),1,2026/6/1,,,EXACT_DATE_PRINTED,2026-06-01,2026-06-02,,2026/6/1x ‖ $KUST · دبل الان فوق 100٪ · عشان تعرف سهم الارتكاز · كيف يدبل وكيف يحضر · طبعا راح علي ولا شفته الا الان · - · نشرح سلوكه اول شي · مقسم قبل شهرين 22 شهر 4 · يعني حقق متوسط 50 يوم وعليها حبة خشم · الدعم الاساسي ع فريم 4 ساعات 1.36 · هناك شمعه هابطه 1.20 خارج وقت التداول · - · اذا كان الدخول الامن بالسهم هذا · فنيا بين 1.30 > 1.40 · عمل سحب سيوله قبل يصعد 5٪ تقريبا · - · صعد بخبر نعم · لكن السهم تم تحضيره فنيا من المضارب او الشركه استباقا لهذا الخبر · الشورت كان صفر نسبة الاقتراض 25٪ · - · دائما السهم قبل يدبل يتم ضغطه لادنى قاع تحضيرا وسحب سيوله المشترين بالاعلى · - · هذا هو علم الاسهم باختصار · تدخل مع مضارب تربح مع مضارب · قروبات يبيعون ع بعض 10 سنت,,V4_TRANSCRIPTION,,,,,«الدخول» | «ضغطه»,ENTRY_PLAN | PRESS,,,,ENTRY_PLAN+PRESS_MENTION,,,0,0,,,NO,NO,0,0,NO_BARS,NONE,KUST_2026-06,PATTERN: مقسّمٌ قبل شهرين (22 أبريل) = حقّق متوسّط 50 يومًا | S/R: الدعمُ الأساسيّ على 4 ساعات 1.36 · وشمعةٌ هابطة 1.20 خارج وقت التداول | ENTRY: الدخولُ الآمن فنيًّا بين 1.30 و1.40 | PRESS: عمل سحبَ سيولةٍ ‏≈5٪ قبل أن يصعد | CONTEXT: صعد بخبرٍ لكنّه حُضِّر فنيًّا استباقًا للخبر · الشورتُ صفر والاقتراضُ 25٪ | PRESS: «دائما السهم قبل يدبل يتم ضغطه لادنى قاع تحضيرا وسحب سيوله المشترين بالاعلى» | MET,,,SOURCE_TEXT,MEDIUM,
SEc13bb5e3c1,KUST,V4,EP0103,IMG_0178,v4,faisal_images/IMG_0178.jpeg,chart,F,INFERRED_CHART,UNIT_AUTHOR (per-quote speaker not verified),1,2026-06-1x,,,BOUNDED,2026-06-10,2026-06-22,,,,V4_TRANSCRIPTION,,,,,,,,,,,,UNKNOWN,0,0,,,NO,NO,0,1,NO_BARS,NONE,KUST_2026-06,,,,CHART_ONLY,LOW,
SE3c72915e7f,KWM,V4,EP0104,X_20260827_kwm_hammer_support,v4,faisal_images/X_20260827_kwm_hammer_support.png,chart,F,INFERRED_CHART,UNIT_AUTHOR (per-quote speaker not verified),1,2026-08-19,,,RECORDED_UNVERIFIED,2026-08-19,2026-08-20,,شمعة دعم 2.50 ‖ شمعة همر ذيلها 2.09 راسها 2.33 <,,V4_TRANSCRIPTION,,,,,,,,,,,,UNKNOWN,0,0,,,NO,NO,0,0,YES,NONE,KWM_2026-08-2x_a,S/R: شمعةُ الهمر: ذيلُها 2.09 ورأسُها 2.33 = منطقةُ دعم | S/R: «شمعة دعم 2.50» — ذيلُ الشمعة دعم,,,SOURCE_TEXT,LOW,
SEd208408586,KWM,V4,EP0104,X_20260827_kwm_150_watch3,v4,faisal_images/X_20260827_kwm_150_watch3.jpg,tweet+chart,F,INFERRED_CROPPED,UNIT_AUTHOR (per-quote speaker not verified),1,2026-08-2x,,,BOUNDED,2026-08-20,2026-08-31,,ذكرت في تغريده سابقه الصعود التدريجي ما افضله · هذا صعد تدريجي 40٪ وهبط · - · عموما 1.50 قاع امس · اليوم 1.55 · - · يحتاج مراقبه لمدة 3 جلسات قادمه · هل يكسر 1.50 او يحافظ عليها,,V4_TRANSCRIPTION,,,,,«مراقبه»,MONITOR,,,,MONITOR,,,0,0,«ذكرت»,,NO,NO,0,0,YES,WAIT,KWM_2026-08-2x,CONTEXT: الصعودُ التدريجيّ لا يفضّله (صعد تدريجيًّا 40٪ ثمّ هبط) | VALIDITY: مراقبةُ 3 جلساتٍ قادمة: هل يكسر قاعَ الأمس 1.50 أم يحافظ عليه,,,SOURCE_TEXT,LOW,
SE4f1b957fba,KWM,V4,EP0104,X_20260827_kwm_annotated_levels,v4,faisal_images/X_20260827_kwm_annotated_levels.jpg,tweet+chart,F,VISIBLE,UNIT_AUTHOR (per-quote speaker not verified),1,2026-08-2x,,,BOUNDED,2026-08-20,2026-08-31,,37 د ‖ ملاحظه الدخول الجماعي للسهم = هبوط جماعي · - · من يحقق التحليل ادناه مضارب فقط · - · من الاسهم الخاصه · الرجا عدم تهييض السهم ع ربح 20 سنت ‖ شمعة ساقطه راسها 7.43 ذيلها 6.61 ‖ شمعة عدم ثبات 6 ‖ شموع الهبوط راسها 5.42 ذيلها 4.64 ‖ مقاومات لين اسود تحرر الهبوط 3.79 ‖ دعوم السهم الاجابيه 2.30 > 2.50 ‖ شورت 600 نسبة اقتراض 700٪ عنده تغيير اسم او رمز,,V4_TRANSCRIPTION,,,,,«الدخول»,ENTRY_PLAN,,,,ENTRY_PLAN,,,0,0,,,NO,NO,0,0,YES,UNKNOWN,KWM_2026-08-2x_a,INVALIDATION: الدخولُ الجماعيّ للسهم = هبوطٌ جماعيّ | TARGET: «من يحقق التحليل ادناه مضارب فقط» — الأهدافُ لا تتحقّق إلّا بمضارب | TARGET: الشمعةُ الساقطة: رأسُها 7.43 وذيلُها 6.61 · وشموعُ الهبوط: رأسُها 5.42 وذيلُها 4.64 · وشمعةُ عدم الثبات 6 | S/R: مقاوماتٌ سوداءُ حتى 3.79 = تحرّرُ الهبوط | S/R: دعومُ السهم الإيجابيّة 2.30-2.50 | CONTEXT: شورت 600 واقتراضٌ 700٪ · وتغييرُ اسمٍ أو رمز | META: «ال,,,SOURCE_TEXT,MEDIUM,
SEe91eda8dde,KWM,VISIBLE,EP0104,X_20260827_kwm_offering_notready,s1,faisal_images/X_20260827_kwm_offering_notready.png,X post,F,EYE_VERIFIED,F,1,relative «20 س»; V4 decade 2026-08-2x; committed 2026-08-26,,2026-08-26,BOUNDED,2026-08-20,2026-08-26,,فريم 30 دقيقه شموع الهبوط واضحه / سبب الهبوط طرح 500 الف سهم / - / انتظار تعافي السهم وثبات الدعوم / 1.50 دعم غير مستقر / - / شورت 10 الاف نسبة اقتراض 580٪ / - / سهم غير جاهز فنيا حاليا,,EYE_2026-10-09,20 س ‖ فريم 30 دقيقه شموع الهبوط واضحه · سبب الهبوط طرح 500 الف سهم · - · انتظار تعافي السهم وثبات الدعوم · 1.50 دعم غير مستقر · - · شورت 10 الاف نسبة اقتراض 580٪ · - · سهم غير جاهز فنيا حاليا,,«غير جاهز»,NOT_READY,«انتظار»,WAIT,,,NOT_READY,WAIT,,,1,0,,,NO,NO,0,0,YES,WAIT,KWM_2026-08-2x,WAIT: هبوطٌ سببُه طرحُ 500 ألف سهم ⇒ انتظارُ تعافي السهم وثباتِ الدعوم | VALIDITY: 1.50 دعمٌ غيرُ مستقرّ ⇒ لا جاهزيّة | CONTEXT: شورت 10 آلاف ونسبةُ اقتراض 580٪ (سياقٌ لا يكفي وحدَه) | STRUCTURE: شموعُ الهبوط تُقرأ على فريم 30 دقيقة,explicit technical NOT-ready + waiting for recovery and support stability; cause stated: an offering · readiness/stage vocabulary (NOT_READY) — qualified technical,"Faisal profile timeline; post «20 س» (no absolute date); two KWM charts (30 min, daily)",SOURCE_TEXT,HIGH,
SE3568cbeb95,KWM,V4,EP0105,X_20260918_29_KWM,v4,faisal_images/X_20260918_29_KWM.png,tweet+chart+news,F,VISIBLE,UNIT_AUTHOR (per-quote speaker not verified),1,2026-09-1x,,,BOUNDED,2026-09-10,2026-09-21,,"KWM · غدا تتداول برمز جديد ✅ · - · بعض الأسهم اثناء تغيير الرمز تعطي نسبه كويسه بعضها لا ‖ تبدأ طرحًا بقيمة مليون دولار تقريبًا لـ526,314 سهمًا بسعر 1.90 ‖ تسعير طرح مباشر مسجل بقيمة مليون دولار",,V4_TRANSCRIPTION,,,,,,,,,,,,UNKNOWN,0,0,,,NO,NO,0,0,YES,NONE,KWM_2026-09,CONTEXT: تغييرُ الرمز حدثٌ مختلطُ الأثر: «بعض الأسهم … تعطي نسبه كويسه بعضها لا»,,,SOURCE_TEXT,MEDIUM,
SE2cf9a81f93,LABT,V4,EP0106,TG_1835,v4,faisal_images/TG_1835.jpg,tweet+app,F,VISIBLE_OCR,UNIT_AUTHOR (per-quote speaker not verified),1,2026-07-05,,,RECORDED_UNVERIFIED,2026-07-06,2026-07-06,,سهم عليه قروبات كثيره بعد البحث عنه · وسيوله داخله بالماركت كبيره · وش عمل المضارب · بالافتر هبط فيه من 3.10 ل 1.97 · 40٪ تقريبا · هذا سلوك لازم تحفظه · مضارب مايخلي احد يجمع معه او يشري من العرض · طلع السهم فوق بيقولك ادخل ياتربح معه ياييبع عليك · سهم تجميع تدخل سيوله قروبات الى الهاويه $LABT,,V4_TRANSCRIPTION,,,,,,,,,,,,UNKNOWN,0,0,,,NO,NO,0,0,NO_BARS,REJECT,,REJECT: سيولة قروبات داخلة ⟵ المضارب يُسقطه (لا تجمع معه),,,SOURCE_TEXT,MEDIUM,
SE9a260ccc17,LABT,V4,EP0107,TG_1820,v4,faisal_images/TG_1820.jpg,chart,F,CATALOG_ATTRIBUTION,UNIT_AUTHOR (per-quote speaker not verified),1,2026-07-2x,,,BOUNDED,2026-07-20,2026-07-30,,,,V4_TRANSCRIPTION,,,,,,,,,,,,UNKNOWN,0,0,,,NO,NO,0,1,NO_BARS,NONE,,,,,CHART_ONLY,LOW,
SE96fa56131f,LABT,V4,EP0107,TG_1830,v4,faisal_images/TG_1830.jpg,chart_annot,F,CATALOG_ATTRIBUTION,UNIT_AUTHOR (per-quote speaker not verified),1,2026-07-2x,,,BOUNDED,2026-07-20,2026-07-30,,الشمعه الساقطه من 3 الى 1.97 ‖ سحب السيوله الى قاع 1.66,,V4_TRANSCRIPTION,,,,,,,,,,,,UNKNOWN,0,0,,,NO,NO,0,0,NO_BARS,NONE,,INFO: الشمعة الساقطة (3 ⟵ 1.97) مرجعُ الدخول · سحب السيولة تحت القاع,,,SOURCE_TEXT,LOW,
SE9f4ca9a582,LABT,V4,EP0107,TG_1831,v4,faisal_images/TG_1831.jpg,tweet,F,CATALOG_ATTRIBUTION,UNIT_AUTHOR (per-quote speaker not verified),1,2026-07-2x,,,BOUNDED,2026-07-20,2026-07-30,,الشمعه الساقطه واضحه من المضارب … الشورت 55 الف متوفر · عدد الاسهم 500 الف (ويبل) 1.5 مليون (سهم) اختلاف كبير · فريم 4 ساعات ماذا يحصل في حال دخول المضارب سيتم الضغط من 1.70 ل 1.80 · في حال صعد المقاومات باللاين الاسود 2.44 > 2.80 · هل يضرب المقاومه يرجع يهبط عند دعم جديد 2 او يستمر · اليومي شمعة عاليه ساقطه 7.45 · مقاومه 2.40>2.80>3 · في حال تواجد خوارزميات مضارب غدا او بعد غد سيتم ذكره · تحرر 1.97 ✅ · عدم دخول قبل المضارب عشان مايسوي فيك مثل التغريده المقتبسه,,V4_TRANSCRIPTION,,,,,«دخول» | «تم الضغط» | «دخول»,ENTRY_PLAN | PRESS | ENTRY_PLAN,,,,ENTRY_PLAN,PRESS_OBSERVED,,0,0,,,NO,NO,0,0,NO_BARS,WAIT,,WAIT: لا دخول قبل المضارب (خوارزميّاتُه تُعلَن حين تظهر) | INFO: الشورت 55 ألف متاح ولم يمنع التحليل,pressure described as having occurred,,SOURCE_TEXT,LOW,
SE269c60a6d6,LABT,V4,EP0107,TG_1832,v4,faisal_images/TG_1832.jpg,chart,F,CATALOG_ATTRIBUTION,UNIT_AUTHOR (per-quote speaker not verified),1,2026-07-2x,,,BOUNDED,2026-07-20,2026-07-30,,,,V4_TRANSCRIPTION,,,,,,,,,,,,UNKNOWN,0,0,,,NO,NO,0,1,NO_BARS,NONE,,,,,CHART_ONLY,LOW,
SE9160d6f20b,LABT,V4,EP0107,TG_2183,v4,faisal_images/TG_2183.jpg,chart,F,CATALOG_ATTRIBUTION,UNIT_AUTHOR (per-quote speaker not verified),1,2026-07-2x,,,BOUNDED,2026-07-20,2026-07-30,,,,V4_TRANSCRIPTION,,,,,,,,,,,,UNKNOWN,0,0,,,NO,NO,0,1,NO_BARS,NONE,,,,,CHART_ONLY,LOW,
SEc7a8baa56b,LABT,V4,EP0107,IMG_0303,v4,faisal_images/IMG_0303.jpeg,channel_post,F,CHANNEL_REPOST_OF_VISIBLE,UNIT_AUTHOR (per-quote speaker not verified),1,2026-07-23,,,RECORDED_UNVERIFIED,2026-07-23,2026-07-24,,قناة تعليمية ‖ اجابه ع تساول معنى متوسطات · السهم هذا مقسم في 22-6 · امس التاريخ 22-7 · حقق متوسط 30 يوم من تاريخ التقسيم · قبل سبوعين تاريخ 5 > 7 تم تتهيض السهم من قروبات موضح الصوره ادناه · ماذا صنع المضارب · هبط بالسهم الى 1.66 · تم شرح تفصيل السهم السبت · فضل من الله القروبات غفلو عنه · حقق المتوسط والدخول كما شرحته بالملي 1.70 > 1.80 · - · صعد وغطا شموعه كامله · صعود السهم من المضارب برامج اليه تحترم الدعوم والمقاومات ونعرف اهداف السهم بناء ع الشموع السابقه ‖ # نصائح تعليمية,,V4_TRANSCRIPTION,,,,,«الدخول»,ENTRY_PLAN,,,,ENTRY_PLAN,,,0,0,,,NO,NO,0,0,NO_BARS,NONE,,,,,SOURCE_TEXT,LOW,
SE0d675be0ca,LABT,V4,EP0107,TG_1816,v4,faisal_images/TG_1816.jpg,dm+chart,F,INFERRED_PHONE_OWNER,UNIT_AUTHOR (per-quote speaker not verified),1,2026-07-27,,,RECORDED_UNVERIFIED,2026-07-27,2026-07-28,,الامان دخول من 2,,V4_TRANSCRIPTION,,,,,«دخول»,ENTRY_PLAN,,,,ENTRY_PLAN,,,0,0,,,NO,NO,0,0,NO_BARS,WAIT,,,,,SOURCE_TEXT,LOW,
SEb3a9461cd0,LABT,V4,EP0108,TG_1817,v4,faisal_images/TG_1817.jpg,tweet+charts,F,VISIBLE_OCR,UNIT_AUTHOR (per-quote speaker not verified),1,2026-08-0x,,,BOUNDED,2026-08-03,2026-08-10,,الظهر مع الدكتور عماد نقرر الاهداف · غطا كل اهدافه بشمعه مضارب · $LABT 300% ‖ الامان دخول من 2 ‖ الشمعه الساقطه واضحه من المضارب ع منصة سهم,,V4_TRANSCRIPTION,,,,,«دخول»,ENTRY_PLAN,,,,ENTRY_PLAN,,,0,0,,,NO,NO,0,0,NO_BARS,NONE,,INFO: الأهداف تُغطّى بشمعة مضارب (الشمعة الساقطة = الهدف),,,SOURCE_TEXT,MEDIUM,
SEbce6007ed4,LABT,V4,EP0109,X_20260827_labt_supports_wait,v4,faisal_images/X_20260827_labt_supports_wait.png,tweet+chart,F,VISIBLE,UNIT_AUTHOR (per-quote speaker not verified),1,2026/8/23 4:51 م,2026-08-23 09:51 NY,,EXACT_PRINTED,2026-08-24,2026-08-24,,انتظار الدعوم الاساسيه · 2 > 1.80 · 15 الف شورت · 687٪ اقتراض ‖ شمعة غبيه بعد تحليلنا السابق,,V4_TRANSCRIPTION,,,,,«انتظار»,WAIT,,,,WAIT,,,0,0,,,NO,NO,0,0,NO_BARS,WAIT,LABT_2026-08-23,WAIT: انتظارُ الدعوم الأساسيّة 2.00 ثمّ 1.80 (تحت السعر 2.22) | CONTEXT: شورت 15 ألفًا واقتراضٌ 687٪ (سياقٌ إيجابيّ) | INVALIDATION: «شمعة غبيه» قفزت بعد التحليل ثمّ عادت = قفزةٌ لا تُبنى عليها,,,SOURCE_TEXT,MEDIUM,
SEab83e85383,LABT,V4,EP0110,EDU_20260905_01,v4,faisal_images/EDU_20260905_01.png,channel_post+app,EDU,VISIBLE_CHANNEL,UNIT_AUTHOR (per-quote speaker not verified),0,2026-08-31,,,RECORDED_UNVERIFIED,2026-08-31,2026-09-01,,قناة تعليمية ‖ شموع المضارب · احترام للدعوم والمقاومات · تحقيق اهداف الشموع الساقطه 👌🏻 · الفرق واضح بينها وبين شموع 10 سنت,,V4_TRANSCRIPTION,,,,,,,,,,,,NON_FAISAL,0,0,,,NO,NO,0,0,NO_BARS,NONE,LABT_2026-08-31,VALIDITY: «شموع المضارب · احترام للدعوم والمقاومات … الفرق واضح بينها وبين شموع 10 سنت» | TARGET: «تحقيق اهداف الشموع الساقطه»,,,NON_FAISAL,NOT_FAISAL,
SE8c746748da,LFS,V4,EP0111,TG_1974,v4,faisal_images/TG_1974.jpg,chart,F,CATALOG_ATTRIBUTION,UNIT_AUTHOR (per-quote speaker not verified),1,2026-05-1x,,,BOUNDED,2026-05-11,2026-05-20,,,,V4_TRANSCRIPTION,,,,,,,,,,,,UNKNOWN,0,0,,,NO,NO,0,1,YES,NONE,,,,,CHART_ONLY,LOW,
SE7ffa4813e1,LIMN,V4,EP0112,TG_50585,v4,faisal_images/TG_50585.jpg,tweet+app,F,VISIBLE,UNIT_AUTHOR (per-quote speaker not verified),1,2026/9/22 3:39 ص,2026-09-21 20:39 NY,,EXACT_PRINTED,2026-09-22,2026-09-22,,3.29 قاع · اختبار مقاومه ✅ · تبقى اختبار القاع 3.40 · $limn ‖ انتظار إعادة الاختبار · ممتاز 0-5% ‖ ✗ أسفل جميع EMA ‖ الناقص الآن: السعر ليس أسفل EMA20/30/50 اليومية,[APP_UI] مراقب استراتيجية فيصل ‖ [APP_UI] مراقبة مبكرة,V4_TRANSCRIPTION,,,,,«انتظار»,WAIT,,,,WAIT,,,0,0,,,NO,NO,0,0,YES,WAIT,LIMN_2026-09-22,SEQUENCE: قاع ⟵ اختبارُ مقاومة ✅ ⟵ يبقى اختبارُ القاع (3.40 فوق القاع 3.29 بقليل),,,SOURCE_TEXT,MEDIUM,
SE82f3251666,LIMN,V4,EP0112,TG_50586,v4,faisal_images/TG_50586.jpg,chart_annot,F,INFERRED_CHART,UNIT_AUTHOR (per-quote speaker not verified),1,2026-09-22,,,RECORDED_UNVERIFIED,2026-09-22,2026-09-23,,E ‖ S ‖ اختبار مقاومه لازم يرجع يختبر الدعم · هذي قواعد ثابته لكل الاسهم,,V4_TRANSCRIPTION,,,,,,,,,,,,UNKNOWN,0,0,,,NO,NO,0,0,YES,WAIT,LIMN_2026-09-22,SEQUENCE: «اختبار مقاومه لازم يرجع يختبر الدعم — هذي قواعد ثابته لكل الاسهم»,,,SOURCE_TEXT,LOW,
SE77ff1f579c,LNAI,V4,EP0113,TG_2031,v4,faisal_images/TG_2031.jpg,chat,F,INFERRED_DEVICE_LINKED,UNIT_AUTHOR (per-quote speaker not verified),1,2026-06-1x,,,BOUNDED,2026-06-10,2026-06-22,,ستوك ‖ شركة تعمل في مجال التكنولوجيا الحيوية والذكاء الاصطناعي الطبي … · سهم Lnai · الشورت 1 · تاريخ التقسيم 22/5 · اعلى صعود 3.38 · ادنى قاع 2.08 · عدد الاسهم 3مليون · امريكي ‖ مقاومه 3.27 < 3.57 · تحرر من المقاومات ممتاز · ممكن 4> 4.50 < 5,,V4_TRANSCRIPTION,,,,,,,,,,,,UNKNOWN,0,0,,,NO,NO,0,0,YES,WAIT,,WAIT: المقاومة 3.27-3.57 فوق السعر · التحرّرُ منها «ممتاز» ⟵ أهداف 4-5,,,SOURCE_TEXT,LOW,
SE682efa6e7b,LNAI,V4,EP0113,TG_2053,v4,faisal_images/TG_2053.jpg,tweet,F,CATALOG_ATTRIBUTION,UNIT_AUTHOR (per-quote speaker not verified),1,2026-06-1x,,,BOUNDED,2026-06-10,2026-06-22,,شركة $LNAI … الشورت المتوفر الحالي صفر · تاريخ التقسيم 22/5 · اعلى صعود 3.38 = تحرر · ادنى قاع 2.08 = ع فريم 4 ساعات شمعة همر صاعده · عدد الاسهم 3.11 مليون · امريكي · اخبار الشركه: تعاون BioSymetrics و BrainStorm · قاضٍ فيدرالي يأمر بكشف هوية بائعي المكشوف · شراكة دفاعية (أبريل 2026) · استحواذ 20 مليون دولار (مارس 2026) · …,,V4_TRANSCRIPTION,,,,,,,,,,,,UNKNOWN,0,0,,,NO,NO,0,0,YES,UNKNOWN,,,,,SOURCE_TEXT,LOW,
SE64254a7d49,LNAI,V4,EP0113,TG_2054,v4,faisal_images/TG_2054.jpg,tweet,F,CATALOG_ATTRIBUTION,UNIT_AUTHOR (per-quote speaker not verified),1,2026-06-1x,,,BOUNDED,2026-06-10,2026-06-22,,تحالف وطني (مارس 2026): أطلقت الكونسورتيوم الوطني للدفاع الكيميائي … بين 400 مليون و1.2 مليار دولار,,V4_TRANSCRIPTION,,,,,,,,,,,,UNKNOWN,0,0,,,NO,NO,0,0,YES,NONE,,,,,SOURCE_TEXT,LOW,
SE4ceb48b637,LNAI,V4,EP0113,TG_2060,v4,faisal_images/TG_2060.jpg,chart_annot,F,CATALOG_ATTRIBUTION,UNIT_AUTHOR (per-quote speaker not verified),1,2026-06-1x,,,BOUNDED,2026-06-10,2026-06-22,,تحرر 3.38 ‖ مقاومه ثانيه 3.12 ‖ مقاومة اولى 2.90 ‖ شمعة همر مقلوبه او الشهاب الساقط,,V4_TRANSCRIPTION,,,,,,,,,,,,UNKNOWN,0,0,,,NO,NO,0,0,YES,NONE,,INFO: شمعةُ القاع: «همر مقلوبة أو الشهاب الساقط»,,,SOURCE_TEXT,LOW,
SE6eb0272134,LNAI,V4,EP0113,TG_2028,v4,faisal_images/TG_2028.jpg,chart_annot,F,CATALOG_ATTRIBUTION,UNIT_AUTHOR (per-quote speaker not verified),1,2026-06-12,,,RECORDED_UNVERIFIED,2026-06-12,2026-06-15,,مقاومه ثانيه 3.25 ‖ مقاومه اولى 2.80 ‖ دعم اساسي 2.25,,V4_TRANSCRIPTION,,,,,,,,,,,,UNKNOWN,0,0,,,NO,NO,0,0,YES,NONE,,INFO: تسميةُ المستويات: دعمٌ أساسيّ (أحمر) · مقاومةٌ أولى وثانية (أسود),,,SOURCE_TEXT,LOW,
SE401ec49367,LNAI,V4,EP0113,TG_2029,v4,faisal_images/TG_2029.jpg,app_chart,F,CATALOG_ATTRIBUTION,UNIT_AUTHOR (per-quote speaker not verified),1,2026-06-12,,,RECORDED_UNVERIFIED,2026-06-12,2026-06-15,,,,V4_TRANSCRIPTION,,,,,,,,,,,,UNKNOWN,0,0,,,NO,NO,0,1,YES,NONE,,,,,CHART_ONLY,LOW,
SE7584068121,LNAI,V4,EP0113,TG_2033,v4,faisal_images/TG_2033.jpg,chart_annot,F,CATALOG_ATTRIBUTION,UNIT_AUTHOR (per-quote speaker not verified),1,2026-06-12,,,RECORDED_UNVERIFIED,2026-06-12,2026-06-15,,مقاومه ثانيه 3.25 ‖ مقاومه اولى 2.80 ‖ دعم اساسي 2.25,,V4_TRANSCRIPTION,,,,,,,,,,,,UNKNOWN,0,0,,,NO,NO,0,0,YES,NONE,,,,,SOURCE_TEXT,LOW,
SE9bbdc7880f,LNAI,V4,EP0113,TG_1824,v4,faisal_images/TG_1824.jpg,tweet,F,VISIBLE_OCR,UNIT_AUTHOR (per-quote speaker not verified),1,2026-06-15,,,RECORDED_UNVERIFIED,2026-06-15,2026-06-16,,شركة $LNAI … الشورت المتوفر الحالي صفر · تاريخ التقسيم 22/5 · اعلى صعود 3.38 = تحرر · ادنى قاع 2.08 = ع فريم 4 ساعات شمعة همر صاعده · عدد الاسهم 3.11 مليون · امريكي,,V4_TRANSCRIPTION,,,,,,,,,,,,UNKNOWN,0,0,,,NO,NO,0,0,YES,UNKNOWN,,INFO: أعلى صعود بعد التقسيم = مستوى التحرّر,,,SOURCE_TEXT,MEDIUM,
SE6a55085818,LNAI,V4,EP0114,TG_2058,v4,faisal_images/TG_2058.jpg,app_news,F,CATALOG_ATTRIBUTION,UNIT_AUTHOR (per-quote speaker not verified),1,2026-07-24,,,RECORDED_UNVERIFIED,2026-07-24,2026-07-27,,تستعيد امتثالها لقاعدة الحد الأدنى لسعر العرض البالغ دولارًا واحدًا في بورصة ناسداك ‖ تستعيد امتثالها لقواعد ناسداك,,V4_TRANSCRIPTION,,,,,,,,,,,,UNKNOWN,0,0,,,NO,NO,0,0,YES,NONE,,,,,SOURCE_TEXT,LOW,
SEa55ee3528c,MBRX,V4,EP0115,IMG_8133,v4,faisal_images/IMG_8133.jpeg,tweet,F,VISIBLE,UNIT_AUTHOR (per-quote speaker not verified),1,2026-06,,,BOUNDED,2026-06-01,2026-07-01,,52 د ‖ من اصعب الاسهم تحليلا · يستخدم عليه عدة نماذج · عدم ثبات فوق 3.15 بيرجع يختبر الدعوم · خبره عدم قبوله = هبوط · 2.34 الدعم الافضل · - · معلوماته · سهم Mbrx امريكي - مستحضرات صيدلانية شركة ادويه فالمراحل السريريه والتجريبيه لعلاج السرطان - فلوت 5.29 مليون - شورت 0 - اخباره : نيه قويه لدى الاطباء لاعتماد دواء من الشركة لعلاج ابيضاض الدم النخاعي 5/6 - تسجيل المريض رقم 45 في الدراسه للبحث عن فعالية الدواء الخاص ( اناميسين ) 4/6 - عرض بيانات تعزز من ملف السلامه القلبيه للدواء الخاص 29/5 - تحقيق ربحية فالسهم بمقدار 3.54 دولار 15/5 - الكشف عن بيانات تجارب عقار سرطان الدم وعندها موعد كشف البيانات وتقديمها للبورصة تاريخ 30/6 ( تاريخ الخبر 13/5 ),,V4_TRANSCRIPTION,,,,,,,,,,,,UNKNOWN,0,0,,,NO,NO,0,0,YES,WAIT,MBRX_2026-06,WAIT: عدمُ الثبات فوق 3.15 ⟵ يرجع يختبر الدعوم · و2.34 «الدعم الافضل» (منطقةٌ تحت السعر) | INVALIDATION: «خبره عدم قبوله = هبوط» — رفضُ الخبر سلبيّ | CONTEXT: بطاقة: أمريكيّ · أدويةٌ في المراحل السريريّة · فلوت 5.29 مليون · شورت 0 · وموعدُ كشف بيانات 30/6 (حدثٌ معلَن),,,SOURCE_TEXT,MEDIUM,
SEca195c3d26,MBRX,V4,,TG_2019,v4,faisal_images/TG_2019.jpg,tweet+charts,F,VISIBLE_OCR,UNIT_AUTHOR (per-quote speaker not verified),1,06-2x (السنة غير متحقَّقة),,,AMBIGUOUS,,,,من اصعب الاسهم تحليلا · يستخدم عليه عدة نماذج · عدم ثبات فوق 3.15 بيرجع يختبر الدعوم · خبره عدم قبوله = هبوط · 2.34 الدعم الافضل · معلوماته: سهم Mbrx امريكي - مستحضرات صيدلانية … - فلوت 5.29 مليون - شورت 0 - اخباره: … 5/6 … 4/6 … 29/5 … 15/5 … موعد كشف البيانات … 30/6,,V4_TRANSCRIPTION,,,,,,,,,,,,UNKNOWN,0,0,,,NO,NO,0,0,UNKNOWN,WAIT,,WAIT: عدمُ الثبات فوق 3.15 ⟵ يرجع يختبر الدعوم · وأفضلُ دعمٍ 2.34 تحت السعر | INFO: خبرٌ لا يُقبَل = هبوط,,,SOURCE_TEXT,MEDIUM,
SE3566c21d3f,MBRX,V4,,TG_2020,v4,faisal_images/TG_2020.jpg,chart,F,CATALOG_ATTRIBUTION,UNIT_AUTHOR (per-quote speaker not verified),1,06-26 (السنة غير متحقَّقة),,,AMBIGUOUS,,,,,,V4_TRANSCRIPTION,,,,,,,,,,,,UNKNOWN,0,0,,,NO,NO,0,1,UNKNOWN,NONE,,,,,CHART_ONLY,LOW,
SE1eb944e25e,MBRX,V4,,TG_2021,v4,faisal_images/TG_2021.jpg,chart,F,CATALOG_ATTRIBUTION,UNIT_AUTHOR (per-quote speaker not verified),1,06-2x (السنة غير متحقَّقة),,,AMBIGUOUS,,,,,,V4_TRANSCRIPTION,,,,,,,,,,,,UNKNOWN,0,0,,,NO,NO,0,1,UNKNOWN,NONE,,,,,CHART_ONLY,LOW,
SE0af86e8b8b,MNDR,V4,EP0116,IMG_0566,v4,faisal_images/IMG_0566.png,tweet+charts,F,VISIBLE,UNIT_AUTHOR (per-quote speaker not verified),1,2026-07-31,,,RECORDED_UNVERIFIED,2026-07-31,2026-08-03,,Snapchat ▶ ‖ جميل السهم لكن صعوده تدريجي حقق 50٪ الان من القاع · - · اما ثبات فوق المقاومه 1.90 · او يرجع يختبر 1.60 · - · عن نفسي ما اخاطر انتظر 1.60 · - · راس شمعة التقسيم 3.91 · - · اختبر مقاومه اولى ع فريم 4 ساعات 1.90 ونجح · كذلك اختبر 2.12 وفشل هبط الى 1.90 · - · اما ثبات فوق 1.90 · او يرجع للدعم الاساسي 1.60 · في حال اختبر 1.60 ولاكسرها وحافظ ع قاعه يعتبر اجابي للصعود · - · هذا شرح مفصل للتحليل الفني · شورته 6000,,V4_TRANSCRIPTION,,,,,«انتظر» | «فشل»,WAIT | INVALID,,,,WAIT+INVALID,,,0,0,,,NO,NO,0,0,YES,WAIT,MNDR_2026-07-31,STRUCTURE: «صعوده تدريجي حقق 50٪ الان من القاع» | WAIT: «اما ثبات فوق المقاومه 1.90 · او يرجع يختبر 1.60 · عن نفسي ما اخاطر انتظر 1.60» | STRUCTURE: «اختبر مقاومه اولى ع فريم 4 ساعات 1.90 ونجح · كذلك اختبر 2.12 وفشل هبط الى 1.90» | CONFIRMATION: «في حال اختبر 1.60 ولاكسرها وحافظ ع قاعه يعتبر اجابي للصعود» | TARGET: «راس شمعة التقسيم 3.91» | VALIDITY: «شورته 6000»,,,SOURCE_TEXT,MEDIUM,
SEc097944009,MNDR,V4,EP0116,IMG_0567,v4,faisal_images/IMG_0567.jpeg,chart,F,VISIBLE_LINKED,UNIT_AUTHOR (per-quote speaker not verified),1,2026-07-31,,,RECORDED_UNVERIFIED,2026-07-31,2026-08-03,,,,V4_TRANSCRIPTION,,,,,,,,,,,,UNKNOWN,0,0,,,NO,NO,0,1,YES,NONE,MNDR_2026-07-31,,,,CHART_ONLY,MEDIUM,
SEb46fb8a5ac,MNDR,V4,EP0116,IMG_0568,v4,faisal_images/IMG_0568.jpeg,chart,F,VISIBLE_LINKED,UNIT_AUTHOR (per-quote speaker not verified),1,2026-07-31,,,RECORDED_UNVERIFIED,2026-07-31,2026-08-03,,,,V4_TRANSCRIPTION,,,,,,,,,,,,UNKNOWN,0,0,,,NO,NO,0,1,YES,NONE,MNDR_2026-07-31,,,,CHART_ONLY,MEDIUM,
SE65d1b39c69,MNDR,V4,EP0116,IMG_0569,v4,faisal_images/IMG_0569.png,tweet+chart,F,VISIBLE,UNIT_AUTHOR (per-quote speaker not verified),1,2026-07-31,,,RECORDED_UNVERIFIED,2026-07-31,2026-08-03,,Snapchat ▶ ‖ لو اختبر القاع 1.40 محتمل كبير يفشل · - · جسم شمعة القاع 1.50 بدون راس · تسمى مطرقه او همر · شمعة حمرا = صعود قصير الامد · - · جسم شمعه ساقطه قبل الهمر وتكوين القاع · 1.55 > اختبرها قبل صعوده بذيل شمعتين خضرا · 1.60 دعم للصعود · - · ع فريم 4 ساعات الشرح · اذا في حال هبط لاختبار الدعوم بيكون من 1.50 ل 1.60 · - · 1.40 اخطر مرحله للوقف · متى يكون الدخول في حال هبط واختبر اعلاه يقرر الدخول · طلبات عند الدعوم · شرا من العرض خساره · - · الشرح اعلاه مالم تدخل فيه قروبات ع ربح 10 سنت تراكمي 😁,,V4_TRANSCRIPTION,,,,,«فشل» | «الدخول» | «الدخول» | «طلبات»,INVALID | ENTRY_PLAN | ENTRY_PLAN | ENTRY_PLAN,,,,ENTRY_PLAN+INVALID,,,0,0,,,NO,NO,0,0,YES,WAIT,MNDR_2026-07-31,INVALIDATION: «لو اختبر القاع 1.40 محتمل كبير يفشل» · «1.40 اخطر مرحله للوقف» | PATTERN: «جسم شمعة القاع 1.50 بدون راس · تسمى مطرقه او همر · شمعة حمرا = صعود قصير الامد» | STRUCTURE: «جسم شمعه ساقطه قبل الهمر وتكوين القاع 1.55 اختبرها قبل صعوده بذيل شمعتين خضرا · 1.60 دعم للصعود» | ENTRY: «ع فريم 4 ساعات … في حال هبط لاختبار الدعوم بيكون من 1.50 ل 1.60 … طلبات عند الدعوم · شرا من العرض خساره» | VA,,,SOURCE_TEXT,MEDIUM,
SE964ad9cfc6,MNDR,V4,EP0116,IMG_0570,v4,faisal_images/IMG_0570.jpeg,chart,F,VISIBLE_LINKED,UNIT_AUTHOR (per-quote speaker not verified),1,2026-07-31,,,RECORDED_UNVERIFIED,2026-07-31,2026-08-03,,16:00 ‖ 08/01,,V4_TRANSCRIPTION,,,,,,,,,,,,UNKNOWN,0,0,,,NO,NO,0,0,YES,NONE,MNDR_2026-07-31,,,,SOURCE_TEXT,MEDIUM,
SE052c246df9,MNDR,V4,EP0116,IMG_0691,v4,faisal_images/IMG_0691.jpeg,tweet,F,VISIBLE,UNIT_AUTHOR (per-quote speaker not verified),1,2026-07-31,,,RECORDED_UNVERIFIED,2026-07-31,2026-08-03,,3 ي ‖ لو اختبر القاع 1.40 محتمل كبير يفشل · جسم شمعة القاع 1.50 بدون راس تسمى مطرقه او همر · شمعة حمرا = صعود قصير الامد · جسم شمعه ساقطه قبل الهمر وتكوين القاع 1.55 > اختبرها قبل صعوده بذيل شمعتين خضرا 1.60 دعم للصعود · ع فريم 4 ساعات الشرح · اذا في حال هبط لاختبار الدعوم بيكون من 1.50 ل 1.60 · 1.40 اخطر مرحله للوقف · متى يكون الدخول في حال هبط واختبر اعلاه يقرر الدخول طلبات عند الدعوم شرا من العرض خساره · الشرح اعلاه مالم تدخل فيه قروبات ع ربح 10 سنت تراكمي 😁,,V4_TRANSCRIPTION,,,,,«فشل» | «الدخول» | «الدخول» | «طلبات»,INVALID | ENTRY_PLAN | ENTRY_PLAN | ENTRY_PLAN,,,,ENTRY_PLAN+INVALID,,,0,0,,,NO,NO,0,0,YES,WAIT,MNDR_2026-07-31,,,,SOURCE_TEXT,MEDIUM,
SEaa48011cd0,MSGY,V4,EP0117,TG_20260905_07,v4,faisal_images/TG_20260905_07.jpg,reply+chart,F,OWNER_ATTESTED,UNIT_AUTHOR (per-quote speaker not verified),1,2026-09-0x,,,BOUNDED,2026-09-01,2026-09-10,,S ‖ ١.٧ دعم · الابيض مقاومة النهج الصحيح انه يختبر المقاومة ويرجع يختبر دعم مب شرط نفسه يمكن فوقه ب شوي · ١.٨<١.٩ اشوفه تجميع,,V4_TRANSCRIPTION,,,,,,,,,,,,UNKNOWN,0,0,,,NO,NO,0,0,YES,WAIT,,SEQUENCE: النهجُ الصحيح: يختبر المقاومة ثمّ يرجع يختبر الدعم — ليس شرطًا الدعمَ نفسَه بل قد يكون فوقه بقليل | CONTEXT: نطاقٌ ضيّقٌ فوق الدعم (1.8-1.9) يُقرأ تجميعًا | COLOUR: الأبيض = مقاومة,,,SOURCE_TEXT,LOW,
SE0e7e7e6ea3,MSGY,V4,EP0117,TG_50594,v4,faisal_images/TG_50594.jpg,chart,F,INFERRED_CHART,UNIT_AUTHOR (per-quote speaker not verified),1,2026-09-0x,,,BOUNDED,2026-09-01,2026-09-10,,,,V4_TRANSCRIPTION,,,,,,,,,,,,UNKNOWN,0,0,,,NO,NO,0,1,YES,NONE,,,,,CHART_ONLY,LOW,
SE3d43e558ea,MSGY,V4,EP0117,X_20260905_12,v4,faisal_images/X_20260905_12.png,tweet+chart,F,VISIBLE,UNIT_AUTHOR (per-quote speaker not verified),1,2026/9/2 12:30 ص,2026-09-01 17:30 NY,,EXACT_PRINTED,2026-09-02,2026-09-02,,$MSGY · يطبق ماذكر ادناه,,V4_TRANSCRIPTION,,,,,,,,,,,,UNKNOWN,0,0,,,NO,NO,0,0,YES,UNKNOWN,MSGY_2026-09-02,,,,SOURCE_TEXT,MEDIUM,
SE065248af00,MSGY,VISIBLE,EP0118,X_20260918_22_pipeline,s2,faisal_images/X_20260918_22_pipeline.png,Faisal's own app screenshot attached to the post,F,EYE_VERIFIED,APP_TAB,1,2026/9/13 1:44 م,2026-09-13 06:44 NY,2026-09-18,EXACT_PRINTED,2026-09-14,2026-09-14,,قائمتي,,EYE_2026-10-09,متابعة قائمه فرز اول فرز ثاني جاهزيه · - · ضع لك قائمه · فرز · تحقيق متوسطات شورت الخ تنقل السهم الى فرز 2 · - · ضغط السهم بعد جميع ماذكر نقل الى جاهزيه · - · فسال الله من فضله · فالاسهم رزق لن تسبق رزقك ماحييت ‖ الأمريكي · مغلق,,«قائمتي»,LIST,,,LIST_SNAPSHOT_VISIBLE,tab «قائمتي» selected · 5 rows visible · other tabs NOT SHOWN,,,,,0,0,,,VISIBLE_TAB_ONLY,NO,0,0,YES,NONE,,STRUCTURE: قائمة ⟵ فرزٌ أوّل ⟵ فرزٌ ثانٍ ⟵ جاهزيّة | VALIDITY: تحقيقُ المتوسّطات والشورت «الخ» ينقل السهم إلى الفرز الثاني | READY: ضغطُ السهم بعد جميع ما ذُكر ⟵ نقلٌ إلى الجاهزيّة | META: «الاسهم رزق لن تسبق رزقك»,visible membership of the «قائمتي» tab at the snapshot time only (top 5 rows),Faisal @kisar_ (verified) post; same post as X_20260918_23_watchlist (printed 2026/9/13 1:44 م there). App screenshot 1:41 «الأمريكي · مغلق»; tabs: قائمتي (selected) · الأسهم المملوكة · تحت الجاهزيه · جاهز 100%; bottom nav «قائمة المتابعة»; only the «قائمتي» tab contents are shown,LIST_SNAPSHOT,HIGH,
SE8e462d2649,MSGY,VISIBLE,EP0118,X_20260918_23_watchlist,s1,faisal_images/X_20260918_23_watchlist.png,Faisal's own app screenshot attached to the post,F,EYE_VERIFIED,APP_TAB,1,2026/9/13 1:44 م,2026-09-13 06:44 NY,2026-09-18,EXACT_PRINTED,2026-09-14,2026-09-14,,قائمتي,,EYE_2026-10-09,فسال الله من فضله · فالاسهم رزق لن تسبق رزقك ماحييت ‖ قائمتي,,«قائمتي»,LIST,,,LIST_SNAPSHOT_VISIBLE,tab «قائمتي» selected · 8 rows visible · other tabs NOT SHOWN,,,,,0,0,,,VISIBLE_TAB_ONLY,NO,0,0,YES,NONE,,,visible membership of the «قائمتي» tab at the snapshot time; says nothing about the other three tabs,continuation of X_20260918_22 — printed «2026/9/13 1:44 م · 886» ; full «قائمتي» list (8 rows + Nasdaq index row) ; selected tab «قائمتي» ; no stage/status text on any row (only bid/ask/price/change),LIST_SNAPSHOT,HIGH,
SEdd89c33463,MSGY,V4,EP0119,TG_50582,v4,faisal_images/TG_50582.jpg,chart,F,INFERRED_CHART,UNIT_AUTHOR (per-quote speaker not verified),1,2026-09-2x,,,BOUNDED,2026-09-21,2026-09-30,,,,V4_TRANSCRIPTION,,,,,,,,,,,,UNKNOWN,0,0,,,NO,NO,0,1,YES,NONE,,,,,CHART_ONLY,LOW,
SE19f88c70e3,MSGY,V4,EP0119,TG_50592,v4,faisal_images/TG_50592.jpg,app_panel,APP,VISIBLE,UNIT_AUTHOR (per-quote speaker not verified),0,2026-09-2x,,,BOUNDED,2026-09-21,2026-09-30,,السعر خارج نطاق 15% من الدعم ‖ اكتمال الشروط الآلية 7/8 · الشورت اليدوي 0/1 · الإعلان لا يؤثر ‖ دعم مؤكد · اختبار ناجح,[APP_UI] مراقب استراتيجية فيصل ‖ [APP_UI] قريب من الجاهزية,V4_TRANSCRIPTION,,,,,,,,,,,,NON_FAISAL,0,0,,,NO,NO,0,0,YES,WAIT,,APP_RULE: الجاهزيّة في التطبيق تشترط السعرَ ضمن 15% من الدعم (طرفٌ ثالث),,,APP_THIRD_PARTY,NOT_FAISAL,
SE781d4bc290,MSGY,V4,EP0119,TG_57885,v4,faisal_images/TG_57885.jpg,tweet+charts,F,VISIBLE,UNIT_AUTHOR (per-quote speaker not verified),1,2026-09-2x,,,BOUNDED,2026-09-21,2026-09-30,,ماذا حدث في MSGY · حللنا السهم بناء على المؤشرات الفنيه بتوقع صعود السهم · الاصل اهداف قريبه شموع واضحه 4-5 · ذهب ابعد مما توقعنا شمعة ساقطه عاليه ذيلها 5.60 = الاهداف المتوقعه · شمعة ارتداد بعد السقوط الى 10 · السهم غطا هذه الشمعه بنسبه 500٪ · لاحد يجزم يقين بالاهداف الاعلى او الانفجار السعري · الاصل انضباط تداول وجني ربح مع بقية 20٪ لاهداف عاليه · ماذا حصل في ELPW دبل بشمعه وهبط بشمعه,,V4_TRANSCRIPTION,,,,,«جني ربح»,EXIT,,,,EXIT,,,0,0,,,NO,NO,0,0,YES,NONE,MSGY_2026-09,TARGET: الأصلُ أهدافٌ قريبة (شموعٌ واضحة) · وذيلُ الشمعة الساقطة العالية = الهدفُ المتوقَّع · وما فوقه غيرُ مجزوم | EXIT: انضباطٌ وجني ربحٍ مع إبقاء 20% لأهدافٍ عالية,,,SOURCE_TEXT,MEDIUM,
SEf98a51db25,MSGY,V4,EP0119,TG_57886,v4,faisal_images/TG_57886.jpg,tweet+charts,F,VISIBLE,UNIT_AUTHOR (per-quote speaker not verified),1,2026-09-2x,,,BOUNDED,2026-09-21,2026-09-30,,,,V4_TRANSCRIPTION,,TG_57885,,,,,,,,,,UNKNOWN,0,0,,,NO,NO,0,1,YES,NONE,MSGY_2026-09,,,,CHART_ONLY,MEDIUM,
SEa0b1762094,MSGY,V4,EP0119,TG_57888,v4,faisal_images/TG_57888.jpg,chart,F,INFERRED_CHART,UNIT_AUTHOR (per-quote speaker not verified),1,2026-09-2x,,,BOUNDED,2026-09-21,2026-09-30,,E ‖ S,,V4_TRANSCRIPTION,,,,,,,,,,,,UNKNOWN,0,0,,,NO,NO,0,0,YES,NONE,MSGY_2026-09,,,,SOURCE_TEXT,LOW,
SE8753e3d24e,MSGY,V4,,TG_57877,v4,faisal_images/TG_57877.jpg,chat,F,INFERRED_PHONE_OWNER,UNIT_AUTHOR (per-quote speaker not verified),1,2026-09-25?,,,AMBIGUOUS,,,,سهم ابو داحم شورته بطل 😂 ‖ اليوم جميع اسهمنا ‖ حطيت طلباتي وشالهن ‖ تحركت · THH هلت اب ‖ الياباني · ماشاء الله · TDIC ELPW MSGY Fgl Thh · سلمو لي على اللي اهدافهم سنتات 👌😂🫡 ‖ اللهم لك الحمد · [مطموس] باقي,,V4_TRANSCRIPTION,,,,,«طلبات»,ENTRY_PLAN,,,,ENTRY_PLAN,,,0,0,,,NO,NO,0,0,UNKNOWN,NONE,,ENTRY_MECHANISM: الدخولُ بطلباتٍ موضوعة مسبقًا («حطيت طلباتي وشالهن»),,,SOURCE_TEXT,LOW,
SE68bc66b33d,MTEX,V4,EP0120,TG_2103,v4,faisal_images/TG_2103.jpg,tweet,F,VISIBLE_OCR,UNIT_AUTHOR (per-quote speaker not verified),1,2025/8/6,,,EXACT_DATE_PRINTED,2025-08-06,2025-08-07,PRINTED 2025-08-06 vs RECORDED 2025-08-02,الحمدلله صفقات من الاحد ل الجمعه حققت 1000٪ · يوميا صفقتين الا اذا شي طارف · تداول افتر بري فقط · جميع ماينشر ليس توصيات · 1- $SMX 200% دخوله 3 مرات · 2- $FULC 40% · 3- $HWH 110% · 4- $SCNI 150% · 5- $MTEX 15% · 6- $FGF 20% · 7- $SNGX 300% · 8- $FIEE 50% · 9- $NAMM 100٪ · 10- $CRE مفتوحه · 11- $XCUR جديد ‖ ابو نواف,,V4_TRANSCRIPTION,,,,,«دخول»,ENTRY_PLAN,,,,ENTRY_PLAN,,,0,0,,,NO,NO,0,0,NO_BARS,NONE,,INFO: «يوميا صفقتين» · «تداول افتر بري فقط» (أغسطس 2025) · SMX «دخوله 3 مرات»,,,SOURCE_TEXT,MEDIUM,PRINTED 2025-08-06 vs RECORDED 2025-08-02
SE0cf3fe2d63,MTEX,V4,,TG_1808,v4,faisal_images/TG_1808.jpg,chat,FG,NONE,UNIT_AUTHOR (per-quote speaker not verified),0,,,,AMBIGUOUS,,,,طلع ذا ‖ دخلته 6,,V4_TRANSCRIPTION,,,,,«دخلته»,ENTRY_EXECUTED,,,,,,NON_FAISAL,0,0,,,NO,NO,0,0,UNKNOWN,NONE,,,,,NON_FAISAL,NOT_FAISAL,
SE09c9cf419d,MTEX,V4,,TG_2049,v4,faisal_images/TG_2049.jpg,chart,F,CATALOG_ATTRIBUTION,UNIT_AUTHOR (per-quote speaker not verified),1,,,,AMBIGUOUS,,,,,,V4_TRANSCRIPTION,,,,,,,,,,,,UNKNOWN,0,0,,,NO,NO,0,1,UNKNOWN,NONE,,,,,CHART_ONLY,LOW,
SEcaf6101f6a,MTVA,V4,EP0121,TG_2048,v4,faisal_images/TG_2048.jpg,chart_annot,F,CATALOG_ATTRIBUTION,UNIT_AUTHOR (per-quote speaker not verified),1,2026-06-0x,,,BOUNDED,2026-06-01,2026-06-10,,فجوه سعريه,,V4_TRANSCRIPTION,,,,,,,,,,,,UNKNOWN,0,0,,,NO,NO,0,0,NO_BARS,NONE,,INFO: الصعودُ بلغ الحافةَ السفلى للفجوة السعريّة (4.315) ثمّ ارتدّ,,,SOURCE_TEXT,LOW,
SE9bfe9eade9,MWC,V4,EP0122,IMG_8127,v4,faisal_images/IMG_8127.jpeg,tweet,F,VISIBLE,UNIT_AUTHOR (per-quote speaker not verified),1,2026-06,,,BOUNDED,2026-06-01,2026-07-01,,26 د ‖ طرح جديد ب 10 · هبوط 4.70 صعود تاريخي 26 · اذا كون قمه اعلى · تبقى قاع ادنى · مستهدف هبوط 2.35 · ثباته لاحقا لكل حدث حديث · 26 مليون الاسم · تقريره · سهم mwc ياباني - تطوير برمجيات وحلول تكنولوجيا المعلومات مختصه بالسيارات والجوالات - طرح جديد تاريخ 14/5 افتتاح 8.10 - اعلى 26.38 - شورت 7 الاف - فلوت 26.68 مليون - اخباره : حصلت على جائزة التقدير المتميز ( قسم التطوير ) من شركة هوندا موتورز 21/5,,V4_TRANSCRIPTION,,,,,,,,,,,,UNKNOWN,0,0,,,NO,NO,0,0,NO_BARS,WAIT,MWC_2026-06,WAIT: طرحٌ جديدٌ بـ10 · هبط 4.70 · «مستهدف هبوط 2.35» (منطقةٌ تحت السعر) | VALIDITY: «ثباته لاحقا لكل حدث حديث» — الثباتُ يُقرأ بعد كلّ حدث | CONTEXT: بطاقة: يابانيّ · طرحٌ 14/5 افتتاح 8.10 أعلى 26.38 · شورت 7 آلاف · فلوت 26.68 مليون · جائزةٌ من هوندا 21/5,,,SOURCE_TEXT,MEDIUM,
SEb712edbb2c,MWC,V4,EP0122,TG_1893,v4,faisal_images/TG_1893.jpg,app_chart,F,CATALOG_ATTRIBUTION,UNIT_AUTHOR (per-quote speaker not verified),1,2026-06-2x,,,BOUNDED,2026-06-22,2026-06-30,,,,V4_TRANSCRIPTION,,,,,,,,,,,,UNKNOWN,0,0,,,NO,NO,0,1,NO_BARS,NONE,,,,,CHART_ONLY,LOW,
SEd1719eaa44,MWC,V4,EP0122,TG_1896,v4,faisal_images/TG_1896.jpg,chart,F,CATALOG_ATTRIBUTION,UNIT_AUTHOR (per-quote speaker not verified),1,2026-06-2x,,,BOUNDED,2026-06-22,2026-06-30,,,,V4_TRANSCRIPTION,,,,,,,,,,,,UNKNOWN,0,0,,,NO,NO,0,1,NO_BARS,NONE,,,,,CHART_ONLY,LOW,
SE8fb2264d92,NAMM,V4,EP0123,TG_2103,v4,faisal_images/TG_2103.jpg,tweet,F,VISIBLE_OCR,UNIT_AUTHOR (per-quote speaker not verified),1,2025/8/6,,,EXACT_DATE_PRINTED,2025-08-06,2025-08-07,PRINTED 2025-08-06 vs RECORDED 2025-08-02,الحمدلله صفقات من الاحد ل الجمعه حققت 1000٪ · يوميا صفقتين الا اذا شي طارف · تداول افتر بري فقط · جميع ماينشر ليس توصيات · 1- $SMX 200% دخوله 3 مرات · 2- $FULC 40% · 3- $HWH 110% · 4- $SCNI 150% · 5- $MTEX 15% · 6- $FGF 20% · 7- $SNGX 300% · 8- $FIEE 50% · 9- $NAMM 100٪ · 10- $CRE مفتوحه · 11- $XCUR جديد ‖ ابو نواف,,V4_TRANSCRIPTION,,,,,«دخول»,ENTRY_PLAN,,,,ENTRY_PLAN,,,0,0,,,NO,NO,0,0,NO_BARS,NONE,,INFO: «يوميا صفقتين» · «تداول افتر بري فقط» (أغسطس 2025) · SMX «دخوله 3 مرات»,,,SOURCE_TEXT,MEDIUM,PRINTED 2025-08-06 vs RECORDED 2025-08-02
SE7338bcf9f4,NAMM,V4,EP0124,TG_1858,v4,faisal_images/TG_1858.jpg,tweet+chart,F,VISIBLE_OCR,UNIT_AUTHOR (per-quote speaker not verified),1,2026-06-02,,,RECORDED_UNVERIFIED,2026-06-02,2026-06-03,,يحول الفريم ع 4 ساعات · 2 مفترض مايرجع لها كدعم اساسي · 2.20 دعم فرعي · شرح للشموع فقط,,V4_TRANSCRIPTION,,,,,,,,,,,,UNKNOWN,0,0,,,NO,NO,0,0,NO_BARS,NONE,,INFO: دعمٌ أساسيّ (لا يُفترض الرجوع إليه) ودعمٌ فرعيّ أقرب,,,SOURCE_TEXT,MEDIUM,
SE3ec63c0074,NAMM,V4,,TG_2175,v4,faisal_images/TG_2175.jpg,edu_post,EDU,VISIBLE_CHANNEL,UNIT_AUTHOR (per-quote speaker not verified),0,,,,AMBIGUOUS,,,,قناة تعليمية ‖ NAMM مازالت شموع فوق 2 اجابيه · السيوله داخل الشموع ‖ مقاومة 4.10,,V4_TRANSCRIPTION,,,,,,,,,,,,NON_FAISAL,0,0,,,NO,NO,0,0,UNKNOWN,NONE,,,,,NON_FAISAL,NOT_FAISAL,
SE2285e5a880,NCT,VISIBLE,EP0125,TG_58421,s1,faisal_images/TG_58421.jpg,X post,F,EYE_VERIFIED,F,1,2026/9/30 2:2 ص,2026-09-29 19:02 NY,2026-10-07,EXACT_PRINTED,2026-09-30,2026-09-30,,هابط من 8 بعد التقسيم,,EYE_2026-10-09,,,,,,,,,,,,UNKNOWN,0,0,,,NO,NO,0,0,YES,,,,first observed attention to NCT (a mention with borrow data); no stage or action word,"Faisal post printed «2:02 ص · 2026/9/30 · 23 ألف» with an NCT borrow-fee table (as of 2026-09-29 18:49 EDT, 600 available, 516.79%) and an NCT quote (after close 1.89 −24.40%)",SOURCE_TEXT,HIGH,
SE072083c513,NCT,VISIBLE,EP0126,TG_58423,s1,faisal_images/TG_58423.jpg,chart annotations in a Faisal post,F,EYE_VERIFIED,F,1,2026/10/2 11:42 ص,2026-10-02 04:42 NY,2026-10-07,EXACT_PRINTED,2026-10-02,2026-10-02,,6 تخضع لامور فنية كبير شرط وصول السهم الى شمعة الهبوط العاليه / 6 لازم السهم يتحرر من 3 ويثبت عليها / 2.60 مقاومه عاليه للموجات الهابطه,,EYE_2026-10-09,,,,,,,,,,,,UNKNOWN,0,0,,,NO,NO,0,0,YES,,,,conditional targets/resistances; no stage or action word,Faisal post printed «11:42 ص · 2026/10/2» — an annotated NCT 4-hour chart (Pre Market 1.550 +6.16%),SOURCE_TEXT,HIGH,
SE6f9901f1a6,NCT,VISIBLE,EP0127,TG_58526,s1,faisal_images/TG_58526.jpg,X post,F,EYE_VERIFIED,F,1,posted 20:45–20:51 New York on 2026-10-07 (attachment 07/10-20:45:28 EDT; device 3:51 Riyadh),,2026-10-08,EXACT_DERIVED,2026-10-08,2026-10-08,,السهم كان فيه حراج عليه / الحاصل مضارب هبده 1.14 / - / علمنا فهمنا كررنا / مافيه عقل بشري يصدق ان قروب يستطيع رفع سهم / - / 1.24 دعم لابد يختبره,,EYE_2026-10-09,,,,,,,,,,,,UNKNOWN,0,0,,,NO,NO,0,0,YES,,CASE_0003,,waiting for a support test (1.24),prospective sealed case CASE_0003,SOURCE_TEXT,HIGH,
SEa05e27e5ee,NCT,V4,,TG_1906,v4,faisal_images/TG_1906.jpg,chart,F,CATALOG_ATTRIBUTION,UNIT_AUTHOR (per-quote speaker not verified),1,,,,AMBIGUOUS,,,,,,V4_TRANSCRIPTION,,,,,,,,,,,,UNKNOWN,0,0,,,NO,NO,0,1,UNKNOWN,NONE,,,,,CHART_ONLY,LOW,
SEef5d0bf25e,NCT,V4,,TG_2100,v4,faisal_images/TG_2100.jpg,chart_annot,F,CATALOG_ATTRIBUTION,UNIT_AUTHOR (per-quote speaker not verified),1,,,,AMBIGUOUS,,,,مقاومات,,V4_TRANSCRIPTION,,,,,,,,,,,,UNKNOWN,0,0,,,NO,NO,0,0,UNKNOWN,NONE,,,,,SOURCE_TEXT,LOW,
SE588be489ca,NCT,V4,,TG_2101,v4,faisal_images/TG_2101.jpg,chart,F,CATALOG_ATTRIBUTION,UNIT_AUTHOR (per-quote speaker not verified),1,,,,AMBIGUOUS,,,,,,V4_TRANSCRIPTION,,,,,,,,,,,,UNKNOWN,0,0,,,NO,NO,0,1,UNKNOWN,NONE,,,,,CHART_ONLY,LOW,
SE6bc153953a,NCT,V4,,TG_2175,v4,faisal_images/TG_2175.jpg,edu_post,EDU,VISIBLE_CHANNEL,UNIT_AUTHOR (per-quote speaker not verified),0,,,,AMBIGUOUS,,,,قناة تعليمية ‖ NAMM مازالت شموع فوق 2 اجابيه · السيوله داخل الشموع ‖ مقاومة 4.10,,V4_TRANSCRIPTION,,,,,,,,,,,,NON_FAISAL,0,0,,,NO,NO,0,0,UNKNOWN,NONE,,,,,NON_FAISAL,NOT_FAISAL,
SEc94c9f36b4,NCT,V4,,TG_2179,v4,faisal_images/TG_2179.jpg,edu_post,EDU,CATALOG_ATTRIBUTION,UNIT_AUTHOR (per-quote speaker not verified),0,,,,AMBIGUOUS,,,,قناة تعليمية ‖ 3.70 مقاومه قادمه اما فشل او نجاح,,V4_TRANSCRIPTION,,,,,«فشل»,INVALID,,,,,,NON_FAISAL,0,0,,,NO,NO,0,0,UNKNOWN,UNKNOWN,,,,,NON_FAISAL,NOT_FAISAL,
SE068c2f1ce2,NCT,V4,,TG_2180,v4,faisal_images/TG_2180.jpg,edu_post,EDU,CATALOG_ATTRIBUTION,UNIT_AUTHOR (per-quote speaker not verified),0,,,,AMBIGUOUS,,,,قناة تعليمية ‖ تابع تعلم ثم طبق · هل ينجح في اختراق مقاومته او لا 🤷 ‖ فريمات اصغر · 3.68 المقاومه الحاليه · 3.40 · 3.34 دعوم,,V4_TRANSCRIPTION,,,,,«تابع»,MONITOR,,,,,,NON_FAISAL,0,0,,,NO,NO,0,0,UNKNOWN,UNKNOWN,,,,,NON_FAISAL,NOT_FAISAL,
SE98dc2cc280,NEXR,V4,EP0128,TG_2120,v4,faisal_images/TG_2120.jpg,chart,F,CATALOG_ATTRIBUTION,UNIT_AUTHOR (per-quote speaker not verified),1,2026-04-0x,,,BOUNDED,2026-04-01,2026-04-10,,,,V4_TRANSCRIPTION,,,,,,,,,,,,UNKNOWN,0,0,,,NO,NO,0,1,NO_BARS,NONE,,,,,CHART_ONLY,LOW,
SE1f96dcce3a,NEXR,VISIBLE,EP0129,TG_58400,s1,faisal_images/TG_58400.jpg,chart annotation,UNKNOWN,EYE_READ_AUTHOR_NOT_VISIBLE,UNKNOWN,0,no date; chart axis to 10/05; committed 2026-10-07,,2026-10-07,BOUNDED,2026-09-29,2026-10-07,,تحت الجاهزيه انتظار ضغط مضارب / مقاومه 1 / مقاومه 2 / مقاومه 3 / الموجه الهابطه,,EYE_2026-10-09,,,«تحت الجاهزيه»,UNDER_READINESS,«انتظار» | «ضغط»,WAIT | PRESS,,,,,,NON_FAISAL,0,0,,,NO,NO,0,0,NO_BARS,,,,the only image in the corpus that applies «تحت الجاهزيه» to a named stock — and it pairs it with waiting for operator pressure; author UNKNOWN ⇒ not a Faisal label,"NEXR 4-hour chart (After Hours 0.9900) with annotations; no author, no post, no date (axis 09/17 … 10/05); batch B48 annotates the author as UNKNOWN",NON_FAISAL,NOT_FAISAL,
SE6a8c83e6fd,NRSN,V4,EP0130,TG_57867,v4,faisal_images/TG_57867.jpg,tweet+charts,F,VISIBLE,UNIT_AUTHOR (per-quote speaker not verified),1,2026/9/27 1:43 م,2026-09-27 06:43 NY,,EXACT_PRINTED,2026-09-28,2026-09-28,,اعادة الاخبار شمعة ساقطه قبل التقسيم 5 · ضغط متوقع 20> 30٪ · 🇮🇱 سهم يهودي اسرائيلي لباحث عن الشرعيه ‖ حقق المقاومه ‖ انتظار تحقيق الدعم او سحب السيوله,,V4_TRANSCRIPTION,,,,,«ضغط» | «انتظار»,PRESS | WAIT,,,,WAIT+PRESS_MENTION,,,0,0,,,NO,NO,0,0,YES,WAIT,,WAIT: بعد اختبار المقاومة: ضغطٌ متوقَّع 20-30% ⟵ انتظارُ تحقيق الدعم أو سحب السيولة | TARGET: شمعةٌ ساقطة قبل التقسيم (5) هدفٌ مرجعيّ | FILTER_INFO: إشارةٌ للشرعيّة (سهمٌ إسرائيليّ) — معلومةٌ للمتابع لا شرطٌ فنّيّ,,,SOURCE_TEXT,MEDIUM,
SEdbf4dc6455,NTCL,V4,EP0131,CH_20260918_16_NTCL,v4,faisal_images/CH_20260918_16_NTCL.jpg,chart,F,VISIBLE_LINKED,UNIT_AUTHOR (per-quote speaker not verified),1,2026-09-1x,,,BOUNDED,2026-09-10,2026-09-21,,,,V4_TRANSCRIPTION,,,,,,,,,,,,UNKNOWN,0,0,,,NO,NO,0,1,YES,NONE,NTCL_2026-09,VALIDITY: يدٌ 👉 تشير إلى قاع RSI اليوميّ ‏≈33-34 (لم يبلغ 27),,,CHART_ONLY,MEDIUM,
SE45bc16034b,NTCL,V4,EP0131,CH_20260918_17_NTCL,v4,faisal_images/CH_20260918_17_NTCL.jpg,chart_annot,F,CONTEXT_LINKED,UNIT_AUTHOR (per-quote speaker not verified),1,2026-09-1x,,,BOUNDED,2026-09-10,2026-09-21,,مقاومات لاين اسود,,V4_TRANSCRIPTION,,,,,,,,,,,,UNKNOWN,0,0,,,NO,NO,0,0,YES,NONE,NTCL_2026-09,S_R: «مقاومات لاين اسود» — الخطُّ الأسود = مقاومة,,,SOURCE_TEXT,LOW,
SE6a8eb45919,NTCL,V4,EP0131,TG_20260918_08_NTCL,v4,faisal_images/TG_20260918_08_NTCL.jpg,dm+chart,F,INFERRED_DEVICE_LINKED,UNIT_AUTHOR (per-quote speaker not verified),1,2026-09-1x,,,BOUNDED,2026-09-10,2026-09-21,,S ‖ E ‖ الاهداف فوق 100٪ · 7 مؤكده والله اعلم 250٪ · 13> 15 شموع ساقطه لايجزم فيها ‖ منهج فيصل.pdf,,V4_TRANSCRIPTION,,,,,,,,,,,,UNKNOWN,0,0,,,NO,NO,0,0,YES,NONE,,TARGET: الأهدافُ فوق ‏+100% · «7 مؤكدة» (قراءتان) · والشموعُ الساقطة البعيدة (13-15) لا يُجزم فيها,,,SOURCE_TEXT,LOW,
SE1c54cf7d31,NTCL,V4,EP0131,TG_20260918_30_targets7,v4,faisal_images/TG_20260918_30_targets7.jpg,edu_post,EDU,CATALOG_ATTRIBUTION,UNIT_AUTHOR (per-quote speaker not verified),0,2026-09-1x,,,BOUNDED,2026-09-10,2026-09-21,,لما تتكمن وتعرف السلوك وتعرف كيف السهم يصعد ويصحح وتعرف كيف تطلع من السهم لو خالف الاهداف هاك الساعه ممكن اعطيك مختصر تحليل مثل كذا · طيب خالف المضارب هدفي 7 اجلس انتظر تحليل فيصل يوصل 7 السهم يهبط وانا اتفرج هذا معنى تفهم قبل وتتعلم قبل,,V4_TRANSCRIPTION,,,,,«انتظر»,WAIT,,,,,,NON_FAISAL,0,0,,,NO,NO,0,0,YES,NONE,,EDU: الهدفُ المنصوص ليس أمرَ انتظار: إن خالف المضاربُ الهدف فالخروجُ مسؤوليّةُ المتداول (لا انتظارَ بلوغه والسهمُ يهبط),,,NON_FAISAL,NOT_FAISAL,
SE342f830209,NTCL,V4,EP0131,X_20260918_15_NTCL,v4,faisal_images/X_20260918_15_NTCL.png,reply+chart,F,VISIBLE,UNIT_AUTHOR (per-quote speaker not verified),1,2026-09-1x,,,BOUNDED,2026-09-10,2026-09-21,,TikTok ▶ ‖ 3 د ‖ طيب يبو بدر راجعت السهم ماوصل rsi27 ؟,,V4_TRANSCRIPTION,,,,,,,,,,,,UNKNOWN,0,0,,,NO,NO,0,0,YES,NONE,NTCL_2026-09,,,,SOURCE_TEXT,MEDIUM,
SE658ab38e17,NTCL,V4,EP0131,TG_57921,v4,faisal_images/TG_57921.jpg,app_panel,APP,VISIBLE,UNIT_AUTHOR (per-quote speaker not verified),0,2026-09-15,,,RECORDED_UNVERIFIED,2026-09-15,2026-09-16,,اختبار ناجح · بعيد عن الدعم ‖ ✓ أسفل جميع EMA ‖ ينقصه ثبات يومي جلستين على الأقل,[APP_UI] قريب من الجاهزية,V4_TRANSCRIPTION,,,,,,,,,,,,NON_FAISAL,0,0,,,NO,NO,0,0,YES,WAIT,,,,,APP_THIRD_PARTY,NOT_FAISAL,
SEf464325285,NTCL,V4,EP0131,TG_57922,v4,faisal_images/TG_57922.jpg,app_panel,APP,VISIBLE,UNIT_AUTHOR (per-quote speaker not verified),0,2026-09-15,,,RECORDED_UNVERIFIED,2026-09-15,2026-09-16,,بيانات التقسيم ومنطقة الهدف,,V4_TRANSCRIPTION,,,,,,,,,,,,NON_FAISAL,0,0,,,NO,NO,0,0,YES,NONE,,,,,APP_THIRD_PARTY,NOT_FAISAL,
SE70dbb56f00,NTCL,V4,EP0131,TG_57923,v4,faisal_images/TG_57923.jpg,app_panel,APP,VISIBLE,UNIT_AUTHOR (per-quote speaker not verified),0,2026-09-15,,,RECORDED_UNVERIFIED,2026-09-15,2026-09-16,,ينقصه ثبات يومي جلستين على الأقل ‖ السعر خارج نطاق 15% من الدعم ‖ اكتمال الشروط الآلية 6/8 · الشورت اليدوي 0/1 · الإعلان لا يؤثر,[APP_UI] قريب من الجاهزية,V4_TRANSCRIPTION,,,,,,,,,,,,NON_FAISAL,0,0,,,NO,NO,0,0,YES,WAIT,,,,,APP_THIRD_PARTY,NOT_FAISAL,
SE867e10cd24,NTCL,V4,EP0132,TG_57912,v4,faisal_images/TG_57912.jpg,app_panel,APP,VISIBLE,UNIT_AUTHOR (per-quote speaker not verified),0,2026-09-25,,,RECORDED_UNVERIFIED,2026-09-25,2026-09-28,,بيانات التقسيم ومنطقة الهدف,[APP_UI] مراقب استراتيجية فيصل,V4_TRANSCRIPTION,,,,,,,,,,,,NON_FAISAL,0,0,,,NO,NO,0,0,YES,WAIT,,APP_RULE: منطقةُ هدف التقسيم: افتتاحُ يوم التقسيم وأعلى أوّل 4 ساعات (تطابق TG_57912 في الكاتالوج §31 وsplit_day_card عندنا),,,APP_THIRD_PARTY,NOT_FAISAL,
SE108342341b,NTCL,V4,EP0132,TG_57913,v4,faisal_images/TG_57913.jpg,app_panel,APP,VISIBLE,UNIT_AUTHOR (per-quote speaker not verified),0,2026-09-25,,,RECORDED_UNVERIFIED,2026-09-25,2026-09-28,,ينقصه ثبات يومي جلستين على الأقل ‖ السعر خارج نطاق 15% من الدعم ‖ اكتمال الشروط الفنية 6/8 · شرط الشورت 1/1 · الإعلان لا يؤثر ‖ دعم مؤكد · اختبار ناجح,[APP_UI] قريب من الجاهزية,V4_TRANSCRIPTION,,,,,,,,,,,,NON_FAISAL,0,0,,,NO,NO,0,0,YES,WAIT,,,,,APP_THIRD_PARTY,NOT_FAISAL,
SE3a8abe5916,NTCL,V4,EP0132,TG_57914,v4,faisal_images/TG_57914.jpg,app_panel,APP,VISIBLE,UNIT_AUTHOR (per-quote speaker not verified),0,2026-09-25,,,RECORDED_UNVERIFIED,2026-09-25,2026-09-28,,اختبار ناجح · بعيد عن الدعم ‖ ✓ أسفل جميع EMA ‖ انتظار إعادة الاختبار · ممتاز 0–5% ‖ ✓ أسفل جميع EMA,,V4_TRANSCRIPTION,,,,,«انتظار»,WAIT,,,,,,NON_FAISAL,0,0,,,NO,NO,0,0,YES,WAIT,,APP_RULE: نطاقُ «ممتاز» عند التطبيق: السعرُ ضمن 0-5% فوق الدعم · و«بعيد» فوق 15%,,,APP_THIRD_PARTY,NOT_FAISAL,
SEc2800fc7b0,NTCL,V4,EP0132,TG_57915,v4,faisal_images/TG_57915.jpg,app_panel,APP,VISIBLE,UNIT_AUTHOR (per-quote speaker not verified),0,2026-09-25,,,RECORDED_UNVERIFIED,2026-09-25,2026-09-28,,طرح، شطب، خبر إيجابي… ‖ المتوسطات اليومية ‖ ✓ السعر أسفل المتوسطات الثلاثة ‖ Free Float والتحقق — يُجلب تلقائيًا ويمكن توثيقه أو تصحيحه يدويًا · الحد النهائي 5 ملايين,,V4_TRANSCRIPTION,,,,,,,,,,,,NON_FAISAL,0,0,,,NO,NO,0,0,YES,NONE,,APP_RULE: شرطُ التطبيق: السعرُ أسفل EMA20/30/50 اليوميّة · وحدُّ الفلوت 5 ملايين,,,APP_THIRD_PARTY,NOT_FAISAL,
SE394cebc08b,NTCL,V4,EP0132,TG_57916,v4,faisal_images/TG_57916.jpg,app_panel,APP,VISIBLE,UNIT_AUTHOR (per-quote speaker not verified),0,2026-09-25,,,RECORDED_UNVERIFIED,2026-09-25,2026-09-28,,الشورت وآخر الأخبار ‖ يُحدث iBorrowDesk تلقائيًا ما لم توجد قيمة يدوية … الأخبار وصفية ولا تغيّر القائمة ‖ IBKR عبر iBorrowDesk ‖ بانتظار آخر خبرين من Massive,,V4_TRANSCRIPTION,,,«القائمة»,LIST,«بانتظار»,WAIT,,,,,,NON_FAISAL,0,0,,,NO,NO,0,0,YES,NONE,,APP_RULE: الشورتُ = المتاحُ للاقتراض (IBKR) · والأخبارُ وصفيّةٌ لا تغيّر القائمة,,,APP_THIRD_PARTY,NOT_FAISAL,
SEd6a20b8a3e,NTCL,V4,EP0132,TG_57917,v4,faisal_images/TG_57917.jpg,app_panel,APP,VISIBLE,UNIT_AUTHOR (per-quote speaker not verified),0,2026-09-25,,,RECORDED_UNVERIFIED,2026-09-25,2026-09-28,,تحليل يومي و4 ساعات ‖ اليومي يحدد الدورة و4H يؤكد توقيت الدعم؛ لا يلزم تطابق كل المؤشرات معًا,,V4_TRANSCRIPTION,,,,,,,,,,,,NON_FAISAL,0,0,,,NO,NO,0,0,YES,NONE,,APP_RULE: اليوميّ يحدّد الدورة و4س يؤكّد توقيتَ الدعم · ومنطقةُ اختبار الدعم 0-15%,,,APP_THIRD_PARTY,NOT_FAISAL,
SEdd58e15bd7,NTCL,V4,EP0132,TG_57918,v4,faisal_images/TG_57918.jpg,app_panel,APP,VISIBLE,UNIT_AUTHOR (per-quote speaker not verified),0,2026-09-25,,,RECORDED_UNVERIFIED,2026-09-25,2026-09-28,,الفلوت الحديث 5 ملايين أو أقل — مطابق ‖ تطورات السهم الآلية ‖ بدأت دورة دعم رقم 6 · 19 سبتمبر 2026 · إغلاق يومي مؤكد تحت القاع السابق ثم اعتماد قاع جديد,,V4_TRANSCRIPTION,,,,,,,,,,,,NON_FAISAL,0,0,,,NO,NO,0,0,YES,NONE,,APP_RULE: إعادةُ ضبط الدورة: إغلاقٌ يوميٌّ مؤكَّد تحت القاع السابق ⟵ اعتمادُ قاعٍ جديد (دورةٌ جديدة),,,APP_THIRD_PARTY,NOT_FAISAL,
SE148c2fc588,NTCL,V4,EP0132,TG_57919,v4,faisal_images/TG_57919.jpg,app_panel,APP,VISIBLE,UNIT_AUTHOR (per-quote speaker not verified),0,2026-09-25,,,RECORDED_UNVERIFIED,2026-09-25,2026-09-28,,Free Float والتحقق ‖ المصدر المعتمد: TradingView · تاريخ التحقق 25 سبتمبر 2026 · جلب آلي ‖ منصة سهم + SEC ‖ ✓ السعر أسفل المتوسطات الثلاثة,,V4_TRANSCRIPTION,,,,,,,,,,,,NON_FAISAL,0,0,,,NO,NO,0,0,YES,NONE,,,,,APP_THIRD_PARTY,NOT_FAISAL,
SE1edb58752c,NUWE,V4,EP0133,IMG_0414,v4,faisal_images/IMG_0414.jpeg,chat+chart,F,INFERRED_DEVICE_LINKED,UNIT_AUTHOR (per-quote speaker not verified),1,2026-07-26,,,RECORDED_UNVERIFIED,2026-07-27,2026-07-27,,Nuwe ‖ Nuwe · الأحد · دق القاع الجمعه 1.80 · عنده فجوه من [مطموس] · - · الهدف الاول شمعه التقسيم 3.81 · هدف ثاني [مطموس] شمعة الفجوه الساقطه · الهدف الثالث [مطموس] راس شمعة الفجوه الساقطه · - · [مطموس] اما يشده جميع ل[…] · او يلعب موجات,,V4_TRANSCRIPTION,,,,,,,,,,,,UNKNOWN,0,0,,,NO,NO,0,0,YES,UNKNOWN,NUWE_2026-07,STRUCTURE: «دق القاع الجمعه 1.80» (تأريخُ القاع) | TARGET: الهدفُ الأوّل شمعةُ التقسيم 3.81 · الثاني شمعةُ الفجوة الساقطة · الثالث رأسُ شمعة الفجوة الساقطة | TARGET_TIMING: «اما يشده جميع … او يلعب موجات» — دفعةً واحدة أو موجات,,,SOURCE_TEXT,LOW,
SEbd1cf9110a,NUWE,V4,EP0133,IMG_0413,v4,faisal_images/IMG_0413.jpeg,chat+chart,F,INFERRED_DEVICE_LINKED,UNIT_AUTHOR (per-quote speaker not verified),1,2026-07-28,,,RECORDED_UNVERIFIED,2026-07-28,2026-07-29,,هذي اهداف السهم · الشرط الان ثبات 1.95 · عدم كسر 1.83 · - · الاقرب في حال ثبات السهم 4-[مطموس] ‖ غدا الفدرالي الاسهم اغلبها ثابته ‖ جمل الله حالك,,V4_TRANSCRIPTION,,,,,,,,,,,,UNKNOWN,0,0,,,NO,NO,0,0,YES,WAIT,NUWE_2026-07,VALIDITY: «الشرط الان ثبات 1.95 · عدم كسر 1.83» | TARGET: «هذي اهداف السهم» · والأقربُ إن ثبت 4-… | CONTEXT: «غدا الفدرالي الاسهم اغلبها ثابته» — حدثُ الاقتصاد الكلّيّ سياق,,,SOURCE_TEXT,LOW,
SE476fceb87d,NUWE,V4,EP0133,IMG_0430,v4,faisal_images/IMG_0430.png,app_screenshot,AI,OWNER_STATEMENT,UNIT_AUTHOR (per-quote speaker not verified),0,2026-07-29,,,RECORDED_UNVERIFIED,2026-07-29,2026-07-30,,الارتكاز ‖ اهم شي عندنا سهم nuwe سهم كان مرشح امس و حقق 100٪ لا تكون هذي التعديلات تخرب اداة الأسهم المقسمة و عندي ملاحظه اليوم رجع يعطيني تنبية له بسبب ان الفرز كان على حسب سعر الاغلاق الرسمي مب سعر الافتر ف هذي ملاحظه مهمة جدا … ‖ ملاحظتك هذي ذهب … تشغيلة اليوم: «1 مطابق كامل,,V4_TRANSCRIPTION,,,«فرز»,SORT,,,,,,,,NON_FAISAL,0,0,,,NO,NO,0,0,YES,NONE,NUWE_2026-07,,,,NON_FAISAL,NOT_FAISAL,
SE8262a5a317,NUWE,V4,EP0134,CH_20260918_39_NUWE,v4,faisal_images/CH_20260918_39_NUWE.jpg,chart,EDU,CHANNEL_NAMED_IN_SET,UNIT_AUTHOR (per-quote speaker not verified),0,2026-09-04,,,RECORDED_UNVERIFIED,2026-09-04,2026-09-08,,,,V4_TRANSCRIPTION,,,,,,,,,,,,NON_FAISAL,0,0,,,NO,NO,0,1,YES,NONE,NUWE_2026-09-04,,,,NON_FAISAL,NOT_FAISAL,
SE31a397278b,NUWE,V4,EP0134,CH_20260918_45_NUWE,v4,faisal_images/CH_20260918_45_NUWE.jpg,chart,U,CONTEXT_LINKED,UNIT_AUTHOR (per-quote speaker not verified),0,2026-09-04,,,RECORDED_UNVERIFIED,2026-09-04,2026-09-08,,,,V4_TRANSCRIPTION,,,,,,,,,,,,NON_FAISAL,0,0,,,NO,NO,0,1,YES,NONE,NUWE_2026-09-04,,,,NON_FAISAL,NOT_FAISAL,
SEc842bc0968,NUWE,V4,EP0134,TG_20260918_37_NUWE,v4,faisal_images/TG_20260918_37_NUWE.jpg,edu_post,EDU,CATALOG_ATTRIBUTION,UNIT_AUTHOR (per-quote speaker not verified),0,2026-09-04,,,RECORDED_UNVERIFIED,2026-09-04,2026-09-08,,الفريم اليومي اختلاف اخر مع توافق 80 سنت · جسم شمعه هابطه · راس شمعه حمرا اختبار وهبط · راس شمعه ثانيه حمرا اخترق وهكذا · Rsi تحت شف كم,,V4_TRANSCRIPTION,,,,,,,,,,,,NON_FAISAL,0,0,,,NO,NO,0,0,YES,NONE,NUWE_2026-09-04,TARGET: رؤوسُ الشموع الحمرا مستوياتٌ: رأسٌ اختبر وهبط · رأسٌ ثانٍ اخترق «وهكذا» | SR: اختلافُ القراءة بين الفريمين مع توافقٍ عند 0.80,,,NON_FAISAL,NOT_FAISAL,
SEce979c3315,NUWE,V4,EP0134,TG_20260918_38_NUWE,v4,faisal_images/TG_20260918_38_NUWE.jpg,edu_post,EDU,CATALOG_ATTRIBUTION,UNIT_AUTHOR (per-quote speaker not verified),0,2026-09-04,,,RECORDED_UNVERIFIED,2026-09-04,2026-09-08,,هنا تتابع القاع 69 سنت ع 4 ساعات ع يومي يختلف 71 سنت · لذلك دايم نقول دقة التحليل مهمه هذا علم · مهابد زر شرا وامنيات السهم بيصعد · لو قررت انا ادخل السهم هذا كيف · مادخل مناطق ضبابيه الان · اما انتظر يختبر القاع ولايكسره او يسحب السيوله ل 60 سنت · او انتظر يثبت فوق 80 سنت جسم اخر شمعه يسار قبل يهبط,,V4_TRANSCRIPTION,,,,,«تابع» | «مادخل» | «انتظر» | «انتظر»,MONITOR | NO_ENTRY | WAIT | WAIT,,,,,,NON_FAISAL,0,0,,,NO,NO,0,0,YES,WAIT,NUWE_2026-09-04,ENTRY: لا دخولَ في «المناطق الضبابيّة»: إمّا اختبارُ القاع بلا كسر · أو سحبُ سيولةٍ إلى 0.60 · أو ثباتٌ فوق 0.80 (جسمُ آخر شمعةٍ قبل الهبوط) | SR: القاعُ يختلف بين 4س (0.69) واليوميّ (0.71) — «دقّةُ التحليل مهمّة»,,,NON_FAISAL,NOT_FAISAL,
SEeb7e3e8988,NUWE,V4,EP0134,TG_20260918_40_NUWE,v4,faisal_images/TG_20260918_40_NUWE.jpg,edu_post,EDU,CHANNEL_NAMED_IN_SET,UNIT_AUTHOR (per-quote speaker not verified),0,2026-09-04,,,RECORDED_UNVERIFIED,2026-09-04,2026-09-08,,بعدها تشوف كيف يصعد وكم نسبه وكم هدف وين الهدف اللي تتوقع يوصله يهبط يختبر الدعم الجديد ‖ كيف تحسب 0.69+15٪=0.794,,V4_TRANSCRIPTION,,,,,,,,,,,,NON_FAISAL,0,0,,,NO,NO,0,0,YES,NONE,NUWE_2026-09-04,SEQUENCE: بعد الصعود: كم النسبة · كم الهدف · ثمّ يهبط يختبر الدعم الجديد | TARGET: ارتدادُ الاختبار: القاع ‏+15% (0.69 ⟵ 0.794) — تطبيقٌ لنطاق فيصل 15-25% (X_20260918_11),,,NON_FAISAL,NOT_FAISAL,
SE899a25a51f,NUWE,V4,EP0134,TG_20260918_42_NUWE,v4,faisal_images/TG_20260918_42_NUWE.png,edu_post,EDU,VISIBLE_CHANNEL,UNIT_AUTHOR (per-quote speaker not verified),0,2026-09-04,,,RECORDED_UNVERIFIED,2026-09-04,2026-09-08,,قناة تعليمية ‖ منهج فيصل.pdf ‖ …الشرح اعلاه ‖ هذا سهم ماصعد جالس يعمل نفس الشرح اعلاه ‖ احسب الان كم يوم مضى من ضرب 69 سنت · احسب الدعم كم · احسب كم طلع نسبه 82 سنت · احسب توقع يرجع يختبر الدعم,,V4_TRANSCRIPTION,,,,,,,,,,,,NON_FAISAL,0,0,,,NO,NO,0,0,YES,WAIT,NUWE_2026-09-04,SEQUENCE: احسب الأيّام منذ القاع (0.69) · والدعم · ونسبة الصعود (0.82 = ‏+18.8%) · ثمّ توقّع رجوعًا يختبر الدعم,,,NON_FAISAL,NOT_FAISAL,
SE0e9124d091,NUWE,VISIBLE,EP0134,WA_20260918_46_NUWE,s1,faisal_images/WA_20260918_46_NUWE.jpg,WhatsApp group (outgoing),F_inferred,EYE_READ_AUTHOR_NOT_VISIBLE,F,1,2026-09-04,,2026-09-18,RECORDED_UNVERIFIED,2026-09-04,2026-09-08,statement undated in the image; V4 unit date used,اخر دعم للسهم 60 سنت / - / تحرر السهم 95 سنت / - / الاهداف المتوقعه 1.35 / فوقها ممكن 2 > 2.30,,EYE_2026-10-09,هوامير ناسداك ‖ اخر دعم للسهم 60 سنت · - · تحرر السهم 95 سنت · - · الاهداف المتوقعه 1.35 · فوقها ممكن 2 > 2.30 · -,,,,,,,,,,,UNKNOWN,0,0,,,NO,NO,0,0,YES,WAIT,NUWE_2026-09-04,INVALIDATION: «اخر دعم للسهم 60 سنت» | CONFIRMATION: «تحرر السهم 95 سنت» | TARGET: «الاهداف المتوقعه 1.35 · فوقها ممكن 2 > 2.30»,levels and targets; no stage or action word,WhatsApp group (members' names omitted); outgoing green bubble 12:38 ص with two NUWE charts; no date,SOURCE_TEXT,MEDIUM,statement undated in the image; V4 unit date used
SE8081bd5963,NUWE,V4,EP0135,CH_20260918_07_NUWE,v4,faisal_images/CH_20260918_07_NUWE.jpg,chart_drawn,F,CONTEXT_LINKED,UNIT_AUTHOR (per-quote speaker not verified),1,2026-09-1x,,,BOUNDED,2026-09-10,2026-09-21,,خط العنق ‖ قاع مزدوج,,V4_TRANSCRIPTION,,,,,,,,,,,,UNKNOWN,0,0,,,NO,NO,0,0,YES,NONE,NUWE_2026-09-1x,PATTERN: «قاع مزدوج» ‏+ «خط العنق» مرسومان على 4 ساعات,,,SOURCE_TEXT,LOW,
SE96b9d66981,NUWE,V4,EP0135,CH_20260918_14_NUWE,v4,faisal_images/CH_20260918_14_NUWE.jpg,chart,U,NONE,UNIT_AUTHOR (per-quote speaker not verified),0,2026-09-1x,,,BOUNDED,2026-09-10,2026-09-21,,,,V4_TRANSCRIPTION,,,,,,,,,,,,NON_FAISAL,0,0,,,NO,NO,0,1,YES,NONE,NUWE_2026-09-1x,,,,NON_FAISAL,NOT_FAISAL,
SE7204bbfe05,NUWE,VISIBLE,EP0135,X_20260918_13_NUWE,s1,faisal_images/X_20260918_13_NUWE.png,X post,F,EYE_VERIFIED,F,1,2026-09-1x,,2026-09-18,BOUNDED,2026-09-10,2026-09-21,statement undated in the image; V4 unit date used,اليوم صعد اختبر مقاومه الهبوط / يرجع يختبر الدعم الان / 0.87=0.71+23٪ / - / التحليل الفني ثابت لجميع الاسهم / قاع صعود اختبار مقاومه هبوط اختبار دعم / - / بالنسبه لي مادخل السهم بالمناطق الضبابيه الاولى / هذي قواعد ثابته للاسهم / يخالفها فقط قروبات سوا داخليه او اجنبيه / المضاربين يمشون ع خوارزميات متعارف عليها للمحللين / - / الان اما ثبات ع الدعم الاول = اجابيه تحميل مشاركات / او كسره لسحب السيوله / - / شورت لازال صفر,,EYE_2026-10-09,اليوم صعد اختبر مقاومه الهبوط · يرجع يختبر الدعم الان · 0.87=0.71+23٪ · - · التحليل الفني ثابت لجميع الاسهم · قاع صعود اختبار مقاومه هبوط اختبار دعم · - · بالنسبه لي مادخل السهم بالمناطق الضبابيه الاولى · هذي قواعد ثابته للاسهم · يخالفها فقط قروبات سوا داخليه او اجنبيه · المضاربين يمشون ع خوارزميات متعارف عليها للمحللين · - · الان اما ثبات ع الدعم الاول = اجابيه تحميل مشاركات · او كسره لسحب السيول,,,,«مادخل»,NO_ENTRY,,,,NO_ENTRY,,,0,0,,,NO,NO,0,0,YES,WAIT,NUWE_2026-09-1x,STRUCTURE: «التحليل الفني ثابت لجميع الاسهم»: قاعٌ ⟵ صعودٌ ⟵ اختبارُ مقاومة ⟵ هبوطٌ ⟵ اختبارُ دعم | STRUCTURE: ارتدادُ الاختبار هنا ‏+23٪ (0.71 ⟵ 0.87) | ENTRY: لا دخولَ في «المناطق الضبابيّة الأولى» — «قواعد ثابتة» لا يخالفها إلّا القروبات (داخليّةً أو أجنبيّة) | VALIDITY: الآن: إمّا ثباتٌ على الدعم الأوّل = إيجابيّة «تحميل مشاركات» · أو كسرُه لسحب السيولة | CONTEXT: الشورتُ لا يزال صفرًا,no entry by himself in the first foggy zones; waiting: hold of the first support or a break for a liquidity sweep,Faisal post page; no date; NUWE 4 h chart (After Hours 0.8201),SOURCE_TEXT,HIGH,statement undated in the image; V4 unit date used
SEbed24fd5fa,NXTT,V4,EP0136,TG_2000,v4,faisal_images/TG_2000.jpg,chart,F,CATALOG_ATTRIBUTION,UNIT_AUTHOR (per-quote speaker not verified),1,2026-01-29,,,RECORDED_UNVERIFIED,2026-01-29,2026-01-30,,,,V4_TRANSCRIPTION,,,,,,,,,,,,UNKNOWN,0,0,,,NO,NO,0,1,YES,NONE,,,,,CHART_ONLY,LOW,
SEb9694df372,NXTT,V4,EP0137,TG_1999,v4,faisal_images/TG_1999.jpg,tweet+chart,F,VISIBLE_OCR,UNIT_AUTHOR (per-quote speaker not verified),1,2026-02-0x,,,BOUNDED,2026-02-02,2026-02-10,,بالنسبه لسهم نكست · ك تحليل في لم يكن متوقع الضغط الحاصل اليوم · 6 كانت شمعة الدعم · المضارب ضغط السهم لشمعة الهبوط السابقه قبل الارتداد منها مرتين · ارتد منها الى 12 · كذلك ارتد من شمعه مماثله ل 14 · … ربما اني متفائل فيه فقط · … شموع السهم فنيا جميله · هل يكسر 5.80 ونخسر فيه او يرتد ويحقق الاهداف المرجوه 12-14-18 · لو تجاوز 18 عنده هدف عالي 30 تحرر السهم ل 74 · هذا تحليل الاهم انه يرتد · سهم متعلق بالتكوين … هذي فقط معلومات · بتكوين نزل من 92 ل 74 الان,,V4_TRANSCRIPTION,,,,,«ضغط» | «ضغط»,PRESS | PRESS,,,,PRESS_MENTION,,,0,0,,,NO,NO,0,0,YES,UNKNOWN,,INFO: المضارب يضغط السهم إلى شمعة الهبوط السابقة قبل الارتداد (ارتدّ منها مرّتين) | INVALIDATION: كسرُ 5.80 (تحت شمعة الدعم 6) = خسارة,,,SOURCE_TEXT,MEDIUM,
SE0ed7d635f5,NXTT,V4,EP0138,TG_50588,v4,faisal_images/TG_50588.jpg,tweet+chart,F,VISIBLE,UNIT_AUTHOR (per-quote speaker not verified),1,2026-09-2x,,,BOUNDED,2026-09-21,2026-09-30,,4.74 دعمه · شمعته الساقطه 8.85 · شورته 10K · مقاومه دائما ارسمها بالاسود والدعم بالاحمر,,V4_TRANSCRIPTION,,,,,,,,,,,,UNKNOWN,0,0,,,NO,NO,0,0,YES,UNKNOWN,,COLOUR: المقاومةُ دائمًا بالأسود والدعمُ بالأحمر | TARGET: الشمعةُ الساقطة (8.85) هدف | CONTEXT: الشورت (المتاح) 10K,,,SOURCE_TEXT,MEDIUM,
SE5da261a9b1,OMH,V4,EP0139,TG_57870,v4,faisal_images/TG_57870.jpg,tweet+app,F,VISIBLE,UNIT_AUTHOR (per-quote speaker not verified),1,2026-09-26,,,RECORDED_UNVERIFIED,2026-09-28,2026-09-28,,هذا الاصل في اسهم الارتكاز 90٪ يحدث فيها سحب سيوله · المضارب يخرج من متمركز في السهم · هناك تجميع بين 2.10 ل 2.30 كميات فوليوم تجدها بالاسفل · متوسطهم 2.20 · لما يسحب السيوله ل 1.90 > 1.80 · هذي اوامر وقف الخساره للافراد 15٪ ليست سهله · الجميع يخرج يترك مركزه · 1.87=2.20-15٪ · لذلك اسهم الارتكاز تحميل المشاركات يتم بعد سحب السيوله وليس قبل,,V4_TRANSCRIPTION,,,,,,,,,,,,UNKNOWN,0,0,,,NO,NO,0,0,YES,WAIT,OMH_2026-09-26,ENTRY: «تحميل المشاركات يتم بعد سحب السيوله وليس قبل» (أسهمُ الارتكاز) | PATTERN: 90% من أسهم الارتكاز يحدث فيها سحبُ سيولة — المضاربُ يُخرج المتمركزين | SWEEP_DEPTH: السحبُ إلى أوامر وقف الأفراد ‏≈15% تحت متوسّط التجميع (2.20 ⟵ 1.87),,,SOURCE_TEXT,MEDIUM,
SE1abafebae0,OMH,V4,EP0139,TG_57872,v4,faisal_images/TG_57872.jpg,reply+quote,F,VISIBLE,UNIT_AUTHOR (per-quote speaker not verified),1,2026/9/26 9:20 م,2026-09-26 14:20 NY,,EXACT_PRINTED,2026-09-28,2026-09-28,,في حال عدم سحب السيولة، هل يلزم اعادة الاختبار قبل الدخول؟ ‖ اعادة الاختبار شرط اساسي · يطبق عليه متوسط 10<20 ‖ 🇸🇬 سنغافوري ‖ تحقيق مقاومه 2.64+ ‖ انتظار تحقيق سحب سيوله او ثبات قاع,[APP_UI] مراقبة مبكرة,V4_TRANSCRIPTION,,,,,«الدخول» | «انتظار»,ENTRY_PLAN | WAIT,,,,WAIT+ENTRY_PLAN,,,0,0,,,NO,NO,0,0,YES,WAIT,OMH_2026-09-26,VALIDITY: «اعادة الاختبار شرط اساسي» — حتى بلا سحب سيولة · ويُطبَّق عليه «متوسط 10<20» (ارتدادٌ/نزولٌ 10-20% من اختبار المقاومة — TG_57874) | WAIT: بعد تحقيق المقاومة 2.64: انتظارُ سحب السيولة (1.808) أو ثباتِ القاع (2.05),,,SOURCE_TEXT,MEDIUM,
SE6b2b53aab8,OMH,V4,EP0139,TG_57873,v4,faisal_images/TG_57873.jpg,reply+quote,F,VISIBLE,UNIT_AUTHOR (per-quote speaker not verified),1,2026/9/26 9:22 م,2026-09-26 14:22 NY,,EXACT_PRINTED,2026-09-28,2026-09-28,,الفرق بين الخطوط والزرقاء هل كلها اهداف؟ ‖ الاسود مقاومات 3 مقاومه 2.60 تتحول لدعم في حال الاختراق لاحقا · بمعني عدم تجاوز 3 يهبط لاختبار الدعم · بعدها يكمل مشواره ع حسب قوة السيوله,,V4_TRANSCRIPTION,,,,,,,,,,,,UNKNOWN,0,0,,,NO,NO,0,0,YES,WAIT,OMH_2026-09-26,COLOUR: الأسود = مقاومات | SEQUENCE: عدمُ تجاوز المقاومة (3) ⟵ هبوطٌ لاختبار الدعم ⟵ ثمّ يكمل بحسب قوّة السيولة · والمقاومةُ (2.60) تصير دعمًا إن اختُرقت,,,SOURCE_TEXT,MEDIUM,
SEe301f25410,OMH,V4,EP0139,TG_57874,v4,faisal_images/TG_57874.jpg,reply,F,VISIBLE,UNIT_AUTHOR (per-quote speaker not verified),1,2026-09-26,,,RECORDED_UNVERIFIED,2026-09-28,2026-09-28,,متى نحدد ان السهم ثبت على الدعم ، هل بالضرورة رقم محدد أو ممكن يتحرك السعر ضمنه +\- ‖ نعطيه متوسط 10-20 من اختبار المقاومه · قبل يصعد لازم يتم ضغطه من المضارب · مثلا هبط ل 2.10 · قبل يصعد يعطيه سبرنت داون 10٪ > 15٪ · هنا تقرر دخولك اذا ارتد مباشره · 1.89=2.10-10٪ · 1.785=2.10-15٪ · اذا شفت ذيل شمعه طويل وارتداد مباشره فوق الذيل 5٪ يكون ايجابي والله اعلم · عدم سحب سيوله له نظريه اخرى,,V4_TRANSCRIPTION,,,,,«ضغطه» | «دخول»,PRESS | ENTRY_PLAN,,,,ENTRY_PLAN+PRESS_MENTION,,,0,0,,,NO,NO,0,0,YES,NONE,OMH_2026-09-26,HOLD: الثباتُ على الدعم نطاقٌ لا رقم: «نعطيه متوسط 10-20 من اختبار المقاومة» | PRESS: قبل الصعود لازم ضغطُ المضارب: «سبرنت داون» 10-15% تحت القاع (2.10 ⟵ 1.89/1.785) | ENTRY: «هنا تقرّر دخولك إذا ارتدّ مباشرة» | CONFIRMATION: ذيلُ شمعةٍ طويل وارتدادٌ مباشرٌ 5% فوق الذيل = إيجابيّ | SCOPE: «عدم سحب سيولة له نظرية أخرى»,,,SOURCE_TEXT,MEDIUM,
SE8f5bcd167c,OMH,V4,EP0139,TG_57875,v4,faisal_images/TG_57875.jpg,chart_annot,F,VISIBLE_LINKED,UNIT_AUTHOR (per-quote speaker not verified),1,2026-09-26,,,RECORDED_UNVERIFIED,2026-09-28,2026-09-28,,تحقيق مقاومه 2.64 ‖ قاع ‖ انتظار تحقيق سحب سيوله او ثبات قاع,,V4_TRANSCRIPTION,,,,,«انتظار»,WAIT,,,,WAIT,,,0,0,,,NO,NO,0,0,YES,WAIT,OMH_2026-09-26,WAIT: بعد تحقيق المقاومة: انتظارُ سحب السيولة (1.808) أو ثبات القاع (2.050),,,SOURCE_TEXT,MEDIUM,
SE1b416ccbe1,OMH,V4,EP0139,TG_57876,v4,faisal_images/TG_57876.jpg,app_panel,APP,VISIBLE,UNIT_AUTHOR (per-quote speaker not verified),0,2026-09-26,,,RECORDED_UNVERIFIED,2026-09-28,2026-09-28,,انتظار ‖ السعر ليس أسفل EMA20/30/50 اليومية ‖ ينقصه ثبات يومي جلستين على الأقل ‖ الزخم اليومي و4H لم يتحسن بعد ‖ اكتمال الشروط الفنية 5/8 · شرط الشورت 1/1 · الإعلان لا يؤثر,[APP_UI] مراقب استراتيجية فيصل ‖ [APP_UI] مراقبة مبكرة,V4_TRANSCRIPTION,,,,,«انتظار»,WAIT,,,,,,NON_FAISAL,0,0,,,NO,NO,0,0,YES,WAIT,,,,,APP_THIRD_PARTY,NOT_FAISAL,
SE9c6bfb34b9,ONCO,V4,EP0140,TG_2050,v4,faisal_images/TG_2050.jpg,chart,F,CATALOG_ATTRIBUTION,UNIT_AUTHOR (per-quote speaker not verified),1,2026-05-2x,,,BOUNDED,2026-05-20,2026-06-01,,,,V4_TRANSCRIPTION,,,,,,,,,,,,UNKNOWN,0,0,,,NO,NO,0,1,YES,NONE,,,,,CHART_ONLY,LOW,
SE8ac6e6d76e,ONCO,V4,EP0141,IMG_0267,v4,faisal_images/IMG_0267.jpeg,chat+chart,F,INFERRED_DEVICE_LINKED,UNIT_AUTHOR (per-quote speaker not verified),1,2026-07-26,,,RECORDED_UNVERIFIED,2026-07-27,2026-07-27,,ثبات فوق 92 سنت تحرر السهم · 1.19 راس الشمعه الساقطه هدف · 1.43 هدف · - · فجوه سعريه من 1.88 ل 3 · شورت 150 الف · عدد الاسهم 3.69 مليون,,V4_TRANSCRIPTION,,,,,,,,,,,,UNKNOWN,0,0,,,NO,NO,0,0,YES,WAIT,ONCO_2026-07-26,,,,SOURCE_TEXT,LOW,
SE5d61d7bbe3,ONCO,V4,EP0141,IMG_0320,v4,faisal_images/IMG_0320.png,reply_thread,F,VISIBLE,UNIT_AUTHOR (per-quote speaker not verified),1,2026/7/27 8:53 ص,2026-07-27 01:53 NY,,EXACT_PRINTED,2026-07-27,2026-07-27,,Claude ▶ ‖ عدد الاسهم 3.69 مليون ‖ 2 س ‖ دخول يافيصل ‖ لا طبعا · تبي تدخل مع مضارب تنتظر 60 سنت ل 70 · هل يثبت اولا · -,,V4_TRANSCRIPTION,,,,,«دخول»,ENTRY_PLAN,,,,ENTRY_PLAN,,,0,0,,,NO,NO,0,0,YES,WAIT,ONCO_2026-07-26,WAIT: «لا طبعا» — لا دخولَ الآن | ENTRY: الدخولُ مع المضارب: انتظارُ 0.60-0.70 (سحبٌ تحت القاع 0.711) | VALIDITY: «هل يثبت اولا» — الثباتُ قبل الدخول,,,SOURCE_TEXT,MEDIUM,
SEc1c5313664,ONCO,V4,EP0141,TG_2196,v4,faisal_images/TG_2196.jpg,tweet+chat,F,VISIBLE_LINKED,UNIT_AUTHOR (per-quote speaker not verified),1,2026-07-26,,,RECORDED_UNVERIFIED,2026-07-27,2026-07-27,,العتب كثير 🤩 ‖ شمعه 4 ساعات عنده هدف 10 ‖ جهةُ اتصال (أخ) ‖ كل شي شفته الا ذا شف لنا ذا ‖ ثبات فوق 92 سنت تحرر السهم · 1.19 راس الشمعه الساقطه هدف · 1.43 هدف · فجوه سعريه من 1.88 ل 3 · شورت 150 الف · عدد الاسهم 3.69 مليون,,V4_TRANSCRIPTION,,,,,,,,,,,,UNKNOWN,0,0,,,NO,NO,0,0,YES,WAIT,ONCO_2026-07-26,WAIT: الثباتُ فوق 0.92 = تحرّر (السعر ≈0.82-0.84) | INFO: الأهداف: رأسُ الشمعة الساقطة 1.19 ثمّ 1.43 · فجوةٌ سعريّة 1.88-3,,,SOURCE_TEXT,MEDIUM,
SEd0d1a09589,ONCO,V4,EP0141,TG_2200,v4,faisal_images/TG_2200.jpg,reply,F,VISIBLE,UNIT_AUTHOR (per-quote speaker not verified),1,2026-07-26,,,RECORDED_UNVERIFIED,2026-07-27,2026-07-27,,👌 انت تطبق نهج علمي الان · 1.44 اعلى شمعة بعد التقسيم · تقسم ع 2 = 72 · وصل 71 سنت · اذا اما المحافظه ع القاع الحالي او سحب سيوله · 0.675=0.71-5٪ · اذا سحب السيوله لو لم يحافظ ع القاع مع ارتفاع الشورت · يكون من 60 سنت واعلى · الامان متى ثبات 92 · دخول مع مضارب انتظار,,V4_TRANSCRIPTION,,,,,«دخول» | «انتظار»,ENTRY_PLAN | WAIT,,,,WAIT+ENTRY_PLAN,,,0,0,,,NO,NO,0,0,YES,WAIT,,INFO: وصفةُ المقسّم: أعلى شمعةٍ بعد التقسيم 1.44 ÷2 = 0.72 (وصل 0.71) | INFO: إمّا محافظةٌ على القاع أو سحبُ سيولة: القاع ‏−5% = 0.675 · ومع ارتفاع الشورت وعدم المحافظة ⟵ من 0.60 فأعلى | WAIT: الأمانُ عند الثبات فوق 0.92 · «دخول مع مضارب انتظار»,,,SOURCE_TEXT,MEDIUM,
SE5b3ee36fe4,PAVS,V4,EP0142,IMG_0142,v4,faisal_images/IMG_0142.png,tweet+dm,F,VISIBLE,UNIT_AUTHOR (per-quote speaker not verified),1,2026/7/23 6:16 م,2026-07-23 11:16 NY,,EXACT_PRINTED,2026-07-23,2026-07-23,,عبدالرحمن يغرد خارج الكوكب · شكرا شبل غامد 100٪ · فوق الهدف جاب 9 · $PAVS ‖ ↰ Faisal ‖ السهم بطل خله لنا ‖ تم 👍 ‖ وفيه pavs كون قاع 3.76 يوم الثلاثا وصعد ورجع يختبره ‖ هدفنا 6.50,,V4_TRANSCRIPTION,,,,,,,,,,,,UNKNOWN,0,0,,,NO,NO,0,0,YES,UNKNOWN,PAVS_2026-07-21,CONFIRMATION: (A.Alghamdi) قاعٌ 3.76 ثمّ صعودٌ ثمّ رجوعٌ يختبره = الإعداد | TARGET: «هدفنا 6.50» (‏+73% من القاع),,,SOURCE_TEXT,MEDIUM,
SEc1a9decb4a,PCLA,V4,EP0143,TG_2126,v4,faisal_images/TG_2126.jpg,tweet+quote,F,VISIBLE_OCR,UNIT_AUTHOR (per-quote speaker not verified),1,2026-03-2x,,,BOUNDED,2026-03-20,2026-03-30,,هدف الشورت عند 1.70 · ثبات اعلى او هبوط اكثر ⏳ تحت المراقبه ‖ $PCLA,,V4_TRANSCRIPTION,,,,,«تحت المراقبه»,MONITOR,,,,MONITOR,,,0,0,,,NO,NO,0,0,YES,WATCH,,WATCH: هدفُ الشورت 1.70 تحت السعر · مراقبةُ «ثبات أعلى أو هبوط أكثر»,,,SOURCE_TEXT,MEDIUM,
SE7eb76a1828,PCLA,V4,EP0144,TG_1955,v4,faisal_images/TG_1955.jpg,chart,F,CATALOG_ATTRIBUTION,UNIT_AUTHOR (per-quote speaker not verified),1,2026-05-2x,,,BOUNDED,2026-05-20,2026-06-01,,,,V4_TRANSCRIPTION,,,,,,,,,,,,UNKNOWN,0,0,,,NO,NO,0,1,YES,NONE,,,,,CHART_ONLY,LOW,
SE101bed285e,PFSA,V4,EP0145,X_20260827_pfsa_500pct,v4,faisal_images/X_20260827_pfsa_500pct.png,tweet+chart,F,VISIBLE,UNIT_AUTHOR (per-quote speaker not verified),1,2026-08-2x,,,BOUNDED,2026-08-20,2026-08-31,,حقق 28 · 500٪ تقريبا · - · من 12 فوق 100٪ · $PFSA ‖ ذيل شمعة 26 تمثل الهدف راسها 36 لايجزم فيه ‖ شمعة الاختراق,,V4_TRANSCRIPTION,,,,,,,,,,,,UNKNOWN,0,0,,,NO,NO,0,0,YES,NONE,PFSA_2026-08,TARGET: ذيلُ الشمعة الساقطة يمثّل الهدف · ورأسُها لا يُجزم فيه | CONFIRMATION: شمعةُ الاختراق (12) مستوى · ومنه فوق ‏+100٪,,,SOURCE_TEXT,MEDIUM,
SEde0778ffc5,PIII,V4,EP0146,TG_1861,v4,faisal_images/TG_1861.jpg,chart,F,CATALOG_ATTRIBUTION,UNIT_AUTHOR (per-quote speaker not verified),1,2026-05-1x,,,BOUNDED,2026-05-11,2026-05-20,,,,V4_TRANSCRIPTION,,,,,,,,,,,,UNKNOWN,0,0,,,NO,NO,0,1,YES,NONE,,,,,CHART_ONLY,LOW,
SE4ef9ee5904,PIII,V4,EP0146,TG_1965,v4,faisal_images/TG_1965.jpg,chart_annot,F,CATALOG_ATTRIBUTION,UNIT_AUTHOR (per-quote speaker not verified),1,2026-05-15,,,RECORDED_UNVERIFIED,2026-05-15,2026-05-18,,أمس 11:26 ص,,V4_TRANSCRIPTION,,,,,,,,,,,,UNKNOWN,0,0,,,NO,NO,0,0,YES,NONE,,,,,SOURCE_TEXT,LOW,
SEb0afcd383a,PIII,V4,EP0146,TG_1860,v4,faisal_images/TG_1860.jpg,tweet,F,VISIBLE_OCR,UNIT_AUTHOR (per-quote speaker not verified),1,2026-05-16,,,RECORDED_UNVERIFIED,2026-05-18,2026-05-18,,تحدد الشموع ع فريم 4 ساعات ترجع للشمعه السابقه تجد شمعة الهبوط راسها 4.71 تعتبر مقاومه · يتوافق مع ضغط السهم اليوم عند الشمعه هذي · كانت مقاومه تحولت لدعم لم يكسرها السهم · اذا السهم تدخله باي سعر قدامك لانه موجه صاعده قويه · ندخل قبل دخول السيوله وهذا ما امشي عليه بالتحليل · فاتك الدخول الاول تدخل اول انطلاقة السهم · الاهداف تحددها ع فريم يومي + 4 ساعات · تحدد الاهداف ع الشموع الهابطه الحمرا · مقابل شمعه هابطه حمرا شمعه صاعده خضرا تغطيها · ذكرت 4.71 دعم = دخول · 4.46 وقف · كم نسبة الخساره لو هبط اقل من 1٪,,V4_TRANSCRIPTION,,,,,«ضغط» | «ندخل» | «دخول» | «الدخول» | «دخول»,PRESS | ENTRY_PLAN | ENTRY_PLAN | ENTRY_PLAN | ENTRY_PLAN,,,,ENTRY_PLAN+PRESS_MENTION,,,0,0,«ذكرت»,,NO,NO,0,0,YES,READY,,READY: الدعم = الدخول (رأس شمعة الهبوط على 4س صار دعمًا ولم يُكسر) · ندخل قبل دخول السيولة | READY: فاتك الدخول الأوّل ⟵ تدخل أوّل انطلاقة السهم | INFO: الأهداف على اليوميّ ‏+ 4س = الشموع الحمراء الهابطة (كلُّ حمراء تغطّيها خضراء) | INFO: الوقف تحت الدعم (4.46 من 4.71 = 5.3%),,,SOURCE_TEXT,MEDIUM,
SE81e25513ee,PIII,V4,EP0146,TG_1961,v4,faisal_images/TG_1961.jpg,chart,F,CATALOG_ATTRIBUTION,UNIT_AUTHOR (per-quote speaker not verified),1,2026-05-16,,,RECORDED_UNVERIFIED,2026-05-18,2026-05-18,,,,V4_TRANSCRIPTION,,,,,,,,,,,,UNKNOWN,0,0,,,NO,NO,0,1,YES,NONE,,,,,CHART_ONLY,LOW,
SE424a01681f,PIII,V4,EP0146,TG_1964,v4,faisal_images/TG_1964.jpg,tweet+images,F,VISIBLE_OCR,UNIT_AUTHOR (per-quote speaker not verified),1,2026-05-16,,,RECORDED_UNVERIFIED,2026-05-18,2026-05-18,,كيف تعرف السهم بيصعد بالبري او الماركت · يكون فيه نسبه بالافتر تحرك طفيف · يسحب السيوله الناس تبيع اللي شاريه تحت اثناء الصعود الاول · ضغط بالبري > سحب سيوله كذلك · الصعود الكبير يحدث في الماركت · الاستراتيجية هذي تحتاج علم + خبره · ليس كل سهم يطبق عليه هذا النموذج · صورتين توضح متابعة السهم من الافتر للبري للماركت $pIII,,V4_TRANSCRIPTION,,,,,«ضغط» | «متابعة»,PRESS | MONITOR,,,,MONITOR,PRESS_OBSERVED,,0,0,,,NO,NO,0,0,YES,NONE,,INFO: نموذجُ الجلسات: تحرّكٌ طفيف بالأفتر يسحب السيولة ⟵ ضغطٌ بالبري ⟵ الصعودُ الكبير في الماركت · «ليس كل سهم يطبّق عليه»,pressure described as having occurred,,SOURCE_TEXT,MEDIUM,
SE77ac022985,PIII,V4,,TG_1857,v4,faisal_images/TG_1857.jpg,tweet+chart,F,VISIBLE_OCR,UNIT_AUTHOR (per-quote speaker not verified),1,2026-0x,,,AMBIGUOUS,,,,مازال لم يتضح سلوكه للماركت · 4.71 دعم حققه الان · دعوم الماركت تختلف · 4.43 هذي شمعه لو كسرها يهبط · مراقبه لين يتحرر السهم · يجيك غيره مثل اورقيت,,V4_TRANSCRIPTION,,,,,«مراقبه»,MONITOR,,,,MONITOR,,,0,0,,,NO,NO,0,0,UNKNOWN,WAIT,,WAIT: سلوكٌ لم يتّضح للجلسة النظاميّة ⟵ مراقبة حتّى التحرّر | INFO: دعوم البري تختلف عن دعوم الماركت | REJECT: كسرُ شمعة الدعم ⟵ هبوط,,,SOURCE_TEXT,MEDIUM,
SE03fb4e8e5b,PIII,V4,,TG_1862,v4,faisal_images/TG_1862.jpg,chart,F,CATALOG_ATTRIBUTION,UNIT_AUTHOR (per-quote speaker not verified),1,2026-01-15~,,,AMBIGUOUS,,,,,,V4_TRANSCRIPTION,,,,,,,,,,,,UNKNOWN,0,0,,,NO,NO,0,1,UNKNOWN,NONE,,,,,CHART_ONLY,LOW,
SE8247f8c745,PPBT,V4,EP0147,TG_2110,v4,faisal_images/TG_2110.jpg,chart_annot,F,CATALOG_ATTRIBUTION,UNIT_AUTHOR (per-quote speaker not verified),1,2026-04-0x,,,BOUNDED,2026-04-01,2026-04-10,,مناطق طلب 3.70> 3.80 ‖ STOP LOSS,,V4_TRANSCRIPTION,,,,,,,,,,,,UNKNOWN,0,0,,,NO,NO,0,0,YES,UNKNOWN,,INFO: البنفسجيّ = مناطقُ الطلب (3.70-3.80) · الأحمرُ الأدنى = وقف الخسارة (3.421),,,SOURCE_TEXT,LOW,
SE08adc1e7d2,PPBT,V4,EP0148,X_20260905_01,v4,faisal_images/X_20260905_01.png,tweet+chart,F,VISIBLE,UNIT_AUTHOR (per-quote speaker not verified),1,2026-09-04,,,RECORDED_UNVERIFIED,2026-09-04,2026-09-08,,البعض ارسلي قروب مدخلهم امس ع 2.40 · - · كم مره ذكرنا انتظار ضغط البري · - · الان مهم يستمر تداول السهم فوق 1.70 · لو كسرها مهم يرجع فوقها · - · 2.30 الان مقاومه لازم يرجع فوقها تكون دعم · المناطق الصفرا لو تجاوزها تعطيه اهداف · عنده شمعه ساقطه 5 · مشروط الثبات الان فوق 1.70 · هذا شرح التحليل الفني,,V4_TRANSCRIPTION,,,,,«انتظار» | «ضغط»,WAIT | PRESS,,,,WAIT+WAIT_FOR_PRESS,,,0,0,«ذكرنا»,,NO,NO,0,0,YES,WAIT,PPBT_2026-09-04,WAIT: «كم مره ذكرنا انتظار ضغط البري» — الانتظارُ لضغط البريماركت هو القاعدة (لا دخولَ مع قروبٍ عند 2.40) | VALIDITY: مهمٌّ أن يستمرّ التداولُ فوق 1.70 · وإن كسرها مهمٌّ أن يرجع فوقها | CONFIRMATION: 2.30 مقاومةٌ الآن لازم يرجع فوقها لتصير دعمًا | TARGET: المناطقُ الصفراء إن تجاوزها تعطيه أهدافًا · وعنده شمعةٌ ساقطة عند 5,waits for operator pressure (not observed),,SOURCE_TEXT,MEDIUM,
SE504b6c199f,PPBT,V4,EP0148,X_20260905_02,v4,faisal_images/X_20260905_02.png,tweet+chart,F,VISIBLE,UNIT_AUTHOR (per-quote speaker not verified),1,2026-09-04,,,RECORDED_UNVERIFIED,2026-09-04,2026-09-08,,21 س ‖ البعض ارسلي قروب مدخلهم امس ع 2.40 … انتظار ضغط البري … فوق 1.70 … 2.30 الان مقاومه … المناطق الصفرا … شمعه ساقطه 5 … مشروط الثبات الان فوق 1.70 · هذا شرح التحليل الفني,,V4_TRANSCRIPTION,,,,,«انتظار» | «ضغط»,WAIT | PRESS,,,,WAIT+WAIT_FOR_PRESS,,,0,0,,,NO,NO,0,0,YES,WAIT,PPBT_2026-09-04,,waits for operator pressure (not observed),,SOURCE_TEXT,MEDIUM,
SE4e10871221,PPBT,V4,EP0148,X_20260905_03,v4,faisal_images/X_20260905_03.png,tweet_cont+chart,F,INFERRED_CROPPED,UNIT_AUTHOR (per-quote speaker not verified),1,2026-09-04,,,RECORDED_UNVERIFIED,2026-09-04,2026-09-08,,وغير مرشح ابدا لذلك · - · الدعم الاسبوعي واليَومي يتفقان على 1.70 · بمعنى فشل السهم تحت الرقم هذا مباشره · - · دعوم الموجات نفس الشموع 1.68 · - · تحرر من الاتجاه العام السلبيً عبر الموجات او خط الاساس · 2.50 = · تداول السهم لاحقا فوق الموجات الهابطه = ثبات للموجات الصاعده,,V4_TRANSCRIPTION,,,,,«فشل»,INVALID,,,,INVALID,,,0,0,,,NO,NO,0,0,YES,WAIT,PPBT_2026-09-04,META: «وغير مرشح ابدا لذلك» — لم يرشّحه | S/R: الدعمُ الأسبوعيّ واليوميّ يتّفقان على 1.70 = فشلُ السهم تحته مباشرةً | S/R: دعومُ الموجات نفسُ دعوم الشموع (1.68) | CONFIRMATION: التحرّرُ من الاتّجاه العامّ السلبيّ عبر الموجات أو خطّ الأساس = 2.50 | VALIDITY: تداولُه لاحقًا فوق الموجات الهابطة = ثباتٌ للموجات الصاعدة,,,SOURCE_TEXT,LOW,
SEd6f310977c,PPBT,V4,EP0148,X_20260905_05,v4,faisal_images/X_20260905_05.jpg,chart,F,INFERRED_CHART,UNIT_AUTHOR (per-quote speaker not verified),1,2026-09-04,,,RECORDED_UNVERIFIED,2026-09-04,2026-09-08,,,,V4_TRANSCRIPTION,,,,,,,,,,,,UNKNOWN,0,0,,,NO,NO,0,1,YES,NONE,PPBT_2026-09-04,,,,CHART_ONLY,LOW,
SE7f199d94c0,PPBT,V4,EP0148,X_20260905_06,v4,faisal_images/X_20260905_06.jpg,chart,F,INFERRED_CHART,UNIT_AUTHOR (per-quote speaker not verified),1,2026-09-04,,,RECORDED_UNVERIFIED,2026-09-04,2026-09-08,,,,V4_TRANSCRIPTION,,,,,,,,,,,,UNKNOWN,0,0,,,NO,NO,0,1,YES,NONE,PPBT_2026-09-04,,,,CHART_ONLY,LOW,
SE0f5bc51f23,PPBT,V4,EP0148,X_20260905_04,v4,faisal_images/X_20260905_04.png,tweet+chart+quote,F,VISIBLE,UNIT_AUTHOR (per-quote speaker not verified),1,2026-09-05,,,RECORDED_UNVERIFIED,2026-09-08,2026-09-08,,5 س ‖ Rsi · لابد يستمر فوق 50 عشان يكمل صعوده ‖ 18 س ‖ ردًا على @kisar_ · Rsi مرتفع 🤔,,V4_TRANSCRIPTION,,,,,,,,,,,,UNKNOWN,0,0,,,NO,NO,0,0,YES,NONE,PPBT_2026-09-04,VALIDITY: RSI لا بدّ أن يستمرّ فوق 50 ليُكمل الصعود (جوابًا على «Rsi مرتفع»),,,SOURCE_TEXT,MEDIUM,
SEf96990391c,PPCB,V4,EP0149,TG_1836,v4,faisal_images/TG_1836.jpg,chart,F,CATALOG_ATTRIBUTION,UNIT_AUTHOR (per-quote speaker not verified),1,2026-07-16,,,RECORDED_UNVERIFIED,2026-07-16,2026-07-17,,,,V4_TRANSCRIPTION,,,,,,,,,,,,UNKNOWN,0,0,,,NO,NO,0,1,YES,NONE,,,,,CHART_ONLY,LOW,
SE926157e9b5,PPCB,V4,EP0149,TG_1837,v4,faisal_images/TG_1837.jpg,dm,FA,CATALOG_ATTRIBUTION,UNIT_AUTHOR (per-quote speaker not verified),0,2026-07-16,,,RECORDED_UNVERIFIED,2026-07-16,2026-07-17,,حبيبنا Ppcb شيك عليه رايك به؟ ‖ وش تقريره؟ ‖ سهم ppcb الاسترالي … فلوته 1.94M ماركت كاب 3.16M شورت 500 فايدة الاقتراض 360% · اخر تقسيم 18-5 · اخباره: تجارب بشرية · شراء اسهم 5 ملايين …,,V4_TRANSCRIPTION,,,,,,,,,,,,NON_FAISAL,0,0,,,NO,NO,0,0,YES,NONE,,,,,NON_FAISAL,NOT_FAISAL,
SE2e3d6cf8e0,PPCB,V4,EP0149,TG_1838,v4,faisal_images/TG_1838.jpg,tweet+images,F,VISIBLE_OCR,UNIT_AUTHOR (per-quote speaker not verified),1,2026-07-16,,,RECORDED_UNVERIFIED,2026-07-16,2026-07-17,,تقرير الدكتور عماد @user · الدعوم 1.53 · المقاومه 1.95 $PPCB,,V4_TRANSCRIPTION,,,,,,,,,,,,UNKNOWN,0,0,,,NO,NO,0,0,YES,UNKNOWN,,,,,SOURCE_TEXT,MEDIUM,
SE2b118a6eb3,PPCB,V4,EP0150,X_20260828_15,v4,faisal_images/X_20260828_15.jpg,chart_photo+caption,EDU,CONTEXT_LINKED,UNIT_AUTHOR (per-quote speaker not verified),0,2026-08-2x,,,BOUNDED,2026-08-20,2026-08-31,,اخر دعم يفشل فيه 1.50 ppcb · عنده الان دعم 1.60 هل يفشل السهم اولا · لاتدخل لين تتاكد ان السهم اختبر الدعم ورجع,,V4_TRANSCRIPTION,,,,,«فشل» | «فشل» | «لاتدخل»,INVALID | INVALID | NO_ENTRY,,,,,,NON_FAISAL,0,0,,,NO,NO,0,0,YES,WAIT,PPCB_2026-08-2x,WAIT: (طرفٌ ثالث) «لاتدخل لين تتاكد ان السهم اختبر الدعم ورجع» — آخرُ دعمٍ يفشل فيه 1.50 والدعمُ الآن 1.60,,,NON_FAISAL,NOT_FAISAL,
SE62a7911b74,PPCB,V4,EP0150,X_20260828_04,v4,faisal_images/X_20260828_04.jpg,edu_post+app,EDU,VISIBLE_CHANNEL,UNIT_AUTHOR (per-quote speaker not verified),0,2026-08-28,,,RECORDED_UNVERIFIED,2026-08-28,2026-08-31,,قناة تعليمية ‖ اقر التفاصيل هذي · واسال عنها شات جي تي عشان تتعلم · وش معنى تدوير اسهم · وش معنى تداول وتكرار اسهم فوق اسهم الشركه اضعاف مضاعفه · عدد اسهم الشركه 3 مليون · الحجم وصل 91 مليون سهم · القيمه 300 مليون تقريبا · - · هذي فقط تفيدك معلومات عامه,,V4_TRANSCRIPTION,,,,,,,,,,,,NON_FAISAL,0,0,,,NO,NO,0,0,YES,NONE,,INFO: (طرفٌ ثالث) تدويرُ الأسهم: حجمٌ 91 مليونًا على 3 ملايين سهم (أضعافٌ مضاعفة) — «معلوماتٌ عامّة»,,,NON_FAISAL,NOT_FAISAL,
SE8294be70b6,PPCB,V4,EP0150,X_20260828_05,v4,faisal_images/X_20260828_05.jpg,edu_post+chart,EDU,VISIBLE_CHANNEL,UNIT_AUTHOR (per-quote speaker not verified),0,2026-08-28,,,RECORDED_UNVERIFIED,2026-08-28,2026-08-31,,قناة تعليمية ‖ ملخص تحليل ppcb · - · هبط للدعوم الاساسيه قبل الصعود · 1.96 كانت شمعة الهبوط مقاومه رفض يثبت عليها · هبط ل 95 سنت · الان في حال ثبت ع 1.96 لو كسرها ورجع فوقها يعتبر اجابي · -,,V4_TRANSCRIPTION,,,,,,,,,,,,NON_FAISAL,0,0,,,NO,NO,0,0,YES,WAIT,PPCB_2026-08-2x,S/R: (طرفٌ ثالث) شمعةُ الهبوط 1.96 كانت مقاومةً رفض الثباتَ عليها فهبط إلى 0.95 | WAIT: (طرفٌ ثالث) الثباتُ على 1.96 — أو كسرُها ثمّ العودةُ فوقها — إيجابيّ,,,NON_FAISAL,NOT_FAISAL,
SEfb45cfffec,PPCB,V4,EP0150,X_20260828_06,v4,faisal_images/X_20260828_06.jpg,chart_photo,EDU,VISIBLE_CHANNEL,UNIT_AUTHOR (per-quote speaker not verified),0,2026-08-28,,,RECORDED_UNVERIFIED,2026-08-28,2026-08-31,,,,V4_TRANSCRIPTION,,,,,,,,,,,,NON_FAISAL,0,0,,,NO,NO,0,1,YES,NONE,PPCB_2026-08-2x,,,,NON_FAISAL,NOT_FAISAL,
SE504b06e5e0,PPCB,V4,EP0150,X_20260828_07,v4,faisal_images/X_20260828_07.jpg,edu_post+chart,EDU,VISIBLE_CHANNEL,UNIT_AUTHOR (per-quote speaker not verified),0,2026-08-28,,,RECORDED_UNVERIFIED,2026-08-28,2026-08-31,,قناة تعليمية ‖ سلوكه قبل الصعود قاع 95 سنت صعد الى 1.60 تقريبا اختبر المقاومه ورجع يهط يختبر الدعم ثبت ع 1.05 صعد منها · متوسط حركه بعد هبوطه من 1.60 · 20 يوم تقريبا · - · اذا بعض الاسهم يصعد يختبر المقاومه هنا جني ربح · يرجع يختبر الدعم ماتغفل عنه · يعطي دخول · مثل ماحصل معنا في zcmd · 85 سنت صعد الى 1.40 · رجع الى 90 سنت · جلس فتره تذبذب من 1 دولار الى 1.20 · - · بعدها ذكرناه ب 1.10 دخول المضارب وصل 7,,V4_TRANSCRIPTION,,,,,«جني ربح» | «دخول» | «دخول»,EXIT | ENTRY_PLAN | ENTRY_PLAN,,,,,,NON_FAISAL,0,0,«ذكرنا»,,NO,NO,0,0,YES,NONE,,STRUCTURE: (طرفٌ ثالث) قاعٌ ⟵ صعودٌ يختبر المقاومة (جنيُ ربح) ⟵ رجوعٌ يختبر الدعم ⟵ ثباتٌ ثمّ صعود — «يعطي دخول» | CONTEXT: (طرفٌ ثالث) متوسّطُ الحركة بعد الهبوط من القمّة ‏≈20 يومًا | INFO: (طرفٌ ثالث) ZCMD: 0.85 ⟵ 1.40 ⟵ 0.90 ⟵ تذبذبٌ 1.00-1.20 ⟵ ذُكر عند 1.10 (دخولُ المضارب) ⟵ 7,,,NON_FAISAL,NOT_FAISAL,
SE680b1fd065,PPCB,V4,EP0150,X_20260828_08,v4,faisal_images/X_20260828_08.jpg,chart_photo,EDU,VISIBLE_CHANNEL,UNIT_AUTHOR (per-quote speaker not verified),0,2026-08-28,,,RECORDED_UNVERIFIED,2026-08-28,2026-08-31,,,,V4_TRANSCRIPTION,,,,,,,,,,,,NON_FAISAL,0,0,,,NO,NO,0,1,YES,NONE,,,,,NON_FAISAL,NOT_FAISAL,
SE7fb6f951d4,PPCB,V4,,TG_2059,v4,faisal_images/TG_2059.jpg,dm,F,VISIBLE_TAG,UNIT_AUTHOR (per-quote speaker not verified),1,2026-05/06 (بعد تقسيم 18/5),,,AMBIGUOUS,,,,سهم ppcb نزله خبرين ‖ برنته ‖ سهم ppcb - استرالي - شركة رعايه صحية - قسم في 18/5 افتتاح 1.61 - اعلى 6.29 · شورت صفر - فلوت 1.94مليون - صعد بالماركت وضغطه المضارب الى 2 وارتد · خبر اعادة شراء الاسهم بقيمة 5 مليون ‖ ماركت ناخذه ‖ تم 👍 ‖ عنده 9,,V4_TRANSCRIPTION,,,,,«ضغطه»,PRESS,,,,PRESS_MENTION,,,0,0,,,NO,NO,0,0,UNKNOWN,READY,,READY: شراءٌ بسعر السوق: مقسّمٌ حديثًا ‏+ شورتٌ صفر ‏+ فلوت 1.94م ‏+ «ضغطه المضارب الى 2 وارتد» ‏+ خبرُ إعادة شراء 5 ملايين | INFO: الهدف «عنده 9»,,,SOURCE_TEXT,LOW,
SE324fe9e100,PRFX,V4,EP0151,TG_1946,v4,faisal_images/TG_1946.jpg,chart_annot,F,CATALOG_ATTRIBUTION,UNIT_AUTHOR (per-quote speaker not verified),1,2026-05-30,,,RECORDED_UNVERIFIED,2026-06-01,2026-06-01,,فريم 30 دقيقه رسم المقاومه + الاهداف في حال الصعود,,V4_TRANSCRIPTION,,,,,,,,,,,,UNKNOWN,0,0,,,NO,NO,0,0,NO_BARS,NONE,,INFO: فريمُ 30 دقيقة يُستعمل لرسم المقاومة والأهداف في حال الصعود,,,SOURCE_TEXT,LOW,
SE9ecd5d4f3c,PRFX,V4,,TG_1944,v4,faisal_images/TG_1944.jpg,chart,F,CATALOG_ATTRIBUTION,UNIT_AUTHOR (per-quote speaker not verified),1,,,,AMBIGUOUS,,,,2.14 شمعه الصعود السابقه فنيا > تكون دعم,,V4_TRANSCRIPTION,,,,,,,,,,,,UNKNOWN,0,0,,,NO,NO,0,0,UNKNOWN,NONE,,INFO: شمعةُ الصعود السابقة تكون دعمًا فنيًّا (2.14),,,SOURCE_TEXT,LOW,
SE5fd2603830,PRFX,V4,,TG_1945,v4,faisal_images/TG_1945.jpg,chart_annot,F,CATALOG_ATTRIBUTION,UNIT_AUTHOR (per-quote speaker not verified),1,,,,AMBIGUOUS,,,,فريم يومي اخر دعم فنيا مايكسره 1.80,,V4_TRANSCRIPTION,,,,,,,,,,,,UNKNOWN,0,0,,,NO,NO,0,0,UNKNOWN,NONE,,INVALIDATION: آخرُ دعمٍ فنّيّ يوميّ 1.80 — لا يكسره,,,SOURCE_TEXT,LOW,
SEb6e8e45a83,PRFX,V4,,TG_1949,v4,faisal_images/TG_1949.jpg,chart,F,CATALOG_ATTRIBUTION,UNIT_AUTHOR (per-quote speaker not verified),1,,,,AMBIGUOUS,,,,,,V4_TRANSCRIPTION,,,,,,,,,,,,UNKNOWN,0,0,,,NO,NO,0,1,UNKNOWN,NONE,,,,,CHART_ONLY,LOW,
SE9129a84c0a,QMMM,V4,EP0152,TG_1907,v4,faisal_images/TG_1907.jpg,search,F,VISIBLE_OCR,UNIT_AUTHOR (per-quote speaker not verified),1,2026/4/11,,,EXACT_DATE_PRINTED,2026-04-13,2026-04-13,PRINTED 2026-04-11 vs RECORDED 2025-12-05,الاسهم هذي بالسنه تكرر مره مرتين فقط · اضمن 20٪ نعمه · سنه 2025 طلع فيها 3 اسهم قمم · QMMM وصل 300 من 8 … RGC … SMX من 4 دولار ل 400 ‖ الامريكي مفتوح النسب …,,V4_TRANSCRIPTION,,,,,,,,,,,,UNKNOWN,0,0,,,NO,NO,0,0,NO_BARS,NONE,,INFO: «اضمن 20٪ نعمه» — معايرة توقّعات,,,SOURCE_TEXT,MEDIUM,PRINTED 2026-04-11 vs RECORDED 2025-12-05
SE4edf1f98ad,RAYA,V4,EP0153,TG_2124,v4,faisal_images/TG_2124.jpg,chart,F,CATALOG_ATTRIBUTION,UNIT_AUTHOR (per-quote speaker not verified),1,2026-02-0x,,,BOUNDED,2026-02-02,2026-02-10,,,,V4_TRANSCRIPTION,,,,,,,,,,,,UNKNOWN,0,0,,,NO,NO,0,1,YES,NONE,,,,,CHART_ONLY,LOW,
SE6aee5923e8,RAYA,VISIBLE,EP0154,X_20260827_raya_notready_2,s1,faisal_images/X_20260827_raya_notready_2.png,X post,F,EYE_VERIFIED,F,1,no date; V4 decade 2026-08-2x; committed 2026-08-26,,2026-08-26,BOUNDED,2026-08-20,2026-08-26,,غير. جاهز فنيا / انتظار الهبوط,,EYE_2026-10-09,غير. جاهز فنيا · انتظار الهبوط,,«غير. جاهز»,NOT_READY,«انتظار»,WAIT,,,NOT_READY,WAIT,,,1,0,,,NO,NO,0,0,YES,WAIT,RAYA_2026-08-2x,WAIT: «غير جاهز فنيا · انتظار الهبوط» — الدعومُ الحمراء 1.999 ثمّ 1.454 تحت السعر,explicit technical NOT-ready + waiting for a drop · readiness/stage vocabulary (NOT_READY) — qualified technical,Faisal post page; no date visible; RAYA daily chart (After Hours 2.440),SOURCE_TEXT,HIGH,
SEc8f6009129,RAYA,V4,,X_20260905_11,v4,faisal_images/X_20260905_11.png,tweet+chart,F,VISIBLE,UNIT_AUTHOR (per-quote speaker not verified),1,≤2026-09-05,,,AMBIGUOUS,,,,Snapchat ▶ ‖ $RAYA · اعتقد الشركه مصريه · يطبق ماذكر ادناه,,V4_TRANSCRIPTION,,,,,,,,,,,,UNKNOWN,0,0,,,NO,NO,0,0,UNKNOWN,UNKNOWN,RAYA_2026-09-0x,CONTEXT: «اعتقد الشركه مصريه» — سياقُ الدولة يُذكر,,,SOURCE_TEXT,MEDIUM,
SE3d6f67b770,RBNE,V4,EP0155,TG_1821,v4,faisal_images/TG_1821.jpg,dm,FA,VISIBLE,UNIT_AUTHOR (per-quote speaker not verified),0,2026-07-19,,,RECORDED_UNVERIFIED,2026-07-20,2026-07-20,,ممتاز بشرط ما يكسر 2.40 Inlf ‖ الباقي شورتها مرتفع شوي ‖ توه مقسم مانجرم بطلوعه Rbne ‖ تاكد مافيه قروبات,,V4_TRANSCRIPTION,,,,,,,,,,,,NON_FAISAL,0,0,,,NO,NO,0,0,YES,MULTI,,REJECT: الشورت (المتاح) مرتفع ⟵ لا | REJECT: مقسّمٌ للتوّ ⟵ لا نجزم بصعوده | WAIT: تأكّد ما فيه قروبات,,,NON_FAISAL,NOT_FAISAL,
SE5a717a8794,RBNE,V4,,TG_1818,v4,faisal_images/TG_1818.jpg,reply+dm,F,VISIBLE_OCR,UNIT_AUTHOR (per-quote speaker not verified),1,2026-07-19~,,,AMBIGUOUS,,,,من 2.40 ل 7 · 200٪ · سهم مادخلته ولاحللته · احد المتابعين مع عبدالرحمن,,V4_TRANSCRIPTION,,,,,«مادخلته»,NO_ENTRY,,,,NO_ENTRY,,,0,0,,,NO,NO,0,0,UNKNOWN,NONE,,,,,SOURCE_TEXT,MEDIUM,
SEb62ce669da,RENX,V4,,TG_1950,v4,faisal_images/TG_1950.jpg,chart,F,CATALOG_ATTRIBUTION,UNIT_AUTHOR (per-quote speaker not verified),1,,,,AMBIGUOUS,,,,,,V4_TRANSCRIPTION,,,,,,,,,,,,UNKNOWN,0,0,,,NO,NO,0,1,UNKNOWN,NONE,,,,,CHART_ONLY,LOW,
SE29f88f62e3,RGC,V4,EP0156,TG_1907,v4,faisal_images/TG_1907.jpg,search,F,VISIBLE_OCR,UNIT_AUTHOR (per-quote speaker not verified),1,2026/4/11,,,EXACT_DATE_PRINTED,2026-04-13,2026-04-13,PRINTED 2026-04-11 vs RECORDED 2025-12-05,الاسهم هذي بالسنه تكرر مره مرتين فقط · اضمن 20٪ نعمه · سنه 2025 طلع فيها 3 اسهم قمم · QMMM وصل 300 من 8 … RGC … SMX من 4 دولار ل 400 ‖ الامريكي مفتوح النسب …,,V4_TRANSCRIPTION,,,,,,,,,,,,UNKNOWN,0,0,,,NO,NO,0,0,NO_BARS,NONE,,INFO: «اضمن 20٪ نعمه» — معايرة توقّعات,,,SOURCE_TEXT,MEDIUM,PRINTED 2026-04-11 vs RECORDED 2025-12-05
SEafaceb885c,RUBI,V4,EP0157,X_20260827_rubi_4h_levels,v4,faisal_images/X_20260827_rubi_4h_levels.jpg,chart,F,VISIBLE_LINKED,UNIT_AUTHOR (per-quote speaker not verified),1,2026-08-1x,,,BOUNDED,2026-08-10,2026-08-20,,,,V4_TRANSCRIPTION,,,,,,,,,,,,UNKNOWN,0,0,,,NO,NO,0,1,YES,NONE,RUBI_2026-08,,,,CHART_ONLY,MEDIUM,
SEe3d8a78ee1,RUBI,V4,EP0157,X_20260827_rubi_daily_ma_rsi,v4,faisal_images/X_20260827_rubi_daily_ma_rsi.jpg,chart,F,VISIBLE_LINKED,UNIT_AUTHOR (per-quote speaker not verified),1,2026-08-1x,,,BOUNDED,2026-08-10,2026-08-20,,,,V4_TRANSCRIPTION,,,,,,,,,,,,UNKNOWN,0,0,,,NO,NO,0,1,YES,NONE,RUBI_2026-08,,,,CHART_ONLY,MEDIUM,
SE7ccdeec103,RUBI,V4,EP0157,X_20260827_rubi_read_short150k,v4,faisal_images/X_20260827_rubi_read_short150k.png,reply+chart,F,VISIBLE,UNIT_AUTHOR (per-quote speaker not verified),1,2026-08-1x,,,BOUNDED,2026-08-10,2026-08-20,,اهلا دكتور · جميع المؤشرات سلبيه · MA5 = 1.81 · Ma20 = 2 · يعني لازم يثبت السهم فوق متوسط الاسي 50 يمثله 1.96 · - · Rsi14 = 20 يعني تشبع بيعي بما فيه الكفايه · الشورت ع السهم عالي جدا 150 الف · - · لو اطلعت ع العروض بمنصة سهم تجد عند سعر 2.30 معروض 20 الف سهم · - · المشكله بالشورت · - · القاع 1.65 · الدعم الحالي 1.74,,V4_TRANSCRIPTION,,,,,«طلعت»,EXIT,,,,EXIT,,,0,0,,,NO,NO,0,0,YES,WAIT,RUBI_2026-08,WAIT: لازم يثبت السهم فوق المتوسّط الأسّيّ 50 (1.96) — المؤشّراتُ كلُّها سلبيّة (MA5 ‏1.81 · MA20 ‏2) | CONTEXT: RSI14 = 20 تشبّعٌ بيعيٌّ «بما فيه الكفاية» لكنّه لا يكفي وحدَه | VALIDITY: «المشكله بالشورت» — شورتٌ 150 ألفًا عالٍ جدًّا | S/R: قراءةُ الدفتر: 20 ألفَ سهمٍ معروضةٌ عند 2.30 (منصّة سهم) | S/R: القاع 1.65 · الدعمُ الحاليّ 1.74,,,SOURCE_TEXT,MEDIUM,
SEa8357800d4,SBDS,V4,EP0158,TG_2005,v4,faisal_images/TG_2005.jpg,chart,F,CATALOG_ATTRIBUTION,UNIT_AUTHOR (per-quote speaker not verified),1,2026-03-30,,,RECORDED_UNVERIFIED,2026-03-30,2026-03-31,,,,V4_TRANSCRIPTION,,,,,,,,,,,,UNKNOWN,0,0,,,NO,NO,0,1,NO_BARS,NONE,,,,,CHART_ONLY,LOW,
SEe5d3ff1645,SCNI,V4,EP0159,TG_2103,v4,faisal_images/TG_2103.jpg,tweet,F,VISIBLE_OCR,UNIT_AUTHOR (per-quote speaker not verified),1,2025/8/6,,,EXACT_DATE_PRINTED,2025-08-06,2025-08-07,PRINTED 2025-08-06 vs RECORDED 2025-08-02,الحمدلله صفقات من الاحد ل الجمعه حققت 1000٪ · يوميا صفقتين الا اذا شي طارف · تداول افتر بري فقط · جميع ماينشر ليس توصيات · 1- $SMX 200% دخوله 3 مرات · 2- $FULC 40% · 3- $HWH 110% · 4- $SCNI 150% · 5- $MTEX 15% · 6- $FGF 20% · 7- $SNGX 300% · 8- $FIEE 50% · 9- $NAMM 100٪ · 10- $CRE مفتوحه · 11- $XCUR جديد ‖ ابو نواف,,V4_TRANSCRIPTION,,,,,«دخول»,ENTRY_PLAN,,,,ENTRY_PLAN,,,0,0,,,NO,NO,0,0,NO_BARS,NONE,,INFO: «يوميا صفقتين» · «تداول افتر بري فقط» (أغسطس 2025) · SMX «دخوله 3 مرات»,,,SOURCE_TEXT,MEDIUM,PRINTED 2025-08-06 vs RECORDED 2025-08-02
SE8ff3eb4de8,SGRX,V4,EP0160,X_20260905_08,v4,faisal_images/X_20260905_08.png,tweet+chart,F,VISIBLE,UNIT_AUTHOR (per-quote speaker not verified),1,2026-09-05,,,RECORDED_UNVERIFIED,2026-09-08,2026-09-08,,$BTOG · 200% · الرمز الجديد $SGRX,,V4_TRANSCRIPTION,,,,,,,,,,,,UNKNOWN,0,0,,,NO,NO,0,0,NO_BARS,NONE,BTOG_2026-09-04,,,,SOURCE_TEXT,MEDIUM,
SE3f4292fe60,SLE,V4,EP0161,EDU_20260827_ma_rizq_rule_sle,v4,faisal_images/EDU_20260827_ma_rizq_rule_sle.png,channel_post+app,EDU,VISIBLE_CHANNEL,UNIT_AUTHOR (per-quote speaker not verified),0,2026-08-26,,,RECORDED_UNVERIFIED,2026-08-26,2026-08-27,,قناة تعليمية ‖ ابشرك متعلم واموري بدت تزين مع تعليم فيصل وعماد لاكن انت شل مسووليه نفسك … ‖ تصور عزيزي المشاهد شريت 5 كم خسارتك الان ‖ الان عندك سهم واضح ملعوب في شموعه · طبق عليه متوسطات الحركه · - · صعد قبل متوسطات الحركه = رزق لم يكتب · الاصل علمي ماصعد تستمر مراقبه ع متوسطات 20 > 30 · نظريا + علميا نقول هبوطه عند 2 > 2.50 · صعد قبلها فلوسك بجيبك ‖ مازال للهبوط بقية 2 ممكن ربما ‖ عندك سهمين نماذج هابطه راقبها عشان تتعلم,,V4_TRANSCRIPTION,,,,,«شريت» | «مراقبه» | «راقبها»,ENTRY_EXECUTED | MONITOR | MONITOR,,,,,,NON_FAISAL,0,0,,,NO,NO,0,0,YES,WAIT,DKI_2026-08-26,CONTEXT: «عندك سهم واضح ملعوب في شموعه · طبق عليه متوسطات الحركه» | CONTEXT: «صعد قبل متوسطات الحركه = رزق لم يكتب» | WAIT: «الاصل علمي ماصعد تستمر مراقبه ع متوسطات 20 > 30 · نظريا + علميا نقول هبوطه عند 2 > 2.50»,,,NON_FAISAL,NOT_FAISAL,
SE0cfaefabd7,SLE,V4,EP0161,EDU_20260827_sle_night_4am,v4,faisal_images/EDU_20260827_sle_night_4am.png,channel_post+app,EDU,VISIBLE_CHANNEL,UNIT_AUTHOR (per-quote speaker not verified),0,2026-08-27,,,RECORDED_UNVERIFIED,2026-08-27,2026-08-28,,قناة تعليمية ‖ …دعومه من 2.73 ل 3.30 ‖ الظاهر معنا بالقروب همل قروبات من هبوط 10٪ لصعود 4٪ يعني ربح 15٪ ‖ تداول ليلي الساعه 4 الفجر بنصلي مضارب راقد العالم راقده,,V4_TRANSCRIPTION,,,,,,,,,,,,NON_FAISAL,0,0,,,NO,NO,0,0,YES,WAIT,SLE_2026-08-27,VALIDITY: «تداول ليلي الساعه 4 الفجر … مضارب راقد العالم راقده» | VALIDITY: «همل قروبات من هبوط 10٪ لصعود 4٪»,,,NON_FAISAL,NOT_FAISAL,
SEa5c010b200,SLXN,V4,EP0162,IMG_0507,v4,faisal_images/IMG_0507.png,chart,F,VISIBLE_LINKED,UNIT_AUTHOR (per-quote speaker not verified),1,2026-08-06,,,RECORDED_UNVERIFIED,2026-08-06,2026-08-07,,,,V4_TRANSCRIPTION,,,,,,,,,,,,UNKNOWN,0,0,,,NO,NO,0,1,YES,NONE,SLXN_2026-08-06,,,,CHART_ONLY,MEDIUM,
SE7e2051362e,SLXN,V4,EP0162,IMG_0508,v4,faisal_images/IMG_0508.png,tweet+chart,F,VISIBLE,UNIT_AUTHOR (per-quote speaker not verified),1,2026-08-06,,,RECORDED_UNVERIFIED,2026-08-06,2026-08-07,,$SLXN · كون دعم عن 2.45 · حصل حراج عليه باعو ع 3 · جسم شمعه 2.45 راس شمعه غي 3 · هذي رفعه سريعه من اللي وصى عليه علق المسلمين عشان يربح 100 دولار او الف دولار · - · جاهل احمق مايعرف معنى افتر وسعر اغلاق يحلل سهم ويعلق الناس · · المضارب هبط بالسهم ل 1.39 · عشان يصعد ل 3 = 100٪ · - · الان انتظر 1.39 يرجع يختبرها · اذا ثبت لكل حادث حديث · -,,V4_TRANSCRIPTION,,,,,«انتظر»,WAIT,,,,WAIT,,,0,0,,,NO,NO,0,0,YES,WAIT,SLXN_2026-08-06,STRUCTURE: «كون دعم عن 2.45 · حصل حراج عليه باعو ع 3 · جسم شمعه 2.45 راس شمعه … 3» | VALIDITY: «رفعه سريعه من اللي وصى عليه علق المسلمين» — رفعةُ موصٍ (قروب) لا مضارب | PATTERN: «المضارب هبط بالسهم ل 1.39 عشان يصعد ل 3» — الضغطُ قبل الانطلاق | WAIT: «الان انتظر 1.39 يرجع يختبرها اذا ثبت لكل حادث حديث» | TARGET: «يصعد ل 3 = 100٪» — قمّةُ الرفعة السابقة,,,SOURCE_TEXT,MEDIUM,
SEff861d60b5,SMX,V4,EP0163,TG_2103,v4,faisal_images/TG_2103.jpg,tweet,F,VISIBLE_OCR,UNIT_AUTHOR (per-quote speaker not verified),1,2025/8/6,,,EXACT_DATE_PRINTED,2025-08-06,2025-08-07,PRINTED 2025-08-06 vs RECORDED 2025-08-02,الحمدلله صفقات من الاحد ل الجمعه حققت 1000٪ · يوميا صفقتين الا اذا شي طارف · تداول افتر بري فقط · جميع ماينشر ليس توصيات · 1- $SMX 200% دخوله 3 مرات · 2- $FULC 40% · 3- $HWH 110% · 4- $SCNI 150% · 5- $MTEX 15% · 6- $FGF 20% · 7- $SNGX 300% · 8- $FIEE 50% · 9- $NAMM 100٪ · 10- $CRE مفتوحه · 11- $XCUR جديد ‖ ابو نواف,,V4_TRANSCRIPTION,,,,,«دخول»,ENTRY_PLAN,,,,ENTRY_PLAN,,,0,0,,,NO,NO,0,0,YES,NONE,,INFO: «يوميا صفقتين» · «تداول افتر بري فقط» (أغسطس 2025) · SMX «دخوله 3 مرات»,,,SOURCE_TEXT,MEDIUM,PRINTED 2025-08-06 vs RECORDED 2025-08-02
SEe7e4521476,SMX,V4,EP0164,TG_2104,v4,faisal_images/TG_2104.jpg,chart,F,CATALOG_ATTRIBUTION,UNIT_AUTHOR (per-quote speaker not verified),1,2025-12,,,BOUNDED,2025-12-01,2026-01-02,,,,V4_TRANSCRIPTION,,,,,,,,,,,,UNKNOWN,0,0,,,NO,NO,0,1,YES,NONE,,,,,CHART_ONLY,LOW,
SEcade73bba5,SMX,V4,EP0165,TG_1907,v4,faisal_images/TG_1907.jpg,search,F,VISIBLE_OCR,UNIT_AUTHOR (per-quote speaker not verified),1,2026/4/11,,,EXACT_DATE_PRINTED,2026-04-13,2026-04-13,PRINTED 2026-04-11 vs RECORDED 2025-12-05,الاسهم هذي بالسنه تكرر مره مرتين فقط · اضمن 20٪ نعمه · سنه 2025 طلع فيها 3 اسهم قمم · QMMM وصل 300 من 8 … RGC … SMX من 4 دولار ل 400 ‖ الامريكي مفتوح النسب …,,V4_TRANSCRIPTION,,,,,,,,,,,,UNKNOWN,0,0,,,NO,NO,0,0,YES,NONE,,INFO: «اضمن 20٪ نعمه» — معايرة توقّعات,,,SOURCE_TEXT,MEDIUM,PRINTED 2026-04-11 vs RECORDED 2025-12-05
SEa11ce66aa3,SMX,V4,EP0166,TG_1878,v4,faisal_images/TG_1878.jpg,chart,F,CATALOG_ATTRIBUTION,UNIT_AUTHOR (per-quote speaker not verified),1,2026-04-25,,,RECORDED_UNVERIFIED,2026-04-27,2026-04-27,,,,V4_TRANSCRIPTION,,,,,,,,,,,,UNKNOWN,0,0,,,NO,NO,0,1,YES,NONE,,,,,CHART_ONLY,LOW,
SE9087afa68b,SMX,V4,EP0166,TG_1908,v4,faisal_images/TG_1908.jpg,tweet+chart,F,VISIBLE_OCR,UNIT_AUTHOR (per-quote speaker not verified),1,2026-04-25,,,RECORDED_UNVERIFIED,2026-04-27,2026-04-27,,$SMX تحت المراقبه الان · انتظار البري,,V4_TRANSCRIPTION,,,,,«تحت المراقبه» | «انتظار»,MONITOR | WAIT,,,,WAIT+MONITOR,,,0,0,,,NO,NO,0,0,YES,WAIT,,WAIT: تحت المراقبة ‏+ انتظار البري قبل القرار,,,SOURCE_TEXT,MEDIUM,
SE178c3194e3,SMX,V4,EP0167,TG_2034,v4,faisal_images/TG_2034.jpg,tweet,F,CATALOG_ATTRIBUTION,UNIT_AUTHOR (per-quote speaker not verified),1,2026-05-24,,,RECORDED_UNVERIFIED,2026-05-26,2026-05-26,,الامل لايغني من الحق شيئا · تحليل السهم كالتالي · قاع بعد التقسيم 6.11 · اختبار مقاومه 9.53 · الدعم 7 · القاع 6.11 · الدخول الامن كم ؟ قاع + سحب سيوله = ربما الى 5.80 · عدم سحب سيوله ثباته 7 · الهدف كم · 9 مقاومه راح يتجاوزها بما انه اختبرها اول مره · 11.84 هدف مبسط · 14> مقاومه عاليه · 16.51 كذلك · 23 > تحرررر · هذا معنى الشموع والاهداف تمشي ع علم … · ادخلو واخرجوا وانا اطلعكم مثل القروبات نهي نهي الشموع تضيء لك الظلام · لذلك المحللين الفاهمين خسارته محدوده لانه يخرج مباشره · ربحه عالي لانه يخرج ع نقاط المضارب يدخل ويطلع معه,,V4_TRANSCRIPTION,,,,,«الدخول»,ENTRY_PLAN,,,,ENTRY_PLAN,,,0,0,,,NO,NO,0,0,YES,WAIT,,WAIT: الدخولُ الآمن: قاعٌ ‏+ سحبُ سيولة (≈5.80 تحت قاع 6.11) أو — بلا سحب — ثباتُه عند 7 (تحت السعر 7.85) | INFO: مقاومةٌ اختُبرت أوّلَ مرّة يتجاوزها في المرّة التالية («9 … بما انه اختبرها اول مره») | INFO: الأهداف: 11.84 مبسّط · 14 مقاومة عالية · 16.51 · 23 تحرّر | INFO: الخروجُ على نقاط المضارب (إدارةُ الخروج محورٌ مُغلَق),,,SOURCE_TEXT,LOW,
SEad9877a96a,SMX,V4,EP0167,TG_2035,v4,faisal_images/TG_2035.jpg,chart,F,CATALOG_ATTRIBUTION,UNIT_AUTHOR (per-quote speaker not verified),1,2026-05-24,,,RECORDED_UNVERIFIED,2026-05-26,2026-05-26,,,,V4_TRANSCRIPTION,,,,,,,,,,,,UNKNOWN,0,0,,,NO,NO,0,1,YES,NONE,,,,,CHART_ONLY,LOW,
SE4b74e3a0d1,SMX,V4,,TG_1971,v4,faisal_images/TG_1971.jpg,chart,F,CATALOG_ATTRIBUTION,UNIT_AUTHOR (per-quote speaker not verified),1,,,,AMBIGUOUS,,,,,,V4_TRANSCRIPTION,,,,,,,,,,,,UNKNOWN,0,0,,,NO,NO,0,1,UNKNOWN,NONE,,,,,CHART_ONLY,LOW,
SEb37c132593,SMXT,V4,EP0168,EDU_20260827_smxt_falling_model,v4,faisal_images/EDU_20260827_smxt_falling_model.png,channel_post+chart,EDU,VISIBLE_CHANNEL,UNIT_AUTHOR (per-quote speaker not verified),0,2026-08-26,,,RECORDED_UNVERIFIED,2026-08-26,2026-08-27,,قناة تعليمية ‖ 26 أغسطس ‖ انتهى البث المباشر (3 ساعات) ‖ مازال للهبوط بقية 2 ممكن ربما ‖ مساء الخير للجميع · بتقليب صفحات منصة اكس وبالاخص من يهتمون بالتداول الامريكي (المصرفين) …,,V4_TRANSCRIPTION,,,,,,,,,,,,NON_FAISAL,0,0,,,NO,NO,0,0,YES,WAIT,SMXT_2026-08-26,WAIT: «مازال للهبوط بقية 2 ممكن ربما»,,,NON_FAISAL,NOT_FAISAL,
SE0b516e1c6c,SNAL,V4,EP0169,TG_50827,v4,faisal_images/TG_50827.jpg,dm,U,NONE,UNIT_AUTHOR (per-quote speaker not verified),0,2026-09-0x,,,BOUNDED,2026-09-01,2026-09-10,,ايه ‖ حلو لاني رجعت للبوت لقيته ضرب الوقف بتاريخ 8 ‖ مب ظاهر لي انه ضارب وقف ‖ الشارت قدامي ‖ لكن الوقف عندي 2.59 ‖ …طب اليوم (يُستبدل غداً): SN[AL]: ضرب الستوب $2.59 يوم 2[026]-09-04 (‏−4.1%) ‖ الدعم ٢.٤٣,,V4_TRANSCRIPTION,,,,,,,,,,,,NON_FAISAL,0,0,,,NO,NO,0,0,YES,UNKNOWN,SNAL_2026-09-04,VALIDITY: الإعدادُ قائمٌ ما دام الدعم (2.43) لم يُكسر — وقفُ البوت ليس إبطالَ المنهج,,,NON_FAISAL,NOT_FAISAL,
SEb330829527,SNAL,V4,EP0169,TG_20260905_05,v4,faisal_images/TG_20260905_05.jpg,chart,F,OWNER_ATTESTED,UNIT_AUTHOR (per-quote speaker not verified),1,2026-09-04,,,RECORDED_UNVERIFIED,2026-09-04,2026-09-08,,S ‖ E,,V4_TRANSCRIPTION,,TG_20260905_06,,,,,,,,,,UNKNOWN,0,0,,,NO,NO,0,0,YES,NONE,,,,,SOURCE_TEXT,LOW,
SE0b488eaa47,SNAL,V4,EP0169,TG_20260905_06,v4,faisal_images/TG_20260905_06.jpg,reply+chart,F,OWNER_ATTESTED,UNIT_AUTHOR (per-quote speaker not verified),1,2026-09-04,,,RECORDED_UNVERIFIED,2026-09-04,2026-09-08,,هذا دعمه ‖ الازرق فجوة لازم يغطيها,,V4_TRANSCRIPTION,,,,,,,,,,,,UNKNOWN,0,0,,,NO,NO,0,0,YES,UNKNOWN,,TARGET: الفجوةُ الزرقاء فوق السعر «لازم يغطيها» = هدف | SR: الدعمُ = أدنى شموع القاع الأخيرة (2.432),,,SOURCE_TEXT,LOW,
SEbcaef83279,SNGX,V4,EP0170,TG_2103,v4,faisal_images/TG_2103.jpg,tweet,F,VISIBLE_OCR,UNIT_AUTHOR (per-quote speaker not verified),1,2025/8/6,,,EXACT_DATE_PRINTED,2025-08-06,2025-08-07,PRINTED 2025-08-06 vs RECORDED 2025-08-02,الحمدلله صفقات من الاحد ل الجمعه حققت 1000٪ · يوميا صفقتين الا اذا شي طارف · تداول افتر بري فقط · جميع ماينشر ليس توصيات · 1- $SMX 200% دخوله 3 مرات · 2- $FULC 40% · 3- $HWH 110% · 4- $SCNI 150% · 5- $MTEX 15% · 6- $FGF 20% · 7- $SNGX 300% · 8- $FIEE 50% · 9- $NAMM 100٪ · 10- $CRE مفتوحه · 11- $XCUR جديد ‖ ابو نواف,,V4_TRANSCRIPTION,,,,,«دخول»,ENTRY_PLAN,,,,ENTRY_PLAN,,,0,0,,,NO,NO,0,0,NO_BARS,NONE,,INFO: «يوميا صفقتين» · «تداول افتر بري فقط» (أغسطس 2025) · SMX «دخوله 3 مرات»,,,SOURCE_TEXT,MEDIUM,PRINTED 2025-08-06 vs RECORDED 2025-08-02
SEd6d834014a,SNYR,V4,,TG_2533,v4,faisal_images/TG_2533.jpg,chart,F,CATALOG_ATTRIBUTION,UNIT_AUTHOR (per-quote speaker not verified),1,,,,AMBIGUOUS,,,,,,V4_TRANSCRIPTION,,,,,,,,,,,,UNKNOWN,0,0,,,NO,NO,0,1,UNKNOWN,NONE,,,,,CHART_ONLY,LOW,
SEce0a0fb84a,SPHL,V4,EP0171,TG_57892,v4,faisal_images/TG_57892.jpg,tweet+chart,F,VISIBLE,UNIT_AUTHOR (per-quote speaker not verified),1,2026-09-24,,,RECORDED_UNVERIFIED,2026-09-24,2026-09-25,,$sphl · 100%,,V4_TRANSCRIPTION,,,,,,,,,,,,UNKNOWN,0,0,,,NO,NO,0,0,YES,UNKNOWN,,,,,SOURCE_TEXT,MEDIUM,
SE8107570b0e,SPPL,V4,EP0172,TG_1871,v4,faisal_images/TG_1871.jpg,app_pattern,F,CATALOG_ATTRIBUTION,UNIT_AUTHOR (per-quote speaker not verified),1,2026-03-10,,,RECORDED_UNVERIFIED,2026-03-10,2026-03-11,,Hammer · Short-term Bullish · 03/10/2026,,V4_TRANSCRIPTION,,,,,,,,,,,,UNKNOWN,0,0,,,NO,NO,0,0,NO_BARS,NONE,,,,,SOURCE_TEXT,LOW,
SE9a445f236e,SPPL,V4,EP0173,TG_1866,v4,faisal_images/TG_1866.jpg,chart_annot,F,CATALOG_ATTRIBUTION,UNIT_AUTHOR (per-quote speaker not verified),1,2026-04-2x,,,BOUNDED,2026-04-20,2026-04-30,,مسح سيولة الوقف بذيل شمعه,,V4_TRANSCRIPTION,,,,,,,,,,,,UNKNOWN,0,0,,,NO,NO,0,0,NO_BARS,NONE,,INFO: مسح سيولة الوقف = ذيلُ شمعةٍ تحت الدعم ثمّ عودة,,,SOURCE_TEXT,LOW,
SE77b42fbb75,SPRC,V4,EP0174,IMG_0402,v4,faisal_images/IMG_0402.png,app_screenshot,AI,NONE,UNIT_AUTHOR (per-quote speaker not verified),0,2026-07,,,BOUNDED,2026-07-01,2026-08-03,,Background tasks ‖ faisal-common-link-from-images ‖ قراءة صور فيصل الأصلية للأسهم الخمسة + SPRC واستخراج الرابط المشترك ‖ Check whether borrow fee enters selection at all,,V4_TRANSCRIPTION,,,,,,,,,,,,NON_FAISAL,0,0,,,NO,NO,0,0,YES,NONE,,,,,NON_FAISAL,NOT_FAISAL,
SE8ae3f9d95d,SPRC,V4,EP0174,TG_1839,v4,faisal_images/TG_1839.jpg,chart,F,CATALOG_ATTRIBUTION,UNIT_AUTHOR (per-quote speaker not verified),1,2026-07-0x,,,BOUNDED,2026-07-01,2026-07-10,,,,V4_TRANSCRIPTION,,,,,,,,,,,,UNKNOWN,0,0,,,NO,NO,0,1,YES,NONE,,,,,CHART_ONLY,LOW,
SE774aff81d9,SPRC,V4,EP0174,IMG_9925,v4,faisal_images/IMG_9925.png,tweet+quote+charts,F,VISIBLE,UNIT_AUTHOR (per-quote speaker not verified),1,2026/7/7,,,EXACT_DATE_PRINTED,2026-07-07,2026-07-08,,حقق الدعوم غالبا انطلاقته افتر او بري · - · لو هبط يزور 4 · - · المضارب هو اللي ينطلق مو حنا 😁 · $SPRC ‖ شمعة دعم سبوعيه 4.53 ‖ عدم ثبات > 4.53 اختبار شمعة 3.98 ‖ تمثل شمعة 3.98 مقاومه تحولت لدعم ‖ شورت متوفر 10K بنسبة اقتراض عاليه جدا 700٪ ‖ التحليل في البري ‖ شمعة دعم سبوعيه ‖ عدم ثبات ‖ اختبار شمعة,,V4_TRANSCRIPTION,,,,,,,,,,,,UNKNOWN,0,0,,,NO,NO,0,0,YES,UNKNOWN,SPRC_2026-07-08,READY: «حقق الدعوم» — بلغ منطقةَ الدعم | TARGET_TIMING: «غالبا انطلاقته افتر او بري» | S/R: شمعةُ دعمٍ أسبوعيّة 4.53 · وإن لم يثبت فوقها يختبر شمعة 3.98 (مقاومةٌ تحوّلت دعمًا) · «لو هبط يزور 4» | META: «المضارب هو اللي ينطلق مو حنا» — لا ملاحقة | CONTEXT: متاحٌ 10 آلاف ورسومُ اقتراضٍ 700٪ (إيجابيّ بمفتاحه),,,SOURCE_TEXT,MEDIUM,
SEe380b7647d,SPRC,V4,EP0174,IMG_9923,v4,faisal_images/IMG_9923.jpeg,data_screenshot,U,VISIBLE_LINKED,UNIT_AUTHOR (per-quote speaker not verified),0,2026-07-08,,,RECORDED_UNVERIFIED,2026-07-08,2026-07-09,,"As of 2026-07-08 02:19:12 PM EDT, there were 10,000 shares available with a fee of 705.74%",,V4_TRANSCRIPTION,,,,,,,,,,,,NON_FAISAL,0,0,,,NO,NO,0,0,YES,NONE,SPRC_2026-07-08,,,,NON_FAISAL,NOT_FAISAL,
SEb01b324c47,SPRC,V4,EP0174,TG_1840,v4,faisal_images/TG_1840.jpg,tweet,F,VISIBLE_OCR,UNIT_AUTHOR (per-quote speaker not verified),1,2026-07-1x,,,BOUNDED,2026-07-10,2026-07-20,,تجاوز مقاومتين كانت مهمه · اللئ دخل معنا ع 4.50 · فوق 5.50 استمر · 6 مقاومه قادمه تحرر منها راح يكون عليه زخم · اقفال المضارب جميل CP تعني > شرا مضارب لاقفال يومي · اللي ماشرا لاتلحق السهم وتتعلق … حملنا امس ع 4.30 · ماعندي تصريف · … تشري ع الاختراق اعرف انك خسران · علم الاسهم نشري ع الدعم · لو هبط طلعنا الخساره اقل · الاختراق فاشل الدخول فيه · ومن ينصح فيه لاعلم له,,V4_TRANSCRIPTION,,,,,«الدخول»,ENTRY_PLAN,,,,ENTRY_PLAN,,,0,0,,,NO,NO,0,0,YES,NONE,,REJECT: الشراء على الاختراق ⟵ خاسر · «الاختراق فاشل الدخول فيه» | READY: الشراء على الدعم (الخسارة أقلّ لو هبط) | WAIT: اللي ما شرا لا تلحق السهم (لا مطاردة) | INFO: CP = شراء مضارب لإقفالٍ يوميّ,,,SOURCE_TEXT,MEDIUM,
SEad25328c68,SPRC,V4,EP0174,TG_1841,v4,faisal_images/TG_1841.jpg,app_trades,F,CATALOG_ATTRIBUTION,UNIT_AUTHOR (per-quote speaker not verified),1,2026-07-1x,,,BOUNDED,2026-07-10,2026-07-20,,محايد ‖ CP شراء مضارب لإقفال,,V4_TRANSCRIPTION,,,,,,,,,,,,UNKNOWN,0,0,,,NO,NO,0,0,YES,NONE,,INFO: طبعات الإقفال (Cp) محايدة التيك,,,SOURCE_TEXT,LOW,
SE5a42f7e892,SPRC,V4,EP0174,TG_1854,v4,faisal_images/TG_1854.jpg,tweet,F,VISIBLE_OCR,UNIT_AUTHOR (per-quote speaker not verified),1,2026-07-1x,,,BOUNDED,2026-07-10,2026-07-20,,تشري ع الاختراق اعرف انك خسران · علم الاسهم نشري ع الدعم … الاختراق فاشل الدخول فيه,,V4_TRANSCRIPTION,,,,,«الدخول»,ENTRY_PLAN,,,,ENTRY_PLAN,,,0,0,,,NO,NO,0,0,YES,NONE,,,,,SOURCE_TEXT,MEDIUM,
SE8a9f1bee0a,SPRC,V4,EP0174,TG_1834,v4,faisal_images/TG_1834.jpg,tweet+chart,F,VISIBLE_OCR,UNIT_AUTHOR (per-quote speaker not verified),1,2026-07-16,,,RECORDED_UNVERIFIED,2026-07-16,2026-07-17,,SPRC,,V4_TRANSCRIPTION,,,,,,,,,,,,UNKNOWN,0,0,,,NO,NO,0,0,YES,NONE,,INFO: فيبوناتشي من القاع إلى قمّة الجسم (11.84) لا الذيل (15.79),,,SOURCE_TEXT,MEDIUM,
SEb3c2432ec5,SPRC,V4,EP0174,IMG_0394,v4,faisal_images/IMG_0394.jpeg,chart,F,INFERRED_CHART,UNIT_AUTHOR (per-quote speaker not verified),1,2026-07-17,,,RECORDED_UNVERIFIED,2026-07-17,2026-07-20,,,,V4_TRANSCRIPTION,,,,,,,,,,,,UNKNOWN,0,0,,,NO,NO,0,1,YES,NONE,SPRC_2026-07-17,,,,CHART_ONLY,LOW,
SE404af30662,SPRC,V4,EP0174,IMG_0395,v4,faisal_images/IMG_0395.png,tweet+chart,F,VISIBLE,UNIT_AUTHOR (per-quote speaker not verified),1,2026-07-17,,,RECORDED_UNVERIFIED,2026-07-17,2026-07-20,,مضى 10 ايام حقق فيها الدعوم بالامس · اجابية السهم تحرر من مقاومه 5.60 · - · شورت 500٪ نسبة اقتراض امس صدر اخبار · - · كسر 4 يفشل التحليل · - · السهم امس محملين فيه وشاري ومحفظتي فللللل منه ابي اربح 🤩✅ · - · عشان مايجي اهبل يقول تصرف اذا طلع لو 20 سنت بجي ربحي 😁 · $SPRC,,V4_TRANSCRIPTION,,,,,«فشل»,INVALID,,,,INVALID,,,0,0,,,NO,NO,0,0,YES,READY,SPRC_2026-07-17,ENTRY: «محملين فيه وشاري» عند تحقيق الدعوم (بعد 10 أيام) — الدخولُ عند الدعم لا بعد التحرّر | CONFIRMATION: إيجابيّةُ السهم = تحرّرُه من المقاومة 5.60 (تأكيد) | INVALIDATION: «كسر 4 يفشل التحليل» (‏≈5.5% تحت الدعم 4.235) | CONTEXT: اقتراضٌ 500٪ وأخبارٌ صدرت أمس,,,SOURCE_TEXT,MEDIUM,
SEae5da0959d,SPRC,V4,EP0174,TG_1843,v4,faisal_images/TG_1843.jpg,tweet+chart,F,CATALOG_ATTRIBUTION,UNIT_AUTHOR (per-quote speaker not verified),1,2026-07-17,,,RECORDED_UNVERIFIED,2026-07-17,2026-07-20,,مضى 10 ايام حقق فيها الدعوم بالامس · اجابية السهم تحرر من مقاومه 5.60 · شورت 500٪ نسبة اقتراض امس صدر اخبار · كسر 4 يفشل التحليل · السهم امس محملين فيه وشاري ومحفظتي فلللل منه … اذا طلع لو 20 سنت بجني ربحي $SPRC,,V4_TRANSCRIPTION,,,,,«فشل» | «جني ربح»,INVALID | EXIT,,,,EXIT+INVALID,,,0,0,,,NO,NO,0,0,YES,READY,,READY: الشراء عند الدعم (4.30 قرب الأحمر 4.235) بعد أيّامٍ من حفظ الدعوم | INFO: الإيجابيّة تُؤكَّد بالتحرّر من المقاومة (5.60) — ليست شرطَ الدخول | REJECT: كسر 4 يُفشل التحليل (إبطال),,,SOURCE_TEXT,LOW,
SE87ab5bdbcd,SPRC,V4,EP0174,TG_1856,v4,faisal_images/TG_1856.jpg,tweet,F,CATALOG_ATTRIBUTION,UNIT_AUTHOR (per-quote speaker not verified),1,2026-07-17,,,RECORDED_UNVERIFIED,2026-07-17,2026-07-20,,مضى 10 ايام حقق فيها الدعوم … كسر 4 يفشل التحليل … محملين فيه وشاري,,V4_TRANSCRIPTION,,,,,«فشل»,INVALID,,,,INVALID,,,0,0,,,NO,NO,0,0,YES,NONE,,,,,SOURCE_TEXT,LOW,
SE6be3a5e038,SPRC,V4,EP0174,IMG_0391,v4,faisal_images/IMG_0391.png,tweet+quote+chart,F,VISIBLE,UNIT_AUTHOR (per-quote speaker not verified),1,2026/7/20,,,EXACT_DATE_PRINTED,2026-07-20,2026-07-21,PRINTED 2026-07-20 vs RECORDED 2026-07-27,Webull ▶ ‖ سبوع ودبلنا · حق الرحله ⟋ ‖ تحديث لبعض الاسهم السابقه لكثرة الاستفسارات · مازال السهم نطاق تجميع تحت الاجابيه لم يصل للسلبيه · - · 5.50 لو تجاوزها تكمن الاجابيه · …,,V4_TRANSCRIPTION,,,,,,,,,,,,UNKNOWN,0,0,,,NO,NO,0,0,YES,NONE,SPRC_2026-07-20,,,,SOURCE_TEXT,MEDIUM,PRINTED 2026-07-20 vs RECORDED 2026-07-27
SE781df74d49,SPRC,V4,EP0174,IMG_0392,v4,faisal_images/IMG_0392.jpeg,chart,F,INFERRED_CHART,UNIT_AUTHOR (per-quote speaker not verified),1,2026-07-20,,,RECORDED_UNVERIFIED,2026-07-20,2026-07-21,,,,V4_TRANSCRIPTION,,,,,,,,,,,,UNKNOWN,0,0,,,NO,NO,0,1,YES,NONE,SPRC_2026-07-20,,,,CHART_ONLY,LOW,
SE732c68a883,SPRC,V4,EP0174,IMG_0393,v4,faisal_images/IMG_0393.png,tweet+chart,F,VISIBLE,UNIT_AUTHOR (per-quote speaker not verified),1,2026-07-20,,,RECORDED_UNVERIFIED,2026-07-20,2026-07-21,,Webull ▶ ‖ تحديث لبعض الاسهم السابقه لكثرة الاستفسارات · مازال السهم نطاق تجميع تحت الاجابيه لم يصل للسلبيه · - · 5.50 لو تجاوزها تكمن الاجابيه · - · هذا تحليل الموجات · - · مازال نسبة اقتراض الشورت عالي جدا 500٪ · $sprc · -,,V4_TRANSCRIPTION,,,,,,,,,,,,UNKNOWN,0,0,,,NO,NO,0,0,YES,WAIT,SPRC_2026-07-20,WAIT: ما زال في نطاق تجميعٍ تحت الإيجابيّة ولم يصل للسلبيّة | CONFIRMATION: «5.50 لو تجاوزها تكمن الاجابيه» (الأسود 5.47) | CONTEXT: نسبةُ اقتراض الشورت عاليةٌ جدًّا 500٪ (إيجابيّةٌ بمفتاحه مع متاحٍ قليل) | META: «هذا تحليل الموجات»,,,SOURCE_TEXT,MEDIUM,
SE762a8f9803,SPRC,V4,EP0174,TG_1844,v4,faisal_images/TG_1844.jpg,chart_annot,F,CATALOG_ATTRIBUTION,UNIT_AUTHOR (per-quote speaker not verified),1,2026-07-2x,,,BOUNDED,2026-07-20,2026-07-30,,4.53 شمعة دعم سبوعيه ‖ عدم ثبات 4.53 > اختبار شمعة 3.98 ‖ تمثل شمعه 3.98 مقاومه تحولت لدعم ‖ شورت متوفر 10K بنسبة اقتراض عاليه جدا 700٪,,V4_TRANSCRIPTION,,,,,,,,,,,,UNKNOWN,0,0,,,NO,NO,0,0,YES,NONE,,INFO: شمعة دعمٍ أسبوعيّة · وعدمُ ثباتها ⟵ اختبارُ الشمعة التالية (مقاومةٌ تحوّلت لدعم),,,SOURCE_TEXT,LOW,
SE0dc3f92e24,STKH,V4,EP0175,TG_20260905_08,v4,faisal_images/TG_20260905_08.jpg,reply+chart,F,OWNER_ATTESTED,UNIT_AUTHOR (per-quote speaker not verified),1,2026-09-04,,,RECORDED_UNVERIFIED,2026-09-04,2026-09-08,,S ‖ غطا فجوته الان المفروض يطلع الصدق هذا المفروض يعني · الابيض مقاومات · الخط الثاني يتحرر منها بيعطي شي ‖ عاجبني,,V4_TRANSCRIPTION,,,,,,,,,,,,UNKNOWN,0,0,,,NO,NO,0,0,YES,UNKNOWN,STKH_2026-09-04,ACTIVATION: تغطيةُ الفجوة ⟵ «المفروض يطلع» | TARGET: الخطُّ الثاني (الأبيض) إن تحرّر منه «بيعطي شي» | COLOUR: الأبيض = مقاومات,,,SOURCE_TEXT,LOW,
SE9986d0766e,STKH,V4,EP0175,TG_20260905_09,v4,faisal_images/TG_20260905_09.jpg,reply+chart,F,OWNER_ATTESTED,UNIT_AUTHOR (per-quote speaker not verified),1,2026-09-04,,,RECORDED_UNVERIFIED,2026-09-04,2026-09-08,,ممتاااااز · اختبار دعم رجع اختبر مقاومة ثبات ٥ جلسات دخول ذا نهج علمي,,V4_TRANSCRIPTION,,,,,«دخول»,ENTRY_PLAN,,,,ENTRY_PLAN,,,0,0,,,NO,NO,0,0,YES,WAIT,STKH_2026-09-04,SEQUENCE: اختبارُ دعم ⟵ رجوعٌ يختبر المقاومة ⟵ ثباتُ 5 جلسات ⟵ دخول = «نهجٌ علميّ»,,,SOURCE_TEXT,LOW,
SE37fb11e01f,SVRE,V4,EP0176,TG_2116,v4,faisal_images/TG_2116.jpg,chart_drawn+app,F,CATALOG_ATTRIBUTION,UNIT_AUTHOR (per-quote speaker not verified),1,2026-03-2x,,,BOUNDED,2026-03-20,2026-03-30,,03/23/2026 Daily Diamond Bottom · Medium-term Bullish · Close 3.19 · Pattern Duration 26 Day · Target Price 4.05-4.25,,V4_TRANSCRIPTION,,,,,,,,,,,,UNKNOWN,0,0,,,NO,NO,0,0,YES,UNKNOWN,,,,,SOURCE_TEXT,LOW,
SE59655961a5,SVRE,V4,EP0177,IMG_8126,v4,faisal_images/IMG_8126.png,profile_tweet+chart,F,VISIBLE,UNIT_AUTHOR (per-quote speaker not verified),1,2026-06-1x,,,BOUNDED,2026-06-10,2026-06-22,,Claude ▶ ‖ 11 د ‖ سهم svre اسرائيلي - تطبيقات برمجيه وتطوير انظمة للوقايه من الحوادث - قسم 25/2 افتتاح 2.57 - اعلى 6.30 - فلوت 934 الف - شورت 50 الف - اخباره : توقيع اتفاقيه مع شركة Rbtec المصنعة لانظمة الكشف للترددات في الراديو 16/6 - ارتفعت بسبب المدير اشتري كمية اسهم 1.7 مليون سهم 8/6 - حصلت على براءة اختراع اوروبيه 28/4 - حصلت على براءة اختراع 16/3 - استحوذت شركة على حصة 20% من الشركة 12/3 - اكمال صفقة مع شركة لتطوير منصة الدفاع ضد الترددات اللاسلكيه 10/3 - توسيع التعاون العالمي مع شركة Cemex تاريخ 13/2,,V4_TRANSCRIPTION,,,,,,,,,,,,UNKNOWN,0,0,,,NO,NO,0,0,YES,UNKNOWN,SVRE_2026-06,CONTEXT: بطاقةُ السهم: الدولة · النشاط · تاريخُ التقسيم والافتتاح وأعلى سعر · الفلوت · الشورت · الأخبارُ مؤرّخة (شراءُ المدير · براءات · صفقات),,,SOURCE_TEXT,MEDIUM,
SEf068baf7b5,SVRE,VISIBLE,EP0178,X_20260918_23_watchlist,s1,faisal_images/X_20260918_23_watchlist.png,Faisal's own app screenshot attached to the post,F,EYE_VERIFIED,APP_TAB,1,2026/9/13 1:44 م,2026-09-13 06:44 NY,2026-09-18,EXACT_PRINTED,2026-09-14,2026-09-14,,قائمتي,,EYE_2026-10-09,فسال الله من فضله · فالاسهم رزق لن تسبق رزقك ماحييت ‖ قائمتي,,«قائمتي»,LIST,,,LIST_SNAPSHOT_VISIBLE,tab «قائمتي» selected · 8 rows visible · other tabs NOT SHOWN,,,,,0,0,,,VISIBLE_TAB_ONLY,NO,0,0,YES,NONE,,,visible membership of the «قائمتي» tab at the snapshot time; says nothing about the other three tabs,continuation of X_20260918_22 — printed «2026/9/13 1:44 م · 886» ; full «قائمتي» list (8 rows + Nasdaq index row) ; selected tab «قائمتي» ; no stage/status text on any row (only bid/ask/price/change),LIST_SNAPSHOT,HIGH,
SE81e9bddb75,SXTC,V4,EP0179,CH_20260918_25_SXTC,v4,faisal_images/CH_20260918_25_SXTC.jpg,chart,F,VISIBLE_LINKED,UNIT_AUTHOR (per-quote speaker not verified),1,2026-09-1x,,,BOUNDED,2026-09-10,2026-09-21,,,,V4_TRANSCRIPTION,,,,,,,,,,,,UNKNOWN,0,0,,,NO,NO,0,1,YES,NONE,SXTC_2026-09-1x,,,,CHART_ONLY,MEDIUM,
SEe301699157,SXTC,V4,EP0179,CH_20260918_32_SXTC,v4,faisal_images/CH_20260918_32_SXTC.jpg,chart,U,CONTEXT_LINKED,UNIT_AUTHOR (per-quote speaker not verified),0,2026-09-1x,,,BOUNDED,2026-09-10,2026-09-21,,,,V4_TRANSCRIPTION,,,,,,,,,,,,NON_FAISAL,0,0,,,NO,NO,0,1,YES,NONE,SXTC_2026-09-1x,,,,NON_FAISAL,NOT_FAISAL,
SE59d4215e4c,SXTC,V4,EP0179,TG_50600,v4,faisal_images/TG_50600.jpg,edu_post,EDU,VISIBLE_CHANNEL,UNIT_AUTHOR (per-quote speaker not verified),0,2026-09-1x,,,BOUNDED,2026-09-10,2026-09-21,,قناة تعليمية ‖ منهج فيصل.pdf ‖ الدعم والمقاومة ‖ # الدعم والمقاومة # نماذج تعليمية,,V4_TRANSCRIPTION,,,,,,,,,,,,NON_FAISAL,0,0,,,NO,NO,0,0,YES,NONE,,,,,NON_FAISAL,NOT_FAISAL,
SE4c1d21f4ea,SXTC,VISIBLE,EP0179,WA_20260918_31_SXTC,s1,faisal_images/WA_20260918_31_SXTC.jpg,WhatsApp (outgoing) 1:00 م,F_inferred,EYE_READ_AUTHOR_NOT_VISIBLE,F,1,"1:00 م, no date; V4 2026-09-1x; committed 2026-09-18",,2026-09-18,BOUNDED,2026-09-10,2026-09-18,,Sxtc / لايوجد قروبات / لايوجد شورت / الهدف [مطموس] / تم الضغط اليوم✅ / دخول 1.80 > 1.90 / الان 1.95 طلب ✅,,EYE_2026-10-09,جهةُ اتصال (ي) ‖ Sxtc · لايوجد قروبات · لايوجد شورت · الهدف [مطموس] · تم الضغط اليوم ✅ · دخول 1.80 > 1.90 · الان 1.95 طلب ✅ ‖ توي انا · تي تبيع براحتك ‖ لا منب بايع · ابصبر مثلك ‖ الاسهم تبي صبر ‖ كم دخولك انت ‖ ١،٩٥ ‖ بلاش,,,,«تم الضغط» | «دخول»,PRESS | ENTRY_PLAN,,,,ENTRY_PLAN,PRESS_OBSERVED,,0,0,,,NO,NO,0,0,YES,READY,SXTC_2026-09-1x_a,VALIDITY: «لايوجد قروبات · لايوجد شورت» | READY: «تم الضغط اليوم ✅» — الضغطُ زنادُ الجاهزيّة | ENTRY: «دخول 1.80 > 1.90 · الان 1.95 طلب ✅» | CONTEXT: «الاسهم تبي صبر»,pressure observed «اليوم» and entry zone 1.80–1.90; current bid 1.95 · pressure described as having occurred,private WhatsApp chat (the other party's name omitted); outgoing green bubbles = the phone owner (inferred Faisal); no date,SOURCE_TEXT,MEDIUM,
SE65203615fb,SXTC,V4,EP0179,X_20260918_24_SXTC,v4,faisal_images/X_20260918_24_SXTC.png,tweet+quote+chart,F,VISIBLE,UNIT_AUTHOR (per-quote speaker not verified),1,2026-09-1x,,,BOUNDED,2026-09-10,2026-09-21,,10 س ‖ حقق 2.98 المقاومه الاولى · هبط لاختبار الدعم · هل يستمر · هل يفشل · اعطى من 2.10 ل 2.90 · 2.94=2.10+40٪ · 40٪,,V4_TRANSCRIPTION,,,,,«فشل»,INVALID,,,,INVALID,,,0,0,,,NO,NO,0,0,YES,WAIT,SXTC_2026-09-1x_b,STRUCTURE: حقّق المقاومةَ الأولى 2.98 (‏+40٪ من 2.10) ثمّ هبط لاختبار الدعم | WAIT: «هل يستمر · هل يفشل» — الحكمُ معلّقٌ على اختبار الدعم,,,SOURCE_TEXT,MEDIUM,
SE930ae35f8c,SXTC,VISIBLE,EP0179,TG_57862,s2,faisal_images/TG_57862.jpg,quoted X post,F,EYE_VERIFIED,F,1,2026/9/11,,2026-09-30,EXACT_DATE_PRINTED,2026-09-11,2026-09-14,,اضافة كميات مع الضغط,,EYE_2026-10-09,عدة اساله عن sxtc · جني الربح عند مقاومه 3 > باكثر من 70٪ من الكميه · ليش · الصفقه ممكن تنعكس عليك ويفشل السهم · يروح عليك ربح 50٪ · كل الصور باختلاف النماذج رفض الاختراق = هبوط · بعد الاختراق وتاكيد الدعوم يكون دخول جديد ‖ اضافة كميات مع الضغط,,,,«اضافة كميات» | «ضغط»,ENTRY_STATED | PRESS,,,,,ENTRY_STATED+PRESS_OBSERVED,,0,0,,,NO,NO,0,0,YES,WAIT,SXTC_2026-09-2x,PATTERN: رفضُ الاختراق = هبوط (في كلّ النماذج) | ENTRY: دخولٌ جديد بعد الاختراق وتأكيد الدعوم | ENTRY_MECHANISM: «اضافة كميات مع الضغط» (2026/9/11) | EXIT: جني الربح عند المقاومة 3 بأكثر من 70% من الكمّيّة (تجنّبًا لضياع ربح 50%),adding position size with the pressure (entry action tied to pressure); ticker from the quoting post · pressure described as having occurred,Faisal post (undated) quoting @kisar_ · 2026/9/11,SOURCE_TEXT,HIGH,
SE60f60ff1a8,SXTC,VISIBLE,EP0179,X_20260918_22_pipeline,s2,faisal_images/X_20260918_22_pipeline.png,Faisal's own app screenshot attached to the post,F,EYE_VERIFIED,APP_TAB,1,2026/9/13 1:44 م,2026-09-13 06:44 NY,2026-09-18,EXACT_PRINTED,2026-09-14,2026-09-14,,قائمتي,,EYE_2026-10-09,متابعة قائمه فرز اول فرز ثاني جاهزيه · - · ضع لك قائمه · فرز · تحقيق متوسطات شورت الخ تنقل السهم الى فرز 2 · - · ضغط السهم بعد جميع ماذكر نقل الى جاهزيه · - · فسال الله من فضله · فالاسهم رزق لن تسبق رزقك ماحييت ‖ الأمريكي · مغلق,,«قائمتي»,LIST,,,LIST_SNAPSHOT_VISIBLE,tab «قائمتي» selected · 5 rows visible · other tabs NOT SHOWN,,,,,0,0,,,VISIBLE_TAB_ONLY,NO,0,0,YES,NONE,,STRUCTURE: قائمة ⟵ فرزٌ أوّل ⟵ فرزٌ ثانٍ ⟵ جاهزيّة | VALIDITY: تحقيقُ المتوسّطات والشورت «الخ» ينقل السهم إلى الفرز الثاني | READY: ضغطُ السهم بعد جميع ما ذُكر ⟵ نقلٌ إلى الجاهزيّة | META: «الاسهم رزق لن تسبق رزقك»,visible membership of the «قائمتي» tab at the snapshot time only (top 5 rows),Faisal @kisar_ (verified) post; same post as X_20260918_23_watchlist (printed 2026/9/13 1:44 م there). App screenshot 1:41 «الأمريكي · مغلق»; tabs: قائمتي (selected) · الأسهم المملوكة · تحت الجاهزيه · جاهز 100%; bottom nav «قائمة المتابعة»; only the «قائمتي» tab contents are shown,LIST_SNAPSHOT,HIGH,
SEae28e85d1d,SXTC,VISIBLE,EP0179,X_20260918_23_watchlist,s1,faisal_images/X_20260918_23_watchlist.png,Faisal's own app screenshot attached to the post,F,EYE_VERIFIED,APP_TAB,1,2026/9/13 1:44 م,2026-09-13 06:44 NY,2026-09-18,EXACT_PRINTED,2026-09-14,2026-09-14,,قائمتي,,EYE_2026-10-09,فسال الله من فضله · فالاسهم رزق لن تسبق رزقك ماحييت ‖ قائمتي,,«قائمتي»,LIST,,,LIST_SNAPSHOT_VISIBLE,tab «قائمتي» selected · 8 rows visible · other tabs NOT SHOWN,,,,,0,0,,,VISIBLE_TAB_ONLY,NO,0,0,YES,NONE,,,visible membership of the «قائمتي» tab at the snapshot time; says nothing about the other three tabs,continuation of X_20260918_22 — printed «2026/9/13 1:44 م · 886» ; full «قائمتي» list (8 rows + Nasdaq index row) ; selected tab «قائمتي» ; no stage/status text on any row (only bid/ask/price/change),LIST_SNAPSHOT,HIGH,
SE57e7fb6935,SXTC,V4,EP0179,TG_50590,v4,faisal_images/TG_50590.jpg,chart_drawn,F,INFERRED_CHART,UNIT_AUTHOR (per-quote speaker not verified),1,2026-09-2x,,,BOUNDED,2026-09-21,2026-09-30,,S,,V4_TRANSCRIPTION,,,,,,,,,,,,UNKNOWN,0,0,,,NO,NO,0,0,YES,UNKNOWN,,PROJECTION: مسارٌ متوقَّع: استواءٌ (ثبات) بعد القاع ثمّ انطلاق,,,SOURCE_TEXT,LOW,
SE252a57fcf7,SXTC,VISIBLE,,TG_57862,s1,faisal_images/TG_57862.jpg,X post (undated),F,EYE_VERIFIED,F,1,undated; after 2026/9/11; committed 2026-09-30,,2026-09-30,AMBIGUOUS,,,,عدة اساله عن sxtc / جني الربح عند مقاومه 3 > باكثر من 70٪ من الكميه / ليش / الصفقه ممكن تنعكس عليك ويفشل السهم / يروح عليك ربح 50٪ / كل الصور باختلاف النماذج رفض الاختراق = هبوط / - / بعد الاختراق وتاكيد الدعوم يكون دخول جديد,,EYE_2026-10-09,عدة اساله عن sxtc · جني الربح عند مقاومه 3 > باكثر من 70٪ من الكميه · ليش · الصفقه ممكن تنعكس عليك ويفشل السهم · يروح عليك ربح 50٪ · كل الصور باختلاف النماذج رفض الاختراق = هبوط · بعد الاختراق وتاكيد الدعوم يكون دخول جديد ‖ اضافة كميات مع الضغط,,,,«جني الربح» | «فشل» | «دخول»,EXIT | INVALID | ENTRY_PLAN,,,,ENTRY_PLAN+EXIT+INVALID,,,0,0,,,NO,NO,0,0,UNKNOWN,WAIT,SXTC_2026-09-2x,PATTERN: رفضُ الاختراق = هبوط (في كلّ النماذج) | ENTRY: دخولٌ جديد بعد الاختراق وتأكيد الدعوم | ENTRY_MECHANISM: «اضافة كميات مع الضغط» (2026/9/11) | EXIT: جني الربح عند المقاومة 3 بأكثر من 70% من الكمّيّة (تجنّبًا لضياع ربح 50%),profit-taking at resistance 3 (executed or advised — not stated which) and a new entry only after breakout + support confirmation,Faisal post (undated) quoting @kisar_ · 2026/9/11,SOURCE_TEXT,HIGH,
SE01f031e834,SXTC,VISIBLE,,TG_58417,s1,faisal_images/TG_58417.jpg,X post,F,EYE_VERIFIED,F,1,undated; committed 2026-10-07,,2026-10-07,AMBIGUOUS,,,,Sxtc / بعد الضغط وسحب السيوله تم الدخول / والخروج عند 3 / - / والدخول مره اخرى عند 2.15> 2.25 / الان فوق 3 / - / يعني اخذنا منه فوق 100٪ بموجتين / - / الاسهم مافيها دنفسه مضارب تركب معه يصعد يحقق الشموع وتجي ربحك معه,,EYE_2026-10-09,,,,,«ضغط» | «الدخول» | «خروج» | «الدخول»,PRESS | ENTRY_PLAN | EXIT | ENTRY_PLAN,,,,ENTRY_PLAN+EXIT+PRESS_MENTION,,,0,0,,,NO,NO,0,0,UNKNOWN,,,,recalled sequence: pressure + sweep → entry → exit at 3 → re-entry 2.15–2.25 → now above 3,Faisal post page; no date (device 5:54; live widget SXTC 2.070),SOURCE_TEXT,HIGH,
SE0b05349450,TDIC,V4,,IMG_0645,v4,faisal_images/IMG_0645.jpeg,channel_post+chart,EDU,CHANNEL_NAMED_IN_SET,UNIT_AUTHOR (per-quote speaker not verified),0,,,,AMBIGUOUS,,,,قناة تعليمية ‖ هذي موجات tdic · 2.69 > مهم ثباته فوقها · يتداول الان تحت جميع متوسطات الحركه · مع تحقيق قاع 2.33 وثبات اكثر من 3 جلسات,,V4_TRANSCRIPTION,,,,,,,,,,,,NON_FAISAL,0,0,,,NO,NO,0,0,UNKNOWN,WAIT,TDIC_2026-08,CONFIRMATION: «2.69 > مهم ثباته فوقها» | CONTEXT: «يتداول الان تحت جميع متوسطات الحركه» | STRUCTURE: «مع تحقيق قاع 2.33 وثبات اكثر من 3 جلسات»,,,NON_FAISAL,NOT_FAISAL,
SEfbe1b82575,TDIC,V4,,IMG_0647,v4,faisal_images/IMG_0647.png,channel_post+app,EDU,VISIBLE_CHANNEL,UNIT_AUTHOR (per-quote speaker not verified),0,,,,AMBIGUOUS,,,,قناة تعليمية ‖ تم تقسيم محتوى القناة التعليمية لتسهيل الوصول إلى… ‖ اليوم ‖ باقي ع الافتر وقت تبي تطلبه · 2.60 · 2.55 · 2.50 · - ‖ سهم صيني متوقع خلال هذا الاسبوع اذا نجح التحليل ‖ يوجد حصانيه متواجدين معنا هنا اصحاب قروبات غبيه · - · رسالتي له · السهم في بطنه فوق 100٪ اذا دخل المضارب خلك رجال لاتهيض السهم ع 50 سنت 🏌️,,V4_TRANSCRIPTION,,,,,,,,,,,,NON_FAISAL,0,0,,,NO,NO,0,0,UNKNOWN,READY,TDIC_2026-08,ENTRY: «باقي ع الافتر وقت تبي تطلبه 2.60 · 2.55 · 2.50» — طلباتٌ متدرّجة | CONTEXT: «سهم صيني متوقع خلال هذا الاسبوع اذا نجح التحليل» | TARGET: «السهم في بطنه فوق 100٪ اذا دخل المضارب» | VALIDITY: «اصحاب قروبات غبيه … لاتهيض السهم ع 50 سنت»,,,NON_FAISAL,NOT_FAISAL,
SEc08e0f7d52,TDIC,V4,,IMG_0648,v4,faisal_images/IMG_0648.png,channel_post+chart,EDU,VISIBLE_CHANNEL,UNIT_AUTHOR (per-quote speaker not verified),0,,,,AMBIGUOUS,,,,قناة تعليمية ‖ الموجه الاعلى · اختراق 3 يغرد · 4.32 · 5.77 · - · بعدها ع حسب قوة المضارب · - · الشرط ماتدخله قروبات يضرب 3 ويهبط · - · مؤشراته الفنيه جميله من شورت الخ,,V4_TRANSCRIPTION,,,,,,,,,,,,NON_FAISAL,0,0,,,NO,NO,0,0,UNKNOWN,WAIT,TDIC_2026-08,CONFIRMATION: «الموجه الاعلى · اختراق 3 يغرد» | TARGET: «4.32 · 5.77 · بعدها ع حسب قوة المضارب» | VALIDITY: «الشرط ماتدخله قروبات يضرب 3 ويهبط» | CONTEXT: «مؤشراته الفنيه جميله من شورت الخ»,,,NON_FAISAL,NOT_FAISAL,
SEdf56f306d7,TDIC,V4,,IMG_0659,v4,faisal_images/IMG_0659.png,channel_post+chart,EDU,VISIBLE_CHANNEL,UNIT_AUTHOR (per-quote speaker not verified),0,,,,AMBIGUOUS,,,,قناة تعليمية ‖ هذي شمعة الهمر ع الفريم اليومي · مهم مايكسر ذيلها · - · لذلك قررنا الدخول فيه بناء ع هذي الشمعه ‖ لاتشري من العرض ويهبط وتروح مع المصري ب سهم ‖ هذي مشاركه لسهم خاص للجميع…,,V4_TRANSCRIPTION,,,,,«الدخول» | «لاتشري»,ENTRY_PLAN | NO_ENTRY,,,,,,NON_FAISAL,0,0,,,NO,NO,0,0,UNKNOWN,READY,TDIC_2026-08,PATTERN: «هذي شمعة الهمر ع الفريم اليومي · مهم مايكسر ذيلها» | ENTRY: «لذلك قررنا الدخول فيه بناء ع هذي الشمعه» | ENTRY: «لاتشري من العرض»,,,NON_FAISAL,NOT_FAISAL,
SE899cb40bd0,TDIC,V4,,TG_57877,v4,faisal_images/TG_57877.jpg,chat,F,INFERRED_PHONE_OWNER,UNIT_AUTHOR (per-quote speaker not verified),1,2026-09-25?,,,AMBIGUOUS,,,,سهم ابو داحم شورته بطل 😂 ‖ اليوم جميع اسهمنا ‖ حطيت طلباتي وشالهن ‖ تحركت · THH هلت اب ‖ الياباني · ماشاء الله · TDIC ELPW MSGY Fgl Thh · سلمو لي على اللي اهدافهم سنتات 👌😂🫡 ‖ اللهم لك الحمد · [مطموس] باقي,,V4_TRANSCRIPTION,,,,,«طلبات»,ENTRY_PLAN,,,,ENTRY_PLAN,,,0,0,,,NO,NO,0,0,UNKNOWN,NONE,,ENTRY_MECHANISM: الدخولُ بطلباتٍ موضوعة مسبقًا («حطيت طلباتي وشالهن»),,,SOURCE_TEXT,LOW,
SEae656fa9b0,THH,V4,,TG_57877,v4,faisal_images/TG_57877.jpg,chat,F,INFERRED_PHONE_OWNER,UNIT_AUTHOR (per-quote speaker not verified),1,2026-09-25?,,,AMBIGUOUS,,,,سهم ابو داحم شورته بطل 😂 ‖ اليوم جميع اسهمنا ‖ حطيت طلباتي وشالهن ‖ تحركت · THH هلت اب ‖ الياباني · ماشاء الله · TDIC ELPW MSGY Fgl Thh · سلمو لي على اللي اهدافهم سنتات 👌😂🫡 ‖ اللهم لك الحمد · [مطموس] باقي,,V4_TRANSCRIPTION,,,,,«طلبات»,ENTRY_PLAN,,,,ENTRY_PLAN,,,0,0,,,NO,NO,0,0,UNKNOWN,NONE,,ENTRY_MECHANISM: الدخولُ بطلباتٍ موضوعة مسبقًا («حطيت طلباتي وشالهن»),,,SOURCE_TEXT,LOW,
SE6c65886529,TLIH,V4,EP0180,TG_1981,v4,faisal_images/TG_1981.jpg,tweet+chart,F,VISIBLE_OCR,UNIT_AUTHOR (per-quote speaker not verified),1,2026-05-0x,,,BOUNDED,2026-05-01,2026-05-11,,3.80 ثبات الدعم · ماعتقد يصعد اليوم والله اعلم · الا اذا هلت,,V4_TRANSCRIPTION,,,,,,,,,,,,UNKNOWN,0,0,,,NO,NO,0,0,YES,UNKNOWN,,INFO: ثباتُ الدعم 3.80 على الأسبوعيّ,,,SOURCE_TEXT,MEDIUM,
SE315dedfbf1,TLIH,V4,EP0180,TG_1982,v4,faisal_images/TG_1982.jpg,chart,F,CATALOG_ATTRIBUTION,UNIT_AUTHOR (per-quote speaker not verified),1,2026-05-0x,,,BOUNDED,2026-05-01,2026-05-11,,,,V4_TRANSCRIPTION,,,,,,,,,,,,UNKNOWN,0,0,,,NO,NO,0,1,YES,NONE,,,,,CHART_ONLY,LOW,
SEc70f4a45d8,TLIH,V4,EP0180,TG_1983,v4,faisal_images/TG_1983.jpg,chart,F,CATALOG_ATTRIBUTION,UNIT_AUTHOR (per-quote speaker not verified),1,2026-05-0x,,,BOUNDED,2026-05-01,2026-05-11,,,,V4_TRANSCRIPTION,,,,,,,,,,,,UNKNOWN,0,0,,,NO,NO,0,1,YES,NONE,,,,,CHART_ONLY,LOW,
SE5aeebb594f,TRUG,V4,EP0181,TG_2046,v4,faisal_images/TG_2046.jpg,chart_annot,F,CATALOG_ATTRIBUTION,UNIT_AUTHOR (per-quote speaker not verified),1,2026-03-2x,,,BOUNDED,2026-03-20,2026-03-30,,فجوه سعريه,,V4_TRANSCRIPTION,,,,,,,,,,,,UNKNOWN,0,0,,,NO,NO,0,0,YES,NONE,,,,,SOURCE_TEXT,LOW,
SEd7128acd11,TRUG,V4,EP0181,TG_2047,v4,faisal_images/TG_2047.jpg,chart,F,CATALOG_ATTRIBUTION,UNIT_AUTHOR (per-quote speaker not verified),1,2026-03-2x,,,BOUNDED,2026-03-20,2026-03-30,,,,V4_TRANSCRIPTION,,,,,,,,,,,,UNKNOWN,0,0,,,NO,NO,0,1,YES,NONE,,,,,CHART_ONLY,LOW,
SEc4b920c467,TRUG,V4,EP0181,TG_2045,v4,faisal_images/TG_2045.jpg,chart_annot,F,CATALOG_ATTRIBUTION,UNIT_AUTHOR (per-quote speaker not verified),1,2026-03-3x,,,BOUNDED,2026-03-30,2026-04-01,,فجوه سعريه,,V4_TRANSCRIPTION,,,,,,,,,,,,UNKNOWN,0,0,,,NO,NO,0,0,YES,NONE,,INFO: الفجوةُ السعريّة فوق السعر هدف (مُلئت في البريماركت),,,SOURCE_TEXT,LOW,
SE0a0f7477d8,TRUG,V4,EP0181,TG_2121,v4,faisal_images/TG_2121.jpg,tweet+chart,F,CATALOG_ATTRIBUTION,UNIT_AUTHOR (per-quote speaker not verified),1,2026-03-30,,,RECORDED_UNVERIFIED,2026-03-30,2026-03-31,,متابعه غدا · $TURG [=TRUG] · مقسم الجمعه · صفر شورت · 466 الف سهم,,V4_TRANSCRIPTION,,,,,«متابعه»,MONITOR,,,,MONITOR,,,0,0,,,NO,NO,0,0,YES,WATCH,,WATCH: متابعةُ الغد: مقسّمٌ الجمعة ‏+ شورتٌ صفر ‏+ 466 ألف سهم,,,SOURCE_TEXT,LOW,
SE52f53de8da,TRUG,V4,EP0182,TG_1845,v4,faisal_images/TG_1845.jpg,tweet,F,VISIBLE_OCR,UNIT_AUTHOR (per-quote speaker not verified),1,2026-07-2x,,,BOUNDED,2026-07-20,2026-07-30,,بيكون تحت المراقبه بري الاثنين + الاسبوع القادم · حصل خوارزميات قبل ساعتين لكن ماستمر · الشورت صفر ورجع 7000 · … اخترق 1.60 جنى ربحه عند 1.83 هبط فيه لقاع جديد · 1.83 بتكون مقاومه اذا كسرها تتحول لدعم · … الان يهمك ضمان دخول المضارب اذا تحرك فوق 1.30 · عنده هدف 2>2.30 · هدف اعلى 3.50 · بينها اهداف · كم يحقق لاحد يجزم · صعوده اليوم حقق موجه فقط واحده من موجات اليوت,,V4_TRANSCRIPTION,,,,,«تحت المراقبه» | «جنى ربح» | «دخول»,MONITOR | EXIT | ENTRY_PLAN,,,,MONITOR+ENTRY_PLAN+EXIT,,,0,0,,,NO,NO,0,0,YES,WAIT,,WAIT: تحت المراقبة حتّى يُضمن دخول المضارب (تحرّكٌ فوق مستوى) | INFO: مقاومةٌ إذا كُسرت تتحوّل لدعم ثمّ يُعاد اختبارها,,,SOURCE_TEXT,MEDIUM,
SE8be7b34fe3,TRUG,V4,EP0182,TG_1847,v4,faisal_images/TG_1847.jpg,chart,F,CATALOG_ATTRIBUTION,UNIT_AUTHOR (per-quote speaker not verified),1,2026-07-2x,,,BOUNDED,2026-07-20,2026-07-30,,,,V4_TRANSCRIPTION,,,,,,,,,,,,UNKNOWN,0,0,,,NO,NO,0,1,YES,NONE,,,,,CHART_ONLY,LOW,
SE8f1478af18,TRUG,V4,EP0182,TG_1848,v4,faisal_images/TG_1848.jpg,chart_annot,F,CATALOG_ATTRIBUTION,UNIT_AUTHOR (per-quote speaker not verified),1,2026-07-2x,,,BOUNDED,2026-07-20,2026-07-30,,مهم يتحرر من 1.60,,V4_TRANSCRIPTION,,,,,,,,,,,,UNKNOWN,0,0,,,NO,NO,0,0,YES,NONE,,WAIT: «مهم يتحرر من 1.60» — التحرّر شرطُ الإيجابيّة,,,SOURCE_TEXT,LOW,
SEa6eda7a6b6,TRUG,V4,EP0182,TG_1849,v4,faisal_images/TG_1849.jpg,tweet+video,F,VISIBLE_OCR,UNIT_AUTHOR (per-quote speaker not verified),1,2026-07-2x,,,BOUNDED,2026-07-20,2026-07-30,,السهم والله اعلم متواجد فيه مضارب خوارزميات مضارب · 1.60 مقاومه مهم يكسرها · ممكن يلعب موجات يضربها ويهبط فيه ويرجع يصعد · ماحد يجزم … ممكن ينتظر الماركت · انت تابع عشان ماتلحق الربع,,V4_TRANSCRIPTION,,,,,«ينتظر» | «تابع»,WAIT | MONITOR,,,,WAIT+MONITOR,,,0,0,,,NO,NO,0,0,YES,WAIT,,WAIT: المقاومة المهمّة يلزم كسرُها · تابع ولا تلحق,,,SOURCE_TEXT,MEDIUM,
SE325c547294,TRUG,V4,EP0182,TG_1850,v4,faisal_images/TG_1850.jpg,app_trades,F,CATALOG_ATTRIBUTION,UNIT_AUTHOR (per-quote speaker not verified),1,2026-07-2x,,,BOUNDED,2026-07-20,2026-07-30,,خوارزميّات المضارب,,V4_TRANSCRIPTION,,,,,,,,,,,,UNKNOWN,0,0,,,NO,NO,0,0,YES,NONE,,INFO: طبعاتٌ آليّة صغيرة متتالية بسرعة = خوارزميّة,,,SOURCE_TEXT,LOW,
SE8b706df10a,TRUG,V4,EP0182,TG_1853,v4,faisal_images/TG_1853.jpg,tweet+app,F,CATALOG_ATTRIBUTION,UNIT_AUTHOR (per-quote speaker not verified),1,2026-07-2x,,,BOUNDED,2026-07-20,2026-07-30,,اسمه خوارزميات مضارب · برامج اليه للمضارب يشري بسرعه عاليه · ارقام متتاليه اسعار مختلفه اب اند دوان · اذا شفت اي سهم تحرك بالطريقة هذي اعلم يقين المضارب متواجد وبيصعد بالسهم · شرط سرعه عاليه مثل المقطع · لان بعض من يحرج ع الاسهم يعمل الطريقه هذي يدوي اهام وسراب,,V4_TRANSCRIPTION,,,,,,,,,,,,UNKNOWN,0,0,,,NO,NO,0,0,YES,NONE,,INFO: بصمة خوارزميّة المضارب: طبعاتٌ متتالية بأسعارٍ تصعد وتهبط بسرعةٍ عالية ⟵ المضارب متواجدٌ وسيرفع · واليدويُّ البطيء وهم,,,SOURCE_TEXT,LOW,
SE704992c3e1,TURB,V4,EP0183,TG_2115,v4,faisal_images/TG_2115.jpg,chart,F,CATALOG_ATTRIBUTION,UNIT_AUTHOR (per-quote speaker not verified),1,2026-04-1x,,,BOUNDED,2026-04-10,2026-04-20,,,,V4_TRANSCRIPTION,,,,,,,,,,,,UNKNOWN,0,0,,,NO,NO,0,1,NO_BARS,NONE,,,,,CHART_ONLY,LOW,
SE42707f2185,UPC,V4,EP0184,IMG_0486,v4,faisal_images/IMG_0486.png,tweet+chart,F,VISIBLE,UNIT_AUTHOR (per-quote speaker not verified),1,2026-07-31,,,RECORDED_UNVERIFIED,2026-07-31,2026-08-03,,سهم صاعد قبل شهر بالضبط وصل 17 · حقق متوسط 30 · صعد بعد اختبار الدعم السابق قبل صعوده كان 3.10 · هبط واختبر 3.10 حافظ عليها صعد 17٪ · الصعود غالبا من 10> 15٪ · يرجع يهبط يختبر الدعم · هنا يكون الدخول عند اقل سعر 3.20 · مع وقف 3 · - · الهدف الاول راس شمعة الفجوه الهابطه 8,,V4_TRANSCRIPTION,,,,,«الدخول»,ENTRY_PLAN,,,,ENTRY_PLAN,,,0,0,,,NO,NO,0,0,YES,NONE,UPC_2026-07,STRUCTURE: حدثٌ مؤسِّس: سهمٌ صعد قبل شهرٍ إلى 17 ثمّ هبط وحقّق متوسّط 30 | STRUCTURE: «هبط واختبر 3.10 حافظ عليها صعد 17٪» — اختبارُ الدعم السابق بلا كسر ثمّ ارتداد | PATTERN: «الصعود غالبا من 10> 15٪» — ارتدادُ الاختبار (وصفيٌّ «غالبا») | ENTRY: «يرجع يهبط يختبر الدعم · هنا يكون الدخول عند اقل سعر 3.20» — دخولٌ عند الاختبار الثاني فوق الدعم | STOP: «مع وقف 3» (تحت الدعم 3.10) | TARGET: «الهدف الا,,,SOURCE_TEXT,MEDIUM,
SE79a244fc6a,UPC,V4,EP0184,IMG_0498,v4,faisal_images/IMG_0498.png,tweet+quote+reply,F,VISIBLE,UNIT_AUTHOR (per-quote speaker not verified),1,2026-07-31,,,RECORDED_UNVERIFIED,2026-07-31,2026-08-03,,هبوطه اليوم ل 3.16 · شرحنا انه لازم يرجع يهبط بعد اختبار المقاومه · - · 80٪ هذا نهج الاسهم · - مايخالف النهج العلمي يروح علينا صعب تتنبأ فيه · بعضها يطلع بدون كل هذا يضرب نسب وحنا نتفرج · - · الامان تتبع خطوات علميه ‖ ممتاز يابو بدر واضح جدا لكن كيف عرفت انه سهم الافتر وش العلامه او الشمعه الي خلتك تتوقع انه سهم الافتر ‖ ابوبدر هل عندك فلتر تستخدمه او تراقب السهم من شهر ؟؟؟؟ ‖ قلم وورقه · او اكتب بالملاحظات بالجوال · سهم كذا صعد نسبة كذا بيوم كذا · وارجع لها كل سبوع تشيك,,V4_TRANSCRIPTION,,,,,«راقب»,MONITOR,,,,MONITOR,,,0,0,,,NO,NO,0,0,YES,NONE,UPC_2026-07,STRUCTURE: «شرحنا انه لازم يرجع يهبط بعد اختبار المقاومه» — هبوطُ الاختبار شرطٌ قبل الانطلاق (UPC: 3.16) | CONTEXT: «80٪ هذا نهج الاسهم» (دعوى تكرار) | VALIDITY: «مايخالف النهج العلمي يروح علينا صعب تتنبأ فيه · بعضها يطلع بدون كل هذا يضرب نسب وحنا نتفرج» — الفواتُ مقبولٌ بالتصميم | CONTEXT: «الامان تتبع خطوات علميه» | DATA: «قلم وورقه … سهم كذا صعد نسبة كذا بيوم كذا · وارجع لها كل سبوع تشيك» — سجل,,,SOURCE_TEXT,MEDIUM,
SEb3d242c724,UPC,V4,EP0184,IMG_0496,v4,faisal_images/IMG_0496.png,reply_thread,F,VISIBLE,UNIT_AUTHOR (per-quote speaker not verified),1,2026/8/1 3:07 ص,2026-07-31 20:07 NY,,EXACT_PRINTED,2026-08-03,2026-08-03,,ابو بدر الاسهم اللي تصعد مره اخرى مفروض الشورت مايتعدا كم ؟ لان استغرب من اسهم تصعد وشورتها ٥٠ او ١٠٠ الف كنهج الافضل كم ؟ ‖ 20 وتحت ‖ ابو بدر لاهنت سوال ثاني هل مشروط يرجع لدعمه الاساسي الي قبل الصعود او يكون دعم قريب من عنده ؟ ‖ يرجع فوق 10-20 سنت · دعمه 3 اللي ثبت عليه · يرجع 3.20 > 3.10 · يكون وقفه 3 تحت الدعم · 3.00=3.20-6٪,,V4_TRANSCRIPTION,,,,,,,,,,,,UNKNOWN,0,0,,,NO,NO,0,0,YES,NONE,UPC_2026-07,VALIDITY: «الشورت مايتعدا كم ؟» ⟵ «20 وتحت» (ألف) — للأسهم التي تعيد الصعود | ENTRY: «يرجع فوق 10-20 سنت» من الدعم الذي ثبت عليه — لا يشترط الرجوعَ للدعم الأساسيّ قبل الصعود | ENTRY: «يرجع 3.20 > 3.10» (مثال UPC) | STOP: «يكون وقفه 3 تحت الدعم · 3.00=3.20-6٪»,,,SOURCE_TEXT,MEDIUM,
SE6047bbcf84,UPC,V4,EP0184,IMG_0587,v4,faisal_images/IMG_0587.png,tweet+dm,F,VISIBLE,UNIT_AUTHOR (per-quote speaker not verified),1,2026/8/1 1:32 ص,2026-07-31 18:32 NY,,EXACT_PRINTED,2026-08-03,2026-08-03,,$UPC · 8 نعمه سهم جبار ‖ أمس ‖ موعدنا الافتر باذن الله 100٪ مضمونه عند 5 · الامل 10 · 7> 8 ‖ جهةُ اتصال (أخ) ‖ إجمالي ربح/خ… 5 (81.77%) ‖ قرشته بـ 8 الله يطرح البركة,,V4_TRANSCRIPTION,,,,,,,,,,,,UNKNOWN,0,0,,,NO,NO,0,0,YES,READY,UPC_2026-07,TARGET_TIMING: «موعدنا الافتر باذن الله» — توقيتُ الانطلاق (محورُ AH⟵PM مُغلَقٌ سياسةً آليّة ⇒ سياقٌ لا قاعدة) | TARGET: «100٪ مضمونه عند 5 · الامل 10 · 7> 8»,,,SOURCE_TEXT,MEDIUM,
SE3746edc319,VEEE,V4,EP0185,TG_1972,v4,faisal_images/TG_1972.jpg,chart,F,CATALOG_ATTRIBUTION,UNIT_AUTHOR (per-quote speaker not verified),1,2026-05-1x,,,BOUNDED,2026-05-11,2026-05-20,,,,V4_TRANSCRIPTION,,,,,,,,,,,,UNKNOWN,0,0,,,NO,NO,0,1,YES,NONE,,,,,CHART_ONLY,LOW,
SEd03e131181,VEEE,V4,EP0185,TG_1975,v4,faisal_images/TG_1975.jpg,chart,F,CATALOG_ATTRIBUTION,UNIT_AUTHOR (per-quote speaker not verified),1,2026-05-1x,,,BOUNDED,2026-05-11,2026-05-20,,,,V4_TRANSCRIPTION,,,,,,,,,,,,UNKNOWN,0,0,,,NO,NO,0,1,YES,NONE,,,,,CHART_ONLY,LOW,
SEcb0382a53d,VEEE,V4,EP0185,TG_58045,v4,faisal_images/TG_58045.jpg,tweet+chart,F,INFERRED_CROPPED,UNIT_AUTHOR (per-quote speaker not verified),1,2026-05-1x,,,BOUNDED,2026-05-11,2026-05-20,,هل يصعد ويكمل نموذج W الاجابي ام يهبط ويكون نموذجً M السلبي · مقرون 6.18> 6.34 > ادناهما سلبي اعلاهما اجابي,,V4_TRANSCRIPTION,,,,,,,,,,,,UNKNOWN,0,0,,,NO,NO,0,0,YES,WAIT,VEEE_2026-05,VALIDITY: نطاقُ قرارٍ «مقرون» 6.18-6.34: أدناهما سلبيّ (M) وأعلاهما إيجابيّ (W) | PATTERN: إكمالُ W الإيجابيّ أو تكوّنُ M السلبيّ — يحسمه النطاق,,,SOURCE_TEXT,LOW,
SEdb08c3da8b,VEEE,V4,EP0185,TG_1865,v4,faisal_images/TG_1865.jpg,tweet+chart,F,VISIBLE_OCR,UNIT_AUTHOR (per-quote speaker not verified),1,2026-05-19,,,RECORDED_UNVERIFIED,2026-05-19,2026-05-20,,ع فريم 4 ساعات ذيل الشمعه الحمرا بعدها صعد مباشره · الشمعه الحمرا الطويله 9.67 فنيا تغطى بشمعه خضرا مقابله تجاوزها يحقق اهداف اخرى · يهبط يكون قاع جديد · هذا شرح الاسهم,,V4_TRANSCRIPTION,,,,,,,,,,,,UNKNOWN,0,0,,,NO,NO,0,0,YES,NONE,,INFO: الشمعة الحمراء الطويلة تُغطّى فنيًّا بشمعةٍ خضراء مقابلة · تجاوزُها أهدافٌ أخرى · وإلّا قاعٌ جديد,,,SOURCE_TEXT,MEDIUM,
SE38edbe0843,VEEE,V4,EP0185,APP_20260918_59_VEEE,v4,faisal_images/APP_20260918_59_VEEE.jpg,app_chart,F,VISIBLE_LINKED,UNIT_AUTHOR (per-quote speaker not verified),1,2026-05-20,,,RECORDED_UNVERIFIED,2026-05-20,2026-05-21,,,,V4_TRANSCRIPTION,,,,,,,,,,,,UNKNOWN,0,0,,,NO,NO,0,1,YES,NONE,VEEE_2026-05,CONTEXT: «تمركز السيوله» + RSI 41.95 + دائرتا MA5 8.91 وMA20 12 (نصُّ X_61) — السيولةُ السابقة المتمركّزة مرجعًا,,,CHART_ONLY,MEDIUM,
SE19d0808950,VEEE,V4,EP0185,CH_20260918_57_VEEE,v4,faisal_images/CH_20260918_57_VEEE.jpg,chart,F,VISIBLE_LINKED,UNIT_AUTHOR (per-quote speaker not verified),1,2026-05-20,,,RECORDED_UNVERIFIED,2026-05-20,2026-05-21,,,,V4_TRANSCRIPTION,,,,,,,,,,,,UNKNOWN,0,0,,,NO,NO,0,1,YES,NONE,VEEE_2026-05,,,,CHART_ONLY,MEDIUM,
SE8c9457cecb,VEEE,V4,EP0185,CH_20260918_58_VEEE,v4,faisal_images/CH_20260918_58_VEEE.jpg,chart,F,VISIBLE_LINKED,UNIT_AUTHOR (per-quote speaker not verified),1,2026-05-20,,,RECORDED_UNVERIFIED,2026-05-20,2026-05-21,,,,V4_TRANSCRIPTION,,,,,,,,,,,,UNKNOWN,0,0,,,NO,NO,0,1,YES,NONE,VEEE_2026-05,,,,CHART_ONLY,MEDIUM,
SE32a9168ce4,VEEE,V4,EP0185,CH_20260918_60_VEEE,v4,faisal_images/CH_20260918_60_VEEE.jpg,chart_annot,F,VISIBLE_LINKED,UNIT_AUTHOR (per-quote speaker not verified),1,2026-05-20,,,RECORDED_UNVERIFIED,2026-05-20,2026-05-21,,,,V4_TRANSCRIPTION,,,,,,,,,,,,UNKNOWN,0,0,,,NO,NO,0,1,YES,NONE,VEEE_2026-05,CONFIRMATION: بنفسجيّ 8.27 = إيجابيّةٌ بعد التحرّر (نصُّ X_61) | INVALIDATION: أحمر 6.17 = سلبيّةُ إقفالٍ تحته (نصُّ X_61),,,CHART_ONLY,MEDIUM,
SE68ce86f654,VEEE,V4,,X_20260918_61_VEEE,v4,faisal_images/X_20260918_61_VEEE.jpg,tweet,F,VISIBLE_AVATAR,UNIT_AUTHOR (per-quote speaker not verified),1,2026-05/06,,,AMBIGUOUS,,,,منشور جديد من Faisal: لذلك نقول متابعه نشوف وين يروح السهم ‖ صحيح لذلك ذكرت تكونت شمعه وليس شمعتين · انتظر تكوين الشمعه الثانيه باقفال يومي · - · اجابية السهم بعد 8.27 تحرر من الاتجاه الهابط · - · سلبية السهم اقفال 6.17 · ——— · تحليل الاسهم هذي للانتظار وليس للدخول بكميات · - · ذكرت تحليلي لاسهم الارتكاز لايبنى ع السيوله الحاليه نبحث عن السيوله السابقه المتمركزه بالسهم · - · هبط وكسر 6 كم نسبة الوقف لاتمثل 7٪ من دخولنا 6.50 · - · جتني ردود من منتسبي تحليل لايتابعون مجملها السهم سلبي في مسار هابط الخ · - · لم اذكر ان السهم اجابي ولكن المؤشرات السابقه اجابيه · هل يخالف المضارب ويهبط السهم نعم · هل يصعد ربما · من يجزم يقين بالاسهم لاعلم له · انظر الصوره الاخرى تمركز السيوله 51000K · Rsi < 41.95 · دائره الزرقا 8.91 · دائره برتقالي 12 · - · هذا شرح السهم مطولا · - · اي محلل لابد يشرح لك الاسباب والنظريه يحط لك خطين يرسم فيبوناتشي هذا سواليف,,V4_TRANSCRIPTION,,,,,«متابعه» | «انتظر» | «لانتظار» | «دخول» | «دخولنا»,MONITOR | WAIT | WAIT | ENTRY_PLAN | ENTRY_STATED,,,,WAIT+MONITOR+ENTRY_PLAN,ENTRY_STATED,,0,0,«ذكرت» | «ذكرت»,,NO,NO,0,0,UNKNOWN,WAIT,VEEE_2026-05,CONFIRMATION: تكوّنت شمعةٌ واحدةٌ لا شمعتان ⟵ انتظار تكوين الشمعة الثانية بإقفالٍ يوميّ | CONFIRMATION: إيجابيّةُ السهم بعد 8.27 = تحرّرٌ من الاتّجاه الهابط | INVALIDATION: سلبيّةُ السهم: إقفالٌ عند 6.17 | WAIT: «تحليل الاسهم هذي للانتظار وليس للدخول بكميات» | CONTEXT: تحليلُ أسهم الارتكاز لا يُبنى على السيولة الحاليّة بل على السيولة السابقة المتمركزة في السهم (تمركزٌ 51000K) | INVALIDATION: نسبةُ,,,SOURCE_TEXT,MEDIUM,
SEad436ec2b8,VMAR,V4,EP0186,TG_2039,v4,faisal_images/TG_2039.jpg,chart,F,CATALOG_ATTRIBUTION,UNIT_AUTHOR (per-quote speaker not verified),1,2026-03-0x,,,BOUNDED,2026-03-02,2026-03-10,,,,V4_TRANSCRIPTION,,,,,,,,,,,,UNKNOWN,0,0,,,NO,NO,0,1,NO_BARS,NONE,,,,,CHART_ONLY,LOW,
SE9ce756c749,VMAR,V4,EP0187,TG_2070,v4,faisal_images/TG_2070.jpg,tweet,F,VISIBLE_OCR,UNIT_AUTHOR (per-quote speaker not verified),1,2026-03-18,,,RECORDED_UNVERIFIED,2026-03-18,2026-03-19,,تحليل حسب ماتعلمنا … ليست امنيات وليست توصيات · هل المضارب يخالف نعم · هل المضارب يصنع مايحصل نعم · نشرح سلوك السهم … السهم ارتفع بخبر مع وجود شمعه صاعده · حقق 2.91 > متابع السهم ما امدا ولا ابيع كلها باقل من دقيقه · الشورت مسيطر ع السهم المضاربين الكبار دخولهم بعد تحرر السهم من 3 · 3> وقف خسارة الشورت يحدث تذبذب سريع · المضارب هبط بالسهم مسح جميع السيوله المتمركزه بوقف خساره من 2.30 ل 2.15 · مسح مراكز الوقف اكثر من 50 الف سهم شالها المضارب · لكل شمعه صاعده وتد هابط 10٪ · حقق الوتد الهابط,,V4_TRANSCRIPTION,,,,,«دخول»,ENTRY_PLAN,,,,ENTRY_PLAN,,,0,0,,,NO,NO,0,0,NO_BARS,NONE,,WAIT: الشورتُ مسيطر ⟵ دخولُ المضاربين الكبار بعد تحرّر السهم من 3 (فوق السعر) | INFO: المضارب يمسح السيولة المتمركزة عند أوامر الوقف (2.30 ⟵ 2.15 · أكثر من 50 ألف سهم) | INFO: «لكل شمعه صاعده وتد هابط 10٪» | INFO: «ابيع كلها باقل من دقيقه» عند 2.91 (إدارةُ الخروج محورٌ مُغلَق),,,SOURCE_TEXT,MEDIUM,
SEc4e86ddfd9,VMAR,V4,EP0187,TG_2068,v4,faisal_images/TG_2068.jpg,chart_annot,F,CATALOG_ATTRIBUTION,UNIT_AUTHOR (per-quote speaker not verified),1,2026-03-19,,,RECORDED_UNVERIFIED,2026-03-19,2026-03-20,,2.34-8٪=2.15,,V4_TRANSCRIPTION,,,,,,,,,,,,UNKNOWN,0,0,,,NO,NO,0,0,NO_BARS,NONE,,INFO: عمقُ المسح: الدعم 2.34 ‏−8% = 2.15 (القاع),,,SOURCE_TEXT,LOW,
SE1cd7bc23d3,VMAR,V4,EP0187,TG_2069,v4,faisal_images/TG_2069.jpg,chart,F,CATALOG_ATTRIBUTION,UNIT_AUTHOR (per-quote speaker not verified),1,2026-03-19,,,RECORDED_UNVERIFIED,2026-03-19,2026-03-20,,,,V4_TRANSCRIPTION,,,,,,,,,,,,UNKNOWN,0,0,,,NO,NO,0,1,NO_BARS,NONE,,,,,CHART_ONLY,LOW,
SE9f9e6d0571,WCT,V4,EP0188,TG_2075,v4,faisal_images/TG_2075.jpg,dm,FA,VISIBLE,UNIT_AUTHOR (per-quote speaker not verified),0,2026-06,,,BOUNDED,2026-06-01,2026-07-01,,شورت ٨٠٠ قسم يوم ٦/٥/٢٠٢٦ · عدد اسهم ١.٤٥ مليون ‖ …max شورت ٢٠٠٠ تقسيم يوم ١٧/٤/٢٠٢٦ · عدد اسهم ٨٩٢ الف مدبل من ٢ الى ٤ ‖ شورت صفر · عدد اسهم ٢.١٨ مليون · اخر تقسيم ١٠/٣/٢٠٢٥ ‖ Wct · شورت ٧٠٠٠ · عدد الاسهم ٨٤٩ الف · اخر تقسيم ٦/٣/٢٠٢٦ ‖ … ٣٠٠٠ · عدد الاسهم ٣.٠٥ مليون,,V4_TRANSCRIPTION,,,,,,,,,,,,NON_FAISAL,0,0,,,NO,NO,0,0,YES,NONE,,INFO: فحصُ المساعد الأوّليّ: الشورت · تاريخُ آخر تقسيم · عددُ الأسهم (وتضاعفُ السعر بعد التقسيم),,,NON_FAISAL,NOT_FAISAL,
SEe7ad50e4e9,WCT,V4,EP0188,TG_2082,v4,faisal_images/TG_2082.jpg,dm,FA,VISIBLE,UNIT_AUTHOR (per-quote speaker not verified),0,2026-06,,,BOUNDED,2026-06-01,2026-07-01,,,,V4_TRANSCRIPTION,,,,,,,,,,,,NON_FAISAL,0,0,,,NO,NO,0,1,YES,NONE,,,,,NON_FAISAL,NOT_FAISAL,
SE082feddf60,WETO,V4,EP0189,CH_20260918_47_WETO,v4,faisal_images/CH_20260918_47_WETO.jpg,chart,F,CONTEXT_LINKED,UNIT_AUTHOR (per-quote speaker not verified),1,2026-09-1x,,,BOUNDED,2026-09-10,2026-09-21,,,,V4_TRANSCRIPTION,,,,,,,,,,,,UNKNOWN,0,0,,,NO,NO,0,1,YES,NONE,WETO_2026-09-1x,,,,CHART_ONLY,LOW,
SE5a104a7fba,WETO,V4,EP0189,X_20260918_48_WETO,v4,faisal_images/X_20260918_48_WETO.jpg,tweet,F,INFERRED_CROPPED,UNIT_AUTHOR (per-quote speaker not verified),1,2026-09-1x,,,BOUNDED,2026-09-10,2026-09-21,,السهم الصاعد من 3 ل 50 دولار · الهابط الى 2.40 الان · - · يحلل ع فريم 5 دقايق · - · ضرب 2.43 بشمعتين · لازال غير مؤكد هذا الدعم · عدم ثبات 2.43 · متابعه الهبوط كم يثبت · هل يهبط الى 1.87 >2 الشموع الحمرا السفليه · - · فقط متابعه وين يثتب الثبات يقاس بارتداد مضارب 15٪ وهبوط لاختبار الثبات مره اخرى · - · اللاين الاسود راح يكون مقاومات مستقبل القريب,,V4_TRANSCRIPTION,,,,,«متابعه» | «متابعه»,MONITOR | MONITOR,,,,MONITOR,,,0,0,,,NO,NO,0,0,YES,WATCH,WETO_2026-09-1x,STRUCTURE: يُحلَّل على فريم 5 دقائق (سهمٌ صعد من 3 إلى 50 ثمّ هبط إلى 2.40) | VALIDITY: ضرب 2.43 بشمعتين — «لازال غير مؤكد هذا الدعم» · عدمُ ثبات 2.43 | WAIT: متابعةُ الهبوط: هل يهبط إلى 1.87-2.00 (الشموع الحمراء السفليّة) | VALIDITY: الثباتُ يُقاس بارتداد مضاربٍ ‏15٪ ثمّ هبوطٍ لاختبار الثبات مرّةً أخرى | S/R: اللاينُ الأسود مقاوماتُ المستقبل القريب,,,SOURCE_TEXT,LOW,
SEec5fe31afb,WHLR,V4,EP0190,TG_50817,v4,faisal_images/TG_50817.jpg,tweet+charts,F,VISIBLE,UNIT_AUTHOR (per-quote speaker not verified),1,2026/9/23 1:53 م,2026-09-23 06:53 NY,,EXACT_PRINTED,2026-09-23,2026-09-23,,الفرق بين سيوله مضارب يصعد 200٪ · وسيوله افراد توصيات · ضغط من المضارب 4 الى 2.20 خساره 50٪,,V4_TRANSCRIPTION,,,,,«ضغط»,PRESS,,,,PRESS_MENTION,,,0,0,,,NO,NO,0,0,YES,NONE,,CONTEXT: سيولةُ المضارب ⟵ صعودٌ ‏+200% (WHLR) · وسيولةُ «أفراد التوصيات» ⟵ يضغطها المضاربُ من 4 إلى 2.20 (‏≈−45% «خسارة 50٪» — HAO),,,SOURCE_TEXT,MEDIUM,
SE9d7b48231d,WLDS,V4,EP0191,TG_1821,v4,faisal_images/TG_1821.jpg,dm,FA,VISIBLE,UNIT_AUTHOR (per-quote speaker not verified),0,2026-07-19,,,RECORDED_UNVERIFIED,2026-07-20,2026-07-20,,ممتاز بشرط ما يكسر 2.40 Inlf ‖ الباقي شورتها مرتفع شوي ‖ توه مقسم مانجرم بطلوعه Rbne ‖ تاكد مافيه قروبات,,V4_TRANSCRIPTION,,,,,,,,,,,,NON_FAISAL,0,0,,,NO,NO,0,0,YES,MULTI,,REJECT: الشورت (المتاح) مرتفع ⟵ لا | REJECT: مقسّمٌ للتوّ ⟵ لا نجزم بصعوده | WAIT: تأكّد ما فيه قروبات,,,NON_FAISAL,NOT_FAISAL,
SE663a85c3e2,WLDS,V4,,TG_1818,v4,faisal_images/TG_1818.jpg,reply+dm,F,VISIBLE_OCR,UNIT_AUTHOR (per-quote speaker not verified),1,2026-07-19~,,,AMBIGUOUS,,,,من 2.40 ل 7 · 200٪ · سهم مادخلته ولاحللته · احد المتابعين مع عبدالرحمن,,V4_TRANSCRIPTION,,,,,«مادخلته»,NO_ENTRY,,,,NO_ENTRY,,,0,0,,,NO,NO,0,0,UNKNOWN,NONE,,,,,SOURCE_TEXT,MEDIUM,
SEff1166e4fc,WNW,V4,EP0192,EDU_20260827_wnw_daily_after_explosion,v4,faisal_images/EDU_20260827_wnw_daily_after_explosion.png,channel_post+app,EDU,VISIBLE_CHANNEL,UNIT_AUTHOR (per-quote speaker not verified),0,2026-08-26,,,RECORDED_UNVERIFIED,2026-08-26,2026-08-27,,قناة تعليمية ‖ …الساقطه 4.20 … حقق الان 4.20,,V4_TRANSCRIPTION,,,,,,,,,,,,NON_FAISAL,0,0,,,NO,NO,0,0,YES,NONE,WNW_2026-08-26,RESULT: WNW بعد الإغلاق ‏+64.52% (4.08) · «…الساقطه 4.20 … حقق الان 4.20»,,,NON_FAISAL,NOT_FAISAL,
SE22b0d44999,WNW,V4,EP0192,EDU_20260827_wnw_entry_decision_4h,v4,faisal_images/EDU_20260827_wnw_entry_decision_4h.png,channel_post+app,EDU,VISIBLE_CHANNEL,UNIT_AUTHOR (per-quote speaker not verified),0,2026-08-26,,,RECORDED_UNVERIFIED,2026-08-26,2026-08-27,,قناة تعليمية ‖ 4.31 شمعه تحت 2.30 · رجع يختبر 2.30 ولاكسرها وثبت فوق 2.40 · هنا قرار الدخول · تاريخ 21 / 7 شمعة الهبوط · اليوم 27 > 8 · يعني حقق متوسط 30 · شورت كان 30 الف على عدد اسهمه لاشي · - · Rsi كان 20 وتعافى,,V4_TRANSCRIPTION,,,,,«الدخول»,ENTRY_PLAN,,,,,,NON_FAISAL,0,0,,,NO,NO,0,0,YES,NONE,WNW_2026-08-26,STRUCTURE: «4.31 شمعه تحت 2.30» — شمعةٌ ساقطةٌ من 4.31 إلى ما تحت 2.30 | ENTRY: «رجع يختبر 2.30 ولاكسرها وثبت فوق 2.40 · هنا قرار الدخول» | STRUCTURE: «تاريخ 21/7 شمعة الهبوط · اليوم 27/8 · يعني حقق متوسط 30» | VALIDITY: «شورت كان 30 الف على عدد اسهمه لاشي» | READY: «Rsi كان 20 وتعافى»,,,NON_FAISAL,NOT_FAISAL,
SEb73246dc9a,WNW,V4,EP0192,EDU_20260827_wnw_precall_chinese,v4,faisal_images/EDU_20260827_wnw_precall_chinese.png,channel_post+dm,FG,INFERRED_DEVICE_LINKED,UNIT_AUTHOR (per-quote speaker not verified),0,2026-08-26,,,RECORDED_UNVERIFIED,2026-08-26,2026-08-27,,قناة تعليمية ‖ اليوم عند 12:44 AM ‖ ستوك ‖ جهةُ اتصال (أخ)، عضوٌ (م)، عضوٌ (ع)، أنت ‖ جهةُ اتصال (أخ) ‖ كل الاسهم الصينيه طلعت حتى السيرا باقي ذا حطب بالسهم قرشين ونسهن,,V4_TRANSCRIPTION,,,,,«طلعت»,EXIT,,,,,,NON_FAISAL,0,0,,,NO,NO,0,0,YES,READY,WNW_2026-08-26,CONTEXT: «كل الاسهم الصينيه طلعت حتى السيرا باقي ذا» — قطاعُ الأسهم الصينيّة سياقًا (FG),,,NON_FAISAL,NOT_FAISAL,
SE3be6d1be8c,WNW,V4,EP0193,TG_57865,v4,faisal_images/TG_57865.jpg,dm+chart,TP,CONTEXT_LINKED,UNIT_AUTHOR (per-quote speaker not verified),0,2026-09-2x,,,BOUNDED,2026-09-21,2026-09-30,,شف لعله نزل شوي عن القاب,,V4_TRANSCRIPTION,,,,,,,,,,,,NON_FAISAL,0,0,,,NO,NO,0,0,YES,NONE,,,,,NON_FAISAL,NOT_FAISAL,
SE14129aadeb,WORX,V4,EP0194,IMG_0149,v4,faisal_images/IMG_0149.jpeg,chart,F,INFERRED_CHART,UNIT_AUTHOR (per-quote speaker not verified),1,2026-04-1x,,,BOUNDED,2026-04-10,2026-04-20,,,,V4_TRANSCRIPTION,,,,,,,,,,,,UNKNOWN,0,0,,,NO,NO,0,1,YES,NONE,WORX_2026-04-11,,,,CHART_ONLY,LOW,
SE9d8b504aaf,WORX,V4,EP0194,IMG_0150,v4,faisal_images/IMG_0150.jpeg,tweet,F,VISIBLE,UNIT_AUTHOR (per-quote speaker not verified),1,2026/4/11,,,EXACT_DATE_PRINTED,2026-04-13,2026-04-13,,اسهم التقسيم · اذا قسم السهم ولاصعد نسبه عاليه اثناء التقسيم · راقبه متوسط حركه 20 > 30 يوم · بعض الاسهم تدبل قبل · مثلا السهم هذا اليوم قسم ما اعطى صعود · الشورت 550 الف · تابعه لين يبقى الشورت تحت 20 الف · اقسم قيمة الشمعه ع 2 · 2.33 ع 2 · محتمل يهبط ل 1.16 · ثباته فوق 1 نقرر · ليست قاعده ولكن تطبق ع 80٪ من الاسهم · بعضها يقسم بدون شورت لها طريقه اخرى,,V4_TRANSCRIPTION,,,,,«راقبه» | «تابعه»,MONITOR | MONITOR,,,,MONITOR,,,0,0,,,NO,NO,0,0,YES,WAIT,WORX_2026-04-11,PATTERN: سهمُ تقسيمٍ لم يصعد نسبةً عاليةً أثناء التقسيم ⟵ يُراقَب بمتوسّط الحركة 20 > 30 يومًا (بعضُها يتضاعف قبل) | WAIT: الشورتُ 550 ألفًا ⟵ تابعه حتى يبقى الشورتُ تحت 20 ألفًا | S/R: اقسم قيمةَ الشمعة على 2 (2.33 ÷ 2 ⟵ محتمل يهبط إلى 1.16) | CONFIRMATION: ثباتُه فوق 1 ⟵ «نقرر» | META: «ليست قاعده ولكن تطبق ع 80٪ من الاسهم» · وبعضُها يقسّم بلا شورت ولها طريقةٌ أخرى,,,SOURCE_TEXT,MEDIUM,
SE0472c22dcf,XAIR,V4,EP0195,TG_1821,v4,faisal_images/TG_1821.jpg,dm,FA,VISIBLE,UNIT_AUTHOR (per-quote speaker not verified),0,2026-07-19,,,RECORDED_UNVERIFIED,2026-07-20,2026-07-20,,ممتاز بشرط ما يكسر 2.40 Inlf ‖ الباقي شورتها مرتفع شوي ‖ توه مقسم مانجرم بطلوعه Rbne ‖ تاكد مافيه قروبات,,V4_TRANSCRIPTION,,,,,,,,,,,,NON_FAISAL,0,0,,,NO,NO,0,0,YES,MULTI,,REJECT: الشورت (المتاح) مرتفع ⟵ لا | REJECT: مقسّمٌ للتوّ ⟵ لا نجزم بصعوده | WAIT: تأكّد ما فيه قروبات,,,NON_FAISAL,NOT_FAISAL,
SE0c0b7ecd4f,XAIR,V4,,TG_1818,v4,faisal_images/TG_1818.jpg,reply+dm,F,VISIBLE_OCR,UNIT_AUTHOR (per-quote speaker not verified),1,2026-07-19~,,,AMBIGUOUS,,,,من 2.40 ل 7 · 200٪ · سهم مادخلته ولاحللته · احد المتابعين مع عبدالرحمن,,V4_TRANSCRIPTION,,,,,«مادخلته»,NO_ENTRY,,,,NO_ENTRY,,,0,0,,,NO,NO,0,0,UNKNOWN,NONE,,,,,SOURCE_TEXT,MEDIUM,
SE1459cf4319,XCUR,V4,EP0196,TG_2103,v4,faisal_images/TG_2103.jpg,tweet,F,VISIBLE_OCR,UNIT_AUTHOR (per-quote speaker not verified),1,2025/8/6,,,EXACT_DATE_PRINTED,2025-08-06,2025-08-07,PRINTED 2025-08-06 vs RECORDED 2025-08-02,الحمدلله صفقات من الاحد ل الجمعه حققت 1000٪ · يوميا صفقتين الا اذا شي طارف · تداول افتر بري فقط · جميع ماينشر ليس توصيات · 1- $SMX 200% دخوله 3 مرات · 2- $FULC 40% · 3- $HWH 110% · 4- $SCNI 150% · 5- $MTEX 15% · 6- $FGF 20% · 7- $SNGX 300% · 8- $FIEE 50% · 9- $NAMM 100٪ · 10- $CRE مفتوحه · 11- $XCUR جديد ‖ ابو نواف,,V4_TRANSCRIPTION,,,,,«دخول»,ENTRY_PLAN,,,,ENTRY_PLAN,,,0,0,,,NO,NO,0,0,NO_BARS,NONE,,INFO: «يوميا صفقتين» · «تداول افتر بري فقط» (أغسطس 2025) · SMX «دخوله 3 مرات»,,,SOURCE_TEXT,MEDIUM,PRINTED 2025-08-06 vs RECORDED 2025-08-02
SE00f05c6a72,XHLD,V4,EP0197,IMG_9493,v4,faisal_images/IMG_9493.png,data_screenshot,U,NONE,UNIT_AUTHOR (per-quote speaker not verified),0,2026-07-09,,,RECORDED_UNVERIFIED,2026-07-09,2026-07-10,,"As of 2026-07-09 03:52:37 PM EDT, there were 600,000 shares available with a fee of 23.31%",,V4_TRANSCRIPTION,,,,,,,,,,,,NON_FAISAL,0,0,,,NO,NO,0,0,YES,NONE,XHLD_2026-07,,,,NON_FAISAL,NOT_FAISAL,
SE5ed2dae640,YMT,V4,EP0198,X_20260905_09,v4,faisal_images/X_20260905_09.png,tweet+app+quote,F,INFERRED_CROPPED,UNIT_AUTHOR (per-quote speaker not verified),1,2026-09-04,,,RECORDED_UNVERIFIED,2026-09-04,2026-09-08,,…الح ‖ قس ع ذلك كل الاسهم · الان شهر 9 متعارف الاسهم تضرب قيعان · - ‖ 9 س ‖ ابو بدر سهم ymt rsi 22 وشورت اقل من ٢٠الف ونسبه…,,V4_TRANSCRIPTION,,,,,,,,,,,,UNKNOWN,0,0,,,NO,NO,0,0,YES,NONE,YMT_2026-09-04,CONTEXT: «الان شهر 9 متعارف الاسهم تضرب قيعان» — موسميّةُ سبتمبر (دعوى توقيتٍ قابلةٌ للتكذيب) | META: «قس ع ذلك كل الاسهم»,,,SOURCE_TEXT,LOW,
SE7577a91be7,YMT,V4,EP0198,X_20260905_10,v4,faisal_images/X_20260905_10.png,tweet+chart,F,INFERRED_CROPPED,UNIT_AUTHOR (per-quote speaker not verified),1,2026-09-04,,,RECORDED_UNVERIFIED,2026-09-04,2026-09-08,,يهمك تحليل السهم ع فريم 4 ساعات كذلك 30 دقيقه · - · الشموع واضحه والارقام واضحه · دايما ارسم المقاومه باللاين الاسود · - · هذا كان سهم متابعه دامك سالت يكون تحليله للجميع · - · لايهم حتى لو دخل قروب ورفعه 20٪ · المضارب اذا بيحقق اهدافه · راح يهبط فيه · مثل ماصار معنا في الاسهم اللي دبلت سابقا · - · كسر 1.81 تصنع تحليل اخر بنفس النهج,,V4_TRANSCRIPTION,,,,,«متابعه»,MONITOR,,,,MONITOR,,,0,0,«كان سهم متابعه» | «سابقا»,«كان سهم متابعه»,NO,NO,0,0,YES,WATCH,YMT_2026-09-04,STRUCTURE: يُحلَّل السهمُ على 4 ساعات وكذلك 30 دقيقة — الشموعُ والأرقامُ واضحة | S/R: «دايما ارسم المقاومه باللاين الاسود» | PRESS: لا يهمّ لو دخل قروبٌ ورفعه 20٪: المضاربُ إن كان سيحقّق أهدافه سيهبط فيه أوّلًا (كما في الأسهم التي «دبلت» سابقًا) | INVALIDATION: كسرُ القاع 1.81 ⟵ تحليلٌ آخر بالنهج نفسِه,,,SOURCE_TEXT,LOW,
SE3d308506bc,YMT,V4,EP0198,X_20260918_85_YMT,v4,faisal_images/X_20260918_85_YMT.jpg,reply,F,VISIBLE,UNIT_AUTHOR (per-quote speaker not verified),1,2026-09-04,,,RECORDED_UNVERIFIED,2026-09-04,2026-09-08,,…الح ‖ صحيح · متى تقرر اجابية السهم · اذا ماكسر القاع اكثر من 5 جلسات · يصعد 20٪ بعد القاع · - · يرجع يختبر الدعم · هذا اصل التحليل · - · هل يصعد مباشره بعد القاع بعض الاسهم نعم لكن نادر · - · الاصل يصعد يختبر المقاومه الاولى · يرجع يختبر الدعم · - · مثلا ثبت السهم هذا ع 1.81 ولاكسره · يصعد يختبر 2.10 > حد اعلى 2.20 · يرجع يختبر الدعم الثاني 1.84 · - · اذا هبط يختبر الدعم الثاني ولا كسره هنا نقول اجابي · - · كيف ندخل · الدخول بعد الاختبار · طلبات فوارق 5 سنت عند الدعم · يهمك قراءة الاخبار هل هناك طرح اسهم كذلك الشورت الخ,,V4_TRANSCRIPTION,,,,,«ندخل» | «الدخول» | «طلبات»,ENTRY_PLAN | ENTRY_PLAN | ENTRY_PLAN,,,,ENTRY_PLAN,,,0,0,,,NO,NO,0,0,YES,WAIT,YMT_2026-09-04,VALIDITY: إيجابيّةُ السهم تتقرّر إذا لم يكسر القاعَ أكثرَ من 5 جلسات ثمّ صعد ‏20٪ بعد القاع ثمّ رجع يختبر الدعم — «هذا اصل التحليل» | STRUCTURE: الصعودُ المباشر بعد القاع يحدث «لكن نادر» · الأصلُ: صعودٌ يختبر المقاومة الأولى ثمّ رجوعٌ يختبر الدعم | CONFIRMATION: إذا هبط يختبر الدعم الثاني ولم يكسره ⟵ «هنا نقول اجابي» | ENTRY: الدخولُ بعد الاختبار: طلباتٌ بفوارق 5 سنتات عند الدعم | CONTEXT: قراءةُ ,,,SOURCE_TEXT,MEDIUM,
SEae7207ada3,YMT,VISIBLE,EP0199,X_20260918_22_pipeline,s2,faisal_images/X_20260918_22_pipeline.png,Faisal's own app screenshot attached to the post,F,EYE_VERIFIED,APP_TAB,1,2026/9/13 1:44 م,2026-09-13 06:44 NY,2026-09-18,EXACT_PRINTED,2026-09-14,2026-09-14,,قائمتي,,EYE_2026-10-09,متابعة قائمه فرز اول فرز ثاني جاهزيه · - · ضع لك قائمه · فرز · تحقيق متوسطات شورت الخ تنقل السهم الى فرز 2 · - · ضغط السهم بعد جميع ماذكر نقل الى جاهزيه · - · فسال الله من فضله · فالاسهم رزق لن تسبق رزقك ماحييت ‖ الأمريكي · مغلق,,«قائمتي»,LIST,,,LIST_SNAPSHOT_VISIBLE,tab «قائمتي» selected · 5 rows visible · other tabs NOT SHOWN,,,,,0,0,,,VISIBLE_TAB_ONLY,NO,0,0,YES,NONE,,STRUCTURE: قائمة ⟵ فرزٌ أوّل ⟵ فرزٌ ثانٍ ⟵ جاهزيّة | VALIDITY: تحقيقُ المتوسّطات والشورت «الخ» ينقل السهم إلى الفرز الثاني | READY: ضغطُ السهم بعد جميع ما ذُكر ⟵ نقلٌ إلى الجاهزيّة | META: «الاسهم رزق لن تسبق رزقك»,visible membership of the «قائمتي» tab at the snapshot time only (top 5 rows),Faisal @kisar_ (verified) post; same post as X_20260918_23_watchlist (printed 2026/9/13 1:44 م there). App screenshot 1:41 «الأمريكي · مغلق»; tabs: قائمتي (selected) · الأسهم المملوكة · تحت الجاهزيه · جاهز 100%; bottom nav «قائمة المتابعة»; only the «قائمتي» tab contents are shown,LIST_SNAPSHOT,HIGH,
SEf6a565266e,YMT,VISIBLE,EP0199,X_20260918_23_watchlist,s1,faisal_images/X_20260918_23_watchlist.png,Faisal's own app screenshot attached to the post,F,EYE_VERIFIED,APP_TAB,1,2026/9/13 1:44 م,2026-09-13 06:44 NY,2026-09-18,EXACT_PRINTED,2026-09-14,2026-09-14,,قائمتي,,EYE_2026-10-09,فسال الله من فضله · فالاسهم رزق لن تسبق رزقك ماحييت ‖ قائمتي,,«قائمتي»,LIST,,,LIST_SNAPSHOT_VISIBLE,tab «قائمتي» selected · 8 rows visible · other tabs NOT SHOWN,,,,,0,0,,,VISIBLE_TAB_ONLY,NO,0,0,YES,NONE,,,visible membership of the «قائمتي» tab at the snapshot time; says nothing about the other three tabs,continuation of X_20260918_22 — printed «2026/9/13 1:44 م · 886» ; full «قائمتي» list (8 rows + Nasdaq index row) ; selected tab «قائمتي» ; no stage/status text on any row (only bid/ask/price/change),LIST_SNAPSHOT,HIGH,
SE1c2adfa6ea,YYAI,V4,EP0200,TG_1877,v4,faisal_images/TG_1877.jpg,chart,F,CATALOG_ATTRIBUTION,UNIT_AUTHOR (per-quote speaker not verified),1,2026-06-2x,,,BOUNDED,2026-06-22,2026-06-30,,,,V4_TRANSCRIPTION,,,,,,,,,,,,UNKNOWN,0,0,,,NO,NO,0,1,YES,NONE,,INFO: الدعمُ الأحمر قد يكون بعيدًا تحت السعر (منطقة انتظار),,,CHART_ONLY,LOW,
SE5a9bb31163,YYAI,V4,EP0201,TG_1872,v4,faisal_images/TG_1872.jpg,app_chart,F,CATALOG_ATTRIBUTION,UNIT_AUTHOR (per-quote speaker not verified),1,2026-07-0x,,,BOUNDED,2026-07-01,2026-07-10,,,,V4_TRANSCRIPTION,,,,,,,,,,,,UNKNOWN,0,0,,,NO,NO,0,1,YES,NONE,,,,,CHART_ONLY,LOW,
SE627f3e22d5,YYAI,V4,EP0201,TG_1876,v4,faisal_images/TG_1876.jpg,tweet,F,VISIBLE_OCR,UNIT_AUTHOR (per-quote speaker not verified),1,2026-07-0x,,,BOUNDED,2026-07-01,2026-07-10,,هل يصعد الان من المناطق الحاليه علميا لا · نظريا ممكن · في حال اتباع النهج العلمي وخالف سهم … لا ضير بسبب اتباع طريقه علميه تحفظ راس المال · اذا مايخص نهجي انتظار السهم عند 3>3.50 · غلبت الروم 2.60 · لو صعد وخالف التعليم يكون له تحليل مباشر · هذا تقرير الاستاذ عبدالرحمن: Yyai امريكي … قسم 18/5 افتتاح 14.60 اعلى 15.41 · شورت 1000 · فلوت 800 الف · حقق المتوسط (7.30) + تشبع بيعي · اخباره: استقالة رئيس الادارة 9/6 …,,V4_TRANSCRIPTION,,,,,«انتظار»,WAIT,,,,WAIT,,,0,0,,,NO,NO,0,0,YES,WAIT,,WAIT: منطقة الدخول المنهجيّة تحت السعر بكثير ⟵ انتظار حتّى تصل | INFO: مخالفة سهمٍ للنهج لا تُسقطه (حفظ رأس المال),,,SOURCE_TEXT,MEDIUM,
SE8a8578e085,YYAI,V4,EP0202,IMG_0361,v4,faisal_images/IMG_0361.jpeg,tweet,F,VISIBLE,UNIT_AUTHOR (per-quote speaker not verified),1,2026-07-2x,,,BOUNDED,2026-07-20,2026-07-30,,55 د ‖ هبوط من 11 دولار الى 85 سنت · - · التحليل يستخدم عليه فريم 5 دقايق + 30 دقيقه فقط · - · الافضل فريم 5 دقايق ادق واوضح للشموع · - · دعم لحظي 90 سنت · مقاومه 1.09 · القرار ثبات دعم او ثبات سعري مقاومه 1.10 · عملية تدوير عالي للاسهم بقيمة 6 مليون دولار · - · لايوجد شورت لهبوط السهم · مضارب هبط بالسهم · اعلان استحواذ + هبوط · -,,V4_TRANSCRIPTION,,,,,,,,,,,,UNKNOWN,0,0,,,NO,NO,0,0,YES,WAIT,YYAI_2026-07,STRUCTURE: سهمٌ هبط من 11 إلى 0.85: يُحلَّل على 5 دقائق ‏+ 30 دقيقة فقط · والأفضلُ 5 دقائق «ادق واوضح للشموع» | WAIT: القرارُ: ثباتُ الدعم اللحظيّ 0.90 أو ثباتٌ سعريٌّ فوق المقاومة 1.10 (1.09) | CONTEXT: عمليّةُ تدويرٍ عالٍ بقيمة 6 ملايين دولار | CONTEXT: لا شورتَ وراء الهبوط — المضاربُ هبط بالسهم · وإعلانُ استحواذٍ ‏+ هبوط,,,SOURCE_TEXT,MEDIUM,
SEfc49217275,YYAI,V4,EP0202,IMG_0362,v4,faisal_images/IMG_0362.jpeg,chart,F,INFERRED_CHART,UNIT_AUTHOR (per-quote speaker not verified),1,2026-07-2x,,,BOUNDED,2026-07-20,2026-07-30,,,,V4_TRANSCRIPTION,,,,,,,,,,,,UNKNOWN,0,0,,,NO,NO,0,1,YES,NONE,YYAI_2026-07,,,,CHART_ONLY,LOW,
SE0e293cb6b1,YYAI,V4,EP0202,IMG_0363,v4,faisal_images/IMG_0363.jpeg,chart,F,INFERRED_CHART,UNIT_AUTHOR (per-quote speaker not verified),1,2026-07-2x,,,BOUNDED,2026-07-20,2026-07-30,,,,V4_TRANSCRIPTION,,,,,,,,,,,,UNKNOWN,0,0,,,NO,NO,0,1,YES,NONE,YYAI_2026-07,,,,CHART_ONLY,LOW,
SE732eda5a31,ZCMD,V4,EP0203,TG_1828,v4,faisal_images/TG_1828.jpg,tweet+app,F,VISIBLE_OCR,UNIT_AUTHOR (per-quote speaker not verified),1,2026-07-02,,,RECORDED_UNVERIFIED,2026-07-02,2026-07-06,,متابعه الان $ zCMD,,V4_TRANSCRIPTION,,,,,«متابعه»,MONITOR,,,,MONITOR,,,0,0,,,NO,NO,0,0,YES,WATCH,,,,,SOURCE_TEXT,MEDIUM,
SE49110a7cdb,ZCMD,V4,EP0203,TG_50601,v4,faisal_images/TG_50601.jpg,edu_post,EDU,VISIBLE_CHANNEL,UNIT_AUTHOR (per-quote speaker not verified),0,2026-07-02,,,RECORDED_UNVERIFIED,2026-07-02,2026-07-06,,بعد الإغلاق 02/07 17:14:36 EDT ‖ من بعد اذن د فيصل · هذه واحده من صفقاته · انتظروا اين مكان الشراء B واين توزيع البيع S 👌🏻,,V4_TRANSCRIPTION,,,,,«انتظروا»,WAIT,,,,,,NON_FAISAL,0,0,,,NO,NO,0,0,YES,NONE,,RECALLED_TRADE: صفقةُ فيصل بنقل القناة: B عند القاعدة ‏≈1.00 · S عند ‏≈5.7-5.9 بعد انفجار الافتر,,,NON_FAISAL,NOT_FAISAL,
SEcf5556da91,ZCMD,V4,EP0203,TG_1826,v4,faisal_images/TG_1826.jpg,tweet,F,VISIBLE_OCR,UNIT_AUTHOR (per-quote speaker not verified),1,2026-07-03,,,RECORDED_UNVERIFIED,2026-07-06,2026-07-06,,ليش اركز ع اسهم الارتكاز · صفقه 1 تغنيك فقط · يوميا تداول هذي محرقه فلوس … اسهم طويلة الامد < ارتكاز · تحقق متوسطات حركه تشبع بيعي الخ … فجاه تشوف السهم طار · هذا ربح يومين فقط من سهمي ارتكاز DSY ZCMD +918.31%,,V4_TRANSCRIPTION,,,,,,,,,,,,UNKNOWN,0,0,,,NO,NO,0,0,YES,NONE,,INFO: الارتكاز: متوسطات ‏+ تشبّع بيعي ثمّ طيرانٌ مفاجئ,,,SOURCE_TEXT,MEDIUM,
SEda1be58066,ZCMD,V4,EP0204,IMG_0152,v4,faisal_images/IMG_0152.jpeg,tweet,F,VISIBLE,UNIT_AUTHOR (per-quote speaker not verified),1,2026/7/8,,,EXACT_DATE_PRINTED,2026-07-08,2026-07-09,,chartexchange.com/symbol/nasdaq-… · - · هذا رابط مهم يطلع لك نسبة الشورت والاقتراض · - · 1- سلوك السهم دولته كم مره قسم · اذا تقسيم كثير خلال فتره زمنيه قصيره غالبا مايطول سبوع بالكثير مثل ماحصل معنا في zcmd الخميس الماضي حقق 600٪ · - · 2- اذا تقسيمه قليل خلال فتره زمنيه طويله نطبق عليه متوسطات 20<30<50 · 3- يهمنا باسهم التقسيم دولة السهم + سلوكه سابقا · 4- قاعده اي سهم تدخل سيوله قبل يصعد فيه المضارب يهبط فيه المضارب · - · 5- اخبار الشركه مهم جدا · الربح العالي فقط مع المضارب اذا صعد فيه · تحدد الاهداف ع جميع الفريمات 4H يومي سبوعي · تقارب بين الشموع الهابطه والفجوات · دولة السهم تحدد فيها كم يصعد نسبه,,V4_TRANSCRIPTION,,,,,,,,,,,,UNKNOWN,0,0,«سابقا»,,NO,NO,0,0,YES,NONE,,CONTEXT: رابطُ ChartExchange لنسبة الشورت والاقتراض | CONTEXT: ① كثرةُ التقسيم في فترةٍ قصيرة ⟵ غالبًا لا يطول الصعود أكثر من أسبوع (ZCMD ‏+600٪) | PATTERN: ② قلّةُ التقسيم في فترةٍ طويلة ⟵ تُطبَّق متوسّطاتُ 20 < 30 < 50 | CONTEXT: ③ دولةُ السهم ‏+ سلوكُه السابق | PRESS: ④ «اي سهم تدخل سيوله قبل يصعد فيه المضارب يهبط فيه المضارب» | CONTEXT: ⑤ أخبارُ الشركة مهمّةٌ جدًّا · والربحُ العالي فقط مع المض,,,SOURCE_TEXT,MEDIUM,
SE7369458abc,ZCMD,V4,EP0205,X_20260828_07,v4,faisal_images/X_20260828_07.jpg,edu_post+chart,EDU,VISIBLE_CHANNEL,UNIT_AUTHOR (per-quote speaker not verified),0,2026-08-28,,,RECORDED_UNVERIFIED,2026-08-28,2026-08-31,,قناة تعليمية ‖ سلوكه قبل الصعود قاع 95 سنت صعد الى 1.60 تقريبا اختبر المقاومه ورجع يهط يختبر الدعم ثبت ع 1.05 صعد منها · متوسط حركه بعد هبوطه من 1.60 · 20 يوم تقريبا · - · اذا بعض الاسهم يصعد يختبر المقاومه هنا جني ربح · يرجع يختبر الدعم ماتغفل عنه · يعطي دخول · مثل ماحصل معنا في zcmd · 85 سنت صعد الى 1.40 · رجع الى 90 سنت · جلس فتره تذبذب من 1 دولار الى 1.20 · - · بعدها ذكرناه ب 1.10 دخول المضارب وصل 7,,V4_TRANSCRIPTION,,,,,«جني ربح» | «دخول» | «دخول»,EXIT | ENTRY_PLAN | ENTRY_PLAN,,,,,,NON_FAISAL,0,0,«ذكرنا»,,NO,NO,0,0,YES,NONE,,STRUCTURE: (طرفٌ ثالث) قاعٌ ⟵ صعودٌ يختبر المقاومة (جنيُ ربح) ⟵ رجوعٌ يختبر الدعم ⟵ ثباتٌ ثمّ صعود — «يعطي دخول» | CONTEXT: (طرفٌ ثالث) متوسّطُ الحركة بعد الهبوط من القمّة ‏≈20 يومًا | INFO: (طرفٌ ثالث) ZCMD: 0.85 ⟵ 1.40 ⟵ 0.90 ⟵ تذبذبٌ 1.00-1.20 ⟵ ذُكر عند 1.10 (دخولُ المضارب) ⟵ 7,,,NON_FAISAL,NOT_FAISAL,
SEe473c862c5,ZCMD,V4,,IMG_0292,v4,faisal_images/IMG_0292.jpeg,chat+chart,F,INFERRED_DEVICE_LINKED,UNIT_AUTHOR (per-quote speaker not verified),1,2026-0x,,,AMBIGUOUS,,,,Azi ‖ 2 من 4 ‖ هذا سلوكه حقيقه لي 3 ايام ادرسه · صيني مثل خوياه · Azi · DSY · EHGO · - · هذا الرابع الان مقسم مرتين بشهر · - · كم يوصل الاهم العقل والمنطق · 2.20 > 2.50 · - · صيني نقيسه مع الاسهم السابقه · نقول يغطي فجوته من 4-5 ‖ فجوة سعرية ‖ هل يصعد جميع او يطلع نسبه ويكمل بري الاثنين غدا مافيه تداول,,V4_TRANSCRIPTION,,,,,,,,,,,,UNKNOWN,0,0,,,NO,NO,0,0,UNKNOWN,UNKNOWN,ZCMD_2026-0x,CONTEXT: دراسةُ السلوك 3 أيام · ومقارنةُ السهم بنظرائه (صينيّون: AZI · DSY · EHGO) | CONTEXT: مقسّمٌ مرّتين في شهر (نَفَسٌ قصير — IMG_0152) | TARGET: «كم يوصل الاهم العقل والمنطق 2.20 > 2.50» ثمّ تغطيةُ فجوته 4-5 قياسًا بنظرائه | TARGET_TIMING: هل يصعد دفعةً واحدة أو يحقّق نسبةً ويُكمل في بري الاثنين,,,SOURCE_TEXT,LOW,
SE72bb6eabbc,ZCMD,V4,,TG_1829,v4,faisal_images/TG_1829.jpg,tweet+quote,F,VISIBLE_OCR,UNIT_AUTHOR (per-quote speaker not verified),1,2026-07-03~,,,AMBIGUOUS,,,,كانت الانطلاقه افتر الخميس من 1.10 مباشره ذكرنا متابعة للسهم · الدخول من المضارب شرا 1000 سهم متتالي بسرعه عاليه جدا · خوارزميات مضارب … اوامر تلقائيه شرا من العرض · وصل المقاومه 1.80 خلال اقل من 5 دقايق بشمعه مليون دولار · تجاوزها تحرر للاهداف وتغطية الفجوات,,V4_TRANSCRIPTION,,,,,«متابعة» | «الدخول»,MONITOR | ENTRY_PLAN,,,,MONITOR+ENTRY_PLAN,,,0,0,«ذكرنا»,«ذكرنا متابعة»,NO,NO,0,0,UNKNOWN,NONE,,INFO: بصمة دخول المضارب: شراءٌ 1000 سهم متتالٍ سريع من العرض | INFO: تجاوز المقاومة = تحرّر للأهداف وتغطية الفجوات,,,SOURCE_TEXT,MEDIUM,
SEcc4d6c36a7,ZCMD,V4,,TG_20260905_03,v4,faisal_images/TG_20260905_03.jpg,dm,F,INFERRED_PHONE_OWNER,UNIT_AUTHOR (per-quote speaker not verified),1,,,,AMBIGUOUS,,,,Moha… KHALIDو A.Alghamdi ‖ سلوكه جدا مقارب zcmd · [مطموس] · وهبط فيه كسر الدعم · هذي حصلت ب zcmd قبل يوصل 700٪ بجلسه الافتر ‖ الان امضينا قرابة ساعه فقط نبي تعرف كيف نحلل السهم ونعرف سلوك المضارب · الاسهم علم دقيق ليست بالتمني · توفيق من الله قبل كل شي … ‖ كنا نتعب مثل هالتعب هذا نطرح التحليل بالعام للجميع ماذا حصل · Jz · Ezra · Icu · كلها لقطوها قروبات ع 20٪ وهبطت علينا ودخلنا من جديد,,V4_TRANSCRIPTION,,,,,«دخلنا»,ENTRY_EXECUTED,,,,,ENTRY_EXECUTED,,0,0,,,NO,NO,0,0,UNKNOWN,NONE,,PATTERN: كسرُ الدعم قبل الانفجار (ZCMD قبل 700% في جلسة الافتر) — سلوكُ مضاربٍ يُقارَن به | CONTEXT: القروباتُ تلقط السهم على ‏+20% ثمّ يهبط ⟵ دخولٌ من جديد (JZ · EZRA · ICU) — يوافق X_20260905_10 «لايهم حتى لو دخل قروب ورفعه 20٪»,,,SOURCE_TEXT,LOW,
SE4454329e87,ZNB,V4,EP0206,IMG_0696,v4,faisal_images/IMG_0696.jpeg,reply+charts,U,NONE,UNIT_AUTHOR (per-quote speaker not verified),0,2026-08-01,,,RECORDED_UNVERIFIED,2026-08-03,2026-08-03,,4 ي ‖ دام ان السوق مقفل ابيك تصحح لي السهم مقسم يوم ٢٧/٦ فتح على ٢.١٧ ووصل بعدها وحقق بعدها اعلى شي ٣.٢٤ الحين شورته صفر · اللي بسويه عن نفسي بنتظر الى ما يختبر الدعم ١.٨ ويبثت عليه وباخذ ليه دفعه مع احتمال سحب سيوله ١٠ في الميه الى ١.٦ ودفعه ازود ووقف ١.٥ وبتكون اهدافي ٦.٦ بعده ٨.٦٦,,V4_TRANSCRIPTION,,,,,,,,,,,,NON_FAISAL,0,0,,,NO,NO,0,0,YES,NONE,ZNB_2026-08-01,,,,NON_FAISAL,NOT_FAISAL,
SE8adc5280dd,ZNB,V4,EP0206,IMG_0697,v4,faisal_images/IMG_0697.png,reply+chart,F,VISIBLE,UNIT_AUTHOR (per-quote speaker not verified),1,2026-08-01,,,RECORDED_UNVERIFIED,2026-08-03,2026-08-03,,4 ي ‖ انت شفت هالشموع هالبنفسجيه رقت لهاتك · الاهداف البعيده قبلها اهداف لازم يثبت عليها اثنا الصعود · - · الاهم قبل الاهداف الدخول الامن والوقف والدعم · انتظر · 1.96 هل يثبت او يكسرها · مافيه دخول لين يختبر 2 > 1.96 · كسرها = مافيه دخول,,V4_TRANSCRIPTION,,,,,«الدخول» | «انتظر» | «دخول» | «دخول»,ENTRY_PLAN | WAIT | ENTRY_PLAN | ENTRY_PLAN,,,,WAIT+ENTRY_PLAN,,,0,0,,,NO,NO,0,0,YES,WAIT,ZNB_2026-08-01,TARGET: «الاهداف البعيده قبلها اهداف لازم يثبت عليها اثنا الصعود» | ENTRY: «الاهم قبل الاهداف الدخول الامن والوقف والدعم» | WAIT: «انتظر 1.96 هل يثبت او يكسرها · مافيه دخول لين يختبر 2 > 1.96» | INVALIDATION: «كسرها = مافيه دخول»,,,SOURCE_TEXT,MEDIUM,
SE447458efa2,ZNB,V4,EP0206,IMG_0698,v4,faisal_images/IMG_0698.png,reply,F,VISIBLE,UNIT_AUTHOR (per-quote speaker not verified),1,2026/8/1 8:37 م,2026-08-01 13:37 NY,,EXACT_PRINTED,2026-08-03,2026-08-03,,فريم 4 ساعات دعم 2 اذا كسرها بيروح تحت · - · توه مقسم,,V4_TRANSCRIPTION,,,,,,,,,,,,UNKNOWN,0,0,,,NO,NO,0,0,YES,WAIT,ZNB_2026-08-01,INVALIDATION: «فريم 4 ساعات دعم 2 اذا كسرها بيروح تحت» | CONTEXT: «توه مقسم»,,,SOURCE_TEXT,MEDIUM,
SE908eb98c79,ZNB,V4,EP0207,TG_57925,v4,faisal_images/TG_57925.jpg,app_panel,APP,VISIBLE,UNIT_AUTHOR (per-quote speaker not verified),0,2026-09-1x,,,BOUNDED,2026-09-10,2026-09-21,,ينقصه ثبات يومي جلستين على الأقل ‖ اكتمال الشروط الآلية 7/8 · الشورت اليدوي 0/1 · الإعلان لا يؤثر,[APP_UI] قريب من الجاهزية,V4_TRANSCRIPTION,,,,,,,,,,,,NON_FAISAL,0,0,,,NO,NO,0,0,YES,WAIT,,,,,APP_THIRD_PARTY,NOT_FAISAL,
SE41bb704822,ZNB,V4,,TG_1943,v4,faisal_images/TG_1943.jpg,chart,F,CATALOG_ATTRIBUTION,UNIT_AUTHOR (per-quote speaker not verified),1,,,,AMBIGUOUS,,,,,,V4_TRANSCRIPTION,,,,,,,,,,,,UNKNOWN,0,0,,,NO,NO,0,1,UNKNOWN,NONE,,,,,CHART_ONLY,LOW,
SE66b5a00119,,,,TG_1810,v4,faisal_images/TG_1810.jpg,tweet,F,VISIBLE_OCR,UNIT_AUTHOR (per-quote speaker not verified),1,2026-02-07,,,RECORDED_UNVERIFIED,2026-02-09,2026-02-09,,معلومات عن اسهم الارتكاز: دورة زمنيه او متوسط الاسي 30-50 يوم · بعد الحركه الاسيه غالبا يرجع يدبل اما شمعه صعود 1 او شموع تصاعديه 5 جلسات · الامن … اسهم الدوره الزمنيه او الاسيه تكون في مناطق تشبع بيعي RSI · … اسهم جاهزه فنيا اطرحها انتظر المضارب يشيلها فوق · الدخول دفعات · الصبر · جني الربح,,V4_TRANSCRIPTION,,,«جاهزه»,READY,«انتظر» | «الدخول» | «جني الربح»,WAIT | ENTRY_PLAN | EXIT,,,READY,WAIT+ENTRY_PLAN+EXIT,,,1,0,,,NO,NO,0,0,N/A,NONE,,READY: «جاهز فنيا» = دورة زمنية/متوسط أسّي 30-50 + RSI في التشبّع البيعي ⟵ ثمّ انتظار المضارب يرفعه | INFO: الدخول دفعات,readiness/stage vocabulary (READY) — qualified technical,,SOURCE_TEXT,MEDIUM,
SE9262dbd217,,,,TG_2042,v4,faisal_images/TG_2042.jpg,tweet,F,VISIBLE_OCR,UNIT_AUTHOR (per-quote speaker not verified),1,2026-02-07,,,RECORDED_UNVERIFIED,2026-02-09,2026-02-09,,from:kisar_ 30/50 ‖ معلومات عن اسهم الارتكاز · دورة زمنيه او متوسط الاسي 30-50 يوم · السهم بعد الحركه الاسيه غالبا ( غالبا ) يرجع يدبل اما شمعه صعود 1 او شموع تصاعديه فتره زمنيه 5 جلسات · تداول حسب ما اعرف الامن وعدم الخساره فيه هو اسهم الدوره الزمنيه او الاسيه تكون في مناطق تشبع بيعي RSI · نسبة فشلها 1٪ · … · مثلا شهر يناير … · لذلك رساله لاصحاب المضاربه اللحظيه باسهم جاهزه فنيا اطرحها انتظر المضارب يشيلها فوق · التداول صبر · توزيع السيوله · الدخول دفعات · الصبر · جني الربح · هكذا تنمي محفظتك,,V4_TRANSCRIPTION,,,«جاهزه»,READY,«فشل» | «انتظر» | «الدخول» | «جني الربح»,INVALID | WAIT | ENTRY_PLAN | EXIT,,,READY,WAIT+ENTRY_PLAN+EXIT+INVALID,,,1,0,,,NO,NO,0,0,N/A,NONE,,INFO: بعد الحركة الأسّيّة يرجع يدبل غالبًا: شمعةُ صعودٍ واحدة أو شموعٌ تصاعديّة خلال 5 جلسات | INFO: «نسبة فشلها 1٪» — ادّعاءٌ بلا قياس,readiness/stage vocabulary (READY) — qualified technical,,SOURCE_TEXT,MEDIUM,
SE1510ab247f,,,,TG_58052,v4,faisal_images/TG_58052.jpg,tweet+infographic,F,VISIBLE,UNIT_AUTHOR (per-quote speaker not verified),1,2026/2/14 5:17 م,2026-02-14 09:17 NY,,EXACT_PRINTED,2026-02-17,2026-02-17,,البعض ارسلي عن موجات اليوت · التحليل عدة مدارس · كلها تتفق في الدعوم والارتداد · دعم 1 · عنق · دعم 2 دخول · منطقة تراكم صعود · منطقة توزيع ( تصريف كميات مضارب ) 3-5 · غالبا السهم اذا صعد له 3 رؤوس 2 ارتداد سبق ذكرتها الهبوط نفس الشي ‖ Elliot_wave ABC pattern — Art of chart ‖ …NG,,V4_TRANSCRIPTION,,,,,«دخول»,ENTRY_PLAN,,,,ENTRY_PLAN,,,0,0,«ذكرت»,,NO,NO,0,0,N/A,NONE,,ENTRY: دعم 1 ⟵ عنق ⟵ دعم 2 = دخول (الدخولُ عند الدعم الثاني لا الأوّل) | PATTERN: منطقةُ تراكمٍ ثمّ صعود · ومنطقةُ توزيعٍ (تصريفُ كميّات المضارب) في الموجات 3-5 | TARGET: غالبًا إذا صعد السهم: 3 رؤوس و2 ارتداد · والهبوطُ مثلُه | META: المدارسُ كلُّها تتّفق في الدعوم والارتداد,,,SOURCE_TEXT,MEDIUM,
SE342d0d4cbe,,,,TG_2197,v4,faisal_images/TG_2197.jpg,tweet,F,VISIBLE_OCR,UNIT_AUTHOR (per-quote speaker not verified),1,2026-03-20,,,RECORDED_UNVERIFIED,2026-03-20,2026-03-23,,شرح في دوره مبسطه مجانيه للمتابعين الأوفياء · … عدة نماذج مهمه حفظها = مضارب ناجح · 1- رأس وكتفين · 2- نموذج هابط · 3- اختراق · 4- نموذج صاعد · 5- دعوم · 6- مقاومه · 7- اليه الدخول وجني الربح · اولا الدخول عند الدعوم > 1.35> 1.45 · مخاطره عاليه في حال عدم فهم اليه الدعوم · ربح عالي ووقف خساره قليل · ثانيا > دخول المضاربين > بعد الاختراق ربح سريع قليل امن · ثالثا > جني الربح · تكون لنا اختراق > اعادة دعم = كتف ايسر · رأس جني ربح ضرب قمة الرأس مرتين فشل = جني ربح مباشره · هبوط لتكوين كتف ايمن من فاته الربح الاعلى اعطى فرصه بكتف ايمن · الان السهم تحرر من الاتجاه الهابط بسيوله اخترقت مناطق الهبوط 13 مليون · هبوط السهم قد يكون سحب سيوله + سهوله صعود السهم لاحقا · 1.50 > متابعه جلستين قادمه,,V4_TRANSCRIPTION,,,,,«الدخول» | «جني الربح» | «الدخول» | «دخول» | «جني الربح» | «جني ربح» | «فشل» | «جني ربح» | «متابعه»,ENTRY_PLAN | EXIT | ENTRY_PLAN | ENTRY_PLAN | EXIT | EXIT | INVALID | EXIT | MONITOR,,,,MONITOR+ENTRY_PLAN+EXIT+INVALID,,,0,0,,,NO,NO,0,0,N/A,WATCH,,READY: الدخولُ الأوّل عند الدعوم (1.35-1.45): ربحٌ عالٍ ووقفٌ قليل · «مخاطره عاليه في حال عدم فهم اليه الدعوم» | READY: الدخولُ الثاني مع دخول المضاربين بعد الاختراق: «ربح سريع قليل امن» | INFO: اختراق ⟵ إعادةُ دعم = كتفٌ أيسر · ضربُ قمّة الرأس مرّتين وفشل = جني ربح · هبوطٌ لتكوين كتفٍ أيمن = فرصةٌ ثانية (محورٌ مُغلَق) | WATCH: 1.50 ⟵ متابعةُ جلستين قادمتين,,,SOURCE_TEXT,MEDIUM,
SEa139cbbe87,,,,TG_1814,v4,faisal_images/TG_1814.jpg,tweet,F,VISIBLE_OCR,UNIT_AUTHOR (per-quote speaker not verified),1,2026-03-29,,,RECORDED_UNVERIFIED,2026-03-30,2026-03-30,,قبل تحلل سهم لابد تكون متمكن: 1 الشموع 2 جميع المتوسطات (MA5-MA20) (30-50) 3 الشورت 4 RSI 5 الماكد 6 تحليل حركة السهم 7 اخبار السهم 8 نماذج 9 الدعوم والمقاومه 10 جميع الفريمات اليومي والاسبوعي 11 فريمات السهم الصاعد 30>5 12 مع كل العلم هذا نفشل في بعض الصفقات,,V4_TRANSCRIPTION,,,,,«فشل»,INVALID,,,,INVALID,,,0,0,,,NO,NO,0,0,N/A,NONE,,INFO: مكوّنات المنهج الاثنا عشر,,,SOURCE_TEXT,MEDIUM,
SE808c18b47b,,,,TG_2001,v4,faisal_images/TG_2001.jpg,tweet+charts,F,CATALOG_ATTRIBUTION,UNIT_AUTHOR (per-quote speaker not verified),1,2026-04-11,,,RECORDED_UNVERIFIED,2026-04-13,2026-04-13,,عندنا السهم هذا كون شمعتين · 2.11 كان الدعم الاساسي للسهم · مسح سيولة الوقف اليوم بشمعة هابطه ل 2 · هبط فيه من 2.50 · الاغلب تواجد في السهم من 2.30 · ننتظر الاثنين في حال تحقق اجابية السهم يتم ذكره ‖ سهم ucar نفس النمط سوا,,V4_TRANSCRIPTION,,,,,«ننتظر»,WAIT,,,,WAIT,,,0,0,,,NO,NO,0,0,N/A,WAIT,,WAIT: مسحُ سيولة الوقف تحت الدعم الأساسيّ (2.11 ⟵ 2.03 · ‏≈−3.8%) بشمعة هامر ⟵ ننتظر الجلسة التالية لتأكيد الإيجابيّة | INFO: «الأغلب تواجد من 2.30» — موضعُ دخول الجمهور فوق الدعم,,,SOURCE_TEXT,LOW,
SEc552da23bd,,,,TG_1864,v4,faisal_images/TG_1864.jpg,tweet,F,VISIBLE_OCR,UNIT_AUTHOR (per-quote speaker not verified),1,2026-04-24,,,RECORDED_UNVERIFIED,2026-04-24,2026-04-27,,الدخول دفعات 1.80 دفعه · 1.75 دفعه · 1.70 دفعه · الوقف 1.50,,V4_TRANSCRIPTION,,,,,«الدخول»,ENTRY_PLAN,,,,ENTRY_PLAN,,,0,0,,,NO,NO,0,0,N/A,READY,,READY: خطّة دفعات بخطوة 5 سنتات ووقفٌ تحتها,,,SOURCE_TEXT,MEDIUM,
SEca3bbfef7f,,,,TG_1868,v4,faisal_images/TG_1868.jpg,tweet,FO,NONE,UNIT_AUTHOR (per-quote speaker not verified),0,2026-05-08,,,RECORDED_UNVERIFIED,2026-05-08,2026-05-11,,دايماً تنبهنا بالدخول دفعات · الدعم مثلاً 2.50 · دخولنا يكون 2.55 · 2.60 · تحرك السهم ندخل بالدفعه الاخيره · ولايكون دخولنا بالسيوله كامله,,V4_TRANSCRIPTION,,,,,«الدخول» | «دخولنا» | «ندخل» | «دخولنا»,ENTRY_PLAN | ENTRY_STATED | ENTRY_PLAN | ENTRY_STATED,,,,,,NON_FAISAL,0,0,,,NO,NO,0,0,N/A,NONE,,INFO: دفعاتٌ فوق الدعم بخطوة 5 سنتات · عند تحرّك السهم الدفعةُ الأخيرة · لا سيولةٌ كاملة (نقلُ متابع),,,NON_FAISAL,NOT_FAISAL,
SE64dc8aa685,,,,TG_1978,v4,faisal_images/TG_1978.jpg,reply,F,VISIBLE_OCR,UNIT_AUTHOR (per-quote speaker not verified),1,2026-05-09,,,RECORDED_UNVERIFIED,2026-05-11,2026-05-11,,… ليش ما توضح لنا … مناطق الدخول على الخفيف والوقف لان الخطوط الي تحطها على الشارت كثيره ‖ الاحمر دعم + وقف -5٪ · الاسود مقاومه + هدف · الازرق هدف بلا مقاومه · بعض الاهداف فوق 4 خطوط ع امل ربما تصيب,,V4_TRANSCRIPTION,,,,,«الدخول»,ENTRY_PLAN,,,,ENTRY_PLAN,,,0,0,,,NO,NO,0,0,N/A,NONE,,INFO: مفتاحُ الألوان بنصّ فيصل: الأحمر = دعمٌ ‏+ وقف ‏−5% · الأسود = مقاومةٌ ‏+ هدف · الأزرق = هدفٌ بلا مقاومة | INVALIDATION: الوقف ‏−5% تحت الدعم الأحمر | INFO: بعضُ الأهداف فوق الخطوط الأربعة «ع امل ربما تصيب» (أهدافٌ أملٌ لا أهدافٌ أساسيّة),,,SOURCE_TEXT,MEDIUM,
SE5cf8e5c319,,,,TG_1967,v4,faisal_images/TG_1967.jpg,tweet,F,VISIBLE_OCR,UNIT_AUTHOR (per-quote speaker not verified),1,2026-05-14,,,RECORDED_UNVERIFIED,2026-05-14,2026-05-15,,لماذا كنا نحرص ع الجميع باسهم الارتكاز · اولا السهم محقق قاع · محقق تشبع بيعي RSI · محقق متوسطات حركه هبوطيه 20> 30 · يعني وين بيروح بعز الأزمات السياسيه يفشل 1 خسارته لاتشمل 5٪ · فجواته عاليه · ربحه عالي · قطع الله دابر من خربها,,V4_TRANSCRIPTION,,,,,«فشل»,INVALID,,,,INVALID,,,0,0,,,NO,NO,0,0,N/A,NONE,,READY: سهمُ الارتكاز = محقّقٌ قاعًا ‏+ RSI تشبّعٌ بيعيّ ‏+ متوسّطاتٌ هبوطيّة 20>30 | INFO: إن فشل فالخسارة لا تتجاوز ≈5% · فجواتُه عالية وربحُه عالٍ,,,SOURCE_TEXT,MEDIUM,
SE20582d3fb1,,,,TG_1966,v4,faisal_images/TG_1966.jpg,tweet,F,VISIBLE_OCR,UNIT_AUTHOR (per-quote speaker not verified),1,2026-05-16,,,RECORDED_UNVERIFIED,2026-05-18,2026-05-18,,الكثير يسال>كيف اعرف الاسهم الصاعده · اذا انت متداول يومي 1- انتظر الافتر > البري >تحدد اتجاه السهم 2- الماركت يتبع اعلاه · متداول ارتكاز ابحث عن القيعان شرط عدم ارتفاع سابق مثلا سهم مقسم قبل شهر ع جميع الفريمات ماصعد حدد قاعه ع فريم 30 يوم · متداول لحظي تحتاج خبير لاتناسب للجميع,,V4_TRANSCRIPTION,,,,,«انتظر»,WAIT,,,,WAIT,,,0,0,,,NO,NO,0,0,N/A,NONE,,READY: متداولُ الارتكاز: ابحث عن القيعان بشرط عدم ارتفاعٍ سابق (مثلًا مقسّمٌ قبل شهر لم يصعد على جميع الفريمات) | INFO: حدّد قاعه على فريم 30 يومًا | INFO: المتداولُ اليوميّ: الأفتر ⟵ البري يحدّدان الاتّجاه والماركت يتبع (محورُ الجلسات مُغلَق),,,SOURCE_TEXT,MEDIUM,
SE8c621e1a88,,,,TG_2102,v4,faisal_images/TG_2102.jpg,edu_post,EDU,VISIBLE_CHANNEL,UNIT_AUTHOR (per-quote speaker not verified),0,2026-05-17,,,RECORDED_UNVERIFIED,2026-05-18,2026-05-18,,قناة تعليمية ‖ مثال وشرح بالصور · سهم حقق قاع ارتفع 100٪ · هبط دعم ارتفاع 90٪ · الان تحت المراقبه متوسط حركه 20 او 15 · راح يتم فيه سحب السيوله واخراج المتداولين الصغار ( تسمى لدى المحللين القطيع ) تصفية المراكز · متوقع التصفيه عند 1.40 > 1.35 · السعر الحالي 2 · الهدف بعد تصفية المراكز 3-5 …,,V4_TRANSCRIPTION,,,,,«تحت المراقبه»,MONITOR,,,,,,NON_FAISAL,0,0,,,NO,NO,0,0,N/A,WAIT,,WAIT: (طرفٌ ثالث) انتظارُ «تصفية المراكز» عند 1.35-1.40 والسعرُ 2 ⟵ الهدف 3-5,,,NON_FAISAL,NOT_FAISAL,
SE38a6aec1fe,,,,TG_2077,v4,faisal_images/TG_2077.jpg,tweet,F,VISIBLE_OCR,UNIT_AUTHOR (per-quote speaker not verified),1,2026-05-31,,,RECORDED_UNVERIFIED,2026-06-01,2026-06-01,,صعبه جدا … قبلها لازم تتاسس تاسيس صحيح عن الدعوم والمقاومات والموجات وسلوك الاسهم وأوقات الأسهم للتداول · كم صعود السهم بالبري / بالافتر / بالماركت > بالتداول الليلي · وش نوع السهم · هل السهم صاعد سابقا او هابط او مقسم او طرح او نقل من otc · هل السهم صعد بالبري وهبط … · كم شورت السهم وش اخبار السهم سلوك السهم سابقا بالارتفاعات … · هل سلوك صعود السهم بنهاية الاسبوع · هل السهم تحت اهتمام القروبات والديسكور او لا · … بعد حفظ السلوك اعلاه تنتقل لحفظ الشموع وقراءة السيوله المتواجده بكل شمعه سالبا او موجبا · وكم يهبط فيه المضارب لاخذ سيوله اضافيه ب اوامر الوقف · … ان وجدت دوره او محلل يتقن لك الشرح اعلاه اجزم يقين انه محلل عالمي,,V4_TRANSCRIPTION,,,,,«نقل»,TRANSITION_WORD,,,,TRANSITION_WORD,,,0,0,«سابقا» | «سابقا»,,NO,NO,0,0,N/A,NONE,,INFO: ترتيبُ التأسيس: الدعوم والمقاومات ⟵ الموجات ⟵ سلوك السهم وأوقات التداول ⟵ نوعُ السهم (صاعد سابقًا/هابط/مقسّم/طرح/نقلٌ من OTC) ⟵ سلوكُ الجلسات ⟵ الشورت والأخبار والسلوك السابق ⟵ اهتمامُ القروبات/الديسكورد ⟵ ثمّ الشموع وقراءةُ السيولة في كلّ شمعة ⟵ كم يهبط المضارب ليأخذ سيولة أوامر الوقف,,,SOURCE_TEXT,MEDIUM,
SE61e6f5aaf0,,,,IMG_0177,v4,faisal_images/IMG_0177.jpeg,tweet+quote,F,VISIBLE,UNIT_AUTHOR (per-quote speaker not verified),1,2026/7/5,,,EXACT_DATE_PRINTED,2026-07-06,2026-07-06,,RSI · فقططططط · اذا السهم هابط بدون صعود سابق · اذا السهم مقسم وحقق متوسطات حركه 20-30-50 · يكون تشبع بيعي عند 20-27 · مع مراعاة عدد اسهم الشركه سلوك السهم · نسبة الشورت · اخبار الشركه · - · مثلا السهم قسم قبل شهر فتح 5 · هبط 2.50 · اخباره حلوه · شورته حلو · ماعليه قروبات · هنا بيكون ع فريم 4 ساعات متماسك · عند ادنى قاع · تتابع السهم مثلا سعره القاع 2.50 · تتابع تحركات السهم قبل يصعد لازم يكون فيه ضغط او مسح سيوله 10٪ تحت القاع · - ‖ يا بو بدر مساء الخير · ال RSI قرائته الصحيحة على فريم كم تكون،,,V4_TRANSCRIPTION,,,,,«تابع» | «تابع» | «ضغط»,MONITOR | MONITOR | PRESS,,,,MONITOR+PRESS_MENTION,,,0,0,,,NO,NO,0,0,N/A,NONE,,CONTEXT: RSI: التشبّعُ البيعيّ عند 20-27 — إذا هبط السهم بلا صعودٍ سابق، أو كان مقسّمًا وحقّق متوسّطات 20-30-50 | CONTEXT: مع مراعاة عدد أسهم الشركة وسلوك السهم ونسبة الشورت وأخبار الشركة | STRUCTURE: مثال: قسّم قبل شهر وفتح 5 وهبط 2.50 (أخبارٌ وشورتٌ حلوان بلا قروبات) ⟵ يكون على 4 ساعات «متماسكًا» عند أدنى قاع | PRESS: قبل أن يصعد «لازم يكون فيه ضغط او مسح سيوله 10٪ تحت القاع»,,,SOURCE_TEXT,MEDIUM,
SE38d8a401a1,,,,IMG_0306,v4,faisal_images/IMG_0306.png,edu_post,EDU,VISIBLE_CHANNEL,UNIT_AUTHOR (per-quote speaker not verified),0,2026-07-11,,,RECORDED_UNVERIFIED,2026-07-13,2026-07-13,,"قناة تعليمية ‖ شرح سابق للدكتور فيصل لسهم سابق ( مع بعض الاضافات من باب النصح لكم ) · استراتيجية ""اتفاق الفريمات"" وصيد الارتداد · فكرة الحركة: السهم بعد كل صعود قوي لازم يجي ربحه وينزل. هنا دورك ما تندفع، وتنتظر السهم يهدأ ويثبت على دعومه. · السر هنا (اتفاق الفريمات): تفتح الشارت على فريم (5 دقائق، 15 دقيقة، و30 دقيقة)، إذا شفت الفريمات الثلاثة كلها متفقة وثابتة على نفس الدعم، اعرف إن الارتداد قريب وقوي. · مثال حي بالأرقام: السهم صعد إلى $13.54، وبعدها ريّح ونزل يختبر الدعم عند $10.21. ارتد منه صعوداً لـ $11.46، ورجع مرة ثانية يختبر نفس الدعم $10.21 وثبت فوقه. هنا مكان الدخول: فوراً مع الارتداد الثاني والثبات عند $10.21 (السهم بعدها طلع إلى $14.70 وعطى ربح 45%). · الخروج (الوقف): إذا كسر السعر منطقة $10.21 وقفل تحتها، اطلع فوراً. · ثقافة الشراء: المتداول اللي صاد الفكره يشتري ""طلب"" وينتظر السعر ينزل له عند الدعم، أما اللي يشتري ماركت من ""العرض"" هذا جالس يستعجل خسارته. · لكل شيء ثقافه وآداب حتى طريقة الشراء لها ذلك",,V4_TRANSCRIPTION,,,,,«الدخول» | «خروج» | «ينتظر»,ENTRY_PLAN | EXIT | WAIT,,,,,,NON_FAISAL,0,0,,,NO,NO,0,0,N/A,NONE,,ENTRY: (طرفٌ ثالث) الدخولُ مع الارتداد الثاني والثبات عند الدعم · والشراءُ «طلب» عند الدعم لا ماركت من العرض | INVALIDATION: (طرفٌ ثالث) كسرُ الدعم والإقفالُ تحته ⟵ خروجٌ فوريّ | CONFIRMATION: (طرفٌ ثالث · إضافةُ القناة) اتّفاقُ فريمات 5/15/30 دقيقة على الدعم نفسِه,,,NON_FAISAL,NOT_FAISAL,
SE26ca7da88a,,,,IMG_0153,v4,faisal_images/IMG_0153.jpeg,tweet,F,VISIBLE,UNIT_AUTHOR (per-quote speaker not verified),1,2026-07-2x,,,BOUNDED,2026-07-20,2026-07-30,,19 س ‖ ماهي نماذج الهبوط الاجابيه · 1- سهم مقسم متوسط 20> 30 > 50 · 2- قسمة قيمة اعلى شمعه صعد اول افتتاح بعد التقسيم على 2 > شرط ما تجاوز 20٪ اثناء الصعود · بمعنى سهم قسم اليوم فتح ع 5 وصل 5.50 > تقسم 5.50 على 2 = متوقع هبوطه عند 2.50 · مع مسح سيوله تصل عند 2 · مع هبوط شورت اقل من 50 الف · الهدف الشمعه الساقطه الاولى 5.50 = 100٪ · تجاوزها يحقق نسبه اعلى · الشرط عدم دخول قروبات فيه · دخول قروبات = هبوط اكثر يصل الى 1.70 · - · 3- سهم هابط بعد صعود عالي مراقبة السهم فترة 5 جلسات اقل اكثر يرجع 100٪ · - · 4- الدخول بالسهم اثناء تحقيق القاعدة اعلاه طلبات وعدم شرا من العرض · مثلا وصل سعر السهم قاع 2 > بيكون العرض 2.50 · الطلب 2.10 > 2.20 > الوقف القاع · - · السنتات خارج الشرح اعلاه,,V4_TRANSCRIPTION,,,,,«دخول» | «دخول» | «مراقبة» | «الدخول» | «طلبات»,ENTRY_PLAN | ENTRY_PLAN | MONITOR | ENTRY_PLAN | ENTRY_PLAN,,,,MONITOR+ENTRY_PLAN,,,0,0,,,NO,NO,0,0,N/A,NONE,,PATTERN: ① سهمٌ مقسّمٌ بمتوسّطات 20 > 30 > 50 | S/R: ② أعلى شمعةٍ بعد أوّل افتتاحٍ بعد التقسيم ÷ 2 = الهبوطُ المتوقَّع · بشرط ألّا يتجاوز الصعودُ 20٪ | PRESS: مسحُ سيولةٍ دون ذلك (المثال إلى 2) · مع هبوط الشورت تحت 50 ألفًا | TARGET: الهدفُ الشمعةُ الساقطةُ الأولى (5.50) = 100٪ · وتجاوزُها نسبةٌ أعلى | INVALIDATION: دخولُ القروبات = هبوطٌ أكثر (إلى 1.70) | PATTERN: ③ سهمٌ هابطٌ بعد صعودٍ عالٍ: مرا,,,SOURCE_TEXT,MEDIUM,
SE0012182119,,,,IMG_0329,v4,faisal_images/IMG_0329.png,app_screenshot,AI,NONE,UNIT_AUTHOR (per-quote speaker not verified),0,2026-07-27,,,RECORDED_UNVERIFIED,2026-07-27,2026-07-28,,الارتكاز · Super_Stocks · Default ‖ السؤال الذي فتحه قياس اليوم: التوقّع ~0R يقيس بيعًا عند الهدف الأول حصرًا، وفيصل يمتّع … mg_pre_stop … المعيار المسجَّل: تفوّق ≥0.15R + ثبات في ثلاث سنوات + ≥100 صفقة محسومة/سنة … التشغيلات الثلاث تعمل الآن (2023 · 2024 · 2025) ‖ دخول يافيصل,,V4_TRANSCRIPTION,,,,,«دخول»,ENTRY_PLAN,,,,,,NON_FAISAL,0,0,,,NO,NO,0,0,N/A,NONE,,,,,NON_FAISAL,NOT_FAISAL,
SE06f98f8d98,,,,IMG_0488,v4,faisal_images/IMG_0488.jpeg,tweet+chart,F,VISIBLE,UNIT_AUTHOR (per-quote speaker not verified),1,2026-07-31,,,RECORDED_UNVERIFIED,2026-07-31,2026-08-03,,1 س ‖ هذا سهم الان نفس النهج العلمي الشرح السابق · قاع صعد 17٪ · هبط اختبار شمعه الصعود · ربما الاثنين بالبري اذا تحرك المضارب مباشره نذكره · شموع مضارب سهل قراءتها · لم يتم العبث فيه · هكذا نقرأ الشموع في حال لم يتم الشرا من العرض تكون شموع مضارب يتحكم فيها · دخول سيوله قروبات او غيره لا انا ولا اكبر محلل يستطيع قراءة الشموع · فقط يكون تنبوء بما سيحصل ‖ اختبار مقاومه ‖ جسم شمعه مع ذيل شمعه ‖ ذيول شموع وعدم كسرها,,V4_TRANSCRIPTION,,,,,«دخول سيوله»,OPERATOR_MONEY,,,,,OPERATOR_MONEY_OBSERVED,,0,0,,,NO,NO,0,0,N/A,WAIT,UNK_SCIMETHOD_2026-07-31,STRUCTURE: «قاع صعد 17٪ · هبط اختبار شمعه الصعود» — النهجُ العلميّ نفسُه | WAIT: «ربما الاثنين بالبري اذا تحرك المضارب مباشره نذكره» — الزنادُ حركةُ المضارب | VALIDITY: «شموع مضارب سهل قراءتها · لم يتم العبث فيه» — صلاحيةُ القراءة شرطُها خلوُّ الشموع من القروبات | VALIDITY: «دخول سيوله قروبات او غيره لا انا ولا اكبر محلل يستطيع قراءة الشموع» — القروب يُبطل القراءة الفنية | PATTERN: «ذيول شموع وعدم,,,SOURCE_TEXT,MEDIUM,
SEbdf7efc153,,,,IMG_0497,v4,faisal_images/IMG_0497.png,tweet+reply,F,VISIBLE,UNIT_AUTHOR (per-quote speaker not verified),1,2026/8/1 3:00 ص,2026-07-31 20:00 NY,,EXACT_PRINTED,2026-08-03,2026-08-03,,اي سهم صاعد نسبه عاليه · تنتظر هبوطه فترة زمنيه لازم يرجع يدبل · 20 > 30 يوم · طبق عليها الشرح السابق · - · شرط ماعنده اعلان طرح · شرط شموعه شموع مضارب مادخل فيه قروبات لعبت بالشموع · شرط الشورت يكون قليل ونسبة اقتراض ع… ‖ أبو بدر نسبه الحسبه هل هي محدده 15٪ أو تكون حولينها ‖ من 10 ل 20٪,,V4_TRANSCRIPTION,,,,,«مادخل»,NO_ENTRY,,,,NO_ENTRY,,,0,0,,,NO,NO,0,0,N/A,NONE,UPC_2026-07,STRUCTURE: «اي سهم صاعد نسبه عاليه · تنتظر هبوطه فترة زمنيه … 20 > 30 يوم» — حدثٌ مؤسِّس ثمّ هبوطٌ زمنيّ | VALIDITY: «شرط ماعنده اعلان طرح» | VALIDITY: «شرط شموعه شموع مضارب مادخل فيه قروبات لعبت بالشموع» | VALIDITY: «شرط الشورت يكون قليل ونسبة اقتراض ع[اليه]» | PATTERN: «نسبه الحسبه» ⟵ «من 10 ل 20٪» (ارتدادُ الاختبار),,,SOURCE_TEXT,MEDIUM,
SE470aef061c,,,,IMG_0509,v4,faisal_images/IMG_0509.png,reply_thread,F,VISIBLE,UNIT_AUTHOR (per-quote speaker not verified),1,2026/8/1 6:18 م,2026-08-01 11:18 NY,,EXACT_PRINTED,2026-08-03,2026-08-03,,طيب يا أبو بدر شخص مثلي بالمجال مقتنع بكل كلمة تقولها بخصوص القروبات وربح السنتات وتشبعت من الخسائر، ووصلت لقناعة ان الربح ينتج عن علمك الشخصي… ‖ أبو بدر مو الاسهم المقسمه نشوف اعلى قمه يعطيها بعد تقسيم ونقسمها على ٢؟ ولا شرط ماتكون عطة نسبة بعد التقسيم ‖ اعلى قمه مفترض ما تتجاوز 20٪ · فتح 5 صعد ل 5.50 ل 6 · انتظر 2 > 2.50 · ثبت عليها بعد الهبوط · بيصعد اذا ثبت ع 2 يصعد 2.30 · يرجع ل 2.10 · هنا تعطيه 3 ل 5 جلسات يصعد يغطي شمعة الهبوط · احيانا اكثر من دبل · -,,V4_TRANSCRIPTION,,,,,«بعت» | «انتظر»,EXIT | WAIT,,,,WAIT+EXIT,,,0,0,,,NO,NO,0,0,N/A,NONE,,VALIDITY: «اعلى قمه مفترض ما تتجاوز 20٪» بعد التقسيم (مثال: فتح 5 ⟵ 5.50-6) | ENTRY: «انتظر 2 > 2.50 · ثبت عليها بعد الهبوط» — منطقةُ ÷2 (5 ÷ 2 = 2.50) وما تحتها | CONFIRMATION: «بيصعد اذا ثبت ع 2 يصعد 2.30 · يرجع ل 2.10 · هنا تعطيه 3 ل 5 جلسات» | TARGET: «يصعد يغطي شمعة الهبوط · احيانا اكثر من دبل»,,,SOURCE_TEXT,MEDIUM,
SEb2e7649a4b,,,,X_20260827_target10_entry_below,v4,faisal_images/X_20260827_target10_entry_below.png,chat+chart,F,INFERRED_DEVICE_LINKED,UNIT_AUTHOR (per-quote speaker not verified),1,2026-08,,,BOUNDED,2026-08-03,2026-09-01,,[مطموس]r · هدفه 10 · طلعت منه مرتين براس ماله بسبب االلي رفعوه · الان جاهز · نبي دخول تحت · او فوق السعر الحالي غير صالح للدخول · - · اما يهبط فيه وندخل · او يصعد فوق 3 يثبت ندخل ‖ نبي دخول تحت / او فوق السعر الحالي غير صالح للدخول,,V4_TRANSCRIPTION,,,«جاهز»,READY,«طلعت» | «نبي دخول» | «غير صالح للدخول» | «ندخل» | «ندخل» | «نبي دخول» | «غير صالح للدخول»,EXIT | ENTRY_PLAN | NO_ENTRY | ENTRY_PLAN | ENTRY_PLAN | ENTRY_PLAN | NO_ENTRY,,,READY,ENTRY_PLAN+NO_ENTRY+EXIT,,,0,0,,,NO,NO,0,0,N/A,WAIT,,WAIT: «الان جاهز» فنيًّا لكن «السعر الحالي غير صالح للدخول» | ENTRY: دخولٌ تحت: «اما يهبط فيه وندخل» | ENTRY: أو دخولٌ فوق: «يصعد فوق 3 يثبت ندخل» (اختراقٌ ثمّ ثبات) | TARGET: هدفه 10,readiness/stage vocabulary (READY),,SOURCE_TEXT,LOW,
SE82fbf522a1,,,,X_20260827_checklist_7points,v4,faisal_images/X_20260827_checklist_7points.jpg,tweet,F,VISIBLE,UNIT_AUTHOR (per-quote speaker not verified),1,2026-08-2x,,,BOUNDED,2026-08-20,2026-08-31,,15 س ‖ Rsi تشبع بيعي ع الفريم اليومي مادون 30 · يتبقى ثبات السعر اعلى من متوسط 30-50 · مع قياس الدعوم ع فريم 4 ساعات و يومي مع قرآة الشموع · - · مثلا السهم هابط من 5 وصل قاع سنوي جديد عند 1.50 · 1- قراءة الاخبار سلبيه ام اجابيه · 2- سبب الهبوط · 3- تاريخ التقسيم · 4- فريم 4 ساعات هل له صعود افتر بري او لا · 5- صعود الفريم اليومي يكون واضح بالمؤشر لانه وقت ماركت فقط · 6- سهم خالي من القروبات كيف خالي · سهم جاهز محافظ ع تذبذب نقاط 10٪ حد اقصى · القروبات ترفع السهم بشموع غبيه توصل 20٪ تجد شمعه طويله خضرا او حمرا بدون جسم ع فريم 4 ساعات · - · 7- حددت النقاط اعلاه يبقى لك · ادنى شمعه هبط لها السهم 5 جلسات هل كسرها اولا ع جميع الفريمات · عدم كسرها مراقبه الشورت كم · طلع معاك جميع ماذكر اعلاه اجابي · يكون دخولك ع القاع مع وقف ادنى سعر · 1.50 قاع دخوله طلبات من 1.60 ل 1.70 · وقفه قاعه,,V4_TRANSCRIPTION,,,«جاهز»,READY,«مراقبه» | «دخول» | «دخول» | «طلبات»,MONITOR | ENTRY_PLAN | ENTRY_PLAN | ENTRY_PLAN,,,READY,MONITOR+ENTRY_PLAN,,,0,0,,,NO,NO,0,0,N/A,NONE,,CONTEXT: RSI يوميّ تشبّعٌ بيعيّ دون 30 | CONFIRMATION: يتبقّى ثباتُ السعر أعلى من متوسّط 30-50 | S/R: الدعومُ تُقاس على 4 ساعات واليوميّ مع قراءة الشموع | CONTEXT: ① الأخبارُ سلبيّةٌ أم إيجابيّة | CONTEXT: ② سببُ الهبوط | CONTEXT: ③ تاريخُ التقسيم | CONTEXT: ④ على 4 ساعات: هل له صعودُ أفترٍ وبري أم لا | CONTEXT: ⑤ صعودُ اليوميّ يظهر في المؤشّر لأنه وقتُ الماركت فقط | VALIDITY: ⑥ خالٍ من القروبات: ,readiness/stage vocabulary (READY),,SOURCE_TEXT,MEDIUM,
SEbdac48825c,,,,X_20260827_checklist_7points_cont,v4,faisal_images/X_20260827_checklist_7points_cont.jpg,tweet_cont,F,VISIBLE_LINKED,UNIT_AUTHOR (per-quote speaker not verified),1,2026-08-2x,,,BOUNDED,2026-08-20,2026-08-31,,- · كيف طلبات كل 5 سنت مبلغ · ماشالك السهم خلال كم جلسه · تدخل اثناء انطلاق السهم · غالبا قبل الانفجار يتم ضغطه قريب من القاع · - · ماتم ضغطه ولا شالك تدخل مباشره ع خط متوسط 50 > 200 · يكون سعره 2 ل 2.20 · يعني باول انطلاقة السهم,,V4_TRANSCRIPTION,,,,,«طلبات» | «ضغطه» | «ضغطه»,ENTRY_PLAN | PRESS | PRESS,,,,ENTRY_PLAN,PRESS_OBSERVED,,0,0,,,NO,NO,0,0,N/A,NONE,,ENTRY: الطلباتُ كلَّ 5 سنتات بمبلغ | ENTRY: «ماشالك السهم خلال كم جلسه · تدخل اثناء انطلاق السهم» — إن لم تُعبَّأ الطلبات خلال جلسات فالدخولُ أثناء الانطلاق | PRESS: غالبًا قبل الانفجار يُضغط السهم قريبًا من القاع | ENTRY: إن لم يُضغط ولم يشلك: الدخولُ مباشرةً على خطّ متوسّط 50 فوق 200 (في المثال 2-2.20) = أوّلُ انطلاقة,pressure described as having occurred,,SOURCE_TEXT,MEDIUM,
SEb7c3b50c4f,,,,X_20260827_operator_candle_ride,s2,faisal_images/X_20260827_operator_candle_ride.png,X post («10 س»),F,EYE_VERIFIED,F,1,2026-08-24,,2026-08-26,RECORDED_UNVERIFIED,2026-08-24,2026-08-25,statement undated in the image; V4 unit date used,منصة سهم تقدر تضيف فيها قائمه وتفعل تنبهات الهبوط كل 5٪ تنبيه / يكون تحت عينك,,EYE_2026-10-09,تبي تعرف شمعة المضارب اللي نربح منه ‖ B ‖ S ‖ 10 س ‖ منصة سهم تقدر تضيف فيها قائمه وتفعل تنبهات الهبوط كل 5٪ تنبيه يكون تحت عينك …,,«تضيف فيها قائمه»,ADD_TO_LIST,,,ADD_TO_LIST_STATED,,,,,,0,0,,,STATED_ADD,NO,0,0,N/A,NONE,,CONFIRMATION: شمعةُ المضارب = شمعةٌ واحدةٌ عملاقة (‏+272%) يُربح منها — دخولٌ قبلها (B 1.66) وخروجٌ فيها (S 7.72) | INFO: تنبيهاتُ الهبوط كلَّ 5٪ في منصّة سهم لمتابعة القائمة,"a list is a monitoring tool with drop alerts (general, no ticker)",Faisal post printed «11:26 ص · 2026/8/24» (chart of an unnamed symbol) and below it another Faisal post «10 س»,SOURCE_TEXT,HIGH,
SE34b72e409c,,,,X_20260828_01,v4,faisal_images/X_20260828_01.jpg,edu_post,EDU,VISIBLE_CHANNEL,UNIT_AUTHOR (per-quote speaker not verified),0,2026-08-28,,,RECORDED_UNVERIFIED,2026-08-28,2026-08-31,,قناة تعليمية: طبق عليه مانذكره دائما متوسطات الحركه طبق فريم 4 ساعات ابحث عن ال… ‖ طبقت عليه كل شي · اذا السهم جاهز بيد المضارب · لاتشري من العرض ترفع السهم قبل المضارب,,V4_TRANSCRIPTION,,,«جاهز»,READY,«لاتشري»,NO_ENTRY,,,,,,NON_FAISAL,0,0,,,NO,NO,0,0,N/A,NONE,,ENTRY: (طرفٌ ثالث) إذا كان السهمُ «جاهزًا بيد المضارب» فلا تشترِ من العرض فترفعه قبل المضارب,,,NON_FAISAL,NOT_FAISAL,
SE469e5ba067,,,,TG_57926,v4,faisal_images/TG_57926.jpg,app_panel,APP,VISIBLE,UNIT_AUTHOR (per-quote speaker not verified),0,2026-09-04,,,RECORDED_UNVERIFIED,2026-09-04,2026-09-08,,أفضل فرص دورة التقسيم ‖ يعرض أعلى 15 فرصة جاهزة أو قريبة من أسهم التقسيم فقط. الإعلان وصفي ولا يدخل في التقييم ‖ آخر تحديث 4 سبتمبر 2026 ‖ أفضل الفرص الآن: أعلى فرص التقسيم والارتكاز اللاحق — بحد أقصى 15 سهمًا,,V4_TRANSCRIPTION,,,«جاهزة»,READY,,,,,,,,NON_FAISAL,0,0,,,NO,NO,0,0,N/A,NONE,,APP_RULE: التطبيقُ يقصر «أفضل الفرص» على 15 سهمًا · والإعلانُ وصفيّ لا يدخل التقييم,,,APP_THIRD_PARTY,NOT_FAISAL,
SE208b354c4d,,,,X_20260918_11_afterhours,v4,faisal_images/X_20260918_11_afterhours.png,tweet,F,VISIBLE,UNIT_AUTHOR (per-quote speaker not verified),1,2026-09-1x,,,BOUNDED,2026-09-10,2026-09-21,,سهم الافتر حقق فوق 100٪ · - · الشمعه الساقطه من 2.50 الى 1.83 · مثل هالسهم كيف تدخل لو شف شمعه ساقطه مباشره · تنتظر الدعم الثاني · - · 1.83 شمعه ساقطه · صعد الى 2.30 · مجمل 1.83+25٪=2.28 · - · غالبا بعد الشمعه الساقطه اختبار مقاومه من 25٪ ل 15٪ · - · اختبر 2.30 · لازم فنيا يرجع يختبر قريب من الشمعه الساقطه · 1.98 دعم انطلق منه وحقق فوق 100٪ · - · كيف دخول سهم بعد تحقيق اختبار مقاومه · مباشره طلبات · 2 < 1.90 · - · لامحاله يهبط يشيلك · - · ماشالك الاختراق المقاومه 2.30 · - · هذا شرح للسهم الصاعد بالافتر,,V4_TRANSCRIPTION,,,,,«دخول» | «طلبات»,ENTRY_PLAN | ENTRY_PLAN,,,,ENTRY_PLAN,,,0,0,,,NO,NO,0,0,N/A,NONE,,WAIT: إن رأيتَ شمعةً ساقطةً مباشرةً «تنتظر الدعم الثاني» | STRUCTURE: غالبًا بعد الشمعة الساقطة اختبارُ مقاومةٍ بارتدادٍ 15٪-25٪ (1.83+25٪=2.28 ⟵ اختبر 2.30) | VALIDITY: لازم فنيًّا يرجع يختبر قريبًا من الشمعة الساقطة (دعمُ الانطلاق 1.98) | ENTRY: بعد تحقيق اختبار المقاومة: طلباتٌ مباشرةً 1.90-2.00 — «لامحاله يهبط يشيلك» | ENTRY: إن لم يُعبّئك: الدخولُ عند اختراق المقاومة 2.30 | TARGET: انطلق من ا,,,SOURCE_TEXT,MEDIUM,
SE795d2b3e22,,,,X_20260918_12_doublebottom,v4,faisal_images/X_20260918_12_doublebottom.jpg,tweet,F,VISIBLE,UNIT_AUTHOR (per-quote speaker not verified),1,2026-09-1x,,,BOUNDED,2026-09-10,2026-09-21,,لازال لم يتخبر القاع المزدوج · هذا السهم راح يمشي ع موجات اليوت · الان سلوكه يتبع نماذج فنيه · - · الضغط لابد منه · - · خط العنق بعد الضغط = تحرر · - · بالنسبه لي السهم مازال تحت الاجابيه انتظر فرصه دخول مناسبه · - · الدخول بين خط العنق والقاع المزدوج غير امن · - · المحللين ( الفاهمين العارفين الدارسين عن علم ) يبحث عن فرصه دخول عند سحب السيوله · او عند اول اختراق صحيح · - · ضبابيه الدخول بين وبين ليست جيده · -,,V4_TRANSCRIPTION,,,,,«ضغط» | «ضغط» | «انتظر» | «دخول» | «الدخول» | «دخول» | «الدخول»,PRESS | PRESS | WAIT | ENTRY_PLAN | ENTRY_PLAN | ENTRY_PLAN | ENTRY_PLAN,,,,WAIT+ENTRY_PLAN+PRESS_MENTION,,,0,0,«مازال تحت»,«مازال تحت»,NO,NO,0,0,N/A,WAIT,,PATTERN: القاعُ المزدوج لم يُختبر بعد · وسلوكُ السهم يتبع النماذج الفنيّة (موجات إليوت) | PRESS: «الضغط لابد منه» | CONFIRMATION: خطُّ العنق بعد الضغط = تحرّر | WAIT: السهمُ ما زال تحت الإيجابيّة ⟵ انتظار فرصة دخولٍ مناسبة | ENTRY: الدخولُ بين خطّ العنق والقاع المزدوج غيرُ آمن · «ضبابيه الدخول بين وبين ليست جيده» | ENTRY: فرصةُ الدخول: عند سحب السيولة أو عند أوّل اختراقٍ صحيح,,,SOURCE_TEXT,MEDIUM,
SE2514192e45,,,,X_20260918_54_indicators,v4,faisal_images/X_20260918_54_indicators.png,tweet+charts,F,VISIBLE,UNIT_AUTHOR (per-quote speaker not verified),1,2026-09-1x,,,BOUNDED,2026-09-10,2026-09-21,,التحليل تصيد السهم قبل يطلع · اما اذا طلع السهم كلن يشوفه · - · يجي غشيم مايعرف بري وافتر ولايعرف عرض وطلب · يقول عندك صفقتين فشلت 😔😆 · - · عموما تحليل السهم اخذ مني ساعتين تقريبا · ع 4 مؤشرات + نماذج + شموع · + متوسط الحركه + تقاطع الماكد + تشبع ال RSI+ و + و + و + · منها مؤشر التصحيح فيبوناتشي | مؤشر كلنجر · هل يفشل التحليل نعم · هل يحقق كامل التحليل ربما · هل ينجح التحليل بتوفيق الله نعم ‖ تقاطع المتوسط المتحرك الأسي 9 26,,V4_TRANSCRIPTION,,,,,«فشل» | «فشل»,INVALID | INVALID,,,,INVALID,,,0,0,,,NO,NO,0,0,N/A,NONE,,META: التحليلُ «تصيُّدُ السهم قبل يطلع» — وبعد الصعود يراه الجميع | CONTEXT: عُدّتُه: 4 مؤشّرات ‏+ نماذج ‏+ شموع ‏+ متوسّط الحركة ‏+ تقاطع الماكد ‏+ تشبّع RSI ‏+ فيبوناتشي ‏+ كلنجر (EMA 9/26 · MACD 12/26/9 · DMI 14/14 · Stoch RSI 14/14/3/3 · ATR 14) | META: «هل يفشل التحليل نعم · هل يحقق كامل التحليل ربما · هل ينجح … نعم»,,,SOURCE_TEXT,MEDIUM,
SE8482721fb9,,,,X_20260918_22_pipeline,s1,faisal_images/X_20260918_22_pipeline.png,X post text,F,EYE_VERIFIED,F,1,2026/9/13 1:44 م,2026-09-13 06:44 NY,2026-09-18,EXACT_PRINTED,2026-09-14,2026-09-14,,متابعة قائمه فرز اول فرز ثاني جاهزيه / - / ضع لك قائمه / فرز / تحقيق متوسطات شورت الخ تنقل السهم الى فرز 2 / - / ضغط السهم بعد جميع ماذكر نقل الى جاهزيه / - / فسال الله من فضله / فالاسهم رزق لن تسبق رزقك ماحييت,,EYE_2026-10-09,متابعة قائمه فرز اول فرز ثاني جاهزيه · - · ضع لك قائمه · فرز · تحقيق متوسطات شورت الخ تنقل السهم الى فرز 2 · - · ضغط السهم بعد جميع ماذكر نقل الى جاهزيه · - · فسال الله من فضله · فالاسهم رزق لن تسبق رزقك ماحييت ‖ الأمريكي · مغلق,,«قائمه» | «فرز اول» | «فرز ثاني» | «جاهزيه» | «ضع لك قائمه» | «فرز» | «فرز 2» | «جاهزيه»,LIST | SORT | SORT | READINESS_NOUN | ADD_TO_LIST | SORT | SORT | READINESS_NOUN,«متابعة» | «تنقل» | «ضغط» | «نقل»,MONITOR | TRANSITION_WORD | PRESS | TRANSITION_WORD,ADD_TO_LIST_STATED,,READINESS_NOUN+SORT,MONITOR+TRANSITION_WORD+PRESS_MENTION,,,0,0,,,STATED_ADD,STATED_RULE_OR_MOVE,0,0,N/A,NONE,,STRUCTURE: قائمة ⟵ فرزٌ أوّل ⟵ فرزٌ ثانٍ ⟵ جاهزيّة | VALIDITY: تحقيقُ المتوسّطات والشورت «الخ» ينقل السهم إلى الفرز الثاني | READY: ضغطُ السهم بعد جميع ما ذُكر ⟵ نقلٌ إلى الجاهزيّة | META: «الاسهم رزق لن تسبق رزقك»,a general pipeline rule (no ticker): list → first sort → second sort → readiness; moving to sort 2 requires averages/short etc.; moving to readiness requires the stock's pressure after all of that · readiness/stage vocabulary (READINESS_NOUN+SORT),Faisal @kisar_ (verified) post; same post as X_20260918_23_watchlist (printed 2026/9/13 1:44 م there). App screenshot 1:41 «الأمريكي · مغلق»; tabs: قائمتي (selected) · الأسهم المملوكة · تحت الجاهزيه · جاهز 100%; bottom nav «قائمة المتابعة»; only the «قائمتي» tab contents are shown,SOURCE_TEXT,HIGH,
SE0ad38a2d65,,,,TG_50584,v4,faisal_images/TG_50584.jpg,tweet,F,VISIBLE,UNIT_AUTHOR (per-quote speaker not verified),1,2026-09-2x,,,BOUNDED,2026-09-21,2026-09-30,,تم تحليل 3 اسهم جميله حسب المؤشرات الفنيه للتحليل تبقى الضغط ✅ · ماهي المؤشرات الفنيه للتحليل · نظريتي بالتحليل ادمج 3 مدارس غالبا موجات اليوت + وايكوف + الكلاسيكي يعتمد على دعم مقاومه · اسميتها نظرية الارتكاز · المؤشرات مايلي 1- الاخبار الاعلانات (اجابي اوسلبي) 2- متوسطات الحركه 20/30/50 3- الشورت · تحقيق الشروط اعلاه ننتقل الى 1- القاع 2- ارتداد لاختبار المقاومه بنسبه 20٪ غالبا 3- ثبات القاع او سحب السيوله 5٪ ادنى شمعة القاع 4- ثبات سعري بعد سحب السيوله = تحقيق الاهداف · اما مايخص السهم الهابط بعد الصعود العالي يطبق عليه آلمدرسه الكلاسيكية مع الشروط,,V4_TRANSCRIPTION,,,,,«ضغط»,PRESS,,,,PRESS_MENTION,,,0,0,,,NO,NO,0,0,N/A,WAIT,,PIPELINE: نظريةُ الارتكاز = موجاتُ إليوت ‏+ وايكوف ‏+ الكلاسيكيّ (دعم/مقاومة) | PRECONDITION: المؤشّرات أوّلًا: الأخبارُ والإعلانات (إيجابيّ/سلبيّ) · متوسّطاتُ 20/30/50 · الشورت | SEQUENCE: ثمّ: القاع ⟵ ارتدادٌ لاختبار المقاومة 20% غالبًا ⟵ ثباتُ القاع أو سحبُ سيولةٍ 5% تحت أدنى شمعة القاع ⟵ ثباتٌ سعريّ بعد السحب = تحقيقُ الأهداف | READINESS: بعد اكتمال الشروط «تبقى الضغط ✅» — الضغطُ آخرُ خطوةٍ قب,,,SOURCE_TEXT,MEDIUM,
SE1ca5abb759,,,,TG_50596,v4,faisal_images/TG_50596.jpg,edu_post,EDU,VISIBLE_CHANNEL,UNIT_AUTHOR (per-quote speaker not verified),0,2026-09-2x,,,BOUNDED,2026-09-21,2026-09-30,,قناة تعليمية ‖ لذلك السلوك الذي يتّبعه د. فيصل ابو بدر · سلوك كبار المضاربين · يشتري مع المضارب ثم انتظار دخول سيولة المضارب ويبيع مع المضارب · لن ولن يسمح لك المضارب رفع السهم دون اذنه · واذا ارتفع ٢٠ سنت (اهداف الهمل) ايش اللي يحصل · يرشه المضارب بقوة السيولة ويكسّر جميع الدعوم ويصنع لنفسه شموع جديده · لذلك هذا السلوك اهدافه لاتقل عن ١٠٠٪ · العلم فوق كل شيء👌🏻,,V4_TRANSCRIPTION,,,,,«انتظار» | «دخول سيولة»,WAIT | OPERATOR_MONEY,,,,,,NON_FAISAL,0,0,,,NO,NO,0,0,N/A,NONE,,EDU_INTERPRETATION: سلوكُ فيصل بتفسير القناة: الشراءُ مع المضارب ⟵ انتظارُ دخول سيولته ⟵ البيعُ معه · وارتفاعُ 20 سنتًا «أهدافُ الهمل» يرشّه المضاربُ ويكسر الدعوم,,,NON_FAISAL,NOT_FAISAL,
SEc1a5486a19,,,,TG_50599,v4,faisal_images/TG_50599.jpg,edu_graphic_annot,U,NONE,UNIT_AUTHOR (per-quote speaker not verified),0,2026-09-2x,,,BOUNDED,2026-09-21,2026-09-30,,الرسائل غير المقروءة ‖ Accumulation Schematic #2: Wyckoff Events and Phases ‖ هدفنا شمعة الهبوط الاعلى ‖ اختبار مقاومه الهبوط ‖ دعم الاول ‖ دخولنا عند الدعم 2 ‖ متوسط حركه 10<20 بعد القاع الاول ‖ احسنت فأحسن الله اليك · من اشهر نظريات التداول وافضلها نظرية وايكوف · تعتمد على مانشرحه دائما,,V4_TRANSCRIPTION,,,,,«دخولنا»,ENTRY_STATED,,,,,,NON_FAISAL,0,0,,,NO,NO,0,0,N/A,NONE,,MAP: خريطةُ وايكوف ⟷ المنهج: الدعمُ الأوّل = SC/ST · اختبارُ مقاومة الهبوط = AR · الدخولُ عند الدعم 2 = Spring/LPS · الهدفُ = أعلى شمعةٍ هابطة | INFO: «متوسط حركه 10<20 بعد القاع الاول» (ارتدادٌ 10-20% بعد القاع الأوّل — قراءة),,,NON_FAISAL,NOT_FAISAL,
SEf2b7a370a2,,,,TG_50602,v4,faisal_images/TG_50602.jpg,tweet,F,VISIBLE,UNIT_AUTHOR (per-quote speaker not verified),1,2026-09-19,,,RECORDED_UNVERIFIED,2026-09-21,2026-09-21,,كانو متعلمين مثل الطبيب الشعبي · ولا اعتقد اصلا يعرفو الشورت او شورت سكويز · ولا يعرفو منهج التقسيم ولا ولا ولا · ولايعرفو اصلا كيف سهم البري يضغط بعد صعود الافتر واخذ نسبه سريعه منه · ولايعرفو موجات اليوت لحد الان … مع شرحي لها باستمرار · معرفتهم … ترند هابط ترند صاعد · … صعد سهم زخم … ليش وكيف صعد وايش مبررات الصعود مايدري · هل صعود السهم افتر او بري لتصريف كميات وتحقيق متوسطات هبوط مايدري · … ماعنده الا ادفع اشتراك · والثاني يقول معروف انا نسبي 500٪ … الطبيب الشعبي يمرخك ويتسويك · هل يعقل استشاري ياخذ دورة عند طبيب شعبي …,,V4_TRANSCRIPTION,,,,,«يضغط»,PRESS,,,,PRESS_MENTION,,,0,0,,,NO,NO,0,0,N/A,NONE,,INVENTORY: جردُ المنهج: الشورت/السكويز · منهجُ التقسيم · ضغطُ البري بعد صعود الافتر · موجاتُ إليوت · مبرّراتُ الصعود (تصريفٌ أم تحقيقُ متوسّطات هبوط),,,SOURCE_TEXT,MEDIUM,
SEe5493911e4,,,,TG_50606,v4,faisal_images/TG_50606.jpg,note,F,OWNER_ATTESTED,UNIT_AUTHOR (per-quote speaker not verified),1,2026-09-19,,,RECORDED_UNVERIFIED,2026-09-21,2026-09-21,,Notes ‖ تنبيهات اسهم التقسيم · 5دولار انتظر السهم 2.50 و 2.30 و 2.20 · 3 دولار انتظر السهم عند 1.50 او 1.40 · 7 انتظر السهم عند تحت 3 ممكن الى 2.50و 2.80 · 4 دولار انتظر السهم عند 2 و 1.80 و 1.60 · بدايه السهم اذا بيلعب موجات يصعد تقريبا 20 بالميه ثم ينزل من شمعه الصعود او تحتها قليل يسحب سيول ثم يرتد · شبه تقريبه كل 25 بالميه مقاومه للسهم تجاوز ال 25 بالميه استمر مع السهم · تجاوز ال 50 بالميه اعطيه 30 بالميه هبوط الي هو ارتداد للسهم · مثلا صعد من 2 الى 3 اعطيه نزول تصحيحي 25 الى 30 بالميه تقريبا من 2.70 الم 2.60 حد اعلى مايكسر النقطه هذي واجي ربحي قبلها اذا نزل اكثر · مثلا سعد 70 بالميه تقريبا يصحح 10 بالميه نزول ثم يصعد 100 بالميه,,V4_TRANSCRIPTION,,,,,«انتظر» | «انتظر» | «انتظر» | «انتظر»,WAIT | WAIT | WAIT | WAIT,,,,WAIT,,,0,0,,,NO,NO,0,0,N/A,NONE,,SPLIT_WAIT_LEVELS: تنبيهاتُ أسهم التقسيم بسعر التقسيم: $5 ⟵ 2.50/2.30/2.20 · $3 ⟵ 1.50/1.40 · $7 ⟵ تحت 3 (2.50-2.80) · $4 ⟵ 2/1.80/1.60 (النصفُ ثمّ حتى ‏−20% تحته) | SEQUENCE: بدايةُ الموجات: صعودٌ ‏≈20% ثمّ نزولٌ إلى شمعة الصعود أو تحتها قليلًا (سحبُ سيولة) ثمّ ارتداد | TARGET: كلُّ ‏≈25% مقاومة · تجاوزُ 25% = استمرار | EXIT: تجاوزُ 50% ⟵ تصحيحٌ ‏≈30% · ومن 2 إلى 3 ⟵ تصحيحٌ 25-30% (2.70-2.60) ويُ,,,SOURCE_TEXT,LOW,
SE69e3939eb6,,,,TG_57858,v4,faisal_images/TG_57858.jpg,edu_graphic,TP,VISIBLE,UNIT_AUTHOR (per-quote speaker not verified),0,2026-09-2x,,,BOUNDED,2026-09-21,2026-09-30,,مستوى دخول عند المقاومة ‖ نسبة العائد إلى المخاطرة (RR) 1.3,,V4_TRANSCRIPTION,,,,,«دخول»,ENTRY_PLAN,,,,,,NON_FAISAL,0,0,,,NO,NO,0,0,N/A,NONE,,,,,NON_FAISAL,NOT_FAISAL,
SE4d8e9594e9,,,,TG_57859,v4,faisal_images/TG_57859.jpg,edu_graphic,TP,VISIBLE,UNIT_AUTHOR (per-quote speaker not verified),0,2026-09-2x,,,BOUNDED,2026-09-21,2026-09-30,,كسر الدعم وإعادة الاختبار للدخول ‖ 1.3 نسبة العائد إلى المخاطرة,,V4_TRANSCRIPTION,,,,,«دخول»,ENTRY_PLAN,,,,,,NON_FAISAL,0,0,,,NO,NO,0,0,N/A,NONE,,,,,NON_FAISAL,NOT_FAISAL,
SEdd35c77558,,,,TG_57861,v4,faisal_images/TG_57861.jpg,edu_graphic,TP,VISIBLE,UNIT_AUTHOR (per-quote speaker not verified),0,2026-09-2x,,,BOUNDED,2026-09-21,2026-09-30,,دخول فيبوناتشي 50% ‖ كتلة الأوامر ‖ 1:3 نسبة العائد إلى المخاطرة,,V4_TRANSCRIPTION,,,,,«دخول»,ENTRY_PLAN,,,,,,NON_FAISAL,0,0,,,NO,NO,0,0,N/A,NONE,,,,,NON_FAISAL,NOT_FAISAL,
SE3f03c68638,,,,TG_50581,v4,faisal_images/TG_50581.jpg,reply,F,VISIBLE,UNIT_AUTHOR (per-quote speaker not verified),1,2026/9/22 4:10 ص,2026-09-21 21:10 NY,,EXACT_PRINTED,2026-09-22,2026-09-22,,…لكن عندي سؤال عن الضغط كيف اعرف انه اقترب او انضغط · هل تقصد فيه وصول السهم الى مرحلة السبرنج بمدرسه وايكوف ؟ ‖ يعطيك مغطه ويرجع مباشره ذيل طويل جسم الشمعه يوافق الدعم ‖ …مقاومه · عرض المزيد,,V4_TRANSCRIPTION,,,,,«ضغط» | «ضغط»,PRESS | PRESS,,,,PRESS_MENTION,,,0,0,,,NO,NO,0,0,N/A,NONE,,DEFINITION: الضغطُ (المضارب) = «مغطة» ثمّ رجوعٌ مباشر: ذيلٌ سفليٌّ طويل وجسمُ الشمعة يوافق الدعم (نظيرُ «السبرنج» عند وايكوف في سؤال السائل),,,SOURCE_TEXT,MEDIUM,
SE632668f2be,,,,X_20261001_HS_03_LS,v4,faisal_images/X_20261001_HS_03_LS.jpg,tweet,F,VISIBLE,UNIT_AUTHOR (per-quote speaker not verified),1,2026/9/23,,,EXACT_DATE_PRINTED,2026-09-23,2026-09-24,,ماذا حصل اليوم · سهم حقق هدف عالي · عدم ثبات فوق سعر الكتف الايسر = هبوط · نقيسها بموجات اليوت C اعنف موجة هبوط · - · لذلك السهم الصاعد جني ربح اول · متابعه فريم 5 دقايق · لابد يكون ثبات السعر اعلى من الكتف الايسر يستمر الصعود · - · عدم ثبات يهبط · هذا مختصر تحليل السهم · ذكرنا من البدايه وسعر السهم راح يهبط · بسبب ارتفاع الحجم · ارتفاع الحجم الفوليوم = تصريف,,V4_TRANSCRIPTION,,,,,«جني ربح» | «متابعه»,EXIT | MONITOR,,,,MONITOR+EXIT,,,0,0,«ذكرنا»,,NO,NO,0,0,N/A,NONE,,INFO: (محورٌ مُغلَق) عدمُ الثبات فوق سعر الكتف الأيسر = هبوط · والثباتُ فوقه يستمرّ به الصعود · متابعة 5 دقائق | INFO: (محورٌ مُغلَق) ارتفاعُ الحجم بعد هدفٍ عالٍ = تصريف · وجنيُ ربحٍ أوّل,,,SOURCE_TEXT,MEDIUM,
SEb145fb4567,,,,TG_57887,v4,faisal_images/TG_57887.jpg,tweet,F,VISIBLE,UNIT_AUTHOR (per-quote speaker not verified),1,2026/9/25 2:45 م,2026-09-25 07:45 NY,,EXACT_PRINTED,2026-09-25,2026-09-25,,كيف نحكم ع السهم بيصعد · مؤشرات فنيه · مثل موظف الارصاد اذا قال تمطر عنده مؤشرات لايعلم الغيب · بالاسهم · عندنا شورت · عندنا مدة تقسيم · عندنا ضغط · عندنا rsi مؤشر القوه النسبيه · عندنا متوسطات حركه · عندنا سلوك مضارب · عندنا ارتدادات وسحب سيوله · هذي المؤشرات الفنيه المساعده للصعود وغيرها الكثير,,V4_TRANSCRIPTION,,,,,«ضغط»,PRESS,,,,PRESS_MENTION,,,0,0,,,NO,NO,0,0,N/A,NONE,,INVENTORY: مؤشّراتُ الحكم بالصعود: الشورت · مدّةُ التقسيم · الضغط · RSI · متوسّطاتُ الحركة · سلوكُ المضارب · الارتداداتُ وسحبُ السيولة — احتماليّةٌ لا يقين («موظف الأرصاد»),,,SOURCE_TEXT,MEDIUM,
SE020d9a57b1,,,,TG_58042,v4,faisal_images/TG_58042.jpg,edu_post,EDU,CATALOG_ATTRIBUTION,UNIT_AUTHOR (per-quote speaker not verified),0,2026-10-0x,,,BOUNDED,2026-10-01,,,نموذج ‖ نمط W ‖ 50% ‖ 100% ‖ الهدف ‖ نموذج W أو القاع المزدوج من أقوى نماذج انعكاس الاتجاه … يتكون بعد نزول قوي عندما يفشل السعر بكسر القاع مرتين · ظهور شمعة المطرقة قرب القاع … خط العنق يمثل المقاومة أو القمة بين القاعين · اختراق خط العنق مع كسر الترند الهابط يعتبر إشارة قوة عالية · الدخول يكون بعد إغلاق شمعة فوق المقاومة والترند الهابط …,,V4_TRANSCRIPTION,,,,,«فشل» | «الدخول»,INVALID | ENTRY_PLAN,,,,,,NON_FAISAL,0,0,,,NO,NO,0,0,N/A,NONE,,TP_RULE: W عامّ: الدخولُ بعد إغلاقٍ فوق المقاومة والترند · الهدفُ = ارتفاعُ النموذج فوق الاختراق,,,NON_FAISAL,NOT_FAISAL,
SE5a92cf16d7,,,,TG_58043,v4,faisal_images/TG_58043.jpg,edu_post,EDU,CATALOG_ATTRIBUTION,UNIT_AUTHOR (per-quote speaker not verified),0,2026-10-0x,,,BOUNDED,2026-10-01,,,الدخول يكون بعد إغلاق شمعة فوق المقاومة والترند الهابط · وقف الخسارة أسفل آخر قاع أو أسفل منطقة الاختراق · الهدف يقاس بمسافة القاع إلى خط العنق ثم تضاف فوق نقطة الاختراق · أهم نقطة: لا تدخل قبل تأكيد الإغلاق لتجنب الاختراقات الكاذبة · نماذج الشموع,,V4_TRANSCRIPTION,,,,,«الدخول» | «لا تدخل»,ENTRY_PLAN | NO_ENTRY,,,,,,NON_FAISAL,0,0,,,NO,NO,0,0,N/A,NONE,,TP_RULE: القياسُ المقيس (ارتفاعُ W فوق الاختراق) ووقفٌ أسفل آخر قاع — طرفٌ ثالث,,,NON_FAISAL,NOT_FAISAL,
SEde21c3478d,,,,EDU_20260918_44_doublebottom,v4,faisal_images/EDU_20260918_44_doublebottom.jpg,edu_graphic,EDU,NONE,UNIT_AUTHOR (per-quote speaker not verified),0,,,,AMBIGUOUS,,,,عائد مرتفع مخاطرة منخفضة · استراتيجية الشراء عند القاع المزدوج ‖ إعادة اختبار ‖ الهدف ‖ الدخول عند إعادة اختبار خط العنق ‖ وقف الخسارة أسفل أدنى إعادة اختبار ‖ الهدف أقرب مقاومة أو سيولة الشراء ‖ نصيحة: الصبر، الانضباط، وإدارة رأس المال …,,V4_TRANSCRIPTION,,,,,«الدخول»,ENTRY_PLAN,,,,,,NON_FAISAL,0,0,,,NO,NO,0,0,N/A,NONE,,ENTRY: GENERIC_TA: «الدخول عند إعادة اختبار خط العنق · وقف أسفل أدنى إعادة اختبار · الهدف أقرب مقاومة» — يخالف فيصل,,,NON_FAISAL,NOT_FAISAL,
SEde51e27b27,,,,IMG_0305,v4,faisal_images/IMG_0305.jpeg,chart_annotated,U,EDU_ATTRIBUTED_FAISAL,UNIT_AUTHOR (per-quote speaker not verified),0,≤2026-07-11,,,AMBIGUOUS,,,,فريم 5 دقايق شرط السهم محقق ارتفاع + سيوله عاليه ‖ 13.54 راس شمعة الهبوط جني الربح عند ارتداده لها ‖ 10.21 ارتداد اول عدم دخول ‖ ارتداد 2 ‖ ارتداد 2 تأكيد دخول عدم كسر 10.21,,V4_TRANSCRIPTION,,,,,«جني الربح» | «دخول» | «دخول»,EXIT | ENTRY_PLAN | ENTRY_PLAN,,,,,,NON_FAISAL,0,0,,,NO,NO,0,0,N/A,NONE,,VALIDITY: (طبقة 2b · نظامُ زخم) فريم 5 دقائق بشرط أن السهم حقّق ارتفاعًا مع سيولةٍ عالية | ENTRY: (طبقة 2b) الارتدادُ الأوّل عن 10.21 لا دخول · والارتدادُ الثاني مع عدم كسر 10.21 = تأكيدُ دخول | INFO: (محورُ الخروج مُغلَق) جنيُ الربح عند الارتداد إلى رأس شمعة الهبوط 13.54,,,NON_FAISAL,NOT_FAISAL,
SE8e73bf9f62,,,,IMG_0506,v4,faisal_images/IMG_0506.png,tweet,F,VISIBLE_PROFILE,UNIT_AUTHOR (per-quote speaker not verified),1,,,,AMBIGUOUS,,,,المنشورات ‖ اسمها بني ستوك يعني اسهم صغيره ضعيفه عددها من 200 الف لمليون سهم · سهله الصعود والهبوط عدد أسهمها قليل · ربحها سريع وخسارتها عاليه · - · بني ستوك من 1.50 دولار ل 3 دولار غالبا · كاتب بالمثبته سعر تداولي · - · وش يعني 1 دولار او 1.50 ل 3 · هذي سهله التدبيل · مفضله عند هوامير الصين اسرائيل · مجموعة مضاربين قروب هوامير باختصار · - · عدد اسهم الشركه قليل · سهل يجمعون فيه فجواته عاليه · فجواته عاليه يعني 10 الاف دولار ترفعه 50٪ ع طول · - · بني ستوك مضاربيها اي كان موقعهم يجمعون عندهم برامج خوارزميه وتجميع الخ · - · يجي عندنا قروب عدد مشتركيه 500 · ينزل السهم لهم · شرو كل واحد بالف دولار = 500 الف دولار دخلت ع السهم رفعت السهم 15٪ باع الموصي ع السهم انت تعلقت · - · وش تتوقع الهوامير ذي تسوي · يخليهم يرفعونه 20 سنت · يروح يبيع تحت لو الف سهم يهبط السهم · اللي دخلو فعل وقف الخساره وطلعو · المضارب يرجع ياخذ الاسهم · يصعد لحاله اذا صعد قال للمحللين بمنصة سهم و…,,V4_TRANSCRIPTION,,,,,«دولار دخلت»,OPERATOR_MONEY,,,,RECALLED_OPERATOR_MONEY_OBSERVED,,,0,0,,,NO,NO,0,0,N/A,NONE,,CONTEXT: «بني ستوك … عددها من 200 الف لمليون سهم · سهله الصعود والهبوط · ربحها سريع وخسارتها عاليه» | CONTEXT: «بني ستوك من 1.50 دولار ل 3 دولار غالبا · كاتب بالمثبته سعر تداولي» | STRUCTURE: «عدد اسهم الشركه قليل · سهل يجمعون فيه · فجواته عاليه يعني 10 الاف دولار ترفعه 50٪ ع طول» | VALIDITY: قروبٌ 500 مشترك × ألف دولار = 500 ألف ⟵ ‏+15% ثمّ «باع الموصي ع السهم انت تعلقت» | PATTERN: «يخليهم يرفعون,,,SOURCE_TEXT,MEDIUM,
SE61e20a6f25,,,,IMG_0531,v4,faisal_images/IMG_0531.jpeg,tweet+quote,F,VISIBLE_AVATAR,UNIT_AUTHOR (per-quote speaker not verified),1,,,,AMBIGUOUS,,,,@kisar_ Faisal ‖ كل 10 الاف 10٪ تقريبا هبوط · يوجد برنامج خاص يحتاج تدريب يقرا هدف الشورت · بعد متابعة البرنامج وقياس عدد الشورت ظهر معاي والله اعلم · لكل 10 الاف سهم = 10٪ تقريبا هبوط · في حال تشبع الهبوط · يتم قراءة RSI = يكون من 22 ل 27 · - · اذا السهم حقق المطلوب · قاع سنوي مثلا 2 سعره الحالي تذبذب بين 2.20 ل 2.40 · - · هنا يكون السهم جاهز للانفجار · قبل يصعد بيوم يتم ضغط السهم من المضارب قريبا من القاع · قاعه 2 سعره 2.40 · الضغط بين 2.10 > 2.20 · الطلبات جاهزه عند 2.10 > 2.20 ~ 2.30 · اي ضغط يشيل كميتك · مع وقف قاع · مع هدف اول 30٪ تحرر منها تواصل عدم تحرر = جني ربح · - · 30٪ غالبا تمثل مقاومه اولى · - · الاهم ماعليه حراج ✅😁🤷‍♂️ ‖ طيب كيف احدد هدف الشورت,,V4_TRANSCRIPTION,,,«جاهز» | «جاهزه»,READY | READY,«متابعة» | «ضغط» | «ضغط» | «الطلبات» | «ضغط» | «جني ربح»,MONITOR | PRESS | PRESS | ENTRY_PLAN | PRESS | EXIT,,,READY,MONITOR+ENTRY_PLAN+EXIT+PRESS_MENTION,,,0,0,,,NO,NO,0,0,N/A,NONE,,TARGET: «لكل 10 الاف سهم = 10٪ تقريبا هبوط» — هدفُ الشورت (هبوطٌ متوقَّع بعدد الشورت) | READY: «في حال تشبع الهبوط · يتم قراءة RSI = يكون من 22 ل 27» | READY: «قاع سنوي مثلا 2 سعره الحالي تذبذب بين 2.20 ل 2.40 · هنا يكون السهم جاهز للانفجار» | PATTERN: «قبل يصعد بيوم يتم ضغط السهم من المضارب قريبا من القاع» (الضغط 2.10-2.20) | ENTRY: «الطلبات جاهزه عند 2.10 > 2.20 ~ 2.30 · اي ضغط يشيل كميتك» | STO,readiness/stage vocabulary (READY),,SOURCE_TEXT,MEDIUM,
SEf1f362c7e2,,,,TG_1807,v4,faisal_images/TG_1807.jpg,tweet+quote,F,VISIBLE_OCR,UNIT_AUTHOR (per-quote speaker not verified),1,2026-07-23~,,,AMBIGUOUS,,,,امس 22-7 حقق متوسط 30 يوم من تاريخ التقسيم ‖ هبط بالسهم الى 1.66 ‖ حقق المتوسط والدخول كما شرحته بالملي 1.70>1.80 ‖ صعد وغطا شموعه كامله ‖ نعرف اهداف السهم بناء ع الشموع السابقه,,V4_TRANSCRIPTION,,,,,«الدخول»,ENTRY_PLAN,,,,ENTRY_PLAN,,,0,0,,,NO,NO,0,0,N/A,NONE,,READY: بعد التقسيم: بلوغ متوسط 30 يومًا من تاريخ التقسيم + خروج القروبات + هبوط المضارب للقاع ⟵ الدخول 1.70>1.80 | INFO: الأهداف = الشموع السابقة (تغطيتها),,,SOURCE_TEXT,MEDIUM,
SE54b7a77619,,,,TG_1813,v4,faisal_images/TG_1813.jpg,tweet+quote,F,VISIBLE_OCR,UNIT_AUTHOR (per-quote speaker not verified),1,2026-07-21~,,,AMBIGUOUS,,,,تابع الشورت اذا صفر او قريب من الصفر يكون اجابي السهم ‖ سهم عليه قروبات هج عنه ‖ مايكون عليه طرح,,V4_TRANSCRIPTION,,,,,«تابع»,MONITOR,,,,MONITOR,,,0,0,,,NO,NO,0,0,N/A,NONE,,READY: شورت صفر أو قريب ⟵ إيجابي | REJECT: صعد أكثر من 20% أوّل ما قُسّم ⟵ خارج الشرط | REJECT: عليه قروبات ⟵ «هج عنه» | REJECT: عليه طرح ⟵ لا | INFO: الهدف شمعة الهبوط = 100%,,,SOURCE_TEXT,MEDIUM,
SEae5d9013c1,,,,TG_1815,v4,faisal_images/TG_1815.jpg,reply,F,VISIBLE_OCR,UNIT_AUTHOR (per-quote speaker not verified),1,,,,AMBIGUOUS,,,,جميع الفريمات · اذا كان فيه شمعه ساقطه ع 4 ساعات انتظر يختبرها فريم يومي,,V4_TRANSCRIPTION,,,,,«انتظر»,WAIT,,,,WAIT,,,0,0,,,NO,NO,0,0,N/A,NONE,,WAIT: شمعة ساقطة على 4 ساعات ⟵ انتظر يختبرها اليوميّ,,,SOURCE_TEXT,MEDIUM,
SE111c0f9a13,,,,TG_1870,v4,faisal_images/TG_1870.jpg,tweet,F,CATALOG_ATTRIBUTION,UNIT_AUTHOR (per-quote speaker not verified),1,,,,AMBIGUOUS,,,,Rsi مثل ضغط المكينه … اذا كان مناطق تشبع بيعي قياسه بين 20>30 غالبا · تشبع السهم البيعي يعطي مضاربيه محللين فاهمين يجمع بالسهم هذا · شرط يحقق شروط إضافية اهمها يكون هابط بدون صعود سابق متوسط حركه 50 يوم غالبا · كذلك يكون السهم شورته جميل اقل من 10 الاف · كذلك تكون اخبار السهم حلوه · كذلك يكون السهم اختبر المقاومه الاولى بعد القاع مثلا قاعه 2 صعد 2.50 · يرجع يهبط يختبر القاع وسحب السيوله · هنا يكون rsi جاهز للانفجار · … افضل قياسه ع سهم قاعه من 1.50 واعلى · اذا صعد السهم يكون rsi تشبع بيعي فوق 70 مناطق خطره للدخول,,V4_TRANSCRIPTION,,,«جاهز»,READY,«ضغط» | «دخول»,PRESS | ENTRY_PLAN,,,READY,ENTRY_PLAN+PRESS_MENTION,,,0,1,,,NO,RECALLED_EARLIER_STATE,0,0,N/A,NONE,,READY: جاهز للانفجار = RSI تشبّع 20-30 ‏+ هابطٌ بلا صعودٍ سابق (≈50 يومًا) ‏+ شورت أقلّ من 10 آلاف ‏+ أخبارٌ حلوة ‏+ اختبر المقاومة الأولى بعد القاع ثمّ رجع يختبر القاع مع سحب سيولة | REJECT: RSI فوق 70 ⟵ مناطق خطرة للدخول | INFO: أفضل قياسه على سهمٍ قاعه 1.50 فأعلى,readiness/stage vocabulary (READY) — refers to an earlier time,,SOURCE_TEXT,LOW,
SEf38d469caa,,,,TG_1959,v4,faisal_images/TG_1959.jpg,tweet,F,CATALOG_ATTRIBUTION,UNIT_AUTHOR (per-quote speaker not verified),1,,,,AMBIGUOUS,,,,اسهم الارتكاز … اطلقت عليها اسم ارتكاز تمركز · ليس اسم علمي … · ماذا تعني اسهم ارتكاز ولماذا لم اعد اذكرها غالبا · تعني السهم حقق جميع نماذج الهبوط ولم يسبق له ارتفاع قريب متوسط حركه 30/ 50 · مع تشبع بيعي RSI · مع تقاطع ماكد · مع شورت اجابي · مع اعلانات متوفره · مع فجوات عاليه · هذا لايمكن يهبط اكثر خسارته لو هبط لاشي قيعان لاتكسر وسهل الخروج باقل خساره · ارتفاعه سابقا سبوع سبوعين ناخذ 100٪ واكثر · اللي حصل فيه قروبات تاخذ السهم تحرج عليه يصعد 20٪ يبيع يهبط … · اهداف الاسهم من 20٪ ل 100٪ مع المضارب · اهداف 10 سنت … مااافيه,,V4_TRANSCRIPTION,,,,,«خروج»,EXIT,,,,EXIT,,,0,0,«سابقا»,,NO,NO,0,0,N/A,NONE,,READY: سهمُ الارتكاز = حقّق جميع نماذج الهبوط ‏+ لم يسبقه ارتفاعٌ قريب ‏+ متوسط حركة 30/50 ‏+ RSI تشبّعٌ بيعيّ ‏+ تقاطع MACD ‏+ شورتٌ إيجابيّ ‏+ إعلاناتٌ متوفّرة ‏+ فجواتٌ عالية | INFO: قيعانٌ لا تُكسر وسهولةُ الخروج بأقلّ خسارة | INFO: الأهداف من 20% إلى 100% مع المضارب · وارتفاعُه سابقًا أسبوع-أسبوعين نأخذ 100% وأكثر | REJECT: القروبات تبيع عند ‏+20% فيهبط السهم ⟵ لهذا قلّ ذكرُه لها,,,SOURCE_TEXT,LOW,
SE4edba83748,,,,TG_20260905_01,v4,faisal_images/TG_20260905_01.jpg,dm,U,NONE,UNIT_AUTHOR (per-quote speaker not verified),0,,,,AMBIGUOUS,,,,كسرة خط فيواب تكون هدف غالبا تجاوزها نعطيه فرصه · فيواب هبط من [مطموس] = 100٪ لو صعد ‖ صعود المضارب ل100٪ تكون بشمعه مدتها لاتتجاوز 5 دقايق · جني الربح مفعل مسبقا غالبا · 100٪ جني ربح > 70٪ من سيولتك · 30٪ تترك لاعلى هدف · هبط السهم اكثر من 20٪ خلال 5 دقايق جني ربح المتبقي,,V4_TRANSCRIPTION,,,,,«جني الربح» | «جني ربح» | «جني ربح»,EXIT | EXIT | EXIT,,,,,,NON_FAISAL,0,0,,,NO,NO,0,0,N/A,NONE,,TARGET: كسرُ خطّ الفيواب غالبًا هدف · وتجاوزُه يُعطى فرصة | TARGET: عودةُ السعر إلى مستوى الفيواب الذي هبط منه = ‏+100% (الرقمُ مطموس) | INFO: صعودُ المضارب لـ100% يكون بشمعةٍ لا تتجاوز 5 دقائق | EXIT: عند 100%: جني 70% من السيولة · و30% تُترك لأعلى هدف | EXIT: هبوطٌ فوق 20% خلال 5 دقائق ⟵ جني الباقي,,,NON_FAISAL,NOT_FAISAL,
SEc1fafe6b5e,,,,TG_20260905_02,v4,faisal_images/TG_20260905_02.jpg,dm,F,INFERRED_PHONE_OWNER,UNIT_AUTHOR (per-quote speaker not verified),1,,,,AMBIGUOUS,,,,Moha… KHALIDو A.Alghamdi ‖ تم التعديل ‖ راس الشمعه الساقطه [مطموس] ذيلها · اذا الهدف ذيل تجاوزه بزخم تعطيه جسم الشمعه الساقطه 4.30 · تحرر من الجسم يعطي نسبه اقل من راس الشمعه الساقطه · هذي بالنسبه للاهداف · يهمك الان الدخول كم · الشورت ممتاز [مطموس] · القاع [مطموس] · [د]عم بعد القاع · الطلبات كم تكون · اما ثبات فوق الدعم الحالي = دخول وهذا فيه مخاطره · او دخول اول صعود تنبيه للسهم 2٪ · او انتظار ضغط قبل الصعود كما هو متعارف عليه · اذا في حال ضغط المضارب السهم عند [مطموس] مباشره الطلبات · القاع = وقف ‖ يهمنا كذلك السهم ماعليه قروبات,,V4_TRANSCRIPTION,,,,,«الدخول» | «الطلبات» | «دخول» | «دخول» | «انتظار» | «ضغط» | «ضغط» | «الطلبات»,ENTRY_PLAN | ENTRY_PLAN | ENTRY_PLAN | ENTRY_PLAN | WAIT | PRESS | PRESS | ENTRY_PLAN,,,,WAIT+ENTRY_PLAN+WAIT_FOR_PRESS,,,0,0,,,NO,NO,0,0,N/A,UNKNOWN,,TARGET: رأسُ الشمعة الساقطة ذيلُها · وتجاوزُ الذيل بزخمٍ يُعطي جسمَ الشمعة الساقطة · والتحرّرُ من الجسم يُعطي نسبةً أقلّ من رأسها (قراءتان محتملتان) | ENTRY: ثلاثةُ أنماط دخول: ثباتٌ فوق الدعم (مخاطرة) · أوّلُ صعودٍ بتنبيه 2% · انتظارُ الضغط (المعيار) | ENTRY: إن ضغط المضاربُ السهمَ فالطلباتُ مباشرةً عند مستوًى (مطموس) | STOP: القاع = وقف | FILTER: السهمُ لا يكون عليه قروبات,waits for operator pressure (not observed),,SOURCE_TEXT,LOW,
SEd85b784e7f,,,,TG_20260905_04,v4,faisal_images/TG_20260905_04.jpg,dm,F,INFERRED_PHONE_OWNER,UNIT_AUTHOR (per-quote speaker not verified),1,≤2026-09-05,,,AMBIGUOUS,,,,A. Alghamdi ‖ إضافة لجهات الاتصال · حظر المستخدم ‖ …al ‖ ايوه وعنده قاع قبل ‖ [مطموس] اذا نقوا طبق القاعده هبط [مطموس] وصعد [مطموس] 25٪ ‖ ايوه ورجع يختبر الدعم ‖ صحيح قاع قبل ‖ الاثنين قرار الدخول · هل يختبر شمعته السابقه · او يكتفي بسحب السيوله الحاصل · اذا ماكسر [مطموس] هدفنا عالي جدااا · ربما يجيب فوق [مطموس] · المتوقع [مطموس] يهبط ل( [مطموس] يصعد منها لاحقا,,V4_TRANSCRIPTION,,,,,«الدخول»,ENTRY_PLAN,,,,ENTRY_PLAN,,,0,0,,,NO,NO,0,0,N/A,WAIT,,SEQUENCE: القاعدة: قاعٌ قبل ⟵ صعودٌ ‏≈25% ⟵ رجوعٌ يختبر الدعم ⟵ قرارُ الدخول (يوافق X_85_YMT و TG_20260905_09) | ENTRY: قرارُ الدخول في الجلسة التالية: هل يختبر شمعته السابقة أم يكتفي بسحب السيولة الحاصل | VALIDITY: إن لم يكسر مستوًى (مطموس) فالهدفُ عالٍ جدًّا,,,SOURCE_TEXT,LOW,
SE9289c75c5e,,,,TG_2037,v4,faisal_images/TG_2037.jpg,dm+chart,F,INFERRED_PHONE_OWNER,UNIT_AUTHOR (per-quote speaker not verified),1,,,,AMBIGUOUS,,,,صحيح ماشاء الله … عرّاب واسطورة السوق ‖ السهم حذفته من حسابي تهيض من القروبات مرتين ع نسبه 20٪ · ننتظر RSI عند 27 يتوافق مع شمعة 4 ساعات · يتوافق كذلك مع هدف الشورت من 2.80> 3 · بحول الله بيكون هذا القاع اللي يرتد منه 100٪ · 3قيعان = ارتفاع لاختبار المقاومه الاولى عند 6 · كهدف كذلك اختبار الاتفاع الثاني عند 8,,V4_TRANSCRIPTION,,,,,«ننتظر»,WAIT,,,,WAIT,,,0,0,,,NO,NO,0,0,N/A,WAIT,,WAIT: انتظارُ RSI ≈27 متوافقًا مع شمعة 4س ومع «هدف الشورت» 2.80-3 (تحت السعر) | INFO: «3 قيعان» ⟵ ارتفاعٌ لاختبار المقاومة الأولى 6 ثمّ 8 · وقاعٌ يرتدّ منه 100% | REJECT: تهييضُ القروبات مرّتين بـ20% ⟵ حذفٌ من الحساب,,,SOURCE_TEXT,LOW,
SE6f167d90cf,,,,TG_2043,v4,faisal_images/TG_2043.jpg,tweet+quote,F,VISIBLE_OCR,UNIT_AUTHOR (per-quote speaker not verified),1,,,,AMBIGUOUS,,,,ضغط الارتكاز لابد قبل ينفجر يكون RSI بين 23-27 · لايمكن ومستحيل يصعد اذا RSI بمناطق 40 · لو صعد مباشره نسبه يهبط هبوط شنيع · لذلك RSI لابد يكون مناطق التشبع البيعي 27 · هنا يكون طبق النماذج الفنيه للصعود العالي · بعض الاسهم ينزل خبر يصعد 30٪ يهبط مباشره · لو رجعنا ل RSI نجد فوق 40 ‖ … ليه ابو بدر قررت تنتظر للrsi يكون تحت ال٣٠؟,,V4_TRANSCRIPTION,,,,,«ضغط»,PRESS,,,,PRESS_MENTION,,,0,0,,,NO,NO,0,0,N/A,NONE,,READY: ضغطُ الارتكاز قبل الانفجار: RSI بين 23 و27 | REJECT: RSI في مناطق 40 ⟵ «مستحيل يصعد» · وإن صعد مباشرةً يهبط هبوطًا شنيعًا | INFO: صعودُ الخبر 30% ثمّ هبوطٌ مباشر يقع حين RSI فوق 40,,,SOURCE_TEXT,MEDIUM,
SE79ed0c67db,,,,TG_2044,v4,faisal_images/TG_2044.jpg,post,F,CATALOG_ATTRIBUTION,UNIT_AUTHOR (per-quote speaker not verified),1,,,,AMBIGUOUS,,,,يطبق ع جميع الاسهم ✅ · للمبتدئين يطبق على اسهم التقسيم متوسط حركه 30 يوم · هبوط من سعر الافتتاح مقسوم ع 2 > 1.5 · افتتاح 5 > بعد التقسيم > متوسط الحركه · انتظار السهم عند سعر 2 · ثبات السعر 5 جلسات ✅ · مشروط بعدم ارتفاع بعد التقسيم · مشروط عدم وجود شورت عالي · اهم شرط عدم دخول قروبات فيه · اجابية السهم تحقيق 100٪ · دخول قروبات = تغيير اعدادات الشموع الغاء الشرح اعلاه,,V4_TRANSCRIPTION,,,,,«انتظار» | «دخول» | «دخول» | «الغاء»,WAIT | ENTRY_PLAN | ENTRY_PLAN | INVALID,,,,WAIT+ENTRY_PLAN+INVALID,,,0,0,,,NO,NO,0,0,N/A,NONE,,WAIT: وصفةُ المقسّم للمبتدئ: انتظارُ السهم عند ÷2 من افتتاح التقسيم (مع متوسط حركة 30 يومًا) | READY: ثباتُ السعر 5 جلسات عند المستوى ✅ | REJECT: ارتفاعٌ بعد التقسيم · شورتٌ عالٍ · دخولُ قروبات (أهمُّ شرط) ⟵ «الغاء الشرح اعلاه» | INFO: إيجابيّةُ السهم = تحقيق 100%,,,SOURCE_TEXT,LOW,
SEb56a9bdaa7,,,,TG_2099,v4,faisal_images/TG_2099.jpg,tweet,F,VISIBLE_OCR,UNIT_AUTHOR (per-quote speaker not verified),1,,,,AMBIGUOUS,,,,معلومات فنيه لن تجد احد يشرح لك الشرح هذا لذلك احفظه مثل اسمك · كلللل الاسهم تعتمد ع دعم مقاومه سوا سهم هابط او صاعد · هبط السهم كون دعم عند 3.63 · دعم اول مافيه دخول ابدااا خطير · دعم ثاني هبط الى 3.70 حافظ عليها · دخلته انا 3.80 تاكيد الصعود +وقفي كان 3.70 · راس الشمعه الهابطه كانت هدف 6.53 ليس بالضروره يرجع يحققها لذلك البيع الامن او الهدف الامن 5.80 وصل 6.38 · الان راح يكسر الدعم السابق ويهبط فيه بيكون دعمين ايضا · اي سهم هابط صاعد فريم 5 دقايق · … لا اعتقد وجدت احد يوما ما يشرح حقيقه الدعوم · مجرد ادخل السهم افعل اوامري جني ربح وقف خساره واخذ لي صكة بلوت,,V4_TRANSCRIPTION,,,,,«دخول» | «دخلته» | «جني ربح»,ENTRY_PLAN | ENTRY_EXECUTED | EXIT,,,,ENTRY_PLAN+EXIT+RECALLED_ENTRY_EXECUTED,,,0,0,,,NO,NO,0,0,N/A,MULTI,,REJECT: الدعمُ الأوّل: لا دخول أبدًا — خطير | READY: الدعمُ الثاني حافظ عليه ⟵ الدخولُ بعد تأكيد الصعود (3.80 فوق 3.70) · والوقفُ عند الدعم الثاني (3.70 · ≈−2.6% من الدخول) | INFO: رأسُ الشمعة الهابطة هدفٌ (6.53) «ليس بالضروره يحققها» ⟵ البيعُ الآمن/الهدفُ الآمن قبله (5.80 · وصل 6.38) | INFO: «اي سهم هابط صاعد فريم 5 دقايق»,,,SOURCE_TEXT,MEDIUM,
SE3c097e73bf,,,,TG_2106,v4,faisal_images/TG_2106.jpg,reply_thread,F,INFERRED_CROPPED,UNIT_AUTHOR (per-quote speaker not verified),1,,,,AMBIGUOUS,,,,هنا تنتظر الدعم الثاني بيكون 1.55 ل 1.60 · اذا ثبت ع الدعم الثاني تدخل الفرق غالبا عند الدعم الاول 5٪ · يكون وقفك صارم الدعم الاول · وقف يدوي ‖ على اي اساس اختار السهم؟ … ندخل الاسهم الاعلى صعوداً في الافتر و نراقبها بالبري؟ ‖ تختار السهم · تشوف سيولته · خبره · أمريكي ولا صيني … الصيني دايما ماله امانه · كل سهم له سلوكه … بمب اند دامب · بعضها تدخلها سيوله تطيرها وترجع تخفس لانه فنيا م يحق له صعود بسبب شورت عالي او فنياً ماهو جاهز … ويأكده ابو بدر او يصحح الغلط,,V4_TRANSCRIPTION,,,«ماهو جاهز»,NOT_READY,«ندخل» | «نراقب»,ENTRY_PLAN | MONITOR,,,NOT_READY,MONITOR+ENTRY_PLAN,,,1,0,,,NO,NO,0,0,N/A,WAIT,,WAIT: انتظارُ الدعم الثاني (1.55-1.60) | READY: إذا ثبت على الدعم الثاني ⟵ ادخل · والفرقُ عن الدعم الأوّل غالبًا 5% | INVALIDATION: الوقفُ صارمٌ عند الدعم الأوّل (وقفٌ يدويّ),readiness/stage vocabulary (NOT_READY) — qualified technical,,SOURCE_TEXT,LOW,
SEb21e866c71,,,,TG_2405,v4,faisal_images/TG_2405.jpg,ai_chat,AI,NONE,UNIT_AUTHOR (per-quote speaker not verified),0,,,,AMBIGUOUS,,,,“بانتظار دخول المضارب” — قرار التوقيت البشري · … ما في مصدر بيانات للقروبات · جودة المحفز/الخبر — البوت يحط الرابط، أنت تحكم · النقطة الجوهرية اللي تطمّنك: … الـ 10% المستحيلة هي بالضبط اللي قررت أنت من البداية تخليها يدوية (الدخول بعينك) … البوت يفرز، أنت تضغط الزناد …,,V4_TRANSCRIPTION,,,«فرز»,SORT,«بانتظار» | «دخول» | «الدخول» | «ضغط»,WAIT | ENTRY_PLAN | ENTRY_PLAN | PRESS,,,,,,NON_FAISAL,0,0,,,NO,NO,0,0,N/A,NONE,,,,,NON_FAISAL,NOT_FAISAL,
SEdfc4fc38b0,,,,TG_50824,v4,faisal_images/TG_50824.jpg,edu_graphic,TP,VISIBLE,UNIT_AUTHOR (per-quote speaker not verified),0,,,,AMBIGUOUS,,,,كيف تستخدم موجات إليوت لإنشاء نقاط الدخول والخروج؟,,V4_TRANSCRIPTION,,,,,«الدخول» | «خروج»,ENTRY_PLAN | EXIT,,,,,,NON_FAISAL,0,0,,,NO,NO,0,0,N/A,NONE,,,,,NON_FAISAL,NOT_FAISAL,
SEf975c2a9c0,,,,TG_50829,v4,faisal_images/TG_50829.jpg,tweet+video,F,VISIBLE,UNIT_AUTHOR (per-quote speaker not verified),1,,,,AMBIGUOUS,,,,ماذا تعني نظريتي في التداول ( نظرية الارتكاز ) ولماذا يهمني في التحليل شموع الفوليوم · تابع المقطع… ‖ كيف يتم التجميع والتصريف ‖ تذبذب ممل بين 20 و 22 ريال · ملل وبيع من صغار المضاربين,,V4_TRANSCRIPTION,,,,,«تابع»,MONITOR,,,,MONITOR,,,0,0,,,NO,NO,0,0,N/A,NONE,,CONTEXT: شموعُ الفوليوم مهمّةٌ في التحليل (التجميعُ والتصريف),,,SOURCE_TEXT,MEDIUM,
