date,symbol,stage,tech_state,first_failed,frame
2026-08-14,ABAT,WATCH,RETEST_PENDING,,FULL
2026-08-14,ABTC,WATCH,RETEST_PENDING,,FULL
2026-08-14,ABVC,READY,PRESS_RECLAIM,,FULL
2026-08-14,ACON,WATCH,RETEST_PENDING,,FULL
2026-08-14,ACTU,READY,PRESS_RECLAIM,,FULL
2026-08-14,AHMA,WATCH,RETEST_PENDING,,FULL
2026-08-14,AIFC,WATCH,RETEST_PENDING,,FULL
2026-08-14,AIFU,WATCH,RETEST_PENDING,,FULL
2026-08-14,AIHS,WATCH,RETEST_PENDING,,FULL
2026-08-14,AIIO,WATCH,RETEST_PENDING,,FULL
2026-08-14,AIOS,WATCH,RETEST_PENDING,,FULL
2026-08-14,AIRE,WATCH,RETEST_PENDING,,FULL
2026-08-14,AIRS,FOCUS,BROKEN_NEW_BASE,,FULL
2026-08-14,AIXC,READY,PRESS_RECLAIM,,FULL
2026-08-14,AIXI,WATCH,SWEEP_ACTIVE,,FULL
2026-08-14,ALAR,READY,RETEST_HELD,,FULL
2026-08-14,ALDX,WATCH,RETEST_PENDING,,FULL
2026-08-14,AMCI,WATCH,RETEST_PENDING,,FULL
2026-08-14,AMOD,WATCH,RETEST_PENDING,,FULL
2026-08-14,ANY,WATCH,RETEST_PENDING,,FULL
2026-08-14,APVO,FOCUS,BROKEN_NEW_BASE,,FULL
2026-08-14,AQMS,WATCH,RETEST_PENDING,,FULL
2026-08-14,ARBE,WATCH,RETEST_PENDING,,FULL
2026-08-14,ASBP,WATCH,RETEST_PENDING,,FULL
2026-08-14,ASTC,WATCH,RETEST_PENDING,,FULL
2026-08-14,ATER,WATCH,RETEST_PENDING,,FULL
2026-08-14,ATPC,WATCH,RETEST_IN_PROGRESS,,FULL
2026-08-14,ATXG,WATCH,RETEST_PENDING,,FULL
2026-08-14,ATYR,WATCH,RETEST_PENDING,,FULL
2026-08-14,AUID,FOCUS,BROKEN_NEW_BASE,,FULL
2026-08-14,AURE,WATCH,RETEST_PENDING,,FULL
2026-08-14,AUUD,FOCUS,BROKEN_NEW_BASE,,FULL
2026-08-14,AVX,READY,RETEST_HELD,,FULL
2026-08-14,BBLG,REJECTED,,FE-SCREEN-01/M3,
2026-08-14,BCAB,NO_BARS,,,
2026-08-14,BCTX,WATCH,RETEST_PENDING,,FULL
2026-08-14,BDRX,WATCH,RETEST_PENDING,,FULL
2026-08-14,BEAT,WATCH,RETEST_PENDING,,FULL
2026-08-14,BENF,FOCUS,BROKEN_NEW_BASE,,FULL
2026-08-14,BETR,FOCUS,BROKEN_NEW_BASE,,FULL
2026-08-14,BGDE,WATCH,RETEST_PENDING,,FULL
2026-08-14,BGLC,WATCH,RETEST_PENDING,,FULL
2026-08-14,BIOX,WATCH,RETEST_PENDING,,FULL
2026-08-14,BJDX,WATCH,RETEST_PENDING,,FULL
2026-08-14,BLNE,WATCH,RETEST_PENDING,,FULL
2026-08-14,BLNK,WATCH,RETEST_PENDING,,FULL
2026-08-14,BMGL,FOCUS,BROKEN_NEW_BASE,,FULL
2026-08-14,BNAI,WATCH,RETEST_PENDING,,FULL
2026-08-14,BNC,WATCH,RETEST_PENDING,,FULL
2026-08-14,BNKK,WATCH,RETEST_IN_PROGRESS,,FULL
2026-08-14,BNR,WATCH,RETEST_PENDING,,FULL
2026-08-14,BRLS,WATCH,RETEST_IN_PROGRESS,,FULL
2026-08-14,BTCT,WATCH,SWEEP_ACTIVE,,FULL
2026-08-14,BTOG,WATCH,RETEST_PENDING,,FULL
2026-08-14,BYND,FOCUS,BROKEN_NEW_BASE,,FULL
2026-08-14,BYRN,REJECTED,,FE-SCREEN-01/M3,
2026-08-14,BZAI,WATCH,RETEST_PENDING,,FULL
2026-08-14,CALC,READY,PRESS_RECLAIM,,FULL
2026-08-14,CCHH,FOCUS,BROKEN_NEW_BASE,,FULL
2026-08-14,CCTG,WATCH,RETEST_PENDING,,FULL
2026-08-14,CD,FOCUS,BROKEN_NEW_BASE,,FULL
2026-08-14,CDIO,WATCH,RETEST_PENDING,,FULL
2026-08-14,CDT,WATCH,RETEST_PENDING,,FULL
2026-08-14,CDTG,WATCH,RETEST_PENDING,,FULL
2026-08-14,CETX,WATCH,RETEST_PENDING,,FULL
2026-08-14,CGTL,WATCH,RETEST_PENDING,,FULL
2026-08-14,CGTX,WATCH,RETEST_PENDING,,FULL
2026-08-14,CHR,WATCH,RETEST_PENDING,,FULL
2026-08-14,CHSN,FOCUS,BASE_FORMING,,FULL
2026-08-14,CIRC,WATCH,RETEST_PENDING,,FULL
2026-08-14,CLIK,READY,RETEST_HELD,,FULL
2026-08-14,CMND,WATCH,RETEST_PENDING,,FULL
2026-08-14,CNCK,WATCH,RETEST_PENDING,,FULL
2026-08-14,CNEY,WATCH,RETEST_PENDING,,FULL
2026-08-14,CNSY,WATCH,RETEST_PENDING,,FULL
2026-08-14,CNTN,READY,RETEST_HELD,,FULL
2026-08-14,CNTX,FOCUS,BROKEN_NEW_BASE,,FULL
2026-08-14,CODX,WATCH,RETEST_IN_PROGRESS,,FULL
2026-08-14,COOT,WATCH,RETEST_PENDING,,FULL
2026-08-14,CRE,WATCH,RETEST_PENDING,,FULL
2026-08-14,CRML,WATCH,RETEST_PENDING,,FULL
2026-08-14,CRMT,WATCH,RETEST_PENDING,,FULL
2026-08-14,CRVO,WATCH,RETEST_PENDING,,FULL
2026-08-14,CVKD,REJECTED,,FE-SCREEN-01/M3,
2026-08-14,CWD,WATCH,RETEST_PENDING,,FULL
2026-08-14,DFDV,WATCH,RETEST_PENDING,,FULL
2026-08-14,DFLI,WATCH,RETEST_PENDING,,FULL
2026-08-14,DGNX,WATCH,RETEST_PENDING,,FULL
2026-08-14,DLXY,WATCH,RETEST_PENDING,,FULL
2026-08-14,DOGZ,WATCH,RETEST_PENDING,,FULL
2026-08-14,DOMO,WATCH,RETEST_PENDING,,FULL
2026-08-14,DPU,WATCH,RETEST_PENDING,,FULL
2026-08-14,DRCT,NO_BARS,,,
2026-08-14,DRMA,REJECTED,,FE-SCREEN-01/M3,
2026-08-14,DSY,WATCH,RETEST_PENDING,,FULL
2026-08-14,DTCX,READY,RETEST_HELD,,FULL
2026-08-14,DUO,WATCH,RETEST_PENDING,,FULL
2026-08-14,DXST,WATCH,RETEST_PENDING,,FULL
2026-08-14,EDSA,WATCH,RETEST_PENDING,,FULL
2026-08-14,EHGO,WATCH,RETEST_PENDING,,FULL
2026-08-14,EHTH,REJECTED,,FE-SCREEN-01/M3,
2026-08-14,EJH,WATCH,RETEST_PENDING,,FULL
2026-08-14,ELAB,READY,RETEST_HELD,,FULL
2026-08-14,ELTX,WATCH,RETEST_PENDING,,FULL
2026-08-14,EMPD,READY,PRESS_RECLAIM,,FULL
2026-08-14,ENGN,WATCH,RETEST_PENDING,,FULL
2026-08-14,ENGS,WATCH,RETEST_PENDING,,FULL
2026-08-14,EOSE,WATCH,RETEST_PENDING,,FULL
2026-08-14,EPSM,WATCH,RETEST_PENDING,,FULL
2026-08-14,ERNA,WATCH,RETEST_PENDING,,FULL
2026-08-14,ESLA,READY,RETEST_HELD,,FULL
2026-08-14,EUDA,WATCH,RETEST_PENDING,,FULL
2026-08-14,EVAX,WATCH,RETEST_PENDING,,FULL
2026-08-14,FABC,WATCH,RETEST_PENDING,,FULL
2026-08-14,FEMY,FOCUS,BROKEN_NEW_BASE,,FULL
2026-08-14,FGNX,WATCH,RETEST_PENDING,,FULL
2026-08-14,FLNA,READY,RETEST_HELD,,FULL
2026-08-14,FLUX,WATCH,RETEST_PENDING,,FULL
2026-08-14,FLZH,NO_BARS,,,
2026-08-14,FNUC,WATCH,RETEST_PENDING,,FULL
2026-08-14,FOFO,WATCH,RETEST_PENDING,,FULL
2026-08-14,FRGT,FOCUS,BROKEN_NEW_BASE,,FULL
2026-08-14,FRMM,WATCH,RETEST_PENDING,,FULL
2026-08-14,FRSX,REJECTED,,FE-SCREEN-01/M3,
2026-08-14,FTCI,REJECTED,,FE-SCREEN-01/M3,
2026-08-14,FTFT,FOCUS,BROKEN_NEW_BASE,,FULL
2026-08-14,FUFU,REJECTED,,FE-SCREEN-01/M3,
2026-08-14,FWDI,WATCH,RETEST_PENDING,,FULL
2026-08-14,FXHO,WATCH,RETEST_PENDING,,FULL
2026-08-14,GCL,WATCH,RETEST_PENDING,,FULL
2026-08-14,GDC,WATCH,RETEST_PENDING,,FULL
2026-08-14,GDTC,WATCH,RETEST_PENDING,,FULL
2026-08-14,GIBO,WATCH,RETEST_PENDING,,FULL
2026-08-14,GIPR,WATCH,RETEST_PENDING,,FULL
2026-08-14,GITS,WATCH,RETEST_PENDING,,FULL
2026-08-14,GLXG,WATCH,RETEST_PENDING,,FULL
2026-08-14,GMM,WATCH,RETEST_PENDING,,FULL
2026-08-14,GNLN,WATCH,RETEST_PENDING,,FULL
2026-08-14,GNTA,READY,BASE_HELD,,FULL
2026-08-14,GOGO,FOCUS,BROKEN_NEW_BASE,,FULL
2026-08-14,GOVX,WATCH,RETEST_IN_PROGRESS,,FULL
2026-08-14,GPRO,WATCH,SWEEP_ACTIVE,,FULL
2026-08-14,GRI,REJECTED,,FE-SCREEN-01/M3,
2026-08-14,GUTS,READY,PRESS_RECLAIM,,FULL
2026-08-14,GWAV,WATCH,RETEST_PENDING,,FULL
2026-08-14,HCAI,WATCH,RETEST_PENDING,,FULL
2026-08-14,HCWB,WATCH,RETEST_PENDING,,FULL
2026-08-14,HERE,WATCH,RETEST_PENDING,,FULL
2026-08-14,HIT,WATCH,RETEST_PENDING,,FULL
2026-08-14,HKPD,WATCH,RETEST_PENDING,,FULL
2026-08-14,HOLO,WATCH,RETEST_PENDING,,FULL
2026-08-14,HPAI,REJECTED,,FE-SCREEN-01/M3,
2026-08-14,HUMA,WATCH,SWEEP_ACTIVE,,FULL
2026-08-14,HWH,NO_BARS,,,
2026-08-14,HYPD,WATCH,RETEST_PENDING,,FULL
2026-08-14,IBG,WATCH,RETEST_PENDING,,FULL
2026-08-14,ICU,WATCH,RETEST_IN_PROGRESS,,FULL
2026-08-14,ILLR,NO_BARS,,,
2026-08-14,IMMP,WATCH,RETEST_PENDING,,FULL
2026-08-14,IMNN,READY,RETEST_HELD,,FULL
2026-08-14,IMSR,WATCH,RETEST_PENDING,,FULL
2026-08-14,INSG,FOCUS,BROKEN_NEW_BASE,,FULL
2026-08-14,INTJ,WATCH,RETEST_PENDING,,FULL
2026-08-14,INTS,WATCH,RETEST_IN_PROGRESS,,FULL
2026-08-14,IPST,WATCH,RETEST_PENDING,,FULL
2026-08-14,IQST,WATCH,RETEST_PENDING,,FULL
2026-08-14,IVF,READY,RETEST_HELD,,FULL
2026-08-14,IXHL,WATCH,RETEST_PENDING,,FULL
2026-08-14,JAGX,FOCUS,BROKEN_NEW_BASE,,FULL
2026-08-14,JBDI,WATCH,RETEST_PENDING,,FULL
2026-08-14,JEM,WATCH,RETEST_PENDING,,FULL
2026-08-14,JFB,NO_BARS,,,
2026-08-14,JFIN,READY,RETEST_HELD,,FULL
2026-08-14,JSPR,WATCH,RETEST_PENDING,,FULL
2026-08-14,JTAI,READY,RETEST_HELD,,FULL
2026-08-14,JYD,WATCH,RETEST_PENDING,,FULL
2026-08-14,JZ,WATCH,RETEST_PENDING,,FULL
2026-08-14,JZXN,WATCH,RETEST_PENDING,,FULL
2026-08-14,KALA,WATCH,RETEST_PENDING,,FULL
2026-08-14,KELYB,WATCH,RETEST_PENDING,,FULL
2026-08-14,KG,WATCH,SWEEP_ACTIVE,,FULL
2026-08-14,KMRK,WATCH,RETEST_PENDING,,FULL
2026-08-14,KRRO,WATCH,RETEST_PENDING,,FULL
2026-08-14,KTTA,WATCH,RETEST_IN_PROGRESS,,FULL
2026-08-14,KUST,REJECTED,,FE-SCREEN-01/M3,
2026-08-14,KWM,READY,RETEST_HELD,,FULL
2026-08-14,KXIN,WATCH,RETEST_PENDING,,FULL
2026-08-14,LASE,WATCH,RETEST_PENDING,,FULL
2026-08-14,LFS,WATCH,RETEST_PENDING,,FULL
2026-08-14,LGCL,WATCH,RETEST_PENDING,,FULL
2026-08-14,LHSW,WATCH,RETEST_PENDING,,FULL
2026-08-14,LICN,WATCH,RETEST_PENDING,,FULL
2026-08-14,LITS,WATCH,RETEST_PENDING,,FULL
2026-08-14,LNAI,WATCH,RETEST_PENDING,,FULL
2026-08-14,LNZA,WATCH,RETEST_PENDING,,FULL
2026-08-14,LRHC,FOCUS,BROKEN_NEW_BASE,,FULL
2026-08-14,LSTA,WATCH,RETEST_IN_PROGRESS,,FULL
2026-08-14,LTBR,WATCH,RETEST_PENDING,,FULL
2026-08-14,LXEH,WATCH,RETEST_PENDING,,FULL
2026-08-14,MASK,WATCH,RETEST_IN_PROGRESS,,FULL
2026-08-14,MATH,READY,RETEST_HELD,,FULL
2026-08-14,MCRB,WATCH,SWEEP_ACTIVE,,FULL
2026-08-14,METC,WATCH,RETEST_PENDING,,FULL
2026-08-14,MKZR,WATCH,RETEST_PENDING,,FULL
2026-08-14,MNDR,WATCH,RETEST_PENDING,,FULL
2026-08-14,MNTS,WATCH,RETEST_PENDING,,FULL
2026-08-14,MOBX,READY,PRESS_RECLAIM,,FULL
2026-08-14,MRM,READY,PRESS_RECLAIM,,FULL
2026-08-14,MSAI,WATCH,RETEST_PENDING,,FULL
2026-08-14,MVIS,REJECTED,,FE-SCREEN-01/M3,
2026-08-14,MVST,WATCH,RETEST_PENDING,,FULL
2026-08-14,NAKA,WATCH,RETEST_PENDING,,FULL
2026-08-14,NAMM,READY,RETEST_HELD,,FULL
2026-08-14,NAUT,FOCUS,BROKEN_NEW_BASE,,FULL
2026-08-14,NBP,WATCH,RETEST_PENDING,,FULL
2026-08-14,NCI,WATCH,RETEST_PENDING,,FULL
2026-08-14,NCT,WATCH,RETEST_PENDING,,FULL
2026-08-14,NEON,WATCH,RETEST_PENDING,,FULL
2026-08-14,NEUP,WATCH,RETEST_PENDING,,FULL
2026-08-14,NIKI,WATCH,RETEST_PENDING,,FULL
2026-08-14,NKLR,WATCH,RETEST_PENDING,,FULL
2026-08-14,NMTC,REJECTED,,FE-SCREEN-01/M3,
2026-08-14,NNNN,WATCH,RETEST_PENDING,,FULL
2026-08-14,NPT,WATCH,RETEST_PENDING,,FULL
2026-08-14,NRSN,WATCH,RETEST_IN_PROGRESS,,FULL
2026-08-14,NTCL,WATCH,RETEST_PENDING,,FULL
2026-08-14,NTHI,WATCH,RETEST_IN_PROGRESS,,FULL
2026-08-14,NVNI,NO_BARS,,,
2026-08-14,NVX,WATCH,RETEST_PENDING,,FULL
2026-08-14,NXTS,WATCH,RETEST_PENDING,,FULL
2026-08-14,OBAI,WATCH,RETEST_PENDING,,FULL
2026-08-14,ODD,WATCH,RETEST_PENDING,,FULL
2026-08-14,OIO,WATCH,RETEST_PENDING,,FULL
2026-08-14,OLOX,FOCUS,BROKEN_NEW_BASE,,FULL
2026-08-14,OM,WATCH,RETEST_IN_PROGRESS,,FULL
2026-08-14,OMEX,WATCH,RETEST_PENDING,,FULL
2026-08-14,ONCO,REJECTED,,FE-SCREEN-01/M3,
2026-08-14,ORGO,FOCUS,BROKEN_NEW_BASE,,FULL
2026-08-14,PARA,READY,PRESS_RECLAIM,,FULL
2026-08-14,PAVM,WATCH,RETEST_PENDING,,FULL
2026-08-14,PBK,READY,RETEST_HELD,,FULL
2026-08-14,PBM,WATCH,RETEST_PENDING,,FULL
2026-08-14,PCSA,WATCH,RETEST_PENDING,,FULL
2026-08-14,PHIO,WATCH,RETEST_PENDING,,FULL
2026-08-14,PHOE,WATCH,RETEST_PENDING,,FULL
2026-08-14,PLCE,READY,RETEST_HELD,,FULL
2026-08-14,PLSM,WATCH,SWEEP_ACTIVE,,FULL
2026-08-14,PLYX,WATCH,RETEST_PENDING,,FULL
2026-08-14,PMAX,WATCH,RETEST_IN_PROGRESS,,FULL
2026-08-14,PPBT,WATCH,RETEST_PENDING,,FULL
2026-08-14,PRFX,WATCH,RETEST_PENDING,,FULL
2026-08-14,PRHI,FOCUS,BROKEN_NEW_BASE,,FULL
2026-08-14,PTLE,WATCH,RETEST_PENDING,,FULL
2026-08-14,PULM,REJECTED,,FE-SCREEN-01/M3,
2026-08-14,QCLS,WATCH,RETEST_IN_PROGRESS,,FULL
2026-08-14,QSI,WATCH,RETEST_IN_PROGRESS,,FULL
2026-08-14,QTEX,WATCH,RETEST_PENDING,,FULL
2026-08-14,RAIN,FOCUS,BROKEN_NEW_BASE,,FULL
2026-08-14,RANI,WATCH,RETEST_PENDING,,FULL
2026-08-14,RAY,WATCH,RETEST_PENDING,,FULL
2026-08-14,RAYA,READY,PRESS_RECLAIM,,FULL
2026-08-14,RBNE,WATCH,RETEST_PENDING,,FULL
2026-08-14,RDHL,READY,BASE_HELD,,FULL
2026-08-14,RECT,WATCH,RETEST_PENDING,,FULL
2026-08-14,REKR,WATCH,RETEST_PENDING,,FULL
2026-08-14,RENX,WATCH,RETEST_PENDING,,FULL
2026-08-14,REVB,REJECTED,,FE-SCREEN-01/M3,
2026-08-14,RGC,WATCH,RETEST_PENDING,,FULL
2026-08-14,RIME,WATCH,RETEST_PENDING,,FULL
2026-08-14,RKDA,REJECTED,,FE-SCREEN-01/M3,
2026-08-14,RMSG,WATCH,RETEST_PENDING,,FULL
2026-08-14,RNAZ,FOCUS,BASE_FORMING,,FULL
2026-08-14,RR,WATCH,RETEST_PENDING,,FULL
2026-08-14,RVSN,WATCH,RETEST_PENDING,,FULL
2026-08-14,SAGT,FOCUS,BROKEN_NEW_BASE,,FULL
2026-08-14,SBET,WATCH,RETEST_PENDING,,FULL
2026-08-14,SBFM,READY,RETEST_HELD,,FULL
2026-08-14,SCNX,WATCH,RETEST_PENDING,,FULL
2026-08-14,SCWO,WATCH,RETEST_PENDING,,FULL
2026-08-14,SDOT,FOCUS,BROKEN_NEW_BASE,,FULL
2026-08-14,SERV,READY,RETEST_HELD,,FULL
2026-08-14,SHPH,WATCH,RETEST_PENDING,,FULL
2026-08-14,SILO,FOCUS,BROKEN_NEW_BASE,,FULL
2026-08-14,SINT,WATCH,RETEST_PENDING,,FULL
2026-08-14,SKK,WATCH,RETEST_PENDING,,FULL
2026-08-14,SKYA,WATCH,RETEST_IN_PROGRESS,,FULL
2026-08-14,SLBT,READY,RETEST_HELD,,FULL
2026-08-14,SLDP,WATCH,RETEST_PENDING,,FULL
2026-08-14,SLE,WATCH,RETEST_PENDING,,FULL
2026-08-14,SLNH,WATCH,RETEST_PENDING,,FULL
2026-08-14,SLSN,WATCH,RETEST_PENDING,,FULL
2026-08-14,SMX,REJECTED,,FE-SCREEN-01/M2_CEIL,
2026-08-14,SNES,READY,BASE_HELD,,FULL
2026-08-14,SNOA,WATCH,RETEST_PENDING,,FULL
2026-08-14,SNTG,WATCH,RETEST_PENDING,,FULL
2026-08-14,SOBR,NO_BARS,,,
2026-08-14,SONM,WATCH,RETEST_PENDING,,FULL
2026-08-14,SOWG,WATCH,RETEST_PENDING,,FULL
2026-08-14,SPRB,WATCH,RETEST_PENDING,,FULL
2026-08-14,SSM,REJECTED,,FE-SCREEN-01/M3,
2026-08-14,STEX,WATCH,RETEST_PENDING,,FULL
2026-08-14,STKE,READY,RETEST_HELD,,FULL
2026-08-14,SUIG,READY,PRESS_RECLAIM,,FULL
2026-08-14,SUNE,WATCH,RETEST_PENDING,,FULL
2026-08-14,SUPX,WATCH,RETEST_PENDING,,FULL
2026-08-14,SVRE,WATCH,RETEST_PENDING,,FULL
2026-08-14,SVRN,WATCH,RETEST_PENDING,,FULL
2026-08-14,SXTP,READY,RETEST_HELD,,FULL
2026-08-14,TAOP,WATCH,RETEST_PENDING,,FULL
2026-08-14,TC,WATCH,RETEST_PENDING,,FULL
2026-08-14,TDIC,WATCH,RETEST_PENDING,,FULL
2026-08-14,TDTH,WATCH,RETEST_PENDING,,FULL
2026-08-14,TGL,WATCH,RETEST_PENDING,,FULL
2026-08-14,TLRY,WATCH,RETEST_PENDING,,FULL
2026-08-14,TNXP,WATCH,RETEST_PENDING,,FULL
2026-08-14,TONX,WATCH,RETEST_PENDING,,FULL
2026-08-14,TRAW,WATCH,RETEST_PENDING,,FULL
2026-08-14,TRNR,WATCH,RETEST_PENDING,,FULL
2026-08-14,TRUG,REJECTED,,FE-SCREEN-01/M3,
2026-08-14,TURB,WATCH,RETEST_PENDING,,FULL
2026-08-14,TVGN,WATCH,RETEST_PENDING,,FULL
2026-08-14,TVRD,FOCUS,BASE_FORMING,,FULL
2026-08-14,TWG,FOCUS,BROKEN_NEW_BASE,,FULL
2026-08-14,UCAR,WATCH,RETEST_PENDING,,FULL
2026-08-14,UFG,WATCH,RETEST_PENDING,,FULL
2026-08-14,UONE,READY,RETEST_HELD,,FULL
2026-08-14,UPXI,READY,RETEST_HELD,,FULL
2026-08-14,UXIN,REJECTED,,FE-SCREEN-01/M3,
2026-08-14,VHUB,WATCH,RETEST_PENDING,,FULL
2026-08-14,VIOT,WATCH,SWEEP_ACTIVE,,FULL
2026-08-14,VRAX,READY,RETEST_HELD,,FULL
2026-08-14,VRXA,READY,RETEST_HELD,,FULL
2026-08-14,WBUY,WATCH,RETEST_PENDING,,FULL
2026-08-14,WIMI,REJECTED,,FE-SCREEN-01/M3,
2026-08-14,WKSP,WATCH,RETEST_PENDING,,FULL
2026-08-14,WNW,WATCH,RETEST_PENDING,,FULL
2026-08-14,WSHP,WATCH,RETEST_PENDING,,FULL
2026-08-14,WVE,WATCH,SWEEP_ACTIVE,,FULL
2026-08-14,XAIR,WATCH,RETEST_PENDING,,FULL
2026-08-14,XBIO,WATCH,RETEST_PENDING,,FULL
2026-08-14,XBP,WATCH,RETEST_PENDING,,FULL
2026-08-14,XCUR,FOCUS,BROKEN_NEW_BASE,,FULL
2026-08-14,XPON,WATCH,RETEST_PENDING,,FULL
2026-08-14,XXII,WATCH,RETEST_IN_PROGRESS,,FULL
2026-08-14,YDES,WATCH,RETEST_PENDING,,FULL
2026-08-14,YDKG,FOCUS,BASE_FORMING,,FULL
2026-08-14,YHC,WATCH,RETEST_PENDING,,FULL
2026-08-14,YMAT,WATCH,RETEST_PENDING,,FULL
2026-08-14,YSXT,WATCH,RETEST_PENDING,,FULL
2026-08-14,ZDAI,WATCH,RETEST_PENDING,,FULL
2026-08-14,ZNB,WATCH,RETEST_PENDING,,FULL
2026-08-14,ZOOZ,WATCH,RETEST_PENDING,,FULL
2026-08-14,ZSQR,WATCH,SWEEP_ACTIVE,,FULL
2026-08-14,ZSTK,WATCH,RETEST_PENDING,,FULL
2026-08-16,ABAT,WATCH,RETEST_PENDING,,FULL
2026-08-16,ABTC,WATCH,RETEST_PENDING,,FULL
2026-08-16,ABTS,WATCH,RETEST_PENDING,,FULL
2026-08-16,ABVC,WATCH,SWEEP_ACTIVE,,FULL
2026-08-16,ACON,WATCH,RETEST_PENDING,,FULL
2026-08-16,ACXP,READY,PRESS_RECLAIM,,FULL
2026-08-16,AHMA,WATCH,RETEST_PENDING,,FULL
2026-08-16,AIFC,WATCH,RETEST_IN_PROGRESS,,FULL
2026-08-16,AIFU,WATCH,RETEST_PENDING,,FULL
2026-08-16,AIHS,WATCH,RETEST_PENDING,,FULL
2026-08-16,AIIO,WATCH,RETEST_PENDING,,FULL
2026-08-16,AIOS,WATCH,RETEST_PENDING,,FULL
2026-08-16,AIRE,WATCH,RETEST_PENDING,,FULL
2026-08-16,AIXC,READY,PRESS_RECLAIM,,FULL
2026-08-16,AKAN,FOCUS,BROKEN_NEW_BASE,,FULL
2026-08-16,AKTX,FOCUS,BROKEN_NEW_BASE,,FULL
2026-08-16,ALAR,READY,RETEST_HELD,,FULL
2026-08-16,ALDX,WATCH,RETEST_PENDING,,FULL
2026-08-16,AMCI,WATCH,RETEST_PENDING,,FULL
2026-08-16,AMOD,WATCH,RETEST_PENDING,,FULL
2026-08-16,ANPA,WATCH,RETEST_PENDING,,FULL
2026-08-16,ANY,WATCH,RETEST_PENDING,,FULL
2026-08-16,APVO,FOCUS,BROKEN_NEW_BASE,,FULL
2026-08-16,AQMS,WATCH,RETEST_IN_PROGRESS,,FULL
2026-08-16,ARBE,WATCH,RETEST_PENDING,,FULL
2026-08-16,ASBP,WATCH,RETEST_PENDING,,FULL
2026-08-16,ASTC,WATCH,RETEST_PENDING,,FULL
2026-08-16,ATER,WATCH,RETEST_PENDING,,FULL
2026-08-16,ATPC,WATCH,RETEST_IN_PROGRESS,,FULL
2026-08-16,ATXG,WATCH,RETEST_PENDING,,FULL
2026-08-16,ATYR,WATCH,RETEST_PENDING,,FULL
2026-08-16,AUID,FOCUS,BROKEN_NEW_BASE,,FULL
2026-08-16,AURE,WATCH,RETEST_PENDING,,FULL
2026-08-16,AUUD,WATCH,RETEST_PENDING,,FULL
2026-08-16,AVX,READY,RETEST_HELD,,FULL
2026-08-16,AVXL,REJECTED,,FE-SCREEN-01/M2_FLOOR,
2026-08-16,BBLG,REJECTED,,FE-SCREEN-01/M3,
2026-08-16,BCAB,NO_BARS,,,
2026-08-16,BDRX,WATCH,RETEST_PENDING,,FULL
2026-08-16,BEAT,WATCH,RETEST_IN_PROGRESS,,FULL
2026-08-16,BEEM,WATCH,RETEST_PENDING,,FULL
2026-08-16,BENF,FOCUS,BROKEN_NEW_BASE,,FULL
2026-08-16,BETR,FOCUS,BROKEN_NEW_BASE,,FULL
2026-08-16,BFRG,WATCH,RETEST_IN_PROGRESS,,FULL
2026-08-16,BGDE,WATCH,RETEST_PENDING,,FULL
2026-08-16,BGLC,WATCH,RETEST_PENDING,,FULL
2026-08-16,BIAF,FOCUS,BROKEN_NEW_BASE,,FULL
2026-08-16,BJDX,WATCH,RETEST_PENDING,,FULL
2026-08-16,BKYI,REJECTED,,FE-SCREEN-01/M3,
2026-08-16,BLNE,WATCH,RETEST_PENDING,,FULL
2026-08-16,BLNK,WATCH,RETEST_PENDING,,FULL
2026-08-16,BMGL,FOCUS,BROKEN_NEW_BASE,,FULL
2026-08-16,BNAI,WATCH,RETEST_PENDING,,FULL
2026-08-16,BNC,WATCH,RETEST_PENDING,,FULL
2026-08-16,BNKK,WATCH,RETEST_PENDING,,FULL
2026-08-16,BRLS,WATCH,RETEST_PENDING,,FULL
2026-08-16,BTCT,WATCH,SWEEP_ACTIVE,,FULL
2026-08-16,BTOG,WATCH,RETEST_PENDING,,FULL
2026-08-16,BYND,FOCUS,BROKEN_NEW_BASE,,FULL
2026-08-16,BYRN,REJECTED,,FE-SCREEN-01/M3,
2026-08-16,BZAI,FOCUS,BROKEN_NEW_BASE,,FULL
2026-08-16,CALC,READY,PRESS_RECLAIM,,FULL
2026-08-16,CCHH,WATCH,RETEST_PENDING,,FULL
2026-08-16,CCTG,WATCH,RETEST_PENDING,,FULL
2026-08-16,CD,FOCUS,BROKEN_NEW_BASE,,FULL
2026-08-16,CDIO,WATCH,RETEST_PENDING,,FULL
2026-08-16,CDT,WATCH,RETEST_PENDING,,FULL
2026-08-16,CELU,WATCH,RETEST_PENDING,,FULL
2026-08-16,CETX,WATCH,RETEST_PENDING,,FULL
2026-08-16,CGTL,WATCH,RETEST_PENDING,,FULL
2026-08-16,CGTX,WATCH,RETEST_IN_PROGRESS,,FULL
2026-08-16,CHR,WATCH,RETEST_PENDING,,FULL
2026-08-16,CHSN,FOCUS,BASE_FORMING,,FULL
2026-08-16,CIRC,WATCH,RETEST_PENDING,,FULL
2026-08-16,CLIK,READY,RETEST_HELD,,FULL
2026-08-16,CMND,WATCH,RETEST_PENDING,,FULL
2026-08-16,CNCK,WATCH,RETEST_PENDING,,FULL
2026-08-16,CNEY,WATCH,RETEST_PENDING,,FULL
2026-08-16,CNSY,WATCH,RETEST_PENDING,,FULL
2026-08-16,CNTN,WATCH,RETEST_PENDING,,FULL
2026-08-16,CNTX,FOCUS,BROKEN_NEW_BASE,,FULL
2026-08-16,COOT,WATCH,RETEST_PENDING,,FULL
2026-08-16,CPOP,WATCH,RETEST_PENDING,,FULL
2026-08-16,CRE,WATCH,RETEST_PENDING,,FULL
2026-08-16,CRML,WATCH,RETEST_PENDING,,FULL
2026-08-16,CRMT,WATCH,RETEST_PENDING,,FULL
2026-08-16,CRVO,WATCH,RETEST_IN_PROGRESS,,FULL
2026-08-16,CVKD,REJECTED,,FE-SCREEN-01/M3,
2026-08-16,CWD,WATCH,RETEST_PENDING,,FULL
2026-08-16,DARE,FOCUS,BROKEN_NEW_BASE,,FULL
2026-08-16,DFDV,WATCH,RETEST_PENDING,,FULL
2026-08-16,DFLI,WATCH,RETEST_PENDING,,FULL
2026-08-16,DGNX,WATCH,RETEST_PENDING,,FULL
2026-08-16,DLXY,WATCH,RETEST_PENDING,,FULL
2026-08-16,DOGZ,WATCH,RETEST_PENDING,,FULL
2026-08-16,DOMO,WATCH,RETEST_PENDING,,FULL
2026-08-16,DPU,WATCH,RETEST_PENDING,,FULL
2026-08-16,DRCT,NO_BARS,,,
2026-08-16,DRMA,REJECTED,,FE-SCREEN-01/M3,
2026-08-16,DSY,WATCH,RETEST_PENDING,,FULL
2026-08-16,DTCX,WATCH,RETEST_PENDING,,FULL
2026-08-16,DUO,WATCH,RETEST_PENDING,,FULL
2026-08-16,DXST,WATCH,RETEST_PENDING,,FULL
2026-08-16,EDSA,WATCH,RETEST_PENDING,,FULL
2026-08-16,EHGO,WATCH,RETEST_PENDING,,FULL
2026-08-16,EHTH,REJECTED,,FE-SCREEN-01/M3,
2026-08-16,EJH,WATCH,RETEST_PENDING,,FULL
2026-08-16,ELAB,READY,RETEST_HELD,,FULL
2026-08-16,ELTX,WATCH,RETEST_PENDING,,FULL
2026-08-16,EMPD,READY,PRESS_RECLAIM,,FULL
2026-08-16,ENGN,WATCH,RETEST_PENDING,,FULL
2026-08-16,ENGS,WATCH,RETEST_PENDING,,FULL
2026-08-16,EOSE,WATCH,RETEST_PENDING,,FULL
2026-08-16,EPSM,WATCH,RETEST_PENDING,,FULL
2026-08-16,ERNA,WATCH,RETEST_PENDING,,FULL
2026-08-16,ESLA,READY,RETEST_HELD,,FULL
2026-08-16,EUDA,WATCH,RETEST_PENDING,,FULL
2026-08-16,EVAX,WATCH,RETEST_PENDING,,FULL
2026-08-16,FABC,WATCH,RETEST_PENDING,,FULL
2026-08-16,FBLG,WATCH,RETEST_PENDING,,FULL
2026-08-16,FEED,NO_BARS,,,
2026-08-16,FEMY,FOCUS,BROKEN_NEW_BASE,,FULL
2026-08-16,FGNX,WATCH,RETEST_PENDING,,FULL
2026-08-16,FLNA,READY,RETEST_HELD,,FULL
2026-08-16,FLUX,WATCH,RETEST_PENDING,,FULL
2026-08-16,FLZH,NO_BARS,,,
2026-08-16,FMST,READY,PRESS_RECLAIM,,FULL
2026-08-16,FNUC,WATCH,RETEST_PENDING,,FULL
2026-08-16,FOFO,WATCH,RETEST_PENDING,,FULL
2026-08-16,FRGT,FOCUS,BROKEN_NEW_BASE,,FULL
2026-08-16,FRMM,WATCH,RETEST_PENDING,,FULL
2026-08-16,FRSX,REJECTED,,FE-SCREEN-01/M3,
2026-08-16,FTCI,REJECTED,,FE-SCREEN-01/M3,
2026-08-16,FTFT,READY,BASE_HELD,,FULL
2026-08-16,FUFU,REJECTED,,FE-SCREEN-01/M3,
2026-08-16,FWDI,WATCH,RETEST_PENDING,,FULL
2026-08-16,FXHO,WATCH,RETEST_PENDING,,FULL
2026-08-16,GCL,WATCH,RETEST_PENDING,,FULL
2026-08-16,GDC,WATCH,RETEST_PENDING,,FULL
2026-08-16,GDHG,REJECTED,,FE-SCREEN-01/M5,
2026-08-16,GDTC,WATCH,RETEST_PENDING,,FULL
2026-08-16,GEOS,FOCUS,BROKEN_NEW_BASE,,FULL
2026-08-16,GIBO,WATCH,RETEST_PENDING,,FULL
2026-08-16,GITS,WATCH,RETEST_PENDING,,FULL
2026-08-16,GLXG,WATCH,RETEST_PENDING,,FULL
2026-08-16,GMM,WATCH,RETEST_PENDING,,FULL
2026-08-16,GNLN,WATCH,RETEST_PENDING,,FULL
2026-08-16,GNTA,READY,BASE_HELD,,FULL
2026-08-16,GOGO,FOCUS,BROKEN_NEW_BASE,,FULL
2026-08-16,GOVX,READY,RETEST_HELD,,FULL
2026-08-16,GPRO,WATCH,SWEEP_ACTIVE,,FULL
2026-08-16,GRI,REJECTED,,FE-SCREEN-01/M3,
2026-08-16,GUTS,READY,PRESS_RECLAIM,,FULL
2026-08-16,GWAV,WATCH,RETEST_PENDING,,FULL
2026-08-16,GXAI,WATCH,RETEST_IN_PROGRESS,,FULL
2026-08-16,HCAI,WATCH,RETEST_PENDING,,FULL
2026-08-16,HCWB,WATCH,RETEST_IN_PROGRESS,,FULL
2026-08-16,HERE,WATCH,RETEST_PENDING,,FULL
2026-08-16,HKPD,WATCH,RETEST_PENDING,,FULL
2026-08-16,HOLO,WATCH,RETEST_PENDING,,FULL
2026-08-16,HOWL,REJECTED,,FE-SCREEN-01/M3,
2026-08-16,HPAI,REJECTED,,FE-SCREEN-01/M3,
2026-08-16,HTZ,WATCH,RETEST_PENDING,,FULL
2026-08-16,HUMA,FOCUS,BROKEN_NEW_BASE,,FULL
2026-08-16,HWH,NO_BARS,,,
2026-08-16,HXHX,WATCH,RETEST_PENDING,,FULL
2026-08-16,HYPD,WATCH,RETEST_PENDING,,FULL
2026-08-16,IBG,WATCH,RETEST_PENDING,,FULL
2026-08-16,ICU,READY,RETEST_HELD,,FULL
2026-08-16,ILLR,NO_BARS,,,
2026-08-16,IMNN,READY,RETEST_HELD,,FULL
2026-08-16,IMSR,WATCH,RETEST_PENDING,,FULL
2026-08-16,INSG,FOCUS,BROKEN_NEW_BASE,,FULL
2026-08-16,INTJ,WATCH,RETEST_PENDING,,FULL
2026-08-16,INTS,WATCH,RETEST_IN_PROGRESS,,FULL
2026-08-16,IPST,WATCH,RETEST_PENDING,,FULL
2026-08-16,IQST,WATCH,RETEST_PENDING,,FULL
2026-08-16,IVF,READY,RETEST_HELD,,FULL
2026-08-16,IXHL,WATCH,RETEST_PENDING,,FULL
2026-08-16,JAGX,FOCUS,BROKEN_NEW_BASE,,FULL
2026-08-16,JBDI,WATCH,RETEST_PENDING,,FULL
2026-08-16,JEM,WATCH,RETEST_PENDING,,FULL
2026-08-16,JFB,NO_BARS,,,
2026-08-16,JFIN,READY,RETEST_HELD,,FULL
2026-08-16,JSPR,WATCH,RETEST_PENDING,,FULL
2026-08-16,JTAI,READY,RETEST_HELD,,FULL
2026-08-16,JYD,WATCH,RETEST_PENDING,,FULL
2026-08-16,JZ,FOCUS,BROKEN_NEW_BASE,,FULL
2026-08-16,JZXN,WATCH,RETEST_PENDING,,FULL
2026-08-16,KALA,WATCH,RETEST_PENDING,,FULL
2026-08-16,KG,WATCH,SWEEP_ACTIVE,,FULL
2026-08-16,KMRK,WATCH,RETEST_PENDING,,FULL
2026-08-16,KRRO,WATCH,RETEST_PENDING,,FULL
2026-08-16,KTTA,WATCH,RETEST_IN_PROGRESS,,FULL
2026-08-16,KUST,REJECTED,,FE-SCREEN-01/M3,
2026-08-16,KXIN,WATCH,RETEST_PENDING,,FULL
2026-08-16,LASE,WATCH,RETEST_PENDING,,FULL
2026-08-16,LFS,WATCH,RETEST_PENDING,,FULL
2026-08-16,LGCL,WATCH,RETEST_PENDING,,FULL
2026-08-16,LICN,WATCH,RETEST_PENDING,,FULL
2026-08-16,LITS,WATCH,RETEST_PENDING,,FULL
2026-08-16,LNAI,WATCH,RETEST_PENDING,,FULL
2026-08-16,LNZA,WATCH,RETEST_PENDING,,FULL
2026-08-16,LRHC,FOCUS,BROKEN_NEW_BASE,,FULL
2026-08-16,LSTA,WATCH,RETEST_IN_PROGRESS,,FULL
2026-08-16,LTBR,WATCH,RETEST_PENDING,,FULL
2026-08-16,LX,REJECTED,,FE-SCREEN-01/M3,
2026-08-16,LXEH,WATCH,RETEST_PENDING,,FULL
2026-08-16,MASK,READY,RETEST_HELD,,FULL
2026-08-16,MATH,WATCH,SWEEP_ACTIVE,,FULL
2026-08-16,MCRB,READY,PRESS_RECLAIM,,FULL
2026-08-16,METC,WATCH,RETEST_PENDING,,FULL
2026-08-16,MKZR,WATCH,RETEST_PENDING,,FULL
2026-08-16,MNDR,WATCH,RETEST_PENDING,,FULL
2026-08-16,MNTS,WATCH,RETEST_PENDING,,FULL
2026-08-16,MOBX,FOCUS,BROKEN_NEW_BASE,,FULL
2026-08-16,MRM,WATCH,RETEST_PENDING,,FULL
2026-08-16,MSAI,WATCH,RETEST_PENDING,,FULL
2026-08-16,MVST,WATCH,RETEST_PENDING,,FULL
2026-08-16,NAKA,WATCH,RETEST_PENDING,,FULL
2026-08-16,NAMM,READY,RETEST_HELD,,FULL
2026-08-16,NAUT,READY,RETEST_HELD,,FULL
2026-08-16,NCI,WATCH,RETEST_PENDING,,FULL
2026-08-16,NCT,WATCH,RETEST_PENDING,,FULL
2026-08-16,NEON,WATCH,RETEST_PENDING,,FULL
2026-08-16,NIKI,WATCH,RETEST_PENDING,,FULL
2026-08-16,NKLR,WATCH,RETEST_PENDING,,FULL
2026-08-16,NMTC,REJECTED,,FE-SCREEN-01/M3,
2026-08-16,NPT,WATCH,RETEST_PENDING,,FULL
2026-08-16,NRSN,WATCH,RETEST_PENDING,,FULL
2026-08-16,NTCL,WATCH,RETEST_IN_PROGRESS,,FULL
2026-08-16,NVNI,NO_BARS,,,
2026-08-16,NVX,WATCH,RETEST_PENDING,,FULL
2026-08-16,NXTS,WATCH,RETEST_PENDING,,FULL
2026-08-16,ODD,WATCH,RETEST_PENDING,,FULL
2026-08-16,OIO,WATCH,RETEST_PENDING,,FULL
2026-08-16,OLOX,FOCUS,BROKEN_NEW_BASE,,FULL
2026-08-16,OM,READY,RETEST_HELD,,FULL
2026-08-16,OMEX,WATCH,RETEST_PENDING,,FULL
2026-08-16,ONCO,REJECTED,,FE-SCREEN-01/M3,
2026-08-16,ORGO,WATCH,RETEST_PENDING,,FULL
2026-08-16,OTLK,FOCUS,BROKEN_NEW_BASE,,FULL
2026-08-16,PARA,READY,PRESS_RECLAIM,,FULL
2026-08-16,PBK,READY,RETEST_HELD,,FULL
2026-08-16,PBM,WATCH,RETEST_PENDING,,FULL
2026-08-16,PCSA,WATCH,RETEST_PENDING,,FULL
2026-08-16,PHIO,WATCH,RETEST_PENDING,,FULL
2026-08-16,PHOE,WATCH,RETEST_PENDING,,FULL
2026-08-16,PLCE,READY,RETEST_HELD,,FULL
2026-08-16,PLYX,WATCH,RETEST_PENDING,,FULL
2026-08-16,PMAX,WATCH,RETEST_IN_PROGRESS,,FULL
2026-08-16,PPBT,WATCH,RETEST_PENDING,,FULL
2026-08-16,PRFX,READY,BASE_HELD,,FULL
2026-08-16,PTLE,WATCH,RETEST_PENDING,,FULL
2026-08-16,PULM,REJECTED,,FE-SCREEN-01/M3,
2026-08-16,PWCM,FOCUS,BROKEN_NEW_BASE,,FULL
2026-08-16,QCLS,WATCH,RETEST_IN_PROGRESS,,FULL
2026-08-16,QNRX,WATCH,RETEST_PENDING,,FULL
2026-08-16,QSI,WATCH,RETEST_IN_PROGRESS,,FULL
2026-08-16,QTEX,WATCH,RETEST_PENDING,,FULL
2026-08-16,RADX,WATCH,SWEEP_ACTIVE,,FULL
2026-08-16,RAIN,FOCUS,BROKEN_NEW_BASE,,FULL
2026-08-16,RANI,WATCH,RETEST_PENDING,,FULL
2026-08-16,RAY,WATCH,RETEST_PENDING,,FULL
2026-08-16,RAYA,WATCH,RETEST_PENDING,,FULL
2026-08-16,RBNE,WATCH,RETEST_PENDING,,FULL
2026-08-16,RDAC,WATCH,RETEST_PENDING,,FULL
2026-08-16,RECT,WATCH,RETEST_PENDING,,FULL
2026-08-16,REKR,WATCH,RETEST_PENDING,,FULL
2026-08-16,RENX,WATCH,RETEST_PENDING,,FULL
2026-08-16,REVB,REJECTED,,FE-SCREEN-01/M3,
2026-08-16,RGC,WATCH,RETEST_PENDING,,FULL
2026-08-16,RKDA,REJECTED,,FE-SCREEN-01/M3,
2026-08-16,RNAZ,FOCUS,BASE_FORMING,,FULL
2026-08-16,RR,WATCH,RETEST_PENDING,,FULL
2026-08-16,RVSN,WATCH,RETEST_PENDING,,FULL
2026-08-16,SAGT,FOCUS,BROKEN_NEW_BASE,,FULL
2026-08-16,SBET,WATCH,RETEST_PENDING,,FULL
2026-08-16,SBFM,READY,RETEST_HELD,,FULL
2026-08-16,SCNX,WATCH,RETEST_PENDING,,FULL
2026-08-16,SCWO,WATCH,RETEST_PENDING,,FULL
2026-08-16,SDOT,FOCUS,BROKEN_NEW_BASE,,FULL
2026-08-16,SERV,WATCH,RETEST_PENDING,,FULL
2026-08-16,SHPH,WATCH,RETEST_PENDING,,FULL
2026-08-16,SILO,FOCUS,BROKEN_NEW_BASE,,FULL
2026-08-16,SINT,WATCH,RETEST_PENDING,,FULL
2026-08-16,SKK,WATCH,RETEST_PENDING,,FULL
2026-08-16,SKYA,WATCH,RETEST_IN_PROGRESS,,FULL
2026-08-16,SKYQ,WATCH,RETEST_PENDING,,FULL
2026-08-16,SLBT,READY,RETEST_HELD,,FULL
2026-08-16,SLDP,WATCH,RETEST_PENDING,,FULL
2026-08-16,SLE,FOCUS,BROKEN_NEW_BASE,,FULL
2026-08-16,SLNH,WATCH,RETEST_PENDING,,FULL
2026-08-16,SLSN,WATCH,RETEST_PENDING,,FULL
2026-08-16,SMX,REJECTED,,FE-SCREEN-01/M2_CEIL,
2026-08-16,SNES,READY,BASE_HELD,,FULL
2026-08-16,SNOA,WATCH,RETEST_PENDING,,FULL
2026-08-16,SNTG,WATCH,RETEST_PENDING,,FULL
2026-08-16,SNTI,REJECTED,,FE-SCREEN-01/M3,
2026-08-16,SOBR,NO_BARS,,,
2026-08-16,SONM,WATCH,RETEST_PENDING,,FULL
2026-08-16,SOWG,WATCH,RETEST_PENDING,,FULL
2026-08-16,SPRB,WATCH,RETEST_PENDING,,FULL
2026-08-16,SSM,REJECTED,,FE-SCREEN-01/M3,
2026-08-16,STEX,WATCH,RETEST_PENDING,,FULL
2026-08-16,STKE,READY,RETEST_HELD,,FULL
2026-08-16,SUNE,WATCH,RETEST_PENDING,,FULL
2026-08-16,SUPX,WATCH,RETEST_PENDING,,FULL
2026-08-16,SVRE,WATCH,RETEST_PENDING,,FULL
2026-08-16,SVRN,WATCH,RETEST_PENDING,,FULL
2026-08-16,SXTP,READY,RETEST_HELD,,FULL
2026-08-16,TAOP,WATCH,RETEST_PENDING,,FULL
2026-08-16,TC,WATCH,RETEST_PENDING,,FULL
2026-08-16,TDIC,WATCH,RETEST_PENDING,,FULL
2026-08-16,TDTH,WATCH,RETEST_PENDING,,FULL
2026-08-16,TGL,WATCH,RETEST_PENDING,,FULL
2026-08-16,TLRY,WATCH,RETEST_PENDING,,FULL
2026-08-16,TNXP,WATCH,RETEST_PENDING,,FULL
2026-08-16,TONX,WATCH,RETEST_IN_PROGRESS,,FULL
2026-08-16,TRAW,WATCH,RETEST_PENDING,,FULL
2026-08-16,TRNR,WATCH,RETEST_PENDING,,FULL
2026-08-16,TRUG,REJECTED,,FE-SCREEN-01/M3,
2026-08-16,TURB,WATCH,RETEST_PENDING,,FULL
2026-08-16,TVGN,WATCH,RETEST_PENDING,,FULL
2026-08-16,TVRD,FOCUS,BASE_FORMING,,FULL
2026-08-16,UCAR,WATCH,RETEST_PENDING,,FULL
2026-08-16,UFG,WATCH,RETEST_PENDING,,FULL
2026-08-16,UONE,READY,RETEST_HELD,,FULL
2026-08-16,UPXI,READY,PRESS_RECLAIM,,FULL
2026-08-16,UXIN,REJECTED,,FE-SCREEN-01/M3,
2026-08-16,VIOT,WATCH,SWEEP_ACTIVE,,FULL
2026-08-16,VRAX,READY,RETEST_HELD,,FULL
2026-08-16,WBUY,WATCH,RETEST_PENDING,,FULL
2026-08-16,WIMI,REJECTED,,FE-SCREEN-01/M3,
2026-08-16,WKSP,WATCH,RETEST_PENDING,,FULL
2026-08-16,WNW,WATCH,RETEST_IN_PROGRESS,,FULL
2026-08-16,WSHP,WATCH,RETEST_IN_PROGRESS,,FULL
2026-08-16,WVE,FOCUS,BASE_FORMING,,FULL
2026-08-16,XAIR,WATCH,RETEST_PENDING,,FULL
2026-08-16,XBIO,WATCH,RETEST_PENDING,,FULL
2026-08-16,XBP,WATCH,RETEST_PENDING,,FULL
2026-08-16,XCUR,FOCUS,BROKEN_NEW_BASE,,FULL
2026-08-16,XOS,READY,PRESS_RECLAIM,,FULL
2026-08-16,XPON,WATCH,RETEST_PENDING,,FULL
2026-08-16,XXII,WATCH,RETEST_PENDING,,FULL
2026-08-16,YDES,WATCH,RETEST_PENDING,,FULL
2026-08-16,YDKG,FOCUS,BASE_FORMING,,FULL
2026-08-16,YHC,WATCH,RETEST_PENDING,,FULL
2026-08-16,YMAT,WATCH,RETEST_PENDING,,FULL
2026-08-16,YSXT,WATCH,RETEST_PENDING,,FULL
2026-08-16,YYAI,REJECTED,,FE-SCREEN-01/M2_CEIL,
2026-08-16,ZOOZ,WATCH,RETEST_PENDING,,FULL
2026-08-16,ZSQR,WATCH,SWEEP_ACTIVE,,FULL
2026-08-16,ZSTK,WATCH,RETEST_PENDING,,FULL
2026-08-17,ABAT,WATCH,RETEST_PENDING,,FULL
2026-08-17,ABTC,WATCH,RETEST_PENDING,,FULL
2026-08-17,ABVC,WATCH,SWEEP_ACTIVE,,FULL
2026-08-17,ACON,WATCH,RETEST_PENDING,,FULL
2026-08-17,ACTU,READY,PRESS_RECLAIM,,FULL
2026-08-17,ACXP,READY,PRESS_RECLAIM,,FULL
2026-08-17,AHMA,WATCH,RETEST_PENDING,,FULL
2026-08-17,AIFC,WATCH,RETEST_IN_PROGRESS,,FULL
2026-08-17,AIFU,WATCH,RETEST_PENDING,,FULL
2026-08-17,AIHS,WATCH,RETEST_PENDING,,FULL
2026-08-17,AIIO,WATCH,RETEST_PENDING,,FULL
2026-08-17,AIOS,WATCH,RETEST_PENDING,,FULL
2026-08-17,AIRE,WATCH,RETEST_PENDING,,FULL
2026-08-17,AIXC,READY,PRESS_RECLAIM,,FULL
2026-08-17,AKTX,FOCUS,BROKEN_NEW_BASE,,FULL
2026-08-17,ALAR,READY,RETEST_HELD,,FULL
2026-08-17,ALDX,WATCH,RETEST_PENDING,,FULL
2026-08-17,AMCI,WATCH,RETEST_PENDING,,FULL
2026-08-17,AMOD,WATCH,RETEST_PENDING,,FULL
2026-08-17,ANPA,WATCH,RETEST_PENDING,,FULL
2026-08-17,ANY,WATCH,RETEST_PENDING,,FULL
2026-08-17,APVO,FOCUS,BROKEN_NEW_BASE,,FULL
2026-08-17,AQMS,WATCH,RETEST_IN_PROGRESS,,FULL
2026-08-17,ARBE,WATCH,RETEST_PENDING,,FULL
2026-08-17,ASBP,WATCH,RETEST_PENDING,,FULL
2026-08-17,ASTC,WATCH,RETEST_PENDING,,FULL
2026-08-17,ATER,WATCH,RETEST_PENDING,,FULL
2026-08-17,ATPC,WATCH,RETEST_IN_PROGRESS,,FULL
2026-08-17,ATXG,WATCH,RETEST_PENDING,,FULL
2026-08-17,ATYR,WATCH,RETEST_PENDING,,FULL
2026-08-17,AUID,FOCUS,BROKEN_NEW_BASE,,FULL
2026-08-17,AURE,WATCH,RETEST_PENDING,,FULL
2026-08-17,AUUD,WATCH,RETEST_PENDING,,FULL
2026-08-17,AVX,READY,RETEST_HELD,,FULL
2026-08-17,BBLG,REJECTED,,FE-SCREEN-01/M3,
2026-08-17,BCAB,NO_BARS,,,
2026-08-17,BCTX,WATCH,RETEST_PENDING,,FULL
2026-08-17,BDRX,WATCH,RETEST_PENDING,,FULL
2026-08-17,BEAT,WATCH,RETEST_IN_PROGRESS,,FULL
2026-08-17,BEEM,WATCH,RETEST_PENDING,,FULL
2026-08-17,BENF,FOCUS,BROKEN_NEW_BASE,,FULL
2026-08-17,BETR,FOCUS,BROKEN_NEW_BASE,,FULL
2026-08-17,BFRG,WATCH,RETEST_IN_PROGRESS,,FULL
2026-08-17,BGDE,WATCH,RETEST_PENDING,,FULL
2026-08-17,BGLC,WATCH,RETEST_PENDING,,FULL
2026-08-17,BIAF,FOCUS,BROKEN_NEW_BASE,,FULL
2026-08-17,BJDX,WATCH,RETEST_PENDING,,FULL
2026-08-17,BKYI,REJECTED,,FE-SCREEN-01/M3,
2026-08-17,BLNE,WATCH,RETEST_PENDING,,FULL
2026-08-17,BLNK,WATCH,RETEST_PENDING,,FULL
2026-08-17,BMGL,FOCUS,BROKEN_NEW_BASE,,FULL
2026-08-17,BNAI,WATCH,RETEST_PENDING,,FULL
2026-08-17,BNC,WATCH,RETEST_PENDING,,FULL
2026-08-17,BNKK,WATCH,RETEST_PENDING,,FULL
2026-08-17,BRLS,WATCH,RETEST_PENDING,,FULL
2026-08-17,BTCT,WATCH,SWEEP_ACTIVE,,FULL
2026-08-17,BTOG,WATCH,RETEST_PENDING,,FULL
2026-08-17,BYND,FOCUS,BROKEN_NEW_BASE,,FULL
2026-08-17,BYRN,REJECTED,,FE-SCREEN-01/M3,
2026-08-17,BZAI,FOCUS,BROKEN_NEW_BASE,,FULL
2026-08-17,CALC,READY,PRESS_RECLAIM,,FULL
2026-08-17,CCHH,WATCH,RETEST_PENDING,,FULL
2026-08-17,CCTG,WATCH,RETEST_PENDING,,FULL
2026-08-17,CD,FOCUS,BROKEN_NEW_BASE,,FULL
2026-08-17,CDIO,WATCH,RETEST_PENDING,,FULL
2026-08-17,CDT,WATCH,RETEST_PENDING,,FULL
2026-08-17,CETX,WATCH,RETEST_PENDING,,FULL
2026-08-17,CGTL,WATCH,RETEST_PENDING,,FULL
2026-08-17,CGTX,WATCH,RETEST_IN_PROGRESS,,FULL
2026-08-17,CHR,WATCH,RETEST_PENDING,,FULL
2026-08-17,CHSN,FOCUS,BASE_FORMING,,FULL
2026-08-17,CIRC,WATCH,RETEST_PENDING,,FULL
2026-08-17,CLIK,READY,RETEST_HELD,,FULL
2026-08-17,CMND,WATCH,RETEST_PENDING,,FULL
2026-08-17,CNCK,WATCH,RETEST_PENDING,,FULL
2026-08-17,CNEY,WATCH,RETEST_PENDING,,FULL
2026-08-17,CNSY,WATCH,RETEST_PENDING,,FULL
2026-08-17,CNTN,WATCH,RETEST_PENDING,,FULL
2026-08-17,CNTX,FOCUS,BROKEN_NEW_BASE,,FULL
2026-08-17,COOT,WATCH,RETEST_PENDING,,FULL
2026-08-17,CPOP,WATCH,RETEST_PENDING,,FULL
2026-08-17,CRE,WATCH,RETEST_PENDING,,FULL
2026-08-17,CRML,WATCH,RETEST_PENDING,,FULL
2026-08-17,CRMT,WATCH,RETEST_PENDING,,FULL
2026-08-17,CRVO,WATCH,RETEST_IN_PROGRESS,,FULL
2026-08-17,CVKD,REJECTED,,FE-SCREEN-01/M3,
2026-08-17,CWD,WATCH,RETEST_PENDING,,FULL
2026-08-17,DARE,FOCUS,BROKEN_NEW_BASE,,FULL
2026-08-17,DFDV,WATCH,RETEST_PENDING,,FULL
2026-08-17,DFLI,WATCH,RETEST_PENDING,,FULL
2026-08-17,DGNX,WATCH,RETEST_PENDING,,FULL
2026-08-17,DLXY,WATCH,RETEST_PENDING,,FULL
2026-08-17,DOGZ,WATCH,RETEST_PENDING,,FULL
2026-08-17,DOMO,WATCH,RETEST_PENDING,,FULL
2026-08-17,DPU,WATCH,RETEST_PENDING,,FULL
2026-08-17,DRCT,NO_BARS,,,
2026-08-17,DRMA,REJECTED,,FE-SCREEN-01/M3,
2026-08-17,DSY,WATCH,RETEST_PENDING,,FULL
2026-08-17,DTCX,WATCH,RETEST_PENDING,,FULL
2026-08-17,DUO,WATCH,RETEST_PENDING,,FULL
2026-08-17,DXST,WATCH,RETEST_PENDING,,FULL
2026-08-17,EDSA,WATCH,RETEST_PENDING,,FULL
2026-08-17,EHGO,WATCH,RETEST_PENDING,,FULL
2026-08-17,EHTH,REJECTED,,FE-SCREEN-01/M3,
2026-08-17,EJH,WATCH,RETEST_PENDING,,FULL
2026-08-17,ELAB,READY,RETEST_HELD,,FULL
2026-08-17,ELTX,WATCH,RETEST_PENDING,,FULL
2026-08-17,EMPD,READY,PRESS_RECLAIM,,FULL
2026-08-17,ENGN,WATCH,RETEST_PENDING,,FULL
2026-08-17,ENGS,WATCH,RETEST_PENDING,,FULL
2026-08-17,EOSE,WATCH,RETEST_PENDING,,FULL
2026-08-17,EPSM,WATCH,RETEST_PENDING,,FULL
2026-08-17,ERNA,WATCH,RETEST_PENDING,,FULL
2026-08-17,ESLA,READY,RETEST_HELD,,FULL
2026-08-17,EUDA,WATCH,RETEST_PENDING,,FULL
2026-08-17,EVAX,WATCH,RETEST_PENDING,,FULL
2026-08-17,FABC,WATCH,RETEST_PENDING,,FULL
2026-08-17,FBLG,WATCH,RETEST_PENDING,,FULL
2026-08-17,FEED,NO_BARS,,,
2026-08-17,FEMY,FOCUS,BROKEN_NEW_BASE,,FULL
2026-08-17,FGNX,WATCH,RETEST_PENDING,,FULL
2026-08-17,FLNA,READY,RETEST_HELD,,FULL
2026-08-17,FLUX,WATCH,RETEST_PENDING,,FULL
2026-08-17,FLZH,NO_BARS,,,
2026-08-17,FMST,READY,PRESS_RECLAIM,,FULL
2026-08-17,FNUC,WATCH,RETEST_PENDING,,FULL
2026-08-17,FOFO,WATCH,RETEST_PENDING,,FULL
2026-08-17,FRGT,FOCUS,BROKEN_NEW_BASE,,FULL
2026-08-17,FRMM,WATCH,RETEST_PENDING,,FULL
2026-08-17,FRSX,REJECTED,,FE-SCREEN-01/M3,
2026-08-17,FTCI,REJECTED,,FE-SCREEN-01/M3,
2026-08-17,FTFT,READY,BASE_HELD,,FULL
2026-08-17,FUFU,REJECTED,,FE-SCREEN-01/M3,
2026-08-17,FWDI,WATCH,RETEST_PENDING,,FULL
2026-08-17,FXHO,WATCH,RETEST_PENDING,,FULL
2026-08-17,GCL,WATCH,RETEST_PENDING,,FULL
2026-08-17,GDC,WATCH,RETEST_PENDING,,FULL
2026-08-17,GDTC,WATCH,RETEST_PENDING,,FULL
2026-08-17,GEOS,FOCUS,BROKEN_NEW_BASE,,FULL
2026-08-17,GIBO,WATCH,RETEST_PENDING,,FULL
2026-08-17,GITS,WATCH,RETEST_PENDING,,FULL
2026-08-17,GLXG,WATCH,RETEST_PENDING,,FULL
2026-08-17,GMM,WATCH,RETEST_PENDING,,FULL
2026-08-17,GNLN,WATCH,RETEST_PENDING,,FULL
2026-08-17,GNTA,READY,BASE_HELD,,FULL
2026-08-17,GOGO,FOCUS,BROKEN_NEW_BASE,,FULL
2026-08-17,GOVX,READY,RETEST_HELD,,FULL
2026-08-17,GPRO,WATCH,SWEEP_ACTIVE,,FULL
2026-08-17,GRI,REJECTED,,FE-SCREEN-01/M3,
2026-08-17,GRNQ,FOCUS,BROKEN_NEW_BASE,,FULL
2026-08-17,GUTS,READY,PRESS_RECLAIM,,FULL
2026-08-17,GWAV,WATCH,RETEST_PENDING,,FULL
2026-08-17,GXAI,WATCH,RETEST_IN_PROGRESS,,FULL
2026-08-17,HCAI,WATCH,RETEST_PENDING,,FULL
2026-08-17,HCWB,WATCH,RETEST_IN_PROGRESS,,FULL
2026-08-17,HERE,WATCH,RETEST_PENDING,,FULL
2026-08-17,HKPD,WATCH,RETEST_PENDING,,FULL
2026-08-17,HODO,READY,PRESS_RECLAIM,,FULL
2026-08-17,HOLO,WATCH,RETEST_PENDING,,FULL
2026-08-17,HOWL,REJECTED,,FE-SCREEN-01/M3,
2026-08-17,HPAI,REJECTED,,FE-SCREEN-01/M3,
2026-08-17,HTZ,WATCH,RETEST_PENDING,,FULL
2026-08-17,HUMA,FOCUS,BROKEN_NEW_BASE,,FULL
2026-08-17,HWH,NO_BARS,,,
2026-08-17,HXHX,WATCH,RETEST_PENDING,,FULL
2026-08-17,HYPD,WATCH,RETEST_PENDING,,FULL
2026-08-17,IBG,WATCH,RETEST_PENDING,,FULL
2026-08-17,ICU,READY,RETEST_HELD,,FULL
2026-08-17,ILLR,NO_BARS,,,
2026-08-17,IMNN,READY,RETEST_HELD,,FULL
2026-08-17,IMSR,WATCH,RETEST_PENDING,,FULL
2026-08-17,INSG,FOCUS,BROKEN_NEW_BASE,,FULL
2026-08-17,INTJ,WATCH,RETEST_PENDING,,FULL
2026-08-17,INTS,WATCH,RETEST_IN_PROGRESS,,FULL
2026-08-17,IPST,WATCH,RETEST_PENDING,,FULL
2026-08-17,IQST,WATCH,RETEST_PENDING,,FULL
2026-08-17,IVF,READY,RETEST_HELD,,FULL
2026-08-17,IXHL,WATCH,RETEST_PENDING,,FULL
2026-08-17,JAGX,FOCUS,BROKEN_NEW_BASE,,FULL
2026-08-17,JBDI,WATCH,RETEST_PENDING,,FULL
2026-08-17,JEM,WATCH,RETEST_PENDING,,FULL
2026-08-17,JFB,NO_BARS,,,
2026-08-17,JFIN,READY,RETEST_HELD,,FULL
2026-08-17,JSPR,WATCH,RETEST_PENDING,,FULL
2026-08-17,JTAI,READY,RETEST_HELD,,FULL
2026-08-17,JYD,WATCH,RETEST_PENDING,,FULL
2026-08-17,JZ,FOCUS,BROKEN_NEW_BASE,,FULL
2026-08-17,JZXN,WATCH,RETEST_PENDING,,FULL
2026-08-17,KALA,WATCH,RETEST_PENDING,,FULL
2026-08-17,KG,WATCH,SWEEP_ACTIVE,,FULL
2026-08-17,KRRO,WATCH,RETEST_PENDING,,FULL
2026-08-17,KTTA,WATCH,RETEST_IN_PROGRESS,,FULL
2026-08-17,KUST,REJECTED,,FE-SCREEN-01/M3,
2026-08-17,KWM,WATCH,RETEST_PENDING,,FULL
2026-08-17,KXIN,WATCH,RETEST_PENDING,,FULL
2026-08-17,LASE,WATCH,RETEST_PENDING,,FULL
2026-08-17,LFS,WATCH,RETEST_PENDING,,FULL
2026-08-17,LGCL,WATCH,RETEST_PENDING,,FULL
2026-08-17,LICN,WATCH,RETEST_PENDING,,FULL
2026-08-17,LITS,WATCH,RETEST_PENDING,,FULL
2026-08-17,LNAI,WATCH,RETEST_PENDING,,FULL
2026-08-17,LNZA,WATCH,RETEST_PENDING,,FULL
2026-08-17,LRHC,FOCUS,BROKEN_NEW_BASE,,FULL
2026-08-17,LSTA,WATCH,RETEST_IN_PROGRESS,,FULL
2026-08-17,LTBR,WATCH,RETEST_PENDING,,FULL
2026-08-17,LX,REJECTED,,FE-SCREEN-01/M3,
2026-08-17,LXEH,WATCH,RETEST_PENDING,,FULL
2026-08-17,MASK,READY,RETEST_HELD,,FULL
2026-08-17,MATH,WATCH,SWEEP_ACTIVE,,FULL
2026-08-17,MCRB,READY,PRESS_RECLAIM,,FULL
2026-08-17,METC,WATCH,RETEST_PENDING,,FULL
2026-08-17,MKZR,WATCH,RETEST_PENDING,,FULL
2026-08-17,MNDR,WATCH,RETEST_PENDING,,FULL
2026-08-17,MNTS,WATCH,RETEST_PENDING,,FULL
2026-08-17,MOBX,FOCUS,BROKEN_NEW_BASE,,FULL
2026-08-17,MRM,WATCH,RETEST_PENDING,,FULL
2026-08-17,MSAI,WATCH,RETEST_PENDING,,FULL
2026-08-17,MVST,WATCH,RETEST_PENDING,,FULL
2026-08-17,NAKA,WATCH,RETEST_PENDING,,FULL
2026-08-17,NAMM,READY,RETEST_HELD,,FULL
2026-08-17,NAUT,READY,RETEST_HELD,,FULL
2026-08-17,NCI,WATCH,RETEST_PENDING,,FULL
2026-08-17,NCT,WATCH,RETEST_PENDING,,FULL
2026-08-17,NEON,WATCH,RETEST_PENDING,,FULL
2026-08-17,NIKI,WATCH,RETEST_PENDING,,FULL
2026-08-17,NKLR,WATCH,RETEST_PENDING,,FULL
2026-08-17,NMTC,REJECTED,,FE-SCREEN-01/M3,
2026-08-17,NPT,WATCH,RETEST_PENDING,,FULL
2026-08-17,NRSN,WATCH,RETEST_PENDING,,FULL
2026-08-17,NTCL,WATCH,RETEST_IN_PROGRESS,,FULL
2026-08-17,NVNI,NO_BARS,,,
2026-08-17,NVX,WATCH,RETEST_PENDING,,FULL
2026-08-17,NXTS,WATCH,RETEST_PENDING,,FULL
2026-08-17,ODD,WATCH,RETEST_PENDING,,FULL
2026-08-17,OIO,WATCH,RETEST_PENDING,,FULL
2026-08-17,OLOX,FOCUS,BROKEN_NEW_BASE,,FULL
2026-08-17,OM,READY,RETEST_HELD,,FULL
2026-08-17,OMEX,WATCH,RETEST_PENDING,,FULL
2026-08-17,ONCO,REJECTED,,FE-SCREEN-01/M3,
2026-08-17,ORGO,WATCH,RETEST_PENDING,,FULL
2026-08-17,OTLK,FOCUS,BROKEN_NEW_BASE,,FULL
2026-08-17,PARA,READY,PRESS_RECLAIM,,FULL
2026-08-17,PBK,READY,RETEST_HELD,,FULL
2026-08-17,PBM,WATCH,RETEST_PENDING,,FULL
2026-08-17,PCSA,WATCH,RETEST_PENDING,,FULL
2026-08-17,PHIO,WATCH,RETEST_PENDING,,FULL
2026-08-17,PHOE,WATCH,RETEST_PENDING,,FULL
2026-08-17,PLCE,READY,RETEST_HELD,,FULL
2026-08-17,PLUR,READY,RETEST_HELD,,FULL
2026-08-17,PLYX,WATCH,RETEST_PENDING,,FULL
2026-08-17,PMAX,WATCH,RETEST_IN_PROGRESS,,FULL
2026-08-17,PPBT,WATCH,RETEST_PENDING,,FULL
2026-08-17,PRFX,READY,BASE_HELD,,FULL
2026-08-17,PTLE,WATCH,RETEST_PENDING,,FULL
2026-08-17,PULM,REJECTED,,FE-SCREEN-01/M3,
2026-08-17,PWCM,FOCUS,BROKEN_NEW_BASE,,FULL
2026-08-17,QCLS,WATCH,RETEST_IN_PROGRESS,,FULL
2026-08-17,QNRX,WATCH,RETEST_PENDING,,FULL
2026-08-17,QSI,WATCH,RETEST_IN_PROGRESS,,FULL
2026-08-17,QTEX,WATCH,RETEST_PENDING,,FULL
2026-08-17,RADX,WATCH,SWEEP_ACTIVE,,FULL
2026-08-17,RAIN,FOCUS,BROKEN_NEW_BASE,,FULL
2026-08-17,RANI,WATCH,RETEST_PENDING,,FULL
2026-08-17,RAY,WATCH,RETEST_PENDING,,FULL
2026-08-17,RAYA,WATCH,RETEST_PENDING,,FULL
2026-08-17,RBNE,WATCH,RETEST_PENDING,,FULL
2026-08-17,RDHL,READY,BASE_HELD,,FULL
2026-08-17,RECT,WATCH,RETEST_PENDING,,FULL
2026-08-17,REKR,WATCH,RETEST_PENDING,,FULL
2026-08-17,RENX,WATCH,RETEST_PENDING,,FULL
2026-08-17,REVB,REJECTED,,FE-SCREEN-01/M3,
2026-08-17,RGC,WATCH,RETEST_PENDING,,FULL
2026-08-17,RKDA,REJECTED,,FE-SCREEN-01/M3,
2026-08-17,RNAZ,FOCUS,BASE_FORMING,,FULL
2026-08-17,RR,WATCH,RETEST_PENDING,,FULL
2026-08-17,RVSN,WATCH,RETEST_PENDING,,FULL
2026-08-17,SAGT,FOCUS,BROKEN_NEW_BASE,,FULL
2026-08-17,SBET,WATCH,RETEST_PENDING,,FULL
2026-08-17,SBFM,READY,RETEST_HELD,,FULL
2026-08-17,SCNX,WATCH,RETEST_PENDING,,FULL
2026-08-17,SCWO,WATCH,RETEST_PENDING,,FULL
2026-08-17,SDOT,FOCUS,BROKEN_NEW_BASE,,FULL
2026-08-17,SERV,WATCH,RETEST_PENDING,,FULL
2026-08-17,SHPH,WATCH,RETEST_PENDING,,FULL
2026-08-17,SILO,FOCUS,BROKEN_NEW_BASE,,FULL
2026-08-17,SINT,WATCH,RETEST_PENDING,,FULL
2026-08-17,SKK,WATCH,RETEST_PENDING,,FULL
2026-08-17,SKYA,WATCH,RETEST_IN_PROGRESS,,FULL
2026-08-17,SKYQ,WATCH,RETEST_PENDING,,FULL
2026-08-17,SLBT,READY,RETEST_HELD,,FULL
2026-08-17,SLDP,WATCH,RETEST_PENDING,,FULL
2026-08-17,SLE,FOCUS,BROKEN_NEW_BASE,,FULL
2026-08-17,SLNH,WATCH,RETEST_PENDING,,FULL
2026-08-17,SLSN,WATCH,RETEST_PENDING,,FULL
2026-08-17,SNES,READY,BASE_HELD,,FULL
2026-08-17,SNOA,WATCH,RETEST_PENDING,,FULL
2026-08-17,SNTG,WATCH,RETEST_PENDING,,FULL
2026-08-17,SNTI,REJECTED,,FE-SCREEN-01/M3,
2026-08-17,SOBR,NO_BARS,,,
2026-08-17,SONM,WATCH,RETEST_PENDING,,FULL
2026-08-17,SOWG,WATCH,RETEST_PENDING,,FULL
2026-08-17,SPRB,WATCH,RETEST_PENDING,,FULL
2026-08-17,SSM,REJECTED,,FE-SCREEN-01/M3,
2026-08-17,STEX,WATCH,RETEST_PENDING,,FULL
2026-08-17,STKE,READY,RETEST_HELD,,FULL
2026-08-17,SUNE,WATCH,RETEST_PENDING,,FULL
2026-08-17,SUPX,WATCH,RETEST_PENDING,,FULL
2026-08-17,SVRE,WATCH,RETEST_PENDING,,FULL
2026-08-17,SVRN,WATCH,RETEST_PENDING,,FULL
2026-08-17,SXTP,READY,RETEST_HELD,,FULL
2026-08-17,TAOP,WATCH,RETEST_PENDING,,FULL
2026-08-17,TC,WATCH,RETEST_PENDING,,FULL
2026-08-17,TDIC,WATCH,RETEST_PENDING,,FULL
2026-08-17,TDTH,WATCH,RETEST_PENDING,,FULL
2026-08-17,TGL,WATCH,RETEST_PENDING,,FULL
2026-08-17,TLRY,WATCH,RETEST_PENDING,,FULL
2026-08-17,TNXP,WATCH,RETEST_PENDING,,FULL
2026-08-17,TONX,WATCH,RETEST_IN_PROGRESS,,FULL
2026-08-17,TRAW,WATCH,RETEST_PENDING,,FULL
2026-08-17,TRNR,WATCH,RETEST_PENDING,,FULL
2026-08-17,TRUG,REJECTED,,FE-SCREEN-01/M3,
2026-08-17,TURB,WATCH,RETEST_PENDING,,FULL
2026-08-17,TVGN,WATCH,RETEST_PENDING,,FULL
2026-08-17,TVRD,FOCUS,BASE_FORMING,,FULL
2026-08-17,UCAR,WATCH,RETEST_PENDING,,FULL
2026-08-17,UFG,WATCH,RETEST_PENDING,,FULL
2026-08-17,UONE,READY,RETEST_HELD,,FULL
2026-08-17,UPXI,READY,PRESS_RECLAIM,,FULL
2026-08-17,UXIN,REJECTED,,FE-SCREEN-01/M3,
2026-08-17,VHUB,WATCH,RETEST_PENDING,,FULL
2026-08-17,VIOT,WATCH,SWEEP_ACTIVE,,FULL
2026-08-17,VRAX,READY,RETEST_HELD,,FULL
2026-08-17,WBUY,WATCH,RETEST_PENDING,,FULL
2026-08-17,WIMI,REJECTED,,FE-SCREEN-01/M3,
2026-08-17,WKSP,WATCH,RETEST_PENDING,,FULL
2026-08-17,WNW,WATCH,RETEST_IN_PROGRESS,,FULL
2026-08-17,WSHP,WATCH,RETEST_IN_PROGRESS,,FULL
2026-08-17,WVE,FOCUS,BASE_FORMING,,FULL
2026-08-17,XAIR,WATCH,RETEST_PENDING,,FULL
2026-08-17,XBIO,WATCH,RETEST_PENDING,,FULL
2026-08-17,XBP,WATCH,RETEST_PENDING,,FULL
2026-08-17,XCUR,FOCUS,BROKEN_NEW_BASE,,FULL
2026-08-17,XOS,READY,PRESS_RECLAIM,,FULL
2026-08-17,XPON,WATCH,RETEST_PENDING,,FULL
2026-08-17,XXII,WATCH,RETEST_PENDING,,FULL
2026-08-17,YDES,WATCH,RETEST_PENDING,,FULL
2026-08-17,YDKG,FOCUS,BASE_FORMING,,FULL
2026-08-17,YHC,WATCH,RETEST_PENDING,,FULL
2026-08-17,YMAT,WATCH,RETEST_PENDING,,FULL
2026-08-17,YSXT,WATCH,RETEST_PENDING,,FULL
2026-08-17,YYAI,REJECTED,,FE-SCREEN-01/M2_CEIL,
2026-08-17,ZOOZ,WATCH,RETEST_PENDING,,FULL
2026-08-17,ZSQR,WATCH,SWEEP_ACTIVE,,FULL
2026-08-17,ZSTK,WATCH,RETEST_PENDING,,FULL
2026-08-18,ABAT,WATCH,RETEST_PENDING,,FULL
2026-08-18,ABTC,WATCH,RETEST_PENDING,,FULL
2026-08-18,ABTS,WATCH,RETEST_PENDING,,FULL
2026-08-18,ABVC,FOCUS,BROKEN_NEW_BASE,,FULL
2026-08-18,ACON,WATCH,RETEST_PENDING,,FULL
2026-08-18,ACXP,READY,PRESS_RECLAIM,,FULL
2026-08-18,AHMA,WATCH,RETEST_PENDING,,FULL
2026-08-18,AIFC,WATCH,RETEST_PENDING,,FULL
2026-08-18,AIFU,REJECTED,,FE-SCREEN-01/M4_RANGE,
2026-08-18,AIHS,WATCH,RETEST_PENDING,,FULL
2026-08-18,AIIO,WATCH,RETEST_PENDING,,FULL
2026-08-18,AIOS,WATCH,RETEST_PENDING,,FULL
2026-08-18,AIRE,WATCH,RETEST_PENDING,,FULL
2026-08-18,AIXC,READY,PRESS_RECLAIM,,FULL
2026-08-18,AKAN,FOCUS,BROKEN_NEW_BASE,,FULL
2026-08-18,AKTX,FOCUS,BROKEN_NEW_BASE,,FULL
2026-08-18,ALAR,READY,RETEST_HELD,,FULL
2026-08-18,ALDX,WATCH,RETEST_PENDING,,FULL
2026-08-18,AMOD,WATCH,RETEST_PENDING,,FULL
2026-08-18,ANPA,WATCH,RETEST_PENDING,,FULL
2026-08-18,ANY,WATCH,RETEST_PENDING,,FULL
2026-08-18,APVO,FOCUS,BROKEN_NEW_BASE,,FULL
2026-08-18,AQMS,WATCH,RETEST_IN_PROGRESS,,FULL
2026-08-18,ARBE,WATCH,RETEST_PENDING,,FULL
2026-08-18,ASBP,WATCH,RETEST_PENDING,,FULL
2026-08-18,ASTC,WATCH,RETEST_PENDING,,FULL
2026-08-18,ATER,WATCH,RETEST_PENDING,,FULL
2026-08-18,ATPC,WATCH,RETEST_PENDING,,FULL
2026-08-18,ATXG,WATCH,RETEST_PENDING,,FULL
2026-08-18,ATYR,WATCH,RETEST_PENDING,,FULL
2026-08-18,AUID,REJECTED,,FE-SCREEN-01/M1,
2026-08-18,AURE,WATCH,RETEST_PENDING,,FULL
2026-08-18,AUUD,WATCH,RETEST_PENDING,,FULL
2026-08-18,AVX,READY,RETEST_HELD,,FULL
2026-08-18,AVXL,REJECTED,,FE-SCREEN-01/M2_FLOOR,
2026-08-18,BBLG,REJECTED,,FE-SCREEN-01/M3,
2026-08-18,BCAB,NO_BARS,,,
2026-08-18,BDRX,WATCH,RETEST_PENDING,,FULL
2026-08-18,BEAT,WATCH,RETEST_IN_PROGRESS,,FULL
2026-08-18,BEEM,WATCH,RETEST_PENDING,,FULL
2026-08-18,BENF,FOCUS,BROKEN_NEW_BASE,,FULL
2026-08-18,BETR,FOCUS,BROKEN_NEW_BASE,,FULL
2026-08-18,BFRG,WATCH,RETEST_IN_PROGRESS,,FULL
2026-08-18,BGDE,WATCH,RETEST_PENDING,,FULL
2026-08-18,BGLC,WATCH,RETEST_PENDING,,FULL
2026-08-18,BIAF,FOCUS,BROKEN_NEW_BASE,,FULL
2026-08-18,BJDX,WATCH,RETEST_PENDING,,FULL
2026-08-18,BKYI,REJECTED,,FE-SCREEN-01/M3,
2026-08-18,BLNE,WATCH,RETEST_PENDING,,FULL
2026-08-18,BLNK,WATCH,RETEST_PENDING,,FULL
2026-08-18,BMGL,FOCUS,BROKEN_NEW_BASE,,FULL
2026-08-18,BNAI,WATCH,RETEST_PENDING,,FULL
2026-08-18,BNC,WATCH,RETEST_PENDING,,FULL
2026-08-18,BNKK,WATCH,RETEST_IN_PROGRESS,,FULL
2026-08-18,BRLS,WATCH,RETEST_PENDING,,FULL
2026-08-18,BTCT,FOCUS,BROKEN_NEW_BASE,,FULL
2026-08-18,BTOG,WATCH,RETEST_PENDING,,FULL
2026-08-18,BYRN,REJECTED,,FE-SCREEN-01/M3,
2026-08-18,BZAI,REJECTED,,FE-SCREEN-01/M4_RANGE,
2026-08-18,CALC,READY,PRESS_RECLAIM,,FULL
2026-08-18,CCHH,WATCH,RETEST_PENDING,,FULL
2026-08-18,CCTG,WATCH,RETEST_IN_PROGRESS,,FULL
2026-08-18,CD,WATCH,RETEST_PENDING,,FULL
2026-08-18,CDIO,WATCH,RETEST_PENDING,,FULL
2026-08-18,CDT,WATCH,RETEST_IN_PROGRESS,,FULL
2026-08-18,CELU,WATCH,RETEST_PENDING,,FULL
2026-08-18,CETX,WATCH,RETEST_PENDING,,FULL
2026-08-18,CGTL,WATCH,RETEST_PENDING,,FULL
2026-08-18,CGTX,WATCH,RETEST_PENDING,,FULL
2026-08-18,CHR,WATCH,RETEST_PENDING,,FULL
2026-08-18,CHSN,WATCH,RETEST_PENDING,,FULL
2026-08-18,CIRC,WATCH,RETEST_PENDING,,FULL
2026-08-18,CISS,REJECTED,,FE-SCREEN-01/M2_CEIL,
2026-08-18,CLIK,READY,RETEST_HELD,,FULL
2026-08-18,CMND,WATCH,RETEST_PENDING,,FULL
2026-08-18,CNCK,WATCH,RETEST_PENDING,,FULL
2026-08-18,CNEY,WATCH,RETEST_PENDING,,FULL
2026-08-18,CNSY,WATCH,RETEST_IN_PROGRESS,,FULL
2026-08-18,CNTN,WATCH,RETEST_PENDING,,FULL
2026-08-18,CNTX,WATCH,RETEST_PENDING,,FULL
2026-08-18,COOT,WATCH,RETEST_PENDING,,FULL
2026-08-18,CPOP,WATCH,RETEST_PENDING,,FULL
2026-08-18,CRE,WATCH,RETEST_PENDING,,FULL
2026-08-18,CRML,WATCH,RETEST_PENDING,,FULL
2026-08-18,CRMT,WATCH,RETEST_PENDING,,FULL
2026-08-18,CRVO,WATCH,RETEST_IN_PROGRESS,,FULL
2026-08-18,CVKD,REJECTED,,FE-SCREEN-01/M3,
2026-08-18,CWD,WATCH,RETEST_PENDING,,FULL
2026-08-18,CXAI,FOCUS,BROKEN_NEW_BASE,,FULL
2026-08-18,DARE,FOCUS,BROKEN_NEW_BASE,,FULL
2026-08-18,DFDV,WATCH,RETEST_PENDING,,FULL
2026-08-18,DFLI,WATCH,RETEST_IN_PROGRESS,,FULL
2026-08-18,DGNX,WATCH,RETEST_PENDING,,FULL
2026-08-18,DLXY,WATCH,RETEST_PENDING,,FULL
2026-08-18,DOGZ,WATCH,RETEST_PENDING,,FULL
2026-08-18,DOMO,WATCH,RETEST_PENDING,,FULL
2026-08-18,DPU,WATCH,RETEST_PENDING,,FULL
2026-08-18,DRCT,NO_BARS,,,
2026-08-18,DRMA,REJECTED,,FE-SCREEN-01/M3,
2026-08-18,DSY,WATCH,RETEST_PENDING,,FULL
2026-08-18,DTCX,WATCH,RETEST_IN_PROGRESS,,FULL
2026-08-18,DUO,WATCH,RETEST_PENDING,,FULL
2026-08-18,DXST,WATCH,RETEST_PENDING,,FULL
2026-08-18,EDSA,WATCH,RETEST_PENDING,,FULL
2026-08-18,EHGO,WATCH,RETEST_PENDING,,FULL
2026-08-18,EHTH,REJECTED,,FE-SCREEN-01/M3,
2026-08-18,EJH,WATCH,RETEST_PENDING,,FULL
2026-08-18,ELAB,READY,RETEST_HELD,,FULL
2026-08-18,EMPD,READY,PRESS_RECLAIM,,FULL
2026-08-18,ENGN,WATCH,RETEST_PENDING,,FULL
2026-08-18,ENGS,WATCH,RETEST_PENDING,,FULL
2026-08-18,EOSE,WATCH,RETEST_PENDING,,FULL
2026-08-18,EPSM,WATCH,RETEST_PENDING,,FULL
2026-08-18,ERNA,WATCH,RETEST_PENDING,,FULL
2026-08-18,ESLA,WATCH,RETEST_IN_PROGRESS,,FULL
2026-08-18,EUDA,WATCH,RETEST_PENDING,,FULL
2026-08-18,EVAX,WATCH,RETEST_IN_PROGRESS,,FULL
2026-08-18,FABC,WATCH,RETEST_PENDING,,FULL
2026-08-18,FBLG,WATCH,RETEST_PENDING,,FULL
2026-08-18,FEED,NO_BARS,,,
2026-08-18,FEMY,FOCUS,BROKEN_NEW_BASE,,FULL
2026-08-18,FGNX,WATCH,RETEST_PENDING,,FULL
2026-08-18,FLNA,READY,RETEST_HELD,,FULL
2026-08-18,FLUX,WATCH,RETEST_PENDING,,FULL
2026-08-18,FLZH,NO_BARS,,,
2026-08-18,FMST,REJECTED,,FE-SCREEN-01/SCORE,
2026-08-18,FNUC,WATCH,RETEST_PENDING,,FULL
2026-08-18,FOFO,WATCH,RETEST_PENDING,,FULL
2026-08-18,FRGT,REJECTED,,FE-SCREEN-01/M4_RANGE,
2026-08-18,FRMM,WATCH,RETEST_PENDING,,FULL
2026-08-18,FRSX,REJECTED,,FE-SCREEN-01/M3,
2026-08-18,FTCI,REJECTED,,FE-SCREEN-01/M3,
2026-08-18,FTFT,WATCH,RETEST_IN_PROGRESS,,FULL
2026-08-18,FUFU,REJECTED,,FE-SCREEN-01/M3,
2026-08-18,FWDI,WATCH,RETEST_PENDING,,FULL
2026-08-18,FXHO,WATCH,RETEST_PENDING,,FULL
2026-08-18,GCL,WATCH,RETEST_PENDING,,FULL
2026-08-18,GDC,WATCH,RETEST_PENDING,,FULL
2026-08-18,GDHG,REJECTED,,FE-SCREEN-01/M5,
2026-08-18,GDTC,WATCH,RETEST_PENDING,,FULL
2026-08-18,GEOS,FOCUS,BROKEN_NEW_BASE,,FULL
2026-08-18,GIBO,WATCH,RETEST_PENDING,,FULL
2026-08-18,GITS,WATCH,RETEST_PENDING,,FULL
2026-08-18,GLXG,WATCH,RETEST_PENDING,,FULL
2026-08-18,GMM,WATCH,RETEST_PENDING,,FULL
2026-08-18,GNLN,WATCH,RETEST_PENDING,,FULL
2026-08-18,GNTA,READY,BASE_HELD,,FULL
2026-08-18,GOGO,FOCUS,BROKEN_NEW_BASE,,FULL
2026-08-18,GOVX,READY,RETEST_HELD,,FULL
2026-08-18,GPRO,FOCUS,BASE_FORMING,,FULL
2026-08-18,GRI,REJECTED,,FE-SCREEN-01/M3,
2026-08-18,GUTS,READY,PRESS_RECLAIM,,FULL
2026-08-18,GWAV,WATCH,RETEST_PENDING,,FULL
2026-08-18,GXAI,REJECTED,,FE-SCREEN-01/M2_FLOOR,
2026-08-18,HCAI,WATCH,RETEST_PENDING,,FULL
2026-08-18,HCWB,WATCH,RETEST_IN_PROGRESS,,FULL
2026-08-18,HERE,WATCH,RETEST_PENDING,,FULL
2026-08-18,HKPD,WATCH,RETEST_PENDING,,FULL
2026-08-18,HODO,READY,PRESS_RECLAIM,,FULL
2026-08-18,HOLO,WATCH,RETEST_PENDING,,FULL
2026-08-18,HOWL,REJECTED,,FE-SCREEN-01/M3,
2026-08-18,HPAI,REJECTED,,FE-SCREEN-01/M3,
2026-08-18,HTZ,WATCH,RETEST_PENDING,,FULL
2026-08-18,HUMA,FOCUS,BROKEN_NEW_BASE,,FULL
2026-08-18,HWH,NO_BARS,,,
2026-08-18,HXHX,REJECTED,,FE-SCREEN-01/M2_FLOOR,
2026-08-18,HYPD,WATCH,RETEST_PENDING,,FULL
2026-08-18,IBG,WATCH,RETEST_PENDING,,FULL
2026-08-18,ICU,READY,RETEST_HELD,,FULL
2026-08-18,ILLR,NO_BARS,,,
2026-08-18,IMNN,READY,RETEST_HELD,,FULL
2026-08-18,IMSR,WATCH,RETEST_PENDING,,FULL
2026-08-18,INSG,FOCUS,BROKEN_NEW_BASE,,FULL
2026-08-18,INTJ,WATCH,RETEST_PENDING,,FULL
2026-08-18,INTS,WATCH,RETEST_PENDING,,FULL
2026-08-18,IPST,REJECTED,,FE-SCREEN-01/M4_RANGE,
2026-08-18,IQST,WATCH,RETEST_PENDING,,FULL
2026-08-18,ISPC,WATCH,RETEST_PENDING,,FULL
2026-08-18,IVF,REJECTED,,FE-SCREEN-01/M4_RANGE,
2026-08-18,IVVD,WATCH,RETEST_PENDING,,FULL
2026-08-18,IXHL,WATCH,RETEST_PENDING,,FULL
2026-08-18,JAGX,FOCUS,BROKEN_NEW_BASE,,FULL
2026-08-18,JBDI,WATCH,RETEST_PENDING,,FULL
2026-08-18,JEM,WATCH,RETEST_PENDING,,FULL
2026-08-18,JFB,NO_BARS,,,
2026-08-18,JFIN,READY,RETEST_HELD,,FULL
2026-08-18,JSPR,WATCH,RETEST_PENDING,,FULL
2026-08-18,JTAI,WATCH,SWEEP_ACTIVE,,FULL
2026-08-18,JYD,WATCH,RETEST_PENDING,,FULL
2026-08-18,JZ,FOCUS,BROKEN_NEW_BASE,,FULL
2026-08-18,JZXN,WATCH,RETEST_PENDING,,FULL
2026-08-18,KALA,WATCH,RETEST_PENDING,,FULL
2026-08-18,KG,WATCH,SWEEP_ACTIVE,,FULL
2026-08-18,KMRK,WATCH,RETEST_PENDING,,FULL
2026-08-18,KRRO,WATCH,RETEST_PENDING,,FULL
2026-08-18,KTTA,READY,RETEST_HELD,,FULL
2026-08-18,KUST,REJECTED,,FE-SCREEN-01/M3,
2026-08-18,KXIN,WATCH,RETEST_PENDING,,FULL
2026-08-18,LASE,WATCH,RETEST_PENDING,,FULL
2026-08-18,LFS,WATCH,RETEST_PENDING,,FULL
2026-08-18,LGCL,WATCH,RETEST_PENDING,,FULL
2026-08-18,LHSW,WATCH,RETEST_PENDING,,FULL
2026-08-18,LICN,WATCH,RETEST_PENDING,,FULL
2026-08-18,LITS,WATCH,RETEST_PENDING,,FULL
2026-08-18,LNAI,WATCH,RETEST_PENDING,,FULL
2026-08-18,LNZA,WATCH,RETEST_PENDING,,FULL
2026-08-18,LRHC,FOCUS,BROKEN_NEW_BASE,,FULL
2026-08-18,LSTA,READY,RETEST_HELD,,FULL
2026-08-18,LTBR,WATCH,RETEST_PENDING,,FULL
2026-08-18,LX,REJECTED,,FE-SCREEN-01/M3,
2026-08-18,LXEH,WATCH,RETEST_PENDING,,FULL
2026-08-18,MASK,READY,RETEST_HELD,,FULL
2026-08-18,MATH,READY,PRESS_RECLAIM,,FULL
2026-08-18,MCRB,READY,PRESS_RECLAIM,,FULL
2026-08-18,METC,WATCH,RETEST_PENDING,,FULL
2026-08-18,MKZR,WATCH,RETEST_PENDING,,FULL
2026-08-18,MNDR,WATCH,RETEST_PENDING,,FULL
2026-08-18,MNTS,WATCH,RETEST_PENDING,,FULL
2026-08-18,MOBX,FOCUS,BROKEN_NEW_BASE,,FULL
2026-08-18,MRM,WATCH,RETEST_PENDING,,FULL
2026-08-18,MSAI,WATCH,RETEST_PENDING,,FULL
2026-08-18,MVST,WATCH,RETEST_IN_PROGRESS,,FULL
2026-08-18,NAKA,WATCH,RETEST_PENDING,,FULL
2026-08-18,NAMM,READY,RETEST_HELD,,FULL
2026-08-18,NAUT,READY,RETEST_HELD,,FULL
2026-08-18,NCI,WATCH,RETEST_PENDING,,FULL
2026-08-18,NCT,WATCH,RETEST_PENDING,,FULL
2026-08-18,NEON,WATCH,RETEST_PENDING,,FULL
2026-08-18,NIKI,WATCH,RETEST_PENDING,,FULL
2026-08-18,NKLR,WATCH,RETEST_PENDING,,FULL
2026-08-18,NMTC,REJECTED,,FE-SCREEN-01/M3,
2026-08-18,NPT,WATCH,RETEST_PENDING,,FULL
2026-08-18,NRSN,WATCH,RETEST_IN_PROGRESS,,FULL
2026-08-18,NTCL,WATCH,RETEST_IN_PROGRESS,,FULL
2026-08-18,NVNI,NO_BARS,,,
2026-08-18,NVX,WATCH,RETEST_PENDING,,FULL
2026-08-18,NXTS,WATCH,RETEST_PENDING,,FULL
2026-08-18,ODD,WATCH,RETEST_PENDING,,FULL
2026-08-18,OIO,WATCH,RETEST_PENDING,,FULL
2026-08-18,OLOX,FOCUS,BROKEN_NEW_BASE,,FULL
2026-08-18,OM,READY,RETEST_HELD,,FULL
2026-08-18,OMEX,WATCH,RETEST_PENDING,,FULL
2026-08-18,ONCO,REJECTED,,FE-SCREEN-01/M3,
2026-08-18,ORGO,WATCH,RETEST_IN_PROGRESS,,FULL
2026-08-18,OTLK,FOCUS,BROKEN_NEW_BASE,,FULL
2026-08-18,PARA,FOCUS,BROKEN_NEW_BASE,,FULL
2026-08-18,PBK,READY,RETEST_HELD,,FULL
2026-08-18,PBM,WATCH,RETEST_PENDING,,FULL
2026-08-18,PCSA,WATCH,RETEST_PENDING,,FULL
2026-08-18,PFSA,READY,PRESS_RECLAIM,,FULL
2026-08-18,PHIO,WATCH,RETEST_PENDING,,FULL
2026-08-18,PHOE,WATCH,RETEST_PENDING,,FULL
2026-08-18,PLCE,WATCH,SWEEP_ACTIVE,,FULL
2026-08-18,PLYX,WATCH,RETEST_IN_PROGRESS,,FULL
2026-08-18,PMAX,FOCUS,BROKEN_NEW_BASE,,FULL
2026-08-18,PPBT,WATCH,RETEST_PENDING,,FULL
2026-08-18,PRFX,READY,PRESS_RECLAIM,,FULL
2026-08-18,PTLE,WATCH,RETEST_PENDING,,FULL
2026-08-18,PULM,REJECTED,,FE-SCREEN-01/M2_FLOOR,
2026-08-18,PWCM,FOCUS,BROKEN_NEW_BASE,,FULL
2026-08-18,QCLS,READY,RETEST_HELD,,FULL
2026-08-18,QNRX,WATCH,RETEST_PENDING,,FULL
2026-08-18,QSI,WATCH,RETEST_IN_PROGRESS,,FULL
2026-08-18,QTEX,WATCH,RETEST_PENDING,,FULL
2026-08-18,RADX,READY,PRESS_RECLAIM,,FULL
2026-08-18,RAIN,FOCUS,BROKEN_NEW_BASE,,FULL
2026-08-18,RANI,WATCH,RETEST_PENDING,,FULL
2026-08-18,RAY,WATCH,RETEST_IN_PROGRESS,,FULL
2026-08-18,RAYA,WATCH,RETEST_PENDING,,FULL
2026-08-18,RBNE,WATCH,RETEST_PENDING,,FULL
2026-08-18,RDAC,WATCH,RETEST_PENDING,,FULL
2026-08-18,RECT,WATCH,RETEST_PENDING,,FULL
2026-08-18,REKR,WATCH,RETEST_PENDING,,FULL
2026-08-18,RENX,WATCH,RETEST_PENDING,,FULL
2026-08-18,REVB,REJECTED,,FE-SCREEN-01/M3,
2026-08-18,RGC,WATCH,RETEST_PENDING,,FULL
2026-08-18,RKDA,REJECTED,,FE-SCREEN-01/M3,
2026-08-18,RNAZ,FOCUS,BASE_FORMING,,FULL
2026-08-18,RR,WATCH,RETEST_PENDING,,FULL
2026-08-18,RVSN,WATCH,RETEST_PENDING,,FULL
2026-08-18,SAGT,FOCUS,BROKEN_NEW_BASE,,FULL
2026-08-18,SBET,REJECTED,,FE-SCREEN-01/M2_FLOOR,
2026-08-18,SBFM,READY,PRESS_RECLAIM,,FULL
2026-08-18,SCNX,WATCH,RETEST_PENDING,,FULL
2026-08-18,SCWO,WATCH,RETEST_PENDING,,FULL
2026-08-18,SDOT,FOCUS,BROKEN_NEW_BASE,,FULL
2026-08-18,SERV,WATCH,RETEST_IN_PROGRESS,,FULL
2026-08-18,SHPH,WATCH,RETEST_PENDING,,FULL
2026-08-18,SILO,FOCUS,BROKEN_NEW_BASE,,FULL
2026-08-18,SINT,WATCH,RETEST_PENDING,,FULL
2026-08-18,SKK,WATCH,RETEST_PENDING,,FULL
2026-08-18,SKYA,READY,RETEST_HELD,,FULL
2026-08-18,SKYQ,WATCH,RETEST_PENDING,,FULL
2026-08-18,SLBT,READY,RETEST_HELD,,FULL
2026-08-18,SLDP,WATCH,RETEST_PENDING,,FULL
2026-08-18,SLE,FOCUS,BROKEN_NEW_BASE,,FULL
2026-08-18,SLNH,WATCH,RETEST_PENDING,,FULL
2026-08-18,SLSN,WATCH,RETEST_PENDING,,FULL
2026-08-18,SNES,READY,BASE_HELD,,FULL
2026-08-18,SNOA,WATCH,RETEST_PENDING,,FULL
2026-08-18,SNTG,WATCH,RETEST_PENDING,,FULL
2026-08-18,SNTI,REJECTED,,FE-SCREEN-01/M3,
2026-08-18,SOBR,NO_BARS,,,
2026-08-18,SONM,WATCH,RETEST_PENDING,,FULL
2026-08-18,SOWG,WATCH,RETEST_PENDING,,FULL
2026-08-18,SPRB,WATCH,RETEST_PENDING,,FULL
2026-08-18,SSM,REJECTED,,FE-SCREEN-01/M3,
2026-08-18,STEX,WATCH,RETEST_PENDING,,FULL
2026-08-18,STKE,READY,RETEST_HELD,,FULL
2026-08-18,SUNE,WATCH,RETEST_PENDING,,FULL
2026-08-18,SUPX,WATCH,RETEST_PENDING,,FULL
2026-08-18,SVRE,WATCH,RETEST_PENDING,,FULL
2026-08-18,SVRN,WATCH,RETEST_PENDING,,FULL
2026-08-18,SXTP,READY,PRESS_RECLAIM,,FULL
2026-08-18,TAOP,WATCH,RETEST_PENDING,,FULL
2026-08-18,TC,WATCH,RETEST_PENDING,,FULL
2026-08-18,TDIC,WATCH,RETEST_PENDING,,FULL
2026-08-18,TDTH,WATCH,RETEST_PENDING,,FULL
2026-08-18,TGL,WATCH,RETEST_IN_PROGRESS,,FULL
2026-08-18,TLRY,WATCH,RETEST_PENDING,,FULL
2026-08-18,TNXP,WATCH,RETEST_PENDING,,FULL
2026-08-18,TONX,WATCH,RETEST_PENDING,,FULL
2026-08-18,TRAW,WATCH,RETEST_PENDING,,FULL
2026-08-18,TRNR,WATCH,RETEST_PENDING,,FULL
2026-08-18,TRUG,REJECTED,,FE-SCREEN-01/M3,
2026-08-18,TURB,WATCH,RETEST_PENDING,,FULL
2026-08-18,TVGN,WATCH,RETEST_PENDING,,FULL
2026-08-18,TVRD,WATCH,RETEST_IN_PROGRESS,,FULL
2026-08-18,UCAR,WATCH,RETEST_PENDING,,FULL
2026-08-18,UFG,WATCH,RETEST_PENDING,,FULL
2026-08-18,UONE,READY,RETEST_HELD,,FULL
2026-08-18,UPXI,READY,PRESS_RECLAIM,,FULL
2026-08-18,UXIN,REJECTED,,FE-SCREEN-01/M3,
2026-08-18,VIOT,WATCH,SWEEP_ACTIVE,,FULL
2026-08-18,VRAX,READY,RETEST_HELD,,FULL
2026-08-18,WBUY,WATCH,RETEST_PENDING,,FULL
2026-08-18,WIMI,REJECTED,,FE-SCREEN-01/M3,
2026-08-18,WKSP,WATCH,RETEST_PENDING,,FULL
2026-08-18,WNW,WATCH,RETEST_IN_PROGRESS,,FULL
2026-08-18,WSHP,WATCH,RETEST_IN_PROGRESS,,FULL
2026-08-18,WVE,FOCUS,BASE_FORMING,,FULL
2026-08-18,XAIR,WATCH,RETEST_IN_PROGRESS,,FULL
2026-08-18,XBIO,WATCH,RETEST_PENDING,,FULL
2026-08-18,XBP,WATCH,RETEST_PENDING,,FULL
2026-08-18,XCUR,FOCUS,BROKEN_NEW_BASE,,FULL
2026-08-18,XOS,READY,PRESS_RECLAIM,,FULL
2026-08-18,XPON,WATCH,RETEST_PENDING,,FULL
2026-08-18,XXII,WATCH,RETEST_IN_PROGRESS,,FULL
2026-08-18,YDES,WATCH,RETEST_PENDING,,FULL
2026-08-18,YDKG,FOCUS,BASE_FORMING,,FULL
2026-08-18,YHC,WATCH,RETEST_PENDING,,FULL
2026-08-18,YMAT,WATCH,RETEST_PENDING,,FULL
2026-08-18,YOUL,WATCH,RETEST_PENDING,,FULL
2026-08-18,YSXT,WATCH,RETEST_PENDING,,FULL
2026-08-18,ZOOZ,WATCH,RETEST_PENDING,,FULL
2026-08-18,ZSQR,FOCUS,BASE_FORMING,,FULL
2026-08-18,ZSTK,WATCH,RETEST_PENDING,,FULL
2026-08-19,ABAT,WATCH,RETEST_PENDING,,FULL
2026-08-19,ABTC,WATCH,RETEST_PENDING,,FULL
2026-08-19,ABVC,FOCUS,BROKEN_NEW_BASE,,FULL
2026-08-19,ACON,WATCH,RETEST_PENDING,,FULL
2026-08-19,ACTU,READY,PRESS_RECLAIM,,FULL
2026-08-19,ACXP,READY,PRESS_RECLAIM,,FULL
2026-08-19,AHMA,WATCH,RETEST_PENDING,,FULL
2026-08-19,AIFC,WATCH,RETEST_PENDING,,FULL
2026-08-19,AIHS,WATCH,RETEST_PENDING,,FULL
2026-08-19,AIIO,WATCH,RETEST_PENDING,,FULL
2026-08-19,AIOS,WATCH,RETEST_PENDING,,FULL
2026-08-19,AIRE,WATCH,RETEST_PENDING,,FULL
2026-08-19,AIRS,WATCH,RETEST_IN_PROGRESS,,FULL
2026-08-19,AKAN,WATCH,RETEST_IN_PROGRESS,,FULL
2026-08-19,AKTX,FOCUS,BROKEN_NEW_BASE,,FULL
2026-08-19,ALAR,READY,RETEST_HELD,,FULL
2026-08-19,ALDX,WATCH,RETEST_PENDING,,FULL
2026-08-19,AMBR,WATCH,SWEEP_ACTIVE,,FULL
2026-08-19,AMCI,WATCH,RETEST_PENDING,,FULL
2026-08-19,AMOD,WATCH,RETEST_PENDING,,FULL
2026-08-19,ANPA,WATCH,RETEST_PENDING,,FULL
2026-08-19,ANY,WATCH,RETEST_PENDING,,FULL
2026-08-19,APVO,FOCUS,BROKEN_NEW_BASE,,FULL
2026-08-19,AQMS,READY,RETEST_HELD,,FULL
2026-08-19,ARBE,WATCH,RETEST_PENDING,,FULL
2026-08-19,ARTL,READY,PRESS_RECLAIM,,FULL
2026-08-19,ASBP,WATCH,RETEST_PENDING,,FULL
2026-08-19,ASPI,REJECTED,,FE-SCREEN-01/M3,
2026-08-19,ASTC,WATCH,RETEST_PENDING,,FULL
2026-08-19,ATER,WATCH,RETEST_PENDING,,FULL
2026-08-19,ATPC,WATCH,RETEST_IN_PROGRESS,,FULL
2026-08-19,ATXG,WATCH,RETEST_PENDING,,FULL
2026-08-19,ATYR,WATCH,RETEST_PENDING,,FULL
2026-08-19,AURE,WATCH,RETEST_PENDING,,FULL
2026-08-19,AUUD,WATCH,RETEST_PENDING,,FULL
2026-08-19,AVX,READY,RETEST_HELD,,FULL
2026-08-19,AZIO,WATCH,RETEST_IN_PROGRESS,,FULL
2026-08-19,BBLG,REJECTED,,FE-SCREEN-01/M3,
2026-08-19,BCAB,NO_BARS,,,
2026-08-19,BCTX,WATCH,RETEST_PENDING,,FULL
2026-08-19,BDRX,WATCH,RETEST_PENDING,,FULL
2026-08-19,BETR,FOCUS,BROKEN_NEW_BASE,,FULL
2026-08-19,BGDE,WATCH,RETEST_PENDING,,FULL
2026-08-19,BGLC,WATCH,RETEST_PENDING,,FULL
2026-08-19,BIAF,FOCUS,BROKEN_NEW_BASE,,FULL
2026-08-19,BIOX,WATCH,RETEST_PENDING,,FULL
2026-08-19,BJDX,WATCH,RETEST_PENDING,,FULL
2026-08-19,BKYI,REJECTED,,FE-SCREEN-01/M3,
2026-08-19,BLNE,WATCH,RETEST_PENDING,,FULL
2026-08-19,BLNK,WATCH,RETEST_PENDING,,FULL
2026-08-19,BMGL,FOCUS,BROKEN_NEW_BASE,,FULL
2026-08-19,BNAI,WATCH,RETEST_PENDING,,FULL
2026-08-19,BNC,WATCH,RETEST_PENDING,,FULL
2026-08-19,BNKK,WATCH,RETEST_IN_PROGRESS,,FULL
2026-08-19,BRFH,REJECTED,,FE-SCREEN-01/M3,
2026-08-19,BRLS,WATCH,RETEST_PENDING,,FULL
2026-08-19,BTBD,WATCH,RETEST_PENDING,,FULL
2026-08-19,BTCT,FOCUS,BROKEN_NEW_BASE,,FULL
2026-08-19,BTOG,WATCH,RETEST_PENDING,,FULL
2026-08-19,BYRN,REJECTED,,FE-SCREEN-01/M3,
2026-08-19,CALC,READY,PRESS_RECLAIM,,FULL
2026-08-19,CCHH,WATCH,RETEST_PENDING,,FULL
2026-08-19,CCTG,WATCH,RETEST_IN_PROGRESS,,FULL
2026-08-19,CD,WATCH,RETEST_PENDING,,FULL
2026-08-19,CDIO,WATCH,RETEST_PENDING,,FULL
2026-08-19,CDT,WATCH,RETEST_IN_PROGRESS,,FULL
2026-08-19,CELU,WATCH,RETEST_PENDING,,FULL
2026-08-19,CETX,WATCH,RETEST_PENDING,,FULL
2026-08-19,CETY,WATCH,RETEST_PENDING,,FULL
2026-08-19,CGTL,WATCH,RETEST_PENDING,,FULL
2026-08-19,CGTX,WATCH,RETEST_IN_PROGRESS,,FULL
2026-08-19,CHR,WATCH,RETEST_PENDING,,FULL
2026-08-19,CHSN,WATCH,RETEST_PENDING,,FULL
2026-08-19,CIRC,WATCH,RETEST_PENDING,,FULL
2026-08-19,CMND,WATCH,RETEST_PENDING,,FULL
2026-08-19,CMTL,READY,RETEST_HELD,,FULL
2026-08-19,CNCK,WATCH,RETEST_PENDING,,FULL
2026-08-19,CNEY,WATCH,RETEST_PENDING,,FULL
2026-08-19,CNSY,WATCH,RETEST_IN_PROGRESS,,FULL
2026-08-19,CNTN,WATCH,RETEST_IN_PROGRESS,,FULL
2026-08-19,CNTX,WATCH,RETEST_IN_PROGRESS,,FULL
2026-08-19,CODX,WATCH,SWEEP_ACTIVE,,FULL
2026-08-19,COOT,WATCH,RETEST_PENDING,,FULL
2026-08-19,CRDF,REJECTED,,FE-SCREEN-01/M3,
2026-08-19,CRE,WATCH,RETEST_IN_PROGRESS,,FULL
2026-08-19,CRML,WATCH,RETEST_PENDING,,FULL
2026-08-19,CRVO,READY,RETEST_HELD,,FULL
2026-08-19,CTXR,WATCH,RETEST_PENDING,,FULL
2026-08-19,CVKD,REJECTED,,FE-SCREEN-01/M3,
2026-08-19,CWD,WATCH,RETEST_PENDING,,FULL
2026-08-19,DARE,FOCUS,BROKEN_NEW_BASE,,FULL
2026-08-19,DCOY,READY,PRESS_RECLAIM,,FULL
2026-08-19,DFDV,WATCH,RETEST_PENDING,,FULL
2026-08-19,DFLI,WATCH,RETEST_IN_PROGRESS,,FULL
2026-08-19,DGNX,WATCH,RETEST_PENDING,,FULL
2026-08-19,DLXY,WATCH,RETEST_PENDING,,FULL
2026-08-19,DOGZ,WATCH,RETEST_PENDING,,FULL
2026-08-19,DOMO,WATCH,RETEST_PENDING,,FULL
2026-08-19,DPU,WATCH,RETEST_PENDING,,FULL
2026-08-19,DRCT,NO_BARS,,,
2026-08-19,DRMA,REJECTED,,FE-SCREEN-01/M3,
2026-08-19,DSY,WATCH,RETEST_PENDING,,FULL
2026-08-19,DUO,WATCH,RETEST_PENDING,,FULL
2026-08-19,DXST,WATCH,RETEST_PENDING,,FULL
2026-08-19,EDBL,FOCUS,BROKEN_NEW_BASE,,FULL
2026-08-19,EDSA,WATCH,RETEST_PENDING,,FULL
2026-08-19,EHGO,WATCH,RETEST_PENDING,,FULL
2026-08-19,ELAB,READY,BASE_HELD,,FULL
2026-08-19,ELTX,WATCH,RETEST_PENDING,,FULL
2026-08-19,EMPD,REJECTED,,FE-SCREEN-01/M2_FLOOR,
2026-08-19,ENGN,WATCH,RETEST_PENDING,,FULL
2026-08-19,ENGS,WATCH,RETEST_PENDING,,FULL
2026-08-19,ENVX,FOCUS,BROKEN_NEW_BASE,,FULL
2026-08-19,EOSE,WATCH,RETEST_PENDING,,FULL
2026-08-19,EPSM,WATCH,RETEST_PENDING,,FULL
2026-08-19,ERNA,WATCH,RETEST_PENDING,,FULL
2026-08-19,ESLA,WATCH,RETEST_IN_PROGRESS,,FULL
2026-08-19,EUDA,WATCH,RETEST_PENDING,,FULL
2026-08-19,EVAX,WATCH,RETEST_IN_PROGRESS,,FULL
2026-08-19,FBLG,WATCH,RETEST_PENDING,,FULL
2026-08-19,FEED,NO_BARS,,,
2026-08-19,FEMY,FOCUS,BROKEN_NEW_BASE,,FULL
2026-08-19,FGNX,WATCH,RETEST_PENDING,,FULL
2026-08-19,FLUX,WATCH,RETEST_PENDING,,FULL
2026-08-19,FLZH,NO_BARS,,,
2026-08-19,FMST,FOCUS,BROKEN_NEW_BASE,,FULL
2026-08-19,FNUC,WATCH,RETEST_PENDING,,FULL
2026-08-19,FOFO,WATCH,RETEST_PENDING,,FULL
2026-08-19,FRMM,WATCH,RETEST_IN_PROGRESS,,FULL
2026-08-19,FRSX,REJECTED,,FE-SCREEN-01/M3,
2026-08-19,FTCI,REJECTED,,FE-SCREEN-01/M3,
2026-08-19,FTFT,WATCH,RETEST_IN_PROGRESS,,FULL
2026-08-19,FUFU,REJECTED,,FE-SCREEN-01/M2_FLOOR,
2026-08-19,FWDI,WATCH,RETEST_PENDING,,FULL
2026-08-19,FXHO,WATCH,RETEST_PENDING,,FULL
2026-08-19,GCL,WATCH,RETEST_PENDING,,FULL
2026-08-19,GDC,WATCH,RETEST_PENDING,,FULL
2026-08-19,GDTC,WATCH,RETEST_PENDING,,FULL
2026-08-19,GELS,WATCH,RETEST_PENDING,,FULL
2026-08-19,GEOS,FOCUS,BROKEN_NEW_BASE,,FULL
2026-08-19,GITS,WATCH,RETEST_PENDING,,FULL
2026-08-19,GLXG,WATCH,RETEST_IN_PROGRESS,,FULL
2026-08-19,GMHS,FOCUS,BROKEN_NEW_BASE,,FULL
2026-08-19,GMM,WATCH,RETEST_PENDING,,FULL
2026-08-19,GNPX,READY,PRESS_RECLAIM,,FULL
2026-08-19,GNTA,WATCH,SWEEP_ACTIVE,,FULL
2026-08-19,GOGO,FOCUS,BROKEN_NEW_BASE,,FULL
2026-08-19,GRI,REJECTED,,FE-SCREEN-01/M3,
2026-08-19,GWAV,WATCH,RETEST_PENDING,,FULL
2026-08-19,GXAI,WATCH,RETEST_IN_PROGRESS,,FULL
2026-08-19,HCAI,WATCH,RETEST_PENDING,,FULL
2026-08-19,HCWB,WATCH,SWEEP_ACTIVE,,FULL
2026-08-19,HERE,WATCH,RETEST_PENDING,,FULL
2026-08-19,HKPD,WATCH,RETEST_PENDING,,FULL
2026-08-19,HODO,READY,PRESS_RECLAIM,,FULL
2026-08-19,HOLO,WATCH,RETEST_IN_PROGRESS,,FULL
2026-08-19,HOUR,READY,RETEST_HELD,,FULL
2026-08-19,HOWL,REJECTED,,FE-SCREEN-01/M3,
2026-08-19,HPAI,REJECTED,,FE-SCREEN-01/M3,
2026-08-19,HTZ,WATCH,RETEST_PENDING,,FULL
2026-08-19,HUMA,FOCUS,BROKEN_NEW_BASE,,FULL
2026-08-19,HYPD,WATCH,RETEST_PENDING,,FULL
2026-08-19,IBG,WATCH,RETEST_PENDING,,FULL
2026-08-19,ICCM,WATCH,RETEST_PENDING,,FULL
2026-08-19,ICU,READY,RETEST_HELD,,FULL
2026-08-19,ILLR,NO_BARS,,,
2026-08-19,IMNN,READY,RETEST_HELD,,FULL
2026-08-19,IMSR,WATCH,RETEST_PENDING,,FULL
2026-08-19,INSG,FOCUS,BROKEN_NEW_BASE,,FULL
2026-08-19,INTJ,WATCH,RETEST_PENDING,,FULL
2026-08-19,INTS,WATCH,RETEST_PENDING,,FULL
2026-08-19,IQST,WATCH,RETEST_PENDING,,FULL
2026-08-19,IXHL,WATCH,RETEST_PENDING,,FULL
2026-08-19,JAGX,FOCUS,BROKEN_NEW_BASE,,FULL
2026-08-19,JBDI,WATCH,RETEST_PENDING,,FULL
2026-08-19,JEM,WATCH,RETEST_PENDING,,FULL
2026-08-19,JFB,NO_BARS,,,
2026-08-19,JFIN,READY,RETEST_HELD,,FULL
2026-08-19,JSPR,WATCH,RETEST_PENDING,,FULL
2026-08-19,JTAI,FOCUS,BROKEN_NEW_BASE,,FULL
2026-08-19,JYD,WATCH,RETEST_PENDING,,FULL
2026-08-19,JZ,FOCUS,BROKEN_NEW_BASE,,FULL
2026-08-19,KALA,WATCH,RETEST_PENDING,,FULL
2026-08-19,KELYB,WATCH,RETEST_PENDING,,FULL
2026-08-19,KMRK,WATCH,RETEST_PENDING,,FULL
2026-08-19,KPLT,FOCUS,BASE_FORMING,,FULL
2026-08-19,KRRO,WATCH,RETEST_PENDING,,FULL
2026-08-19,KTTA,WATCH,RETEST_PENDING,,FULL
2026-08-19,KUST,REJECTED,,FE-SCREEN-01/M3,
2026-08-19,KWM,WATCH,RETEST_PENDING,,FULL
2026-08-19,KXIN,WATCH,RETEST_PENDING,,FULL
2026-08-19,LASE,WATCH,RETEST_PENDING,,FULL
2026-08-19,LFS,WATCH,RETEST_PENDING,,FULL
2026-08-19,LHAI,READY,PRESS_RECLAIM,,FULL
2026-08-19,LICN,WATCH,RETEST_PENDING,,FULL
2026-08-19,LNAI,WATCH,RETEST_PENDING,,FULL
2026-08-19,LNZA,WATCH,RETEST_PENDING,,FULL
2026-08-19,LSTA,WATCH,RETEST_PENDING,,FULL
2026-08-19,LTBR,WATCH,RETEST_PENDING,,FULL
2026-08-19,LX,REJECTED,,FE-SCREEN-01/M3,
2026-08-19,LXEH,WATCH,RETEST_PENDING,,FULL
2026-08-19,MASK,READY,RETEST_HELD,,FULL
2026-08-19,MATH,READY,PRESS_RECLAIM,,FULL
2026-08-19,MCRB,WATCH,SWEEP_ACTIVE,,FULL
2026-08-19,METC,WATCH,RETEST_PENDING,,FULL
2026-08-19,MKZR,WATCH,RETEST_PENDING,,FULL
2026-08-19,MNDR,WATCH,RETEST_PENDING,,FULL
2026-08-19,MNTS,WATCH,RETEST_IN_PROGRESS,,FULL
2026-08-19,MOBX,FOCUS,BROKEN_NEW_BASE,,FULL
2026-08-19,MRLN,READY,PRESS_RECLAIM,,FULL
2026-08-19,MRM,WATCH,RETEST_PENDING,,FULL
2026-08-19,MSAI,WATCH,RETEST_PENDING,,FULL
2026-08-19,MTEK,REJECTED,,FE-SCREEN-01/M3,
2026-08-19,MVST,WATCH,RETEST_IN_PROGRESS,,FULL
2026-08-19,NAKA,WATCH,RETEST_PENDING,,FULL
2026-08-19,NAMM,READY,RETEST_HELD,,FULL
2026-08-19,NBP,WATCH,RETEST_PENDING,,FULL
2026-08-19,NCI,WATCH,RETEST_PENDING,,FULL
2026-08-19,NCT,WATCH,RETEST_PENDING,,FULL
2026-08-19,NEON,WATCH,RETEST_PENDING,,FULL
2026-08-19,NIKI,WATCH,RETEST_PENDING,,FULL
2026-08-19,NIVF,FOCUS,BROKEN_NEW_BASE,,FULL
2026-08-19,NKLR,WATCH,RETEST_PENDING,,FULL
2026-08-19,NMTC,REJECTED,,FE-SCREEN-01/M3,
2026-08-19,NNNN,FOCUS,BROKEN_NEW_BASE,,FULL
2026-08-19,NPT,WATCH,RETEST_PENDING,,FULL
2026-08-19,NTCL,READY,BASE_HELD,,FULL
2026-08-19,NTRP,FOCUS,BROKEN_NEW_BASE,,FULL
2026-08-19,NVX,WATCH,RETEST_IN_PROGRESS,,FULL
2026-08-19,NXTS,WATCH,RETEST_PENDING,,FULL
2026-08-19,ODD,FOCUS,BASE_FORMING,,FULL
2026-08-19,OIO,WATCH,RETEST_PENDING,,FULL
2026-08-19,OLOX,FOCUS,BROKEN_NEW_BASE,,FULL
2026-08-19,OM,READY,RETEST_HELD,,FULL
2026-08-19,OMEX,WATCH,RETEST_PENDING,,FULL
2026-08-19,ONCO,REJECTED,,FE-SCREEN-01/M3,
2026-08-19,ORGO,WATCH,RETEST_PENDING,,FULL
2026-08-19,OTLK,FOCUS,BROKEN_NEW_BASE,,FULL
2026-08-19,PARA,FOCUS,BROKEN_NEW_BASE,,FULL
2026-08-19,PCSA,WATCH,RETEST_PENDING,,FULL
2026-08-19,PHIO,WATCH,RETEST_PENDING,,FULL
2026-08-19,PHOE,WATCH,RETEST_PENDING,,FULL
2026-08-19,PLCE,WATCH,SWEEP_ACTIVE,,FULL
2026-08-19,PLSM,FOCUS,BROKEN_NEW_BASE,,FULL
2026-08-19,PLYX,WATCH,RETEST_IN_PROGRESS,,FULL
2026-08-19,PMAX,FOCUS,BROKEN_NEW_BASE,,FULL
2026-08-19,PPBT,WATCH,RETEST_PENDING,,FULL
2026-08-19,PRFX,WATCH,SWEEP_ACTIVE,,FULL
2026-08-19,PROP,FOCUS,BROKEN_NEW_BASE,,FULL
2026-08-19,PRSO,WATCH,RETEST_IN_PROGRESS,,FULL
2026-08-19,PSIG,REJECTED,,FE-SCREEN-01/M3,
2026-08-19,PTLE,WATCH,RETEST_PENDING,,FULL
2026-08-19,PULM,REJECTED,,FE-SCREEN-01/M3,
2026-08-19,PWCM,FOCUS,BROKEN_NEW_BASE,,FULL
2026-08-19,QCLS,READY,RETEST_HELD,,FULL
2026-08-19,QNRX,WATCH,RETEST_PENDING,,FULL
2026-08-19,QSI,READY,RETEST_HELD,,FULL
2026-08-19,QTEX,WATCH,RETEST_IN_PROGRESS,,FULL
2026-08-19,RADX,READY,PRESS_RECLAIM,,FULL
2026-08-19,RAIN,FOCUS,BROKEN_NEW_BASE,,FULL
2026-08-19,RANI,WATCH,RETEST_PENDING,,FULL
2026-08-19,RAY,WATCH,RETEST_PENDING,,FULL
2026-08-19,RAYA,WATCH,RETEST_PENDING,,FULL
2026-08-19,RBNE,WATCH,RETEST_PENDING,,FULL
2026-08-19,RDAC,WATCH,RETEST_PENDING,,FULL
2026-08-19,RDHL,READY,BASE_HELD,,FULL
2026-08-19,RECT,WATCH,RETEST_PENDING,,FULL
2026-08-19,REKR,WATCH,RETEST_IN_PROGRESS,,FULL
2026-08-19,RENX,WATCH,RETEST_PENDING,,FULL
2026-08-19,REVB,REJECTED,,FE-SCREEN-01/M3,
2026-08-19,RGC,WATCH,RETEST_PENDING,,FULL
2026-08-19,RKDA,REJECTED,,FE-SCREEN-01/M3,
2026-08-19,RNAZ,FOCUS,BASE_FORMING,,FULL
2026-08-19,RR,WATCH,RETEST_PENDING,,FULL
2026-08-19,RVSN,WATCH,RETEST_PENDING,,FULL
2026-08-19,SAFX,WATCH,RETEST_PENDING,,FULL
2026-08-19,SAGT,WATCH,RETEST_PENDING,,FULL
2026-08-19,SBFM,READY,PRESS_RECLAIM,,FULL
2026-08-19,SCNX,WATCH,RETEST_PENDING,,FULL
2026-08-19,SCWO,WATCH,RETEST_PENDING,,FULL
2026-08-19,SDOT,FOCUS,BROKEN_NEW_BASE,,FULL
2026-08-19,SERV,WATCH,RETEST_IN_PROGRESS,,FULL
2026-08-19,SHPH,WATCH,RETEST_PENDING,,FULL
2026-08-19,SILO,FOCUS,BROKEN_NEW_BASE,,FULL
2026-08-19,SINT,WATCH,RETEST_PENDING,,FULL
2026-08-19,SKIN,WATCH,RETEST_IN_PROGRESS,,FULL
2026-08-19,SKYA,READY,RETEST_HELD,,FULL
2026-08-19,SKYQ,WATCH,RETEST_PENDING,,FULL
2026-08-19,SLBT,READY,RETEST_HELD,,FULL
2026-08-19,SLDP,WATCH,RETEST_IN_PROGRESS,,FULL
2026-08-19,SLNH,WATCH,RETEST_IN_PROGRESS,,FULL
2026-08-19,SLSN,WATCH,RETEST_PENDING,,FULL
2026-08-19,SNAL,WATCH,RETEST_PENDING,,FULL
2026-08-19,SNES,READY,BASE_HELD,,FULL
2026-08-19,SNOA,WATCH,RETEST_PENDING,,FULL
2026-08-19,SNTG,WATCH,RETEST_IN_PROGRESS,,FULL
2026-08-19,SNTI,REJECTED,,FE-SCREEN-01/M3,
2026-08-19,SOBR,NO_BARS,,,
2026-08-19,SONM,WATCH,RETEST_PENDING,,FULL
2026-08-19,SOWG,WATCH,RETEST_PENDING,,FULL
2026-08-19,SPRB,WATCH,RETEST_PENDING,,FULL
2026-08-19,SSM,REJECTED,,FE-SCREEN-01/M3,
2026-08-19,STEX,WATCH,RETEST_PENDING,,FULL
2026-08-19,STFS,WATCH,RETEST_PENDING,,FULL
2026-08-19,STKE,READY,RETEST_HELD,,FULL
2026-08-19,SUNE,WATCH,RETEST_PENDING,,FULL
2026-08-19,SUPX,WATCH,RETEST_PENDING,,FULL
2026-08-19,SVRE,WATCH,RETEST_PENDING,,FULL
2026-08-19,SVRN,WATCH,RETEST_PENDING,,FULL
2026-08-19,SXTP,READY,PRESS_RECLAIM,,FULL
2026-08-19,TAOP,WATCH,RETEST_PENDING,,FULL
2026-08-19,TC,WATCH,RETEST_PENDING,,FULL
2026-08-19,TDIC,WATCH,RETEST_PENDING,,FULL
2026-08-19,TDTH,WATCH,RETEST_PENDING,,FULL
2026-08-19,TGL,WATCH,RETEST_IN_PROGRESS,,FULL
2026-08-19,TLRY,WATCH,RETEST_PENDING,,FULL
2026-08-19,TNXP,WATCH,RETEST_PENDING,,FULL
2026-08-19,TONX,WATCH,RETEST_IN_PROGRESS,,FULL
2026-08-19,TRAW,WATCH,RETEST_PENDING,,FULL
2026-08-19,TRNR,WATCH,RETEST_PENDING,,FULL
2026-08-19,TURB,WATCH,RETEST_PENDING,,FULL
2026-08-19,TVGN,WATCH,RETEST_PENDING,,FULL
2026-08-19,TVRD,WATCH,RETEST_IN_PROGRESS,,FULL
2026-08-19,UCAR,WATCH,RETEST_PENDING,,FULL
2026-08-19,UFG,WATCH,RETEST_PENDING,,FULL
2026-08-19,UONE,READY,RETEST_HELD,,FULL
2026-08-19,UPXI,READY,PRESS_RECLAIM,,FULL
2026-08-19,UXIN,REJECTED,,FE-SCREEN-01/M3,
2026-08-19,VEEE,WATCH,RETEST_PENDING,,FULL
2026-08-19,VERI,READY,PRESS_RECLAIM,,FULL
2026-08-19,VHUB,WATCH,RETEST_PENDING,,FULL
2026-08-19,VIOT,WATCH,SWEEP_ACTIVE,,FULL
2026-08-19,VMAR,WATCH,RETEST_PENDING,,FULL
2026-08-19,VRAX,READY,RETEST_HELD,,FULL
2026-08-19,WBUY,WATCH,RETEST_PENDING,,FULL
2026-08-19,WIMI,REJECTED,,FE-SCREEN-01/M3,
2026-08-19,WKSP,WATCH,RETEST_IN_PROGRESS,,FULL
2026-08-19,WNW,WATCH,RETEST_PENDING,,FULL
2026-08-19,WSHP,READY,RETEST_HELD,,FULL
2026-08-19,XAIR,WATCH,RETEST_IN_PROGRESS,,FULL
2026-08-19,XBIO,WATCH,RETEST_PENDING,,FULL
2026-08-19,XBP,WATCH,RETEST_PENDING,,FULL
2026-08-19,XCUR,FOCUS,BROKEN_NEW_BASE,,FULL
2026-08-19,XPON,WATCH,RETEST_PENDING,,FULL
2026-08-19,XXII,WATCH,RETEST_IN_PROGRESS,,FULL
2026-08-19,YDKG,FOCUS,BASE_FORMING,,FULL
2026-08-19,YHC,WATCH,RETEST_PENDING,,FULL
2026-08-19,YMAT,WATCH,RETEST_PENDING,,FULL
2026-08-19,YOUL,WATCH,RETEST_PENDING,,FULL
2026-08-19,YSXT,WATCH,RETEST_PENDING,,FULL
2026-08-19,ZCMD,WATCH,RETEST_PENDING,,FULL
2026-08-19,ZNB,FOCUS,BROKEN_NEW_BASE,,FULL
2026-08-19,ZOOZ,WATCH,RETEST_PENDING,,FULL
2026-08-19,ZSQR,FOCUS,BROKEN_NEW_BASE,,FULL
2026-08-19,ZSTK,WATCH,RETEST_PENDING,,FULL
2026-08-20,ABAT,WATCH,RETEST_PENDING,,FULL
2026-08-20,ABTC,WATCH,RETEST_PENDING,,FULL
2026-08-20,ABTS,WATCH,RETEST_PENDING,,FULL
2026-08-20,ABVC,FOCUS,BROKEN_NEW_BASE,,FULL
2026-08-20,ACON,WATCH,RETEST_PENDING,,FULL
2026-08-20,ACXP,READY,PRESS_RECLAIM,,FULL
2026-08-20,AEMD,READY,RETEST_HELD,,FULL
2026-08-20,AHMA,WATCH,RETEST_PENDING,,FULL
2026-08-20,AIFC,WATCH,RETEST_PENDING,,FULL
2026-08-20,AIHS,WATCH,RETEST_PENDING,,FULL
2026-08-20,AIIO,WATCH,RETEST_PENDING,,FULL
2026-08-20,AIOS,WATCH,RETEST_PENDING,,FULL
2026-08-20,AIRE,WATCH,RETEST_PENDING,,FULL
2026-08-20,AIRS,WATCH,RETEST_IN_PROGRESS,,FULL
2026-08-20,AIXI,FOCUS,BROKEN_NEW_BASE,,FULL
2026-08-20,AKAN,WATCH,SWEEP_ACTIVE,,FULL
2026-08-20,AKTX,FOCUS,BROKEN_NEW_BASE,,FULL
2026-08-20,ALAR,READY,RETEST_HELD,,FULL
2026-08-20,ALDX,WATCH,RETEST_PENDING,,FULL
2026-08-20,AMBR,FOCUS,BROKEN_NEW_BASE,,FULL
2026-08-20,AMCI,WATCH,RETEST_PENDING,,FULL
2026-08-20,AMOD,WATCH,RETEST_PENDING,,FULL
2026-08-20,ANPA,WATCH,RETEST_PENDING,,FULL
2026-08-20,ANY,WATCH,RETEST_PENDING,,FULL
2026-08-20,APVO,FOCUS,BROKEN_NEW_BASE,,FULL
2026-08-20,AQMS,READY,RETEST_HELD,,FULL
2026-08-20,ARBE,WATCH,RETEST_PENDING,,FULL
2026-08-20,ARTL,READY,PRESS_RECLAIM,,FULL
2026-08-20,ASBP,WATCH,RETEST_PENDING,,FULL
2026-08-20,ASPI,REJECTED,,FE-SCREEN-01/M3,
2026-08-20,ASTC,WATCH,RETEST_PENDING,,FULL
2026-08-20,ATER,WATCH,RETEST_PENDING,,FULL
2026-08-20,ATPC,WATCH,RETEST_IN_PROGRESS,,FULL
2026-08-20,ATXG,WATCH,RETEST_PENDING,,FULL
2026-08-20,ATYR,WATCH,RETEST_PENDING,,FULL
2026-08-20,AURE,WATCH,RETEST_PENDING,,FULL
2026-08-20,AUUD,WATCH,RETEST_PENDING,,FULL
2026-08-20,AZIO,READY,RETEST_HELD,,FULL
2026-08-20,BBLG,REJECTED,,FE-SCREEN-01/M3,
2026-08-20,BCAB,NO_BARS,,,
2026-08-20,BCTX,WATCH,RETEST_PENDING,,FULL
2026-08-20,BDRX,WATCH,RETEST_PENDING,,FULL
2026-08-20,BETR,FOCUS,BROKEN_NEW_BASE,,FULL
2026-08-20,BFRG,READY,RETEST_HELD,,FULL
2026-08-20,BGDE,WATCH,RETEST_PENDING,,FULL
2026-08-20,BGLC,WATCH,RETEST_PENDING,,FULL
2026-08-20,BIAF,FOCUS,BROKEN_NEW_BASE,,FULL
2026-08-20,BIOX,WATCH,RETEST_PENDING,,FULL
2026-08-20,BJDX,WATCH,RETEST_PENDING,,FULL
2026-08-20,BKYI,REJECTED,,FE-SCREEN-01/M3,
2026-08-20,BLNE,WATCH,RETEST_PENDING,,FULL
2026-08-20,BLNK,WATCH,RETEST_PENDING,,FULL
2026-08-20,BMGL,WATCH,RETEST_PENDING,,FULL
2026-08-20,BNAI,WATCH,RETEST_PENDING,,FULL
2026-08-20,BNC,WATCH,RETEST_PENDING,,FULL
2026-08-20,BNKK,WATCH,RETEST_PENDING,,FULL
2026-08-20,BRFH,REJECTED,,FE-SCREEN-01/M3,
2026-08-20,BRLS,WATCH,RETEST_PENDING,,FULL
2026-08-20,BTOG,WATCH,RETEST_PENDING,,FULL
2026-08-20,BYRN,REJECTED,,FE-SCREEN-01/M3,
2026-08-20,CALC,FOCUS,BROKEN_NEW_BASE,,FULL
2026-08-20,CCHH,WATCH,RETEST_PENDING,,FULL
2026-08-20,CCTG,READY,RETEST_HELD,,FULL
2026-08-20,CD,WATCH,RETEST_PENDING,,FULL
2026-08-20,CDIO,WATCH,RETEST_PENDING,,FULL
2026-08-20,CDT,WATCH,RETEST_PENDING,,FULL
2026-08-20,CELU,WATCH,RETEST_PENDING,,FULL
2026-08-20,CETX,WATCH,RETEST_PENDING,,FULL
2026-08-20,CGTL,WATCH,RETEST_PENDING,,FULL
2026-08-20,CGTX,WATCH,RETEST_IN_PROGRESS,,FULL
2026-08-20,CHR,WATCH,RETEST_PENDING,,FULL
2026-08-20,CHSN,WATCH,RETEST_PENDING,,FULL
2026-08-20,CIRC,WATCH,RETEST_PENDING,,FULL
2026-08-20,CMND,WATCH,RETEST_PENDING,,FULL
2026-08-20,CMTL,READY,RETEST_HELD,,FULL
2026-08-20,CNCK,WATCH,RETEST_PENDING,,FULL
2026-08-20,CNEY,WATCH,RETEST_PENDING,,FULL
2026-08-20,CNTN,WATCH,RETEST_PENDING,,FULL
2026-08-20,CNTX,WATCH,RETEST_IN_PROGRESS,,FULL
2026-08-20,CODX,FOCUS,BROKEN_NEW_BASE,,FULL
2026-08-20,COOT,WATCH,RETEST_PENDING,,FULL
2026-08-20,CPSH,WATCH,RETEST_PENDING,,FULL
2026-08-20,CRDF,REJECTED,,FE-SCREEN-01/M3,
2026-08-20,CRE,WATCH,RETEST_IN_PROGRESS,,FULL
2026-08-20,CRML,WATCH,RETEST_PENDING,,FULL
2026-08-20,CRVO,READY,RETEST_HELD,,FULL
2026-08-20,CTNT,READY,RETEST_HELD,,FULL
2026-08-20,CVKD,REJECTED,,FE-SCREEN-01/M3,
2026-08-20,CWD,WATCH,RETEST_PENDING,,FULL
2026-08-20,DARE,FOCUS,BROKEN_NEW_BASE,,FULL
2026-08-20,DCOY,READY,PRESS_RECLAIM,,FULL
2026-08-20,DFDV,WATCH,RETEST_PENDING,,FULL
2026-08-20,DFLI,READY,RETEST_HELD,,FULL
2026-08-20,DLXY,WATCH,RETEST_PENDING,,FULL
2026-08-20,DOGZ,WATCH,RETEST_PENDING,,FULL
2026-08-20,DOMO,WATCH,RETEST_PENDING,,FULL
2026-08-20,DPU,WATCH,RETEST_PENDING,,FULL
2026-08-20,DRCT,NO_BARS,,,
2026-08-20,DRMA,REJECTED,,FE-SCREEN-01/M3,
2026-08-20,DSY,WATCH,RETEST_PENDING,,FULL
2026-08-20,DUO,WATCH,RETEST_PENDING,,FULL
2026-08-20,DXST,WATCH,RETEST_PENDING,,FULL
2026-08-20,EDBL,FOCUS,BROKEN_NEW_BASE,,FULL
2026-08-20,EFOI,WATCH,SWEEP_ACTIVE,,FULL
2026-08-20,ELAB,FOCUS,BROKEN_NEW_BASE,,FULL
2026-08-20,ELTX,WATCH,RETEST_PENDING,,FULL
2026-08-20,EMPD,REJECTED,,FE-SCREEN-01/M2_FLOOR,
2026-08-20,ENGN,WATCH,RETEST_PENDING,,FULL
2026-08-20,ENGS,WATCH,RETEST_PENDING,,FULL
2026-08-20,ENLV,FOCUS,BROKEN_NEW_BASE,,FULL
2026-08-20,ENVX,FOCUS,BROKEN_NEW_BASE,,FULL
2026-08-20,EOSE,WATCH,RETEST_PENDING,,FULL
2026-08-20,EPSM,WATCH,RETEST_PENDING,,FULL
2026-08-20,ERNA,WATCH,RETEST_PENDING,,FULL
2026-08-20,ESLA,WATCH,RETEST_IN_PROGRESS,,FULL
2026-08-20,EUDA,WATCH,RETEST_PENDING,,FULL
2026-08-20,EVAX,WATCH,RETEST_IN_PROGRESS,,FULL
2026-08-20,FABC,WATCH,RETEST_PENDING,,FULL
2026-08-20,FBLG,WATCH,RETEST_PENDING,,FULL
2026-08-20,FEED,NO_BARS,,,
2026-08-20,FEMY,FOCUS,BROKEN_NEW_BASE,,FULL
2026-08-20,FGNX,WATCH,RETEST_PENDING,,FULL
2026-08-20,FLUX,WATCH,RETEST_PENDING,,FULL
2026-08-20,FLZH,NO_BARS,,,
2026-08-20,FMST,FOCUS,BROKEN_NEW_BASE,,FULL
2026-08-20,FNUC,WATCH,RETEST_PENDING,,FULL
2026-08-20,FOFO,WATCH,RETEST_PENDING,,FULL
2026-08-20,FRMM,WATCH,RETEST_PENDING,,FULL
2026-08-20,FRSX,REJECTED,,FE-SCREEN-01/M3,
2026-08-20,FTCI,REJECTED,,FE-SCREEN-01/M3,
2026-08-20,FTFT,WATCH,RETEST_IN_PROGRESS,,FULL
2026-08-20,FUFU,REJECTED,,FE-SCREEN-01/M2_FLOOR,
2026-08-20,FWDI,WATCH,RETEST_PENDING,,FULL
2026-08-20,FXHO,WATCH,RETEST_PENDING,,FULL
2026-08-20,GDC,WATCH,RETEST_PENDING,,FULL
2026-08-20,GDEV,FOCUS,BROKEN_NEW_BASE,,FULL
2026-08-20,GDTC,WATCH,RETEST_PENDING,,FULL
2026-08-20,GELS,WATCH,RETEST_PENDING,,FULL
2026-08-20,GEOS,FOCUS,BROKEN_NEW_BASE,,FULL
2026-08-20,GIBO,WATCH,RETEST_PENDING,,FULL
2026-08-20,GITS,WATCH,RETEST_PENDING,,FULL
2026-08-20,GLXG,WATCH,RETEST_PENDING,,FULL
2026-08-20,GMHS,FOCUS,BROKEN_NEW_BASE,,FULL
2026-08-20,GMM,WATCH,RETEST_PENDING,,FULL
2026-08-20,GNPX,READY,PRESS_RECLAIM,,FULL
2026-08-20,GNTA,READY,PRESS_RECLAIM,,FULL
2026-08-20,GOGO,FOCUS,BROKEN_NEW_BASE,,FULL
2026-08-20,GOVX,WATCH,SWEEP_ACTIVE,,FULL
2026-08-20,GRI,REJECTED,,FE-SCREEN-01/M3,
2026-08-20,GUTS,WATCH,RETEST_IN_PROGRESS,,FULL
2026-08-20,GWAV,WATCH,RETEST_IN_PROGRESS,,FULL
2026-08-20,HCAI,WATCH,RETEST_PENDING,,FULL
2026-08-20,HCWB,WATCH,SWEEP_ACTIVE,,FULL
2026-08-20,HERE,WATCH,RETEST_PENDING,,FULL
2026-08-20,HIT,WATCH,RETEST_PENDING,,FULL
2026-08-20,HOLO,WATCH,RETEST_PENDING,,FULL
2026-08-20,HOUR,READY,RETEST_HELD,,FULL
2026-08-20,HOWL,REJECTED,,FE-SCREEN-01/M3,
2026-08-20,HPAI,REJECTED,,FE-SCREEN-01/M3,
2026-08-20,HTZ,WATCH,RETEST_PENDING,,FULL
2026-08-20,HXHX,WATCH,RETEST_PENDING,,FULL
2026-08-20,HYPD,WATCH,RETEST_PENDING,,FULL
2026-08-20,IBG,WATCH,RETEST_PENDING,,FULL
2026-08-20,ICCM,WATCH,RETEST_PENDING,,FULL
2026-08-20,ICON,WATCH,RETEST_PENDING,,FULL
2026-08-20,ICU,READY,RETEST_HELD,,FULL
2026-08-20,ILLR,NO_BARS,,,
2026-08-20,IMNN,READY,RETEST_HELD,,FULL
2026-08-20,IMSR,WATCH,RETEST_PENDING,,FULL
2026-08-20,INDP,FOCUS,BROKEN_NEW_BASE,,FULL
2026-08-20,INSG,FOCUS,BROKEN_NEW_BASE,,FULL
2026-08-20,INTJ,WATCH,RETEST_PENDING,,FULL
2026-08-20,INTS,WATCH,RETEST_PENDING,,FULL
2026-08-20,INTZ,FOCUS,BROKEN_NEW_BASE,,FULL
2026-08-20,IQST,WATCH,RETEST_PENDING,,FULL
2026-08-20,ISPC,WATCH,RETEST_PENDING,,FULL
2026-08-20,IXHL,WATCH,RETEST_PENDING,,FULL
2026-08-20,JAGX,WATCH,RETEST_PENDING,,FULL
2026-08-20,JBDI,WATCH,RETEST_PENDING,,FULL
2026-08-20,JEM,WATCH,RETEST_PENDING,,FULL
2026-08-20,JFB,NO_BARS,,,
2026-08-20,JFIN,READY,RETEST_HELD,,FULL
2026-08-20,JSPR,WATCH,RETEST_PENDING,,FULL
2026-08-20,JTAI,FOCUS,BROKEN_NEW_BASE,,FULL
2026-08-20,JYD,WATCH,RETEST_PENDING,,FULL
2026-08-20,JZ,FOCUS,BROKEN_NEW_BASE,,FULL
2026-08-20,KALA,WATCH,RETEST_PENDING,,FULL
2026-08-20,KMRK,WATCH,RETEST_PENDING,,FULL
2026-08-20,KPLT,FOCUS,BASE_FORMING,,FULL
2026-08-20,KRRO,WATCH,RETEST_PENDING,,FULL
2026-08-20,KTTA,WATCH,RETEST_PENDING,,FULL
2026-08-20,KUST,REJECTED,,FE-SCREEN-01/M3,
2026-08-20,KXIN,WATCH,RETEST_PENDING,,FULL
2026-08-20,LASE,WATCH,RETEST_PENDING,,FULL
2026-08-20,LFS,WATCH,RETEST_PENDING,,FULL
2026-08-20,LHAI,READY,PRESS_RECLAIM,,FULL
2026-08-20,LICN,WATCH,RETEST_PENDING,,FULL
2026-08-20,LNAI,WATCH,RETEST_PENDING,,FULL
2026-08-20,LNKS,READY,PRESS_RECLAIM,,FULL
2026-08-20,LNZA,WATCH,RETEST_PENDING,,FULL
2026-08-20,LSTA,WATCH,RETEST_IN_PROGRESS,,FULL
2026-08-20,LTBR,WATCH,RETEST_PENDING,,FULL
2026-08-20,LX,REJECTED,,FE-SCREEN-01/M3,
2026-08-20,LXEH,WATCH,RETEST_PENDING,,FULL
2026-08-20,MASK,WATCH,RETEST_PENDING,,FULL
2026-08-20,MATH,READY,PRESS_RECLAIM,,FULL
2026-08-20,MCRB,READY,PRESS_RECLAIM,,FULL
2026-08-20,METC,WATCH,RETEST_PENDING,,FULL
2026-08-20,MKZR,WATCH,RETEST_PENDING,,FULL
2026-08-20,MNDR,WATCH,RETEST_PENDING,,FULL
2026-08-20,MNTS,WATCH,RETEST_IN_PROGRESS,,FULL
2026-08-20,MOBX,FOCUS,BROKEN_NEW_BASE,,FULL
2026-08-20,MRLN,READY,PRESS_RECLAIM,,FULL
2026-08-20,MRM,WATCH,RETEST_PENDING,,FULL
2026-08-20,MSAI,WATCH,RETEST_PENDING,,FULL
2026-08-20,MTEK,REJECTED,,FE-SCREEN-01/M3,
2026-08-20,MVST,READY,RETEST_HELD,,FULL
2026-08-20,NAKA,WATCH,RETEST_PENDING,,FULL
2026-08-20,NAMM,READY,RETEST_HELD,,FULL
2026-08-20,NCI,WATCH,RETEST_PENDING,,FULL
2026-08-20,NCRA,WATCH,RETEST_PENDING,,FULL
2026-08-20,NCT,WATCH,RETEST_PENDING,,FULL
2026-08-20,NEON,WATCH,RETEST_PENDING,,FULL
2026-08-20,NIKI,WATCH,RETEST_PENDING,,FULL
2026-08-20,NIPG,WATCH,RETEST_PENDING,,FULL
2026-08-20,NIVF,FOCUS,BROKEN_NEW_BASE,,FULL
2026-08-20,NNNN,FOCUS,BROKEN_NEW_BASE,,FULL
2026-08-20,NPT,WATCH,RETEST_PENDING,,FULL
2026-08-20,NTCL,READY,BASE_HELD,,FULL
2026-08-20,NTRP,FOCUS,BROKEN_NEW_BASE,,FULL
2026-08-20,NVNI,NO_BARS,,,
2026-08-20,NVX,WATCH,RETEST_IN_PROGRESS,,FULL
2026-08-20,NXTS,WATCH,RETEST_PENDING,,FULL
2026-08-20,ODD,FOCUS,BASE_FORMING,,FULL
2026-08-20,OIO,WATCH,RETEST_PENDING,,FULL
2026-08-20,OM,READY,RETEST_HELD,,FULL
2026-08-20,OMEX,WATCH,RETEST_PENDING,,FULL
2026-08-20,ONCO,REJECTED,,FE-SCREEN-01/M3,
2026-08-20,ORGO,WATCH,RETEST_PENDING,,FULL
2026-08-20,OTLK,FOCUS,BROKEN_NEW_BASE,,FULL
2026-08-20,PARA,FOCUS,BROKEN_NEW_BASE,,FULL
2026-08-20,PBM,WATCH,RETEST_PENDING,,FULL
2026-08-20,PCSA,WATCH,RETEST_PENDING,,FULL
2026-08-20,PHIO,WATCH,RETEST_PENDING,,FULL
2026-08-20,PHOE,WATCH,RETEST_PENDING,,FULL
2026-08-20,PLCE,READY,PRESS_RECLAIM,,FULL
2026-08-20,PLSM,FOCUS,BROKEN_NEW_BASE,,FULL
2026-08-20,PLYX,WATCH,RETEST_PENDING,,FULL
2026-08-20,PMAX,FOCUS,BROKEN_NEW_BASE,,FULL
2026-08-20,POLA,WATCH,RETEST_PENDING,,FULL
2026-08-20,PPBT,WATCH,RETEST_PENDING,,FULL
2026-08-20,PPCB,WATCH,RETEST_PENDING,,FULL
2026-08-20,PRFX,READY,PRESS_RECLAIM,,FULL
2026-08-20,PROP,FOCUS,BROKEN_NEW_BASE,,FULL
2026-08-20,PRSO,WATCH,RETEST_IN_PROGRESS,,FULL
2026-08-20,PULM,REJECTED,,FE-SCREEN-01/M3,
2026-08-20,PWCM,FOCUS,BROKEN_NEW_BASE,,FULL
2026-08-20,QCLS,READY,RETEST_HELD,,FULL
2026-08-20,QNRX,WATCH,RETEST_PENDING,,FULL
2026-08-20,QSI,READY,RETEST_HELD,,FULL
2026-08-20,RAIN,FOCUS,BROKEN_NEW_BASE,,FULL
2026-08-20,RANI,WATCH,RETEST_PENDING,,FULL
2026-08-20,RAYA,WATCH,RETEST_PENDING,,FULL
2026-08-20,RBNE,WATCH,RETEST_PENDING,,FULL
2026-08-20,RDHL,READY,BASE_HELD,,FULL
2026-08-20,RECT,WATCH,RETEST_PENDING,,FULL
2026-08-20,REKR,WATCH,RETEST_IN_PROGRESS,,FULL
2026-08-20,RENX,WATCH,RETEST_PENDING,,FULL
2026-08-20,REVB,REJECTED,,FE-SCREEN-01/M3,
2026-08-20,RGC,WATCH,RETEST_PENDING,,FULL
2026-08-20,RKDA,REJECTED,,FE-SCREEN-01/M3,
2026-08-20,RNAZ,FOCUS,BASE_FORMING,,FULL
2026-08-20,RR,WATCH,RETEST_PENDING,,FULL
2026-08-20,RVSN,REJECTED,,FE-SCREEN-01/RSI_NOW,
2026-08-20,SAGT,WATCH,RETEST_IN_PROGRESS,,FULL
2026-08-20,SBFM,READY,PRESS_RECLAIM,,FULL
2026-08-20,SCLX,WATCH,SWEEP_ACTIVE,,FULL
2026-08-20,SCNX,WATCH,RETEST_PENDING,,FULL
2026-08-20,SDOT,FOCUS,BROKEN_NEW_BASE,,FULL
2026-08-20,SDST,WATCH,RETEST_PENDING,,FULL
2026-08-20,SERV,READY,RETEST_HELD,,FULL
2026-08-20,SHPH,WATCH,RETEST_PENDING,,FULL
2026-08-20,SILO,FOCUS,BROKEN_NEW_BASE,,FULL
2026-08-20,SINT,WATCH,RETEST_IN_PROGRESS,,FULL
2026-08-20,SKIN,READY,RETEST_HELD,,FULL
2026-08-20,SKYA,WATCH,RETEST_PENDING,,FULL
2026-08-20,SKYQ,WATCH,RETEST_PENDING,,FULL
2026-08-20,SLBT,READY,RETEST_HELD,,FULL
2026-08-20,SLDP,WATCH,RETEST_PENDING,,FULL
2026-08-20,SLNH,WATCH,RETEST_PENDING,,FULL
2026-08-20,SLSN,WATCH,RETEST_PENDING,,FULL
2026-08-20,SNAL,WATCH,RETEST_PENDING,,FULL
2026-08-20,SNES,READY,BASE_HELD,,FULL
2026-08-20,SNOA,WATCH,RETEST_PENDING,,FULL
2026-08-20,SNTG,WATCH,RETEST_IN_PROGRESS,,FULL
2026-08-20,SNTI,REJECTED,,FE-SCREEN-01/M3,
2026-08-20,SOBR,NO_BARS,,,
2026-08-20,SONM,WATCH,RETEST_PENDING,,FULL
2026-08-20,SOWG,WATCH,RETEST_PENDING,,FULL
2026-08-20,SPRB,WATCH,RETEST_PENDING,,FULL
2026-08-20,SPRC,WATCH,RETEST_PENDING,,FULL
2026-08-20,SSM,REJECTED,,FE-SCREEN-01/M3,
2026-08-20,STEX,WATCH,RETEST_PENDING,,FULL
2026-08-20,STFS,WATCH,RETEST_PENDING,,FULL
2026-08-20,STKE,WATCH,RETEST_PENDING,,FULL
2026-08-20,SUNE,WATCH,RETEST_PENDING,,FULL
2026-08-20,SUPX,WATCH,RETEST_PENDING,,FULL
2026-08-20,SVRE,WATCH,RETEST_PENDING,,FULL
2026-08-20,SVRN,WATCH,RETEST_PENDING,,FULL
2026-08-20,SXTP,READY,PRESS_RECLAIM,,FULL
2026-08-20,TAOP,WATCH,RETEST_PENDING,,FULL
2026-08-20,TC,WATCH,RETEST_PENDING,,FULL
2026-08-20,TDIC,WATCH,RETEST_IN_PROGRESS,,FULL
2026-08-20,TDTH,WATCH,RETEST_PENDING,,FULL
2026-08-20,TGL,READY,RETEST_HELD,,FULL
2026-08-20,TLRY,WATCH,RETEST_PENDING,,FULL
2026-08-20,TNXP,REJECTED,,FE-SCREEN-01/M2_FLOOR,
2026-08-20,TONX,WATCH,RETEST_PENDING,,FULL
2026-08-20,TOYO,READY,PRESS_RECLAIM,,FULL
2026-08-20,TRAW,WATCH,RETEST_PENDING,,FULL
2026-08-20,TRNR,WATCH,RETEST_PENDING,,FULL
2026-08-20,TURB,WATCH,RETEST_PENDING,,FULL
2026-08-20,TVGN,WATCH,RETEST_PENDING,,FULL
2026-08-20,TVRD,READY,RETEST_HELD,,FULL
2026-08-20,UCAR,WATCH,RETEST_PENDING,,FULL
2026-08-20,UFG,WATCH,RETEST_PENDING,,FULL
2026-08-20,UONE,READY,RETEST_HELD,,FULL
2026-08-20,UPXI,READY,PRESS_RECLAIM,,FULL
2026-08-20,UXIN,REJECTED,,FE-SCREEN-01/M3,
2026-08-20,VEEE,WATCH,RETEST_PENDING,,FULL
2026-08-20,VERI,READY,PRESS_RECLAIM,,FULL
2026-08-20,VIOT,WATCH,SWEEP_ACTIVE,,FULL
2026-08-20,VMAR,WATCH,RETEST_PENDING,,FULL
2026-08-20,VRAX,WATCH,RETEST_PENDING,,FULL
2026-08-20,VWAV,WATCH,RETEST_PENDING,,FULL
2026-08-20,WBUY,WATCH,RETEST_PENDING,,FULL
2026-08-20,WIMI,REJECTED,,FE-SCREEN-01/M3,
2026-08-20,WKSP,WATCH,RETEST_IN_PROGRESS,,FULL
2026-08-20,WNW,WATCH,RETEST_IN_PROGRESS,,FULL
2026-08-20,WSHP,READY,RETEST_HELD,,FULL
2026-08-20,XBIO,WATCH,RETEST_PENDING,,FULL
2026-08-20,XBP,WATCH,RETEST_PENDING,,FULL
2026-08-20,XCUR,FOCUS,BROKEN_NEW_BASE,,FULL
2026-08-20,XELB,FOCUS,BROKEN_NEW_BASE,,FULL
2026-08-20,XPON,WATCH,RETEST_PENDING,,FULL
2026-08-20,XXII,READY,RETEST_HELD,,FULL
2026-08-20,YDKG,FOCUS,BASE_FORMING,,FULL
2026-08-20,YHC,WATCH,RETEST_PENDING,,FULL
2026-08-20,YMAT,WATCH,RETEST_PENDING,,FULL
2026-08-20,YOUL,WATCH,RETEST_PENDING,,FULL
2026-08-20,YSXT,WATCH,RETEST_PENDING,,FULL
2026-08-20,ZCMD,WATCH,RETEST_PENDING,,FULL
2026-08-20,ZENA,WATCH,RETEST_PENDING,,FULL
2026-08-20,ZOOZ,WATCH,RETEST_PENDING,,FULL
2026-08-20,ZSQR,FOCUS,BROKEN_NEW_BASE,,FULL
2026-08-21,ABAT,WATCH,RETEST_PENDING,,FULL
2026-08-21,ABTC,WATCH,RETEST_PENDING,,FULL
2026-08-21,ABTS,WATCH,RETEST_PENDING,,FULL
2026-08-21,ABVC,FOCUS,BROKEN_NEW_BASE,,FULL
2026-08-21,ACON,WATCH,RETEST_PENDING,,FULL
2026-08-21,ACXP,READY,PRESS_RECLAIM,,FULL
2026-08-21,AGMH,WATCH,RETEST_PENDING,,FULL
2026-08-21,AHMA,WATCH,RETEST_PENDING,,FULL
2026-08-21,AIFC,WATCH,RETEST_PENDING,,FULL
2026-08-21,AIHS,WATCH,RETEST_PENDING,,FULL
2026-08-21,AIIO,WATCH,RETEST_PENDING,,FULL
2026-08-21,AIOS,WATCH,RETEST_PENDING,,FULL
2026-08-21,AIRE,WATCH,RETEST_IN_PROGRESS,,FULL
2026-08-21,AIRS,READY,RETEST_HELD,,FULL
2026-08-21,AKTX,FOCUS,BROKEN_NEW_BASE,,FULL
2026-08-21,ALAR,READY,RETEST_HELD,,FULL
2026-08-21,ALDX,WATCH,RETEST_PENDING,,FULL
2026-08-21,AMBR,FOCUS,BROKEN_NEW_BASE,,FULL
2026-08-21,AMCI,WATCH,RETEST_PENDING,,FULL
2026-08-21,AMOD,WATCH,RETEST_PENDING,,FULL
2026-08-21,ANPA,WATCH,RETEST_PENDING,,FULL
2026-08-21,ANY,WATCH,RETEST_PENDING,,FULL
2026-08-21,APVO,FOCUS,BROKEN_NEW_BASE,,FULL
2026-08-21,AQMS,READY,RETEST_HELD,,FULL
2026-08-21,ARBE,WATCH,RETEST_PENDING,,FULL
2026-08-21,ASBP,WATCH,RETEST_PENDING,,FULL
2026-08-21,ASPI,REJECTED,,FE-SCREEN-01/M3,
2026-08-21,ASTC,WATCH,RETEST_PENDING,,FULL
2026-08-21,ATER,WATCH,RETEST_PENDING,,FULL
2026-08-21,ATPC,READY,RETEST_HELD,,FULL
2026-08-21,ATXG,WATCH,RETEST_PENDING,,FULL
2026-08-21,ATYR,WATCH,RETEST_PENDING,,FULL
2026-08-21,AURE,WATCH,RETEST_PENDING,,FULL
2026-08-21,AUUD,WATCH,RETEST_PENDING,,FULL
2026-08-21,BCAB,NO_BARS,,,
2026-08-21,BCTX,WATCH,RETEST_PENDING,,FULL
2026-08-21,BDRX,WATCH,RETEST_PENDING,,FULL
2026-08-21,BEAT,READY,PRESS_RECLAIM,,FULL
2026-08-21,BFRG,READY,RETEST_HELD,,FULL
2026-08-21,BGDE,WATCH,RETEST_PENDING,,FULL
2026-08-21,BGLC,WATCH,RETEST_PENDING,,FULL
2026-08-21,BIAF,WATCH,RETEST_PENDING,,FULL
2026-08-21,BIOX,WATCH,RETEST_PENDING,,FULL
2026-08-21,BIYA,WATCH,RETEST_PENDING,,FULL
2026-08-21,BJDX,WATCH,RETEST_IN_PROGRESS,,FULL
2026-08-21,BKYI,REJECTED,,FE-SCREEN-01/M3,
2026-08-21,BLNE,WATCH,RETEST_PENDING,,FULL
2026-08-21,BLNK,WATCH,RETEST_PENDING,,FULL
2026-08-21,BMGL,WATCH,RETEST_PENDING,,FULL
2026-08-21,BNAI,WATCH,RETEST_PENDING,,FULL
2026-08-21,BNC,WATCH,RETEST_PENDING,,FULL
2026-08-21,BNKK,WATCH,RETEST_IN_PROGRESS,,FULL
2026-08-21,BRFH,REJECTED,,FE-SCREEN-01/M3,
2026-08-21,BTBD,WATCH,RETEST_PENDING,,FULL
2026-08-21,BTOG,WATCH,RETEST_PENDING,,FULL
2026-08-21,BYRN,REJECTED,,FE-SCREEN-01/M3,
2026-08-21,CALC,REJECTED,,FE-SCREEN-01/SCORE,
2026-08-21,CCHH,WATCH,RETEST_PENDING,,FULL
2026-08-21,CCTG,READY,RETEST_HELD,,FULL
2026-08-21,CD,WATCH,RETEST_PENDING,,FULL
2026-08-21,CDIO,WATCH,RETEST_PENDING,,FULL
2026-08-21,CDT,WATCH,RETEST_IN_PROGRESS,,FULL
2026-08-21,CELU,WATCH,RETEST_PENDING,,FULL
2026-08-21,CETX,WATCH,RETEST_IN_PROGRESS,,FULL
2026-08-21,CGTL,WATCH,RETEST_PENDING,,FULL
2026-08-21,CGTX,READY,RETEST_HELD,,FULL
2026-08-21,CHR,WATCH,RETEST_PENDING,,FULL
2026-08-21,CHSN,WATCH,RETEST_PENDING,,FULL
2026-08-21,CIRC,WATCH,RETEST_PENDING,,FULL
2026-08-21,CMND,WATCH,RETEST_PENDING,,FULL
2026-08-21,CMTL,READY,RETEST_HELD,,FULL
2026-08-21,CNCK,WATCH,RETEST_PENDING,,FULL
2026-08-21,CNEY,WATCH,RETEST_PENDING,,FULL
2026-08-21,CNTN,WATCH,RETEST_PENDING,,FULL
2026-08-21,CNTX,WATCH,RETEST_PENDING,,FULL
2026-08-21,CODX,FOCUS,BROKEN_NEW_BASE,,FULL
2026-08-21,COOT,WATCH,RETEST_PENDING,,FULL
2026-08-21,CPSH,WATCH,RETEST_IN_PROGRESS,,FULL
2026-08-21,CRDF,REJECTED,,FE-SCREEN-01/M3,
2026-08-21,CRE,READY,RETEST_HELD,,FULL
2026-08-21,CRML,WATCH,RETEST_IN_PROGRESS,,FULL
2026-08-21,CRMT,WATCH,RETEST_PENDING,,FULL
2026-08-21,CRVO,READY,RETEST_HELD,,FULL
2026-08-21,CTNT,READY,RETEST_HELD,,FULL
2026-08-21,CTXR,WATCH,RETEST_PENDING,,FULL
2026-08-21,CVKD,REJECTED,,FE-SCREEN-01/M3,
2026-08-21,CWD,WATCH,RETEST_PENDING,,FULL
2026-08-21,DARE,FOCUS,BROKEN_NEW_BASE,,FULL
2026-08-21,DCOY,WATCH,SWEEP_ACTIVE,,FULL
2026-08-21,DGNX,WATCH,RETEST_PENDING,,FULL
2026-08-21,DLXY,WATCH,RETEST_PENDING,,FULL
2026-08-21,DOGZ,WATCH,RETEST_PENDING,,FULL
2026-08-21,DOMO,WATCH,RETEST_PENDING,,FULL
2026-08-21,DPU,WATCH,RETEST_PENDING,,FULL
2026-08-21,DRCT,NO_BARS,,,
2026-08-21,DRMA,REJECTED,,FE-SCREEN-01/M3,
2026-08-21,DSY,WATCH,RETEST_PENDING,,FULL
2026-08-21,DUO,WATCH,RETEST_PENDING,,FULL
2026-08-21,DXST,WATCH,RETEST_PENDING,,FULL
2026-08-21,EDBL,FOCUS,BROKEN_NEW_BASE,,FULL
2026-08-21,EFOI,WATCH,SWEEP_ACTIVE,,FULL
2026-08-21,ELAB,FOCUS,BROKEN_NEW_BASE,,FULL
2026-08-21,EMAT,WATCH,RETEST_PENDING,,FULL
2026-08-21,ENGN,WATCH,RETEST_PENDING,,FULL
2026-08-21,ENGS,WATCH,RETEST_PENDING,,FULL
2026-08-21,ENLV,FOCUS,BROKEN_NEW_BASE,,FULL
2026-08-21,ENVX,FOCUS,BROKEN_NEW_BASE,,FULL
2026-08-21,EOSE,WATCH,RETEST_IN_PROGRESS,,FULL
2026-08-21,EPSM,WATCH,RETEST_PENDING,,FULL
2026-08-21,ERNA,WATCH,RETEST_PENDING,,FULL
2026-08-21,ESLA,READY,RETEST_HELD,,FULL
2026-08-21,ETS,READY,BASE_HELD,,FULL
2026-08-21,EUDA,WATCH,RETEST_PENDING,,FULL
2026-08-21,EVAX,WATCH,RETEST_PENDING,,FULL
2026-08-21,FABC,WATCH,RETEST_PENDING,,FULL
2026-08-21,FBLG,REJECTED,,FE-SCREEN-01/RSI_NOW,
2026-08-21,FEED,NO_BARS,,,
2026-08-21,FEMY,FOCUS,BROKEN_NEW_BASE,,FULL
2026-08-21,FGNX,WATCH,RETEST_PENDING,,FULL
2026-08-21,FLUX,WATCH,RETEST_PENDING,,FULL
2026-08-21,FLZH,NO_BARS,,,
2026-08-21,FMST,FOCUS,BROKEN_NEW_BASE,,FULL
2026-08-21,FNUC,WATCH,RETEST_PENDING,,FULL
2026-08-21,FOFO,WATCH,RETEST_PENDING,,FULL
2026-08-21,FRMM,WATCH,RETEST_PENDING,,FULL
2026-08-21,FRSX,REJECTED,,FE-SCREEN-01/M3,
2026-08-21,FTCI,REJECTED,,FE-SCREEN-01/M3,
2026-08-21,FTFT,FOCUS,BROKEN_NEW_BASE,,FULL
2026-08-21,FUFU,REJECTED,,FE-SCREEN-01/M2_FLOOR,
2026-08-21,FWDI,WATCH,RETEST_PENDING,,FULL
2026-08-21,FXHO,WATCH,RETEST_PENDING,,FULL
2026-08-21,GDC,WATCH,RETEST_PENDING,,FULL
2026-08-21,GDEV,FOCUS,BROKEN_NEW_BASE,,FULL
2026-08-21,GDTC,WATCH,RETEST_PENDING,,FULL
2026-08-21,GELS,WATCH,RETEST_PENDING,,FULL
2026-08-21,GEOS,WATCH,RETEST_IN_PROGRESS,,FULL
2026-08-21,GITS,WATCH,RETEST_PENDING,,FULL
2026-08-21,GLXG,WATCH,RETEST_PENDING,,FULL
2026-08-21,GMHS,FOCUS,BROKEN_NEW_BASE,,FULL
2026-08-21,GMM,WATCH,RETEST_PENDING,,FULL
2026-08-21,GNPX,READY,PRESS_RECLAIM,,FULL
2026-08-21,GNTA,READY,PRESS_RECLAIM,,FULL
2026-08-21,GOGO,FOCUS,BROKEN_NEW_BASE,,FULL
2026-08-21,GOVX,WATCH,SWEEP_ACTIVE,,FULL
2026-08-21,GRI,REJECTED,,FE-SCREEN-01/M3,
2026-08-21,GUTS,WATCH,RETEST_IN_PROGRESS,,FULL
2026-08-21,GWAV,WATCH,RETEST_IN_PROGRESS,,FULL
2026-08-21,HCAI,WATCH,RETEST_PENDING,,FULL
2026-08-21,HERE,WATCH,RETEST_PENDING,,FULL
2026-08-21,HKPD,WATCH,RETEST_PENDING,,FULL
2026-08-21,HODO,FOCUS,BROKEN_NEW_BASE,,FULL
2026-08-21,HOLO,WATCH,RETEST_PENDING,,FULL
2026-08-21,HOUR,READY,RETEST_HELD,,FULL
2026-08-21,HOWL,REJECTED,,FE-SCREEN-01/M3,
2026-08-21,HPAI,REJECTED,,FE-SCREEN-01/M3,
2026-08-21,HTZ,WATCH,RETEST_PENDING,,FULL
2026-08-21,HUMA,FOCUS,BROKEN_NEW_BASE,,FULL
2026-08-21,HYPD,WATCH,RETEST_PENDING,,FULL
2026-08-21,IBG,WATCH,RETEST_PENDING,,FULL
2026-08-21,ICCM,WATCH,RETEST_PENDING,,FULL
2026-08-21,ICU,READY,RETEST_HELD,,FULL
2026-08-21,ILLR,NO_BARS,,,
2026-08-21,IMNN,READY,RETEST_HELD,,FULL
2026-08-21,IMSR,WATCH,RETEST_PENDING,,FULL
2026-08-21,INDP,FOCUS,BROKEN_NEW_BASE,,FULL
2026-08-21,INSG,FOCUS,BROKEN_NEW_BASE,,FULL
2026-08-21,INTJ,WATCH,RETEST_PENDING,,FULL
2026-08-21,INTS,WATCH,RETEST_PENDING,,FULL
2026-08-21,INTZ,FOCUS,BROKEN_NEW_BASE,,FULL
2026-08-21,IQST,WATCH,RETEST_IN_PROGRESS,,FULL
2026-08-21,ISPC,WATCH,RETEST_PENDING,,FULL
2026-08-21,IXHL,WATCH,RETEST_PENDING,,FULL
2026-08-21,JAGX,WATCH,RETEST_PENDING,,FULL
2026-08-21,JBDI,WATCH,RETEST_PENDING,,FULL
2026-08-21,JEM,WATCH,RETEST_PENDING,,FULL
2026-08-21,JFB,NO_BARS,,,
2026-08-21,JFIN,READY,RETEST_HELD,,FULL
2026-08-21,JSPR,WATCH,RETEST_PENDING,,FULL
2026-08-21,JTAI,FOCUS,BROKEN_NEW_BASE,,FULL
2026-08-21,JYD,WATCH,RETEST_PENDING,,FULL
2026-08-21,KALA,WATCH,RETEST_PENDING,,FULL
2026-08-21,KMRK,WATCH,RETEST_PENDING,,FULL
2026-08-21,KPLT,FOCUS,BASE_FORMING,,FULL
2026-08-21,KRRO,WATCH,RETEST_PENDING,,FULL
2026-08-21,KTTA,WATCH,RETEST_IN_PROGRESS,,FULL
2026-08-21,KUST,REJECTED,,FE-SCREEN-01/M3,
2026-08-21,KXIN,WATCH,RETEST_PENDING,,FULL
2026-08-21,LASE,WATCH,RETEST_PENDING,,FULL
2026-08-21,LFS,WATCH,RETEST_PENDING,,FULL
2026-08-21,LHAI,READY,PRESS_RECLAIM,,FULL
2026-08-21,LICN,WATCH,RETEST_PENDING,,FULL
2026-08-21,LNAI,WATCH,RETEST_PENDING,,FULL
2026-08-21,LNKS,READY,PRESS_RECLAIM,,FULL
2026-08-21,LNZA,WATCH,RETEST_PENDING,,FULL
2026-08-21,LPSN,NO_BARS,,,
2026-08-21,LSTA,WATCH,RETEST_IN_PROGRESS,,FULL
2026-08-21,LTBR,WATCH,RETEST_IN_PROGRESS,,FULL
2026-08-21,LX,REJECTED,,FE-SCREEN-01/M3,
2026-08-21,LXEH,WATCH,RETEST_PENDING,,FULL
2026-08-21,MASK,WATCH,RETEST_IN_PROGRESS,,FULL
2026-08-21,MCRB,READY,PRESS_RECLAIM,,FULL
2026-08-21,METC,WATCH,RETEST_PENDING,,FULL
2026-08-21,MKZR,WATCH,RETEST_PENDING,,FULL
2026-08-21,MNDR,WATCH,RETEST_PENDING,,FULL
2026-08-21,MNTS,READY,RETEST_HELD,,FULL
2026-08-21,MOBX,FOCUS,BROKEN_NEW_BASE,,FULL
2026-08-21,MPLT,WATCH,RETEST_PENDING,,FULL
2026-08-21,MRLN,READY,PRESS_RECLAIM,,FULL
2026-08-21,MRM,WATCH,RETEST_PENDING,,FULL
2026-08-21,MSAI,WATCH,RETEST_PENDING,,FULL
2026-08-21,MTEK,REJECTED,,FE-SCREEN-01/M3,
2026-08-21,MVST,READY,RETEST_HELD,,FULL
2026-08-21,NAMM,WATCH,RETEST_PENDING,,FULL
2026-08-21,NBP,WATCH,RETEST_PENDING,,FULL
2026-08-21,NCI,WATCH,RETEST_PENDING,,FULL
2026-08-21,NCRA,WATCH,RETEST_PENDING,,FULL
2026-08-21,NEON,WATCH,RETEST_PENDING,,FULL
2026-08-21,NIKI,WATCH,RETEST_PENDING,,FULL
2026-08-21,NIPG,WATCH,RETEST_PENDING,,FULL
2026-08-21,NIVF,WATCH,RETEST_PENDING,,FULL
2026-08-21,NKLR,WATCH,RETEST_PENDING,,FULL
2026-08-21,NNNN,FOCUS,BROKEN_NEW_BASE,,FULL
2026-08-21,NPT,WATCH,RETEST_PENDING,,FULL
2026-08-21,NTRP,FOCUS,BROKEN_NEW_BASE,,FULL
2026-08-21,NUWE,FOCUS,BROKEN_NEW_BASE,,FULL
2026-08-21,NVNI,NO_BARS,,,
2026-08-21,NXTS,WATCH,RETEST_PENDING,,FULL
2026-08-21,ODD,FOCUS,BASE_FORMING,,FULL
2026-08-21,OIO,WATCH,RETEST_PENDING,,FULL
2026-08-21,OM,READY,RETEST_HELD,,FULL
2026-08-21,OMEX,WATCH,RETEST_PENDING,,FULL
2026-08-21,ORGO,WATCH,RETEST_PENDING,,FULL
2026-08-21,OTLK,FOCUS,BROKEN_NEW_BASE,,FULL
2026-08-21,PARA,FOCUS,BROKEN_NEW_BASE,,FULL
2026-08-21,PBM,WATCH,RETEST_PENDING,,FULL
2026-08-21,PCSA,WATCH,RETEST_PENDING,,FULL
2026-08-21,PHOE,WATCH,RETEST_PENDING,,FULL
2026-08-21,PLCE,READY,PRESS_RECLAIM,,FULL
2026-08-21,PLYX,WATCH,RETEST_PENDING,,FULL
2026-08-21,PMAX,FOCUS,BROKEN_NEW_BASE,,FULL
2026-08-21,POLA,WATCH,RETEST_IN_PROGRESS,,FULL
2026-08-21,PPBT,WATCH,RETEST_PENDING,,FULL
2026-08-21,PPCB,WATCH,RETEST_PENDING,,FULL
2026-08-21,PRFX,READY,PRESS_RECLAIM,,FULL
2026-08-21,PROP,FOCUS,BROKEN_NEW_BASE,,FULL
2026-08-21,PRSO,READY,RETEST_HELD,,FULL
2026-08-21,PULM,REJECTED,,FE-SCREEN-01/M3,
2026-08-21,PWCM,FOCUS,BROKEN_NEW_BASE,,FULL
2026-08-21,QCLS,READY,RETEST_HELD,,FULL
2026-08-21,QNRX,WATCH,RETEST_PENDING,,FULL
2026-08-21,QSI,READY,RETEST_HELD,,FULL
2026-08-21,QTEX,WATCH,RETEST_IN_PROGRESS,,FULL
2026-08-21,QUCY,WATCH,RETEST_PENDING,,FULL
2026-08-21,RADX,FOCUS,BROKEN_NEW_BASE,,FULL
2026-08-21,RAIN,FOCUS,BROKEN_NEW_BASE,,FULL
2026-08-21,RANI,WATCH,RETEST_PENDING,,FULL
2026-08-21,RAYA,WATCH,RETEST_IN_PROGRESS,,FULL
2026-08-21,RBNE,WATCH,RETEST_PENDING,,FULL
2026-08-21,RDHL,READY,BASE_HELD,,FULL
2026-08-21,RECT,WATCH,RETEST_PENDING,,FULL
2026-08-21,REKR,READY,RETEST_HELD,,FULL
2026-08-21,RENX,WATCH,RETEST_PENDING,,FULL
2026-08-21,REVB,REJECTED,,FE-SCREEN-01/M3,
2026-08-21,RGC,WATCH,RETEST_PENDING,,FULL
2026-08-21,RGTI,WATCH,RETEST_PENDING,,FULL
2026-08-21,RKDA,REJECTED,,FE-SCREEN-01/M3,
2026-08-21,RNAZ,FOCUS,BASE_FORMING,,FULL
2026-08-21,RR,WATCH,RETEST_PENDING,,FULL
2026-08-21,RVSN,WATCH,RETEST_PENDING,,FULL
2026-08-21,SAGT,READY,PRESS_RECLAIM,,FULL
2026-08-21,SBFM,READY,PRESS_RECLAIM,,FULL
2026-08-21,SCLX,WATCH,SWEEP_ACTIVE,,FULL
2026-08-21,SCNX,WATCH,RETEST_PENDING,,FULL
2026-08-21,SCWO,WATCH,RETEST_PENDING,,FULL
2026-08-21,SDA,WATCH,RETEST_PENDING,,FULL
2026-08-21,SDOT,FOCUS,BROKEN_NEW_BASE,,FULL
2026-08-21,SDST,WATCH,RETEST_PENDING,,FULL
2026-08-21,SERV,READY,RETEST_HELD,,FULL
2026-08-21,SHPH,WATCH,RETEST_PENDING,,FULL
2026-08-21,SILO,FOCUS,BROKEN_NEW_BASE,,FULL
2026-08-21,SINT,WATCH,RETEST_IN_PROGRESS,,FULL
2026-08-21,SKIN,READY,RETEST_HELD,,FULL
2026-08-21,SKYA,WATCH,RETEST_PENDING,,FULL
2026-08-21,SKYQ,WATCH,RETEST_PENDING,,FULL
2026-08-21,SLBT,READY,RETEST_HELD,,FULL
2026-08-21,SLDP,WATCH,RETEST_PENDING,,FULL
2026-08-21,SLGB,READY,PRESS_RECLAIM,,FULL
2026-08-21,SLNH,WATCH,RETEST_PENDING,,FULL
2026-08-21,SLSN,WATCH,RETEST_PENDING,,FULL
2026-08-21,SNAL,WATCH,RETEST_PENDING,,FULL
2026-08-21,SNES,READY,BASE_HELD,,FULL
2026-08-21,SNOA,WATCH,RETEST_PENDING,,FULL
2026-08-21,SNTG,READY,RETEST_HELD,,FULL
2026-08-21,SNTI,REJECTED,,FE-SCREEN-01/M3,
2026-08-21,SOBR,NO_BARS,,,
2026-08-21,SONM,WATCH,RETEST_PENDING,,FULL
2026-08-21,SOWG,WATCH,RETEST_PENDING,,FULL
2026-08-21,SPRB,WATCH,RETEST_PENDING,,FULL
2026-08-21,SPRC,WATCH,RETEST_PENDING,,FULL
2026-08-21,STAK,FOCUS,BROKEN_NEW_BASE,,FULL
2026-08-21,STEX,WATCH,RETEST_PENDING,,FULL
2026-08-21,STFS,WATCH,RETEST_PENDING,,FULL
2026-08-21,STKE,WATCH,RETEST_PENDING,,FULL
2026-08-21,SUNE,WATCH,RETEST_PENDING,,FULL
2026-08-21,SUPX,WATCH,RETEST_PENDING,,FULL
2026-08-21,SVRE,WATCH,RETEST_PENDING,,FULL
2026-08-21,SVRN,WATCH,RETEST_PENDING,,FULL
2026-08-21,SXTP,READY,PRESS_RECLAIM,,FULL
2026-08-21,TAOP,WATCH,RETEST_PENDING,,FULL
2026-08-21,TC,WATCH,RETEST_PENDING,,FULL
2026-08-21,TDIC,WATCH,RETEST_IN_PROGRESS,,FULL
2026-08-21,TDTH,WATCH,RETEST_PENDING,,FULL
2026-08-21,TGL,READY,RETEST_HELD,,FULL
2026-08-21,TLRY,WATCH,RETEST_PENDING,,FULL
2026-08-21,TONX,WATCH,RETEST_PENDING,,FULL
2026-08-21,TOYO,READY,PRESS_RECLAIM,,FULL
2026-08-21,TRAW,WATCH,RETEST_PENDING,,FULL
2026-08-21,TRNR,WATCH,RETEST_PENDING,,FULL
2026-08-21,TURB,WATCH,RETEST_IN_PROGRESS,,FULL
2026-08-21,TVGN,WATCH,RETEST_PENDING,,FULL
2026-08-21,TVRD,READY,RETEST_HELD,,FULL
2026-08-21,UCAR,WATCH,RETEST_PENDING,,FULL
2026-08-21,UFG,WATCH,RETEST_PENDING,,FULL
2026-08-21,UONE,READY,RETEST_HELD,,FULL
2026-08-21,UPXI,READY,PRESS_RECLAIM,,FULL
2026-08-21,UXIN,REJECTED,,FE-SCREEN-01/M3,
2026-08-21,VEEE,WATCH,RETEST_PENDING,,FULL
2026-08-21,VERI,FOCUS,BROKEN_NEW_BASE,,FULL
2026-08-21,VIOT,WATCH,SWEEP_ACTIVE,,FULL
2026-08-21,VMAR,WATCH,RETEST_PENDING,,FULL
2026-08-21,VRAX,WATCH,RETEST_PENDING,,FULL
2026-08-21,VWAV,WATCH,RETEST_IN_PROGRESS,,FULL
2026-08-21,WBUY,WATCH,RETEST_PENDING,,FULL
2026-08-21,WIMI,REJECTED,,FE-SCREEN-01/M3,
2026-08-21,WKSP,READY,RETEST_HELD,,FULL
2026-08-21,WNW,WATCH,RETEST_IN_PROGRESS,,FULL
2026-08-21,WSHP,READY,RETEST_HELD,,FULL
2026-08-21,XBIO,WATCH,RETEST_PENDING,,FULL
2026-08-21,XBP,WATCH,RETEST_PENDING,,FULL
2026-08-21,XCUR,WATCH,RETEST_IN_PROGRESS,,FULL
2026-08-21,XPON,WATCH,RETEST_PENDING,,FULL
2026-08-21,XXII,READY,RETEST_HELD,,FULL
2026-08-21,YAAS,WATCH,RETEST_PENDING,,FULL
2026-08-21,YDKG,FOCUS,BASE_FORMING,,FULL
2026-08-21,YHC,WATCH,RETEST_PENDING,,FULL
2026-08-21,YMAT,WATCH,RETEST_PENDING,,FULL
2026-08-21,YOUL,WATCH,RETEST_PENDING,,FULL
2026-08-21,YSXT,WATCH,RETEST_PENDING,,FULL
2026-08-21,ZENA,WATCH,RETEST_PENDING,,FULL
2026-08-21,ZOOZ,WATCH,RETEST_PENDING,,FULL
2026-08-21,ZSQR,FOCUS,BROKEN_NEW_BASE,,FULL
2026-08-25,ABAT,WATCH,RETEST_PENDING,,FULL
2026-08-25,ABTC,WATCH,RETEST_PENDING,,FULL
2026-08-25,ABTS,WATCH,RETEST_PENDING,,FULL
2026-08-25,ABVC,FOCUS,BROKEN_NEW_BASE,,FULL
2026-08-25,ACON,WATCH,RETEST_PENDING,,FULL
2026-08-25,ACXP,READY,RETEST_HELD,,FULL
2026-08-25,ADGM,WATCH,RETEST_PENDING,,FULL
2026-08-25,AEMD,READY,BASE_HELD,,FULL
2026-08-25,AHMA,WATCH,RETEST_PENDING,,FULL
2026-08-25,AIFA,WATCH,RETEST_PENDING,,FULL
2026-08-25,AIHS,WATCH,RETEST_PENDING,,FULL
2026-08-25,AIOS,WATCH,RETEST_PENDING,,FULL
2026-08-25,AIRE,WATCH,RETEST_PENDING,,FULL
2026-08-25,AIRS,READY,RETEST_HELD,,FULL
2026-08-25,AKTX,WATCH,RETEST_IN_PROGRESS,,FULL
2026-08-25,ALAR,READY,RETEST_HELD,,FULL
2026-08-25,AMBR,FOCUS,BROKEN_NEW_BASE,,FULL
2026-08-25,AMCI,WATCH,RETEST_PENDING,,FULL
2026-08-25,AMOD,WATCH,RETEST_PENDING,,FULL
2026-08-25,ANPA,WATCH,RETEST_PENDING,,FULL
2026-08-25,ANY,WATCH,RETEST_PENDING,,FULL
2026-08-25,APVO,FOCUS,BROKEN_NEW_BASE,,FULL
2026-08-25,AQMS,WATCH,RETEST_IN_PROGRESS,,FULL
2026-08-25,ARBE,WATCH,RETEST_PENDING,,FULL
2026-08-25,ARTL,WATCH,SWEEP_ACTIVE,,FULL
2026-08-25,ASPI,REJECTED,,FE-SCREEN-01/M3,
2026-08-25,ASTC,WATCH,RETEST_PENDING,,FULL
2026-08-25,ATER,WATCH,RETEST_PENDING,,FULL
2026-08-25,ATPC,READY,RETEST_HELD,,FULL
2026-08-25,ATXG,WATCH,RETEST_PENDING,,FULL
2026-08-25,ATYR,WATCH,RETEST_PENDING,,FULL
2026-08-25,AURE,WATCH,RETEST_PENDING,,FULL
2026-08-25,AUUD,WATCH,RETEST_PENDING,,FULL
2026-08-25,AZIO,WATCH,SWEEP_ACTIVE,,FULL
2026-08-25,BBLG,REJECTED,,FE-SCREEN-01/M3,
2026-08-25,BCAB,NO_BARS,,,
2026-08-25,BCTX,WATCH,RETEST_PENDING,,FULL
2026-08-25,BDRX,WATCH,RETEST_PENDING,,FULL
2026-08-25,BEAT,READY,PRESS_RECLAIM,,FULL
2026-08-25,BETR,FOCUS,BROKEN_NEW_BASE,,FULL
2026-08-25,BGDE,WATCH,RETEST_PENDING,,FULL
2026-08-25,BGLC,WATCH,RETEST_PENDING,,FULL
2026-08-25,BIAF,WATCH,RETEST_PENDING,,FULL
2026-08-25,BIOX,WATCH,RETEST_PENDING,,FULL
2026-08-25,BIYA,WATCH,RETEST_PENDING,,FULL
2026-08-25,BJDX,READY,RETEST_HELD,,FULL
2026-08-25,BLNE,WATCH,RETEST_PENDING,,FULL
2026-08-25,BLNK,WATCH,RETEST_PENDING,,FULL
2026-08-25,BMGL,WATCH,RETEST_PENDING,,FULL
2026-08-25,BNAI,WATCH,RETEST_PENDING,,FULL
2026-08-25,BNC,WATCH,RETEST_PENDING,,FULL
2026-08-25,BNKK,WATCH,RETEST_PENDING,,FULL
2026-08-25,BRAI,READY,PRESS_RECLAIM,,FULL
2026-08-25,BTOG,READY,PRESS_RECLAIM,,FULL
2026-08-25,BYRN,REJECTED,,FE-SCREEN-01/M3,
2026-08-25,CCHH,WATCH,RETEST_IN_PROGRESS,,FULL
2026-08-25,CCTG,READY,RETEST_HELD,,FULL
2026-08-25,CD,WATCH,RETEST_PENDING,,FULL
2026-08-25,CDIO,WATCH,RETEST_PENDING,,FULL
2026-08-25,CDT,READY,PRESS_RECLAIM,,FULL
2026-08-25,CELU,WATCH,RETEST_PENDING,,FULL
2026-08-25,CGTL,WATCH,RETEST_PENDING,,FULL
2026-08-25,CGTX,READY,RETEST_HELD,,FULL
2026-08-25,CHR,WATCH,RETEST_PENDING,,FULL
2026-08-25,CHSN,WATCH,RETEST_PENDING,,FULL
2026-08-25,CIRC,WATCH,RETEST_PENDING,,FULL
2026-08-25,CMND,WATCH,RETEST_PENDING,,FULL
2026-08-25,CNCK,WATCH,RETEST_PENDING,,FULL
2026-08-25,CNEY,WATCH,RETEST_PENDING,,FULL
2026-08-25,CNSY,READY,RETEST_HELD,,FULL
2026-08-25,CNTN,WATCH,RETEST_PENDING,,FULL
2026-08-25,CNTX,WATCH,RETEST_IN_PROGRESS,,FULL
2026-08-25,CODX,FOCUS,BROKEN_NEW_BASE,,FULL
2026-08-25,COOT,WATCH,RETEST_PENDING,,FULL
2026-08-25,CPSH,READY,RETEST_HELD,,FULL
2026-08-25,CRE,READY,RETEST_HELD,,FULL
2026-08-25,CRML,WATCH,RETEST_PENDING,,FULL
2026-08-25,CRMT,WATCH,RETEST_PENDING,,FULL
2026-08-25,CRVO,READY,RETEST_HELD,,FULL
2026-08-25,CTNT,READY,RETEST_HELD,,FULL
2026-08-25,CTXR,WATCH,RETEST_PENDING,,FULL
2026-08-25,CUPR,READY,RETEST_HELD,,FULL
2026-08-25,CVKD,REJECTED,,FE-SCREEN-01/M3,
2026-08-25,CWD,WATCH,RETEST_PENDING,,FULL
2026-08-25,CYCU,WATCH,RETEST_PENDING,,FULL
2026-08-25,DARE,FOCUS,BROKEN_NEW_BASE,,FULL
2026-08-25,DCOY,WATCH,SWEEP_ACTIVE,,FULL
2026-08-25,DGNX,WATCH,RETEST_PENDING,,FULL
2026-08-25,DOGZ,WATCH,RETEST_PENDING,,FULL
2026-08-25,DOMO,WATCH,RETEST_PENDING,,FULL
2026-08-25,DPU,WATCH,RETEST_PENDING,,FULL
2026-08-25,DRCT,NO_BARS,,,
2026-08-25,DRMA,REJECTED,,FE-SCREEN-01/M3,
2026-08-25,DSY,WATCH,RETEST_PENDING,,FULL
2026-08-25,DUO,WATCH,RETEST_PENDING,,FULL
2026-08-25,DXST,WATCH,RETEST_PENDING,,FULL
2026-08-25,EDBL,FOCUS,BROKEN_NEW_BASE,,FULL
2026-08-25,EDSA,WATCH,SWEEP_ACTIVE,,FULL
2026-08-25,ELAB,FOCUS,BROKEN_NEW_BASE,,FULL
2026-08-25,ELTX,WATCH,RETEST_IN_PROGRESS,,FULL
2026-08-25,ENGN,WATCH,RETEST_PENDING,,FULL
2026-08-25,ENGS,WATCH,RETEST_PENDING,,FULL
2026-08-25,ENLV,FOCUS,BROKEN_NEW_BASE,,FULL
2026-08-25,ENVX,FOCUS,BROKEN_NEW_BASE,,FULL
2026-08-25,EOSE,WATCH,RETEST_IN_PROGRESS,,FULL
2026-08-25,EPSM,WATCH,RETEST_PENDING,,FULL
2026-08-25,ERNA,WATCH,RETEST_PENDING,,FULL
2026-08-25,ESLA,READY,RETEST_HELD,,FULL
2026-08-25,EUDA,WATCH,RETEST_PENDING,,FULL
2026-08-25,EVAX,WATCH,RETEST_PENDING,,FULL
2026-08-25,FABC,WATCH,RETEST_PENDING,,FULL
2026-08-25,FAC,READY,RETEST_HELD,,FULL
2026-08-25,FBLG,WATCH,RETEST_PENDING,,FULL
2026-08-25,FEAM,FOCUS,BASE_FORMING,,FULL
2026-08-25,FEMY,WATCH,RETEST_PENDING,,FULL
2026-08-25,FFAI,FOCUS,BROKEN_NEW_BASE,,FULL
2026-08-25,FGNX,WATCH,RETEST_PENDING,,FULL
2026-08-25,FLUX,WATCH,RETEST_PENDING,,FULL
2026-08-25,FMST,FOCUS,BROKEN_NEW_BASE,,FULL
2026-08-25,FNUC,WATCH,RETEST_PENDING,,FULL
2026-08-25,FOFO,WATCH,RETEST_PENDING,,FULL
2026-08-25,FRMM,WATCH,RETEST_PENDING,,FULL
2026-08-25,FRSX,REJECTED,,FE-SCREEN-01/M3,
2026-08-25,FTCI,REJECTED,,FE-SCREEN-01/M3,
2026-08-25,FTFT,FOCUS,BROKEN_NEW_BASE,,FULL
2026-08-25,FTHM,WATCH,SWEEP_ACTIVE,,FULL
2026-08-25,FXHO,WATCH,RETEST_PENDING,,FULL
2026-08-25,GDEV,FOCUS,BROKEN_NEW_BASE,,FULL
2026-08-25,GDTC,WATCH,RETEST_PENDING,,FULL
2026-08-25,GELS,WATCH,RETEST_PENDING,,FULL
2026-08-25,GEOS,READY,RETEST_HELD,,FULL
2026-08-25,GITS,FOCUS,BASE_FORMING,,FULL
2026-08-25,GLXG,WATCH,RETEST_PENDING,,FULL
2026-08-25,GMHS,FOCUS,BROKEN_NEW_BASE,,FULL
2026-08-25,GNLN,WATCH,RETEST_PENDING,,FULL
2026-08-25,GNPX,READY,PRESS_RECLAIM,,FULL
2026-08-25,GNTA,READY,PRESS_RECLAIM,,FULL
2026-08-25,GOVX,READY,PRESS_RECLAIM,,FULL
2026-08-25,GRI,REJECTED,,FE-SCREEN-01/M3,
2026-08-25,GWAV,WATCH,RETEST_PENDING,,FULL
2026-08-25,HCAI,WATCH,RETEST_PENDING,,FULL
2026-08-25,HERE,WATCH,RETEST_PENDING,,FULL
2026-08-25,HIT,WATCH,RETEST_IN_PROGRESS,,FULL
2026-08-25,HODO,FOCUS,BROKEN_NEW_BASE,,FULL
2026-08-25,HOUR,READY,RETEST_HELD,,FULL
2026-08-25,HPAI,REJECTED,,FE-SCREEN-01/M3,
2026-08-25,HTZ,WATCH,RETEST_PENDING,,FULL
2026-08-25,HUMA,WATCH,RETEST_PENDING,,FULL
2026-08-25,HYPD,WATCH,RETEST_PENDING,,FULL
2026-08-25,IBG,WATCH,RETEST_PENDING,,FULL
2026-08-25,ICCM,WATCH,RETEST_IN_PROGRESS,,FULL
2026-08-25,ICON,WATCH,RETEST_PENDING,,FULL
2026-08-25,ICU,READY,RETEST_HELD,,FULL
2026-08-25,ILLR,NO_BARS,,,
2026-08-25,IMNN,READY,RETEST_HELD,,FULL
2026-08-25,IMSR,WATCH,RETEST_PENDING,,FULL
2026-08-25,INDP,FOCUS,BROKEN_NEW_BASE,,FULL
2026-08-25,INSG,FOCUS,BROKEN_NEW_BASE,,FULL
2026-08-25,INTJ,WATCH,RETEST_PENDING,,FULL
2026-08-25,INTS,WATCH,RETEST_PENDING,,FULL
2026-08-25,IQST,READY,RETEST_HELD,,FULL
2026-08-25,ISPC,FOCUS,BROKEN_NEW_BASE,,FULL
2026-08-25,IXHL,WATCH,RETEST_PENDING,,FULL
2026-08-25,JAGX,WATCH,RETEST_PENDING,,FULL
2026-08-25,JBDI,WATCH,RETEST_PENDING,,FULL
2026-08-25,JDZG,WATCH,RETEST_PENDING,,FULL
2026-08-25,JEM,WATCH,RETEST_IN_PROGRESS,,FULL
2026-08-25,JFB,NO_BARS,,,
2026-08-25,JFIN,READY,RETEST_HELD,,FULL
2026-08-25,JSPR,WATCH,RETEST_PENDING,,FULL
2026-08-25,JTAI,FOCUS,BROKEN_NEW_BASE,,FULL
2026-08-25,JYD,WATCH,RETEST_PENDING,,FULL
2026-08-25,KALA,WATCH,RETEST_PENDING,,FULL
2026-08-25,KELYB,WATCH,RETEST_PENDING,,FULL
2026-08-25,KG,WATCH,SWEEP_ACTIVE,,FULL
2026-08-25,KMRK,WATCH,RETEST_PENDING,,FULL
2026-08-25,KPLT,FOCUS,BASE_FORMING,,FULL
2026-08-25,KRRO,WATCH,RETEST_PENDING,,FULL
2026-08-25,KTTA,WATCH,RETEST_PENDING,,FULL
2026-08-25,KUST,REJECTED,,FE-SCREEN-01/M3,
2026-08-25,LASE,WATCH,RETEST_PENDING,,FULL
2026-08-25,LFS,WATCH,RETEST_PENDING,,FULL
2026-08-25,LHAI,READY,PRESS_RECLAIM,,FULL
2026-08-25,LICN,WATCH,RETEST_PENDING,,FULL
2026-08-25,LIMN,WATCH,SWEEP_ACTIVE,,FULL
2026-08-25,LNAI,WATCH,RETEST_PENDING,,FULL
2026-08-25,LNZA,WATCH,RETEST_PENDING,,FULL
2026-08-25,LPSN,NO_BARS,,,
2026-08-25,LTBR,WATCH,RETEST_IN_PROGRESS,,FULL
2026-08-25,LX,REJECTED,,FE-SCREEN-01/M3,
2026-08-25,LXEH,WATCH,RETEST_PENDING,,FULL
2026-08-25,MBRX,WATCH,RETEST_PENDING,,FULL
2026-08-25,MCRB,READY,PRESS_RECLAIM,,FULL
2026-08-25,METC,WATCH,RETEST_PENDING,,FULL
2026-08-25,MKZR,WATCH,RETEST_PENDING,,FULL
2026-08-25,MNDR,WATCH,RETEST_PENDING,,FULL
2026-08-25,MNTS,READY,RETEST_HELD,,FULL
2026-08-25,MOBX,FOCUS,BROKEN_NEW_BASE,,FULL
2026-08-25,MPLT,WATCH,RETEST_PENDING,,FULL
2026-08-25,MRM,WATCH,RETEST_IN_PROGRESS,,FULL
2026-08-25,MSAI,WATCH,RETEST_PENDING,,FULL
2026-08-25,MVST,READY,RETEST_HELD,,FULL
2026-08-25,NAMM,WATCH,RETEST_PENDING,,FULL
2026-08-25,NBP,WATCH,RETEST_PENDING,,FULL
2026-08-25,NCRA,WATCH,RETEST_PENDING,,FULL
2026-08-25,NEON,WATCH,RETEST_PENDING,,FULL
2026-08-25,NEUP,WATCH,RETEST_PENDING,,FULL
2026-08-25,NEXR,READY,RETEST_HELD,,FULL
2026-08-25,NIKI,WATCH,RETEST_PENDING,,FULL
2026-08-25,NIPG,WATCH,RETEST_PENDING,,FULL
2026-08-25,NIVF,WATCH,RETEST_IN_PROGRESS,,FULL
2026-08-25,NKLR,WATCH,RETEST_PENDING,,FULL
2026-08-25,NNNN,FOCUS,BROKEN_NEW_BASE,,FULL
2026-08-25,NPT,WATCH,RETEST_PENDING,,FULL
2026-08-25,NTRP,FOCUS,BROKEN_NEW_BASE,,FULL
2026-08-25,NVX,WATCH,RETEST_IN_PROGRESS,,FULL
2026-08-25,NXTS,WATCH,RETEST_PENDING,,FULL
2026-08-25,ODD,REJECTED,,FE-SCREEN-01/SOFT,
2026-08-25,OIO,WATCH,RETEST_PENDING,,FULL
2026-08-25,OM,READY,RETEST_HELD,,FULL
2026-08-25,OMEX,WATCH,RETEST_PENDING,,FULL
2026-08-25,ONCO,REJECTED,,FE-SCREEN-01/M3,
2026-08-25,ORGO,WATCH,RETEST_IN_PROGRESS,,FULL
2026-08-25,OTLK,FOCUS,BROKEN_NEW_BASE,,FULL
2026-08-25,PARA,FOCUS,BROKEN_NEW_BASE,,FULL
2026-08-25,PBM,WATCH,RETEST_PENDING,,FULL
2026-08-25,PCSA,WATCH,RETEST_PENDING,,FULL
2026-08-25,PHIO,WATCH,RETEST_PENDING,,FULL
2026-08-25,PHOE,WATCH,RETEST_PENDING,,FULL
2026-08-25,PLCE,WATCH,RETEST_PENDING,,FULL
2026-08-25,PLUR,WATCH,RETEST_IN_PROGRESS,,FULL
2026-08-25,PMAX,FOCUS,BROKEN_NEW_BASE,,FULL
2026-08-25,POLA,READY,RETEST_HELD,,FULL
2026-08-25,POM,WATCH,RETEST_PENDING,,FULL
2026-08-25,PPBT,WATCH,RETEST_PENDING,,FULL
2026-08-25,PRFX,READY,PRESS_RECLAIM,,FULL
2026-08-25,PROP,FOCUS,BROKEN_NEW_BASE,,FULL
2026-08-25,PRSO,WATCH,RETEST_PENDING,,FULL
2026-08-25,PTLE,WATCH,RETEST_PENDING,,FULL
2026-08-25,PWCM,WATCH,RETEST_PENDING,,FULL
2026-08-25,QCLS,WATCH,SWEEP_ACTIVE,,FULL
2026-08-25,QNCX,WATCH,RETEST_PENDING,,FULL
2026-08-25,QNRX,WATCH,RETEST_PENDING,,FULL
2026-08-25,QSI,WATCH,RETEST_IN_PROGRESS,,FULL
2026-08-25,QTEX,READY,RETEST_HELD,,FULL
2026-08-25,QUCY,WATCH,RETEST_PENDING,,FULL
2026-08-25,RADX,FOCUS,BROKEN_NEW_BASE,,FULL
2026-08-25,RAIN,FOCUS,BROKEN_NEW_BASE,,FULL
2026-08-25,RAY,WATCH,RETEST_PENDING,,FULL
2026-08-25,RAYA,WATCH,RETEST_IN_PROGRESS,,FULL
2026-08-25,RBNE,WATCH,RETEST_PENDING,,FULL
2026-08-25,RDHL,READY,BASE_HELD,,FULL
2026-08-25,RECT,WATCH,RETEST_PENDING,,FULL
2026-08-25,REKR,READY,RETEST_HELD,,FULL
2026-08-25,RENX,WATCH,RETEST_PENDING,,FULL
2026-08-25,REVB,REJECTED,,FE-SCREEN-01/M3,
2026-08-25,RGC,WATCH,RETEST_PENDING,,FULL
2026-08-25,RGTI,WATCH,RETEST_PENDING,,FULL
2026-08-25,RKDA,REJECTED,,FE-SCREEN-01/M3,
2026-08-25,RNAZ,FOCUS,BASE_FORMING,,FULL
2026-08-25,RR,WATCH,RETEST_PENDING,,FULL
2026-08-25,RVSN,WATCH,RETEST_PENDING,,FULL
2026-08-25,SAGT,READY,PRESS_RECLAIM,,FULL
2026-08-25,SBFM,READY,RETEST_HELD,,FULL
2026-08-25,SCNX,WATCH,RETEST_PENDING,,FULL
2026-08-25,SDA,WATCH,RETEST_PENDING,,FULL
2026-08-25,SERV,WATCH,RETEST_IN_PROGRESS,,FULL
2026-08-25,SHPH,WATCH,RETEST_PENDING,,FULL
2026-08-25,SILO,FOCUS,BROKEN_NEW_BASE,,FULL
2026-08-25,SINT,READY,RETEST_HELD,,FULL
2026-08-25,SKIN,WATCH,RETEST_PENDING,,FULL
2026-08-25,SKYA,WATCH,RETEST_PENDING,,FULL
2026-08-25,SKYQ,WATCH,RETEST_PENDING,,FULL
2026-08-25,SLBT,READY,RETEST_HELD,,FULL
2026-08-25,SLDP,WATCH,RETEST_PENDING,,FULL
2026-08-25,SLGB,READY,PRESS_RECLAIM,,FULL
2026-08-25,SLNH,WATCH,RETEST_IN_PROGRESS,,FULL
2026-08-25,SLSN,WATCH,RETEST_PENDING,,FULL
2026-08-25,SNAL,WATCH,RETEST_PENDING,,FULL
2026-08-25,SNES,READY,BASE_HELD,,FULL
2026-08-25,SNOA,WATCH,RETEST_PENDING,,FULL
2026-08-25,SNTG,READY,RETEST_HELD,,FULL
2026-08-25,SONM,WATCH,RETEST_PENDING,,FULL
2026-08-25,SOWG,WATCH,RETEST_PENDING,,FULL
2026-08-25,SPRC,WATCH,RETEST_PENDING,,FULL
2026-08-25,STAK,FOCUS,BROKEN_NEW_BASE,,FULL
2026-08-25,STEX,WATCH,RETEST_PENDING,,FULL
2026-08-25,STFS,WATCH,RETEST_PENDING,,FULL
2026-08-25,STKE,WATCH,RETEST_PENDING,,FULL
2026-08-25,SUNE,WATCH,RETEST_PENDING,,FULL
2026-08-25,SVRN,WATCH,RETEST_PENDING,,FULL
2026-08-25,SXTP,READY,BASE_HELD,,FULL
2026-08-25,TAOP,WATCH,RETEST_PENDING,,FULL
2026-08-25,TC,WATCH,RETEST_PENDING,,FULL
2026-08-25,TDIC,READY,RETEST_HELD,,FULL
2026-08-25,TDTH,WATCH,RETEST_PENDING,,FULL
2026-08-25,TGHL,WATCH,RETEST_PENDING,,FULL
2026-08-25,TGL,FOCUS,BROKEN_NEW_BASE,,FULL
2026-08-25,TLRY,WATCH,RETEST_PENDING,,FULL
2026-08-25,TONX,WATCH,RETEST_PENDING,,FULL
2026-08-25,TOYO,READY,PRESS_RECLAIM,,FULL
2026-08-25,TRAW,WATCH,RETEST_PENDING,,FULL
2026-08-25,TRNR,WATCH,RETEST_PENDING,,FULL
2026-08-25,TURB,READY,RETEST_HELD,,FULL
2026-08-25,TVGN,WATCH,RETEST_PENDING,,FULL
2026-08-25,TVRD,READY,RETEST_HELD,,FULL
2026-08-25,UCAR,WATCH,RETEST_PENDING,,FULL
2026-08-25,UFG,WATCH,RETEST_PENDING,,FULL
2026-08-25,UPXI,WATCH,RETEST_PENDING,,FULL
2026-08-25,UXIN,REJECTED,,FE-SCREEN-01/M3,
2026-08-25,VEEE,WATCH,RETEST_PENDING,,FULL
2026-08-25,VERI,FOCUS,BROKEN_NEW_BASE,,FULL
2026-08-25,VIOT,READY,PRESS_RECLAIM,,FULL
2026-08-25,VMAR,WATCH,RETEST_PENDING,,FULL
2026-08-25,VRAX,WATCH,RETEST_PENDING,,FULL
2026-08-25,VWAV,READY,BASE_HELD,,FULL
2026-08-25,WBUY,WATCH,RETEST_PENDING,,FULL
2026-08-25,WIMI,REJECTED,,FE-SCREEN-01/M3,
2026-08-25,WKSP,WATCH,SWEEP_ACTIVE,,FULL
2026-08-25,WNW,READY,RETEST_HELD,,FULL
2026-08-25,WSHP,READY,RETEST_HELD,,FULL
2026-08-25,XAIR,WATCH,SWEEP_ACTIVE,,FULL
2026-08-25,XBP,WATCH,RETEST_PENDING,,FULL
2026-08-25,XCUR,WATCH,SWEEP_ACTIVE,,FULL
2026-08-25,XTLB,WATCH,RETEST_PENDING,,FULL
2026-08-25,YAAS,WATCH,RETEST_PENDING,,FULL
2026-08-25,YDKG,FOCUS,BASE_FORMING,,FULL
2026-08-25,YHC,WATCH,RETEST_PENDING,,FULL
2026-08-25,YMAT,WATCH,RETEST_PENDING,,FULL
2026-08-25,YOUL,WATCH,RETEST_PENDING,,FULL
2026-08-25,YSXT,WATCH,RETEST_PENDING,,FULL
2026-08-25,ZENA,WATCH,RETEST_PENDING,,FULL
2026-08-25,ZOOZ,WATCH,RETEST_PENDING,,FULL
2026-08-25,ZSQR,WATCH,SWEEP_ACTIVE,,FULL
2026-08-26,ABAT,WATCH,RETEST_PENDING,,FULL
2026-08-26,ABTC,WATCH,RETEST_PENDING,,FULL
2026-08-26,ABTS,WATCH,RETEST_PENDING,,FULL
2026-08-26,ABVC,FOCUS,BROKEN_NEW_BASE,,FULL
2026-08-26,ACON,WATCH,RETEST_PENDING,,FULL
2026-08-26,ACXP,READY,RETEST_HELD,,FULL
2026-08-26,ADGM,WATCH,RETEST_PENDING,,FULL
2026-08-26,AEMD,WATCH,SWEEP_ACTIVE,,FULL
2026-08-26,AFJK,WATCH,RETEST_IN_PROGRESS,,FULL
2026-08-26,AHMA,WATCH,RETEST_PENDING,,FULL
2026-08-26,AIFA,WATCH,RETEST_PENDING,,FULL
2026-08-26,AIFC,WATCH,RETEST_PENDING,,FULL
2026-08-26,AIHS,WATCH,RETEST_PENDING,,FULL
2026-08-26,AIOS,WATCH,RETEST_PENDING,,FULL
2026-08-26,AIRE,WATCH,RETEST_PENDING,,FULL
2026-08-26,AIRS,READY,RETEST_HELD,,FULL
2026-08-26,AKTX,WATCH,RETEST_PENDING,,FULL
2026-08-26,ALAR,READY,RETEST_HELD,,FULL
2026-08-26,AMBR,FOCUS,BROKEN_NEW_BASE,,FULL
2026-08-26,AMCI,WATCH,RETEST_PENDING,,FULL
2026-08-26,AMOD,WATCH,RETEST_IN_PROGRESS,,FULL
2026-08-26,ANPA,WATCH,RETEST_PENDING,,FULL
2026-08-26,ANY,WATCH,RETEST_PENDING,,FULL
2026-08-26,APVO,FOCUS,BROKEN_NEW_BASE,,FULL
2026-08-26,AQMS,WATCH,RETEST_PENDING,,FULL
2026-08-26,ARBE,WATCH,RETEST_PENDING,,FULL
2026-08-26,ARTL,READY,PRESS_RECLAIM,,FULL
2026-08-26,ASPI,REJECTED,,FE-SCREEN-01/M3,
2026-08-26,ASTC,WATCH,RETEST_PENDING,,FULL
2026-08-26,ATER,WATCH,RETEST_PENDING,,FULL
2026-08-26,ATPC,READY,RETEST_HELD,,FULL
2026-08-26,ATXG,WATCH,RETEST_PENDING,,FULL
2026-08-26,ATYR,WATCH,RETEST_PENDING,,FULL
2026-08-26,AURE,WATCH,RETEST_PENDING,,FULL
2026-08-26,AUUD,WATCH,RETEST_PENDING,,FULL
2026-08-26,AZIO,WATCH,SWEEP_ACTIVE,,FULL
2026-08-26,BBLG,REJECTED,,FE-SCREEN-01/M3,
2026-08-26,BCAB,NO_BARS,,,
2026-08-26,BCTX,WATCH,RETEST_PENDING,,FULL
2026-08-26,BDRX,WATCH,RETEST_PENDING,,FULL
2026-08-26,BEAT,READY,PRESS_RECLAIM,,FULL
2026-08-26,BGDE,WATCH,RETEST_PENDING,,FULL
2026-08-26,BGLC,WATCH,RETEST_PENDING,,FULL
2026-08-26,BIOX,WATCH,RETEST_PENDING,,FULL
2026-08-26,BIYA,WATCH,RETEST_PENDING,,FULL
2026-08-26,BJDX,READY,RETEST_HELD,,FULL
2026-08-26,BLNE,WATCH,RETEST_PENDING,,FULL
2026-08-26,BLNK,WATCH,RETEST_PENDING,,FULL
2026-08-26,BMGL,WATCH,RETEST_PENDING,,FULL
2026-08-26,BNAI,WATCH,RETEST_PENDING,,FULL
2026-08-26,BNC,WATCH,RETEST_PENDING,,FULL
2026-08-26,BNKK,WATCH,RETEST_PENDING,,FULL
2026-08-26,BRAI,READY,PRESS_RECLAIM,,FULL
2026-08-26,BTAI,NO_BARS,,,
2026-08-26,BTOG,READY,PRESS_RECLAIM,,FULL
2026-08-26,BYRN,REJECTED,,FE-SCREEN-01/M3,
2026-08-26,CALC,FOCUS,BROKEN_NEW_BASE,,FULL
2026-08-26,CCHH,READY,RETEST_HELD,,FULL
2026-08-26,CCTG,READY,RETEST_HELD,,FULL
2026-08-26,CD,WATCH,RETEST_PENDING,,FULL
2026-08-26,CDIO,WATCH,RETEST_PENDING,,FULL
2026-08-26,CDT,FOCUS,BROKEN_NEW_BASE,,FULL
2026-08-26,CELU,WATCH,RETEST_PENDING,,FULL
2026-08-26,CETX,WATCH,RETEST_IN_PROGRESS,,FULL
2026-08-26,CGTL,WATCH,RETEST_PENDING,,FULL
2026-08-26,CGTX,WATCH,RETEST_PENDING,,FULL
2026-08-26,CHR,WATCH,RETEST_PENDING,,FULL
2026-08-26,CHSN,WATCH,RETEST_PENDING,,FULL
2026-08-26,CIRC,WATCH,RETEST_PENDING,,FULL
2026-08-26,CMND,WATCH,RETEST_PENDING,,FULL
2026-08-26,CNCK,WATCH,RETEST_PENDING,,FULL
2026-08-26,CNEY,WATCH,RETEST_PENDING,,FULL
2026-08-26,CNSY,READY,RETEST_HELD,,FULL
2026-08-26,CNTN,WATCH,RETEST_PENDING,,FULL
2026-08-26,CNTX,READY,PRESS_RECLAIM,,FULL
2026-08-26,CODX,FOCUS,BROKEN_NEW_BASE,,FULL
2026-08-26,COOT,WATCH,RETEST_PENDING,,FULL
2026-08-26,CPSH,WATCH,RETEST_PENDING,,FULL
2026-08-26,CRE,READY,RETEST_HELD,,FULL
2026-08-26,CRML,WATCH,RETEST_PENDING,,FULL
2026-08-26,CRMT,WATCH,RETEST_PENDING,,FULL
2026-08-26,CRVO,READY,RETEST_HELD,,FULL
2026-08-26,CTNT,READY,RETEST_HELD,,FULL
2026-08-26,CTXR,WATCH,RETEST_PENDING,,FULL
2026-08-26,CUPR,WATCH,RETEST_PENDING,,FULL
2026-08-26,CVKD,REJECTED,,FE-SCREEN-01/M3,
2026-08-26,CWD,WATCH,RETEST_PENDING,,FULL
2026-08-26,CYCU,WATCH,RETEST_PENDING,,FULL
2026-08-26,DARE,READY,BASE_HELD,,FULL
2026-08-26,DCOY,FOCUS,BROKEN_NEW_BASE,,FULL
2026-08-26,DGNX,WATCH,RETEST_PENDING,,FULL
2026-08-26,DOGZ,WATCH,RETEST_PENDING,,FULL
2026-08-26,DOMO,WATCH,RETEST_PENDING,,FULL
2026-08-26,DPU,WATCH,RETEST_PENDING,,FULL
2026-08-26,DRMA,REJECTED,,FE-SCREEN-01/M3,
2026-08-26,DSY,WATCH,RETEST_PENDING,,FULL
2026-08-26,DTSS,WATCH,RETEST_PENDING,,FULL
2026-08-26,DUO,WATCH,RETEST_PENDING,,FULL
2026-08-26,DXST,WATCH,RETEST_PENDING,,FULL
2026-08-26,EDBL,FOCUS,BROKEN_NEW_BASE,,FULL
2026-08-26,EDSA,READY,PRESS_RECLAIM,,FULL
2026-08-26,EH,REJECTED,,FE-SCREEN-01/M3,
2026-08-26,ELAB,FOCUS,BROKEN_NEW_BASE,,FULL
2026-08-26,ELTX,READY,RETEST_HELD,,FULL
2026-08-26,ENGN,WATCH,RETEST_PENDING,,FULL
2026-08-26,ENGS,WATCH,RETEST_PENDING,,FULL
2026-08-26,ENLV,FOCUS,BROKEN_NEW_BASE,,FULL
2026-08-26,ENVX,READY,BASE_HELD,,FULL
2026-08-26,EOSE,WATCH,RETEST_IN_PROGRESS,,FULL
2026-08-26,EPSM,WATCH,RETEST_PENDING,,FULL
2026-08-26,ERNA,WATCH,RETEST_PENDING,,FULL
2026-08-26,ESLA,READY,RETEST_HELD,,FULL
2026-08-26,EVAX,WATCH,RETEST_PENDING,,FULL
2026-08-26,FABC,WATCH,RETEST_PENDING,,FULL
2026-08-26,FAC,WATCH,RETEST_PENDING,,FULL
2026-08-26,FBLG,WATCH,RETEST_PENDING,,FULL
2026-08-26,FEAM,FOCUS,BASE_FORMING,,FULL
2026-08-26,FEMY,WATCH,RETEST_PENDING,,FULL
2026-08-26,FFAI,FOCUS,BROKEN_NEW_BASE,,FULL
2026-08-26,FGNX,WATCH,RETEST_PENDING,,FULL
2026-08-26,FLUX,WATCH,RETEST_PENDING,,FULL
2026-08-26,FMST,READY,BASE_HELD,,FULL
2026-08-26,FNUC,WATCH,RETEST_PENDING,,FULL
2026-08-26,FOFO,WATCH,RETEST_PENDING,,FULL
2026-08-26,FRMM,WATCH,RETEST_PENDING,,FULL
2026-08-26,FRSX,REJECTED,,FE-SCREEN-01/M3,
2026-08-26,FTCI,REJECTED,,FE-SCREEN-01/M3,
2026-08-26,FTFT,FOCUS,BROKEN_NEW_BASE,,FULL
2026-08-26,FTHM,READY,PRESS_RECLAIM,,FULL
2026-08-26,FXHO,WATCH,RETEST_PENDING,,FULL
2026-08-26,GDEV,FOCUS,BROKEN_NEW_BASE,,FULL
2026-08-26,GDTC,WATCH,RETEST_PENDING,,FULL
2026-08-26,GELS,WATCH,RETEST_PENDING,,FULL
2026-08-26,GEOS,READY,RETEST_HELD,,FULL
2026-08-26,GITS,FOCUS,BASE_FORMING,,FULL
2026-08-26,GLXG,WATCH,RETEST_PENDING,,FULL
2026-08-26,GMHS,READY,RETEST_HELD,,FULL
2026-08-26,GNLN,WATCH,RETEST_PENDING,,FULL
2026-08-26,GNPX,READY,BASE_HELD,,FULL
2026-08-26,GOVX,READY,PRESS_RECLAIM,,FULL
2026-08-26,GRI,REJECTED,,FE-SCREEN-01/M3,
2026-08-26,GWAV,WATCH,RETEST_PENDING,,FULL
2026-08-26,HCAI,WATCH,RETEST_PENDING,,FULL
2026-08-26,HERE,WATCH,RETEST_PENDING,,FULL
2026-08-26,HIT,WATCH,RETEST_PENDING,,FULL
2026-08-26,HOUR,READY,RETEST_HELD,,FULL
2026-08-26,HPAI,REJECTED,,FE-SCREEN-01/M3,
2026-08-26,HTZ,WATCH,RETEST_PENDING,,FULL
2026-08-26,HUMA,WATCH,RETEST_PENDING,,FULL
2026-08-26,HWH,NO_BARS,,,
2026-08-26,HXHX,WATCH,RETEST_PENDING,,FULL
2026-08-26,HYPD,WATCH,RETEST_PENDING,,FULL
2026-08-26,IBG,WATCH,RETEST_PENDING,,FULL
2026-08-26,ICCM,READY,RETEST_HELD,,FULL
2026-08-26,ICU,READY,RETEST_HELD,,FULL
2026-08-26,ILLR,NO_BARS,,,
2026-08-26,IMNN,READY,RETEST_HELD,,FULL
2026-08-26,IMSR,WATCH,RETEST_PENDING,,FULL
2026-08-26,INDP,WATCH,RETEST_PENDING,,FULL
2026-08-26,INSG,FOCUS,BROKEN_NEW_BASE,,FULL
2026-08-26,INTJ,WATCH,RETEST_PENDING,,FULL
2026-08-26,INTS,WATCH,RETEST_PENDING,,FULL
2026-08-26,INTZ,FOCUS,BROKEN_NEW_BASE,,FULL
2026-08-26,IQST,READY,RETEST_HELD,,FULL
2026-08-26,ISPC,FOCUS,BROKEN_NEW_BASE,,FULL
2026-08-26,JAGX,WATCH,RETEST_PENDING,,FULL
2026-08-26,JBDI,WATCH,RETEST_PENDING,,FULL
2026-08-26,JDZG,WATCH,RETEST_PENDING,,FULL
2026-08-26,JFB,NO_BARS,,,
2026-08-26,JFIN,READY,RETEST_HELD,,FULL
2026-08-26,JSPR,WATCH,RETEST_PENDING,,FULL
2026-08-26,JTAI,READY,RETEST_HELD,,FULL
2026-08-26,JYD,WATCH,RETEST_PENDING,,FULL
2026-08-26,JZXN,READY,BASE_HELD,,FULL
2026-08-26,KALA,WATCH,RETEST_PENDING,,FULL
2026-08-26,KELYB,READY,PRESS_RECLAIM,,FULL
2026-08-26,KG,WATCH,SWEEP_ACTIVE,,FULL
2026-08-26,KMRK,WATCH,RETEST_PENDING,,FULL
2026-08-26,KPLT,FOCUS,BASE_FORMING,,FULL
2026-08-26,KRRO,WATCH,RETEST_PENDING,,FULL
2026-08-26,KTTA,WATCH,RETEST_PENDING,,FULL
2026-08-26,KUST,REJECTED,,FE-SCREEN-01/M3,
2026-08-26,LASE,WATCH,RETEST_PENDING,,FULL
2026-08-26,LFS,WATCH,RETEST_PENDING,,FULL
2026-08-26,LHAI,WATCH,RETEST_PENDING,,FULL
2026-08-26,LICN,WATCH,RETEST_PENDING,,FULL
2026-08-26,LIMN,WATCH,SWEEP_ACTIVE,,FULL
2026-08-26,LNAI,WATCH,RETEST_PENDING,,FULL
2026-08-26,LNKS,WATCH,SWEEP_ACTIVE,,FULL
2026-08-26,LNZA,WATCH,RETEST_PENDING,,FULL
2026-08-26,LPSN,NO_BARS,,,
2026-08-26,LRHC,FOCUS,BROKEN_NEW_BASE,,FULL
2026-08-26,LTBR,WATCH,RETEST_PENDING,,FULL
2026-08-26,LX,REJECTED,,FE-SCREEN-01/M3,
2026-08-26,MBRX,WATCH,RETEST_PENDING,,FULL
2026-08-26,MCRB,WATCH,RETEST_PENDING,,FULL
2026-08-26,METC,WATCH,RETEST_PENDING,,FULL
2026-08-26,MKZR,WATCH,RETEST_PENDING,,FULL
2026-08-26,MNDR,WATCH,RETEST_PENDING,,FULL
2026-08-26,MNTS,READY,RETEST_HELD,,FULL
2026-08-26,MOBX,WATCH,RETEST_PENDING,,FULL
2026-08-26,MRM,READY,PRESS_RECLAIM,,FULL
2026-08-26,MSAI,WATCH,RETEST_PENDING,,FULL
2026-08-26,MVST,READY,RETEST_HELD,,FULL
2026-08-26,NAMM,WATCH,RETEST_PENDING,,FULL
2026-08-26,NCI,WATCH,RETEST_PENDING,,FULL
2026-08-26,NCRA,WATCH,RETEST_PENDING,,FULL
2026-08-26,NEON,WATCH,RETEST_PENDING,,FULL
2026-08-26,NEUP,WATCH,RETEST_PENDING,,FULL
2026-08-26,NEXR,WATCH,RETEST_PENDING,,FULL
2026-08-26,NIVF,WATCH,RETEST_PENDING,,FULL
2026-08-26,NKLR,WATCH,RETEST_PENDING,,FULL
2026-08-26,NNNN,FOCUS,BROKEN_NEW_BASE,,FULL
2026-08-26,NPT,WATCH,RETEST_PENDING,,FULL
2026-08-26,NUWE,FOCUS,BROKEN_NEW_BASE,,FULL
2026-08-26,NVX,WATCH,RETEST_PENDING,,FULL
2026-08-26,NXTS,WATCH,RETEST_PENDING,,FULL
2026-08-26,ODD,WATCH,RETEST_PENDING,,FULL
2026-08-26,OIO,WATCH,RETEST_PENDING,,FULL
2026-08-26,OM,READY,RETEST_HELD,,FULL
2026-08-26,OMEX,WATCH,RETEST_PENDING,,FULL
2026-08-26,ONCO,REJECTED,,FE-SCREEN-01/M3,
2026-08-26,ORGO,WATCH,RETEST_IN_PROGRESS,,FULL
2026-08-26,OTLK,FOCUS,BROKEN_NEW_BASE,,FULL
2026-08-26,PARA,FOCUS,BROKEN_NEW_BASE,,FULL
2026-08-26,PBM,WATCH,RETEST_PENDING,,FULL
2026-08-26,PCSA,WATCH,RETEST_PENDING,,FULL
2026-08-26,PHOE,WATCH,RETEST_PENDING,,FULL
2026-08-26,PLCE,WATCH,RETEST_PENDING,,FULL
2026-08-26,PLSM,READY,PRESS_RECLAIM,,FULL
2026-08-26,PMAX,WATCH,RETEST_PENDING,,FULL
2026-08-26,POLA,READY,RETEST_HELD,,FULL
2026-08-26,POM,WATCH,RETEST_PENDING,,FULL
2026-08-26,PPBT,WATCH,RETEST_PENDING,,FULL
2026-08-26,PRFX,READY,PRESS_RECLAIM,,FULL
2026-08-26,PROP,FOCUS,BROKEN_NEW_BASE,,FULL
2026-08-26,PRSO,WATCH,RETEST_IN_PROGRESS,,FULL
2026-08-26,PTLE,WATCH,RETEST_PENDING,,FULL
2026-08-26,PWCM,READY,BASE_HELD,,FULL
2026-08-26,QCLS,WATCH,SWEEP_ACTIVE,,FULL
2026-08-26,QNRX,WATCH,RETEST_PENDING,,FULL
2026-08-26,QSI,WATCH,RETEST_PENDING,,FULL
2026-08-26,QTEX,READY,RETEST_HELD,,FULL
2026-08-26,QUCY,WATCH,RETEST_PENDING,,FULL
2026-08-26,RADX,FOCUS,BROKEN_NEW_BASE,,FULL
2026-08-26,RAIN,FOCUS,BROKEN_NEW_BASE,,FULL
2026-08-26,RANI,WATCH,RETEST_PENDING,,FULL
2026-08-26,RAY,WATCH,RETEST_PENDING,,FULL
2026-08-26,RAYA,WATCH,RETEST_IN_PROGRESS,,FULL
2026-08-26,RBNE,WATCH,RETEST_PENDING,,FULL
2026-08-26,RDHL,READY,BASE_HELD,,FULL
2026-08-26,RECT,WATCH,RETEST_PENDING,,FULL
2026-08-26,REKR,READY,RETEST_HELD,,FULL
2026-08-26,RENX,WATCH,RETEST_PENDING,,FULL
2026-08-26,REVB,REJECTED,,FE-SCREEN-01/M3,
2026-08-26,RGC,WATCH,RETEST_PENDING,,FULL
2026-08-26,RKDA,REJECTED,,FE-SCREEN-01/M3,
2026-08-26,RNAZ,FOCUS,BASE_FORMING,,FULL
2026-08-26,RR,WATCH,RETEST_PENDING,,FULL
2026-08-26,RVSN,WATCH,RETEST_PENDING,,FULL
2026-08-26,SAGT,READY,PRESS_RECLAIM,,FULL
2026-08-26,SBFM,READY,RETEST_HELD,,FULL
2026-08-26,SCWO,WATCH,RETEST_PENDING,,FULL
2026-08-26,SDA,WATCH,RETEST_PENDING,,FULL
2026-08-26,SDST,FOCUS,BROKEN_NEW_BASE,,FULL
2026-08-26,SERV,WATCH,RETEST_IN_PROGRESS,,FULL
2026-08-26,SHPH,WATCH,RETEST_PENDING,,FULL
2026-08-26,SILO,FOCUS,BROKEN_NEW_BASE,,FULL
2026-08-26,SINT,READY,RETEST_HELD,,FULL
2026-08-26,SKIN,WATCH,RETEST_PENDING,,FULL
2026-08-26,SKK,WATCH,RETEST_PENDING,,FULL
2026-08-26,SKYA,WATCH,RETEST_PENDING,,FULL
2026-08-26,SKYQ,WATCH,RETEST_PENDING,,FULL
2026-08-26,SLBT,READY,RETEST_HELD,,FULL
2026-08-26,SLDP,WATCH,RETEST_PENDING,,FULL
2026-08-26,SLGB,READY,PRESS_RECLAIM,,FULL
2026-08-26,SLNH,WATCH,RETEST_PENDING,,FULL
2026-08-26,SLSN,WATCH,RETEST_PENDING,,FULL
2026-08-26,SNAL,WATCH,RETEST_PENDING,,FULL
2026-08-26,SNOA,WATCH,RETEST_PENDING,,FULL
2026-08-26,SNTG,READY,RETEST_HELD,,FULL
2026-08-26,SOBR,NO_BARS,,,
2026-08-26,SONM,WATCH,RETEST_PENDING,,FULL
2026-08-26,SOWG,WATCH,RETEST_PENDING,,FULL
2026-08-26,SPHL,READY,RETEST_HELD,,FULL
2026-08-26,SPRC,WATCH,RETEST_PENDING,,FULL
2026-08-26,STAK,FOCUS,BROKEN_NEW_BASE,,FULL
2026-08-26,STEX,WATCH,RETEST_PENDING,,FULL
2026-08-26,STFS,WATCH,RETEST_PENDING,,FULL
2026-08-26,STKE,WATCH,RETEST_PENDING,,FULL
2026-08-26,SUNE,WATCH,RETEST_PENDING,,FULL
2026-08-26,SVRE,WATCH,RETEST_PENDING,,FULL
2026-08-26,SVRN,WATCH,RETEST_PENDING,,FULL
2026-08-26,SXTP,READY,BASE_HELD,,FULL
2026-08-26,TAOP,WATCH,RETEST_PENDING,,FULL
2026-08-26,TC,WATCH,RETEST_PENDING,,FULL
2026-08-26,TDIC,READY,RETEST_HELD,,FULL
2026-08-26,TDTH,WATCH,RETEST_PENDING,,FULL
2026-08-26,TGHL,WATCH,RETEST_PENDING,,FULL
2026-08-26,TGL,FOCUS,BROKEN_NEW_BASE,,FULL
2026-08-26,TLRY,WATCH,RETEST_PENDING,,FULL
2026-08-26,TONX,WATCH,RETEST_PENDING,,FULL
2026-08-26,TOYO,READY,PRESS_RECLAIM,,FULL
2026-08-26,TRAW,WATCH,RETEST_PENDING,,FULL
2026-08-26,TRNR,WATCH,RETEST_PENDING,,FULL
2026-08-26,TVGN,WATCH,RETEST_PENDING,,FULL
2026-08-26,TVRD,READY,RETEST_HELD,,FULL
2026-08-26,TYGO,WATCH,RETEST_IN_PROGRESS,,FULL
2026-08-26,UCAR,WATCH,RETEST_PENDING,,FULL
2026-08-26,UFG,WATCH,RETEST_PENDING,,FULL
2026-08-26,UONE,READY,RETEST_HELD,,FULL
2026-08-26,UPC,WATCH,RETEST_PENDING,,FULL
2026-08-26,UPXI,WATCH,RETEST_PENDING,,FULL
2026-08-26,UXIN,REJECTED,,FE-SCREEN-01/M3,
2026-08-26,VEEE,WATCH,RETEST_PENDING,,FULL
2026-08-26,VERI,FOCUS,BROKEN_NEW_BASE,,FULL
2026-08-26,VIOT,READY,PRESS_RECLAIM,,FULL
2026-08-26,VMAR,WATCH,RETEST_PENDING,,FULL
2026-08-26,VRAX,WATCH,RETEST_IN_PROGRESS,,FULL
2026-08-26,VRXA,READY,RETEST_HELD,,FULL
2026-08-26,VWAV,READY,PRESS_RECLAIM,,FULL
2026-08-26,WBUY,WATCH,RETEST_PENDING,,FULL
2026-08-26,WIMI,REJECTED,,FE-SCREEN-01/M3,
2026-08-26,WKSP,FOCUS,BROKEN_NEW_BASE,,FULL
2026-08-26,WNW,READY,RETEST_HELD,,FULL
2026-08-26,WSHP,READY,RETEST_HELD,,FULL
2026-08-26,XAIR,FOCUS,BROKEN_NEW_BASE,,FULL
2026-08-26,XBP,WATCH,RETEST_PENDING,,FULL
2026-08-26,XCUR,READY,PRESS_RECLAIM,,FULL
2026-08-26,XTLB,WATCH,RETEST_PENDING,,FULL
2026-08-26,XXII,FOCUS,BROKEN_NEW_BASE,,FULL
2026-08-26,YAAS,WATCH,RETEST_PENDING,,FULL
2026-08-26,YHC,WATCH,RETEST_PENDING,,FULL
2026-08-26,YMAT,WATCH,RETEST_PENDING,,FULL
2026-08-26,YOUL,WATCH,RETEST_PENDING,,FULL
2026-08-26,YSXT,WATCH,RETEST_PENDING,,FULL
2026-08-26,ZENA,WATCH,RETEST_PENDING,,FULL
2026-08-26,ZOOZ,WATCH,RETEST_PENDING,,FULL
2026-08-26,ZSQR,READY,PRESS_RECLAIM,,FULL
2026-08-27,ABAT,WATCH,RETEST_PENDING,,FULL
2026-08-27,ABTC,WATCH,RETEST_PENDING,,FULL
2026-08-27,ABTS,WATCH,RETEST_PENDING,,FULL
2026-08-27,ABVC,FOCUS,BROKEN_NEW_BASE,,FULL
2026-08-27,ACON,WATCH,RETEST_PENDING,,FULL
2026-08-27,ACXP,READY,RETEST_HELD,,FULL
2026-08-27,ADGM,WATCH,RETEST_PENDING,,FULL
2026-08-27,AEMD,FOCUS,BROKEN_NEW_BASE,,FULL
2026-08-27,AFJK,READY,RETEST_HELD,,FULL
2026-08-27,AHMA,WATCH,RETEST_PENDING,,FULL
2026-08-27,AIFA,WATCH,RETEST_PENDING,,FULL
2026-08-27,AIFC,WATCH,RETEST_PENDING,,FULL
2026-08-27,AIIO,WATCH,RETEST_IN_PROGRESS,,FULL
2026-08-27,AIOS,WATCH,RETEST_PENDING,,FULL
2026-08-27,AIRE,WATCH,RETEST_PENDING,,FULL
2026-08-27,AIRS,READY,RETEST_HELD,,FULL
2026-08-27,AKTX,WATCH,RETEST_PENDING,,FULL
2026-08-27,AMBR,WATCH,RETEST_PENDING,,FULL
2026-08-27,AMCI,WATCH,SWEEP_ACTIVE,,FULL
2026-08-27,AMOD,WATCH,RETEST_IN_PROGRESS,,FULL
2026-08-27,ANPA,WATCH,RETEST_PENDING,,FULL
2026-08-27,ANY,WATCH,RETEST_PENDING,,FULL
2026-08-27,APVO,FOCUS,BROKEN_NEW_BASE,,FULL
2026-08-27,AQMS,WATCH,RETEST_PENDING,,FULL
2026-08-27,ARBE,WATCH,RETEST_PENDING,,FULL
2026-08-27,ARTL,READY,PRESS_RECLAIM,,FULL
2026-08-27,ASPI,REJECTED,,FE-SCREEN-01/M3,
2026-08-27,ASTC,WATCH,RETEST_PENDING,,FULL
2026-08-27,ATER,WATCH,RETEST_PENDING,,FULL
2026-08-27,ATPC,READY,RETEST_HELD,,FULL
2026-08-27,ATXG,WATCH,RETEST_PENDING,,FULL
2026-08-27,ATYR,WATCH,RETEST_PENDING,,FULL
2026-08-27,AUID,WATCH,RETEST_PENDING,,FULL
2026-08-27,AURE,WATCH,RETEST_PENDING,,FULL
2026-08-27,AUUD,WATCH,RETEST_PENDING,,FULL
2026-08-27,AZI,REJECTED,,FE-SCREEN-01/M4_RANGE,
2026-08-27,AZIO,FOCUS,BASE_FORMING,,FULL
2026-08-27,BBLG,REJECTED,,FE-SCREEN-01/M3,
2026-08-27,BCAB,NO_BARS,,,
2026-08-27,BCTX,WATCH,RETEST_PENDING,,FULL
2026-08-27,BDRX,WATCH,SWEEP_ACTIVE,,FULL
2026-08-27,BGDE,WATCH,RETEST_PENDING,,FULL
2026-08-27,BGLC,WATCH,RETEST_PENDING,,FULL
2026-08-27,BIOX,WATCH,RETEST_PENDING,,FULL
2026-08-27,BIYA,WATCH,RETEST_PENDING,,FULL
2026-08-27,BJDX,READY,RETEST_HELD,,FULL
2026-08-27,BLNE,WATCH,RETEST_PENDING,,FULL
2026-08-27,BLNK,WATCH,RETEST_PENDING,,FULL
2026-08-27,BMGL,WATCH,RETEST_PENDING,,FULL
2026-08-27,BNAI,WATCH,RETEST_PENDING,,FULL
2026-08-27,BNC,WATCH,RETEST_PENDING,,FULL
2026-08-27,BNKK,WATCH,RETEST_PENDING,,FULL
2026-08-27,BRAI,READY,PRESS_RECLAIM,,FULL
2026-08-27,BTAI,NO_BARS,,,
2026-08-27,BTOG,READY,PRESS_RECLAIM,,FULL
2026-08-27,BYAH,REJECTED,,FE-SCREEN-01/M4_RANGE,
2026-08-27,BYRN,REJECTED,,FE-SCREEN-01/M3,
2026-08-27,BYSI,READY,RETEST_HELD,,FULL
2026-08-27,CALC,FOCUS,BROKEN_NEW_BASE,,FULL
2026-08-27,CCHH,READY,RETEST_HELD,,FULL
2026-08-27,CCTG,READY,RETEST_HELD,,FULL
2026-08-27,CD,WATCH,RETEST_PENDING,,FULL
2026-08-27,CDIO,WATCH,RETEST_PENDING,,FULL
2026-08-27,CDT,FOCUS,BROKEN_NEW_BASE,,FULL
2026-08-27,CELZ,WATCH,RETEST_PENDING,,FULL
2026-08-27,CETX,WATCH,RETEST_PENDING,,FULL
2026-08-27,CGTL,WATCH,RETEST_PENDING,,FULL
2026-08-27,CHR,WATCH,RETEST_PENDING,,FULL
2026-08-27,CHSN,WATCH,RETEST_PENDING,,FULL
2026-08-27,CIRC,WATCH,RETEST_PENDING,,FULL
2026-08-27,CMCT,WATCH,RETEST_PENDING,,FULL
2026-08-27,CMND,WATCH,RETEST_PENDING,,FULL
2026-08-27,CNCK,WATCH,RETEST_PENDING,,FULL
2026-08-27,CNEY,WATCH,RETEST_PENDING,,FULL
2026-08-27,CNSY,READY,RETEST_HELD,,FULL
2026-08-27,CNTX,READY,PRESS_RECLAIM,,FULL
2026-08-27,CODX,WATCH,RETEST_PENDING,,FULL
2026-08-27,COOT,WATCH,RETEST_PENDING,,FULL
2026-08-27,CPSH,WATCH,RETEST_IN_PROGRESS,,FULL
2026-08-27,CRML,WATCH,RETEST_PENDING,,FULL
2026-08-27,CRVO,READY,RETEST_HELD,,FULL
2026-08-27,CTNT,READY,RETEST_HELD,,FULL
2026-08-27,CUPR,WATCH,RETEST_PENDING,,FULL
2026-08-27,CVKD,REJECTED,,FE-SCREEN-01/M3,
2026-08-27,CVRX,REJECTED,,FE-SCREEN-01/M2_FLOOR,
2026-08-27,CWD,WATCH,RETEST_PENDING,,FULL
2026-08-27,DCOY,FOCUS,BROKEN_NEW_BASE,,FULL
2026-08-27,DGNX,WATCH,RETEST_PENDING,,FULL
2026-08-27,DOGZ,WATCH,RETEST_PENDING,,FULL
2026-08-27,DOMO,WATCH,RETEST_PENDING,,FULL
2026-08-27,DPU,WATCH,RETEST_PENDING,,FULL
2026-08-27,DRMA,REJECTED,,FE-SCREEN-01/M3,
2026-08-27,DSY,WATCH,RETEST_PENDING,,FULL
2026-08-27,DUO,WATCH,RETEST_PENDING,,FULL
2026-08-27,DXST,WATCH,RETEST_PENDING,,FULL
2026-08-27,EDBL,FOCUS,BROKEN_NEW_BASE,,FULL
2026-08-27,EDSA,READY,PRESS_RECLAIM,,FULL
2026-08-27,EH,REJECTED,,FE-SCREEN-01/M3,
2026-08-27,ELAB,FOCUS,BROKEN_NEW_BASE,,FULL
2026-08-27,ELTX,READY,RETEST_HELD,,FULL
2026-08-27,ENGN,WATCH,RETEST_PENDING,,FULL
2026-08-27,ENGS,WATCH,RETEST_PENDING,,FULL
2026-08-27,ENLV,FOCUS,BROKEN_NEW_BASE,,FULL
2026-08-27,ENVB,FOCUS,BROKEN_NEW_BASE,,FULL
2026-08-27,ENVX,READY,BASE_HELD,,FULL
2026-08-27,EOSE,READY,RETEST_HELD,,FULL
2026-08-27,EPSM,WATCH,RETEST_PENDING,,FULL
2026-08-27,ERNA,WATCH,RETEST_PENDING,,FULL
2026-08-27,ESLA,READY,RETEST_HELD,,FULL
2026-08-27,EUDA,WATCH,RETEST_PENDING,,FULL
2026-08-27,EVAX,WATCH,RETEST_PENDING,,FULL
2026-08-27,FABC,WATCH,RETEST_PENDING,,FULL
2026-08-27,FAC,WATCH,RETEST_PENDING,,FULL
2026-08-27,FCUV,REJECTED,,FE-SCREEN-01/M4_RANGE,
2026-08-27,FEAM,FOCUS,BASE_FORMING,,FULL
2026-08-27,FEMY,WATCH,RETEST_PENDING,,FULL
2026-08-27,FFAI,FOCUS,BROKEN_NEW_BASE,,FULL
2026-08-27,FGNX,WATCH,RETEST_PENDING,,FULL
2026-08-27,FLUX,WATCH,RETEST_PENDING,,FULL
2026-08-27,FMST,READY,BASE_HELD,,FULL
2026-08-27,FNUC,WATCH,RETEST_PENDING,,FULL
2026-08-27,FOFO,WATCH,RETEST_PENDING,,FULL
2026-08-27,FRMM,WATCH,RETEST_IN_PROGRESS,,FULL
2026-08-27,FRSX,REJECTED,,FE-SCREEN-01/M3,
2026-08-27,FTCI,REJECTED,,FE-SCREEN-01/M3,
2026-08-27,FTFT,FOCUS,BROKEN_NEW_BASE,,FULL
2026-08-27,FTHM,READY,PRESS_RECLAIM,,FULL
2026-08-27,FXHO,WATCH,RETEST_PENDING,,FULL
2026-08-27,GAUZ,REJECTED,,FE-SCREEN-01/M4_RANGE,
2026-08-27,GCL,WATCH,RETEST_PENDING,,FULL
2026-08-27,GDEV,FOCUS,BROKEN_NEW_BASE,,FULL
2026-08-27,GDTC,WATCH,RETEST_PENDING,,FULL
2026-08-27,GELS,REJECTED,,FE-SCREEN-01/M2_FLOOR,
2026-08-27,GEOS,READY,RETEST_HELD,,FULL
2026-08-27,GITS,FOCUS,BASE_FORMING,,FULL
2026-08-27,GLXG,WATCH,RETEST_PENDING,,FULL
2026-08-27,GNLN,WATCH,RETEST_PENDING,,FULL
2026-08-27,GNPX,READY,BASE_HELD,,FULL
2026-08-27,GNTA,READY,BASE_HELD,,FULL
2026-08-27,GOVX,WATCH,RETEST_IN_PROGRESS,,FULL
2026-08-27,GRI,REJECTED,,FE-SCREEN-01/M3,
2026-08-27,GWAV,WATCH,RETEST_PENDING,,FULL
2026-08-27,HCAI,WATCH,RETEST_PENDING,,FULL
2026-08-27,HOUR,READY,RETEST_HELD,,FULL
2026-08-27,HPAI,REJECTED,,FE-SCREEN-01/M3,
2026-08-27,HTCO,REJECTED,,FE-SCREEN-01/SCORE,
2026-08-27,HTZ,WATCH,RETEST_PENDING,,FULL
2026-08-27,HUMA,WATCH,RETEST_PENDING,,FULL
2026-08-27,HWH,NO_BARS,,,
2026-08-27,HXHX,WATCH,RETEST_PENDING,,FULL
2026-08-27,IBG,WATCH,RETEST_PENDING,,FULL
2026-08-27,ICCM,READY,RETEST_HELD,,FULL
2026-08-27,ICU,READY,RETEST_HELD,,FULL
2026-08-27,ILLR,NO_BARS,,,
2026-08-27,IMCC,WATCH,RETEST_PENDING,,FULL
2026-08-27,IMNN,READY,RETEST_HELD,,FULL
2026-08-27,IMSR,WATCH,RETEST_PENDING,,FULL
2026-08-27,INDP,WATCH,RETEST_PENDING,,FULL
2026-08-27,INLF,WATCH,RETEST_PENDING,,FULL
2026-08-27,INSG,FOCUS,BROKEN_NEW_BASE,,FULL
2026-08-27,INTJ,WATCH,RETEST_PENDING,,FULL
2026-08-27,INTS,WATCH,RETEST_PENDING,,FULL
2026-08-27,IQST,READY,RETEST_HELD,,FULL
2026-08-27,ISPC,FOCUS,BROKEN_NEW_BASE,,FULL
2026-08-27,IXHL,WATCH,RETEST_PENDING,,FULL
2026-08-27,JAGX,WATCH,RETEST_PENDING,,FULL
2026-08-27,JBDI,WATCH,RETEST_PENDING,,FULL
2026-08-27,JDZG,WATCH,RETEST_PENDING,,FULL
2026-08-27,JFB,NO_BARS,,,
2026-08-27,JFIN,READY,RETEST_HELD,,FULL
2026-08-27,JLHL,WATCH,RETEST_PENDING,,FULL
2026-08-27,JSPR,WATCH,RETEST_PENDING,,FULL
2026-08-27,JTAI,READY,RETEST_HELD,,FULL
2026-08-27,JYD,WATCH,RETEST_PENDING,,FULL
2026-08-27,JZXN,READY,BASE_HELD,,FULL
2026-08-27,KALA,WATCH,RETEST_PENDING,,FULL
2026-08-27,KELYB,READY,PRESS_RECLAIM,,FULL
2026-08-27,KITT,READY,RETEST_HELD,,FULL
2026-08-27,KMRK,WATCH,RETEST_PENDING,,FULL
2026-08-27,KPLT,FOCUS,BASE_FORMING,,FULL
2026-08-27,KRRO,WATCH,RETEST_PENDING,,FULL
2026-08-27,KTTA,WATCH,RETEST_PENDING,,FULL
2026-08-27,KUST,REJECTED,,FE-SCREEN-01/M3,
2026-08-27,KXIN,WATCH,RETEST_PENDING,,FULL
2026-08-27,LASE,WATCH,RETEST_PENDING,,FULL
2026-08-27,LBGJ,REJECTED,,FE-SCREEN-01/M2_CEIL,
2026-08-27,LFS,WATCH,RETEST_PENDING,,FULL
2026-08-27,LHAI,WATCH,RETEST_PENDING,,FULL
2026-08-27,LICN,WATCH,RETEST_PENDING,,FULL
2026-08-27,LIMN,WATCH,SWEEP_ACTIVE,,FULL
2026-08-27,LNAI,WATCH,RETEST_PENDING,,FULL
2026-08-27,LNKS,FOCUS,BROKEN_NEW_BASE,,FULL
2026-08-27,LNZA,WATCH,RETEST_PENDING,,FULL
2026-08-27,LPSN,NO_BARS,,,
2026-08-27,LRHC,FOCUS,BROKEN_NEW_BASE,,FULL
2026-08-27,LTBR,WATCH,RETEST_PENDING,,FULL
2026-08-27,LX,REJECTED,,FE-SCREEN-01/M3,
2026-08-27,MBRX,WATCH,RETEST_PENDING,,FULL
2026-08-27,MCRB,WATCH,RETEST_IN_PROGRESS,,FULL
2026-08-27,METC,WATCH,RETEST_PENDING,,FULL
2026-08-27,MKZR,WATCH,RETEST_PENDING,,FULL
2026-08-27,MNDR,WATCH,RETEST_PENDING,,FULL
2026-08-27,MNTS,READY,RETEST_HELD,,FULL
2026-08-27,MOBX,WATCH,RETEST_IN_PROGRESS,,FULL
2026-08-27,MRM,READY,PRESS_RECLAIM,,FULL
2026-08-27,MSAI,WATCH,RETEST_PENDING,,FULL
2026-08-27,MVST,READY,RETEST_HELD,,FULL
2026-08-27,NAMM,WATCH,RETEST_PENDING,,FULL
2026-08-27,NBP,WATCH,RETEST_PENDING,,FULL
2026-08-27,NCI,WATCH,RETEST_PENDING,,FULL
2026-08-27,NCRA,WATCH,RETEST_PENDING,,FULL
2026-08-27,NEON,WATCH,RETEST_PENDING,,FULL
2026-08-27,NEUP,WATCH,RETEST_PENDING,,FULL
2026-08-27,NEXR,FOCUS,BROKEN_NEW_BASE,,FULL
2026-08-27,NIVF,WATCH,RETEST_IN_PROGRESS,,FULL
2026-08-27,NKLR,WATCH,RETEST_PENDING,,FULL
2026-08-27,NNNN,FOCUS,BROKEN_NEW_BASE,,FULL
2026-08-27,NPT,WATCH,RETEST_PENDING,,FULL
2026-08-27,NRSN,REJECTED,,FE-SCREEN-01/M4_RANGE,
2026-08-27,NTRP,FOCUS,BROKEN_NEW_BASE,,FULL
2026-08-27,NUWE,FOCUS,BROKEN_NEW_BASE,,FULL
2026-08-27,NVX,WATCH,RETEST_IN_PROGRESS,,FULL
2026-08-27,NXTS,WATCH,RETEST_PENDING,,FULL
2026-08-27,ODD,WATCH,RETEST_PENDING,,FULL
2026-08-27,OIO,WATCH,RETEST_PENDING,,FULL
2026-08-27,OM,READY,RETEST_HELD,,FULL
2026-08-27,OMEX,WATCH,RETEST_PENDING,,FULL
2026-08-27,ONCO,REJECTED,,FE-SCREEN-01/M3,
2026-08-27,ORGO,READY,RETEST_HELD,,FULL
2026-08-27,OTLK,FOCUS,BROKEN_NEW_BASE,,FULL
2026-08-27,PARA,FOCUS,BROKEN_NEW_BASE,,FULL
2026-08-27,PBM,WATCH,RETEST_PENDING,,FULL
2026-08-27,PCSA,WATCH,RETEST_PENDING,,FULL
2026-08-27,PHOE,WATCH,RETEST_PENDING,,FULL
2026-08-27,PLCE,WATCH,RETEST_PENDING,,FULL
2026-08-27,PLSM,READY,PRESS_RECLAIM,,FULL
2026-08-27,PMAX,WATCH,RETEST_IN_PROGRESS,,FULL
2026-08-27,PN,REJECTED,,FE-SCREEN-01/M4_RANGE,
2026-08-27,POLA,READY,RETEST_HELD,,FULL
2026-08-27,POM,WATCH,RETEST_PENDING,,FULL
2026-08-27,PPBT,WATCH,RETEST_PENDING,,FULL
2026-08-27,PRFX,READY,RETEST_HELD,,FULL
2026-08-27,PROP,FOCUS,BROKEN_NEW_BASE,,FULL
2026-08-27,PRSO,WATCH,RETEST_IN_PROGRESS,,FULL
2026-08-27,PTLE,WATCH,RETEST_PENDING,,FULL
2026-08-27,PWCM,WATCH,SWEEP_ACTIVE,,FULL
2026-08-27,QCLS,READY,PRESS_RECLAIM,,FULL
2026-08-27,QNRX,WATCH,RETEST_PENDING,,FULL
2026-08-27,QSI,WATCH,RETEST_IN_PROGRESS,,FULL
2026-08-27,QTEX,READY,RETEST_HELD,,FULL
2026-08-27,QUCY,WATCH,RETEST_PENDING,,FULL
2026-08-27,RADX,FOCUS,BROKEN_NEW_BASE,,FULL
2026-08-27,RAIN,FOCUS,BROKEN_NEW_BASE,,FULL
2026-08-27,RANI,WATCH,RETEST_PENDING,,FULL
2026-08-27,RAY,WATCH,RETEST_IN_PROGRESS,,FULL
2026-08-27,RAYA,READY,RETEST_HELD,,FULL
2026-08-27,RBNE,WATCH,RETEST_PENDING,,FULL
2026-08-27,RDHL,READY,BASE_HELD,,FULL
2026-08-27,RECT,WATCH,RETEST_PENDING,,FULL
2026-08-27,REKR,READY,RETEST_HELD,,FULL
2026-08-27,RENX,WATCH,RETEST_PENDING,,FULL
2026-08-27,REVB,REJECTED,,FE-SCREEN-01/M3,
2026-08-27,RGC,WATCH,RETEST_PENDING,,FULL
2026-08-27,RKDA,REJECTED,,FE-SCREEN-01/M3,
2026-08-27,RNAZ,FOCUS,BASE_FORMING,,FULL
2026-08-27,RR,WATCH,RETEST_PENDING,,FULL
2026-08-27,RVSN,WATCH,RETEST_PENDING,,FULL
2026-08-27,SAGT,READY,PRESS_RECLAIM,,FULL
2026-08-27,SBFM,READY,BASE_HELD,,FULL
2026-08-27,SCNI,REJECTED,,FE-SCREEN-01/M3,
2026-08-27,SCWO,WATCH,RETEST_PENDING,,FULL
2026-08-27,SDA,WATCH,RETEST_PENDING,,FULL
2026-08-27,SERV,READY,RETEST_HELD,,FULL
2026-08-27,SHPH,WATCH,RETEST_PENDING,,FULL
2026-08-27,SINT,READY,RETEST_HELD,,FULL
2026-08-27,SKIN,WATCH,RETEST_PENDING,,FULL
2026-08-27,SKYA,WATCH,RETEST_PENDING,,FULL
2026-08-27,SKYQ,WATCH,RETEST_PENDING,,FULL
2026-08-27,SLDP,WATCH,RETEST_PENDING,,FULL
2026-08-27,SLGB,READY,PRESS_RECLAIM,,FULL
2026-08-27,SLNH,WATCH,RETEST_IN_PROGRESS,,FULL
2026-08-27,SLSN,WATCH,RETEST_PENDING,,FULL
2026-08-27,SNAL,WATCH,RETEST_PENDING,,FULL
2026-08-27,SNES,READY,PRESS_RECLAIM,,FULL
2026-08-27,SNOA,REJECTED,,FE-SCREEN-01/M2_FLOOR,
2026-08-27,SNTG,READY,RETEST_HELD,,FULL
2026-08-27,SOBR,NO_BARS,,,
2026-08-27,SONM,WATCH,RETEST_IN_PROGRESS,,FULL
2026-08-27,SOWG,WATCH,RETEST_PENDING,,FULL
2026-08-27,SPHL,READY,RETEST_HELD,,FULL
2026-08-27,SPRC,WATCH,RETEST_PENDING,,FULL
2026-08-27,STAK,FOCUS,BROKEN_NEW_BASE,,FULL
2026-08-27,STEX,WATCH,RETEST_PENDING,,FULL
2026-08-27,STFS,WATCH,RETEST_PENDING,,FULL
2026-08-27,STKE,WATCH,RETEST_PENDING,,FULL
2026-08-27,SUNE,WATCH,RETEST_PENDING,,FULL
2026-08-27,SUPX,WATCH,RETEST_PENDING,,FULL
2026-08-27,SVRE,WATCH,RETEST_PENDING,,FULL
2026-08-27,SVRN,WATCH,RETEST_PENDING,,FULL
2026-08-27,TAOP,WATCH,RETEST_PENDING,,FULL
2026-08-27,TC,WATCH,RETEST_PENDING,,FULL
2026-08-27,TDIC,READY,RETEST_HELD,,FULL
2026-08-27,TDTH,WATCH,RETEST_PENDING,,FULL
2026-08-27,TEAD,FOCUS,BROKEN_NEW_BASE,,FULL
2026-08-27,TGHL,WATCH,RETEST_PENDING,,FULL
2026-08-27,TGL,FOCUS,BROKEN_NEW_BASE,,FULL
2026-08-27,TLRY,WATCH,RETEST_PENDING,,FULL
2026-08-27,TONX,WATCH,RETEST_PENDING,,FULL
2026-08-27,TOYO,READY,BASE_HELD,,FULL
2026-08-27,TRAW,WATCH,RETEST_PENDING,,FULL
2026-08-27,TVGN,WATCH,RETEST_PENDING,,FULL
2026-08-27,TVRD,READY,RETEST_HELD,,FULL
2026-08-27,TYGO,READY,RETEST_HELD,,FULL
2026-08-27,UCAR,WATCH,RETEST_PENDING,,FULL
2026-08-27,UFG,WATCH,RETEST_PENDING,,FULL
2026-08-27,UPXI,WATCH,RETEST_PENDING,,FULL
2026-08-27,UXIN,REJECTED,,FE-SCREEN-01/M3,
2026-08-27,VEEE,WATCH,RETEST_PENDING,,FULL
2026-08-27,VERI,FOCUS,BROKEN_NEW_BASE,,FULL
2026-08-27,VIOT,READY,PRESS_RECLAIM,,FULL
2026-08-27,VRAX,WATCH,RETEST_IN_PROGRESS,,FULL
2026-08-27,VRXA,WATCH,SWEEP_ACTIVE,,FULL
2026-08-27,WBUY,WATCH,RETEST_PENDING,,FULL
2026-08-27,WIMI,REJECTED,,FE-SCREEN-01/M3,
2026-08-27,WKSP,FOCUS,BROKEN_NEW_BASE,,FULL
2026-08-27,WLDS,REJECTED,,FE-SCREEN-01/M4_RANGE,
2026-08-27,WNW,READY,RETEST_HELD,,FULL
2026-08-27,WSHP,WATCH,RETEST_PENDING,,FULL
2026-08-27,XAIR,FOCUS,BROKEN_NEW_BASE,,FULL
2026-08-27,XBP,WATCH,RETEST_PENDING,,FULL
2026-08-27,XCH,FOCUS,BROKEN_NEW_BASE,,FULL
2026-08-27,XCUR,READY,PRESS_RECLAIM,,FULL
2026-08-27,XTLB,WATCH,RETEST_PENDING,,FULL
2026-08-27,XXII,FOCUS,BROKEN_NEW_BASE,,FULL
2026-08-27,YAAS,WATCH,RETEST_PENDING,,FULL
2026-08-27,YHC,WATCH,RETEST_PENDING,,FULL
2026-08-27,YMAT,WATCH,RETEST_PENDING,,FULL
2026-08-27,YOUL,WATCH,RETEST_PENDING,,FULL
2026-08-27,YSXT,WATCH,RETEST_PENDING,,FULL
2026-08-27,YYGH,WATCH,RETEST_PENDING,,FULL
2026-08-27,ZCMD,FOCUS,BROKEN_NEW_BASE,,FULL
2026-08-27,ZENA,WATCH,RETEST_PENDING,,FULL
2026-08-27,ZSQR,READY,PRESS_RECLAIM,,FULL
2026-08-28,ABAT,WATCH,RETEST_PENDING,,FULL
2026-08-28,ABTC,WATCH,RETEST_PENDING,,FULL
2026-08-28,ABTS,WATCH,RETEST_PENDING,,FULL
2026-08-28,ABVC,FOCUS,BROKEN_NEW_BASE,,FULL
2026-08-28,ACON,WATCH,RETEST_PENDING,,FULL
2026-08-28,ACXP,READY,RETEST_HELD,,FULL
2026-08-28,ADGM,WATCH,RETEST_PENDING,,FULL
2026-08-28,AEMD,FOCUS,BROKEN_NEW_BASE,,FULL
2026-08-28,AFJK,READY,RETEST_HELD,,FULL
2026-08-28,AHMA,WATCH,RETEST_PENDING,,FULL
2026-08-28,AIFA,WATCH,RETEST_PENDING,,FULL
2026-08-28,AIFC,WATCH,RETEST_PENDING,,FULL
2026-08-28,AIIO,WATCH,RETEST_IN_PROGRESS,,FULL
2026-08-28,AIOS,WATCH,RETEST_PENDING,,FULL
2026-08-28,AIRE,WATCH,RETEST_PENDING,,FULL
2026-08-28,AKTX,WATCH,RETEST_PENDING,,FULL
2026-08-28,AMBR,WATCH,RETEST_PENDING,,FULL
2026-08-28,AMCI,WATCH,SWEEP_ACTIVE,,FULL
2026-08-28,AMIX,REJECTED,,FE-SCREEN-01/M4_RANGE,
2026-08-28,AMOD,FOCUS,BROKEN_NEW_BASE,,FULL
2026-08-28,ANPA,WATCH,RETEST_PENDING,,FULL
2026-08-28,ANY,WATCH,RETEST_PENDING,,FULL
2026-08-28,AQMS,WATCH,RETEST_IN_PROGRESS,,FULL
2026-08-28,ARBE,WATCH,RETEST_IN_PROGRESS,,FULL
2026-08-28,ARTL,FOCUS,BROKEN_NEW_BASE,,FULL
2026-08-28,ASPI,REJECTED,,FE-SCREEN-01/M3,
2026-08-28,ASTC,WATCH,RETEST_PENDING,,FULL
2026-08-28,ATPC,READY,RETEST_HELD,,FULL
2026-08-28,ATXG,WATCH,RETEST_PENDING,,FULL
2026-08-28,ATYR,WATCH,RETEST_PENDING,,FULL
2026-08-28,AUID,WATCH,RETEST_PENDING,,FULL
2026-08-28,AURE,WATCH,RETEST_PENDING,,FULL
2026-08-28,AUUD,WATCH,RETEST_PENDING,,FULL
2026-08-28,AZI,WATCH,RETEST_PENDING,,FULL
2026-08-28,AZIO,FOCUS,BASE_FORMING,,FULL
2026-08-28,BCTX,WATCH,RETEST_PENDING,,FULL
2026-08-28,BDRX,FOCUS,BROKEN_NEW_BASE,,FULL
2026-08-28,BEAT,READY,BASE_HELD,,FULL
2026-08-28,BGDE,WATCH,RETEST_PENDING,,FULL
2026-08-28,BGLC,WATCH,RETEST_PENDING,,FULL
2026-08-28,BIOX,WATCH,RETEST_PENDING,,FULL
2026-08-28,BIYA,WATCH,RETEST_PENDING,,FULL
2026-08-28,BJDX,READY,RETEST_HELD,,FULL
2026-08-28,BLNK,WATCH,RETEST_PENDING,,FULL
2026-08-28,BMGL,WATCH,RETEST_PENDING,,FULL
2026-08-28,BNAI,WATCH,RETEST_PENDING,,FULL
2026-08-28,BNC,WATCH,RETEST_PENDING,,FULL
2026-08-28,BNKK,WATCH,RETEST_PENDING,,FULL
2026-08-28,BRAI,READY,PRESS_RECLAIM,,FULL
2026-08-28,BYAH,READY,RETEST_HELD,,FULL
2026-08-28,BYRN,REJECTED,,FE-SCREEN-01/M3,
2026-08-28,CALC,FOCUS,BROKEN_NEW_BASE,,FULL
2026-08-28,CCHH,READY,RETEST_HELD,,FULL
2026-08-28,CCTG,READY,RETEST_HELD,,FULL
2026-08-28,CD,WATCH,RETEST_PENDING,,FULL
2026-08-28,CDIO,WATCH,RETEST_PENDING,,FULL
2026-08-28,CDT,FOCUS,BROKEN_NEW_BASE,,FULL
2026-08-28,CELZ,WATCH,RETEST_PENDING,,FULL
2026-08-28,CETX,WATCH,RETEST_IN_PROGRESS,,FULL
2026-08-28,CGTL,WATCH,RETEST_PENDING,,FULL
2026-08-28,CHR,WATCH,RETEST_PENDING,,FULL
2026-08-28,CHSN,WATCH,RETEST_PENDING,,FULL
2026-08-28,CIRC,WATCH,RETEST_PENDING,,FULL
2026-08-28,CMCT,WATCH,RETEST_PENDING,,FULL
2026-08-28,CMND,WATCH,RETEST_PENDING,,FULL
2026-08-28,CMTL,READY,RETEST_HELD,,FULL
2026-08-28,CNCK,WATCH,RETEST_PENDING,,FULL
2026-08-28,CNEY,WATCH,RETEST_PENDING,,FULL
2026-08-28,CNSY,READY,RETEST_HELD,,FULL
2026-08-28,CODX,WATCH,RETEST_PENDING,,FULL
2026-08-28,CPSH,WATCH,RETEST_IN_PROGRESS,,FULL
2026-08-28,CRML,WATCH,RETEST_PENDING,,FULL
2026-08-28,CRVO,READY,RETEST_HELD,,FULL
2026-08-28,CTNT,READY,RETEST_HELD,,FULL
2026-08-28,CTXR,REJECTED,,FE-SCREEN-01/M2_FLOOR,
2026-08-28,CUPR,WATCH,RETEST_PENDING,,FULL
2026-08-28,CVRX,WATCH,RETEST_PENDING,,FULL
2026-08-28,CWD,WATCH,RETEST_PENDING,,FULL
2026-08-28,DGNX,WATCH,RETEST_PENDING,,FULL
2026-08-28,DOGZ,WATCH,RETEST_PENDING,,FULL
2026-08-28,DOMO,WATCH,RETEST_PENDING,,FULL
2026-08-28,DRMA,REJECTED,,FE-SCREEN-01/M3,
2026-08-28,DSY,WATCH,RETEST_PENDING,,FULL
2026-08-28,DUO,WATCH,RETEST_PENDING,,FULL
2026-08-28,DXST,WATCH,RETEST_PENDING,,FULL
2026-08-28,EDBL,FOCUS,BROKEN_NEW_BASE,,FULL
2026-08-28,EDSA,READY,PRESS_RECLAIM,,FULL
2026-08-28,EHTH,REJECTED,,FE-SCREEN-01/M3,
2026-08-28,ELPW,REJECTED,,FE-SCREEN-01/M2_CEIL,
2026-08-28,ELTX,READY,RETEST_HELD,,FULL
2026-08-28,ENGN,WATCH,RETEST_PENDING,,FULL
2026-08-28,ENGS,WATCH,RETEST_IN_PROGRESS,,FULL
2026-08-28,ENVB,FOCUS,BROKEN_NEW_BASE,,FULL
2026-08-28,ENVX,WATCH,RETEST_PENDING,,FULL
2026-08-28,EOSE,READY,RETEST_HELD,,FULL
2026-08-28,ERNA,WATCH,RETEST_PENDING,,FULL
2026-08-28,ESLA,READY,RETEST_HELD,,FULL
2026-08-28,EUDA,WATCH,RETEST_PENDING,,FULL
2026-08-28,EVAX,WATCH,RETEST_IN_PROGRESS,,FULL
2026-08-28,FABC,WATCH,RETEST_PENDING,,FULL
2026-08-28,FAC,WATCH,RETEST_PENDING,,FULL
2026-08-28,FBLG,REJECTED,,FE-SCREEN-01/RSI_NOW,
2026-08-28,FCUV,WATCH,RETEST_PENDING,,FULL
2026-08-28,FEAM,WATCH,RETEST_IN_PROGRESS,,FULL
2026-08-28,FEMY,WATCH,RETEST_PENDING,,FULL
2026-08-28,FGNX,WATCH,RETEST_PENDING,,FULL
2026-08-28,FLUX,WATCH,RETEST_PENDING,,FULL
2026-08-28,FMST,READY,BASE_HELD,,FULL
2026-08-28,FNUC,WATCH,RETEST_PENDING,,FULL
2026-08-28,FOFO,WATCH,RETEST_PENDING,,FULL
2026-08-28,FRMM,WATCH,RETEST_IN_PROGRESS,,FULL
2026-08-28,FRSX,REJECTED,,FE-SCREEN-01/M3,
2026-08-28,FTCI,REJECTED,,FE-SCREEN-01/M3,
2026-08-28,FTFT,FOCUS,BROKEN_NEW_BASE,,FULL
2026-08-28,FULC,WATCH,RETEST_PENDING,,FULL
2026-08-28,FUSE,READY,RETEST_HELD,,FULL
2026-08-28,FWDI,REJECTED,,FE-SCREEN-01/RSI_NOW,
2026-08-28,FXHO,WATCH,RETEST_PENDING,,FULL
2026-08-28,GAUZ,WATCH,RETEST_PENDING,,FULL
2026-08-28,GCL,WATCH,RETEST_PENDING,,FULL
2026-08-28,GDEV,READY,BASE_HELD,,FULL
2026-08-28,GDTC,WATCH,RETEST_PENDING,,FULL
2026-08-28,GEOS,READY,RETEST_HELD,,FULL
2026-08-28,GITS,FOCUS,BASE_FORMING,,FULL
2026-08-28,GLXG,WATCH,RETEST_PENDING,,FULL
2026-08-28,GNLN,WATCH,RETEST_PENDING,,FULL
2026-08-28,GNPX,WATCH,SWEEP_ACTIVE,,FULL
2026-08-28,GNTA,WATCH,SWEEP_ACTIVE,,FULL
2026-08-28,GOVX,WATCH,RETEST_PENDING,,FULL
2026-08-28,GRI,REJECTED,,FE-SCREEN-01/M3,
2026-08-28,GWAV,WATCH,RETEST_PENDING,,FULL
2026-08-28,HCAI,WATCH,RETEST_PENDING,,FULL
2026-08-28,HOUR,READY,RETEST_HELD,,FULL
2026-08-28,HPAI,REJECTED,,FE-SCREEN-01/M3,
2026-08-28,HTCO,WATCH,RETEST_PENDING,,FULL
2026-08-28,HTZ,WATCH,RETEST_PENDING,,FULL
2026-08-28,HUMA,WATCH,RETEST_PENDING,,FULL
2026-08-28,HXHX,WATCH,RETEST_PENDING,,FULL
2026-08-28,HYPD,REJECTED,,FE-SCREEN-01/RSI_NOW,
2026-08-28,IBG,WATCH,RETEST_PENDING,,FULL
2026-08-28,ICCM,READY,RETEST_HELD,,FULL
2026-08-28,ICU,READY,RETEST_HELD,,FULL
2026-08-28,ILLR,NO_BARS,,,
2026-08-28,IMNN,READY,RETEST_HELD,,FULL
2026-08-28,IMSR,WATCH,RETEST_PENDING,,FULL
2026-08-28,INDP,WATCH,RETEST_PENDING,,FULL
2026-08-28,INLF,WATCH,RETEST_PENDING,,FULL
2026-08-28,INSG,FOCUS,BROKEN_NEW_BASE,,FULL
2026-08-28,INTJ,WATCH,RETEST_PENDING,,FULL
2026-08-28,INTS,WATCH,RETEST_PENDING,,FULL
2026-08-28,IPW,REJECTED,,FE-SCREEN-01/M4_RANGE,
2026-08-28,IQST,READY,RETEST_HELD,,FULL
2026-08-28,ISPC,FOCUS,BROKEN_NEW_BASE,,FULL
2026-08-28,IXHL,WATCH,RETEST_PENDING,,FULL
2026-08-28,JAGX,WATCH,RETEST_PENDING,,FULL
2026-08-28,JBDI,WATCH,RETEST_PENDING,,FULL
2026-08-28,JDZG,WATCH,RETEST_PENDING,,FULL
2026-08-28,JFB,NO_BARS,,,
2026-08-28,JFIN,READY,RETEST_HELD,,FULL
2026-08-28,JLHL,WATCH,RETEST_PENDING,,FULL
2026-08-28,JSPR,WATCH,RETEST_PENDING,,FULL
2026-08-28,JTAI,READY,RETEST_HELD,,FULL
2026-08-28,JYD,WATCH,RETEST_PENDING,,FULL
2026-08-28,JZXN,READY,PRESS_RECLAIM,,FULL
2026-08-28,KELYB,WATCH,RETEST_PENDING,,FULL
2026-08-28,KITT,READY,RETEST_HELD,,FULL
2026-08-28,KMRK,WATCH,RETEST_PENDING,,FULL
2026-08-28,KRKR,WATCH,RETEST_PENDING,,FULL
2026-08-28,KRRO,WATCH,RETEST_PENDING,,FULL
2026-08-28,KTTA,WATCH,RETEST_PENDING,,FULL
2026-08-28,KUST,REJECTED,,FE-SCREEN-01/M3,
2026-08-28,LAES,REJECTED,,FE-SCREEN-01/M2_FLOOR,
2026-08-28,LASE,WATCH,RETEST_PENDING,,FULL
2026-08-28,LBGJ,REJECTED,,FE-SCREEN-01/M2_CEIL,
2026-08-28,LFS,WATCH,RETEST_PENDING,,FULL
2026-08-28,LGHL,REJECTED,,FE-SCREEN-01/M4_RANGE,
2026-08-28,LHAI,WATCH,RETEST_PENDING,,FULL
2026-08-28,LHSW,WATCH,RETEST_PENDING,,FULL
2026-08-28,LICN,WATCH,RETEST_PENDING,,FULL
2026-08-28,LIMN,WATCH,SWEEP_ACTIVE,,FULL
2026-08-28,LNAI,WATCH,RETEST_PENDING,,FULL
2026-08-28,LNKS,FOCUS,BROKEN_NEW_BASE,,FULL
2026-08-28,LNZA,WATCH,RETEST_PENDING,,FULL
2026-08-28,LOOP,FOCUS,BROKEN_NEW_BASE,,FULL
2026-08-28,LPSN,NO_BARS,,,
2026-08-28,LTBR,WATCH,RETEST_PENDING,,FULL
2026-08-28,LX,REJECTED,,FE-SCREEN-01/M3,
2026-08-28,LZMH,REJECTED,,FE-SCREEN-01/M4_RANGE,
2026-08-28,MB,REJECTED,,FE-SCREEN-01/M4_RANGE,
2026-08-28,MBRX,WATCH,RETEST_PENDING,,FULL
2026-08-28,MCRB,WATCH,RETEST_IN_PROGRESS,,FULL
2026-08-28,MEDS,REJECTED,,FE-SCREEN-01/M4_RANGE,
2026-08-28,METC,WATCH,RETEST_PENDING,,FULL
2026-08-28,MGRX,READY,PRESS_RECLAIM,,FULL
2026-08-28,MKZR,WATCH,RETEST_PENDING,,FULL
2026-08-28,MNDR,WATCH,RETEST_PENDING,,FULL
2026-08-28,MNTS,READY,RETEST_HELD,,FULL
2026-08-28,MOBX,WATCH,RETEST_IN_PROGRESS,,FULL
2026-08-28,MRM,READY,PRESS_RECLAIM,,FULL
2026-08-28,MSAI,WATCH,RETEST_PENDING,,FULL
2026-08-28,MVST,READY,RETEST_HELD,,FULL
2026-08-28,NAKA,REJECTED,,FE-SCREEN-01/RSI_NOW,
2026-08-28,NAMI,REJECTED,,FE-SCREEN-01/M4_RANGE,
2026-08-28,NAMM,WATCH,RETEST_PENDING,,FULL
2026-08-28,NBP,WATCH,RETEST_PENDING,,FULL
2026-08-28,NCI,WATCH,RETEST_PENDING,,FULL
2026-08-28,NCRA,WATCH,RETEST_PENDING,,FULL
2026-08-28,NEON,WATCH,RETEST_PENDING,,FULL
2026-08-28,NEUP,WATCH,RETEST_PENDING,,FULL
2026-08-28,NEXR,FOCUS,BROKEN_NEW_BASE,,FULL
2026-08-28,NIVF,WATCH,RETEST_IN_PROGRESS,,FULL
2026-08-28,NKLR,WATCH,RETEST_PENDING,,FULL
2026-08-28,NNNN,FOCUS,BROKEN_NEW_BASE,,FULL
2026-08-28,NPT,WATCH,RETEST_PENDING,,FULL
2026-08-28,NRSN,WATCH,RETEST_PENDING,,FULL
2026-08-28,NUWE,FOCUS,BROKEN_NEW_BASE,,FULL
2026-08-28,NXTS,WATCH,RETEST_PENDING,,FULL
2026-08-28,ODD,WATCH,RETEST_PENDING,,FULL
2026-08-28,OIO,WATCH,RETEST_PENDING,,FULL
2026-08-28,OMEX,WATCH,RETEST_PENDING,,FULL
2026-08-28,ONCO,REJECTED,,FE-SCREEN-01/M3,
2026-08-28,ORGO,READY,RETEST_HELD,,FULL
2026-08-28,OTLK,FOCUS,BROKEN_NEW_BASE,,FULL
2026-08-28,PARA,FOCUS,BROKEN_NEW_BASE,,FULL
2026-08-28,PBM,WATCH,RETEST_PENDING,,FULL
2026-08-28,PCSA,WATCH,RETEST_PENDING,,FULL
2026-08-28,PHIO,WATCH,RETEST_PENDING,,FULL
2026-08-28,PHOE,WATCH,RETEST_PENDING,,FULL
2026-08-28,PLCE,WATCH,RETEST_PENDING,,FULL
2026-08-28,PLSM,WATCH,SWEEP_ACTIVE,,FULL
2026-08-28,PMAX,WATCH,RETEST_IN_PROGRESS,,FULL
2026-08-28,PN,READY,RETEST_HELD,,FULL
2026-08-28,POLA,READY,RETEST_HELD,,FULL
2026-08-28,POM,WATCH,RETEST_PENDING,,FULL
2026-08-28,PPBT,WATCH,RETEST_PENDING,,FULL
2026-08-28,PRFX,READY,RETEST_HELD,,FULL
2026-08-28,PROP,FOCUS,BROKEN_NEW_BASE,,FULL
2026-08-28,PRSO,READY,RETEST_HELD,,FULL
2026-08-28,PTLE,WATCH,RETEST_PENDING,,FULL
2026-08-28,PWCM,READY,PRESS_RECLAIM,,FULL
2026-08-28,QNRX,WATCH,RETEST_PENDING,,FULL
2026-08-28,QSI,WATCH,RETEST_PENDING,,FULL
2026-08-28,QUCY,REJECTED,,FE-SCREEN-01/M2_FLOOR,
2026-08-28,RADX,FOCUS,BROKEN_NEW_BASE,,FULL
2026-08-28,RAIN,WATCH,RETEST_PENDING,,FULL
2026-08-28,RANI,WATCH,RETEST_PENDING,,FULL
2026-08-28,RAY,WATCH,RETEST_IN_PROGRESS,,FULL
2026-08-28,RAYA,READY,RETEST_HELD,,FULL
2026-08-28,RBNE,WATCH,RETEST_PENDING,,FULL
2026-08-28,RDHL,READY,BASE_HELD,,FULL
2026-08-28,RECT,WATCH,RETEST_PENDING,,FULL
2026-08-28,RENX,WATCH,RETEST_PENDING,,FULL
2026-08-28,REVB,REJECTED,,FE-SCREEN-01/M3,
2026-08-28,RGTI,WATCH,RETEST_PENDING,,FULL
2026-08-28,RKDA,REJECTED,,FE-SCREEN-01/M3,
2026-08-28,RNAZ,FOCUS,BASE_FORMING,,FULL
2026-08-28,RR,WATCH,RETEST_PENDING,,FULL
2026-08-28,RVSN,WATCH,RETEST_PENDING,,FULL
2026-08-28,SAGT,WATCH,RETEST_IN_PROGRESS,,FULL
2026-08-28,SBFM,WATCH,RETEST_PENDING,,FULL
2026-08-28,SCNI,REJECTED,,FE-SCREEN-01/M3,
2026-08-28,SCWO,WATCH,RETEST_PENDING,,FULL
2026-08-28,SDA,WATCH,RETEST_PENDING,,FULL
2026-08-28,SERV,READY,RETEST_HELD,,FULL
2026-08-28,SHPH,WATCH,RETEST_PENDING,,FULL
2026-08-28,SINT,READY,RETEST_HELD,,FULL
2026-08-28,SKIN,WATCH,RETEST_PENDING,,FULL
2026-08-28,SKYA,WATCH,RETEST_PENDING,,FULL
2026-08-28,SKYQ,WATCH,RETEST_PENDING,,FULL
2026-08-28,SLDP,WATCH,RETEST_PENDING,,FULL
2026-08-28,SLGB,WATCH,RETEST_IN_PROGRESS,,FULL
2026-08-28,SLSN,WATCH,RETEST_PENDING,,FULL
2026-08-28,SNAL,WATCH,RETEST_PENDING,,FULL
2026-08-28,SNES,WATCH,SWEEP_ACTIVE,,FULL
2026-08-28,SNOA,WATCH,RETEST_PENDING,,FULL
2026-08-28,SNTG,READY,RETEST_HELD,,FULL
2026-08-28,SOBR,NO_BARS,,,
2026-08-28,SONM,WATCH,RETEST_PENDING,,FULL
2026-08-28,SOWG,WATCH,RETEST_PENDING,,FULL
2026-08-28,SPHL,READY,RETEST_HELD,,FULL
2026-08-28,SPRB,REJECTED,,FE-SCREEN-01/RSI_NOW,
2026-08-28,SPRC,WATCH,RETEST_PENDING,,FULL
2026-08-28,STAK,WATCH,RETEST_PENDING,,FULL
2026-08-28,STEX,WATCH,RETEST_PENDING,,FULL
2026-08-28,STFS,WATCH,RETEST_PENDING,,FULL
2026-08-28,STI,WATCH,RETEST_PENDING,,FULL
2026-08-28,STKE,WATCH,RETEST_PENDING,,FULL
2026-08-28,SUNE,WATCH,RETEST_PENDING,,FULL
2026-08-28,SUPX,WATCH,RETEST_PENDING,,FULL
2026-08-28,SVRE,WATCH,RETEST_PENDING,,FULL
2026-08-28,SVRN,WATCH,RETEST_PENDING,,FULL
2026-08-28,SXTC,REJECTED,,FE-SCREEN-01/M2_CEIL,
2026-08-28,TAOP,WATCH,RETEST_PENDING,,FULL
2026-08-28,TC,WATCH,RETEST_PENDING,,FULL
2026-08-28,TDIC,READY,RETEST_HELD,,FULL
2026-08-28,TDTH,WATCH,RETEST_PENDING,,FULL
2026-08-28,TEAD,FOCUS,BROKEN_NEW_BASE,,FULL
2026-08-28,TGHL,WATCH,RETEST_PENDING,,FULL
2026-08-28,TGL,FOCUS,BROKEN_NEW_BASE,,FULL
2026-08-28,TLRY,WATCH,RETEST_PENDING,,FULL
2026-08-28,TONX,WATCH,RETEST_PENDING,,FULL
2026-08-28,TOYO,READY,BASE_HELD,,FULL
2026-08-28,TRAW,WATCH,RETEST_PENDING,,FULL
2026-08-28,TURB,READY,RETEST_HELD,,FULL
2026-08-28,TVGN,WATCH,RETEST_PENDING,,FULL
2026-08-28,TVRD,READY,RETEST_HELD,,FULL
2026-08-28,TYGO,WATCH,RETEST_PENDING,,FULL
2026-08-28,UCAR,WATCH,RETEST_PENDING,,FULL
2026-08-28,UFG,WATCH,RETEST_PENDING,,FULL
2026-08-28,UPC,WATCH,RETEST_PENDING,,FULL
2026-08-28,UPXI,WATCH,RETEST_PENDING,,FULL
2026-08-28,UXIN,REJECTED,,FE-SCREEN-01/M3,
2026-08-28,VEEE,WATCH,RETEST_PENDING,,FULL
2026-08-28,VIOT,WATCH,RETEST_PENDING,,FULL
2026-08-28,VRAX,WATCH,RETEST_PENDING,,FULL
2026-08-28,VRXA,FOCUS,BROKEN_NEW_BASE,,FULL
2026-08-28,VSA,REJECTED,,FE-SCREEN-01/M4_RANGE,
2026-08-28,WBUY,WATCH,RETEST_PENDING,,FULL
2026-08-28,WIMI,REJECTED,,FE-SCREEN-01/M3,
2026-08-28,WKHS,WATCH,RETEST_PENDING,,FULL
2026-08-28,WKSP,FOCUS,BROKEN_NEW_BASE,,FULL
2026-08-28,WLDS,WATCH,RETEST_PENDING,,FULL
2026-08-28,WNW,WATCH,RETEST_PENDING,,FULL
2026-08-28,WSHP,WATCH,RETEST_PENDING,,FULL
2026-08-28,XAIR,FOCUS,BROKEN_NEW_BASE,,FULL
2026-08-28,XBP,WATCH,RETEST_PENDING,,FULL
2026-08-28,XCUR,READY,PRESS_RECLAIM,,FULL
2026-08-28,XTLB,WATCH,RETEST_PENDING,,FULL
2026-08-28,YAAS,WATCH,RETEST_PENDING,,FULL
2026-08-28,YHC,WATCH,RETEST_PENDING,,FULL
2026-08-28,YMAT,WATCH,RETEST_PENDING,,FULL
2026-08-28,YOUL,WATCH,RETEST_PENDING,,FULL
2026-08-28,YSXT,WATCH,RETEST_PENDING,,FULL
2026-08-28,YXT,REJECTED,,FE-SCREEN-01/M4_RANGE,
2026-08-28,ZCMD,FOCUS,BROKEN_NEW_BASE,,FULL
2026-08-28,ZENA,WATCH,RETEST_PENDING,,FULL
2026-08-28,ZOOZ,REJECTED,,FE-SCREEN-01/RSI_NOW,
2026-08-28,ZSQR,READY,PRESS_RECLAIM,,FULL
2026-08-28,ZYBT,REJECTED,,FE-SCREEN-01/M4_RANGE,
2026-08-29,ABAT,WATCH,RETEST_PENDING,,FULL
2026-08-29,ABTC,WATCH,RETEST_PENDING,,FULL
2026-08-29,ABTS,WATCH,RETEST_PENDING,,FULL
2026-08-29,ABVC,FOCUS,BROKEN_NEW_BASE,,FULL
2026-08-29,ACON,WATCH,RETEST_PENDING,,FULL
2026-08-29,ACXP,READY,RETEST_HELD,,FULL
2026-08-29,ADGM,WATCH,RETEST_PENDING,,FULL
2026-08-29,AEMD,FOCUS,BROKEN_NEW_BASE,,FULL
2026-08-29,AFJK,READY,RETEST_HELD,,FULL
2026-08-29,AHMA,WATCH,RETEST_PENDING,,FULL
2026-08-29,AIFA,WATCH,RETEST_PENDING,,FULL
2026-08-29,AIFC,WATCH,RETEST_PENDING,,FULL
2026-08-29,AIIO,FOCUS,BROKEN_NEW_BASE,,FULL
2026-08-29,AIOS,WATCH,RETEST_PENDING,,FULL
2026-08-29,AIRE,WATCH,RETEST_PENDING,,FULL
2026-08-29,AKTX,WATCH,RETEST_PENDING,,FULL
2026-08-29,AMBR,WATCH,RETEST_PENDING,,FULL
2026-08-29,AMCI,FOCUS,BROKEN_NEW_BASE,,FULL
2026-08-29,AMIX,FOCUS,BASE_FORMING,,FULL
2026-08-29,AMOD,FOCUS,BROKEN_NEW_BASE,,FULL
2026-08-29,ANPA,WATCH,RETEST_PENDING,,FULL
2026-08-29,ANY,WATCH,RETEST_PENDING,,FULL
2026-08-29,AQMS,WATCH,RETEST_IN_PROGRESS,,FULL
2026-08-29,ARBE,WATCH,RETEST_IN_PROGRESS,,FULL
2026-08-29,ARTL,FOCUS,BROKEN_NEW_BASE,,FULL
2026-08-29,ASPI,REJECTED,,FE-SCREEN-01/M3,
2026-08-29,ASTC,WATCH,RETEST_PENDING,,FULL
2026-08-29,ATPC,READY,RETEST_HELD,,FULL
2026-08-29,ATXG,WATCH,RETEST_PENDING,,FULL
2026-08-29,ATYR,WATCH,RETEST_PENDING,,FULL
2026-08-29,AUID,WATCH,RETEST_PENDING,,FULL
2026-08-29,AUUD,WATCH,RETEST_PENDING,,FULL
2026-08-29,AZI,WATCH,RETEST_PENDING,,FULL
2026-08-29,AZIO,WATCH,RETEST_PENDING,,FULL
2026-08-29,BCTX,WATCH,RETEST_PENDING,,FULL
2026-08-29,BDRX,FOCUS,BROKEN_NEW_BASE,,FULL
2026-08-29,BEAT,READY,PRESS_RECLAIM,,FULL
2026-08-29,BENF,READY,PRESS_RECLAIM,,FULL
2026-08-29,BGDE,WATCH,RETEST_PENDING,,FULL
2026-08-29,BGLC,WATCH,RETEST_PENDING,,FULL
2026-08-29,BIOX,WATCH,RETEST_PENDING,,FULL
2026-08-29,BIYA,WATCH,RETEST_PENDING,,FULL
2026-08-29,BJDX,READY,RETEST_HELD,,FULL
2026-08-29,BLNK,WATCH,RETEST_IN_PROGRESS,,FULL
2026-08-29,BMGL,WATCH,RETEST_PENDING,,FULL
2026-08-29,BNAI,WATCH,RETEST_PENDING,,FULL
2026-08-29,BNC,WATCH,RETEST_PENDING,,FULL
2026-08-29,BNKK,WATCH,RETEST_PENDING,,FULL
2026-08-29,BRAI,READY,PRESS_RECLAIM,,FULL
2026-08-29,BYAH,READY,RETEST_HELD,,FULL
2026-08-29,BYRN,REJECTED,,FE-SCREEN-01/M3,
2026-08-29,CALC,FOCUS,BROKEN_NEW_BASE,,FULL
2026-08-29,CCHH,READY,RETEST_HELD,,FULL
2026-08-29,CCTG,READY,RETEST_HELD,,FULL
2026-08-29,CD,WATCH,RETEST_PENDING,,FULL
2026-08-29,CDIO,WATCH,RETEST_PENDING,,FULL
2026-08-29,CDT,FOCUS,BROKEN_NEW_BASE,,FULL
2026-08-29,CELZ,WATCH,RETEST_PENDING,,FULL
2026-08-29,CETX,WATCH,RETEST_IN_PROGRESS,,FULL
2026-08-29,CGTL,WATCH,RETEST_PENDING,,FULL
2026-08-29,CHR,WATCH,RETEST_PENDING,,FULL
2026-08-29,CHSN,WATCH,RETEST_IN_PROGRESS,,FULL
2026-08-29,CIRC,WATCH,RETEST_PENDING,,FULL
2026-08-29,CMCT,WATCH,RETEST_PENDING,,FULL
2026-08-29,CMND,WATCH,RETEST_PENDING,,FULL
2026-08-29,CMTL,READY,RETEST_HELD,,FULL
2026-08-29,CNCK,WATCH,RETEST_PENDING,,FULL
2026-08-29,CNEY,WATCH,RETEST_PENDING,,FULL
2026-08-29,CNSY,READY,RETEST_HELD,,FULL
2026-08-29,CODX,WATCH,RETEST_PENDING,,FULL
2026-08-29,COOT,WATCH,RETEST_PENDING,,FULL
2026-08-29,CPSH,READY,RETEST_HELD,,FULL
2026-08-29,CRML,WATCH,RETEST_PENDING,,FULL
2026-08-29,CRVO,READY,RETEST_HELD,,FULL
2026-08-29,CTNT,READY,RETEST_HELD,,FULL
2026-08-29,CTXR,WATCH,RETEST_PENDING,,FULL
2026-08-29,CUPR,WATCH,RETEST_PENDING,,FULL
2026-08-29,CVRX,WATCH,RETEST_PENDING,,FULL
2026-08-29,CWD,WATCH,RETEST_PENDING,,FULL
2026-08-29,DFLI,READY,PRESS_RECLAIM,,FULL
2026-08-29,DGNX,WATCH,RETEST_PENDING,,FULL
2026-08-29,DOGZ,WATCH,RETEST_PENDING,,FULL
2026-08-29,DOMO,WATCH,RETEST_PENDING,,FULL
2026-08-29,DRMA,REJECTED,,FE-SCREEN-01/M3,
2026-08-29,DSY,WATCH,RETEST_PENDING,,FULL
2026-08-29,DTSS,WATCH,RETEST_PENDING,,FULL
2026-08-29,DXST,WATCH,RETEST_PENDING,,FULL
2026-08-29,EDBL,FOCUS,BROKEN_NEW_BASE,,FULL
2026-08-29,EDSA,READY,PRESS_RECLAIM,,FULL
2026-08-29,EHTH,REJECTED,,FE-SCREEN-01/M3,
2026-08-29,ELPW,REJECTED,,FE-SCREEN-01/M2_CEIL,
2026-08-29,ELTX,READY,RETEST_HELD,,FULL
2026-08-29,ENGN,WATCH,RETEST_PENDING,,FULL
2026-08-29,ENGS,WATCH,RETEST_IN_PROGRESS,,FULL
2026-08-29,ENLV,FOCUS,BROKEN_NEW_BASE,,FULL
2026-08-29,ENVB,FOCUS,BROKEN_NEW_BASE,,FULL
2026-08-29,ENVX,WATCH,RETEST_IN_PROGRESS,,FULL
2026-08-29,EOSE,READY,RETEST_HELD,,FULL
2026-08-29,ERNA,WATCH,RETEST_PENDING,,FULL
2026-08-29,ESLA,FOCUS,BROKEN_NEW_BASE,,FULL
2026-08-29,EUDA,WATCH,RETEST_PENDING,,FULL
2026-08-29,EVAX,WATCH,RETEST_IN_PROGRESS,,FULL
2026-08-29,FABC,WATCH,RETEST_PENDING,,FULL
2026-08-29,FAC,WATCH,RETEST_PENDING,,FULL
2026-08-29,FBLG,WATCH,RETEST_PENDING,,FULL
2026-08-29,FCUV,WATCH,RETEST_PENDING,,FULL
2026-08-29,FEAM,WATCH,RETEST_IN_PROGRESS,,FULL
2026-08-29,FEMY,WATCH,RETEST_PENDING,,FULL
2026-08-29,FGNX,WATCH,RETEST_PENDING,,FULL
2026-08-29,FLUX,WATCH,RETEST_PENDING,,FULL
2026-08-29,FMST,READY,BASE_HELD,,FULL
2026-08-29,FNUC,WATCH,RETEST_IN_PROGRESS,,FULL
2026-08-29,FOFO,WATCH,RETEST_PENDING,,FULL
2026-08-29,FRMM,WATCH,RETEST_PENDING,,FULL
2026-08-29,FRSX,REJECTED,,FE-SCREEN-01/M3,
2026-08-29,FTCI,REJECTED,,FE-SCREEN-01/M3,
2026-08-29,FTFT,FOCUS,BROKEN_NEW_BASE,,FULL
2026-08-29,FULC,WATCH,RETEST_PENDING,,FULL
2026-08-29,FUSE,FOCUS,BROKEN_NEW_BASE,,FULL
2026-08-29,FWDI,FOCUS,BASE_FORMING,,FULL
2026-08-29,FXHO,WATCH,RETEST_PENDING,,FULL
2026-08-29,GCL,WATCH,RETEST_PENDING,,FULL
2026-08-29,GDEV,READY,BASE_HELD,,FULL
2026-08-29,GDTC,WATCH,RETEST_PENDING,,FULL
2026-08-29,GELS,WATCH,RETEST_PENDING,,FULL
2026-08-29,GEOS,READY,RETEST_HELD,,FULL
2026-08-29,GITS,FOCUS,BASE_FORMING,,FULL
2026-08-29,GLXG,WATCH,RETEST_PENDING,,FULL
2026-08-29,GMHS,WATCH,RETEST_IN_PROGRESS,,FULL
2026-08-29,GNLN,WATCH,RETEST_PENDING,,FULL
2026-08-29,GNPX,WATCH,SWEEP_ACTIVE,,FULL
2026-08-29,GNTA,WATCH,SWEEP_ACTIVE,,FULL
2026-08-29,GOVX,WATCH,RETEST_PENDING,,FULL
2026-08-29,GRI,REJECTED,,FE-SCREEN-01/M3,
2026-08-29,GWAV,WATCH,RETEST_PENDING,,FULL
2026-08-29,HCAI,WATCH,RETEST_PENDING,,FULL
2026-08-29,HOUR,READY,RETEST_HELD,,FULL
2026-08-29,HPAI,REJECTED,,FE-SCREEN-01/M3,
2026-08-29,HTCO,REJECTED,,FE-SCREEN-01/SCORE,
2026-08-29,HTZ,WATCH,RETEST_PENDING,,FULL
2026-08-29,HUMA,WATCH,RETEST_PENDING,,FULL
2026-08-29,HYPD,WATCH,RETEST_PENDING,,FULL
2026-08-29,IBG,WATCH,RETEST_PENDING,,FULL
2026-08-29,ICCM,READY,RETEST_HELD,,FULL
2026-08-29,ICU,READY,RETEST_HELD,,FULL
2026-08-29,ILLR,NO_BARS,,,
2026-08-29,IMNN,READY,RETEST_HELD,,FULL
2026-08-29,IMSR,WATCH,RETEST_PENDING,,FULL
2026-08-29,INDP,WATCH,RETEST_PENDING,,FULL
2026-08-29,INLF,WATCH,RETEST_PENDING,,FULL
2026-08-29,INSG,WATCH,RETEST_IN_PROGRESS,,FULL
2026-08-29,INTJ,WATCH,RETEST_PENDING,,FULL
2026-08-29,INTS,WATCH,RETEST_PENDING,,FULL
2026-08-29,IPW,FOCUS,BROKEN_NEW_BASE,,FULL
2026-08-29,IQST,READY,RETEST_HELD,,FULL
2026-08-29,ISPC,FOCUS,BROKEN_NEW_BASE,,FULL
2026-08-29,IXHL,WATCH,RETEST_PENDING,,FULL
2026-08-29,JAGX,WATCH,RETEST_IN_PROGRESS,,FULL
2026-08-29,JBDI,WATCH,RETEST_PENDING,,FULL
2026-08-29,JDZG,WATCH,RETEST_PENDING,,FULL
2026-08-29,JFB,NO_BARS,,,
2026-08-29,JFIN,WATCH,SWEEP_ACTIVE,,FULL
2026-08-29,JLHL,WATCH,RETEST_PENDING,,FULL
2026-08-29,JSPR,WATCH,RETEST_PENDING,,FULL
2026-08-29,JTAI,READY,RETEST_HELD,,FULL
2026-08-29,JYD,WATCH,RETEST_PENDING,,FULL
2026-08-29,JZXN,READY,PRESS_RECLAIM,,FULL
2026-08-29,KELYB,WATCH,RETEST_PENDING,,FULL
2026-08-29,KITT,READY,RETEST_HELD,,FULL
2026-08-29,KMRK,WATCH,RETEST_PENDING,,FULL
2026-08-29,KRKR,WATCH,RETEST_PENDING,,FULL
2026-08-29,KRRO,WATCH,RETEST_PENDING,,FULL
2026-08-29,KTTA,WATCH,RETEST_PENDING,,FULL
2026-08-29,KUST,REJECTED,,FE-SCREEN-01/M3,
2026-08-29,LASE,WATCH,RETEST_PENDING,,FULL
2026-08-29,LBGJ,REJECTED,,FE-SCREEN-01/M2_CEIL,
2026-08-29,LFS,WATCH,RETEST_PENDING,,FULL
2026-08-29,LHAI,WATCH,RETEST_PENDING,,FULL
2026-08-29,LHSW,WATCH,RETEST_PENDING,,FULL
2026-08-29,LICN,WATCH,RETEST_PENDING,,FULL
2026-08-29,LNAI,WATCH,RETEST_PENDING,,FULL
2026-08-29,LNKS,FOCUS,BROKEN_NEW_BASE,,FULL
2026-08-29,LNZA,WATCH,RETEST_PENDING,,FULL
2026-08-29,LOOP,FOCUS,BROKEN_NEW_BASE,,FULL
2026-08-29,LPSN,NO_BARS,,,
2026-08-29,LTBR,REJECTED,,FE-SCREEN-01/SCORE,
2026-08-29,LX,REJECTED,,FE-SCREEN-01/M3,
2026-08-29,LZMH,WATCH,RETEST_PENDING,,FULL
2026-08-29,MB,FOCUS,BROKEN_NEW_BASE,,FULL
2026-08-29,MBRX,WATCH,RETEST_PENDING,,FULL
2026-08-29,MCRB,WATCH,RETEST_PENDING,,FULL
2026-08-29,MEDS,FOCUS,BROKEN_NEW_BASE,,FULL
2026-08-29,METC,WATCH,RETEST_PENDING,,FULL
2026-08-29,MGRX,READY,PRESS_RECLAIM,,FULL
2026-08-29,MKZR,WATCH,RETEST_PENDING,,FULL
2026-08-29,MNDR,WATCH,RETEST_IN_PROGRESS,,FULL
2026-08-29,MNTS,READY,RETEST_HELD,,FULL
2026-08-29,MOBX,READY,RETEST_HELD,,FULL
2026-08-29,MRM,READY,PRESS_RECLAIM,,FULL
2026-08-29,MSAI,WATCH,RETEST_PENDING,,FULL
2026-08-29,NAMI,FOCUS,BROKEN_NEW_BASE,,FULL
2026-08-29,NAMM,WATCH,RETEST_IN_PROGRESS,,FULL
2026-08-29,NBP,WATCH,RETEST_PENDING,,FULL
2026-08-29,NCI,WATCH,RETEST_PENDING,,FULL
2026-08-29,NCRA,WATCH,RETEST_PENDING,,FULL
2026-08-29,NEON,WATCH,RETEST_PENDING,,FULL
2026-08-29,NEUP,WATCH,RETEST_PENDING,,FULL
2026-08-29,NEXR,FOCUS,BROKEN_NEW_BASE,,FULL
2026-08-29,NIKI,WATCH,RETEST_PENDING,,FULL
2026-08-29,NIVF,WATCH,SWEEP_ACTIVE,,FULL
2026-08-29,NKLR,WATCH,RETEST_PENDING,,FULL
2026-08-29,NNNN,WATCH,RETEST_PENDING,,FULL
2026-08-29,NPT,WATCH,RETEST_PENDING,,FULL
2026-08-29,NRSN,WATCH,RETEST_PENDING,,FULL
2026-08-29,NUWE,FOCUS,BROKEN_NEW_BASE,,FULL
2026-08-29,NXTS,WATCH,RETEST_PENDING,,FULL
2026-08-29,ODD,WATCH,RETEST_PENDING,,FULL
2026-08-29,OIO,WATCH,RETEST_PENDING,,FULL
2026-08-29,OMEX,WATCH,RETEST_PENDING,,FULL
2026-08-29,ONCO,REJECTED,,FE-SCREEN-01/M3,
2026-08-29,ORGO,READY,RETEST_HELD,,FULL
2026-08-29,OTLK,FOCUS,BROKEN_NEW_BASE,,FULL
2026-08-29,PARA,FOCUS,BROKEN_NEW_BASE,,FULL
2026-08-29,PBM,WATCH,RETEST_PENDING,,FULL
2026-08-29,PCSA,WATCH,RETEST_PENDING,,FULL
2026-08-29,PHIO,WATCH,RETEST_PENDING,,FULL
2026-08-29,PHOE,WATCH,RETEST_PENDING,,FULL
2026-08-29,PLCE,WATCH,RETEST_PENDING,,FULL
2026-08-29,PLSM,WATCH,SWEEP_ACTIVE,,FULL
2026-08-29,PMAX,READY,RETEST_HELD,,FULL
2026-08-29,PN,READY,RETEST_HELD,,FULL
2026-08-29,POLA,READY,RETEST_HELD,,FULL
2026-08-29,POM,WATCH,RETEST_PENDING,,FULL
2026-08-29,PPBT,WATCH,RETEST_PENDING,,FULL
2026-08-29,PRFX,READY,RETEST_HELD,,FULL
2026-08-29,PROP,FOCUS,BROKEN_NEW_BASE,,FULL
2026-08-29,PRSO,READY,RETEST_HELD,,FULL
2026-08-29,PTLE,WATCH,RETEST_PENDING,,FULL
2026-08-29,PWCM,READY,PRESS_RECLAIM,,FULL
2026-08-29,QNRX,WATCH,RETEST_PENDING,,FULL
2026-08-29,QSI,WATCH,RETEST_IN_PROGRESS,,FULL
2026-08-29,RADX,FOCUS,BROKEN_NEW_BASE,,FULL
2026-08-29,RAIN,WATCH,RETEST_PENDING,,FULL
2026-08-29,RANI,WATCH,RETEST_PENDING,,FULL
2026-08-29,RAY,WATCH,RETEST_PENDING,,FULL
2026-08-29,RAYA,WATCH,RETEST_PENDING,,FULL
2026-08-29,RBNE,WATCH,RETEST_PENDING,,FULL
2026-08-29,RDHL,WATCH,RETEST_PENDING,,FULL
2026-08-29,RECT,WATCH,RETEST_PENDING,,FULL
2026-08-29,RENX,WATCH,RETEST_PENDING,,FULL
2026-08-29,REVB,REJECTED,,FE-SCREEN-01/M3,
2026-08-29,RGTI,WATCH,RETEST_PENDING,,FULL
2026-08-29,RKDA,REJECTED,,FE-SCREEN-01/M3,
2026-08-29,RNAZ,FOCUS,BASE_FORMING,,FULL
2026-08-29,RR,WATCH,RETEST_PENDING,,FULL
2026-08-29,RVSN,WATCH,RETEST_IN_PROGRESS,,FULL
2026-08-29,SAGT,WATCH,RETEST_IN_PROGRESS,,FULL
2026-08-29,SBFM,WATCH,RETEST_IN_PROGRESS,,FULL
2026-08-29,SCNI,REJECTED,,FE-SCREEN-01/M3,
2026-08-29,SCWO,WATCH,RETEST_PENDING,,FULL
2026-08-29,SDA,WATCH,RETEST_PENDING,,FULL
2026-08-29,SERV,WATCH,RETEST_PENDING,,FULL
2026-08-29,SHMD,FOCUS,BROKEN_NEW_BASE,,FULL
2026-08-29,SHPH,WATCH,RETEST_PENDING,,FULL
2026-08-29,SINT,READY,RETEST_HELD,,FULL
2026-08-29,SKIN,WATCH,RETEST_PENDING,,FULL
2026-08-29,SKYA,WATCH,RETEST_PENDING,,FULL
2026-08-29,SKYQ,WATCH,RETEST_PENDING,,FULL
2026-08-29,SLDP,WATCH,RETEST_PENDING,,FULL
2026-08-29,SLGB,READY,RETEST_HELD,,FULL
2026-08-29,SLSN,WATCH,RETEST_PENDING,,FULL
2026-08-29,SNAL,WATCH,RETEST_PENDING,,FULL
2026-08-29,SNES,WATCH,SWEEP_ACTIVE,,FULL
2026-08-29,SNOA,WATCH,RETEST_PENDING,,FULL
2026-08-29,SNTG,READY,RETEST_HELD,,FULL
2026-08-29,SOBR,NO_BARS,,,
2026-08-29,SONM,WATCH,RETEST_PENDING,,FULL
2026-08-29,SOWG,WATCH,RETEST_PENDING,,FULL
2026-08-29,SPHL,READY,RETEST_HELD,,FULL
2026-08-29,SPRB,WATCH,RETEST_PENDING,,FULL
2026-08-29,SPRC,WATCH,RETEST_PENDING,,FULL
2026-08-29,STAK,WATCH,RETEST_PENDING,,FULL
2026-08-29,STEX,WATCH,RETEST_PENDING,,FULL
2026-08-29,STFS,WATCH,RETEST_PENDING,,FULL
2026-08-29,STI,WATCH,RETEST_PENDING,,FULL
2026-08-29,STKE,WATCH,RETEST_PENDING,,FULL
2026-08-29,SUNE,WATCH,RETEST_PENDING,,FULL
2026-08-29,SUPX,WATCH,RETEST_PENDING,,FULL
2026-08-29,SVRN,WATCH,RETEST_PENDING,,FULL
2026-08-29,SXTC,REJECTED,,FE-SCREEN-01/M2_CEIL,
2026-08-29,TAOP,WATCH,RETEST_PENDING,,FULL
2026-08-29,TC,WATCH,RETEST_PENDING,,FULL
2026-08-29,TDIC,READY,RETEST_HELD,,FULL
2026-08-29,TDTH,WATCH,RETEST_PENDING,,FULL
2026-08-29,TEAD,FOCUS,BROKEN_NEW_BASE,,FULL
2026-08-29,TGHL,WATCH,RETEST_PENDING,,FULL
2026-08-29,TGL,FOCUS,BROKEN_NEW_BASE,,FULL
2026-08-29,TLRY,WATCH,RETEST_PENDING,,FULL
2026-08-29,TONX,WATCH,RETEST_PENDING,,FULL
2026-08-29,TOYO,READY,BASE_HELD,,FULL
2026-08-29,TRAW,WATCH,RETEST_PENDING,,FULL
2026-08-29,TURB,READY,RETEST_HELD,,FULL
2026-08-29,TVGN,WATCH,RETEST_PENDING,,FULL
2026-08-29,TVRD,READY,RETEST_HELD,,FULL
2026-08-29,TYGO,WATCH,RETEST_PENDING,,FULL
2026-08-29,UCAR,WATCH,RETEST_PENDING,,FULL
2026-08-29,UFG,WATCH,RETEST_PENDING,,FULL
2026-08-29,UPC,WATCH,RETEST_PENDING,,FULL
2026-08-29,UPXI,WATCH,RETEST_PENDING,,FULL
2026-08-29,UXIN,REJECTED,,FE-SCREEN-01/M3,
2026-08-29,VAI,WATCH,RETEST_PENDING,,FULL
2026-08-29,VEEE,WATCH,RETEST_PENDING,,FULL
2026-08-29,VIOT,WATCH,RETEST_PENDING,,FULL
2026-08-29,VRAX,WATCH,RETEST_IN_PROGRESS,,FULL
2026-08-29,VRXA,FOCUS,BROKEN_NEW_BASE,,FULL
2026-08-29,VSA,WATCH,RETEST_PENDING,,FULL
2026-08-29,WBUY,WATCH,RETEST_PENDING,,FULL
2026-08-29,WIMI,REJECTED,,FE-SCREEN-01/M3,
2026-08-29,WKHS,WATCH,RETEST_PENDING,,FULL
2026-08-29,WKSP,FOCUS,BROKEN_NEW_BASE,,FULL
2026-08-29,WLDS,WATCH,RETEST_PENDING,,FULL
2026-08-29,WNW,WATCH,RETEST_PENDING,,FULL
2026-08-29,WSHP,WATCH,RETEST_PENDING,,FULL
2026-08-29,XAIR,FOCUS,BROKEN_NEW_BASE,,FULL
2026-08-29,XBP,WATCH,RETEST_PENDING,,FULL
2026-08-29,XCH,FOCUS,BROKEN_NEW_BASE,,FULL
2026-08-29,XCUR,WATCH,RETEST_PENDING,,FULL
2026-08-29,XTLB,WATCH,RETEST_PENDING,,FULL
2026-08-29,YAAS,WATCH,RETEST_IN_PROGRESS,,FULL
2026-08-29,YHC,WATCH,RETEST_PENDING,,FULL
2026-08-29,YMAT,WATCH,RETEST_PENDING,,FULL
2026-08-29,YOUL,WATCH,RETEST_PENDING,,FULL
2026-08-29,YSXT,WATCH,RETEST_PENDING,,FULL
2026-08-29,YXT,FOCUS,BASE_FORMING,,FULL
2026-08-29,ZCMD,FOCUS,BROKEN_NEW_BASE,,FULL
2026-08-29,ZENA,WATCH,RETEST_PENDING,,FULL
2026-08-29,ZOOZ,WATCH,RETEST_PENDING,,FULL
2026-08-29,ZSQR,READY,PRESS_RECLAIM,,FULL
2026-08-29,ZYBT,WATCH,RETEST_PENDING,,FULL
2026-09-01,ABAT,WATCH,RETEST_PENDING,,FULL
2026-09-01,ABTC,WATCH,RETEST_PENDING,,FULL
2026-09-01,ABTS,WATCH,RETEST_PENDING,,FULL
2026-09-01,ABVC,FOCUS,BROKEN_NEW_BASE,,FULL
2026-09-01,ACON,WATCH,RETEST_PENDING,,FULL
2026-09-01,ACXP,READY,RETEST_HELD,,FULL
2026-09-01,ADGM,WATCH,RETEST_PENDING,,FULL
2026-09-01,AEMD,FOCUS,BROKEN_NEW_BASE,,FULL
2026-09-01,AFJK,READY,RETEST_HELD,,FULL
2026-09-01,AHMA,WATCH,RETEST_PENDING,,FULL
2026-09-01,AIFA,WATCH,RETEST_PENDING,,FULL
2026-09-01,AIFC,WATCH,RETEST_PENDING,,FULL
2026-09-01,AIIO,FOCUS,BROKEN_NEW_BASE,,FULL
2026-09-01,AIOS,WATCH,RETEST_PENDING,,FULL
2026-09-01,AIRE,WATCH,RETEST_PENDING,,FULL
2026-09-01,AKTX,WATCH,RETEST_PENDING,,FULL
2026-09-01,AMBR,WATCH,RETEST_PENDING,,FULL
2026-09-01,AMCI,FOCUS,BROKEN_NEW_BASE,,FULL
2026-09-01,AMIX,FOCUS,BASE_FORMING,,FULL
2026-09-01,AMOD,FOCUS,BROKEN_NEW_BASE,,FULL
2026-09-01,ANPA,WATCH,RETEST_PENDING,,FULL
2026-09-01,ANY,WATCH,RETEST_PENDING,,FULL
2026-09-01,APVO,FOCUS,BROKEN_NEW_BASE,,FULL
2026-09-01,AQMS,WATCH,RETEST_PENDING,,FULL
2026-09-01,ARBE,READY,RETEST_HELD,,FULL
2026-09-01,ASPI,REJECTED,,FE-SCREEN-01/M3,
2026-09-01,ASTC,WATCH,RETEST_PENDING,,FULL
2026-09-01,ATER,REJECTED,,FE-SCREEN-01/M1,
2026-09-01,ATPC,READY,RETEST_HELD,,FULL
2026-09-01,ATXG,WATCH,RETEST_PENDING,,FULL
2026-09-01,ATYR,WATCH,RETEST_PENDING,,FULL
2026-09-01,AUID,WATCH,RETEST_PENDING,,FULL
2026-09-01,AUUD,WATCH,RETEST_PENDING,,FULL
2026-09-01,AZI,WATCH,RETEST_PENDING,,FULL
2026-09-01,AZIO,WATCH,RETEST_PENDING,,FULL
2026-09-01,BBLG,REJECTED,,FE-SCREEN-01/M3,
2026-09-01,BCTX,WATCH,RETEST_PENDING,,FULL
2026-09-01,BDRX,FOCUS,BROKEN_NEW_BASE,,FULL
2026-09-01,BEAT,READY,PRESS_RECLAIM,,FULL
2026-09-01,BENF,WATCH,SWEEP_ACTIVE,,FULL
2026-09-01,BFRG,READY,RETEST_HELD,,FULL
2026-09-01,BGDE,WATCH,RETEST_PENDING,,FULL
2026-09-01,BGLC,WATCH,RETEST_PENDING,,FULL
2026-09-01,BIOX,WATCH,RETEST_PENDING,,FULL
2026-09-01,BIYA,WATCH,RETEST_PENDING,,FULL
2026-09-01,BLNK,WATCH,RETEST_IN_PROGRESS,,FULL
2026-09-01,BMGL,WATCH,RETEST_PENDING,,FULL
2026-09-01,BNAI,WATCH,RETEST_IN_PROGRESS,,FULL
2026-09-01,BNC,WATCH,RETEST_PENDING,,FULL
2026-09-01,BNKK,WATCH,RETEST_PENDING,,FULL
2026-09-01,BRAI,WATCH,RETEST_IN_PROGRESS,,FULL
2026-09-01,BTOG,WATCH,SWEEP_ACTIVE,,FULL
2026-09-01,BTQ,WATCH,SWEEP_ACTIVE,,FULL
2026-09-01,BYRN,REJECTED,,FE-SCREEN-01/M3,
2026-09-01,CCHH,READY,RETEST_HELD,,FULL
2026-09-01,CD,WATCH,RETEST_PENDING,,FULL
2026-09-01,CDIO,WATCH,RETEST_PENDING,,FULL
2026-09-01,CDT,FOCUS,BROKEN_NEW_BASE,,FULL
2026-09-01,CELZ,WATCH,RETEST_PENDING,,FULL
2026-09-01,CETX,READY,RETEST_HELD,,FULL
2026-09-01,CGTL,WATCH,RETEST_PENDING,,FULL
2026-09-01,CHR,WATCH,RETEST_PENDING,,FULL
2026-09-01,CHSN,WATCH,RETEST_IN_PROGRESS,,FULL
2026-09-01,CIRC,WATCH,RETEST_PENDING,,FULL
2026-09-01,CMCT,WATCH,RETEST_PENDING,,FULL
2026-09-01,CMND,WATCH,RETEST_PENDING,,FULL
2026-09-01,CMTL,READY,RETEST_HELD,,FULL
2026-09-01,CNCK,WATCH,RETEST_PENDING,,FULL
2026-09-01,CNEY,WATCH,RETEST_PENDING,,FULL
2026-09-01,CNSY,FOCUS,BROKEN_NEW_BASE,,FULL
2026-09-01,CODX,WATCH,RETEST_PENDING,,FULL
2026-09-01,CPSH,READY,RETEST_HELD,,FULL
2026-09-01,CRML,WATCH,RETEST_PENDING,,FULL
2026-09-01,CRVO,READY,RETEST_HELD,,FULL
2026-09-01,CTNT,READY,RETEST_HELD,,FULL
2026-09-01,CTXR,WATCH,RETEST_PENDING,,FULL
2026-09-01,CUPR,WATCH,RETEST_PENDING,,FULL
2026-09-01,CVKD,REJECTED,,FE-SCREEN-01/M3,
2026-09-01,CVRX,WATCH,RETEST_PENDING,,FULL
2026-09-01,CWD,WATCH,RETEST_PENDING,,FULL
2026-09-01,DCOY,FOCUS,BROKEN_NEW_BASE,,FULL
2026-09-01,DFLI,READY,PRESS_RECLAIM,,FULL
2026-09-01,DGNX,WATCH,RETEST_PENDING,,FULL
2026-09-01,DOGZ,WATCH,RETEST_PENDING,,FULL
2026-09-01,DOMO,WATCH,RETEST_PENDING,,FULL
2026-09-01,DRMA,REJECTED,,FE-SCREEN-01/M3,
2026-09-01,DSY,WATCH,RETEST_PENDING,,FULL
2026-09-01,DTSS,WATCH,RETEST_IN_PROGRESS,,FULL
2026-09-01,DXST,WATCH,RETEST_PENDING,,FULL
2026-09-01,EDBL,READY,BASE_HELD,,FULL
2026-09-01,EDSA,READY,RETEST_HELD,,FULL
2026-09-01,EFOI,READY,BASE_HELD,,FULL
2026-09-01,EHTH,REJECTED,,FE-SCREEN-01/M3,
2026-09-01,ELAB,FOCUS,BROKEN_NEW_BASE,,FULL
2026-09-01,ELPW,REJECTED,,FE-SCREEN-01/M2_CEIL,
2026-09-01,ENGN,WATCH,RETEST_PENDING,,FULL
2026-09-01,ENGS,READY,RETEST_HELD,,FULL
2026-09-01,ENLV,FOCUS,BROKEN_NEW_BASE,,FULL
2026-09-01,ENVB,FOCUS,BROKEN_NEW_BASE,,FULL
2026-09-01,ENVX,WATCH,RETEST_IN_PROGRESS,,FULL
2026-09-01,EOSE,READY,RETEST_HELD,,FULL
2026-09-01,ERNA,WATCH,RETEST_PENDING,,FULL
2026-09-01,ESLA,FOCUS,BROKEN_NEW_BASE,,FULL
2026-09-01,EUDA,WATCH,RETEST_PENDING,,FULL
2026-09-01,EVAX,READY,RETEST_HELD,,FULL
2026-09-01,EZGO,REJECTED,,FE-SCREEN-01/M3,
2026-09-01,FABC,WATCH,RETEST_IN_PROGRESS,,FULL
2026-09-01,FAC,WATCH,RETEST_PENDING,,FULL
2026-09-01,FCUV,WATCH,RETEST_PENDING,,FULL
2026-09-01,FEAM,READY,RETEST_HELD,,FULL
2026-09-01,FEED,NO_BARS,,,
2026-09-01,FEMY,WATCH,RETEST_PENDING,,FULL
2026-09-01,FGNX,WATCH,RETEST_PENDING,,FULL
2026-09-01,FLUX,WATCH,RETEST_PENDING,,FULL
2026-09-01,FLYE,FOCUS,BROKEN_NEW_BASE,,FULL
2026-09-01,FNUC,WATCH,RETEST_IN_PROGRESS,,FULL
2026-09-01,FOFO,WATCH,RETEST_PENDING,,FULL
2026-09-01,FRMM,WATCH,RETEST_IN_PROGRESS,,FULL
2026-09-01,FRSX,REJECTED,,FE-SCREEN-01/M3,
2026-09-01,FTCI,REJECTED,,FE-SCREEN-01/M3,
2026-09-01,FULC,WATCH,RETEST_PENDING,,FULL
2026-09-01,FUSE,FOCUS,BROKEN_NEW_BASE,,FULL
2026-09-01,FWDI,FOCUS,BASE_FORMING,,FULL
2026-09-01,FXHO,WATCH,RETEST_PENDING,,FULL
2026-09-01,GCL,WATCH,RETEST_PENDING,,FULL
2026-09-01,GDEV,WATCH,RETEST_PENDING,,FULL
2026-09-01,GDTC,WATCH,RETEST_PENDING,,FULL
2026-09-01,GELS,REJECTED,,FE-SCREEN-01/M5,
2026-09-01,GEOS,READY,RETEST_HELD,,FULL
2026-09-01,GLXG,WATCH,RETEST_PENDING,,FULL
2026-09-01,GNLN,WATCH,RETEST_PENDING,,FULL
2026-09-01,GNPX,WATCH,SWEEP_ACTIVE,,FULL
2026-09-01,GNTA,WATCH,SWEEP_ACTIVE,,FULL
2026-09-01,GP,REJECTED,,FE-SCREEN-01/M3,
2026-09-01,GRI,REJECTED,,FE-SCREEN-01/M3,
2026-09-01,GWAV,FOCUS,BASE_FORMING,,FULL
2026-09-01,HCAI,WATCH,RETEST_PENDING,,FULL
2026-09-01,HOUR,READY,RETEST_HELD,,FULL
2026-09-01,HTCO,WATCH,RETEST_PENDING,,FULL
2026-09-01,HTZ,WATCH,RETEST_PENDING,,FULL
2026-09-01,HUMA,WATCH,RETEST_IN_PROGRESS,,FULL
2026-09-01,HXHX,WATCH,RETEST_PENDING,,FULL
2026-09-01,HYPD,WATCH,RETEST_PENDING,,FULL
2026-09-01,IBG,WATCH,RETEST_PENDING,,FULL
2026-09-01,ICCM,READY,RETEST_HELD,,FULL
2026-09-01,ICU,READY,RETEST_HELD,,FULL
2026-09-01,ILLR,NO_BARS,,,
2026-09-01,IMNN,READY,RETEST_HELD,,FULL
2026-09-01,IMSR,WATCH,RETEST_PENDING,,FULL
2026-09-01,INDP,WATCH,RETEST_PENDING,,FULL
2026-09-01,INLF,WATCH,RETEST_PENDING,,FULL
2026-09-01,INSG,WATCH,RETEST_IN_PROGRESS,,FULL
2026-09-01,INTJ,WATCH,RETEST_PENDING,,FULL
2026-09-01,INTS,WATCH,RETEST_PENDING,,FULL
2026-09-01,IPW,FOCUS,BROKEN_NEW_BASE,,FULL
2026-09-01,IQST,READY,RETEST_HELD,,FULL
2026-09-01,ISPC,FOCUS,BROKEN_NEW_BASE,,FULL
2026-09-01,IXHL,WATCH,RETEST_PENDING,,FULL
2026-09-01,JAGX,WATCH,RETEST_IN_PROGRESS,,FULL
2026-09-01,JBDI,REJECTED,,FE-SCREEN-01/M5,
2026-09-01,JDZG,WATCH,RETEST_PENDING,,FULL
2026-09-01,JFB,NO_BARS,,,
2026-09-01,JFIN,FOCUS,BROKEN_NEW_BASE,,FULL
2026-09-01,JLHL,WATCH,RETEST_PENDING,,FULL
2026-09-01,JSPR,WATCH,RETEST_PENDING,,FULL
2026-09-01,JTAI,READY,RETEST_HELD,,FULL
2026-09-01,JYD,WATCH,RETEST_PENDING,,FULL
2026-09-01,JZXN,READY,PRESS_RECLAIM,,FULL
2026-09-01,KALA,WATCH,RETEST_IN_PROGRESS,,FULL
2026-09-01,KG,FOCUS,BROKEN_NEW_BASE,,FULL
2026-09-01,KITT,READY,RETEST_HELD,,FULL
2026-09-01,KMRK,WATCH,RETEST_PENDING,,FULL
2026-09-01,KPLT,WATCH,SWEEP_ACTIVE,,FULL
2026-09-01,KRKR,WATCH,RETEST_PENDING,,FULL
2026-09-01,KRRO,WATCH,RETEST_PENDING,,FULL
2026-09-01,KTTA,WATCH,RETEST_PENDING,,FULL
2026-09-01,KUST,REJECTED,,FE-SCREEN-01/M3,
2026-09-01,LASE,WATCH,RETEST_PENDING,,FULL
2026-09-01,LFS,WATCH,RETEST_PENDING,,FULL
2026-09-01,LGHL,READY,PRESS_RECLAIM,,FULL
2026-09-01,LHAI,WATCH,RETEST_PENDING,,FULL
2026-09-01,LHSW,WATCH,RETEST_PENDING,,FULL
2026-09-01,LICN,WATCH,RETEST_PENDING,,FULL
2026-09-01,LNAI,WATCH,RETEST_PENDING,,FULL
2026-09-01,LNZA,WATCH,RETEST_PENDING,,FULL
2026-09-01,LOOP,FOCUS,BROKEN_NEW_BASE,,FULL
2026-09-01,LTBR,WATCH,RETEST_IN_PROGRESS,,FULL
2026-09-01,LX,REJECTED,,FE-SCREEN-01/M3,
2026-09-01,LZMH,WATCH,RETEST_PENDING,,FULL
2026-09-01,MB,FOCUS,BROKEN_NEW_BASE,,FULL
2026-09-01,MBRX,WATCH,RETEST_PENDING,,FULL
2026-09-01,MCRB,WATCH,RETEST_IN_PROGRESS,,FULL
2026-09-01,METC,WATCH,RETEST_PENDING,,FULL
2026-09-01,MKZR,WATCH,RETEST_PENDING,,FULL
2026-09-01,MNDR,WATCH,RETEST_IN_PROGRESS,,FULL
2026-09-01,MNTS,READY,RETEST_HELD,,FULL
2026-09-01,MOBX,WATCH,RETEST_PENDING,,FULL
2026-09-01,MRLN,WATCH,SWEEP_ACTIVE,,FULL
2026-09-01,MRM,READY,PRESS_RECLAIM,,FULL
2026-09-01,MSAI,WATCH,RETEST_PENDING,,FULL
2026-09-01,MVST,WATCH,SWEEP_ACTIVE,,FULL
2026-09-01,NAMI,FOCUS,BROKEN_NEW_BASE,,FULL
2026-09-01,NAMM,WATCH,RETEST_IN_PROGRESS,,FULL
2026-09-01,NCI,WATCH,RETEST_PENDING,,FULL
2026-09-01,NCNA,WATCH,RETEST_PENDING,,FULL
2026-09-01,NEON,WATCH,RETEST_PENDING,,FULL
2026-09-01,NEXR,FOCUS,BROKEN_NEW_BASE,,FULL
2026-09-01,NIKI,WATCH,RETEST_IN_PROGRESS,,FULL
2026-09-01,NIVF,FOCUS,BROKEN_NEW_BASE,,FULL
2026-09-01,NKLR,WATCH,RETEST_PENDING,,FULL
2026-09-01,NNNN,WATCH,RETEST_IN_PROGRESS,,FULL
2026-09-01,NPT,WATCH,RETEST_PENDING,,FULL
2026-09-01,NRSN,WATCH,RETEST_PENDING,,FULL
2026-09-01,NTCL,READY,BASE_HELD,,FULL
2026-09-01,NTRP,FOCUS,BROKEN_NEW_BASE,,FULL
2026-09-01,NUWE,FOCUS,BROKEN_NEW_BASE,,FULL
2026-09-01,NVNI,NO_BARS,,,
2026-09-01,NXTS,WATCH,RETEST_PENDING,,FULL
2026-09-01,ODD,WATCH,RETEST_PENDING,,FULL
2026-09-01,OIO,WATCH,RETEST_PENDING,,FULL
2026-09-01,OM,WATCH,SWEEP_ACTIVE,,FULL
2026-09-01,OMEX,WATCH,RETEST_PENDING,,FULL
2026-09-01,ONCO,REJECTED,,FE-SCREEN-01/M3,
2026-09-01,ORBS,WATCH,RETEST_PENDING,,FULL
2026-09-01,ORGO,READY,RETEST_HELD,,FULL
2026-09-01,OTLK,READY,RETEST_HELD,,FULL
2026-09-01,PARA,FOCUS,BROKEN_NEW_BASE,,FULL
2026-09-01,PBM,WATCH,RETEST_PENDING,,FULL
2026-09-01,PCSA,WATCH,RETEST_PENDING,,FULL
2026-09-01,PHIO,WATCH,RETEST_PENDING,,FULL
2026-09-01,PHOE,WATCH,RETEST_PENDING,,FULL
2026-09-01,PLCE,WATCH,RETEST_PENDING,,FULL
2026-09-01,PLSM,WATCH,SWEEP_ACTIVE,,FULL
2026-09-01,PLUR,WATCH,SWEEP_ACTIVE,,FULL
2026-09-01,PMAX,READY,BASE_HELD,,FULL
2026-09-01,PN,READY,RETEST_HELD,,FULL
2026-09-01,POM,WATCH,RETEST_PENDING,,FULL
2026-09-01,PPBT,WATCH,RETEST_PENDING,,FULL
2026-09-01,PRFX,READY,RETEST_HELD,,FULL
2026-09-01,PROP,READY,BASE_HELD,,FULL
2026-09-01,PTLE,WATCH,RETEST_PENDING,,FULL
2026-09-01,PWCM,READY,PRESS_RECLAIM,,FULL
2026-09-01,QNRX,WATCH,RETEST_PENDING,,FULL
2026-09-01,QSI,WATCH,RETEST_IN_PROGRESS,,FULL
2026-09-01,RADX,FOCUS,BROKEN_NEW_BASE,,FULL
2026-09-01,RAIN,WATCH,RETEST_IN_PROGRESS,,FULL
2026-09-01,RANI,WATCH,RETEST_PENDING,,FULL
2026-09-01,RAY,WATCH,RETEST_IN_PROGRESS,,FULL
2026-09-01,RAYA,WATCH,RETEST_PENDING,,FULL
2026-09-01,RBNE,WATCH,RETEST_PENDING,,FULL
2026-09-01,RECT,WATCH,RETEST_PENDING,,FULL
2026-09-01,REKR,WATCH,SWEEP_ACTIVE,,FULL
2026-09-01,RENX,WATCH,RETEST_PENDING,,FULL
2026-09-01,REVB,REJECTED,,FE-SCREEN-01/M3,
2026-09-01,RGTI,WATCH,RETEST_PENDING,,FULL
2026-09-01,RKDA,REJECTED,,FE-SCREEN-01/M3,
2026-09-01,SBFM,WATCH,RETEST_IN_PROGRESS,,FULL
2026-09-01,SCLX,READY,PRESS_RECLAIM,,FULL
2026-09-01,SCNI,REJECTED,,FE-SCREEN-01/M3,
2026-09-01,SDA,WATCH,RETEST_PENDING,,FULL
2026-09-01,SERV,WATCH,RETEST_IN_PROGRESS,,FULL
2026-09-01,SINT,READY,RETEST_HELD,,FULL
2026-09-01,SKYQ,WATCH,RETEST_PENDING,,FULL
2026-09-01,SLDP,WATCH,RETEST_PENDING,,FULL
2026-09-01,SLGB,READY,RETEST_HELD,,FULL
2026-09-01,SLSN,WATCH,RETEST_PENDING,,FULL
2026-09-01,SNAL,WATCH,RETEST_PENDING,,FULL
2026-09-01,SNES,WATCH,SWEEP_ACTIVE,,FULL
2026-09-01,SNOA,WATCH,RETEST_PENDING,,FULL
2026-09-01,SNTG,READY,RETEST_HELD,,FULL
2026-09-01,SOWG,WATCH,RETEST_PENDING,,FULL
2026-09-01,SPHL,WATCH,SWEEP_ACTIVE,,FULL
2026-09-01,SPRB,WATCH,RETEST_PENDING,,FULL
2026-09-01,STAK,WATCH,RETEST_PENDING,,FULL
2026-09-01,SUNE,WATCH,RETEST_PENDING,,FULL
2026-09-01,TAOP,WATCH,RETEST_PENDING,,FULL
2026-09-01,TDUP,READY,PRESS_RECLAIM,,FULL
2026-09-01,TGHL,WATCH,RETEST_PENDING,,FULL
2026-09-01,TGL,FOCUS,BROKEN_NEW_BASE,,FULL
2026-09-01,TLRY,WATCH,RETEST_PENDING,,FULL
2026-09-01,TONX,WATCH,RETEST_PENDING,,FULL
2026-09-01,TOYO,READY,BASE_HELD,,FULL
2026-09-01,TVGN,WATCH,RETEST_PENDING,,FULL
2026-09-01,TVRD,READY,RETEST_HELD,,FULL
2026-09-01,TYGO,WATCH,RETEST_PENDING,,FULL
2026-09-01,UCAR,WATCH,RETEST_PENDING,,FULL
2026-09-01,UXIN,REJECTED,,FE-SCREEN-01/M3,
2026-09-01,VEEE,WATCH,RETEST_PENDING,,FULL
2026-09-01,VERI,FOCUS,BROKEN_NEW_BASE,,FULL
2026-09-01,VSA,WATCH,RETEST_PENDING,,FULL
2026-09-01,WKSP,FOCUS,BROKEN_NEW_BASE,,FULL
2026-09-01,WLDS,WATCH,RETEST_PENDING,,FULL
2026-09-01,XCH,FOCUS,BROKEN_NEW_BASE,,FULL
2026-09-01,XCUR,WATCH,RETEST_PENDING,,FULL
2026-09-01,XTLB,WATCH,RETEST_PENDING,,FULL
2026-09-01,YAAS,READY,PRESS_RECLAIM,,FULL
2026-09-01,YDDL,READY,PRESS_RECLAIM,,FULL
2026-09-01,YHC,WATCH,RETEST_PENDING,,FULL
2026-09-01,YOUL,WATCH,RETEST_PENDING,,FULL
2026-09-01,YSXT,WATCH,RETEST_PENDING,,FULL
2026-09-01,ZENA,WATCH,RETEST_PENDING,,FULL
2026-09-01,ZYBT,WATCH,RETEST_PENDING,,FULL
2026-09-02,ABAT,WATCH,RETEST_PENDING,,FULL
2026-09-02,ABTC,WATCH,RETEST_PENDING,,FULL
2026-09-02,ABTS,WATCH,RETEST_PENDING,,FULL
2026-09-02,ABVC,FOCUS,BROKEN_NEW_BASE,,FULL
2026-09-02,ACON,WATCH,RETEST_PENDING,,FULL
2026-09-02,ACXP,READY,RETEST_HELD,,FULL
2026-09-02,ADGM,WATCH,RETEST_PENDING,,FULL
2026-09-02,AEMD,FOCUS,BROKEN_NEW_BASE,,FULL
2026-09-02,AHMA,WATCH,RETEST_PENDING,,FULL
2026-09-02,AIFA,WATCH,RETEST_PENDING,,FULL
2026-09-02,AIFC,WATCH,RETEST_PENDING,,FULL
2026-09-02,AIIO,FOCUS,BROKEN_NEW_BASE,,FULL
2026-09-02,AIOS,WATCH,RETEST_PENDING,,FULL
2026-09-02,AIRE,WATCH,RETEST_PENDING,,FULL
2026-09-02,AIRO,REJECTED,,FE-SCREEN-01/M2_FLOOR,
2026-09-02,AIRS,WATCH,SWEEP_ACTIVE,,FULL
2026-09-02,AKTX,WATCH,RETEST_PENDING,,FULL
2026-09-02,ALAR,WATCH,SWEEP_ACTIVE,,FULL
2026-09-02,AMBR,WATCH,RETEST_IN_PROGRESS,,FULL
2026-09-02,AMCI,FOCUS,BROKEN_NEW_BASE,,FULL
2026-09-02,ANPA,WATCH,RETEST_PENDING,,FULL
2026-09-02,ANY,WATCH,RETEST_PENDING,,FULL
2026-09-02,APVO,READY,BASE_HELD,,FULL
2026-09-02,AQMS,WATCH,RETEST_PENDING,,FULL
2026-09-02,ARBE,READY,RETEST_HELD,,FULL
2026-09-02,ASPI,REJECTED,,FE-SCREEN-01/M3,
2026-09-02,ASTC,WATCH,RETEST_PENDING,,FULL
2026-09-02,ATER,WATCH,RETEST_PENDING,,FULL
2026-09-02,ATPC,READY,RETEST_HELD,,FULL
2026-09-02,ATXG,WATCH,RETEST_PENDING,,FULL
2026-09-02,ATYR,WATCH,RETEST_PENDING,,FULL
2026-09-02,AUID,WATCH,RETEST_PENDING,,FULL
2026-09-02,AURE,WATCH,RETEST_IN_PROGRESS,,FULL
2026-09-02,AUUD,WATCH,RETEST_PENDING,,FULL
2026-09-02,AZI,WATCH,RETEST_PENDING,,FULL
2026-09-02,AZIO,WATCH,RETEST_IN_PROGRESS,,FULL
2026-09-02,BBLG,REJECTED,,FE-SCREEN-01/M3,
2026-09-02,BCTX,WATCH,RETEST_PENDING,,FULL
2026-09-02,BDRX,FOCUS,BROKEN_NEW_BASE,,FULL
2026-09-02,BEAT,WATCH,SWEEP_ACTIVE,,FULL
2026-09-02,BENF,WATCH,SWEEP_ACTIVE,,FULL
2026-09-02,BFRG,WATCH,SWEEP_ACTIVE,,FULL
2026-09-02,BGDE,WATCH,RETEST_PENDING,,FULL
2026-09-02,BGLC,WATCH,RETEST_PENDING,,FULL
2026-09-02,BIOX,WATCH,RETEST_PENDING,,FULL
2026-09-02,BIYA,WATCH,RETEST_PENDING,,FULL
2026-09-02,BLNK,READY,RETEST_HELD,,FULL
2026-09-02,BMGL,WATCH,RETEST_PENDING,,FULL
2026-09-02,BNAI,WATCH,RETEST_IN_PROGRESS,,FULL
2026-09-02,BNC,WATCH,RETEST_PENDING,,FULL
2026-09-02,BNKK,WATCH,RETEST_PENDING,,FULL
2026-09-02,BRAI,WATCH,RETEST_PENDING,,FULL
2026-09-02,BTQ,WATCH,SWEEP_ACTIVE,,FULL
2026-09-02,BYRN,REJECTED,,FE-SCREEN-01/M3,
2026-09-02,CCHH,READY,RETEST_HELD,,FULL
2026-09-02,CD,WATCH,RETEST_PENDING,,FULL
2026-09-02,CDIO,WATCH,RETEST_PENDING,,FULL
2026-09-02,CELZ,WATCH,RETEST_PENDING,,FULL
2026-09-02,CETX,READY,RETEST_HELD,,FULL
2026-09-02,CETY,WATCH,RETEST_PENDING,,FULL
2026-09-02,CGTL,WATCH,RETEST_PENDING,,FULL
2026-09-02,CHR,WATCH,RETEST_PENDING,,FULL
2026-09-02,CHSN,READY,RETEST_HELD,,FULL
2026-09-02,CIRC,WATCH,RETEST_PENDING,,FULL
2026-09-02,CMCT,WATCH,RETEST_PENDING,,FULL
2026-09-02,CMND,WATCH,RETEST_PENDING,,FULL
2026-09-02,CMTL,WATCH,SWEEP_ACTIVE,,FULL
2026-09-02,CNCK,WATCH,RETEST_PENDING,,FULL
2026-09-02,CNEY,WATCH,RETEST_PENDING,,FULL
2026-09-02,CNSY,FOCUS,BROKEN_NEW_BASE,,FULL
2026-09-02,CODX,WATCH,RETEST_PENDING,,FULL
2026-09-02,COOT,WATCH,RETEST_PENDING,,FULL
2026-09-02,CPSH,READY,RETEST_HELD,,FULL
2026-09-02,CRML,WATCH,RETEST_PENDING,,FULL
2026-09-02,CRVO,READY,RETEST_HELD,,FULL
2026-09-02,CTNT,FOCUS,BROKEN_NEW_BASE,,FULL
2026-09-02,CTXR,WATCH,RETEST_PENDING,,FULL
2026-09-02,CUPR,WATCH,RETEST_PENDING,,FULL
2026-09-02,CVKD,REJECTED,,FE-SCREEN-01/M3,
2026-09-02,CVRX,WATCH,RETEST_PENDING,,FULL
2026-09-02,CWD,WATCH,RETEST_PENDING,,FULL
2026-09-02,CYN,WATCH,SWEEP_ACTIVE,,FULL
2026-09-02,DCOY,FOCUS,BROKEN_NEW_BASE,,FULL
2026-09-02,DFLI,WATCH,SWEEP_ACTIVE,,FULL
2026-09-02,DGNX,WATCH,RETEST_PENDING,,FULL
2026-09-02,DKI,FOCUS,BROKEN_NEW_BASE,,FULL
2026-09-02,DLXY,WATCH,RETEST_PENDING,,FULL
2026-09-02,DOGZ,WATCH,RETEST_PENDING,,FULL
2026-09-02,DOMO,WATCH,RETEST_PENDING,,FULL
2026-09-02,DRCT,NO_BARS,,,
2026-09-02,DRMA,REJECTED,,FE-SCREEN-01/M3,
2026-09-02,DSY,WATCH,RETEST_PENDING,,FULL
2026-09-02,DTSS,WATCH,RETEST_IN_PROGRESS,,FULL
2026-09-02,DWTX,WATCH,RETEST_PENDING,,FULL
2026-09-02,DXST,WATCH,RETEST_PENDING,,FULL
2026-09-02,EDBL,READY,BASE_HELD,,FULL
2026-09-02,EDSA,WATCH,RETEST_PENDING,,FULL
2026-09-02,EH,REJECTED,,FE-SCREEN-01/M3,
2026-09-02,EHTH,REJECTED,,FE-SCREEN-01/M3,
2026-09-02,ELAB,FOCUS,BROKEN_NEW_BASE,,FULL
2026-09-02,ELPW,REJECTED,,FE-SCREEN-01/M2_CEIL,
2026-09-02,ELTX,FOCUS,BROKEN_NEW_BASE,,FULL
2026-09-02,ENGN,WATCH,RETEST_PENDING,,FULL
2026-09-02,ENGS,READY,RETEST_HELD,,FULL
2026-09-02,ENLV,FOCUS,BROKEN_NEW_BASE,,FULL
2026-09-02,ENVB,FOCUS,BROKEN_NEW_BASE,,FULL
2026-09-02,ENVX,READY,RETEST_HELD,,FULL
2026-09-02,EOSE,WATCH,SWEEP_ACTIVE,,FULL
2026-09-02,ERNA,WATCH,RETEST_PENDING,,FULL
2026-09-02,ESLA,FOCUS,BROKEN_NEW_BASE,,FULL
2026-09-02,EUDA,WATCH,RETEST_PENDING,,FULL
2026-09-02,EVAX,READY,RETEST_HELD,,FULL
2026-09-02,EZGO,REJECTED,,FE-SCREEN-01/M3,
2026-09-02,FABC,WATCH,RETEST_IN_PROGRESS,,FULL
2026-09-02,FAC,WATCH,RETEST_IN_PROGRESS,,FULL
2026-09-02,FBYD,FOCUS,BROKEN_NEW_BASE,,FULL
2026-09-02,FEAM,READY,RETEST_HELD,,FULL
2026-09-02,FEED,NO_BARS,,,
2026-09-02,FEMY,WATCH,RETEST_PENDING,,FULL
2026-09-02,FLUX,WATCH,RETEST_IN_PROGRESS,,FULL
2026-09-02,FLYE,FOCUS,BROKEN_NEW_BASE,,FULL
2026-09-02,FMST,WATCH,SWEEP_ACTIVE,,FULL
2026-09-02,FNUC,WATCH,RETEST_PENDING,,FULL
2026-09-02,FOFO,WATCH,RETEST_PENDING,,FULL
2026-09-02,FRMM,WATCH,RETEST_IN_PROGRESS,,FULL
2026-09-02,FRSX,REJECTED,,FE-SCREEN-01/M3,
2026-09-02,FTCI,REJECTED,,FE-SCREEN-01/M3,
2026-09-02,FTHM,FOCUS,BROKEN_NEW_BASE,,FULL
2026-09-02,FULC,WATCH,RETEST_PENDING,,FULL
2026-09-02,FUSE,FOCUS,BROKEN_NEW_BASE,,FULL
2026-09-02,FWDI,FOCUS,BASE_FORMING,,FULL
2026-09-02,FXHO,WATCH,RETEST_PENDING,,FULL
2026-09-02,GDEV,WATCH,RETEST_PENDING,,FULL
2026-09-02,GDTC,WATCH,RETEST_PENDING,,FULL
2026-09-02,GLXG,WATCH,RETEST_PENDING,,FULL
2026-09-02,GMM,WATCH,RETEST_PENDING,,FULL
2026-09-02,GNLN,WATCH,RETEST_PENDING,,FULL
2026-09-02,GNPX,WATCH,SWEEP_ACTIVE,,FULL
2026-09-02,GOGO,READY,PRESS_RECLAIM,,FULL
2026-09-02,GP,REJECTED,,FE-SCREEN-01/M3,
2026-09-02,GRI,REJECTED,,FE-SCREEN-01/M3,
2026-09-02,HAO,REJECTED,,FE-SCREEN-01/M3,
2026-09-02,HCAI,WATCH,RETEST_IN_PROGRESS,,FULL
2026-09-02,HIT,WATCH,RETEST_IN_PROGRESS,,FULL
2026-09-02,HOLO,WATCH,RETEST_PENDING,,FULL
2026-09-02,HOUR,READY,RETEST_HELD,,FULL
2026-09-02,HPAI,REJECTED,,FE-SCREEN-01/M3,
2026-09-02,HTCO,WATCH,RETEST_PENDING,,FULL
2026-09-02,HTZ,WATCH,RETEST_PENDING,,FULL
2026-09-02,HUMA,WATCH,RETEST_IN_PROGRESS,,FULL
2026-09-02,HWH,NO_BARS,,,
2026-09-02,HXHX,WATCH,RETEST_PENDING,,FULL
2026-09-02,HYPD,WATCH,RETEST_PENDING,,FULL
2026-09-02,IBG,WATCH,RETEST_PENDING,,FULL
2026-09-02,ILLR,NO_BARS,,,
2026-09-02,IMNN,READY,RETEST_HELD,,FULL
2026-09-02,IMSR,WATCH,RETEST_IN_PROGRESS,,FULL
2026-09-02,INDP,WATCH,RETEST_PENDING,,FULL
2026-09-02,INLF,WATCH,RETEST_PENDING,,FULL
2026-09-02,INSG,READY,RETEST_HELD,,FULL
2026-09-02,INTJ,WATCH,RETEST_IN_PROGRESS,,FULL
2026-09-02,INTS,WATCH,RETEST_PENDING,,FULL
2026-09-02,IQST,READY,RETEST_HELD,,FULL
2026-09-02,ISPC,READY,RETEST_HELD,,FULL
2026-09-02,IXHL,WATCH,RETEST_PENDING,,FULL
2026-09-02,JDZG,WATCH,RETEST_IN_PROGRESS,,FULL
2026-09-02,JFB,NO_BARS,,,
2026-09-02,JFIN,FOCUS,BROKEN_NEW_BASE,,FULL
2026-09-02,JLHL,WATCH,RETEST_PENDING,,FULL
2026-09-02,JSPR,WATCH,RETEST_PENDING,,FULL
2026-09-02,JTAI,READY,RETEST_HELD,,FULL
2026-09-02,JYD,WATCH,RETEST_PENDING,,FULL
2026-09-02,JZXN,READY,PRESS_RECLAIM,,FULL
2026-09-02,KALA,FOCUS,BROKEN_NEW_BASE,,FULL
2026-09-02,KG,FOCUS,BROKEN_NEW_BASE,,FULL
2026-09-02,KIDZ,REJECTED,,FE-SCREEN-01/M2_CEIL,
2026-09-02,KITT,READY,RETEST_HELD,,FULL
2026-09-02,KMRK,WATCH,RETEST_PENDING,,FULL
2026-09-02,KPLT,WATCH,SWEEP_ACTIVE,,FULL
2026-09-02,KRKR,WATCH,RETEST_PENDING,,FULL
2026-09-02,KRRO,WATCH,RETEST_PENDING,,FULL
2026-09-02,KSCP,READY,BASE_HELD,,FULL
2026-09-02,KTTA,WATCH,RETEST_PENDING,,FULL
2026-09-02,KUST,REJECTED,,FE-SCREEN-01/M3,
2026-09-02,LAES,WATCH,RETEST_PENDING,,FULL
2026-09-02,LASE,WATCH,RETEST_PENDING,,FULL
2026-09-02,LFS,WATCH,RETEST_PENDING,,FULL
2026-09-02,LGHL,WATCH,SWEEP_ACTIVE,,FULL
2026-09-02,LHAI,WATCH,RETEST_PENDING,,FULL
2026-09-02,LHSW,WATCH,RETEST_PENDING,,FULL
2026-09-02,LICN,WATCH,RETEST_PENDING,,FULL
2026-09-02,LNAI,WATCH,RETEST_PENDING,,FULL
2026-09-02,LNZA,WATCH,RETEST_PENDING,,FULL
2026-09-02,LOOP,FOCUS,BROKEN_NEW_BASE,,FULL
2026-09-02,LPSN,NO_BARS,,,
2026-09-02,LTBR,READY,RETEST_HELD,,FULL
2026-09-02,LWLG,WATCH,SWEEP_ACTIVE,,FULL
2026-09-02,LXEH,WATCH,RETEST_PENDING,,FULL
2026-09-02,LZMH,WATCH,RETEST_PENDING,,FULL
2026-09-02,MB,FOCUS,BROKEN_NEW_BASE,,FULL
2026-09-02,MBRX,WATCH,RETEST_PENDING,,FULL
2026-09-02,MCRB,WATCH,RETEST_PENDING,,FULL
2026-09-02,MEDS,FOCUS,BROKEN_NEW_BASE,,FULL
2026-09-02,METC,WATCH,RETEST_PENDING,,FULL
2026-09-02,MKZR,WATCH,RETEST_PENDING,,FULL
2026-09-02,MLGO,READY,RETEST_HELD,,FULL
2026-09-02,MNDR,READY,RETEST_HELD,,FULL
2026-09-02,MNTS,READY,RETEST_HELD,,FULL
2026-09-02,MOBX,WATCH,RETEST_PENDING,,FULL
2026-09-02,MRLN,WATCH,SWEEP_ACTIVE,,FULL
2026-09-02,MRM,WATCH,RETEST_PENDING,,FULL
2026-09-02,MSAI,WATCH,RETEST_PENDING,,FULL
2026-09-02,MVST,WATCH,SWEEP_ACTIVE,,FULL
2026-09-02,NAKA,WATCH,RETEST_PENDING,,FULL
2026-09-02,NAMI,FOCUS,BROKEN_NEW_BASE,,FULL
2026-09-02,NAMM,READY,RETEST_HELD,,FULL
2026-09-02,NBP,WATCH,RETEST_PENDING,,FULL
2026-09-02,NCI,WATCH,RETEST_PENDING,,FULL
2026-09-02,NCNA,WATCH,RETEST_IN_PROGRESS,,FULL
2026-09-02,NCRA,WATCH,RETEST_PENDING,,FULL
2026-09-02,NEGG,WATCH,RETEST_PENDING,,FULL
2026-09-02,NEON,WATCH,RETEST_PENDING,,FULL
2026-09-02,NEUP,WATCH,RETEST_PENDING,,FULL
2026-09-02,NEXR,FOCUS,BROKEN_NEW_BASE,,FULL
2026-09-02,NIKI,WATCH,RETEST_IN_PROGRESS,,FULL
2026-09-02,NIVF,FOCUS,BROKEN_NEW_BASE,,FULL
2026-09-02,NNNN,WATCH,RETEST_IN_PROGRESS,,FULL
2026-09-02,NPT,WATCH,RETEST_PENDING,,FULL
2026-09-02,NRSN,WATCH,RETEST_PENDING,,FULL
2026-09-02,NTCL,FOCUS,BROKEN_NEW_BASE,,FULL
2026-09-02,NTRP,FOCUS,BROKEN_NEW_BASE,,FULL
2026-09-02,NUWE,FOCUS,BROKEN_NEW_BASE,,FULL
2026-09-02,NVNI,NO_BARS,,,
2026-09-02,NXTS,WATCH,RETEST_PENDING,,FULL
2026-09-02,ODD,WATCH,RETEST_PENDING,,FULL
2026-09-02,OIO,WATCH,RETEST_PENDING,,FULL
2026-09-02,OM,REJECTED,,FE-SCREEN-01/SCORE,
2026-09-02,OMEX,WATCH,RETEST_PENDING,,FULL
2026-09-02,ONCO,REJECTED,,FE-SCREEN-01/M3,
2026-09-02,OPEN,WATCH,SWEEP_ACTIVE,,FULL
2026-09-02,ORBS,WATCH,RETEST_PENDING,,FULL
2026-09-02,ORGO,READY,RETEST_HELD,,FULL
2026-09-02,OTLK,READY,RETEST_HELD,,FULL
2026-09-02,PARA,FOCUS,BROKEN_NEW_BASE,,FULL
2026-09-02,PBK,WATCH,SWEEP_ACTIVE,,FULL
2026-09-02,PBM,WATCH,RETEST_PENDING,,FULL
2026-09-02,PCSA,WATCH,RETEST_PENDING,,FULL
2026-09-02,PHIO,WATCH,RETEST_PENDING,,FULL
2026-09-02,PHOE,WATCH,RETEST_PENDING,,FULL
2026-09-02,PLCE,WATCH,RETEST_PENDING,,FULL
2026-09-02,PLUR,WATCH,SWEEP_ACTIVE,,FULL
2026-09-02,PMAX,WATCH,SWEEP_ACTIVE,,FULL
2026-09-02,POLA,READY,PRESS_RECLAIM,,FULL
2026-09-02,POM,WATCH,RETEST_PENDING,,FULL
2026-09-02,PPBT,WATCH,RETEST_PENDING,,FULL
2026-09-02,PRFX,READY,RETEST_HELD,,FULL
2026-09-02,PROP,READY,BASE_HELD,,FULL
2026-09-02,PRSO,WATCH,SWEEP_ACTIVE,,FULL
2026-09-02,PTLE,WATCH,RETEST_PENDING,,FULL
2026-09-02,PWCM,READY,PRESS_RECLAIM,,FULL
2026-09-02,QNRX,WATCH,RETEST_PENDING,,FULL
2026-09-02,QSI,READY,RETEST_HELD,,FULL
2026-09-02,QTEX,WATCH,SWEEP_ACTIVE,,FULL
2026-09-02,RADX,FOCUS,BROKEN_NEW_BASE,,FULL
2026-09-02,RAIN,WATCH,RETEST_IN_PROGRESS,,FULL
2026-09-02,RANI,WATCH,RETEST_PENDING,,FULL
2026-09-02,RAY,WATCH,RETEST_IN_PROGRESS,,FULL
2026-09-02,RAYA,WATCH,RETEST_IN_PROGRESS,,FULL
2026-09-02,RBNE,WATCH,RETEST_PENDING,,FULL
2026-09-02,RDGT,WATCH,RETEST_PENDING,,FULL
2026-09-02,RECT,WATCH,RETEST_PENDING,,FULL
2026-09-02,REKR,WATCH,SWEEP_ACTIVE,,FULL
2026-09-02,RENX,WATCH,RETEST_PENDING,,FULL
2026-09-02,REVB,REJECTED,,FE-SCREEN-01/M3,
2026-09-02,RGC,WATCH,RETEST_PENDING,,FULL
2026-09-02,RGTI,WATCH,RETEST_IN_PROGRESS,,FULL
2026-09-02,RKDA,REJECTED,,FE-SCREEN-01/M3,
2026-09-02,RKTO,READY,BASE_HELD,,FULL
2026-09-02,RNAZ,FOCUS,BASE_FORMING,,FULL
2026-09-02,RR,WATCH,RETEST_PENDING,,FULL
2026-09-02,RVSN,WATCH,RETEST_PENDING,,FULL
2026-09-02,SAGT,WATCH,RETEST_IN_PROGRESS,,FULL
2026-09-02,SBFM,READY,RETEST_HELD,,FULL
2026-09-02,SCLX,READY,PRESS_RECLAIM,,FULL
2026-09-02,SCNI,REJECTED,,FE-SCREEN-01/M3,
2026-09-02,SDA,WATCH,RETEST_PENDING,,FULL
2026-09-02,SERV,WATCH,RETEST_IN_PROGRESS,,FULL
2026-09-02,SHPH,WATCH,RETEST_PENDING,,FULL
2026-09-02,SINT,READY,RETEST_HELD,,FULL
2026-09-02,SKIN,WATCH,RETEST_PENDING,,FULL
2026-09-02,SKYA,WATCH,RETEST_PENDING,,FULL
2026-09-02,SKYQ,WATCH,RETEST_PENDING,,FULL
2026-09-02,SLDP,WATCH,RETEST_PENDING,,FULL
2026-09-02,SLGB,WATCH,SWEEP_ACTIVE,,FULL
2026-09-02,SLNH,READY,RETEST_HELD,,FULL
2026-09-02,SLSN,WATCH,RETEST_PENDING,,FULL
2026-09-02,SNAL,WATCH,RETEST_PENDING,,FULL
2026-09-02,SNES,FOCUS,BASE_FORMING,,FULL
2026-09-02,SNOA,WATCH,RETEST_PENDING,,FULL
2026-09-02,SNTG,READY,RETEST_HELD,,FULL
2026-09-02,SOBR,NO_BARS,,,
2026-09-02,SONM,WATCH,RETEST_PENDING,,FULL
2026-09-02,SOWG,WATCH,RETEST_PENDING,,FULL
2026-09-02,SPHL,WATCH,SWEEP_ACTIVE,,FULL
2026-09-02,SPRB,WATCH,RETEST_PENDING,,FULL
2026-09-02,SPRC,WATCH,RETEST_PENDING,,FULL
2026-09-02,SQFT,WATCH,RETEST_PENDING,,FULL
2026-09-02,STAK,WATCH,RETEST_PENDING,,FULL
2026-09-02,STEX,WATCH,RETEST_IN_PROGRESS,,FULL
2026-09-02,STFS,WATCH,RETEST_PENDING,,FULL
2026-09-02,STI,WATCH,RETEST_PENDING,,FULL
2026-09-02,STKE,WATCH,RETEST_PENDING,,FULL
2026-09-02,SUNE,WATCH,RETEST_PENDING,,FULL
2026-09-02,SUPX,WATCH,RETEST_PENDING,,FULL
2026-09-02,TAOP,WATCH,RETEST_PENDING,,FULL
2026-09-02,TC,WATCH,RETEST_PENDING,,FULL
2026-09-02,TDIC,READY,RETEST_HELD,,FULL
2026-09-02,TDTH,WATCH,RETEST_PENDING,,FULL
2026-09-02,TDUP,WATCH,SWEEP_ACTIVE,,FULL
2026-09-02,TEAD,FOCUS,BROKEN_NEW_BASE,,FULL
2026-09-02,TGHL,WATCH,RETEST_PENDING,,FULL
2026-09-02,TGL,WATCH,RETEST_PENDING,,FULL
2026-09-02,TLRY,WATCH,RETEST_PENDING,,FULL
2026-09-02,TONX,WATCH,RETEST_PENDING,,FULL
2026-09-02,TOYO,READY,PRESS_RECLAIM,,FULL
2026-09-02,TRAW,WATCH,RETEST_PENDING,,FULL
2026-09-02,TURB,WATCH,RETEST_IN_PROGRESS,,FULL
2026-09-02,TVRD,READY,RETEST_HELD,,FULL
2026-09-02,TYGO,WATCH,RETEST_IN_PROGRESS,,FULL
2026-09-02,UCAR,WATCH,RETEST_PENDING,,FULL
2026-09-02,UFG,WATCH,RETEST_PENDING,,FULL
2026-09-02,UPC,WATCH,RETEST_PENDING,,FULL
2026-09-02,UPXI,WATCH,RETEST_PENDING,,FULL
2026-09-02,UXIN,REJECTED,,FE-SCREEN-01/M3,
2026-09-02,VEEE,WATCH,RETEST_IN_PROGRESS,,FULL
2026-09-02,VERI,FOCUS,BROKEN_NEW_BASE,,FULL
2026-09-02,VRXA,FOCUS,BROKEN_NEW_BASE,,FULL
2026-09-02,VSA,WATCH,RETEST_PENDING,,FULL
2026-09-02,VSME,READY,RETEST_HELD,,FULL
2026-09-02,WATT,FOCUS,BROKEN_NEW_BASE,,FULL
2026-09-02,WBUY,WATCH,RETEST_PENDING,,FULL
2026-09-02,WIMI,REJECTED,,FE-SCREEN-01/M3,
2026-09-02,WKHS,WATCH,RETEST_PENDING,,FULL
2026-09-02,WKSP,WATCH,RETEST_PENDING,,FULL
2026-09-02,WLDS,WATCH,RETEST_PENDING,,FULL
2026-09-02,WNW,WATCH,RETEST_IN_PROGRESS,,FULL
2026-09-02,WSHP,WATCH,RETEST_PENDING,,FULL
2026-09-02,WVE,READY,PRESS_RECLAIM,,FULL
2026-09-02,XAIR,FOCUS,BROKEN_NEW_BASE,,FULL
2026-09-02,XBP,WATCH,RETEST_PENDING,,FULL
2026-09-02,XCH,FOCUS,BROKEN_NEW_BASE,,FULL
2026-09-02,XCUR,WATCH,RETEST_PENDING,,FULL
2026-09-02,XXII,FOCUS,BROKEN_NEW_BASE,,FULL
2026-09-02,YAAS,READY,PRESS_RECLAIM,,FULL
2026-09-02,YDDL,READY,PRESS_RECLAIM,,FULL
2026-09-02,YHC,WATCH,RETEST_PENDING,,FULL
2026-09-02,YMAT,WATCH,RETEST_PENDING,,FULL
2026-09-02,YOUL,WATCH,RETEST_PENDING,,FULL
2026-09-02,YSXT,WATCH,RETEST_PENDING,,FULL
2026-09-02,ZCMD,WATCH,RETEST_PENDING,,FULL
2026-09-02,ZENA,WATCH,RETEST_PENDING,,FULL
2026-09-02,ZSQR,FOCUS,BROKEN_NEW_BASE,,FULL
2026-09-02,ZYBT,WATCH,RETEST_PENDING,,FULL
2026-09-03,ABAT,WATCH,RETEST_PENDING,,FULL
2026-09-03,ABTC,WATCH,RETEST_PENDING,,FULL
2026-09-03,ABTS,WATCH,RETEST_PENDING,,FULL
2026-09-03,ABVC,WATCH,RETEST_PENDING,,FULL
2026-09-03,ACON,WATCH,RETEST_PENDING,,FULL
2026-09-03,ACXP,READY,RETEST_HELD,,FULL
2026-09-03,ADGM,WATCH,RETEST_PENDING,,FULL
2026-09-03,AEMD,FOCUS,BROKEN_NEW_BASE,,FULL
2026-09-03,AFJK,READY,RETEST_HELD,,FULL
2026-09-03,AHMA,WATCH,RETEST_PENDING,,FULL
2026-09-03,AIFA,WATCH,RETEST_PENDING,,FULL
2026-09-03,AIFC,WATCH,RETEST_PENDING,,FULL
2026-09-03,AIIO,FOCUS,BROKEN_NEW_BASE,,FULL
2026-09-03,AIOS,WATCH,RETEST_PENDING,,FULL
2026-09-03,AIRE,WATCH,RETEST_PENDING,,FULL
2026-09-03,AIRS,WATCH,SWEEP_ACTIVE,,FULL
2026-09-03,AKTX,WATCH,RETEST_PENDING,,FULL
2026-09-03,ALAR,FOCUS,BROKEN_NEW_BASE,,FULL
2026-09-03,AMBR,WATCH,RETEST_PENDING,,FULL
2026-09-03,AMCI,FOCUS,BROKEN_NEW_BASE,,FULL
2026-09-03,ANPA,WATCH,RETEST_PENDING,,FULL
2026-09-03,ANY,WATCH,RETEST_PENDING,,FULL
2026-09-03,AQMS,WATCH,RETEST_PENDING,,FULL
2026-09-03,ARBE,READY,RETEST_HELD,,FULL
2026-09-03,ASPI,REJECTED,,FE-SCREEN-01/M3,
2026-09-03,ASTC,WATCH,RETEST_PENDING,,FULL
2026-09-03,ATER,WATCH,RETEST_PENDING,,FULL
2026-09-03,ATPC,READY,RETEST_HELD,,FULL
2026-09-03,ATXG,WATCH,RETEST_IN_PROGRESS,,FULL
2026-09-03,ATYR,WATCH,RETEST_PENDING,,FULL
2026-09-03,AUID,WATCH,RETEST_PENDING,,FULL
2026-09-03,AURE,WATCH,RETEST_PENDING,,FULL
2026-09-03,AUUD,WATCH,RETEST_PENDING,,FULL
2026-09-03,AVXL,REJECTED,,FE-SCREEN-01/M3,
2026-09-03,AZI,WATCH,RETEST_PENDING,,FULL
2026-09-03,AZIO,WATCH,RETEST_IN_PROGRESS,,FULL
2026-09-03,BBLG,REJECTED,,FE-SCREEN-01/M3,
2026-09-03,BCTX,WATCH,RETEST_PENDING,,FULL
2026-09-03,BDRX,FOCUS,BROKEN_NEW_BASE,,FULL
2026-09-03,BEAT,WATCH,SWEEP_ACTIVE,,FULL
2026-09-03,BENF,WATCH,SWEEP_ACTIVE,,FULL
2026-09-03,BFRG,WATCH,SWEEP_ACTIVE,,FULL
2026-09-03,BGDE,WATCH,RETEST_PENDING,,FULL
2026-09-03,BGLC,WATCH,RETEST_PENDING,,FULL
2026-09-03,BIOX,WATCH,RETEST_PENDING,,FULL
2026-09-03,BIYA,WATCH,RETEST_IN_PROGRESS,,FULL
2026-09-03,BLNK,READY,RETEST_HELD,,FULL
2026-09-03,BMGL,WATCH,RETEST_PENDING,,FULL
2026-09-03,BNAI,READY,RETEST_HELD,,FULL
2026-09-03,BNC,WATCH,RETEST_PENDING,,FULL
2026-09-03,BNKK,WATCH,RETEST_PENDING,,FULL
2026-09-03,BOXL,WATCH,RETEST_PENDING,,FULL
2026-09-03,BRAI,WATCH,RETEST_IN_PROGRESS,,FULL
2026-09-03,BTQ,READY,PRESS_RECLAIM,,FULL
2026-09-03,BYRN,REJECTED,,FE-SCREEN-01/M3,
2026-09-03,CCHH,READY,RETEST_HELD,,FULL
2026-09-03,CD,WATCH,RETEST_PENDING,,FULL
2026-09-03,CDIO,WATCH,RETEST_PENDING,,FULL
2026-09-03,CELZ,WATCH,RETEST_PENDING,,FULL
2026-09-03,CETX,READY,RETEST_HELD,,FULL
2026-09-03,CETY,FOCUS,BASE_FORMING,,FULL
2026-09-03,CGTL,WATCH,RETEST_PENDING,,FULL
2026-09-03,CHGA,FOCUS,BROKEN_NEW_BASE,,FULL
2026-09-03,CHR,WATCH,RETEST_PENDING,,FULL
2026-09-03,CHSN,READY,RETEST_HELD,,FULL
2026-09-03,CIRC,WATCH,RETEST_PENDING,,FULL
2026-09-03,CMCT,WATCH,RETEST_PENDING,,FULL
2026-09-03,CMND,WATCH,RETEST_PENDING,,FULL
2026-09-03,CNCK,WATCH,RETEST_PENDING,,FULL
2026-09-03,CNSY,FOCUS,BROKEN_NEW_BASE,,FULL
2026-09-03,CODX,WATCH,RETEST_PENDING,,FULL
2026-09-03,COOT,WATCH,RETEST_PENDING,,FULL
2026-09-03,CPSH,READY,RETEST_HELD,,FULL
2026-09-03,CRML,WATCH,RETEST_PENDING,,FULL
2026-09-03,CRVO,READY,RETEST_HELD,,FULL
2026-09-03,CTNT,FOCUS,BROKEN_NEW_BASE,,FULL
2026-09-03,CTXR,WATCH,RETEST_PENDING,,FULL
2026-09-03,CUPR,WATCH,RETEST_IN_PROGRESS,,FULL
2026-09-03,CVKD,REJECTED,,FE-SCREEN-01/M3,
2026-09-03,CVRX,WATCH,RETEST_PENDING,,FULL
2026-09-03,CWD,WATCH,RETEST_PENDING,,FULL
2026-09-03,CYN,WATCH,SWEEP_ACTIVE,,FULL
2026-09-03,DFLI,WATCH,SWEEP_ACTIVE,,FULL
2026-09-03,DGNX,WATCH,RETEST_PENDING,,FULL
2026-09-03,DKI,FOCUS,BROKEN_NEW_BASE,,FULL
2026-09-03,DLXY,WATCH,RETEST_PENDING,,FULL
2026-09-03,DOGZ,WATCH,RETEST_PENDING,,FULL
2026-09-03,DOMO,WATCH,RETEST_PENDING,,FULL
2026-09-03,DRCT,NO_BARS,,,
2026-09-03,DRMA,REJECTED,,FE-SCREEN-01/M3,
2026-09-03,DTSS,READY,RETEST_HELD,,FULL
2026-09-03,EDBL,READY,BASE_HELD,,FULL
2026-09-03,EDSA,WATCH,RETEST_PENDING,,FULL
2026-09-03,EFOI,READY,BASE_HELD,,FULL
2026-09-03,EH,REJECTED,,FE-SCREEN-01/M3,
2026-09-03,EHTH,REJECTED,,FE-SCREEN-01/M3,
2026-09-03,ELAB,FOCUS,BROKEN_NEW_BASE,,FULL
2026-09-03,ELPW,REJECTED,,FE-SCREEN-01/M2_CEIL,
2026-09-03,ELTX,FOCUS,BROKEN_NEW_BASE,,FULL
2026-09-03,ENGN,WATCH,RETEST_PENDING,,FULL
2026-09-03,ENGS,READY,RETEST_HELD,,FULL
2026-09-03,ENLV,FOCUS,BROKEN_NEW_BASE,,FULL
2026-09-03,ENSC,WATCH,RETEST_PENDING,,FULL
2026-09-03,ENVB,WATCH,RETEST_PENDING,,FULL
2026-09-03,ENVX,READY,RETEST_HELD,,FULL
2026-09-03,EOSE,READY,PRESS_RECLAIM,,FULL
2026-09-03,EPSM,WATCH,RETEST_PENDING,,FULL
2026-09-03,ERNA,WATCH,RETEST_PENDING,,FULL
2026-09-03,ESLA,FOCUS,BROKEN_NEW_BASE,,FULL
2026-09-03,EUDA,WATCH,RETEST_PENDING,,FULL
2026-09-03,EVAX,READY,RETEST_HELD,,FULL
2026-09-03,EVGO,REJECTED,,FE-SCREEN-01/M3,
2026-09-03,EZGO,REJECTED,,FE-SCREEN-01/M3,
2026-09-03,FABC,READY,RETEST_HELD,,FULL
2026-09-03,FAC,WATCH,RETEST_PENDING,,FULL
2026-09-03,FBYD,FOCUS,BROKEN_NEW_BASE,,FULL
2026-09-03,FEAM,READY,RETEST_HELD,,FULL
2026-09-03,FEED,NO_BARS,,,
2026-09-03,FEMY,WATCH,RETEST_PENDING,,FULL
2026-09-03,FGNX,WATCH,RETEST_PENDING,,FULL
2026-09-03,FLNA,READY,PRESS_RECLAIM,,FULL
2026-09-03,FLUX,WATCH,RETEST_IN_PROGRESS,,FULL
2026-09-03,FLYE,FOCUS,BROKEN_NEW_BASE,,FULL
2026-09-03,FMST,WATCH,SWEEP_ACTIVE,,FULL
2026-09-03,FNUC,WATCH,RETEST_IN_PROGRESS,,FULL
2026-09-03,FOFO,WATCH,RETEST_PENDING,,FULL
2026-09-03,FRMM,READY,RETEST_HELD,,FULL
2026-09-03,FTCI,REJECTED,,FE-SCREEN-01/M3,
2026-09-03,FTHM,FOCUS,BROKEN_NEW_BASE,,FULL
2026-09-03,FULC,WATCH,RETEST_PENDING,,FULL
2026-09-03,FUSE,FOCUS,BROKEN_NEW_BASE,,FULL
2026-09-03,FWDI,FOCUS,BASE_FORMING,,FULL
2026-09-03,FXHO,WATCH,RETEST_PENDING,,FULL
2026-09-03,GCL,WATCH,RETEST_PENDING,,FULL
2026-09-03,GDEV,WATCH,RETEST_PENDING,,FULL
2026-09-03,GDHG,WATCH,RETEST_PENDING,,FULL
2026-09-03,GDTC,WATCH,RETEST_PENDING,,FULL
2026-09-03,GLE,WATCH,RETEST_PENDING,,FULL
2026-09-03,GLXG,WATCH,RETEST_PENDING,,FULL
2026-09-03,GMM,WATCH,RETEST_PENDING,,FULL
2026-09-03,GNLN,WATCH,RETEST_PENDING,,FULL
2026-09-03,GNPX,WATCH,SWEEP_ACTIVE,,FULL
2026-09-03,GNTA,WATCH,SWEEP_ACTIVE,,FULL
2026-09-03,GOGO,READY,PRESS_RECLAIM,,FULL
2026-09-03,GOVX,WATCH,SWEEP_ACTIVE,,FULL
2026-09-03,GP,REJECTED,,FE-SCREEN-01/M3,
2026-09-03,GRI,REJECTED,,FE-SCREEN-01/M3,
2026-09-03,GWAV,FOCUS,BASE_FORMING,,FULL
2026-09-03,HAO,REJECTED,,FE-SCREEN-01/M3,
2026-09-03,HCAI,WATCH,RETEST_PENDING,,FULL
2026-09-03,HIT,READY,RETEST_HELD,,FULL
2026-09-03,HOLO,WATCH,RETEST_PENDING,,FULL
2026-09-03,HOUR,READY,RETEST_HELD,,FULL
2026-09-03,HPAI,REJECTED,,FE-SCREEN-01/M3,
2026-09-03,HTCO,WATCH,RETEST_PENDING,,FULL
2026-09-03,HTZ,WATCH,RETEST_PENDING,,FULL
2026-09-03,HUMA,READY,RETEST_HELD,,FULL
2026-09-03,HXHX,WATCH,RETEST_PENDING,,FULL
2026-09-03,HYPD,WATCH,RETEST_PENDING,,FULL
2026-09-03,IBG,WATCH,RETEST_PENDING,,FULL
2026-09-03,ICON,WATCH,RETEST_PENDING,,FULL
2026-09-03,ICU,WATCH,SWEEP_ACTIVE,,FULL
2026-09-03,ILLR,NO_BARS,,,
2026-09-03,IMNN,READY,RETEST_HELD,,FULL
2026-09-03,IMSR,WATCH,RETEST_PENDING,,FULL
2026-09-03,INDP,WATCH,RETEST_PENDING,,FULL
2026-09-03,INLF,WATCH,RETEST_PENDING,,FULL
2026-09-03,INSG,READY,RETEST_HELD,,FULL
2026-09-03,INTJ,WATCH,RETEST_PENDING,,FULL
2026-09-03,INTS,WATCH,RETEST_IN_PROGRESS,,FULL
2026-09-03,IPW,FOCUS,BROKEN_NEW_BASE,,FULL
2026-09-03,ISPC,READY,RETEST_HELD,,FULL
2026-09-03,IXHL,WATCH,RETEST_PENDING,,FULL
2026-09-03,JAGX,READY,PRESS_RECLAIM,,FULL
2026-09-03,JBDI,WATCH,RETEST_PENDING,,FULL
2026-09-03,JDZG,WATCH,RETEST_PENDING,,FULL
2026-09-03,JFB,NO_BARS,,,
2026-09-03,JFIN,FOCUS,BROKEN_NEW_BASE,,FULL
2026-09-03,JLHL,WATCH,RETEST_PENDING,,FULL
2026-09-03,JSPR,WATCH,RETEST_PENDING,,FULL
2026-09-03,JTAI,WATCH,SWEEP_ACTIVE,,FULL
2026-09-03,JYD,WATCH,RETEST_PENDING,,FULL
2026-09-03,JZXN,READY,PRESS_RECLAIM,,FULL
2026-09-03,KALA,FOCUS,BROKEN_NEW_BASE,,FULL
2026-09-03,KG,FOCUS,BROKEN_NEW_BASE,,FULL
2026-09-03,KIDZ,REJECTED,,FE-SCREEN-01/M2_CEIL,
2026-09-03,KITT,READY,PRESS_RECLAIM,,FULL
2026-09-03,KMRK,WATCH,RETEST_PENDING,,FULL
2026-09-03,KPLT,READY,PRESS_RECLAIM,,FULL
2026-09-03,KPTI,READY,PRESS_RECLAIM,,FULL
2026-09-03,KRRO,WATCH,RETEST_PENDING,,FULL
2026-09-03,KSCP,READY,PRESS_RECLAIM,,FULL
2026-09-03,KTTA,WATCH,RETEST_PENDING,,FULL
2026-09-03,KUST,REJECTED,,FE-SCREEN-01/M3,
2026-09-03,LAES,WATCH,RETEST_PENDING,,FULL
2026-09-03,LASE,WATCH,RETEST_PENDING,,FULL
2026-09-03,LESL,NO_BARS,,,
2026-09-03,LFS,WATCH,RETEST_PENDING,,FULL
2026-09-03,LHAI,WATCH,RETEST_PENDING,,FULL
2026-09-03,LHSW,WATCH,RETEST_PENDING,,FULL
2026-09-03,LICN,WATCH,RETEST_PENDING,,FULL
2026-09-03,LNAI,WATCH,RETEST_PENDING,,FULL
2026-09-03,LNZA,WATCH,RETEST_PENDING,,FULL
2026-09-03,LOOP,FOCUS,BROKEN_NEW_BASE,,FULL
2026-09-03,LPSN,NO_BARS,,,
2026-09-03,LTBR,READY,RETEST_HELD,,FULL
2026-09-03,LWLG,WATCH,SWEEP_ACTIVE,,FULL
2026-09-03,LXEH,WATCH,RETEST_PENDING,,FULL
2026-09-03,LZMH,WATCH,RETEST_PENDING,,FULL
2026-09-03,MASK,READY,PRESS_RECLAIM,,FULL
2026-09-03,MBRX,WATCH,RETEST_PENDING,,FULL
2026-09-03,MCRB,WATCH,RETEST_PENDING,,FULL
2026-09-03,MEDS,FOCUS,BROKEN_NEW_BASE,,FULL
2026-09-03,METC,WATCH,RETEST_PENDING,,FULL
2026-09-03,MKZR,WATCH,RETEST_PENDING,,FULL
2026-09-03,MNDR,READY,RETEST_HELD,,FULL
2026-09-03,MNTS,READY,RETEST_HELD,,FULL
2026-09-03,MRLN,FOCUS,BROKEN_NEW_BASE,,FULL
2026-09-03,MRM,WATCH,RETEST_PENDING,,FULL
2026-09-03,MSAI,WATCH,RETEST_IN_PROGRESS,,FULL
2026-09-03,MSGY,READY,PRESS_RECLAIM,,FULL
2026-09-03,MTEK,REJECTED,,FE-SCREEN-01/M3,
2026-09-03,MVST,WATCH,SWEEP_ACTIVE,,FULL
2026-09-03,NAKA,WATCH,RETEST_PENDING,,FULL
2026-09-03,NAMM,READY,RETEST_HELD,,FULL
2026-09-03,NBP,WATCH,RETEST_PENDING,,FULL
2026-09-03,NCI,WATCH,RETEST_PENDING,,FULL
2026-09-03,NCNA,WATCH,RETEST_IN_PROGRESS,,FULL
2026-09-03,NCRA,WATCH,RETEST_PENDING,,FULL
2026-09-03,NCT,FOCUS,BASE_FORMING,,FULL
2026-09-03,NEGG,WATCH,RETEST_PENDING,,FULL
2026-09-03,NEON,WATCH,RETEST_PENDING,,FULL
2026-09-03,NEUP,WATCH,RETEST_PENDING,,FULL
2026-09-03,NEXR,FOCUS,BROKEN_NEW_BASE,,FULL
2026-09-03,NIKI,READY,RETEST_HELD,,FULL
2026-09-03,NPT,WATCH,RETEST_PENDING,,FULL
2026-09-03,NRSN,WATCH,RETEST_PENDING,,FULL
2026-09-03,NTCL,FOCUS,BROKEN_NEW_BASE,,FULL
2026-09-03,NTRP,WATCH,RETEST_PENDING,,FULL
2026-09-03,NUWE,FOCUS,BROKEN_NEW_BASE,,FULL
2026-09-03,NVNI,NO_BARS,,,
2026-09-03,NXTS,WATCH,RETEST_PENDING,,FULL
2026-09-03,ODD,WATCH,RETEST_PENDING,,FULL
2026-09-03,OIO,WATCH,RETEST_IN_PROGRESS,,FULL
2026-09-03,OM,WATCH,SWEEP_ACTIVE,,FULL
2026-09-03,OMEX,WATCH,RETEST_PENDING,,FULL
2026-09-03,ONCO,REJECTED,,FE-SCREEN-01/M3,
2026-09-03,ORBS,WATCH,RETEST_PENDING,,FULL
2026-09-03,ORGO,READY,RETEST_HELD,,FULL
2026-09-03,OTLK,READY,RETEST_HELD,,FULL
2026-09-03,PARA,FOCUS,BROKEN_NEW_BASE,,FULL
2026-09-03,PBK,WATCH,SWEEP_ACTIVE,,FULL
2026-09-03,PBM,WATCH,RETEST_PENDING,,FULL
2026-09-03,PCSA,WATCH,RETEST_PENDING,,FULL
2026-09-03,PHIO,WATCH,RETEST_PENDING,,FULL
2026-09-03,PHOE,WATCH,RETEST_PENDING,,FULL
2026-09-03,PLCE,WATCH,RETEST_PENDING,,FULL
2026-09-03,PLSM,WATCH,SWEEP_ACTIVE,,FULL
2026-09-03,PLUR,WATCH,SWEEP_ACTIVE,,FULL
2026-09-03,PMAX,FOCUS,BROKEN_NEW_BASE,,FULL
2026-09-03,PN,WATCH,SWEEP_ACTIVE,,FULL
2026-09-03,POLA,READY,PRESS_RECLAIM,,FULL
2026-09-03,POM,WATCH,RETEST_PENDING,,FULL
2026-09-03,PRFX,READY,RETEST_HELD,,FULL
2026-09-03,PRSO,WATCH,SWEEP_ACTIVE,,FULL
2026-09-03,PTLE,WATCH,RETEST_PENDING,,FULL
2026-09-03,PWCM,READY,PRESS_RECLAIM,,FULL
2026-09-03,QCLS,FOCUS,BROKEN_NEW_BASE,,FULL
2026-09-03,QNCX,WATCH,RETEST_PENDING,,FULL
2026-09-03,QNRX,WATCH,RETEST_PENDING,,FULL
2026-09-03,QSI,READY,RETEST_HELD,,FULL
2026-09-03,QTEX,READY,PRESS_RECLAIM,,FULL
2026-09-03,RAIN,READY,PRESS_RECLAIM,,FULL
2026-09-03,RAYA,WATCH,RETEST_IN_PROGRESS,,FULL
2026-09-03,RBNE,WATCH,RETEST_PENDING,,FULL
2026-09-03,RDGT,WATCH,RETEST_PENDING,,FULL
2026-09-03,REKR,FOCUS,BROKEN_NEW_BASE,,FULL
2026-09-03,RENX,WATCH,RETEST_PENDING,,FULL
2026-09-03,RETO,WATCH,RETEST_PENDING,,FULL
2026-09-03,REVB,REJECTED,,FE-SCREEN-01/M3,
2026-09-03,RGC,WATCH,RETEST_PENDING,,FULL
2026-09-03,RGTI,WATCH,RETEST_IN_PROGRESS,,FULL
2026-09-03,RKDA,REJECTED,,FE-SCREEN-01/M3,
2026-09-03,RKTO,READY,BASE_HELD,,FULL
2026-09-03,RNAZ,FOCUS,BASE_FORMING,,FULL
2026-09-03,RR,WATCH,RETEST_PENDING,,FULL
2026-09-03,RVSN,WATCH,RETEST_PENDING,,FULL
2026-09-03,RZLV,WATCH,RETEST_IN_PROGRESS,,FULL
2026-09-03,SAGT,WATCH,RETEST_IN_PROGRESS,,FULL
2026-09-03,SBFM,WATCH,RETEST_PENDING,,FULL
2026-09-03,SCNI,REJECTED,,FE-SCREEN-01/M3,
2026-09-03,SDA,WATCH,RETEST_PENDING,,FULL
2026-09-03,SERV,READY,RETEST_HELD,,FULL
2026-09-03,SHPH,WATCH,RETEST_PENDING,,FULL
2026-09-03,SINT,READY,RETEST_HELD,,FULL
2026-09-03,SKIN,WATCH,RETEST_PENDING,,FULL
2026-09-03,SKYA,WATCH,RETEST_PENDING,,FULL
2026-09-03,SKYQ,WATCH,RETEST_PENDING,,FULL
2026-09-03,SLDP,WATCH,RETEST_PENDING,,FULL
2026-09-03,SLGB,WATCH,SWEEP_ACTIVE,,FULL
2026-09-03,SLNH,READY,RETEST_HELD,,FULL
2026-09-03,SNAL,WATCH,RETEST_PENDING,,FULL
2026-09-03,SNES,FOCUS,BASE_FORMING,,FULL
2026-09-03,SNOA,WATCH,RETEST_PENDING,,FULL
2026-09-03,SNTG,READY,RETEST_HELD,,FULL
2026-09-03,SONM,WATCH,RETEST_PENDING,,FULL
2026-09-03,SOWG,WATCH,RETEST_PENDING,,FULL
2026-09-03,SPPL,WATCH,RETEST_PENDING,,FULL
2026-09-03,SPRB,WATCH,RETEST_PENDING,,FULL
2026-09-03,SPRC,WATCH,RETEST_PENDING,,FULL
2026-09-03,SQFT,WATCH,RETEST_IN_PROGRESS,,FULL
2026-09-03,STAK,WATCH,RETEST_IN_PROGRESS,,FULL
2026-09-03,STEX,READY,RETEST_HELD,,FULL
2026-09-03,STFS,WATCH,RETEST_PENDING,,FULL
2026-09-03,STI,WATCH,RETEST_PENDING,,FULL
2026-09-03,STKE,WATCH,RETEST_PENDING,,FULL
2026-09-03,SUNE,WATCH,RETEST_PENDING,,FULL
2026-09-03,SUPX,WATCH,RETEST_PENDING,,FULL
2026-09-03,SXTP,WATCH,SWEEP_ACTIVE,,FULL
2026-09-03,TAOP,WATCH,RETEST_PENDING,,FULL
2026-09-03,TDIC,READY,RETEST_HELD,,FULL
2026-09-03,TDTH,WATCH,RETEST_PENDING,,FULL
2026-09-03,TDUP,READY,PRESS_RECLAIM,,FULL
2026-09-03,TEAD,FOCUS,BROKEN_NEW_BASE,,FULL
2026-09-03,TGL,WATCH,RETEST_PENDING,,FULL
2026-09-03,THH,FOCUS,BROKEN_NEW_BASE,,FULL
2026-09-03,TLRY,WATCH,RETEST_PENDING,,FULL
2026-09-03,TNMG,WATCH,RETEST_PENDING,,FULL
2026-09-03,TONX,WATCH,RETEST_PENDING,,FULL
2026-09-03,TOYO,READY,PRESS_RECLAIM,,FULL
2026-09-03,TRAW,WATCH,RETEST_PENDING,,FULL
2026-09-03,TURB,WATCH,RETEST_IN_PROGRESS,,FULL
2026-09-03,TVGN,WATCH,RETEST_PENDING,,FULL
2026-09-03,TVRD,READY,RETEST_HELD,,FULL
2026-09-03,TYGO,WATCH,RETEST_PENDING,,FULL
2026-09-03,UCAR,WATCH,RETEST_PENDING,,FULL
2026-09-03,UFG,WATCH,RETEST_PENDING,,FULL
2026-09-03,UPC,WATCH,RETEST_PENDING,,FULL
2026-09-03,UPXI,WATCH,RETEST_PENDING,,FULL
2026-09-03,UXIN,REJECTED,,FE-SCREEN-01/M3,
2026-09-03,VAI,WATCH,RETEST_PENDING,,FULL
2026-09-03,VEEE,WATCH,RETEST_IN_PROGRESS,,FULL
2026-09-03,VERI,FOCUS,BROKEN_NEW_BASE,,FULL
2026-09-03,VRXA,FOCUS,BROKEN_NEW_BASE,,FULL
2026-09-03,VSA,WATCH,RETEST_PENDING,,FULL
2026-09-03,VSME,READY,RETEST_HELD,,FULL
2026-09-03,WBUY,WATCH,RETEST_PENDING,,FULL
2026-09-03,WIMI,REJECTED,,FE-SCREEN-01/M3,
2026-09-03,WKHS,WATCH,RETEST_PENDING,,FULL
2026-09-03,WKSP,WATCH,RETEST_PENDING,,FULL
2026-09-03,WLDS,WATCH,RETEST_PENDING,,FULL
2026-09-03,WSHP,WATCH,RETEST_PENDING,,FULL
2026-09-03,WVE,WATCH,SWEEP_ACTIVE,,FULL
2026-09-03,WXM,READY,PRESS_RECLAIM,,FULL
2026-09-03,XAIR,FOCUS,BROKEN_NEW_BASE,,FULL
2026-09-03,XBP,WATCH,RETEST_PENDING,,FULL
2026-09-03,XCH,FOCUS,BROKEN_NEW_BASE,,FULL
2026-09-03,XCUR,WATCH,RETEST_PENDING,,FULL
2026-09-03,XXII,FOCUS,BROKEN_NEW_BASE,,FULL
2026-09-03,YAAS,WATCH,SWEEP_ACTIVE,,FULL
2026-09-03,YDDL,READY,PRESS_RECLAIM,,FULL
2026-09-03,YDES,WATCH,RETEST_PENDING,,FULL
2026-09-03,YHC,WATCH,RETEST_PENDING,,FULL
2026-09-03,YMAT,WATCH,RETEST_PENDING,,FULL
2026-09-03,YOUL,WATCH,RETEST_PENDING,,FULL
2026-09-03,YSXT,WATCH,RETEST_PENDING,,FULL
2026-09-03,ZCMD,WATCH,RETEST_PENDING,,FULL
2026-09-03,ZENA,WATCH,RETEST_PENDING,,FULL
2026-09-03,ZJYL,WATCH,RETEST_PENDING,,FULL
2026-09-03,ZSQR,FOCUS,BROKEN_NEW_BASE,,FULL
2026-09-03,ZYBT,WATCH,RETEST_PENDING,,FULL
2026-09-04,ABAT,WATCH,RETEST_PENDING,,FULL
2026-09-04,ABTC,WATCH,RETEST_PENDING,,FULL
2026-09-04,ABTS,WATCH,RETEST_PENDING,,FULL
2026-09-04,ACON,WATCH,RETEST_PENDING,,FULL
2026-09-04,ACXP,READY,RETEST_HELD,,FULL
2026-09-04,ADGM,WATCH,RETEST_PENDING,,FULL
2026-09-04,AEMD,FOCUS,BROKEN_NEW_BASE,,FULL
2026-09-04,AFJK,READY,RETEST_HELD,,FULL
2026-09-04,AHMA,WATCH,RETEST_PENDING,,FULL
2026-09-04,AIFA,WATCH,RETEST_PENDING,,FULL
2026-09-04,AIFC,WATCH,RETEST_PENDING,,FULL
2026-09-04,AIIO,FOCUS,BROKEN_NEW_BASE,,FULL
2026-09-04,AIOS,WATCH,RETEST_PENDING,,FULL
2026-09-04,AIRS,READY,PRESS_RECLAIM,,FULL
2026-09-04,AKTX,WATCH,RETEST_PENDING,,FULL
2026-09-04,ALAR,FOCUS,BROKEN_NEW_BASE,,FULL
2026-09-04,AMBR,WATCH,RETEST_IN_PROGRESS,,FULL
2026-09-04,AMCI,FOCUS,BROKEN_NEW_BASE,,FULL
2026-09-04,ANPA,WATCH,RETEST_PENDING,,FULL
2026-09-04,ANY,WATCH,RETEST_PENDING,,FULL
2026-09-04,AQMS,WATCH,RETEST_PENDING,,FULL
2026-09-04,ARBE,READY,RETEST_HELD,,FULL
2026-09-04,ASPI,REJECTED,,FE-SCREEN-01/M3,
2026-09-04,ASTC,WATCH,RETEST_PENDING,,FULL
2026-09-04,ATGL,WATCH,SWEEP_ACTIVE,,FULL
2026-09-04,ATPC,READY,RETEST_HELD,,FULL
2026-09-04,ATXG,WATCH,RETEST_PENDING,,FULL
2026-09-04,AUID,REJECTED,,FE-SCREEN-01/M1,
2026-09-04,AURE,WATCH,RETEST_PENDING,,FULL
2026-09-04,AUUD,WATCH,RETEST_PENDING,,FULL
2026-09-04,AVXL,REJECTED,,FE-SCREEN-01/M3,
2026-09-04,AZI,WATCH,RETEST_PENDING,,FULL
2026-09-04,AZIO,READY,RETEST_HELD,,FULL
2026-09-04,BBLG,REJECTED,,FE-SCREEN-01/M3,
2026-09-04,BCTX,WATCH,RETEST_PENDING,,FULL
2026-09-04,BDRX,FOCUS,BROKEN_NEW_BASE,,FULL
2026-09-04,BEAT,WATCH,SWEEP_ACTIVE,,FULL
2026-09-04,BENF,READY,PRESS_RECLAIM,,FULL
2026-09-04,BFRG,WATCH,SWEEP_ACTIVE,,FULL
2026-09-04,BGDE,WATCH,RETEST_PENDING,,FULL
2026-09-04,BGLC,WATCH,RETEST_PENDING,,FULL
2026-09-04,BIOX,WATCH,RETEST_PENDING,,FULL
2026-09-04,BIYA,WATCH,RETEST_PENDING,,FULL
2026-09-04,BKYI,REJECTED,,FE-SCREEN-01/M3,
2026-09-04,BLNE,WATCH,RETEST_PENDING,,FULL
2026-09-04,BLNK,WATCH,RETEST_PENDING,,FULL
2026-09-04,BMGL,WATCH,RETEST_IN_PROGRESS,,FULL
2026-09-04,BNAI,READY,RETEST_HELD,,FULL
2026-09-04,BNC,WATCH,RETEST_PENDING,,FULL
2026-09-04,BNKK,WATCH,RETEST_PENDING,,FULL
2026-09-04,BOXL,WATCH,RETEST_PENDING,,FULL
2026-09-04,BRAI,WATCH,RETEST_IN_PROGRESS,,FULL
2026-09-04,BTQ,WATCH,SWEEP_ACTIVE,,FULL
2026-09-04,BYRN,REJECTED,,FE-SCREEN-01/M3,
2026-09-04,BYSI,READY,RETEST_HELD,,FULL
2026-09-04,BZAI,WATCH,RETEST_PENDING,,FULL
2026-09-04,CAPR,WATCH,RETEST_PENDING,,FULL
2026-09-04,CCHH,READY,RETEST_HELD,,FULL
2026-09-04,CD,WATCH,RETEST_PENDING,,FULL
2026-09-04,CDIO,WATCH,RETEST_PENDING,,FULL
2026-09-04,CELZ,WATCH,RETEST_PENDING,,FULL
2026-09-04,CETX,READY,RETEST_HELD,,FULL
2026-09-04,CETY,FOCUS,BASE_FORMING,,FULL
2026-09-04,CGTL,WATCH,RETEST_PENDING,,FULL
2026-09-04,CHR,WATCH,RETEST_PENDING,,FULL
2026-09-04,CHSN,READY,RETEST_HELD,,FULL
2026-09-04,CIRC,WATCH,RETEST_PENDING,,FULL
2026-09-04,CMCT,WATCH,RETEST_PENDING,,FULL
2026-09-04,CMND,WATCH,RETEST_PENDING,,FULL
2026-09-04,CMTL,WATCH,SWEEP_ACTIVE,,FULL
2026-09-04,CNCK,WATCH,RETEST_PENDING,,FULL
2026-09-04,CNEY,WATCH,RETEST_PENDING,,FULL
2026-09-04,CNSY,FOCUS,BROKEN_NEW_BASE,,FULL
2026-09-04,CODX,WATCH,RETEST_PENDING,,FULL
2026-09-04,COOT,WATCH,RETEST_PENDING,,FULL
2026-09-04,CPSH,READY,RETEST_HELD,,FULL
2026-09-04,CRIS,WATCH,SWEEP_ACTIVE,,FULL
2026-09-04,CRML,WATCH,RETEST_PENDING,,FULL
2026-09-04,CRVO,READY,RETEST_HELD,,FULL
2026-09-04,CTNT,FOCUS,BROKEN_NEW_BASE,,FULL
2026-09-04,CTXR,WATCH,RETEST_PENDING,,FULL
2026-09-04,CUPR,WATCH,RETEST_PENDING,,FULL
2026-09-04,CVKD,REJECTED,,FE-SCREEN-01/M3,
2026-09-04,CVRX,WATCH,RETEST_PENDING,,FULL
2026-09-04,CWD,WATCH,RETEST_PENDING,,FULL
2026-09-04,CYN,WATCH,SWEEP_ACTIVE,,FULL
2026-09-04,DFLI,WATCH,SWEEP_ACTIVE,,FULL
2026-09-04,DFSC,WATCH,RETEST_PENDING,,FULL
2026-09-04,DGNX,WATCH,RETEST_PENDING,,FULL
2026-09-04,DKI,FOCUS,BROKEN_NEW_BASE,,FULL
2026-09-04,DLXY,WATCH,RETEST_PENDING,,FULL
2026-09-04,DOGZ,WATCH,RETEST_PENDING,,FULL
2026-09-04,DOMO,WATCH,RETEST_PENDING,,FULL
2026-09-04,DRCT,NO_BARS,,,
2026-09-04,DRMA,REJECTED,,FE-SCREEN-01/M3,
2026-09-04,DSY,WATCH,RETEST_PENDING,,FULL
2026-09-04,DTSS,WATCH,RETEST_PENDING,,FULL
2026-09-04,DUO,READY,RETEST_HELD,,FULL
2026-09-04,EDBL,READY,BASE_HELD,,FULL
2026-09-04,EDSA,WATCH,RETEST_PENDING,,FULL
2026-09-04,EH,REJECTED,,FE-SCREEN-01/M3,
2026-09-04,EHTH,REJECTED,,FE-SCREEN-01/M3,
2026-09-04,ELAB,FOCUS,BROKEN_NEW_BASE,,FULL
2026-09-04,ELPW,REJECTED,,FE-SCREEN-01/M2_CEIL,
2026-09-04,ELTX,FOCUS,BROKEN_NEW_BASE,,FULL
2026-09-04,EMAT,WATCH,RETEST_PENDING,,FULL
2026-09-04,ENGN,WATCH,RETEST_PENDING,,FULL
2026-09-04,ENGS,READY,RETEST_HELD,,FULL
2026-09-04,ENLV,FOCUS,BROKEN_NEW_BASE,,FULL
2026-09-04,ENSC,WATCH,RETEST_PENDING,,FULL
2026-09-04,ENVB,WATCH,RETEST_PENDING,,FULL
2026-09-04,ENVX,READY,RETEST_HELD,,FULL
2026-09-04,EOSE,READY,PRESS_RECLAIM,,FULL
2026-09-04,EPSM,WATCH,RETEST_PENDING,,FULL
2026-09-04,ERNA,WATCH,RETEST_PENDING,,FULL
2026-09-04,ESLA,FOCUS,BROKEN_NEW_BASE,,FULL
2026-09-04,EUDA,WATCH,RETEST_PENDING,,FULL
2026-09-04,EVAX,READY,RETEST_HELD,,FULL
2026-09-04,EVGO,REJECTED,,FE-SCREEN-01/M3,
2026-09-04,EZGO,REJECTED,,FE-SCREEN-01/M3,
2026-09-04,FABC,READY,RETEST_HELD,,FULL
2026-09-04,FAC,WATCH,RETEST_PENDING,,FULL
2026-09-04,FBYD,FOCUS,BROKEN_NEW_BASE,,FULL
2026-09-04,FEAM,READY,RETEST_HELD,,FULL
2026-09-04,FEED,NO_BARS,,,
2026-09-04,FEMY,WATCH,RETEST_PENDING,,FULL
2026-09-04,FLNA,READY,PRESS_RECLAIM,,FULL
2026-09-04,FLUX,WATCH,RETEST_PENDING,,FULL
2026-09-04,FLYE,FOCUS,BROKEN_NEW_BASE,,FULL
2026-09-04,FMST,WATCH,SWEEP_ACTIVE,,FULL
2026-09-04,FNUC,WATCH,RETEST_IN_PROGRESS,,FULL
2026-09-04,FOFO,WATCH,RETEST_PENDING,,FULL
2026-09-04,FRGT,FOCUS,BROKEN_NEW_BASE,,FULL
2026-09-04,FRMM,READY,RETEST_HELD,,FULL
2026-09-04,FTCI,REJECTED,,FE-SCREEN-01/M3,
2026-09-04,FTHM,FOCUS,BROKEN_NEW_BASE,,FULL
2026-09-04,FULC,WATCH,RETEST_PENDING,,FULL
2026-09-04,FUSE,FOCUS,BROKEN_NEW_BASE,,FULL
2026-09-04,FWDI,FOCUS,BASE_FORMING,,FULL
2026-09-04,FXHO,WATCH,RETEST_PENDING,,FULL
2026-09-04,GCL,WATCH,RETEST_PENDING,,FULL
2026-09-04,GDEV,WATCH,RETEST_IN_PROGRESS,,FULL
2026-09-04,GDHG,WATCH,RETEST_PENDING,,FULL
2026-09-04,GDTC,WATCH,RETEST_PENDING,,FULL
2026-09-04,GLE,WATCH,RETEST_PENDING,,FULL
2026-09-04,GLXG,WATCH,RETEST_PENDING,,FULL
2026-09-04,GMM,WATCH,RETEST_PENDING,,FULL
2026-09-04,GNLN,WATCH,RETEST_PENDING,,FULL
2026-09-04,GNPX,WATCH,SWEEP_ACTIVE,,FULL
2026-09-04,GNTA,FOCUS,BROKEN_NEW_BASE,,FULL
2026-09-04,GOGO,READY,PRESS_RECLAIM,,FULL
2026-09-04,GOVX,FOCUS,BROKEN_NEW_BASE,,FULL
2026-09-04,GP,REJECTED,,FE-SCREEN-01/M3,
2026-09-04,GRI,REJECTED,,FE-SCREEN-01/M3,
2026-09-04,GWAV,FOCUS,BASE_FORMING,,FULL
2026-09-04,HAO,REJECTED,,FE-SCREEN-01/M3,
2026-09-04,HCAI,WATCH,RETEST_PENDING,,FULL
2026-09-04,HCTI,READY,PRESS_RECLAIM,,FULL
2026-09-04,HIT,WATCH,RETEST_PENDING,,FULL
2026-09-04,HOLO,WATCH,RETEST_PENDING,,FULL
2026-09-04,HOUR,READY,RETEST_HELD,,FULL
2026-09-04,HPAI,REJECTED,,FE-SCREEN-01/M3,
2026-09-04,HTCO,WATCH,RETEST_PENDING,,FULL
2026-09-04,HTZ,WATCH,RETEST_PENDING,,FULL
2026-09-04,HUMA,READY,RETEST_HELD,,FULL
2026-09-04,HWH,NO_BARS,,,
2026-09-04,HXHX,WATCH,RETEST_PENDING,,FULL
2026-09-04,HYPD,WATCH,RETEST_PENDING,,FULL
2026-09-04,IBG,WATCH,RETEST_PENDING,,FULL
2026-09-04,ICON,WATCH,RETEST_PENDING,,FULL
2026-09-04,ICU,WATCH,SWEEP_ACTIVE,,FULL
2026-09-04,ILLR,NO_BARS,,,
2026-09-04,IMNN,READY,RETEST_HELD,,FULL
2026-09-04,IMSR,WATCH,RETEST_PENDING,,FULL
2026-09-04,INDP,WATCH,RETEST_PENDING,,FULL
2026-09-04,INLF,WATCH,RETEST_PENDING,,FULL
2026-09-04,INSG,READY,RETEST_HELD,,FULL
2026-09-04,INTJ,WATCH,RETEST_PENDING,,FULL
2026-09-04,INTS,WATCH,RETEST_IN_PROGRESS,,FULL
2026-09-04,INV,FOCUS,BROKEN_NEW_BASE,,FULL
2026-09-04,IPW,FOCUS,BROKEN_NEW_BASE,,FULL
2026-09-04,ISPC,READY,RETEST_HELD,,FULL
2026-09-04,IXHL,WATCH,RETEST_PENDING,,FULL
2026-09-04,JAGX,WATCH,SWEEP_ACTIVE,,FULL
2026-09-04,JBDI,WATCH,RETEST_PENDING,,FULL
2026-09-04,JDZG,WATCH,RETEST_IN_PROGRESS,,FULL
2026-09-04,JFIN,FOCUS,BROKEN_NEW_BASE,,FULL
2026-09-04,JLHL,WATCH,RETEST_PENDING,,FULL
2026-09-04,JSPR,WATCH,RETEST_PENDING,,FULL
2026-09-04,JTAI,WATCH,SWEEP_ACTIVE,,FULL
2026-09-04,JYD,WATCH,RETEST_PENDING,,FULL
2026-09-04,JZXN,READY,RETEST_HELD,,FULL
2026-09-04,KALA,FOCUS,BROKEN_NEW_BASE,,FULL
2026-09-04,KELYB,WATCH,RETEST_PENDING,,FULL
2026-09-04,KG,FOCUS,BROKEN_NEW_BASE,,FULL
2026-09-04,KIDZ,REJECTED,,FE-SCREEN-01/M2_CEIL,
2026-09-04,KITT,WATCH,SWEEP_ACTIVE,,FULL
2026-09-04,KMRK,WATCH,RETEST_PENDING,,FULL
2026-09-04,KPLT,READY,PRESS_RECLAIM,,FULL
2026-09-04,KPTI,READY,PRESS_RECLAIM,,FULL
2026-09-04,KRKR,WATCH,RETEST_PENDING,,FULL
2026-09-04,KRRO,WATCH,RETEST_PENDING,,FULL
2026-09-04,KSCP,READY,PRESS_RECLAIM,,FULL
2026-09-04,KTTA,WATCH,RETEST_PENDING,,FULL
2026-09-04,KUST,REJECTED,,FE-SCREEN-01/M3,
2026-09-04,LAES,WATCH,RETEST_PENDING,,FULL
2026-09-04,LASE,WATCH,RETEST_PENDING,,FULL
2026-09-04,LESL,NO_BARS,,,
2026-09-04,LFS,WATCH,RETEST_PENDING,,FULL
2026-09-04,LHAI,WATCH,RETEST_PENDING,,FULL
2026-09-04,LHSW,WATCH,RETEST_PENDING,,FULL
2026-09-04,LICN,WATCH,RETEST_PENDING,,FULL
2026-09-04,LIMN,FOCUS,BROKEN_NEW_BASE,,FULL
2026-09-04,LNAI,WATCH,RETEST_PENDING,,FULL
2026-09-04,LNZA,WATCH,RETEST_PENDING,,FULL
2026-09-04,LOOP,FOCUS,BROKEN_NEW_BASE,,FULL
2026-09-04,LPSN,NO_BARS,,,
2026-09-04,LTBR,READY,RETEST_HELD,,FULL
2026-09-04,LWLG,WATCH,SWEEP_ACTIVE,,FULL
2026-09-04,LX,REJECTED,,FE-SCREEN-01/M3,
2026-09-04,LXEH,WATCH,RETEST_PENDING,,FULL
2026-09-04,LZMH,WATCH,RETEST_PENDING,,FULL
2026-09-04,MASK,WATCH,SWEEP_ACTIVE,,FULL
2026-09-04,MBRX,WATCH,RETEST_PENDING,,FULL
2026-09-04,MCRB,WATCH,RETEST_PENDING,,FULL
2026-09-04,MEDS,FOCUS,BROKEN_NEW_BASE,,FULL
2026-09-04,METC,WATCH,RETEST_PENDING,,FULL
2026-09-04,MF,WATCH,RETEST_PENDING,,FULL
2026-09-04,MKZR,WATCH,RETEST_PENDING,,FULL
2026-09-04,MNDR,READY,RETEST_HELD,,FULL
2026-09-04,MNTS,READY,RETEST_HELD,,FULL
2026-09-04,MOBX,READY,PRESS_RECLAIM,,FULL
2026-09-04,MRLN,FOCUS,BROKEN_NEW_BASE,,FULL
2026-09-04,MRM,WATCH,RETEST_PENDING,,FULL
2026-09-04,MSAI,WATCH,RETEST_IN_PROGRESS,,FULL
2026-09-04,MSGY,READY,PRESS_RECLAIM,,FULL
2026-09-04,MTEK,REJECTED,,FE-SCREEN-01/M3,
2026-09-04,MVIS,REJECTED,,FE-SCREEN-01/M3,
2026-09-04,MVST,WATCH,SWEEP_ACTIVE,,FULL
2026-09-04,NAMI,WATCH,SWEEP_ACTIVE,,FULL
2026-09-04,NAMM,READY,RETEST_HELD,,FULL
2026-09-04,NBP,WATCH,RETEST_PENDING,,FULL
2026-09-04,NCI,WATCH,RETEST_PENDING,,FULL
2026-09-04,NCNA,WATCH,RETEST_PENDING,,FULL
2026-09-04,NCRA,WATCH,RETEST_PENDING,,FULL
2026-09-04,NEGG,WATCH,RETEST_PENDING,,FULL
2026-09-04,NEON,WATCH,RETEST_PENDING,,FULL
2026-09-04,NEUP,WATCH,RETEST_PENDING,,FULL
2026-09-04,NEXR,FOCUS,BROKEN_NEW_BASE,,FULL
2026-09-04,NIKI,READY,RETEST_HELD,,FULL
2026-09-04,NIVF,FOCUS,BROKEN_NEW_BASE,,FULL
2026-09-04,NNNN,READY,PRESS_RECLAIM,,FULL
2026-09-04,NPT,WATCH,RETEST_PENDING,,FULL
2026-09-04,NRSN,WATCH,RETEST_PENDING,,FULL
2026-09-04,NTCL,FOCUS,BROKEN_NEW_BASE,,FULL
2026-09-04,NTRP,WATCH,RETEST_PENDING,,FULL
2026-09-04,NUWE,FOCUS,BROKEN_NEW_BASE,,FULL
2026-09-04,NVNI,NO_BARS,,,
2026-09-04,NXTS,WATCH,RETEST_PENDING,,FULL
2026-09-04,ODD,WATCH,RETEST_PENDING,,FULL
2026-09-04,OIO,WATCH,RETEST_IN_PROGRESS,,FULL
2026-09-04,OMEX,WATCH,RETEST_PENDING,,FULL
2026-09-04,ONCO,REJECTED,,FE-SCREEN-01/M3,
2026-09-04,ORBS,WATCH,RETEST_PENDING,,FULL
2026-09-04,ORGO,READY,RETEST_HELD,,FULL
2026-09-04,OTLK,READY,RETEST_HELD,,FULL
2026-09-04,PARA,FOCUS,BROKEN_NEW_BASE,,FULL
2026-09-04,PBK,REJECTED,,FE-SCREEN-01/M1,
2026-09-04,PBM,WATCH,RETEST_PENDING,,FULL
2026-09-04,PCSA,WATCH,RETEST_PENDING,,FULL
2026-09-04,PHIO,WATCH,RETEST_PENDING,,FULL
2026-09-04,PHOE,WATCH,RETEST_PENDING,,FULL
2026-09-04,PLSM,WATCH,SWEEP_ACTIVE,,FULL
2026-09-04,PLUR,FOCUS,BROKEN_NEW_BASE,,FULL
2026-09-04,PMAX,FOCUS,BROKEN_NEW_BASE,,FULL
2026-09-04,PN,WATCH,SWEEP_ACTIVE,,FULL
2026-09-04,POLA,READY,PRESS_RECLAIM,,FULL
2026-09-04,POM,WATCH,RETEST_PENDING,,FULL
2026-09-04,PRSO,FOCUS,BROKEN_NEW_BASE,,FULL
2026-09-04,PSNY,FOCUS,BROKEN_NEW_BASE,,FULL
2026-09-04,PTLE,WATCH,RETEST_PENDING,,FULL
2026-09-04,PULM,REJECTED,,FE-SCREEN-01/M3,
2026-09-04,PWCM,WATCH,RETEST_PENDING,,FULL
2026-09-04,QCLS,FOCUS,BROKEN_NEW_BASE,,FULL
2026-09-04,QNCX,WATCH,RETEST_PENDING,,FULL
2026-09-04,QNTM,WATCH,RETEST_IN_PROGRESS,,FULL
2026-09-04,QSI,READY,RETEST_HELD,,FULL
2026-09-04,QTEX,READY,PRESS_RECLAIM,,FULL
2026-09-04,RAIN,READY,PRESS_RECLAIM,,FULL
2026-09-04,RAYA,READY,RETEST_HELD,,FULL
2026-09-04,RBNE,WATCH,RETEST_PENDING,,FULL
2026-09-04,RDGT,WATCH,RETEST_PENDING,,FULL
2026-09-04,REKR,FOCUS,BROKEN_NEW_BASE,,FULL
2026-09-04,RENX,WATCH,RETEST_PENDING,,FULL
2026-09-04,RETO,WATCH,RETEST_PENDING,,FULL
2026-09-04,REVB,REJECTED,,FE-SCREEN-01/M3,
2026-09-04,RGC,WATCH,RETEST_PENDING,,FULL
2026-09-04,RGTI,WATCH,RETEST_PENDING,,FULL
2026-09-04,RKDA,REJECTED,,FE-SCREEN-01/M3,
2026-09-04,RKTO,READY,BASE_HELD,,FULL
2026-09-04,RNAZ,FOCUS,BASE_FORMING,,FULL
2026-09-04,RPID,WATCH,SWEEP_ACTIVE,,FULL
2026-09-04,RR,WATCH,RETEST_PENDING,,FULL
2026-09-04,RVSN,WATCH,RETEST_IN_PROGRESS,,FULL
2026-09-04,RZLV,WATCH,SWEEP_ACTIVE,,FULL
2026-09-04,SBFM,WATCH,RETEST_IN_PROGRESS,,FULL
2026-09-04,SCLX,WATCH,SWEEP_ACTIVE,,FULL
2026-09-04,SCNI,REJECTED,,FE-SCREEN-01/M3,
2026-09-04,SDA,WATCH,RETEST_PENDING,,FULL
2026-09-04,SERV,READY,RETEST_HELD,,FULL
2026-09-04,SHPH,WATCH,RETEST_PENDING,,FULL
2026-09-04,SILO,FOCUS,BROKEN_NEW_BASE,,FULL
2026-09-04,SINT,READY,RETEST_HELD,,FULL
2026-09-04,SKIN,WATCH,RETEST_PENDING,,FULL
2026-09-04,SKYA,WATCH,RETEST_PENDING,,FULL
2026-09-04,SLDP,WATCH,RETEST_PENDING,,FULL
2026-09-04,SLGB,WATCH,SWEEP_ACTIVE,,FULL
2026-09-04,SLNH,WATCH,RETEST_PENDING,,FULL
2026-09-04,SNES,FOCUS,BROKEN_NEW_BASE,,FULL
2026-09-04,SNOA,WATCH,RETEST_PENDING,,FULL
2026-09-04,SNTG,READY,RETEST_HELD,,FULL
2026-09-04,SOBR,NO_BARS,,,
2026-09-04,SONM,WATCH,RETEST_IN_PROGRESS,,FULL
2026-09-04,SOWG,WATCH,RETEST_PENDING,,FULL
2026-09-04,SPPL,WATCH,RETEST_IN_PROGRESS,,FULL
2026-09-04,SPRB,WATCH,RETEST_PENDING,,FULL
2026-09-04,SPRC,WATCH,RETEST_PENDING,,FULL
2026-09-04,SQFT,WATCH,RETEST_IN_PROGRESS,,FULL
2026-09-04,STAK,WATCH,RETEST_IN_PROGRESS,,FULL
2026-09-04,STEX,READY,RETEST_HELD,,FULL
2026-09-04,STFS,WATCH,RETEST_PENDING,,FULL
2026-09-04,STI,WATCH,RETEST_PENDING,,FULL
2026-09-04,STKE,WATCH,RETEST_PENDING,,FULL
2026-09-04,SUNE,WATCH,RETEST_PENDING,,FULL
2026-09-04,SUPX,WATCH,RETEST_PENDING,,FULL
2026-09-04,SXTP,WATCH,SWEEP_ACTIVE,,FULL
2026-09-04,TAOP,WATCH,RETEST_PENDING,,FULL
2026-09-04,TDIC,WATCH,SWEEP_ACTIVE,,FULL
2026-09-04,TDTH,WATCH,RETEST_PENDING,,FULL
2026-09-04,TDUP,READY,PRESS_RECLAIM,,FULL
2026-09-04,TGHL,WATCH,RETEST_PENDING,,FULL
2026-09-04,TGL,WATCH,RETEST_PENDING,,FULL
2026-09-04,THH,FOCUS,BROKEN_NEW_BASE,,FULL
2026-09-04,TLRY,WATCH,RETEST_PENDING,,FULL
2026-09-04,TNMG,WATCH,RETEST_PENDING,,FULL
2026-09-04,TOYO,READY,PRESS_RECLAIM,,FULL
2026-09-04,TRAW,WATCH,RETEST_PENDING,,FULL
2026-09-04,TRNR,WATCH,RETEST_PENDING,,FULL
2026-09-04,TURB,READY,RETEST_HELD,,FULL
2026-09-04,TVGN,WATCH,RETEST_PENDING,,FULL
2026-09-04,TVRD,READY,RETEST_HELD,,FULL
2026-09-04,TYGO,WATCH,RETEST_IN_PROGRESS,,FULL
2026-09-04,UCAR,WATCH,RETEST_PENDING,,FULL
2026-09-04,UFG,WATCH,RETEST_PENDING,,FULL
2026-09-04,UPC,WATCH,RETEST_PENDING,,FULL
2026-09-04,UPLD,REJECTED,,FE-SCREEN-01/M3,
2026-09-04,UPXI,WATCH,RETEST_PENDING,,FULL
2026-09-04,UXIN,REJECTED,,FE-SCREEN-01/M3,
2026-09-04,VEEE,READY,RETEST_HELD,,FULL
2026-09-04,VERI,FOCUS,BROKEN_NEW_BASE,,FULL
2026-09-04,VRXA,FOCUS,BROKEN_NEW_BASE,,FULL
2026-09-04,VSA,WATCH,RETEST_PENDING,,FULL
2026-09-04,VSME,READY,RETEST_HELD,,FULL
2026-09-04,WBUY,WATCH,RETEST_PENDING,,FULL
2026-09-04,WIMI,REJECTED,,FE-SCREEN-01/M3,
2026-09-04,WKHS,WATCH,RETEST_PENDING,,FULL
2026-09-04,WKSP,WATCH,RETEST_PENDING,,FULL
2026-09-04,WLDS,WATCH,RETEST_PENDING,,FULL
2026-09-04,WSHP,WATCH,RETEST_PENDING,,FULL
2026-09-04,WVE,WATCH,SWEEP_ACTIVE,,FULL
2026-09-04,WXM,READY,PRESS_RECLAIM,,FULL
2026-09-04,XAIR,FOCUS,BROKEN_NEW_BASE,,FULL
2026-09-04,XBP,WATCH,RETEST_PENDING,,FULL
2026-09-04,XCH,FOCUS,BROKEN_NEW_BASE,,FULL
2026-09-04,XCUR,WATCH,RETEST_PENDING,,FULL
2026-09-04,XXII,FOCUS,BROKEN_NEW_BASE,,FULL
2026-09-04,YAAS,WATCH,SWEEP_ACTIVE,,FULL
2026-09-04,YDDL,READY,PRESS_RECLAIM,,FULL
2026-09-04,YDES,WATCH,RETEST_PENDING,,FULL
2026-09-04,YHC,WATCH,RETEST_PENDING,,FULL
2026-09-04,YMAT,WATCH,RETEST_PENDING,,FULL
2026-09-04,YOUL,WATCH,RETEST_PENDING,,FULL
2026-09-04,YXT,FOCUS,BASE_FORMING,,FULL
2026-09-04,ZCMD,WATCH,RETEST_PENDING,,FULL
2026-09-04,ZDAI,WATCH,RETEST_PENDING,,FULL
2026-09-04,ZENA,WATCH,RETEST_PENDING,,FULL
2026-09-04,ZJYL,WATCH,RETEST_PENDING,,FULL
2026-09-04,ZSQR,FOCUS,BROKEN_NEW_BASE,,FULL
2026-09-04,ZYBT,WATCH,RETEST_PENDING,,FULL
2026-09-05,ABAT,WATCH,RETEST_PENDING,,FULL
2026-09-05,ABTC,WATCH,RETEST_PENDING,,FULL
2026-09-05,ABTS,WATCH,RETEST_PENDING,,FULL
2026-09-05,ABVC,WATCH,RETEST_PENDING,,FULL
2026-09-05,ACON,WATCH,RETEST_PENDING,,FULL
2026-09-05,ACXP,READY,RETEST_HELD,,FULL
2026-09-05,ADGM,REJECTED,,FE-SCREEN-01/SOFT,
2026-09-05,AEMD,FOCUS,BROKEN_NEW_BASE,,FULL
2026-09-05,AFJK,READY,RETEST_HELD,,FULL
2026-09-05,AHMA,WATCH,RETEST_PENDING,,FULL
2026-09-05,AIFA,WATCH,RETEST_PENDING,,FULL
2026-09-05,AIFC,WATCH,RETEST_PENDING,,FULL
2026-09-05,AIIO,FOCUS,BROKEN_NEW_BASE,,FULL
2026-09-05,AIRS,READY,PRESS_RECLAIM,,FULL
2026-09-05,AKAN,WATCH,SWEEP_ACTIVE,,FULL
2026-09-05,AKTX,WATCH,RETEST_PENDING,,FULL
2026-09-05,ALAR,FOCUS,BROKEN_NEW_BASE,,FULL
2026-09-05,AMBR,WATCH,RETEST_IN_PROGRESS,,FULL
2026-09-05,AMST,WATCH,RETEST_PENDING,,FULL
2026-09-05,ANPA,WATCH,RETEST_PENDING,,FULL
2026-09-05,ANY,WATCH,RETEST_PENDING,,FULL
2026-09-05,APVO,FOCUS,BROKEN_NEW_BASE,,FULL
2026-09-05,AQMS,WATCH,RETEST_PENDING,,FULL
2026-09-05,ARBE,READY,RETEST_HELD,,FULL
2026-09-05,ASPI,REJECTED,,FE-SCREEN-01/M2_FLOOR,
2026-09-05,ASTC,WATCH,RETEST_PENDING,,FULL
2026-09-05,ATGL,WATCH,SWEEP_ACTIVE,,FULL
2026-09-05,ATPC,READY,RETEST_HELD,,FULL
2026-09-05,ATXG,WATCH,RETEST_PENDING,,FULL
2026-09-05,AUID,WATCH,RETEST_PENDING,,FULL
2026-09-05,AURE,WATCH,RETEST_PENDING,,FULL
2026-09-05,AUUD,WATCH,RETEST_PENDING,,FULL
2026-09-05,AVXL,REJECTED,,FE-SCREEN-01/M3,
2026-09-05,AZI,WATCH,RETEST_PENDING,,FULL
2026-09-05,AZIO,READY,RETEST_HELD,,FULL
2026-09-05,BBLG,REJECTED,,FE-SCREEN-01/M3,
2026-09-05,BCTX,WATCH,RETEST_PENDING,,FULL
2026-09-05,BDRX,FOCUS,BROKEN_NEW_BASE,,FULL
2026-09-05,BEAT,FOCUS,BROKEN_NEW_BASE,,FULL
2026-09-05,BENF,READY,PRESS_RECLAIM,,FULL
2026-09-05,BFRG,WATCH,SWEEP_ACTIVE,,FULL
2026-09-05,BGDE,WATCH,RETEST_PENDING,,FULL
2026-09-05,BGLC,WATCH,RETEST_PENDING,,FULL
2026-09-05,BIOX,WATCH,RETEST_PENDING,,FULL
2026-09-05,BIYA,WATCH,RETEST_PENDING,,FULL
2026-09-05,BKYI,REJECTED,,FE-SCREEN-01/M3,
2026-09-05,BLNE,WATCH,RETEST_PENDING,,FULL
2026-09-05,BLNK,WATCH,RETEST_PENDING,,FULL
2026-09-05,BMGL,WATCH,RETEST_IN_PROGRESS,,FULL
2026-09-05,BNAI,READY,RETEST_HELD,,FULL
2026-09-05,BNC,WATCH,RETEST_PENDING,,FULL
2026-09-05,BNKK,WATCH,RETEST_PENDING,,FULL
2026-09-05,BOXL,WATCH,RETEST_PENDING,,FULL
2026-09-05,BRAI,READY,RETEST_HELD,,FULL
2026-09-05,BTQ,WATCH,SWEEP_ACTIVE,,FULL
2026-09-05,BYRN,REJECTED,,FE-SCREEN-01/M3,
2026-09-05,BYSI,READY,RETEST_HELD,,FULL
2026-09-05,BZAI,WATCH,RETEST_IN_PROGRESS,,FULL
2026-09-05,CAPR,WATCH,RETEST_PENDING,,FULL
2026-09-05,CCHH,READY,RETEST_HELD,,FULL
2026-09-05,CD,WATCH,RETEST_PENDING,,FULL
2026-09-05,CDIO,WATCH,RETEST_PENDING,,FULL
2026-09-05,CELZ,WATCH,RETEST_PENDING,,FULL
2026-09-05,CETX,READY,RETEST_HELD,,FULL
2026-09-05,CETY,FOCUS,BASE_FORMING,,FULL
2026-09-05,CGTL,WATCH,RETEST_PENDING,,FULL
2026-09-05,CHR,WATCH,RETEST_PENDING,,FULL
2026-09-05,CHSN,READY,RETEST_HELD,,FULL
2026-09-05,CIRC,WATCH,RETEST_PENDING,,FULL
2026-09-05,CMCT,WATCH,RETEST_PENDING,,FULL
2026-09-05,CMND,FOCUS,BROKEN_NEW_BASE,,FULL
2026-09-05,CMTL,WATCH,SWEEP_ACTIVE,,FULL
2026-09-05,CNCK,WATCH,RETEST_PENDING,,FULL
2026-09-05,CNEY,WATCH,RETEST_PENDING,,FULL
2026-09-05,CNSY,FOCUS,BROKEN_NEW_BASE,,FULL
2026-09-05,CODX,WATCH,RETEST_PENDING,,FULL
2026-09-05,COOT,WATCH,RETEST_PENDING,,FULL
2026-09-05,CPSH,READY,RETEST_HELD,,FULL
2026-09-05,CRIS,FOCUS,BROKEN_NEW_BASE,,FULL
2026-09-05,CRML,WATCH,RETEST_PENDING,,FULL
2026-09-05,CRVO,READY,RETEST_HELD,,FULL
2026-09-05,CTNT,FOCUS,BROKEN_NEW_BASE,,FULL
2026-09-05,CTXR,WATCH,RETEST_PENDING,,FULL
2026-09-05,CUPR,WATCH,RETEST_PENDING,,FULL
2026-09-05,CVKD,REJECTED,,FE-SCREEN-01/M3,
2026-09-05,CVRX,WATCH,RETEST_PENDING,,FULL
2026-09-05,CWD,WATCH,RETEST_PENDING,,FULL
2026-09-05,CYN,FOCUS,BROKEN_NEW_BASE,,FULL
2026-09-05,DFLI,READY,PRESS_RECLAIM,,FULL
2026-09-05,DFSC,WATCH,RETEST_PENDING,,FULL
2026-09-05,DGNX,WATCH,RETEST_PENDING,,FULL
2026-09-05,DKI,FOCUS,BROKEN_NEW_BASE,,FULL
2026-09-05,DLXY,WATCH,RETEST_PENDING,,FULL
2026-09-05,DOGZ,WATCH,RETEST_PENDING,,FULL
2026-09-05,DOMO,WATCH,RETEST_PENDING,,FULL
2026-09-05,DRCT,NO_BARS,,,
2026-09-05,DRMA,REJECTED,,FE-SCREEN-01/M3,
2026-09-05,DSY,WATCH,RETEST_PENDING,,FULL
2026-09-05,DTSS,WATCH,RETEST_IN_PROGRESS,,FULL
2026-09-05,DUO,READY,RETEST_HELD,,FULL
2026-09-05,EDBL,READY,BASE_HELD,,FULL
2026-09-05,EDSA,WATCH,RETEST_IN_PROGRESS,,FULL
2026-09-05,EH,REJECTED,,FE-SCREEN-01/M3,
2026-09-05,EHTH,REJECTED,,FE-SCREEN-01/M3,
2026-09-05,ELAB,FOCUS,BROKEN_NEW_BASE,,FULL
2026-09-05,ELPW,REJECTED,,FE-SCREEN-01/M2_CEIL,
2026-09-05,ELTX,FOCUS,BROKEN_NEW_BASE,,FULL
2026-09-05,EMAT,WATCH,RETEST_PENDING,,FULL
2026-09-05,ENGN,WATCH,RETEST_PENDING,,FULL
2026-09-05,ENGS,READY,RETEST_HELD,,FULL
2026-09-05,ENLV,FOCUS,BROKEN_NEW_BASE,,FULL
2026-09-05,ENSC,WATCH,RETEST_PENDING,,FULL
2026-09-05,ENVB,WATCH,RETEST_PENDING,,FULL
2026-09-05,ENVX,READY,RETEST_HELD,,FULL
2026-09-05,EOSE,READY,PRESS_RECLAIM,,FULL
2026-09-05,EPSM,WATCH,RETEST_PENDING,,FULL
2026-09-05,ERNA,WATCH,RETEST_PENDING,,FULL
2026-09-05,ESLA,FOCUS,BROKEN_NEW_BASE,,FULL
2026-09-05,EUDA,WATCH,RETEST_PENDING,,FULL
2026-09-05,EVAX,READY,RETEST_HELD,,FULL
2026-09-05,EVGO,REJECTED,,FE-SCREEN-01/M2_FLOOR,
2026-09-05,EZGO,REJECTED,,FE-SCREEN-01/M3,
2026-09-05,FABC,READY,RETEST_HELD,,FULL
2026-09-05,FAC,WATCH,RETEST_PENDING,,FULL
2026-09-05,FBYD,FOCUS,BROKEN_NEW_BASE,,FULL
2026-09-05,FEAM,READY,RETEST_HELD,,FULL
2026-09-05,FEED,NO_BARS,,,
2026-09-05,FEMY,WATCH,RETEST_PENDING,,FULL
2026-09-05,FLNA,WATCH,SWEEP_ACTIVE,,FULL
2026-09-05,FLUX,WATCH,RETEST_PENDING,,FULL
2026-09-05,FLYE,FOCUS,BROKEN_NEW_BASE,,FULL
2026-09-05,FMST,WATCH,SWEEP_ACTIVE,,FULL
2026-09-05,FNUC,READY,RETEST_HELD,,FULL
2026-09-05,FOFO,WATCH,RETEST_PENDING,,FULL
2026-09-05,FRGT,FOCUS,BROKEN_NEW_BASE,,FULL
2026-09-05,FRMM,READY,RETEST_HELD,,FULL
2026-09-05,FTCI,REJECTED,,FE-SCREEN-01/M3,
2026-09-05,FTHM,FOCUS,BROKEN_NEW_BASE,,FULL
2026-09-05,FULC,WATCH,RETEST_PENDING,,FULL
2026-09-05,FUSE,FOCUS,BROKEN_NEW_BASE,,FULL
2026-09-05,FWDI,FOCUS,BASE_FORMING,,FULL
2026-09-05,FXHO,WATCH,RETEST_PENDING,,FULL
2026-09-05,GCL,WATCH,RETEST_PENDING,,FULL
2026-09-05,GDEV,WATCH,RETEST_IN_PROGRESS,,FULL
2026-09-05,GDHG,WATCH,RETEST_PENDING,,FULL
2026-09-05,GDTC,WATCH,RETEST_PENDING,,FULL
2026-09-05,GLE,WATCH,RETEST_PENDING,,FULL
2026-09-05,GLXG,WATCH,RETEST_IN_PROGRESS,,FULL
2026-09-05,GMM,WATCH,RETEST_PENDING,,FULL
2026-09-05,GNLN,WATCH,RETEST_PENDING,,FULL
2026-09-05,GNPX,WATCH,SWEEP_ACTIVE,,FULL
2026-09-05,GNTA,FOCUS,BROKEN_NEW_BASE,,FULL
2026-09-05,GOGO,READY,PRESS_RECLAIM,,FULL
2026-09-05,GOVX,FOCUS,BROKEN_NEW_BASE,,FULL
2026-09-05,GP,REJECTED,,FE-SCREEN-01/M3,
2026-09-05,GRI,REJECTED,,FE-SCREEN-01/M3,
2026-09-05,GWAV,FOCUS,BASE_FORMING,,FULL
2026-09-05,HAO,REJECTED,,FE-SCREEN-01/M3,
2026-09-05,HCAI,WATCH,RETEST_IN_PROGRESS,,FULL
2026-09-05,HCTI,WATCH,SWEEP_ACTIVE,,FULL
2026-09-05,HIT,WATCH,RETEST_PENDING,,FULL
2026-09-05,HOLO,WATCH,RETEST_PENDING,,FULL
2026-09-05,HOUR,READY,RETEST_HELD,,FULL
2026-09-05,HPAI,REJECTED,,FE-SCREEN-01/M3,
2026-09-05,HTCO,WATCH,RETEST_PENDING,,FULL
2026-09-05,HTZ,WATCH,RETEST_PENDING,,FULL
2026-09-05,HUMA,READY,RETEST_HELD,,FULL
2026-09-05,HWH,NO_BARS,,,
2026-09-05,HXHX,WATCH,RETEST_PENDING,,FULL
2026-09-05,HYPD,WATCH,RETEST_PENDING,,FULL
2026-09-05,IBG,WATCH,RETEST_PENDING,,FULL
2026-09-05,ICON,WATCH,RETEST_IN_PROGRESS,,FULL
2026-09-05,ICU,READY,PRESS_RECLAIM,,FULL
2026-09-05,ILLR,NO_BARS,,,
2026-09-05,IMNN,READY,RETEST_HELD,,FULL
2026-09-05,IMSR,WATCH,RETEST_PENDING,,FULL
2026-09-05,INDP,WATCH,RETEST_PENDING,,FULL
2026-09-05,INLF,WATCH,RETEST_PENDING,,FULL
2026-09-05,INSG,READY,RETEST_HELD,,FULL
2026-09-05,INTJ,WATCH,RETEST_PENDING,,FULL
2026-09-05,INTS,WATCH,RETEST_PENDING,,FULL
2026-09-05,INV,FOCUS,BROKEN_NEW_BASE,,FULL
2026-09-05,IPW,FOCUS,BROKEN_NEW_BASE,,FULL
2026-09-05,ISPC,READY,RETEST_HELD,,FULL
2026-09-05,IXHL,WATCH,RETEST_PENDING,,FULL
2026-09-05,JAGX,FOCUS,BROKEN_NEW_BASE,,FULL
2026-09-05,JBDI,WATCH,RETEST_PENDING,,FULL
2026-09-05,JDZG,WATCH,RETEST_PENDING,,FULL
2026-09-05,JFIN,FOCUS,BROKEN_NEW_BASE,,FULL
2026-09-05,JLHL,WATCH,RETEST_PENDING,,FULL
2026-09-05,JSPR,WATCH,RETEST_PENDING,,FULL
2026-09-05,JTAI,WATCH,SWEEP_ACTIVE,,FULL
2026-09-05,JYD,WATCH,RETEST_PENDING,,FULL
2026-09-05,JZXN,READY,RETEST_HELD,,FULL
2026-09-05,KALA,REJECTED,,FE-SCREEN-01/M2_CEIL,
2026-09-05,KELYB,WATCH,RETEST_PENDING,,FULL
2026-09-05,KG,FOCUS,BROKEN_NEW_BASE,,FULL
2026-09-05,KIDZ,REJECTED,,FE-SCREEN-01/M2_CEIL,
2026-09-05,KITT,FOCUS,BROKEN_NEW_BASE,,FULL
2026-09-05,KMRK,WATCH,RETEST_PENDING,,FULL
2026-09-05,KPLT,REJECTED,,FE-SCREEN-01/M2_FLOOR,
2026-09-05,KPTI,READY,PRESS_RECLAIM,,FULL
2026-09-05,KRKR,WATCH,RETEST_PENDING,,FULL
2026-09-05,KRRO,WATCH,RETEST_PENDING,,FULL
2026-09-05,KSCP,READY,PRESS_RECLAIM,,FULL
2026-09-05,KTTA,WATCH,RETEST_PENDING,,FULL
2026-09-05,KUST,REJECTED,,FE-SCREEN-01/M3,
2026-09-05,LAES,READY,RETEST_HELD,,FULL
2026-09-05,LASE,WATCH,RETEST_PENDING,,FULL
2026-09-05,LESL,NO_BARS,,,
2026-09-05,LFS,WATCH,RETEST_PENDING,,FULL
2026-09-05,LHAI,WATCH,RETEST_PENDING,,FULL
2026-09-05,LHSW,WATCH,RETEST_PENDING,,FULL
2026-09-05,LICN,WATCH,RETEST_PENDING,,FULL
2026-09-05,LIMN,FOCUS,BROKEN_NEW_BASE,,FULL
2026-09-05,LNAI,WATCH,RETEST_PENDING,,FULL
2026-09-05,LNZA,WATCH,RETEST_PENDING,,FULL
2026-09-05,LOOP,FOCUS,BROKEN_NEW_BASE,,FULL
2026-09-05,LPSN,NO_BARS,,,
2026-09-05,LTBR,READY,RETEST_HELD,,FULL
2026-09-05,LWLG,REJECTED,,FE-SCREEN-01/M2_FLOOR,
2026-09-05,LX,REJECTED,,FE-SCREEN-01/M3,
2026-09-05,LXEH,WATCH,RETEST_PENDING,,FULL
2026-09-05,LZMH,WATCH,RETEST_PENDING,,FULL
2026-09-05,MASK,WATCH,SWEEP_ACTIVE,,FULL
2026-09-05,MBRX,WATCH,RETEST_PENDING,,FULL
2026-09-05,MCRB,WATCH,RETEST_PENDING,,FULL
2026-09-05,MEDS,FOCUS,BROKEN_NEW_BASE,,FULL
2026-09-05,METC,WATCH,RETEST_PENDING,,FULL
2026-09-05,MF,WATCH,RETEST_PENDING,,FULL
2026-09-05,MKZR,WATCH,RETEST_PENDING,,FULL
2026-09-05,MNDR,READY,RETEST_HELD,,FULL
2026-09-05,MNTS,READY,RETEST_HELD,,FULL
2026-09-05,MOBX,WATCH,SWEEP_ACTIVE,,FULL
2026-09-05,MRLN,FOCUS,BROKEN_NEW_BASE,,FULL
2026-09-05,MRM,WATCH,RETEST_PENDING,,FULL
2026-09-05,MSAI,READY,RETEST_HELD,,FULL
2026-09-05,MSGY,READY,PRESS_RECLAIM,,FULL
2026-09-05,MTEK,REJECTED,,FE-SCREEN-01/M3,
2026-09-05,MVIS,REJECTED,,FE-SCREEN-01/M3,
2026-09-05,MVST,WATCH,SWEEP_ACTIVE,,FULL
2026-09-05,NAMI,WATCH,SWEEP_ACTIVE,,FULL
2026-09-05,NAMM,READY,RETEST_HELD,,FULL
2026-09-05,NBP,WATCH,RETEST_PENDING,,FULL
2026-09-05,NCI,WATCH,RETEST_PENDING,,FULL
2026-09-05,NCNA,WATCH,RETEST_PENDING,,FULL
2026-09-05,NCRA,WATCH,RETEST_PENDING,,FULL
2026-09-05,NEGG,WATCH,RETEST_PENDING,,FULL
2026-09-05,NEON,WATCH,RETEST_PENDING,,FULL
2026-09-05,NEUP,WATCH,RETEST_PENDING,,FULL
2026-09-05,NEXR,FOCUS,BROKEN_NEW_BASE,,FULL
2026-09-05,NIKI,READY,RETEST_HELD,,FULL
2026-09-05,NIVF,FOCUS,BROKEN_NEW_BASE,,FULL
2026-09-05,NNNN,READY,PRESS_RECLAIM,,FULL
2026-09-05,NPT,WATCH,RETEST_PENDING,,FULL
2026-09-05,NRSN,WATCH,RETEST_PENDING,,FULL
2026-09-05,NTCL,FOCUS,BROKEN_NEW_BASE,,FULL
2026-09-05,NTRP,WATCH,RETEST_PENDING,,FULL
2026-09-05,NUWE,FOCUS,BROKEN_NEW_BASE,,FULL
2026-09-05,NVNI,NO_BARS,,,
2026-09-05,NXTS,WATCH,RETEST_PENDING,,FULL
2026-09-05,ODD,WATCH,RETEST_PENDING,,FULL
2026-09-05,OIO,WATCH,RETEST_PENDING,,FULL
2026-09-05,OMEX,WATCH,RETEST_PENDING,,FULL
2026-09-05,ONCO,REJECTED,,FE-SCREEN-01/M3,
2026-09-05,ORBS,WATCH,RETEST_PENDING,,FULL
2026-09-05,ORGO,READY,RETEST_HELD,,FULL
2026-09-05,OTLK,WATCH,RETEST_IN_PROGRESS,,FULL
2026-09-05,PARA,FOCUS,BROKEN_NEW_BASE,,FULL
2026-09-05,PBK,REJECTED,,FE-SCREEN-01/M1,
2026-09-05,PBM,WATCH,RETEST_PENDING,,FULL
2026-09-05,PCSA,WATCH,RETEST_PENDING,,FULL
2026-09-05,PHIO,WATCH,RETEST_PENDING,,FULL
2026-09-05,PHOE,WATCH,RETEST_PENDING,,FULL
2026-09-05,PLSM,FOCUS,BROKEN_NEW_BASE,,FULL
2026-09-05,PLUR,FOCUS,BROKEN_NEW_BASE,,FULL
2026-09-05,PMAX,FOCUS,BROKEN_NEW_BASE,,FULL
2026-09-05,PN,WATCH,SWEEP_ACTIVE,,FULL
2026-09-05,POLA,READY,PRESS_RECLAIM,,FULL
2026-09-05,POM,WATCH,RETEST_PENDING,,FULL
2026-09-05,PRSO,FOCUS,BROKEN_NEW_BASE,,FULL
2026-09-05,PSNY,REJECTED,,FE-SCREEN-01/M2_FLOOR,
2026-09-05,PTLE,WATCH,RETEST_PENDING,,FULL
2026-09-05,PULM,REJECTED,,FE-SCREEN-01/M3,
2026-09-05,PWCM,WATCH,RETEST_PENDING,,FULL
2026-09-05,QCLS,REJECTED,,FE-SCREEN-01/SCORE,
2026-09-05,QNCX,WATCH,RETEST_PENDING,,FULL
2026-09-05,QNTM,WATCH,RETEST_PENDING,,FULL
2026-09-05,QSI,READY,RETEST_HELD,,FULL
2026-09-05,QTEX,READY,PRESS_RECLAIM,,FULL
2026-09-05,RAIN,READY,PRESS_RECLAIM,,FULL
2026-09-05,RAYA,READY,RETEST_HELD,,FULL
2026-09-05,RBNE,WATCH,RETEST_PENDING,,FULL
2026-09-05,RDGT,WATCH,RETEST_PENDING,,FULL
2026-09-05,REKR,FOCUS,BROKEN_NEW_BASE,,FULL
2026-09-05,RENX,WATCH,RETEST_PENDING,,FULL
2026-09-05,RETO,WATCH,RETEST_PENDING,,FULL
2026-09-05,REVB,REJECTED,,FE-SCREEN-01/M3,
2026-09-05,RGC,WATCH,RETEST_PENDING,,FULL
2026-09-05,RGTI,WATCH,RETEST_PENDING,,FULL
2026-09-05,RKDA,REJECTED,,FE-SCREEN-01/M3,
2026-09-05,RKTO,REJECTED,,FE-SCREEN-01/M2_FLOOR,
2026-09-05,RNAZ,FOCUS,BASE_FORMING,,FULL
2026-09-05,RPID,REJECTED,,FE-SCREEN-01/SCORE,
2026-09-05,RR,WATCH,RETEST_PENDING,,FULL
2026-09-05,RVSN,WATCH,RETEST_IN_PROGRESS,,FULL
2026-09-05,RZLV,WATCH,SWEEP_ACTIVE,,FULL
2026-09-05,SBFM,WATCH,RETEST_IN_PROGRESS,,FULL
2026-09-05,SCLX,READY,PRESS_RECLAIM,,FULL
2026-09-05,SCNI,REJECTED,,FE-SCREEN-01/M3,
2026-09-05,SDA,WATCH,RETEST_PENDING,,FULL
2026-09-05,SERV,READY,RETEST_HELD,,FULL
2026-09-05,SHPH,WATCH,RETEST_PENDING,,FULL
2026-09-05,SILO,FOCUS,BROKEN_NEW_BASE,,FULL
2026-09-05,SINT,WATCH,RETEST_PENDING,,FULL
2026-09-05,SKIN,WATCH,RETEST_PENDING,,FULL
2026-09-05,SKYA,WATCH,RETEST_PENDING,,FULL
2026-09-05,SLDP,REJECTED,,FE-SCREEN-01/M2_FLOOR,
2026-09-05,SLGB,READY,PRESS_RECLAIM,,FULL
2026-09-05,SLNH,WATCH,RETEST_PENDING,,FULL
2026-09-05,SNES,FOCUS,BROKEN_NEW_BASE,,FULL
2026-09-05,SNOA,WATCH,RETEST_PENDING,,FULL
2026-09-05,SNTG,READY,RETEST_HELD,,FULL
2026-09-05,SOBR,NO_BARS,,,
2026-09-05,SONM,WATCH,RETEST_PENDING,,FULL
2026-09-05,SOWG,WATCH,RETEST_PENDING,,FULL
2026-09-05,SPPL,WATCH,RETEST_IN_PROGRESS,,FULL
2026-09-05,SPRB,WATCH,RETEST_PENDING,,FULL
2026-09-05,SPRC,WATCH,RETEST_PENDING,,FULL
2026-09-05,SQFT,FOCUS,BROKEN_NEW_BASE,,FULL
2026-09-05,STAK,READY,RETEST_HELD,,FULL
2026-09-05,STEX,READY,RETEST_HELD,,FULL
2026-09-05,STFS,WATCH,RETEST_PENDING,,FULL
2026-09-05,STI,WATCH,RETEST_PENDING,,FULL
2026-09-05,STKE,WATCH,RETEST_PENDING,,FULL
2026-09-05,SUNE,WATCH,RETEST_PENDING,,FULL
2026-09-05,SUPX,WATCH,RETEST_PENDING,,FULL
2026-09-05,SXTP,WATCH,SWEEP_ACTIVE,,FULL
2026-09-05,TAOP,WATCH,RETEST_PENDING,,FULL
2026-09-05,TDIC,FOCUS,BROKEN_NEW_BASE,,FULL
2026-09-05,TDTH,WATCH,RETEST_PENDING,,FULL
2026-09-05,TDUP,READY,PRESS_RECLAIM,,FULL
2026-09-05,TGHL,WATCH,RETEST_PENDING,,FULL
2026-09-05,TGL,WATCH,RETEST_PENDING,,FULL
2026-09-05,THH,FOCUS,BROKEN_NEW_BASE,,FULL
2026-09-05,TLRY,WATCH,RETEST_PENDING,,FULL
2026-09-05,TNMG,WATCH,RETEST_PENDING,,FULL
2026-09-05,TOYO,READY,PRESS_RECLAIM,,FULL
2026-09-05,TRAW,WATCH,RETEST_PENDING,,FULL
2026-09-05,TRNR,WATCH,RETEST_PENDING,,FULL
2026-09-05,TURB,WATCH,RETEST_PENDING,,FULL
2026-09-05,TVGN,WATCH,RETEST_PENDING,,FULL
2026-09-05,TVRD,READY,RETEST_HELD,,FULL
2026-09-05,TYGO,WATCH,RETEST_PENDING,,FULL
2026-09-05,UCAR,WATCH,RETEST_PENDING,,FULL
2026-09-05,UFG,WATCH,RETEST_PENDING,,FULL
2026-09-05,UPC,WATCH,RETEST_PENDING,,FULL
2026-09-05,UPLD,REJECTED,,FE-SCREEN-01/M3,
2026-09-05,UPXI,WATCH,RETEST_PENDING,,FULL
2026-09-05,UXIN,REJECTED,,FE-SCREEN-01/M3,
2026-09-05,VEEE,WATCH,RETEST_PENDING,,FULL
2026-09-05,VERI,FOCUS,BROKEN_NEW_BASE,,FULL
2026-09-05,VRXA,FOCUS,BROKEN_NEW_BASE,,FULL
2026-09-05,VSA,WATCH,RETEST_PENDING,,FULL
2026-09-05,VSME,READY,RETEST_HELD,,FULL
2026-09-05,WBUY,WATCH,RETEST_PENDING,,FULL
2026-09-05,WIMI,REJECTED,,FE-SCREEN-01/M3,
2026-09-05,WKHS,WATCH,RETEST_PENDING,,FULL
2026-09-05,WKSP,WATCH,RETEST_PENDING,,FULL
2026-09-05,WLDS,WATCH,RETEST_PENDING,,FULL
2026-09-05,WSHP,WATCH,RETEST_PENDING,,FULL
2026-09-05,WVE,WATCH,SWEEP_ACTIVE,,FULL
2026-09-05,WXM,READY,PRESS_RECLAIM,,FULL
2026-09-05,XAIR,FOCUS,BROKEN_NEW_BASE,,FULL
2026-09-05,XBP,WATCH,RETEST_PENDING,,FULL
2026-09-05,XCH,FOCUS,BROKEN_NEW_BASE,,FULL
2026-09-05,XCUR,WATCH,RETEST_PENDING,,FULL
2026-09-05,XXII,FOCUS,BROKEN_NEW_BASE,,FULL
2026-09-05,YAAS,FOCUS,BROKEN_NEW_BASE,,FULL
2026-09-05,YDDL,READY,RETEST_HELD,,FULL
2026-09-05,YDES,WATCH,RETEST_PENDING,,FULL
2026-09-05,YHC,WATCH,RETEST_IN_PROGRESS,,FULL
2026-09-05,YMAT,FOCUS,BROKEN_NEW_BASE,,FULL
2026-09-05,YOUL,WATCH,RETEST_PENDING,,FULL
2026-09-05,YXT,FOCUS,BASE_FORMING,,FULL
2026-09-05,ZCMD,WATCH,RETEST_PENDING,,FULL
2026-09-05,ZDAI,WATCH,RETEST_PENDING,,FULL
2026-09-05,ZENA,WATCH,RETEST_PENDING,,FULL
2026-09-05,ZJYL,WATCH,RETEST_PENDING,,FULL
2026-09-05,ZSQR,FOCUS,BROKEN_NEW_BASE,,FULL
2026-09-05,ZYBT,WATCH,RETEST_PENDING,,FULL
2026-09-09,ABAT,WATCH,RETEST_PENDING,,FULL
2026-09-09,ABTC,WATCH,RETEST_PENDING,,FULL
2026-09-09,ABTS,WATCH,RETEST_PENDING,,FULL
2026-09-09,ACON,WATCH,RETEST_PENDING,,FULL
2026-09-09,ACXP,READY,RETEST_HELD,,FULL
2026-09-09,ADGM,WATCH,RETEST_PENDING,,FULL
2026-09-09,AEI,WATCH,RETEST_PENDING,,FULL
2026-09-09,AEMD,FOCUS,BROKEN_NEW_BASE,,FULL
2026-09-09,AHMA,WATCH,RETEST_PENDING,,FULL
2026-09-09,AIFA,WATCH,RETEST_PENDING,,FULL
2026-09-09,AIFC,WATCH,RETEST_PENDING,,FULL
2026-09-09,AIIO,FOCUS,BROKEN_NEW_BASE,,FULL
2026-09-09,AIOS,WATCH,RETEST_PENDING,,FULL
2026-09-09,AIRS,READY,PRESS_RECLAIM,,FULL
2026-09-09,AKAN,WATCH,SWEEP_ACTIVE,,FULL
2026-09-09,AKTX,WATCH,RETEST_PENDING,,FULL
2026-09-09,ALAR,FOCUS,BROKEN_NEW_BASE,,FULL
2026-09-09,ALP,FOCUS,BROKEN_NEW_BASE,,FULL
2026-09-09,AMST,WATCH,RETEST_PENDING,,FULL
2026-09-09,ANPA,WATCH,RETEST_IN_PROGRESS,,FULL
2026-09-09,ANY,WATCH,RETEST_PENDING,,FULL
2026-09-09,APVO,FOCUS,BROKEN_NEW_BASE,,FULL
2026-09-09,AQMS,WATCH,RETEST_PENDING,,FULL
2026-09-09,ARBE,WATCH,RETEST_PENDING,,FULL
2026-09-09,ARTL,WATCH,RETEST_PENDING,,FULL
2026-09-09,ASTC,WATCH,RETEST_PENDING,,FULL
2026-09-09,ATPC,READY,RETEST_HELD,,FULL
2026-09-09,ATXG,WATCH,RETEST_PENDING,,FULL
2026-09-09,AUID,WATCH,RETEST_PENDING,,FULL
2026-09-09,AURE,WATCH,RETEST_PENDING,,FULL
2026-09-09,AUUD,WATCH,RETEST_PENDING,,FULL
2026-09-09,AZI,WATCH,RETEST_PENDING,,FULL
2026-09-09,AZIO,WATCH,RETEST_PENDING,,FULL
2026-09-09,BCTX,WATCH,RETEST_PENDING,,FULL
2026-09-09,BDRX,FOCUS,BROKEN_NEW_BASE,,FULL
2026-09-09,BEAT,FOCUS,BROKEN_NEW_BASE,,FULL
2026-09-09,BENF,FOCUS,BROKEN_NEW_BASE,,FULL
2026-09-09,BGDE,WATCH,RETEST_PENDING,,FULL
2026-09-09,BIOX,WATCH,RETEST_PENDING,,FULL
2026-09-09,BIYA,WATCH,RETEST_PENDING,,FULL
2026-09-09,BKYI,REJECTED,,FE-SCREEN-01/M3,
2026-09-09,BLNE,WATCH,RETEST_PENDING,,FULL
2026-09-09,BLNK,WATCH,RETEST_PENDING,,FULL
2026-09-09,BMGL,WATCH,RETEST_IN_PROGRESS,,FULL
2026-09-09,BNAI,READY,RETEST_HELD,,FULL
2026-09-09,BNKK,WATCH,RETEST_PENDING,,FULL
2026-09-09,BOXL,WATCH,RETEST_PENDING,,FULL
2026-09-09,BRAI,READY,RETEST_HELD,,FULL
2026-09-09,BTQ,WATCH,SWEEP_ACTIVE,,FULL
2026-09-09,BYAH,WATCH,SWEEP_ACTIVE,,FULL
2026-09-09,BYND,READY,RETEST_HELD,,FULL
2026-09-09,BYRN,REJECTED,,FE-SCREEN-01/M3,
2026-09-09,BYSI,READY,RETEST_HELD,,FULL
2026-09-09,BZAI,WATCH,RETEST_IN_PROGRESS,,FULL
2026-09-09,CAPR,WATCH,RETEST_PENDING,,FULL
2026-09-09,CCHH,READY,RETEST_HELD,,FULL
2026-09-09,CCTG,READY,PRESS_RECLAIM,,FULL
2026-09-09,CD,WATCH,RETEST_PENDING,,FULL
2026-09-09,CDIO,WATCH,RETEST_PENDING,,FULL
2026-09-09,CDLX,READY,RETEST_HELD,,FULL
2026-09-09,CELZ,WATCH,RETEST_PENDING,,FULL
2026-09-09,CETX,READY,RETEST_HELD,,FULL
2026-09-09,CETY,FOCUS,BASE_FORMING,,FULL
2026-09-09,CGTL,WATCH,RETEST_PENDING,,FULL
2026-09-09,CHGA,FOCUS,BROKEN_NEW_BASE,,FULL
2026-09-09,CHR,WATCH,RETEST_PENDING,,FULL
2026-09-09,CHSN,WATCH,RETEST_PENDING,,FULL
2026-09-09,CIRC,WATCH,RETEST_PENDING,,FULL
2026-09-09,CMCT,WATCH,RETEST_PENDING,,FULL
2026-09-09,CMTL,WATCH,SWEEP_ACTIVE,,FULL
2026-09-09,CNCK,WATCH,RETEST_PENDING,,FULL
2026-09-09,CNEY,WATCH,RETEST_PENDING,,FULL
2026-09-09,CODX,WATCH,RETEST_PENDING,,FULL
2026-09-09,COOT,WATCH,RETEST_PENDING,,FULL
2026-09-09,CPSH,READY,RETEST_HELD,,FULL
2026-09-09,CRIS,FOCUS,BROKEN_NEW_BASE,,FULL
2026-09-09,CRML,WATCH,RETEST_PENDING,,FULL
2026-09-09,CSAI,WATCH,RETEST_PENDING,,FULL
2026-09-09,CTNT,FOCUS,BROKEN_NEW_BASE,,FULL
2026-09-09,CTXR,WATCH,RETEST_PENDING,,FULL
2026-09-09,CUPR,WATCH,RETEST_PENDING,,FULL
2026-09-09,CURX,WATCH,RETEST_PENDING,,FULL
2026-09-09,CVKD,REJECTED,,FE-SCREEN-01/M3,
2026-09-09,CVRX,WATCH,RETEST_PENDING,,FULL
2026-09-09,CWD,WATCH,RETEST_PENDING,,FULL
2026-09-09,CXAI,WATCH,SWEEP_ACTIVE,,FULL
2026-09-09,CYCU,WATCH,RETEST_PENDING,,FULL
2026-09-09,CYN,FOCUS,BROKEN_NEW_BASE,,FULL
2026-09-09,DARE,WATCH,SWEEP_ACTIVE,,FULL
2026-09-09,DCOY,WATCH,SWEEP_ACTIVE,,FULL
2026-09-09,DCX,FOCUS,BROKEN_NEW_BASE,,FULL
2026-09-09,DEFT,WATCH,RETEST_PENDING,,FULL
2026-09-09,DFLI,READY,PRESS_RECLAIM,,FULL
2026-09-09,DFSC,WATCH,RETEST_PENDING,,FULL
2026-09-09,DGNX,WATCH,RETEST_PENDING,,FULL
2026-09-09,DKI,FOCUS,BROKEN_NEW_BASE,,FULL
2026-09-09,DLXY,WATCH,RETEST_PENDING,,FULL
2026-09-09,DOGZ,WATCH,RETEST_PENDING,,FULL
2026-09-09,DOMO,WATCH,RETEST_PENDING,,FULL
2026-09-09,DRCT,NO_BARS,,,
2026-09-09,DRMA,REJECTED,,FE-SCREEN-01/M3,
2026-09-09,DSY,WATCH,RETEST_PENDING,,FULL
2026-09-09,DTSS,WATCH,RETEST_PENDING,,FULL
2026-09-09,DWTX,WATCH,RETEST_PENDING,,FULL
2026-09-09,DXST,WATCH,RETEST_PENDING,,FULL
2026-09-09,EDSA,WATCH,RETEST_IN_PROGRESS,,FULL
2026-09-09,EH,REJECTED,,FE-SCREEN-01/M3,
2026-09-09,EHTH,REJECTED,,FE-SCREEN-01/M3,
2026-09-09,ELAB,FOCUS,BROKEN_NEW_BASE,,FULL
2026-09-09,ELTX,FOCUS,BROKEN_NEW_BASE,,FULL
2026-09-09,EMAT,WATCH,RETEST_PENDING,,FULL
2026-09-09,ENGN,WATCH,RETEST_PENDING,,FULL
2026-09-09,ENGS,WATCH,RETEST_PENDING,,FULL
2026-09-09,ENLV,FOCUS,BROKEN_NEW_BASE,,FULL
2026-09-09,ENSC,WATCH,RETEST_PENDING,,FULL
2026-09-09,ENVB,WATCH,RETEST_PENDING,,FULL
2026-09-09,ENVX,READY,RETEST_HELD,,FULL
2026-09-09,EOSE,READY,PRESS_RECLAIM,,FULL
2026-09-09,EPSM,WATCH,RETEST_PENDING,,FULL
2026-09-09,ERNA,WATCH,RETEST_PENDING,,FULL
2026-09-09,ESLA,FOCUS,BROKEN_NEW_BASE,,FULL
2026-09-09,EUDA,WATCH,RETEST_PENDING,,FULL
2026-09-09,EVAX,READY,RETEST_HELD,,FULL
2026-09-09,EVGO,REJECTED,,FE-SCREEN-01/M3,
2026-09-09,EZGO,REJECTED,,FE-SCREEN-01/M3,
2026-09-09,FABC,READY,RETEST_HELD,,FULL
2026-09-09,FAC,WATCH,RETEST_PENDING,,FULL
2026-09-09,FBLG,WATCH,RETEST_PENDING,,FULL
2026-09-09,FBYD,FOCUS,BROKEN_NEW_BASE,,FULL
2026-09-09,FEAM,READY,RETEST_HELD,,FULL
2026-09-09,FEED,NO_BARS,,,
2026-09-09,FEMY,WATCH,RETEST_PENDING,,FULL
2026-09-09,FFAI,FOCUS,BROKEN_NEW_BASE,,FULL
2026-09-09,FGNX,WATCH,RETEST_PENDING,,FULL
2026-09-09,FLNA,WATCH,SWEEP_ACTIVE,,FULL
2026-09-09,FLUX,WATCH,RETEST_PENDING,,FULL
2026-09-09,FLYE,WATCH,RETEST_PENDING,,FULL
2026-09-09,FMST,FOCUS,BROKEN_NEW_BASE,,FULL
2026-09-09,FNUC,READY,RETEST_HELD,,FULL
2026-09-09,FOFO,WATCH,RETEST_PENDING,,FULL
2026-09-09,FRGT,FOCUS,BROKEN_NEW_BASE,,FULL
2026-09-09,FRMM,WATCH,SWEEP_ACTIVE,,FULL
2026-09-09,FTCI,REJECTED,,FE-SCREEN-01/M3,
2026-09-09,FTHM,FOCUS,BROKEN_NEW_BASE,,FULL
2026-09-09,FULC,WATCH,RETEST_PENDING,,FULL
2026-09-09,FUSE,FOCUS,BROKEN_NEW_BASE,,FULL
2026-09-09,FWDI,FOCUS,BASE_FORMING,,FULL
2026-09-09,FXHO,WATCH,RETEST_PENDING,,FULL
2026-09-09,GCL,WATCH,RETEST_PENDING,,FULL
2026-09-09,GCTK,FOCUS,BROKEN_NEW_BASE,,FULL
2026-09-09,GDEV,READY,RETEST_HELD,,FULL
2026-09-09,GDHG,WATCH,RETEST_PENDING,,FULL
2026-09-09,GDTC,WATCH,RETEST_PENDING,,FULL
2026-09-09,GLE,WATCH,RETEST_PENDING,,FULL
2026-09-09,GLXG,WATCH,RETEST_PENDING,,FULL
2026-09-09,GNLN,WATCH,RETEST_PENDING,,FULL
2026-09-09,GNPX,WATCH,SWEEP_ACTIVE,,FULL
2026-09-09,GNTA,FOCUS,BROKEN_NEW_BASE,,FULL
2026-09-09,GOGO,READY,PRESS_RECLAIM,,FULL
2026-09-09,GOVX,FOCUS,BROKEN_NEW_BASE,,FULL
2026-09-09,GRI,REJECTED,,FE-SCREEN-01/M3,
2026-09-09,GSIW,READY,PRESS_RECLAIM,,FULL
2026-09-09,GWAV,FOCUS,BASE_FORMING,,FULL
2026-09-09,HAO,REJECTED,,FE-SCREEN-01/M3,
2026-09-09,HCAI,WATCH,RETEST_IN_PROGRESS,,FULL
2026-09-09,HCTI,WATCH,SWEEP_ACTIVE,,FULL
2026-09-09,HOLO,WATCH,RETEST_PENDING,,FULL
2026-09-09,HOUR,READY,RETEST_HELD,,FULL
2026-09-09,HTCO,WATCH,RETEST_PENDING,,FULL
2026-09-09,HTCR,FOCUS,BROKEN_NEW_BASE,,FULL
2026-09-09,HTZ,WATCH,RETEST_PENDING,,FULL
2026-09-09,HUMA,READY,RETEST_HELD,,FULL
2026-09-09,HXHX,WATCH,RETEST_PENDING,,FULL
2026-09-09,HYFM,WATCH,RETEST_PENDING,,FULL
2026-09-09,HYPD,WATCH,RETEST_PENDING,,FULL
2026-09-09,IBG,WATCH,RETEST_PENDING,,FULL
2026-09-09,ICCM,READY,RETEST_HELD,,FULL
2026-09-09,ICON,WATCH,RETEST_IN_PROGRESS,,FULL
2026-09-09,ICU,READY,PRESS_RECLAIM,,FULL
2026-09-09,ILLR,NO_BARS,,,
2026-09-09,IMNN,READY,RETEST_HELD,,FULL
2026-09-09,IMSR,WATCH,RETEST_PENDING,,FULL
2026-09-09,INDP,WATCH,RETEST_PENDING,,FULL
2026-09-09,INLF,WATCH,RETEST_PENDING,,FULL
2026-09-09,INTJ,FOCUS,BROKEN_NEW_BASE,,FULL
2026-09-09,INTS,WATCH,RETEST_PENDING,,FULL
2026-09-09,INV,FOCUS,BROKEN_NEW_BASE,,FULL
2026-09-09,IPW,FOCUS,BROKEN_NEW_BASE,,FULL
2026-09-09,ISPC,WATCH,RETEST_IN_PROGRESS,,FULL
2026-09-09,IVF,READY,RETEST_HELD,,FULL
2026-09-09,IXHL,WATCH,RETEST_PENDING,,FULL
2026-09-09,JBDI,WATCH,RETEST_PENDING,,FULL
2026-09-09,JDZG,WATCH,RETEST_PENDING,,FULL
2026-09-09,JFIN,FOCUS,BROKEN_NEW_BASE,,FULL
2026-09-09,JLHL,WATCH,RETEST_PENDING,,FULL
2026-09-09,JSPR,WATCH,RETEST_PENDING,,FULL
2026-09-09,JTAI,WATCH,SWEEP_ACTIVE,,FULL
2026-09-09,JYD,WATCH,RETEST_PENDING,,FULL
2026-09-09,JZXN,READY,RETEST_HELD,,FULL
2026-09-09,KG,FOCUS,BROKEN_NEW_BASE,,FULL
2026-09-09,KITT,FOCUS,BROKEN_NEW_BASE,,FULL
2026-09-09,KRKR,WATCH,RETEST_PENDING,,FULL
2026-09-09,KRRO,WATCH,RETEST_PENDING,,FULL
2026-09-09,KSCP,READY,PRESS_RECLAIM,,FULL
2026-09-09,KUST,REJECTED,,FE-SCREEN-01/M3,
2026-09-09,LAES,READY,RETEST_HELD,,FULL
2026-09-09,LESL,NO_BARS,,,
2026-09-09,LHAI,WATCH,RETEST_PENDING,,FULL
2026-09-09,LICN,WATCH,RETEST_PENDING,,FULL
2026-09-09,LIMN,FOCUS,BROKEN_NEW_BASE,,FULL
2026-09-09,LNAI,WATCH,RETEST_PENDING,,FULL
2026-09-09,LNZA,WATCH,RETEST_PENDING,,FULL
2026-09-09,LOOP,FOCUS,BROKEN_NEW_BASE,,FULL
2026-09-09,LTBR,READY,RETEST_HELD,,FULL
2026-09-09,LX,REJECTED,,FE-SCREEN-01/M3,
2026-09-09,LZMH,WATCH,RETEST_PENDING,,FULL
2026-09-09,MASK,WATCH,SWEEP_ACTIVE,,FULL
2026-09-09,MBRX,WATCH,RETEST_PENDING,,FULL
2026-09-09,MCRB,WATCH,RETEST_PENDING,,FULL
2026-09-09,MDXH,WATCH,RETEST_PENDING,,FULL
2026-09-09,MEDS,WATCH,RETEST_IN_PROGRESS,,FULL
2026-09-09,METC,WATCH,RETEST_PENDING,,FULL
2026-09-09,MF,WATCH,RETEST_PENDING,,FULL
2026-09-09,MGRX,READY,RETEST_HELD,,FULL
2026-09-09,MKZR,WATCH,RETEST_PENDING,,FULL
2026-09-09,MNTS,READY,RETEST_HELD,,FULL
2026-09-09,MOBX,READY,PRESS_RECLAIM,,FULL
2026-09-09,MRLN,FOCUS,BROKEN_NEW_BASE,,FULL
2026-09-09,MRM,WATCH,RETEST_PENDING,,FULL
2026-09-09,MSAI,READY,RETEST_HELD,,FULL
2026-09-09,MSGY,READY,PRESS_RECLAIM,,FULL
2026-09-09,MTEK,REJECTED,,FE-SCREEN-01/M3,
2026-09-09,MVIS,REJECTED,,FE-SCREEN-01/M3,
2026-09-09,MVST,WATCH,SWEEP_ACTIVE,,FULL
2026-09-09,MYSZ,REJECTED,,FE-SCREEN-01/M3,
2026-09-09,NAKA,WATCH,RETEST_PENDING,,FULL
2026-09-09,NAMI,FOCUS,BROKEN_NEW_BASE,,FULL
2026-09-09,NAMM,READY,RETEST_HELD,,FULL
2026-09-09,NBP,WATCH,RETEST_PENDING,,FULL
2026-09-09,NCI,WATCH,RETEST_PENDING,,FULL
2026-09-09,NCNA,WATCH,RETEST_PENDING,,FULL
2026-09-09,NCRA,WATCH,RETEST_PENDING,,FULL
2026-09-09,NEGG,WATCH,RETEST_PENDING,,FULL
2026-09-09,NEON,WATCH,RETEST_PENDING,,FULL
2026-09-09,NEXR,FOCUS,BROKEN_NEW_BASE,,FULL
2026-09-09,NIKI,FOCUS,BROKEN_NEW_BASE,,FULL
2026-09-09,NIPG,WATCH,RETEST_PENDING,,FULL
2026-09-09,NIVF,FOCUS,BROKEN_NEW_BASE,,FULL
2026-09-09,NPT,WATCH,RETEST_PENDING,,FULL
2026-09-09,NRSN,WATCH,RETEST_PENDING,,FULL
2026-09-09,NTCL,FOCUS,BROKEN_NEW_BASE,,FULL
2026-09-09,NUWE,FOCUS,BROKEN_NEW_BASE,,FULL
2026-09-09,NVNI,NO_BARS,,,
2026-09-09,NVX,FOCUS,BROKEN_NEW_BASE,,FULL
2026-09-09,NXTS,WATCH,RETEST_PENDING,,FULL
2026-09-09,ODD,WATCH,RETEST_IN_PROGRESS,,FULL
2026-09-09,OFAL,WATCH,RETEST_PENDING,,FULL
2026-09-09,OIO,WATCH,RETEST_PENDING,,FULL
2026-09-09,OMEX,WATCH,RETEST_PENDING,,FULL
2026-09-09,ONCO,REJECTED,,FE-SCREEN-01/M3,
2026-09-09,ORGO,READY,RETEST_HELD,,FULL
2026-09-09,OTLK,WATCH,RETEST_IN_PROGRESS,,FULL
2026-09-09,PARA,FOCUS,BROKEN_NEW_BASE,,FULL
2026-09-09,PBM,WATCH,RETEST_PENDING,,FULL
2026-09-09,PCSA,WATCH,RETEST_PENDING,,FULL
2026-09-09,PHIO,WATCH,RETEST_PENDING,,FULL
2026-09-09,PHOE,WATCH,RETEST_PENDING,,FULL
2026-09-09,PLSM,FOCUS,BROKEN_NEW_BASE,,FULL
2026-09-09,PLUR,FOCUS,BROKEN_NEW_BASE,,FULL
2026-09-09,PMAX,FOCUS,BROKEN_NEW_BASE,,FULL
2026-09-09,PN,WATCH,SWEEP_ACTIVE,,FULL
2026-09-09,POLA,WATCH,SWEEP_ACTIVE,,FULL
2026-09-09,POM,WATCH,RETEST_PENDING,,FULL
2026-09-09,PPBT,WATCH,RETEST_PENDING,,FULL
2026-09-09,PROP,FOCUS,BROKEN_NEW_BASE,,FULL
2026-09-09,PRSO,FOCUS,BROKEN_NEW_BASE,,FULL
2026-09-09,PTLE,WATCH,RETEST_PENDING,,FULL
2026-09-09,PULM,REJECTED,,FE-SCREEN-01/M3,
2026-09-09,PWCM,WATCH,RETEST_PENDING,,FULL
2026-09-09,QCLS,FOCUS,BROKEN_NEW_BASE,,FULL
2026-09-09,QNCX,WATCH,RETEST_PENDING,,FULL
2026-09-09,QNRX,WATCH,RETEST_PENDING,,FULL
2026-09-09,QNTM,WATCH,RETEST_PENDING,,FULL
2026-09-09,QSI,READY,RETEST_HELD,,FULL
2026-09-09,QTEX,READY,PRESS_RECLAIM,,FULL
2026-09-09,RAIN,READY,PRESS_RECLAIM,,FULL
2026-09-09,RAYA,READY,RETEST_HELD,,FULL
2026-09-09,RBNE,WATCH,RETEST_PENDING,,FULL
2026-09-09,RDGT,WATCH,RETEST_PENDING,,FULL
2026-09-09,RENX,WATCH,RETEST_PENDING,,FULL
2026-09-09,REVB,REJECTED,,FE-SCREEN-01/M3,
2026-09-09,RGC,WATCH,RETEST_PENDING,,FULL
2026-09-09,RGTI,WATCH,RETEST_PENDING,,FULL
2026-09-09,RKDA,REJECTED,,FE-SCREEN-01/M3,
2026-09-09,RNAZ,WATCH,RETEST_IN_PROGRESS,,FULL
2026-09-09,RR,WATCH,RETEST_PENDING,,FULL
2026-09-09,RVSN,READY,RETEST_HELD,,FULL
2026-09-09,RZLV,WATCH,SWEEP_ACTIVE,,FULL
2026-09-09,SBFM,READY,RETEST_HELD,,FULL
2026-09-09,SCKT,FOCUS,BASE_FORMING,,FULL
2026-09-09,SCLX,READY,PRESS_RECLAIM,,FULL
2026-09-09,SCNI,REJECTED,,FE-SCREEN-01/M3,
2026-09-09,SDA,FOCUS,BROKEN_NEW_BASE,,FULL
2026-09-09,SERV,READY,RETEST_HELD,,FULL
2026-09-09,SEV,WATCH,RETEST_PENDING,,FULL
2026-09-09,SHPH,WATCH,RETEST_PENDING,,FULL
2026-09-09,SILO,FOCUS,BROKEN_NEW_BASE,,FULL
2026-09-09,SKIN,WATCH,RETEST_PENDING,,FULL
2026-09-09,SKYA,WATCH,RETEST_PENDING,,FULL
2026-09-09,SKYE,FOCUS,BROKEN_NEW_BASE,,FULL
2026-09-09,SLE,FOCUS,BASE_FORMING,,FULL
2026-09-09,SLNH,WATCH,RETEST_PENDING,,FULL
2026-09-09,SMXT,WATCH,SWEEP_ACTIVE,,FULL
2026-09-09,SNAL,WATCH,RETEST_PENDING,,FULL
2026-09-09,SNES,FOCUS,BROKEN_NEW_BASE,,FULL
2026-09-09,SNTG,READY,RETEST_HELD,,FULL
2026-09-09,SOBR,NO_BARS,,,
2026-09-09,SONM,WATCH,RETEST_IN_PROGRESS,,FULL
2026-09-09,SOWG,WATCH,RETEST_PENDING,,FULL
2026-09-09,SPRB,WATCH,RETEST_PENDING,,FULL
2026-09-09,SPRC,WATCH,RETEST_PENDING,,FULL
2026-09-09,SQFT,FOCUS,BROKEN_NEW_BASE,,FULL
2026-09-09,STAK,READY,RETEST_HELD,,FULL
2026-09-09,STEX,READY,RETEST_HELD,,FULL
2026-09-09,STFS,WATCH,RETEST_PENDING,,FULL
2026-09-09,STI,WATCH,RETEST_PENDING,,FULL
2026-09-09,STKE,WATCH,RETEST_PENDING,,FULL
2026-09-09,STKH,FOCUS,BROKEN_NEW_BASE,,FULL
2026-09-09,SUNE,WATCH,RETEST_PENDING,,FULL
2026-09-09,SUPX,WATCH,RETEST_PENDING,,FULL
2026-09-09,TAOP,WATCH,RETEST_PENDING,,FULL
2026-09-09,TDIC,FOCUS,BROKEN_NEW_BASE,,FULL
2026-09-09,TDTH,WATCH,RETEST_PENDING,,FULL
2026-09-09,TDUP,READY,PRESS_RECLAIM,,FULL
2026-09-09,TGHL,WATCH,RETEST_PENDING,,FULL
2026-09-09,TGL,WATCH,RETEST_PENDING,,FULL
2026-09-09,THH,FOCUS,BROKEN_NEW_BASE,,FULL
2026-09-09,TIL,READY,BASE_HELD,,FULL
2026-09-09,TLRY,WATCH,RETEST_PENDING,,FULL
2026-09-09,TNMG,WATCH,RETEST_PENDING,,FULL
2026-09-09,TOYO,READY,PRESS_RECLAIM,,FULL
2026-09-09,TRAW,WATCH,RETEST_PENDING,,FULL
2026-09-09,TRIB,WATCH,RETEST_IN_PROGRESS,,FULL
2026-09-09,TRNR,WATCH,RETEST_PENDING,,FULL
2026-09-09,TURB,WATCH,RETEST_PENDING,,FULL
2026-09-09,TVGN,WATCH,RETEST_PENDING,,FULL
2026-09-09,TVRD,READY,RETEST_HELD,,FULL
2026-09-09,TYGO,WATCH,RETEST_IN_PROGRESS,,FULL
2026-09-09,UCAR,WATCH,RETEST_IN_PROGRESS,,FULL
2026-09-09,UCL,WATCH,RETEST_PENDING,,FULL
2026-09-09,UFG,WATCH,RETEST_PENDING,,FULL
2026-09-09,UONE,READY,RETEST_HELD,,FULL
2026-09-09,UPC,WATCH,RETEST_PENDING,,FULL
2026-09-09,UPLD,REJECTED,,FE-SCREEN-01/M3,
2026-09-09,UPXI,WATCH,RETEST_PENDING,,FULL
2026-09-09,VBIO,WATCH,SWEEP_ACTIVE,,FULL
2026-09-09,VEEA,WATCH,RETEST_PENDING,,FULL
2026-09-09,VEEE,WATCH,RETEST_PENDING,,FULL
2026-09-09,VERI,WATCH,RETEST_PENDING,,FULL
2026-09-09,VRXA,FOCUS,BROKEN_NEW_BASE,,FULL
2026-09-09,VSA,WATCH,RETEST_IN_PROGRESS,,FULL
2026-09-09,VSME,WATCH,SWEEP_ACTIVE,,FULL
2026-09-09,WBUY,WATCH,RETEST_PENDING,,FULL
2026-09-09,WFF,WATCH,RETEST_PENDING,,FULL
2026-09-09,WKHS,WATCH,RETEST_PENDING,,FULL
2026-09-09,WKSP,WATCH,RETEST_IN_PROGRESS,,FULL
2026-09-09,WLDS,WATCH,RETEST_PENDING,,FULL
2026-09-09,WNW,READY,RETEST_HELD,,FULL
2026-09-09,WVE,WATCH,SWEEP_ACTIVE,,FULL
2026-09-09,XAIR,FOCUS,BROKEN_NEW_BASE,,FULL
2026-09-09,XBP,WATCH,RETEST_PENDING,,FULL
2026-09-09,XCH,FOCUS,BROKEN_NEW_BASE,,FULL
2026-09-09,XCUR,WATCH,RETEST_PENDING,,FULL
2026-09-09,XXII,FOCUS,BROKEN_NEW_BASE,,FULL
2026-09-09,YAAS,FOCUS,BROKEN_NEW_BASE,,FULL
2026-09-09,YDES,WATCH,RETEST_PENDING,,FULL
2026-09-09,YDKG,WATCH,SWEEP_ACTIVE,,FULL
2026-09-09,YHC,WATCH,RETEST_IN_PROGRESS,,FULL
2026-09-09,YOUL,WATCH,RETEST_PENDING,,FULL
2026-09-09,YSXT,WATCH,RETEST_PENDING,,FULL
2026-09-09,YXT,FOCUS,BASE_FORMING,,FULL
2026-09-09,ZCMD,WATCH,RETEST_PENDING,,FULL
2026-09-09,ZDAI,WATCH,RETEST_PENDING,,FULL
2026-09-09,ZENA,WATCH,RETEST_PENDING,,FULL
2026-09-09,ZJYL,WATCH,RETEST_PENDING,,FULL
2026-09-09,ZYBT,WATCH,RETEST_PENDING,,FULL
2026-09-10,ABAT,WATCH,RETEST_PENDING,,FULL
2026-09-10,ABTC,WATCH,RETEST_PENDING,,FULL
2026-09-10,ABTS,WATCH,RETEST_PENDING,,FULL
2026-09-10,ACON,WATCH,RETEST_PENDING,,FULL
2026-09-10,ACXP,READY,RETEST_HELD,,FULL
2026-09-10,ADGM,WATCH,RETEST_PENDING,,FULL
2026-09-10,AEI,WATCH,RETEST_PENDING,,FULL
2026-09-10,AHMA,WATCH,RETEST_PENDING,,FULL
2026-09-10,AIFA,WATCH,RETEST_PENDING,,FULL
2026-09-10,AIFC,WATCH,RETEST_PENDING,,FULL
2026-09-10,AIIO,FOCUS,BROKEN_NEW_BASE,,FULL
2026-09-10,AIOS,WATCH,RETEST_PENDING,,FULL
2026-09-10,AIRS,WATCH,RETEST_IN_PROGRESS,,FULL
2026-09-10,AKAN,WATCH,SWEEP_ACTIVE,,FULL
2026-09-10,AKTX,WATCH,RETEST_PENDING,,FULL
2026-09-10,ALAR,FOCUS,BROKEN_NEW_BASE,,FULL
2026-09-10,AMCI,FOCUS,BROKEN_NEW_BASE,,FULL
2026-09-10,AMST,WATCH,RETEST_PENDING,,FULL
2026-09-10,ANPA,FOCUS,BROKEN_NEW_BASE,,FULL
2026-09-10,ANY,WATCH,RETEST_PENDING,,FULL
2026-09-10,APVO,FOCUS,BROKEN_NEW_BASE,,FULL
2026-09-10,ARBE,WATCH,RETEST_PENDING,,FULL
2026-09-10,ARTL,WATCH,RETEST_PENDING,,FULL
2026-09-10,ASPC,READY,RETEST_HELD,,FULL
2026-09-10,ASPI,REJECTED,,FE-SCREEN-01/M3,
2026-09-10,ASTC,WATCH,RETEST_PENDING,,FULL
2026-09-10,ATGL,WATCH,SWEEP_ACTIVE,,FULL
2026-09-10,ATPC,READY,RETEST_HELD,,FULL
2026-09-10,ATXG,WATCH,RETEST_PENDING,,FULL
2026-09-10,ATYR,WATCH,RETEST_PENDING,,FULL
2026-09-10,AURE,WATCH,RETEST_IN_PROGRESS,,FULL
2026-09-10,AUUD,WATCH,RETEST_PENDING,,FULL
2026-09-10,AZI,WATCH,RETEST_PENDING,,FULL
2026-09-10,AZIO,WATCH,RETEST_IN_PROGRESS,,FULL
2026-09-10,BCTX,WATCH,RETEST_PENDING,,FULL
2026-09-10,BDRX,FOCUS,BROKEN_NEW_BASE,,FULL
2026-09-10,BEAT,FOCUS,BROKEN_NEW_BASE,,FULL
2026-09-10,BENF,FOCUS,BROKEN_NEW_BASE,,FULL
2026-09-10,BGDE,WATCH,RETEST_PENDING,,FULL
2026-09-10,BIOX,WATCH,RETEST_PENDING,,FULL
2026-09-10,BIYA,WATCH,RETEST_PENDING,,FULL
2026-09-10,BKYI,REJECTED,,FE-SCREEN-01/M3,
2026-09-10,BLNE,WATCH,RETEST_PENDING,,FULL
2026-09-10,BLNK,WATCH,RETEST_PENDING,,FULL
2026-09-10,BMGL,WATCH,RETEST_IN_PROGRESS,,FULL
2026-09-10,BNAI,READY,RETEST_HELD,,FULL
2026-09-10,BNKK,WATCH,RETEST_PENDING,,FULL
2026-09-10,BOXL,WATCH,RETEST_PENDING,,FULL
2026-09-10,BRAI,READY,RETEST_HELD,,FULL
2026-09-10,BYAH,FOCUS,BROKEN_NEW_BASE,,FULL
2026-09-10,BYND,READY,RETEST_HELD,,FULL
2026-09-10,BYRN,REJECTED,,FE-SCREEN-01/M3,
2026-09-10,BYSI,READY,RETEST_HELD,,FULL
2026-09-10,BZAI,WATCH,RETEST_PENDING,,FULL
2026-09-10,CALC,FOCUS,BROKEN_NEW_BASE,,FULL
2026-09-10,CAPR,WATCH,RETEST_PENDING,,FULL
2026-09-10,CAR,WATCH,SWEEP_ACTIVE,,FULL
2026-09-10,CAST,WATCH,RETEST_PENDING,,FULL
2026-09-10,CCHH,READY,RETEST_HELD,,FULL
2026-09-10,CCTG,READY,PRESS_RECLAIM,,FULL
2026-09-10,CD,WATCH,RETEST_PENDING,,FULL
2026-09-10,CDIO,WATCH,RETEST_PENDING,,FULL
2026-09-10,CDLX,WATCH,RETEST_PENDING,,FULL
2026-09-10,CELZ,WATCH,RETEST_PENDING,,FULL
2026-09-10,CETX,READY,RETEST_HELD,,FULL
2026-09-10,CETY,FOCUS,BASE_FORMING,,FULL
2026-09-10,CGTL,WATCH,RETEST_PENDING,,FULL
2026-09-10,CHR,WATCH,RETEST_PENDING,,FULL
2026-09-10,CHSN,WATCH,RETEST_PENDING,,FULL
2026-09-10,CIIT,WATCH,RETEST_IN_PROGRESS,,FULL
2026-09-10,CIRC,WATCH,RETEST_PENDING,,FULL
2026-09-10,CLIK,FOCUS,BROKEN_NEW_BASE,,FULL
2026-09-10,CLNN,WATCH,SWEEP_ACTIVE,,FULL
2026-09-10,CMCT,WATCH,RETEST_PENDING,,FULL
2026-09-10,CMTL,FOCUS,BASE_FORMING,,FULL
2026-09-10,CNCK,WATCH,RETEST_PENDING,,FULL
2026-09-10,CNEY,WATCH,RETEST_PENDING,,FULL
2026-09-10,CNSY,FOCUS,BROKEN_NEW_BASE,,FULL
2026-09-10,CODX,WATCH,RETEST_PENDING,,FULL
2026-09-10,COOT,FOCUS,BASE_FORMING,,FULL
2026-09-10,CPSH,READY,RETEST_HELD,,FULL
2026-09-10,CRGO,REJECTED,,FE-SCREEN-01/M3,
2026-09-10,CRIS,FOCUS,BROKEN_NEW_BASE,,FULL
2026-09-10,CRML,WATCH,RETEST_PENDING,,FULL
2026-09-10,CSAI,WATCH,RETEST_PENDING,,FULL
2026-09-10,CTNT,FOCUS,BROKEN_NEW_BASE,,FULL
2026-09-10,CTXR,WATCH,RETEST_PENDING,,FULL
2026-09-10,CUPR,WATCH,RETEST_PENDING,,FULL
2026-09-10,CVKD,REJECTED,,FE-SCREEN-01/M3,
2026-09-10,CVRX,WATCH,RETEST_PENDING,,FULL
2026-09-10,CWD,WATCH,RETEST_PENDING,,FULL
2026-09-10,CXAI,WATCH,SWEEP_ACTIVE,,FULL
2026-09-10,CYCU,WATCH,RETEST_PENDING,,FULL
2026-09-10,CYN,FOCUS,BROKEN_NEW_BASE,,FULL
2026-09-10,DCOY,WATCH,SWEEP_ACTIVE,,FULL
2026-09-10,DCX,FOCUS,BROKEN_NEW_BASE,,FULL
2026-09-10,DEFT,WATCH,RETEST_PENDING,,FULL
2026-09-10,DFLI,READY,PRESS_RECLAIM,,FULL
2026-09-10,DFSC,WATCH,RETEST_PENDING,,FULL
2026-09-10,DGNX,WATCH,RETEST_PENDING,,FULL
2026-09-10,DKI,FOCUS,BROKEN_NEW_BASE,,FULL
2026-09-10,DLXY,WATCH,RETEST_PENDING,,FULL
2026-09-10,DOGZ,WATCH,RETEST_PENDING,,FULL
2026-09-10,DOMH,FOCUS,BROKEN_NEW_BASE,,FULL
2026-09-10,DRCT,NO_BARS,,,
2026-09-10,DRMA,REJECTED,,FE-SCREEN-01/M3,
2026-09-10,DSY,WATCH,RETEST_PENDING,,FULL
2026-09-10,DTSS,WATCH,RETEST_PENDING,,FULL
2026-09-10,DWTX,WATCH,RETEST_PENDING,,FULL
2026-09-10,DXST,WATCH,RETEST_PENDING,,FULL
2026-09-10,EDSA,READY,RETEST_HELD,,FULL
2026-09-10,EH,REJECTED,,FE-SCREEN-01/M3,
2026-09-10,EHTH,REJECTED,,FE-SCREEN-01/M3,
2026-09-10,EJH,WATCH,RETEST_PENDING,,FULL
2026-09-10,ELAB,FOCUS,BROKEN_NEW_BASE,,FULL
2026-09-10,ELTX,FOCUS,BROKEN_NEW_BASE,,FULL
2026-09-10,EMAT,WATCH,RETEST_PENDING,,FULL
2026-09-10,ENGN,WATCH,RETEST_PENDING,,FULL
2026-09-10,ENGS,WATCH,RETEST_PENDING,,FULL
2026-09-10,ENSC,WATCH,RETEST_PENDING,,FULL
2026-09-10,ENVB,WATCH,RETEST_PENDING,,FULL
2026-09-10,ENVX,READY,RETEST_HELD,,FULL
2026-09-10,EOSE,WATCH,RETEST_PENDING,,FULL
2026-09-10,EPSM,WATCH,RETEST_PENDING,,FULL
2026-09-10,ERNA,WATCH,RETEST_PENDING,,FULL
2026-09-10,ESLA,FOCUS,BROKEN_NEW_BASE,,FULL
2026-09-10,EUDA,WATCH,RETEST_PENDING,,FULL
2026-09-10,EVAX,WATCH,RETEST_PENDING,,FULL
2026-09-10,EVGO,REJECTED,,FE-SCREEN-01/M3,
2026-09-10,FABC,READY,RETEST_HELD,,FULL
2026-09-10,FAC,WATCH,RETEST_PENDING,,FULL
2026-09-10,FBLG,WATCH,RETEST_PENDING,,FULL
2026-09-10,FBYD,FOCUS,BROKEN_NEW_BASE,,FULL
2026-09-10,FEAM,READY,RETEST_HELD,,FULL
2026-09-10,FEED,NO_BARS,,,
2026-09-10,FEMY,WATCH,RETEST_PENDING,,FULL
2026-09-10,FFAI,FOCUS,BROKEN_NEW_BASE,,FULL
2026-09-10,FGNX,WATCH,RETEST_PENDING,,FULL
2026-09-10,FLNA,WATCH,SWEEP_ACTIVE,,FULL
2026-09-10,FLUX,WATCH,RETEST_PENDING,,FULL
2026-09-10,FLYE,WATCH,RETEST_PENDING,,FULL
2026-09-10,FMST,FOCUS,BROKEN_NEW_BASE,,FULL
2026-09-10,FOFO,WATCH,RETEST_PENDING,,FULL
2026-09-10,FRGT,FOCUS,BROKEN_NEW_BASE,,FULL
2026-09-10,FRMM,WATCH,SWEEP_ACTIVE,,FULL
2026-09-10,FTCI,REJECTED,,FE-SCREEN-01/M3,
2026-09-10,FTHM,WATCH,RETEST_IN_PROGRESS,,FULL
2026-09-10,FULC,WATCH,RETEST_PENDING,,FULL
2026-09-10,FUSE,FOCUS,BROKEN_NEW_BASE,,FULL
2026-09-10,FWDI,FOCUS,BASE_FORMING,,FULL
2026-09-10,FXHO,WATCH,RETEST_PENDING,,FULL
2026-09-10,GCL,WATCH,RETEST_PENDING,,FULL
2026-09-10,GCTK,FOCUS,BROKEN_NEW_BASE,,FULL
2026-09-10,GDEV,WATCH,RETEST_PENDING,,FULL
2026-09-10,GDHG,WATCH,RETEST_PENDING,,FULL
2026-09-10,GDTC,WATCH,RETEST_IN_PROGRESS,,FULL
2026-09-10,GLE,WATCH,RETEST_PENDING,,FULL
2026-09-10,GNLN,WATCH,RETEST_PENDING,,FULL
2026-09-10,GNTA,FOCUS,BROKEN_NEW_BASE,,FULL
2026-09-10,GOGO,WATCH,RETEST_IN_PROGRESS,,FULL
2026-09-10,GOVX,FOCUS,BROKEN_NEW_BASE,,FULL
2026-09-10,GRI,REJECTED,,FE-SCREEN-01/M3,
2026-09-10,GSIW,READY,PRESS_RECLAIM,,FULL
2026-09-10,GWAV,FOCUS,BASE_FORMING,,FULL
2026-09-10,HAO,REJECTED,,FE-SCREEN-01/M3,
2026-09-10,HCAI,READY,RETEST_HELD,,FULL
2026-09-10,HCTI,WATCH,SWEEP_ACTIVE,,FULL
2026-09-10,HIT,WATCH,RETEST_IN_PROGRESS,,FULL
2026-09-10,HOLO,WATCH,RETEST_PENDING,,FULL
2026-09-10,HTCO,WATCH,RETEST_PENDING,,FULL
2026-09-10,HTCR,FOCUS,BROKEN_NEW_BASE,,FULL
2026-09-10,HTZ,WATCH,RETEST_PENDING,,FULL
2026-09-10,HUMA,READY,RETEST_HELD,,FULL
2026-09-10,HXHX,WATCH,RETEST_PENDING,,FULL
2026-09-10,HYFM,WATCH,RETEST_PENDING,,FULL
2026-09-10,HYPD,WATCH,RETEST_PENDING,,FULL
2026-09-10,IBG,WATCH,RETEST_PENDING,,FULL
2026-09-10,ICON,READY,RETEST_HELD,,FULL
2026-09-10,ICU,READY,PRESS_RECLAIM,,FULL
2026-09-10,ILLR,NO_BARS,,,
2026-09-10,IMSR,WATCH,RETEST_PENDING,,FULL
2026-09-10,INBS,WATCH,RETEST_PENDING,,FULL
2026-09-10,INLF,WATCH,RETEST_PENDING,,FULL
2026-09-10,INTJ,FOCUS,BROKEN_NEW_BASE,,FULL
2026-09-10,INTS,WATCH,RETEST_IN_PROGRESS,,FULL
2026-09-10,IPW,FOCUS,BROKEN_NEW_BASE,,FULL
2026-09-10,ISPC,WATCH,RETEST_IN_PROGRESS,,FULL
2026-09-10,IVF,READY,RETEST_HELD,,FULL
2026-09-10,IXHL,WATCH,RETEST_PENDING,,FULL
2026-09-10,JBDI,WATCH,RETEST_PENDING,,FULL
2026-09-10,JDZG,WATCH,RETEST_PENDING,,FULL
2026-09-10,JFIN,FOCUS,BROKEN_NEW_BASE,,FULL
2026-09-10,JLHL,WATCH,RETEST_PENDING,,FULL
2026-09-10,JSPR,WATCH,RETEST_PENDING,,FULL
2026-09-10,JTAI,WATCH,SWEEP_ACTIVE,,FULL
2026-09-10,JYD,WATCH,RETEST_PENDING,,FULL
2026-09-10,JZXN,READY,RETEST_HELD,,FULL
2026-09-10,KG,FOCUS,BROKEN_NEW_BASE,,FULL
2026-09-10,KITT,FOCUS,BROKEN_NEW_BASE,,FULL
2026-09-10,KMRK,WATCH,RETEST_PENDING,,FULL
2026-09-10,KPTI,WATCH,SWEEP_ACTIVE,,FULL
2026-09-10,KRRO,WATCH,RETEST_PENDING,,FULL
2026-09-10,KSCP,READY,PRESS_RECLAIM,,FULL
2026-09-10,KTTA,WATCH,RETEST_PENDING,,FULL
2026-09-10,LAES,READY,RETEST_HELD,,FULL
2026-09-10,LASE,FOCUS,BROKEN_NEW_BASE,,FULL
2026-09-10,LHAI,WATCH,RETEST_PENDING,,FULL
2026-09-10,LICN,WATCH,RETEST_PENDING,,FULL
2026-09-10,LIMN,READY,RETEST_HELD,,FULL
2026-09-10,LNAI,WATCH,RETEST_PENDING,,FULL
2026-09-10,LNZA,WATCH,RETEST_PENDING,,FULL
2026-09-10,LTBR,READY,RETEST_HELD,,FULL
2026-09-10,LWLG,READY,PRESS_RECLAIM,,FULL
2026-09-10,LX,REJECTED,,FE-SCREEN-01/M3,
2026-09-10,LZMH,WATCH,RETEST_PENDING,,FULL
2026-09-10,MBRX,WATCH,RETEST_PENDING,,FULL
2026-09-10,MCRB,WATCH,RETEST_PENDING,,FULL
2026-09-10,MDXH,WATCH,RETEST_PENDING,,FULL
2026-09-10,MEDS,READY,RETEST_HELD,,FULL
2026-09-10,METC,WATCH,RETEST_PENDING,,FULL
2026-09-10,MF,WATCH,RETEST_PENDING,,FULL
2026-09-10,MGRX,WATCH,RETEST_PENDING,,FULL
2026-09-10,MIND,REJECTED,,FE-SCREEN-01/M3,
2026-09-10,MKZR,WATCH,RETEST_PENDING,,FULL
2026-09-10,MNTS,READY,RETEST_HELD,,FULL
2026-09-10,MOBX,READY,PRESS_RECLAIM,,FULL
2026-09-10,MRLN,FOCUS,BROKEN_NEW_BASE,,FULL
2026-09-10,MRM,WATCH,RETEST_PENDING,,FULL
2026-09-10,MSAI,READY,RETEST_HELD,,FULL
2026-09-10,MSGY,READY,PRESS_RECLAIM,,FULL
2026-09-10,MTEK,REJECTED,,FE-SCREEN-01/M3,
2026-09-10,MTVA,WATCH,RETEST_PENDING,,FULL
2026-09-10,MVIS,REJECTED,,FE-SCREEN-01/M3,
2026-09-10,MYSZ,REJECTED,,FE-SCREEN-01/M3,
2026-09-10,NAKA,WATCH,RETEST_PENDING,,FULL
2026-09-10,NAMI,FOCUS,BROKEN_NEW_BASE,,FULL
2026-09-10,NAMM,READY,RETEST_HELD,,FULL
2026-09-10,NBP,WATCH,RETEST_PENDING,,FULL
2026-09-10,NCI,WATCH,RETEST_PENDING,,FULL
2026-09-10,NCNA,WATCH,RETEST_IN_PROGRESS,,FULL
2026-09-10,NCRA,WATCH,RETEST_PENDING,,FULL
2026-09-10,NEGG,WATCH,RETEST_PENDING,,FULL
2026-09-10,NEON,WATCH,RETEST_PENDING,,FULL
2026-09-10,NEXR,FOCUS,BROKEN_NEW_BASE,,FULL
2026-09-10,NIKI,FOCUS,BROKEN_NEW_BASE,,FULL
2026-09-10,NIPG,WATCH,RETEST_PENDING,,FULL
2026-09-10,NIVF,FOCUS,BROKEN_NEW_BASE,,FULL
2026-09-10,NIXX,WATCH,RETEST_IN_PROGRESS,,FULL
2026-09-10,NNNN,WATCH,SWEEP_ACTIVE,,FULL
2026-09-10,NPT,WATCH,RETEST_PENDING,,FULL
2026-09-10,NRSN,WATCH,RETEST_PENDING,,FULL
2026-09-10,NTCL,FOCUS,BROKEN_NEW_BASE,,FULL
2026-09-10,NTHI,WATCH,RETEST_PENDING,,FULL
2026-09-10,NTRP,WATCH,RETEST_PENDING,,FULL
2026-09-10,NUWE,FOCUS,BROKEN_NEW_BASE,,FULL
2026-09-10,NVNI,NO_BARS,,,
2026-09-10,NVX,FOCUS,BROKEN_NEW_BASE,,FULL
2026-09-10,NXTS,WATCH,RETEST_PENDING,,FULL
2026-09-10,ODD,FOCUS,BASE_FORMING,,FULL
2026-09-10,OFAL,WATCH,RETEST_PENDING,,FULL
2026-09-10,OIO,WATCH,RETEST_IN_PROGRESS,,FULL
2026-09-10,OMEX,WATCH,RETEST_PENDING,,FULL
2026-09-10,ONCO,REJECTED,,FE-SCREEN-01/M3,
2026-09-10,OPEN,WATCH,SWEEP_ACTIVE,,FULL
2026-09-10,ORBS,WATCH,RETEST_PENDING,,FULL
2026-09-10,OTLK,WATCH,RETEST_IN_PROGRESS,,FULL
2026-09-10,PARA,FOCUS,BROKEN_NEW_BASE,,FULL
2026-09-10,PCSA,WATCH,RETEST_PENDING,,FULL
2026-09-10,PHIO,WATCH,RETEST_PENDING,,FULL
2026-09-10,PHOE,WATCH,RETEST_PENDING,,FULL
2026-09-10,PLCE,WATCH,RETEST_PENDING,,FULL
2026-09-10,PLSM,FOCUS,BROKEN_NEW_BASE,,FULL
2026-09-10,PLYX,READY,RETEST_HELD,,FULL
2026-09-10,PMAX,FOCUS,BROKEN_NEW_BASE,,FULL
2026-09-10,PN,WATCH,SWEEP_ACTIVE,,FULL
2026-09-10,POLA,WATCH,SWEEP_ACTIVE,,FULL
2026-09-10,POM,WATCH,RETEST_PENDING,,FULL
2026-09-10,PPBT,WATCH,RETEST_PENDING,,FULL
2026-09-10,PROP,FOCUS,BROKEN_NEW_BASE,,FULL
2026-09-10,PRSO,FOCUS,BROKEN_NEW_BASE,,FULL
2026-09-10,PSNY,FOCUS,BROKEN_NEW_BASE,,FULL
2026-09-10,PTLE,WATCH,RETEST_PENDING,,FULL
2026-09-10,PULM,REJECTED,,FE-SCREEN-01/M3,
2026-09-10,PWCM,WATCH,RETEST_PENDING,,FULL
2026-09-10,QCLS,FOCUS,BROKEN_NEW_BASE,,FULL
2026-09-10,QNCX,WATCH,RETEST_PENDING,,FULL
2026-09-10,QNRX,WATCH,RETEST_PENDING,,FULL
2026-09-10,QNTM,WATCH,RETEST_PENDING,,FULL
2026-09-10,QS,WATCH,RETEST_IN_PROGRESS,,FULL
2026-09-10,QSI,READY,RETEST_HELD,,FULL
2026-09-10,QTEX,READY,BASE_HELD,,FULL
2026-09-10,QUCY,WATCH,RETEST_PENDING,,FULL
2026-09-10,RAIN,FOCUS,BROKEN_NEW_BASE,,FULL
2026-09-10,RAYA,READY,RETEST_HELD,,FULL
2026-09-10,RBNE,WATCH,RETEST_PENDING,,FULL
2026-09-10,RDGT,WATCH,RETEST_PENDING,,FULL
2026-09-10,REKR,FOCUS,BROKEN_NEW_BASE,,FULL
2026-09-10,RENX,WATCH,RETEST_PENDING,,FULL
2026-09-10,REVB,REJECTED,,FE-SCREEN-01/M3,
2026-09-10,RGC,WATCH,RETEST_PENDING,,FULL
2026-09-10,RGTI,WATCH,RETEST_PENDING,,FULL
2026-09-10,RKDA,REJECTED,,FE-SCREEN-01/M3,
2026-09-10,RKTO,WATCH,SWEEP_ACTIVE,,FULL
2026-09-10,RNAZ,WATCH,SWEEP_ACTIVE,,FULL
2026-09-10,RPID,FOCUS,BROKEN_NEW_BASE,,FULL
2026-09-10,RR,WATCH,RETEST_PENDING,,FULL
2026-09-10,RVSN,READY,RETEST_HELD,,FULL
2026-09-10,RZLV,FOCUS,BASE_FORMING,,FULL
2026-09-10,SAGT,READY,PRESS_RECLAIM,,FULL
2026-09-10,SBFM,READY,RETEST_HELD,,FULL
2026-09-10,SCKT,FOCUS,BASE_FORMING,,FULL
2026-09-10,SCLX,WATCH,SWEEP_ACTIVE,,FULL
2026-09-10,SCNI,REJECTED,,FE-SCREEN-01/M3,
2026-09-10,SDA,FOCUS,BROKEN_NEW_BASE,,FULL
2026-09-10,SERV,READY,RETEST_HELD,,FULL
2026-09-10,SEV,WATCH,RETEST_PENDING,,FULL
2026-09-10,SHPH,WATCH,RETEST_PENDING,,FULL
2026-09-10,SILO,FOCUS,BROKEN_NEW_BASE,,FULL
2026-09-10,SKIN,WATCH,RETEST_PENDING,,FULL
2026-09-10,SKYA,WATCH,RETEST_PENDING,,FULL
2026-09-10,SKYE,WATCH,RETEST_PENDING,,FULL
2026-09-10,SLDP,WATCH,RETEST_PENDING,,FULL
2026-09-10,SLE,FOCUS,BASE_FORMING,,FULL
2026-09-10,SLNH,WATCH,RETEST_PENDING,,FULL
2026-09-10,SNAL,WATCH,RETEST_PENDING,,FULL
2026-09-10,SNES,FOCUS,BROKEN_NEW_BASE,,FULL
2026-09-10,SNOA,WATCH,RETEST_PENDING,,FULL
2026-09-10,SNTG,READY,RETEST_HELD,,FULL
2026-09-10,SONM,WATCH,RETEST_IN_PROGRESS,,FULL
2026-09-10,SOWG,WATCH,RETEST_PENDING,,FULL
2026-09-10,SPRB,WATCH,RETEST_PENDING,,FULL
2026-09-10,SPRC,WATCH,RETEST_PENDING,,FULL
2026-09-10,SQFT,FOCUS,BROKEN_NEW_BASE,,FULL
2026-09-10,STAK,READY,RETEST_HELD,,FULL
2026-09-10,STEX,READY,RETEST_HELD,,FULL
2026-09-10,STFS,WATCH,RETEST_PENDING,,FULL
2026-09-10,STI,WATCH,RETEST_PENDING,,FULL
2026-09-10,STKE,WATCH,RETEST_PENDING,,FULL
2026-09-10,STKH,FOCUS,BROKEN_NEW_BASE,,FULL
2026-09-10,SUPX,WATCH,RETEST_PENDING,,FULL
2026-09-10,TAOP,WATCH,RETEST_PENDING,,FULL
2026-09-10,TDIC,FOCUS,BROKEN_NEW_BASE,,FULL
2026-09-10,TDTH,WATCH,RETEST_PENDING,,FULL
2026-09-10,TDUP,READY,PRESS_RECLAIM,,FULL
2026-09-10,TEAD,WATCH,RETEST_IN_PROGRESS,,FULL
2026-09-10,TGHL,WATCH,RETEST_PENDING,,FULL
2026-09-10,TGL,WATCH,RETEST_PENDING,,FULL
2026-09-10,THH,WATCH,RETEST_PENDING,,FULL
2026-09-10,TIL,READY,BASE_HELD,,FULL
2026-09-10,TLRY,WATCH,RETEST_IN_PROGRESS,,FULL
2026-09-10,TOYO,READY,BASE_HELD,,FULL
2026-09-10,TRAW,WATCH,RETEST_PENDING,,FULL
2026-09-10,TRIB,WATCH,RETEST_IN_PROGRESS,,FULL
2026-09-10,TURB,WATCH,RETEST_PENDING,,FULL
2026-09-10,TVGN,WATCH,RETEST_PENDING,,FULL
2026-09-10,TVRD,READY,RETEST_HELD,,FULL
2026-09-10,TYGO,WATCH,RETEST_IN_PROGRESS,,FULL
2026-09-10,UCAR,REJECTED,,FE-SCREEN-01/M4_RANGE,
2026-09-10,UCL,WATCH,RETEST_PENDING,,FULL
2026-09-10,UFG,WATCH,RETEST_PENDING,,FULL
2026-09-10,UONE,READY,RETEST_HELD,,FULL
2026-09-10,UPC,WATCH,RETEST_PENDING,,FULL
2026-09-10,UPLD,REJECTED,,FE-SCREEN-01/M3,
2026-09-10,UPXI,WATCH,RETEST_PENDING,,FULL
2026-09-10,VBIO,FOCUS,BROKEN_NEW_BASE,,FULL
2026-09-10,VEEA,WATCH,RETEST_PENDING,,FULL
2026-09-10,VEEE,WATCH,RETEST_IN_PROGRESS,,FULL
2026-09-10,VERI,WATCH,RETEST_IN_PROGRESS,,FULL
2026-09-10,VRXA,WATCH,RETEST_PENDING,,FULL
2026-09-10,VSA,WATCH,RETEST_IN_PROGRESS,,FULL
2026-09-10,VSME,FOCUS,BROKEN_NEW_BASE,,FULL
2026-09-10,WBUY,WATCH,RETEST_PENDING,,FULL
2026-09-10,WFF,WATCH,RETEST_PENDING,,FULL
2026-09-10,WKHS,WATCH,RETEST_PENDING,,FULL
2026-09-10,WKSP,WATCH,RETEST_IN_PROGRESS,,FULL
2026-09-10,WLDS,WATCH,RETEST_PENDING,,FULL
2026-09-10,WNW,READY,RETEST_HELD,,FULL
2026-09-10,WVE,FOCUS,BASE_FORMING,,FULL
2026-09-10,WYHG,READY,PRESS_RECLAIM,,FULL
2026-09-10,XAIR,FOCUS,BROKEN_NEW_BASE,,FULL
2026-09-10,XBP,WATCH,RETEST_PENDING,,FULL
2026-09-10,XCH,FOCUS,BROKEN_NEW_BASE,,FULL
2026-09-10,XCUR,WATCH,RETEST_PENDING,,FULL
2026-09-10,XXII,FOCUS,BROKEN_NEW_BASE,,FULL
2026-09-10,YAAS,FOCUS,BROKEN_NEW_BASE,,FULL
2026-09-10,YDES,WATCH,RETEST_PENDING,,FULL
2026-09-10,YDKG,WATCH,SWEEP_ACTIVE,,FULL
2026-09-10,YI,FOCUS,BROKEN_NEW_BASE,,FULL
2026-09-10,YOUL,WATCH,RETEST_PENDING,,FULL
2026-09-10,YXT,FOCUS,BASE_FORMING,,FULL
2026-09-10,ZCMD,WATCH,RETEST_PENDING,,FULL
2026-09-10,ZDAI,WATCH,RETEST_PENDING,,FULL
2026-09-10,ZENA,WATCH,RETEST_PENDING,,FULL
2026-09-10,ZJYL,WATCH,RETEST_PENDING,,FULL
2026-09-10,ZYBT,WATCH,RETEST_PENDING,,FULL
2026-09-11,AARD,FOCUS,BROKEN_NEW_BASE,,FULL
2026-09-11,ABAT,WATCH,RETEST_PENDING,,FULL
2026-09-11,ABTC,WATCH,RETEST_PENDING,,FULL
2026-09-11,ABTS,WATCH,RETEST_PENDING,,FULL
2026-09-11,ACON,WATCH,RETEST_PENDING,,FULL
2026-09-11,ACXP,READY,RETEST_HELD,,FULL
2026-09-11,ADGM,WATCH,RETEST_PENDING,,FULL
2026-09-11,AEI,WATCH,RETEST_IN_PROGRESS,,FULL
2026-09-11,AEMD,FOCUS,BROKEN_NEW_BASE,,FULL
2026-09-11,AGMH,WATCH,RETEST_PENDING,,FULL
2026-09-11,AHMA,WATCH,RETEST_PENDING,,FULL
2026-09-11,AIFA,WATCH,RETEST_PENDING,,FULL
2026-09-11,AIFC,WATCH,RETEST_PENDING,,FULL
2026-09-11,AIIO,WATCH,RETEST_IN_PROGRESS,,FULL
2026-09-11,AIOS,WATCH,RETEST_PENDING,,FULL
2026-09-11,AISP,REJECTED,,FE-SCREEN-01/M3,
2026-09-11,AKAN,FOCUS,BROKEN_NEW_BASE,,FULL
2026-09-11,AKTX,WATCH,RETEST_PENDING,,FULL
2026-09-11,ALAR,WATCH,RETEST_PENDING,,FULL
2026-09-11,ANPA,FOCUS,BROKEN_NEW_BASE,,FULL
2026-09-11,ANY,WATCH,RETEST_PENDING,,FULL
2026-09-11,APVO,FOCUS,BROKEN_NEW_BASE,,FULL
2026-09-11,AQMS,FOCUS,BROKEN_NEW_BASE,,FULL
2026-09-11,ARBE,WATCH,RETEST_PENDING,,FULL
2026-09-11,ARTL,WATCH,RETEST_PENDING,,FULL
2026-09-11,ASPC,READY,RETEST_HELD,,FULL
2026-09-11,ASTC,WATCH,RETEST_PENDING,,FULL
2026-09-11,ATGL,WATCH,SWEEP_ACTIVE,,FULL
2026-09-11,ATPC,READY,RETEST_HELD,,FULL
2026-09-11,ATXG,WATCH,RETEST_PENDING,,FULL
2026-09-11,ATYR,WATCH,RETEST_IN_PROGRESS,,FULL
2026-09-11,AUUD,WATCH,RETEST_PENDING,,FULL
2026-09-11,AZI,WATCH,RETEST_PENDING,,FULL
2026-09-11,AZIO,WATCH,RETEST_IN_PROGRESS,,FULL
2026-09-11,BCTX,WATCH,RETEST_PENDING,,FULL
2026-09-11,BENF,FOCUS,BROKEN_NEW_BASE,,FULL
2026-09-11,BGDE,WATCH,RETEST_PENDING,,FULL
2026-09-11,BIOX,WATCH,RETEST_PENDING,,FULL
2026-09-11,BIYA,WATCH,RETEST_PENDING,,FULL
2026-09-11,BKYI,REJECTED,,FE-SCREEN-01/M3,
2026-09-11,BLNE,WATCH,RETEST_PENDING,,FULL
2026-09-11,BLNK,WATCH,RETEST_PENDING,,FULL
2026-09-11,BMGL,READY,RETEST_HELD,,FULL
2026-09-11,BNAI,FOCUS,BROKEN_NEW_BASE,,FULL
2026-09-11,BNKK,WATCH,RETEST_PENDING,,FULL
2026-09-11,BOXL,WATCH,RETEST_PENDING,,FULL
2026-09-11,BRAI,READY,RETEST_HELD,,FULL
2026-09-11,BTCS,WATCH,RETEST_PENDING,,FULL
2026-09-11,BTQ,FOCUS,BROKEN_NEW_BASE,,FULL
2026-09-11,BYAH,FOCUS,BROKEN_NEW_BASE,,FULL
2026-09-11,BYND,WATCH,SWEEP_ACTIVE,,FULL
2026-09-11,BYRN,REJECTED,,FE-SCREEN-01/M3,
2026-09-11,BZAI,WATCH,RETEST_PENDING,,FULL
2026-09-11,CALC,FOCUS,BROKEN_NEW_BASE,,FULL
2026-09-11,CAPR,WATCH,RETEST_PENDING,,FULL
2026-09-11,CAR,WATCH,SWEEP_ACTIVE,,FULL
2026-09-11,CAST,WATCH,RETEST_PENDING,,FULL
2026-09-11,CCHH,READY,RETEST_HELD,,FULL
2026-09-11,CCTG,READY,PRESS_RECLAIM,,FULL
2026-09-11,CD,WATCH,RETEST_PENDING,,FULL
2026-09-11,CDIO,WATCH,RETEST_PENDING,,FULL
2026-09-11,CDLX,WATCH,RETEST_PENDING,,FULL
2026-09-11,CELZ,WATCH,RETEST_PENDING,,FULL
2026-09-11,CETY,FOCUS,BASE_FORMING,,FULL
2026-09-11,CGTL,WATCH,RETEST_PENDING,,FULL
2026-09-11,CHGA,FOCUS,BROKEN_NEW_BASE,,FULL
2026-09-11,CHR,WATCH,RETEST_PENDING,,FULL
2026-09-11,CHSN,WATCH,RETEST_IN_PROGRESS,,FULL
2026-09-11,CIIT,READY,RETEST_HELD,,FULL
2026-09-11,CIRC,WATCH,RETEST_PENDING,,FULL
2026-09-11,CLIK,FOCUS,BROKEN_NEW_BASE,,FULL
2026-09-11,CLNN,WATCH,SWEEP_ACTIVE,,FULL
2026-09-11,CMCT,WATCH,RETEST_PENDING,,FULL
2026-09-11,CMTL,WATCH,SWEEP_ACTIVE,,FULL
2026-09-11,CNCK,WATCH,RETEST_PENDING,,FULL
2026-09-11,CNEY,WATCH,RETEST_PENDING,,FULL
2026-09-11,CNSY,FOCUS,BROKEN_NEW_BASE,,FULL
2026-09-11,CODX,WATCH,RETEST_PENDING,,FULL
2026-09-11,COOT,FOCUS,BASE_FORMING,,FULL
2026-09-11,CRIS,FOCUS,BROKEN_NEW_BASE,,FULL
2026-09-11,CSAI,WATCH,RETEST_PENDING,,FULL
2026-09-11,CTNT,FOCUS,BROKEN_NEW_BASE,,FULL
2026-09-11,CTXR,WATCH,RETEST_PENDING,,FULL
2026-09-11,CUPR,WATCH,RETEST_PENDING,,FULL
2026-09-11,CVKD,REJECTED,,FE-SCREEN-01/M3,
2026-09-11,CVRX,WATCH,RETEST_PENDING,,FULL
2026-09-11,CWD,WATCH,RETEST_PENDING,,FULL
2026-09-11,CXAI,FOCUS,BROKEN_NEW_BASE,,FULL
2026-09-11,CYCU,WATCH,RETEST_PENDING,,FULL
2026-09-11,CYN,FOCUS,BROKEN_NEW_BASE,,FULL
2026-09-11,DCOY,WATCH,SWEEP_ACTIVE,,FULL
2026-09-11,DCX,FOCUS,BROKEN_NEW_BASE,,FULL
2026-09-11,DEFT,WATCH,RETEST_PENDING,,FULL
2026-09-11,DFDV,FOCUS,BASE_FORMING,,FULL
2026-09-11,DFLI,WATCH,RETEST_IN_PROGRESS,,FULL
2026-09-11,DFSC,WATCH,RETEST_PENDING,,FULL
2026-09-11,DGNX,WATCH,RETEST_PENDING,,FULL
2026-09-11,DKI,FOCUS,BROKEN_NEW_BASE,,FULL
2026-09-11,DLXY,WATCH,RETEST_PENDING,,FULL
2026-09-11,DOGZ,WATCH,RETEST_IN_PROGRESS,,FULL
2026-09-11,DRCT,NO_BARS,,,
2026-09-11,DRMA,REJECTED,,FE-SCREEN-01/M3,
2026-09-11,DSY,WATCH,RETEST_PENDING,,FULL
2026-09-11,DTSS,WATCH,RETEST_PENDING,,FULL
2026-09-11,DWTX,WATCH,RETEST_PENDING,,FULL
2026-09-11,DXST,WATCH,RETEST_PENDING,,FULL
2026-09-11,EDSA,READY,RETEST_HELD,,FULL
2026-09-11,EHGO,READY,PRESS_RECLAIM,,FULL
2026-09-11,EHTH,REJECTED,,FE-SCREEN-01/M3,
2026-09-11,EJH,WATCH,RETEST_IN_PROGRESS,,FULL
2026-09-11,ELAB,FOCUS,BROKEN_NEW_BASE,,FULL
2026-09-11,ELTX,FOCUS,BROKEN_NEW_BASE,,FULL
2026-09-11,EMAT,WATCH,RETEST_PENDING,,FULL
2026-09-11,ENGN,WATCH,RETEST_PENDING,,FULL
2026-09-11,ENGS,WATCH,RETEST_PENDING,,FULL
2026-09-11,ENLV,FOCUS,BROKEN_NEW_BASE,,FULL
2026-09-11,ENSC,WATCH,RETEST_PENDING,,FULL
2026-09-11,ENVB,WATCH,RETEST_PENDING,,FULL
2026-09-11,EOSE,WATCH,RETEST_PENDING,,FULL
2026-09-11,EPSM,WATCH,RETEST_PENDING,,FULL
2026-09-11,ERNA,WATCH,RETEST_PENDING,,FULL
2026-09-11,ESLA,FOCUS,BROKEN_NEW_BASE,,FULL
2026-09-11,EUDA,WATCH,RETEST_PENDING,,FULL
2026-09-11,EVAX,WATCH,RETEST_IN_PROGRESS,,FULL
2026-09-11,EVGO,REJECTED,,FE-SCREEN-01/M3,
2026-09-11,EZGO,REJECTED,,FE-SCREEN-01/M3,
2026-09-11,EZRA,WATCH,RETEST_PENDING,,FULL
2026-09-11,FAC,WATCH,RETEST_PENDING,,FULL
2026-09-11,FBLG,WATCH,RETEST_PENDING,,FULL
2026-09-11,FBYD,FOCUS,BROKEN_NEW_BASE,,FULL
2026-09-11,FEAM,REJECTED,,FE-SCREEN-01/SOFT,
2026-09-11,FEMY,WATCH,RETEST_PENDING,,FULL
2026-09-11,FLNA,WATCH,SWEEP_ACTIVE,,FULL
2026-09-11,FLUX,WATCH,RETEST_PENDING,,FULL
2026-09-11,FLYE,WATCH,RETEST_PENDING,,FULL
2026-09-11,FMST,FOCUS,BROKEN_NEW_BASE,,FULL
2026-09-11,FOFO,WATCH,RETEST_PENDING,,FULL
2026-09-11,FRGT,FOCUS,BROKEN_NEW_BASE,,FULL
2026-09-11,FRMM,FOCUS,BROKEN_NEW_BASE,,FULL
2026-09-11,FTCI,REJECTED,,FE-SCREEN-01/M3,
2026-09-11,FTHM,WATCH,RETEST_IN_PROGRESS,,FULL
2026-09-11,FULC,WATCH,RETEST_PENDING,,FULL
2026-09-11,FUSE,FOCUS,BROKEN_NEW_BASE,,FULL
2026-09-11,FXHO,WATCH,RETEST_PENDING,,FULL
2026-09-11,GAUZ,WATCH,RETEST_PENDING,,FULL
2026-09-11,GCL,WATCH,RETEST_PENDING,,FULL
2026-09-11,GCTK,FOCUS,BROKEN_NEW_BASE,,FULL
2026-09-11,GDHG,WATCH,RETEST_PENDING,,FULL
2026-09-11,GDTC,WATCH,RETEST_IN_PROGRESS,,FULL
2026-09-11,GLE,WATCH,RETEST_PENDING,,FULL
2026-09-11,GNLN,WATCH,RETEST_PENDING,,FULL
2026-09-11,GNPX,FOCUS,BROKEN_NEW_BASE,,FULL
2026-09-11,GNTA,FOCUS,BROKEN_NEW_BASE,,FULL
2026-09-11,GOGO,READY,RETEST_HELD,,FULL
2026-09-11,GOVX,FOCUS,BROKEN_NEW_BASE,,FULL
2026-09-11,GRAN,FOCUS,BROKEN_NEW_BASE,,FULL
2026-09-11,GRI,REJECTED,,FE-SCREEN-01/M3,
2026-09-11,GVH,WATCH,RETEST_IN_PROGRESS,,FULL
2026-09-11,GWAV,FOCUS,BASE_FORMING,,FULL
2026-09-11,HAO,REJECTED,,FE-SCREEN-01/M3,
2026-09-11,HCTI,WATCH,SWEEP_ACTIVE,,FULL
2026-09-11,HIT,READY,RETEST_HELD,,FULL
2026-09-11,HOLO,WATCH,RETEST_IN_PROGRESS,,FULL
2026-09-11,HTCO,WATCH,RETEST_PENDING,,FULL
2026-09-11,HTCR,FOCUS,BROKEN_NEW_BASE,,FULL
2026-09-11,HTZ,WATCH,RETEST_PENDING,,FULL
2026-09-11,HUMA,READY,RETEST_HELD,,FULL
2026-09-11,HYFM,WATCH,RETEST_PENDING,,FULL
2026-09-11,HYPD,WATCH,RETEST_PENDING,,FULL
2026-09-11,IBG,WATCH,RETEST_PENDING,,FULL
2026-09-11,ICCM,READY,PRESS_RECLAIM,,FULL
2026-09-11,ICON,READY,RETEST_HELD,,FULL
2026-09-11,ICU,READY,PRESS_RECLAIM,,FULL
2026-09-11,IMNN,WATCH,SWEEP_ACTIVE,,FULL
2026-09-11,IMSR,WATCH,RETEST_PENDING,,FULL
2026-09-11,INBS,WATCH,RETEST_PENDING,,FULL
2026-09-11,INLF,WATCH,RETEST_PENDING,,FULL
2026-09-11,INTJ,FOCUS,BROKEN_NEW_BASE,,FULL
2026-09-11,INTS,WATCH,RETEST_PENDING,,FULL
2026-09-11,INV,FOCUS,BROKEN_NEW_BASE,,FULL
2026-09-11,IPW,FOCUS,BROKEN_NEW_BASE,,FULL
2026-09-11,IVF,READY,RETEST_HELD,,FULL
2026-09-11,IVVD,WATCH,RETEST_PENDING,,FULL
2026-09-11,IXHL,WATCH,RETEST_PENDING,,FULL
2026-09-11,JBDI,WATCH,RETEST_PENDING,,FULL
2026-09-11,JDZG,WATCH,RETEST_PENDING,,FULL
2026-09-11,JFIN,FOCUS,BROKEN_NEW_BASE,,FULL
2026-09-11,JLHL,WATCH,RETEST_PENDING,,FULL
2026-09-11,JSPR,WATCH,RETEST_PENDING,,FULL
2026-09-11,JTAI,FOCUS,BASE_FORMING,,FULL
2026-09-11,JYD,WATCH,RETEST_PENDING,,FULL
2026-09-11,JZXN,READY,RETEST_HELD,,FULL
2026-09-11,KG,FOCUS,BROKEN_NEW_BASE,,FULL
2026-09-11,KLRS,WATCH,RETEST_IN_PROGRESS,,FULL
2026-09-11,KMRK,WATCH,RETEST_PENDING,,FULL
2026-09-11,KPTI,WATCH,SWEEP_ACTIVE,,FULL
2026-09-11,KRRO,WATCH,RETEST_PENDING,,FULL
2026-09-11,KSCP,READY,BASE_HELD,,FULL
2026-09-11,KTTA,WATCH,RETEST_PENDING,,FULL
2026-09-11,KUST,REJECTED,,FE-SCREEN-01/M3,
2026-09-11,LHAI,WATCH,RETEST_PENDING,,FULL
2026-09-11,LICN,WATCH,RETEST_PENDING,,FULL
2026-09-11,LNAI,WATCH,RETEST_PENDING,,FULL
2026-09-11,LNZA,WATCH,RETEST_PENDING,,FULL
2026-09-11,LWLG,READY,PRESS_RECLAIM,,FULL
2026-09-11,LX,REJECTED,,FE-SCREEN-01/M3,
2026-09-11,LZMH,WATCH,RETEST_PENDING,,FULL
2026-09-11,MBRX,WATCH,RETEST_PENDING,,FULL
2026-09-11,MCRB,WATCH,RETEST_PENDING,,FULL
2026-09-11,MDXH,WATCH,RETEST_PENDING,,FULL
2026-09-11,MEDS,READY,RETEST_HELD,,FULL
2026-09-11,METC,WATCH,RETEST_PENDING,,FULL
2026-09-11,MF,WATCH,RETEST_PENDING,,FULL
2026-09-11,MFI,WATCH,RETEST_PENDING,,FULL
2026-09-11,MIND,REJECTED,,FE-SCREEN-01/M3,
2026-09-11,MKZR,WATCH,RETEST_PENDING,,FULL
2026-09-11,MLGO,WATCH,SWEEP_ACTIVE,,FULL
2026-09-11,MNDR,READY,RETEST_HELD,,FULL
2026-09-11,MOBX,READY,PRESS_RECLAIM,,FULL
2026-09-11,MRLN,WATCH,RETEST_IN_PROGRESS,,FULL
2026-09-11,MRM,WATCH,RETEST_IN_PROGRESS,,FULL
2026-09-11,MSAI,READY,RETEST_HELD,,FULL
2026-09-11,MSGY,READY,PRESS_RECLAIM,,FULL
2026-09-11,MSS,REJECTED,,FE-SCREEN-01/M3,
2026-09-11,MTEK,REJECTED,,FE-SCREEN-01/M3,
2026-09-11,MTVA,WATCH,RETEST_PENDING,,FULL
2026-09-11,MVIS,REJECTED,,FE-SCREEN-01/M3,
2026-09-11,MVST,FOCUS,BROKEN_NEW_BASE,,FULL
2026-09-11,MYSZ,REJECTED,,FE-SCREEN-01/M3,
2026-09-11,NAKA,WATCH,RETEST_PENDING,,FULL
2026-09-11,NAMI,FOCUS,BROKEN_NEW_BASE,,FULL
2026-09-11,NAMM,READY,RETEST_HELD,,FULL
2026-09-11,NBP,WATCH,RETEST_PENDING,,FULL
2026-09-11,NCI,WATCH,RETEST_PENDING,,FULL
2026-09-11,NCNA,WATCH,RETEST_IN_PROGRESS,,FULL
2026-09-11,NCRA,WATCH,RETEST_PENDING,,FULL
2026-09-11,NEON,WATCH,RETEST_IN_PROGRESS,,FULL
2026-09-11,NEXR,FOCUS,BROKEN_NEW_BASE,,FULL
2026-09-11,NIKI,FOCUS,BROKEN_NEW_BASE,,FULL
2026-09-11,NIPG,WATCH,RETEST_PENDING,,FULL
2026-09-11,NIVF,FOCUS,BROKEN_NEW_BASE,,FULL
2026-09-11,NIXX,WATCH,RETEST_IN_PROGRESS,,FULL
2026-09-11,NKLR,WATCH,RETEST_PENDING,,FULL
2026-09-11,NNNN,READY,PRESS_RECLAIM,,FULL
2026-09-11,NTCL,FOCUS,BROKEN_NEW_BASE,,FULL
2026-09-11,NTHI,WATCH,RETEST_PENDING,,FULL
2026-09-11,NTRP,WATCH,RETEST_PENDING,,FULL
2026-09-11,NUWE,FOCUS,BROKEN_NEW_BASE,,FULL
2026-09-11,NVNI,NO_BARS,,,
2026-09-11,NVX,FOCUS,BROKEN_NEW_BASE,,FULL
2026-09-11,NXAT,READY,PRESS_RECLAIM,,FULL
2026-09-11,NXTS,WATCH,RETEST_PENDING,,FULL
2026-09-11,ODD,FOCUS,BASE_FORMING,,FULL
2026-09-11,OFAL,WATCH,RETEST_IN_PROGRESS,,FULL
2026-09-11,OIO,WATCH,RETEST_IN_PROGRESS,,FULL
2026-09-11,OM,FOCUS,BROKEN_NEW_BASE,,FULL
2026-09-11,OMEX,WATCH,RETEST_PENDING,,FULL
2026-09-11,ONCO,REJECTED,,FE-SCREEN-01/M3,
2026-09-11,ONFO,FOCUS,BROKEN_NEW_BASE,,FULL
2026-09-11,OPEN,FOCUS,BROKEN_NEW_BASE,,FULL
2026-09-11,ORBS,WATCH,RETEST_PENDING,,FULL
2026-09-11,ORGO,WATCH,SWEEP_ACTIVE,,FULL
2026-09-11,OTLK,READY,RETEST_HELD,,FULL
2026-09-11,PAVM,WATCH,RETEST_IN_PROGRESS,,FULL
2026-09-11,PCSA,WATCH,RETEST_IN_PROGRESS,,FULL
2026-09-11,PHIO,WATCH,RETEST_PENDING,,FULL
2026-09-11,PHOE,WATCH,RETEST_PENDING,,FULL
2026-09-11,PLCE,WATCH,RETEST_PENDING,,FULL
2026-09-11,PLSM,FOCUS,BROKEN_NEW_BASE,,FULL
2026-09-11,PLYX,READY,RETEST_HELD,,FULL
2026-09-11,PMAX,WATCH,RETEST_PENDING,,FULL
2026-09-11,PN,FOCUS,BASE_FORMING,,FULL
2026-09-11,POLA,WATCH,SWEEP_ACTIVE,,FULL
2026-09-11,POM,WATCH,RETEST_PENDING,,FULL
2026-09-11,PPBT,WATCH,RETEST_PENDING,,FULL
2026-09-11,PROP,FOCUS,BROKEN_NEW_BASE,,FULL
2026-09-11,PRSO,FOCUS,BROKEN_NEW_BASE,,FULL
2026-09-11,PSNY,FOCUS,BROKEN_NEW_BASE,,FULL
2026-09-11,PTLE,WATCH,RETEST_PENDING,,FULL
2026-09-11,PULM,REJECTED,,FE-SCREEN-01/M3,
2026-09-11,PWCM,WATCH,RETEST_IN_PROGRESS,,FULL
2026-09-11,QNCX,WATCH,RETEST_PENDING,,FULL
2026-09-11,QNRX,WATCH,RETEST_PENDING,,FULL
2026-09-11,QNTM,WATCH,RETEST_PENDING,,FULL
2026-09-11,QSI,READY,RETEST_HELD,,FULL
2026-09-11,QUCY,WATCH,RETEST_PENDING,,FULL
2026-09-11,RAIN,FOCUS,BROKEN_NEW_BASE,,FULL
2026-09-11,RAYA,READY,RETEST_HELD,,FULL
2026-09-11,RBNE,WATCH,RETEST_PENDING,,FULL
2026-09-11,RDAC,WATCH,RETEST_PENDING,,FULL
2026-09-11,RDGT,WATCH,RETEST_PENDING,,FULL
2026-09-11,REKR,FOCUS,BROKEN_NEW_BASE,,FULL
2026-09-11,RENT,FOCUS,BROKEN_NEW_BASE,,FULL
2026-09-11,REVB,REJECTED,,FE-SCREEN-01/M3,
2026-09-11,RGC,WATCH,RETEST_PENDING,,FULL
2026-09-11,RGTI,WATCH,RETEST_PENDING,,FULL
2026-09-11,RKDA,REJECTED,,FE-SCREEN-01/M3,
2026-09-11,RKTO,WATCH,SWEEP_ACTIVE,,FULL
2026-09-11,RNAZ,WATCH,SWEEP_ACTIVE,,FULL
2026-09-11,RPID,FOCUS,BROKEN_NEW_BASE,,FULL
2026-09-11,RR,WATCH,RETEST_PENDING,,FULL
2026-09-11,RZLV,FOCUS,BASE_FORMING,,FULL
2026-09-11,SAGT,WATCH,SWEEP_ACTIVE,,FULL
2026-09-11,SBFM,READY,RETEST_HELD,,FULL
2026-09-11,SCKT,FOCUS,BASE_FORMING,,FULL
2026-09-11,SCLX,WATCH,SWEEP_ACTIVE,,FULL
2026-09-11,SDA,FOCUS,BROKEN_NEW_BASE,,FULL
2026-09-11,SEV,WATCH,RETEST_PENDING,,FULL
2026-09-11,SHPH,WATCH,RETEST_PENDING,,FULL
2026-09-11,SILO,FOCUS,BROKEN_NEW_BASE,,FULL
2026-09-11,SKIN,WATCH,RETEST_PENDING,,FULL
2026-09-11,SKYA,WATCH,RETEST_PENDING,,FULL
2026-09-11,SKYE,WATCH,RETEST_PENDING,,FULL
2026-09-11,SLBT,FOCUS,BROKEN_NEW_BASE,,FULL
2026-09-11,SLDP,WATCH,RETEST_PENDING,,FULL
2026-09-11,SLE,FOCUS,BASE_FORMING,,FULL
2026-09-11,SLNH,WATCH,RETEST_IN_PROGRESS,,FULL
2026-09-11,SLXN,READY,PRESS_RECLAIM,,FULL
2026-09-11,SMX,REJECTED,,FE-SCREEN-01/M2_CEIL,
2026-09-11,SMXT,FOCUS,BROKEN_NEW_BASE,,FULL
2026-09-11,SNAL,WATCH,RETEST_IN_PROGRESS,,FULL
2026-09-11,SNES,FOCUS,BROKEN_NEW_BASE,,FULL
2026-09-11,SNOA,WATCH,RETEST_PENDING,,FULL
2026-09-11,SNTG,READY,RETEST_HELD,,FULL
2026-09-11,SOBR,NO_BARS,,,
2026-09-11,SONM,READY,RETEST_HELD,,FULL
2026-09-11,SOWG,WATCH,RETEST_PENDING,,FULL
2026-09-11,SPRB,WATCH,RETEST_PENDING,,FULL
2026-09-11,SPRC,WATCH,RETEST_PENDING,,FULL
2026-09-11,SQFT,FOCUS,BROKEN_NEW_BASE,,FULL
2026-09-11,STAK,READY,RETEST_HELD,,FULL
2026-09-11,STEX,WATCH,SWEEP_ACTIVE,,FULL
2026-09-11,STFS,WATCH,RETEST_PENDING,,FULL
2026-09-11,STI,WATCH,RETEST_PENDING,,FULL
2026-09-11,STKE,WATCH,RETEST_PENDING,,FULL
2026-09-11,STKH,FOCUS,BROKEN_NEW_BASE,,FULL
2026-09-11,SUPX,WATCH,RETEST_PENDING,,FULL
2026-09-11,SVRE,WATCH,RETEST_PENDING,,FULL
2026-09-11,SVRN,WATCH,RETEST_PENDING,,FULL
2026-09-11,TAOP,WATCH,RETEST_PENDING,,FULL
2026-09-11,TDIC,FOCUS,BROKEN_NEW_BASE,,FULL
2026-09-11,TDUP,READY,BASE_HELD,,FULL
2026-09-11,TEAD,WATCH,RETEST_IN_PROGRESS,,FULL
2026-09-11,TGL,WATCH,RETEST_PENDING,,FULL
2026-09-11,THH,WATCH,RETEST_PENDING,,FULL
2026-09-11,TIL,READY,BASE_HELD,,FULL
2026-09-11,TLRY,WATCH,RETEST_IN_PROGRESS,,FULL
2026-09-11,TNYA,WATCH,SWEEP_ACTIVE,,FULL
2026-09-11,TOYO,READY,BASE_HELD,,FULL
2026-09-11,TRAW,WATCH,RETEST_PENDING,,FULL
2026-09-11,TRIB,FOCUS,BROKEN_NEW_BASE,,FULL
2026-09-11,TURB,WATCH,RETEST_PENDING,,FULL
2026-09-11,TVRD,READY,RETEST_HELD,,FULL
2026-09-11,TYGO,READY,RETEST_HELD,,FULL
2026-09-11,UCL,WATCH,RETEST_PENDING,,FULL
2026-09-11,UFG,WATCH,RETEST_PENDING,,FULL
2026-09-11,UONE,READY,RETEST_HELD,,FULL
2026-09-11,UPC,WATCH,RETEST_PENDING,,FULL
2026-09-11,UPLD,REJECTED,,FE-SCREEN-01/M3,
2026-09-11,UPXI,WATCH,RETEST_PENDING,,FULL
2026-09-11,VBIO,FOCUS,BROKEN_NEW_BASE,,FULL
2026-09-11,VEEA,WATCH,RETEST_PENDING,,FULL
2026-09-11,VEEE,WATCH,RETEST_PENDING,,FULL
2026-09-11,VERI,WATCH,RETEST_PENDING,,FULL
2026-09-11,VRXA,WATCH,RETEST_PENDING,,FULL
2026-09-11,VSA,READY,RETEST_HELD,,FULL
2026-09-11,VSME,FOCUS,BROKEN_NEW_BASE,,FULL
2026-09-11,WBUY,WATCH,RETEST_PENDING,,FULL
2026-09-11,WFF,WATCH,RETEST_PENDING,,FULL
2026-09-11,WIMI,REJECTED,,FE-SCREEN-01/M3,
2026-09-11,WKHS,WATCH,RETEST_PENDING,,FULL
2026-09-11,WKSP,READY,PRESS_RECLAIM,,FULL
2026-09-11,WLDS,WATCH,RETEST_PENDING,,FULL
2026-09-11,WNW,READY,RETEST_HELD,,FULL
2026-09-11,WXM,READY,RETEST_HELD,,FULL
2026-09-11,WYHG,READY,PRESS_RECLAIM,,FULL
2026-09-11,XAIR,FOCUS,BROKEN_NEW_BASE,,FULL
2026-09-11,XBP,WATCH,RETEST_PENDING,,FULL
2026-09-11,XCH,FOCUS,BROKEN_NEW_BASE,,FULL
2026-09-11,XCUR,WATCH,RETEST_PENDING,,FULL
2026-09-11,XXII,FOCUS,BROKEN_NEW_BASE,,FULL
2026-09-11,YAAS,FOCUS,BROKEN_NEW_BASE,,FULL
2026-09-11,YDES,WATCH,RETEST_PENDING,,FULL
2026-09-11,YDKG,FOCUS,BROKEN_NEW_BASE,,FULL
2026-09-11,YHC,READY,RETEST_HELD,,FULL
2026-09-11,YOUL,WATCH,RETEST_PENDING,,FULL
2026-09-11,YXT,FOCUS,BASE_FORMING,,FULL
2026-09-11,ZCMD,WATCH,RETEST_PENDING,,FULL
2026-09-11,ZDAI,WATCH,RETEST_PENDING,,FULL
2026-09-11,ZENA,WATCH,RETEST_PENDING,,FULL
2026-09-11,ZJYL,WATCH,RETEST_PENDING,,FULL
2026-09-11,ZOOZ,WATCH,RETEST_PENDING,,FULL
2026-09-11,ZSTK,WATCH,RETEST_PENDING,,FULL
2026-09-11,ZYBT,WATCH,RETEST_PENDING,,FULL
2026-09-12,AARD,REJECTED,,FE-SCREEN-01/M2_FLOOR,
2026-09-12,ABAT,WATCH,RETEST_PENDING,,FULL
2026-09-12,ABTC,WATCH,RETEST_PENDING,,FULL
2026-09-12,ABTS,WATCH,RETEST_PENDING,,FULL
2026-09-12,ACON,WATCH,RETEST_PENDING,,FULL
2026-09-12,ACXP,READY,RETEST_HELD,,FULL
2026-09-12,ADGM,WATCH,RETEST_PENDING,,FULL
2026-09-12,AEI,WATCH,RETEST_IN_PROGRESS,,FULL
2026-09-12,AEMD,FOCUS,BROKEN_NEW_BASE,,FULL
2026-09-12,AGMH,WATCH,RETEST_PENDING,,FULL
2026-09-12,AHMA,WATCH,RETEST_PENDING,,FULL
2026-09-12,AIFA,WATCH,RETEST_PENDING,,FULL
2026-09-12,AIFC,WATCH,RETEST_PENDING,,FULL
2026-09-12,AIIO,READY,RETEST_HELD,,FULL
2026-09-12,AIOS,WATCH,RETEST_PENDING,,FULL
2026-09-12,AISP,REJECTED,,FE-SCREEN-01/M3,
2026-09-12,AKAN,FOCUS,BROKEN_NEW_BASE,,FULL
2026-09-12,AKTX,WATCH,RETEST_PENDING,,FULL
2026-09-12,ALAR,WATCH,RETEST_PENDING,,FULL
2026-09-12,ANPA,FOCUS,BROKEN_NEW_BASE,,FULL
2026-09-12,ANY,WATCH,RETEST_PENDING,,FULL
2026-09-12,APVO,WATCH,RETEST_PENDING,,FULL
2026-09-12,AQMS,FOCUS,BROKEN_NEW_BASE,,FULL
2026-09-12,ARBE,WATCH,RETEST_PENDING,,FULL
2026-09-12,ARTL,WATCH,RETEST_PENDING,,FULL
2026-09-12,ASPC,READY,RETEST_HELD,,FULL
2026-09-12,ASTC,WATCH,RETEST_PENDING,,FULL
2026-09-12,ATGL,FOCUS,BROKEN_NEW_BASE,,FULL
2026-09-12,ATPC,READY,RETEST_HELD,,FULL
2026-09-12,ATXG,WATCH,RETEST_PENDING,,FULL
2026-09-12,ATYR,WATCH,RETEST_IN_PROGRESS,,FULL
2026-09-12,AUUD,WATCH,RETEST_PENDING,,FULL
2026-09-12,AZI,WATCH,RETEST_PENDING,,FULL
2026-09-12,AZIO,READY,RETEST_HELD,,FULL
2026-09-12,BCTX,WATCH,RETEST_PENDING,,FULL
2026-09-12,BENF,REJECTED,,FE-SCREEN-01/M4_RANGE,
2026-09-12,BGDE,WATCH,RETEST_PENDING,,FULL
2026-09-12,BIOX,WATCH,RETEST_PENDING,,FULL
2026-09-12,BIYA,WATCH,RETEST_PENDING,,FULL
2026-09-12,BKYI,REJECTED,,FE-SCREEN-01/M3,
2026-09-12,BLNE,WATCH,RETEST_PENDING,,FULL
2026-09-12,BLNK,WATCH,RETEST_PENDING,,FULL
2026-09-12,BMGL,READY,RETEST_HELD,,FULL
2026-09-12,BNAI,FOCUS,BROKEN_NEW_BASE,,FULL
2026-09-12,BNKK,WATCH,RETEST_PENDING,,FULL
2026-09-12,BOXL,WATCH,RETEST_PENDING,,FULL
2026-09-12,BRAI,READY,RETEST_HELD,,FULL
2026-09-12,BTCS,WATCH,RETEST_PENDING,,FULL
2026-09-12,BTQ,FOCUS,BROKEN_NEW_BASE,,FULL
2026-09-12,BYAH,FOCUS,BROKEN_NEW_BASE,,FULL
2026-09-12,BYND,WATCH,SWEEP_ACTIVE,,FULL
2026-09-12,BYRN,REJECTED,,FE-SCREEN-01/M3,
2026-09-12,BZAI,WATCH,RETEST_PENDING,,FULL
2026-09-12,CALC,FOCUS,BROKEN_NEW_BASE,,FULL
2026-09-12,CAPR,WATCH,RETEST_PENDING,,FULL
2026-09-12,CAR,WATCH,SWEEP_ACTIVE,,FULL
2026-09-12,CAST,WATCH,RETEST_PENDING,,FULL
2026-09-12,CCHH,READY,PRESS_RECLAIM,,FULL
2026-09-12,CCTG,READY,PRESS_RECLAIM,,FULL
2026-09-12,CD,WATCH,RETEST_PENDING,,FULL
2026-09-12,CDIO,WATCH,RETEST_PENDING,,FULL
2026-09-12,CDLX,WATCH,RETEST_PENDING,,FULL
2026-09-12,CELZ,WATCH,RETEST_PENDING,,FULL
2026-09-12,CETY,FOCUS,BASE_FORMING,,FULL
2026-09-12,CGTL,WATCH,RETEST_PENDING,,FULL
2026-09-12,CHGA,FOCUS,BROKEN_NEW_BASE,,FULL
2026-09-12,CHR,WATCH,SWEEP_ACTIVE,,FULL
2026-09-12,CHSN,WATCH,RETEST_IN_PROGRESS,,FULL
2026-09-12,CIIT,READY,RETEST_HELD,,FULL
2026-09-12,CIRC,WATCH,RETEST_PENDING,,FULL
2026-09-12,CLIK,FOCUS,BROKEN_NEW_BASE,,FULL
2026-09-12,CLNN,WATCH,SWEEP_ACTIVE,,FULL
2026-09-12,CMCT,WATCH,RETEST_PENDING,,FULL
2026-09-12,CMTL,WATCH,SWEEP_ACTIVE,,FULL
2026-09-12,CNCK,WATCH,RETEST_PENDING,,FULL
2026-09-12,CNEY,WATCH,RETEST_PENDING,,FULL
2026-09-12,CNSY,FOCUS,BROKEN_NEW_BASE,,FULL
2026-09-12,CODX,WATCH,RETEST_PENDING,,FULL
2026-09-12,COOT,FOCUS,BASE_FORMING,,FULL
2026-09-12,CRIS,FOCUS,BROKEN_NEW_BASE,,FULL
2026-09-12,CSAI,WATCH,RETEST_PENDING,,FULL
2026-09-12,CTNT,FOCUS,BROKEN_NEW_BASE,,FULL
2026-09-12,CTXR,WATCH,RETEST_PENDING,,FULL
2026-09-12,CUPR,WATCH,RETEST_PENDING,,FULL
2026-09-12,CVKD,REJECTED,,FE-SCREEN-01/M3,
2026-09-12,CVRX,WATCH,RETEST_PENDING,,FULL
2026-09-12,CWD,WATCH,RETEST_PENDING,,FULL
2026-09-12,CXAI,FOCUS,BROKEN_NEW_BASE,,FULL
2026-09-12,CYCU,WATCH,RETEST_PENDING,,FULL
2026-09-12,CYN,FOCUS,BROKEN_NEW_BASE,,FULL
2026-09-12,DCOY,WATCH,SWEEP_ACTIVE,,FULL
2026-09-12,DCX,FOCUS,BROKEN_NEW_BASE,,FULL
2026-09-12,DEFT,WATCH,RETEST_PENDING,,FULL
2026-09-12,DFDV,FOCUS,BASE_FORMING,,FULL
2026-09-12,DFLI,READY,RETEST_HELD,,FULL
2026-09-12,DFSC,WATCH,RETEST_PENDING,,FULL
2026-09-12,DGNX,WATCH,RETEST_PENDING,,FULL
2026-09-12,DKI,FOCUS,BROKEN_NEW_BASE,,FULL
2026-09-12,DLXY,WATCH,RETEST_PENDING,,FULL
2026-09-12,DOGZ,WATCH,RETEST_IN_PROGRESS,,FULL
2026-09-12,DRCT,NO_BARS,,,
2026-09-12,DRMA,REJECTED,,FE-SCREEN-01/M3,
2026-09-12,DSY,WATCH,RETEST_PENDING,,FULL
2026-09-12,DTSS,WATCH,RETEST_IN_PROGRESS,,FULL
2026-09-12,DWTX,WATCH,RETEST_PENDING,,FULL
2026-09-12,DXST,WATCH,RETEST_PENDING,,FULL
2026-09-12,EDSA,READY,RETEST_HELD,,FULL
2026-09-12,EHGO,READY,PRESS_RECLAIM,,FULL
2026-09-12,EHTH,REJECTED,,FE-SCREEN-01/M3,
2026-09-12,EJH,WATCH,RETEST_PENDING,,FULL
2026-09-12,ELAB,FOCUS,BROKEN_NEW_BASE,,FULL
2026-09-12,ELTX,FOCUS,BROKEN_NEW_BASE,,FULL
2026-09-12,EMAT,WATCH,RETEST_PENDING,,FULL
2026-09-12,ENGN,WATCH,RETEST_PENDING,,FULL
2026-09-12,ENGS,WATCH,RETEST_PENDING,,FULL
2026-09-12,ENLV,FOCUS,BROKEN_NEW_BASE,,FULL
2026-09-12,ENSC,WATCH,RETEST_PENDING,,FULL
2026-09-12,ENVB,WATCH,RETEST_PENDING,,FULL
2026-09-12,EOSE,WATCH,RETEST_PENDING,,FULL
2026-09-12,EPSM,WATCH,RETEST_PENDING,,FULL
2026-09-12,ERNA,WATCH,RETEST_PENDING,,FULL
2026-09-12,ESLA,FOCUS,BROKEN_NEW_BASE,,FULL
2026-09-12,EUDA,WATCH,RETEST_PENDING,,FULL
2026-09-12,EVAX,WATCH,RETEST_IN_PROGRESS,,FULL
2026-09-12,EVGO,REJECTED,,FE-SCREEN-01/M3,
2026-09-12,EZGO,REJECTED,,FE-SCREEN-01/M3,
2026-09-12,EZRA,WATCH,RETEST_PENDING,,FULL
2026-09-12,FAC,WATCH,RETEST_PENDING,,FULL
2026-09-12,FBLG,WATCH,RETEST_PENDING,,FULL
2026-09-12,FBYD,FOCUS,BROKEN_NEW_BASE,,FULL
2026-09-12,FEAM,WATCH,SWEEP_ACTIVE,,FULL
2026-09-12,FEMY,WATCH,RETEST_PENDING,,FULL
2026-09-12,FLNA,FOCUS,BASE_FORMING,,FULL
2026-09-12,FLUX,WATCH,RETEST_PENDING,,FULL
2026-09-12,FLYE,WATCH,RETEST_PENDING,,FULL
2026-09-12,FMST,FOCUS,BROKEN_NEW_BASE,,FULL
2026-09-12,FOFO,WATCH,RETEST_PENDING,,FULL
2026-09-12,FRGT,FOCUS,BROKEN_NEW_BASE,,FULL
2026-09-12,FRMM,FOCUS,BROKEN_NEW_BASE,,FULL
2026-09-12,FTCI,REJECTED,,FE-SCREEN-01/M3,
2026-09-12,FTHM,READY,RETEST_HELD,,FULL
2026-09-12,FULC,WATCH,RETEST_PENDING,,FULL
2026-09-12,FUSE,READY,BASE_HELD,,FULL
2026-09-12,FXHO,WATCH,RETEST_PENDING,,FULL
2026-09-12,GAUZ,WATCH,RETEST_PENDING,,FULL
2026-09-12,GCL,WATCH,RETEST_PENDING,,FULL
2026-09-12,GCTK,REJECTED,,FE-SCREEN-01/M4_RANGE,
2026-09-12,GDHG,WATCH,RETEST_PENDING,,FULL
2026-09-12,GDTC,READY,RETEST_HELD,,FULL
2026-09-12,GLE,REJECTED,,FE-SCREEN-01/M2_FLOOR,
2026-09-12,GNLN,WATCH,RETEST_PENDING,,FULL
2026-09-12,GNPX,FOCUS,BROKEN_NEW_BASE,,FULL
2026-09-12,GNTA,FOCUS,BROKEN_NEW_BASE,,FULL
2026-09-12,GOGO,READY,RETEST_HELD,,FULL
2026-09-12,GOSS,WATCH,RETEST_PENDING,,FULL
2026-09-12,GOVX,FOCUS,BROKEN_NEW_BASE,,FULL
2026-09-12,GRAN,FOCUS,BROKEN_NEW_BASE,,FULL
2026-09-12,GRI,REJECTED,,FE-SCREEN-01/M3,
2026-09-12,GVH,WATCH,RETEST_PENDING,,FULL
2026-09-12,GWAV,FOCUS,BASE_FORMING,,FULL
2026-09-12,HAO,REJECTED,,FE-SCREEN-01/M3,
2026-09-12,HCTI,WATCH,SWEEP_ACTIVE,,FULL
2026-09-12,HIT,READY,RETEST_HELD,,FULL
2026-09-12,HOLO,WATCH,RETEST_IN_PROGRESS,,FULL
2026-09-12,HTCO,WATCH,RETEST_PENDING,,FULL
2026-09-12,HTCR,FOCUS,BROKEN_NEW_BASE,,FULL
2026-09-12,HTZ,WATCH,RETEST_PENDING,,FULL
2026-09-12,HUMA,READY,RETEST_HELD,,FULL
2026-09-12,HYFM,WATCH,RETEST_PENDING,,FULL
2026-09-12,HYPD,WATCH,RETEST_PENDING,,FULL
2026-09-12,IBG,WATCH,RETEST_PENDING,,FULL
2026-09-12,ICCM,READY,PRESS_RECLAIM,,FULL
2026-09-12,ICON,READY,RETEST_HELD,,FULL
2026-09-12,ICU,READY,PRESS_RECLAIM,,FULL
2026-09-12,IMNN,WATCH,SWEEP_ACTIVE,,FULL
2026-09-12,IMSR,WATCH,RETEST_IN_PROGRESS,,FULL
2026-09-12,INBS,WATCH,RETEST_PENDING,,FULL
2026-09-12,INLF,WATCH,RETEST_PENDING,,FULL
2026-09-12,INTJ,FOCUS,BROKEN_NEW_BASE,,FULL
2026-09-12,INTS,WATCH,RETEST_IN_PROGRESS,,FULL
2026-09-12,INV,FOCUS,BROKEN_NEW_BASE,,FULL
2026-09-12,IPW,FOCUS,BROKEN_NEW_BASE,,FULL
2026-09-12,IVF,READY,RETEST_HELD,,FULL
2026-09-12,IVVD,WATCH,RETEST_PENDING,,FULL
2026-09-12,IXHL,WATCH,RETEST_PENDING,,FULL
2026-09-12,JBDI,WATCH,RETEST_PENDING,,FULL
2026-09-12,JDZG,WATCH,RETEST_PENDING,,FULL
2026-09-12,JFIN,FOCUS,BROKEN_NEW_BASE,,FULL
2026-09-12,JLHL,WATCH,RETEST_PENDING,,FULL
2026-09-12,JSPR,WATCH,RETEST_PENDING,,FULL
2026-09-12,JTAI,FOCUS,BASE_FORMING,,FULL
2026-09-12,JYD,WATCH,RETEST_PENDING,,FULL
2026-09-12,JZXN,READY,RETEST_HELD,,FULL
2026-09-12,KG,FOCUS,BROKEN_NEW_BASE,,FULL
2026-09-12,KLRS,REJECTED,,FE-SCREEN-01/M2_FLOOR,
2026-09-12,KMRK,WATCH,RETEST_PENDING,,FULL
2026-09-12,KPTI,FOCUS,BROKEN_NEW_BASE,,FULL
2026-09-12,KRRO,WATCH,RETEST_PENDING,,FULL
2026-09-12,KSCP,READY,BASE_HELD,,FULL
2026-09-12,KTTA,WATCH,RETEST_PENDING,,FULL
2026-09-12,KUST,REJECTED,,FE-SCREEN-01/M3,
2026-09-12,LHAI,WATCH,RETEST_PENDING,,FULL
2026-09-12,LICN,WATCH,RETEST_PENDING,,FULL
2026-09-12,LNAI,WATCH,RETEST_PENDING,,FULL
2026-09-12,LNZA,WATCH,RETEST_PENDING,,FULL
2026-09-12,LWLG,READY,RETEST_HELD,,FULL
2026-09-12,LX,REJECTED,,FE-SCREEN-01/M3,
2026-09-12,LZMH,WATCH,RETEST_PENDING,,FULL
2026-09-12,MBRX,WATCH,RETEST_PENDING,,FULL
2026-09-12,MCRB,WATCH,RETEST_PENDING,,FULL
2026-09-12,MDXH,WATCH,RETEST_PENDING,,FULL
2026-09-12,MEDS,READY,RETEST_HELD,,FULL
2026-09-12,METC,WATCH,RETEST_PENDING,,FULL
2026-09-12,MF,WATCH,RETEST_PENDING,,FULL
2026-09-12,MFI,WATCH,RETEST_PENDING,,FULL
2026-09-12,MIND,REJECTED,,FE-SCREEN-01/M3,
2026-09-12,MKZR,WATCH,RETEST_PENDING,,FULL
2026-09-12,MLGO,REJECTED,,FE-SCREEN-01/SCORE,
2026-09-12,MNDR,WATCH,SWEEP_ACTIVE,,FULL
2026-09-12,MOBX,READY,PRESS_RECLAIM,,FULL
2026-09-12,MRLN,WATCH,RETEST_IN_PROGRESS,,FULL
2026-09-12,MRM,WATCH,RETEST_IN_PROGRESS,,FULL
2026-09-12,MSAI,READY,RETEST_HELD,,FULL
2026-09-12,MSGY,READY,PRESS_RECLAIM,,FULL
2026-09-12,MSS,REJECTED,,FE-SCREEN-01/M3,
2026-09-12,MTEK,REJECTED,,FE-SCREEN-01/M3,
2026-09-12,MTVA,WATCH,RETEST_PENDING,,FULL
2026-09-12,MVIS,REJECTED,,FE-SCREEN-01/M3,
2026-09-12,MVST,REJECTED,,FE-SCREEN-01/SCORE,
2026-09-12,MYSZ,REJECTED,,FE-SCREEN-01/M3,
2026-09-12,NAKA,WATCH,RETEST_PENDING,,FULL
2026-09-12,NAMI,FOCUS,BROKEN_NEW_BASE,,FULL
2026-09-12,NAMM,READY,RETEST_HELD,,FULL
2026-09-12,NBP,WATCH,RETEST_IN_PROGRESS,,FULL
2026-09-12,NCI,WATCH,RETEST_PENDING,,FULL
2026-09-12,NCNA,READY,RETEST_HELD,,FULL
2026-09-12,NCRA,WATCH,RETEST_PENDING,,FULL
2026-09-12,NEON,WATCH,RETEST_PENDING,,FULL
2026-09-12,NEXR,FOCUS,BROKEN_NEW_BASE,,FULL
2026-09-12,NIKI,FOCUS,BROKEN_NEW_BASE,,FULL
2026-09-12,NIPG,WATCH,RETEST_PENDING,,FULL
2026-09-12,NIVF,FOCUS,BROKEN_NEW_BASE,,FULL
2026-09-12,NIXX,READY,RETEST_HELD,,FULL
2026-09-12,NKLR,WATCH,RETEST_PENDING,,FULL
2026-09-12,NNNN,READY,PRESS_RECLAIM,,FULL
2026-09-12,NTCL,WATCH,RETEST_IN_PROGRESS,,FULL
2026-09-12,NTHI,REJECTED,,FE-SCREEN-01/M2_FLOOR,
2026-09-12,NTRP,WATCH,RETEST_PENDING,,FULL
2026-09-12,NUWE,READY,RETEST_HELD,,FULL
2026-09-12,NVNI,NO_BARS,,,
2026-09-12,NVX,FOCUS,BROKEN_NEW_BASE,,FULL
2026-09-12,NXAT,READY,PRESS_RECLAIM,,FULL
2026-09-12,NXTS,WATCH,RETEST_IN_PROGRESS,,FULL
2026-09-12,ODD,REJECTED,,FE-SCREEN-01/M2_FLOOR,
2026-09-12,OFAL,READY,PRESS_RECLAIM,,FULL
2026-09-12,OIO,WATCH,RETEST_PENDING,,FULL
2026-09-12,OM,FOCUS,BROKEN_NEW_BASE,,FULL
2026-09-12,OMEX,WATCH,RETEST_PENDING,,FULL
2026-09-12,ONCO,REJECTED,,FE-SCREEN-01/M3,
2026-09-12,ONFO,FOCUS,BROKEN_NEW_BASE,,FULL
2026-09-12,OPEN,FOCUS,BROKEN_NEW_BASE,,FULL
2026-09-12,ORBS,WATCH,RETEST_PENDING,,FULL
2026-09-12,ORGO,WATCH,SWEEP_ACTIVE,,FULL
2026-09-12,OTLK,READY,RETEST_HELD,,FULL
2026-09-12,PAVM,WATCH,RETEST_IN_PROGRESS,,FULL
2026-09-12,PCSA,WATCH,RETEST_PENDING,,FULL
2026-09-12,PHIO,WATCH,RETEST_PENDING,,FULL
2026-09-12,PHOE,WATCH,RETEST_PENDING,,FULL
2026-09-12,PLCE,WATCH,RETEST_PENDING,,FULL
2026-09-12,PLSM,FOCUS,BROKEN_NEW_BASE,,FULL
2026-09-12,PLYX,READY,RETEST_HELD,,FULL
2026-09-12,PMAX,WATCH,RETEST_PENDING,,FULL
2026-09-12,PN,FOCUS,BASE_FORMING,,FULL
2026-09-12,POLA,WATCH,SWEEP_ACTIVE,,FULL
2026-09-12,POM,WATCH,RETEST_PENDING,,FULL
2026-09-12,PPBT,WATCH,RETEST_PENDING,,FULL
2026-09-12,PROP,FOCUS,BROKEN_NEW_BASE,,FULL
2026-09-12,PRSO,FOCUS,BROKEN_NEW_BASE,,FULL
2026-09-12,PSNY,FOCUS,BROKEN_NEW_BASE,,FULL
2026-09-12,PTLE,WATCH,RETEST_PENDING,,FULL
2026-09-12,PULM,REJECTED,,FE-SCREEN-01/M3,
2026-09-12,PWCM,WATCH,RETEST_IN_PROGRESS,,FULL
2026-09-12,QNCX,WATCH,RETEST_PENDING,,FULL
2026-09-12,QNRX,WATCH,RETEST_PENDING,,FULL
2026-09-12,QNTM,WATCH,RETEST_PENDING,,FULL
2026-09-12,QSI,READY,RETEST_HELD,,FULL
2026-09-12,QUCY,WATCH,RETEST_PENDING,,FULL
2026-09-12,RAIN,FOCUS,BROKEN_NEW_BASE,,FULL
2026-09-12,RAYA,READY,RETEST_HELD,,FULL
2026-09-12,RBNE,WATCH,RETEST_PENDING,,FULL
2026-09-12,RDAC,WATCH,RETEST_PENDING,,FULL
2026-09-12,RDGT,WATCH,RETEST_PENDING,,FULL
2026-09-12,REKR,FOCUS,BROKEN_NEW_BASE,,FULL
2026-09-12,RENT,FOCUS,BROKEN_NEW_BASE,,FULL
2026-09-12,REVB,REJECTED,,FE-SCREEN-01/M3,
2026-09-12,RGC,WATCH,RETEST_PENDING,,FULL
2026-09-12,RGTI,WATCH,RETEST_PENDING,,FULL
2026-09-12,RKDA,REJECTED,,FE-SCREEN-01/M3,
2026-09-12,RKTO,WATCH,SWEEP_ACTIVE,,FULL
2026-09-12,RNAZ,WATCH,SWEEP_ACTIVE,,FULL
2026-09-12,RPID,FOCUS,BROKEN_NEW_BASE,,FULL
2026-09-12,RR,WATCH,RETEST_PENDING,,FULL
2026-09-12,RZLV,READY,BASE_HELD,,FULL
2026-09-12,SAGT,WATCH,SWEEP_ACTIVE,,FULL
2026-09-12,SBFM,READY,RETEST_HELD,,FULL
2026-09-12,SCKT,FOCUS,BASE_FORMING,,FULL
2026-09-12,SCLX,WATCH,SWEEP_ACTIVE,,FULL
2026-09-12,SDA,FOCUS,BROKEN_NEW_BASE,,FULL
2026-09-12,SEV,WATCH,RETEST_PENDING,,FULL
2026-09-12,SHPH,WATCH,RETEST_PENDING,,FULL
2026-09-12,SILO,FOCUS,BROKEN_NEW_BASE,,FULL
2026-09-12,SKIN,WATCH,RETEST_PENDING,,FULL
2026-09-12,SKYA,WATCH,RETEST_PENDING,,FULL
2026-09-12,SKYE,WATCH,RETEST_PENDING,,FULL
2026-09-12,SLBT,FOCUS,BROKEN_NEW_BASE,,FULL
2026-09-12,SLDP,REJECTED,,FE-SCREEN-01/M2_FLOOR,
2026-09-12,SLE,WATCH,RETEST_PENDING,,FULL
2026-09-12,SLNH,WATCH,RETEST_PENDING,,FULL
2026-09-12,SLXN,REJECTED,,FE-SCREEN-01/M1,
2026-09-12,SMX,REJECTED,,FE-SCREEN-01/M2_CEIL,
2026-09-12,SMXT,FOCUS,BROKEN_NEW_BASE,,FULL
2026-09-12,SNAL,WATCH,RETEST_IN_PROGRESS,,FULL
2026-09-12,SNES,FOCUS,BROKEN_NEW_BASE,,FULL
2026-09-12,SNOA,REJECTED,,FE-SCREEN-01/M2_FLOOR,
2026-09-12,SNTG,REJECTED,,FE-SCREEN-01/M2_FLOOR,
2026-09-12,SOBR,NO_BARS,,,
2026-09-12,SONM,READY,RETEST_HELD,,FULL
2026-09-12,SOWG,WATCH,RETEST_PENDING,,FULL
2026-09-12,SPRB,WATCH,RETEST_PENDING,,FULL
2026-09-12,SPRC,WATCH,RETEST_PENDING,,FULL
2026-09-12,SQFT,FOCUS,BROKEN_NEW_BASE,,FULL
2026-09-12,STAK,READY,RETEST_HELD,,FULL
2026-09-12,STEX,WATCH,SWEEP_ACTIVE,,FULL
2026-09-12,STFS,WATCH,RETEST_PENDING,,FULL
2026-09-12,STI,WATCH,RETEST_PENDING,,FULL
2026-09-12,STKE,WATCH,RETEST_IN_PROGRESS,,FULL
2026-09-12,STKH,FOCUS,BROKEN_NEW_BASE,,FULL
2026-09-12,SUPX,WATCH,RETEST_PENDING,,FULL
2026-09-12,SVRE,WATCH,RETEST_PENDING,,FULL
2026-09-12,SVRN,WATCH,RETEST_PENDING,,FULL
2026-09-12,TAOP,WATCH,RETEST_PENDING,,FULL
2026-09-12,TDIC,FOCUS,BROKEN_NEW_BASE,,FULL
2026-09-12,TDUP,READY,BASE_HELD,,FULL
2026-09-12,TEAD,WATCH,RETEST_IN_PROGRESS,,FULL
2026-09-12,TGL,WATCH,RETEST_PENDING,,FULL
2026-09-12,THH,WATCH,RETEST_PENDING,,FULL
2026-09-12,TIL,REJECTED,,FE-SCREEN-01/M2_FLOOR,
2026-09-12,TLRY,REJECTED,,FE-SCREEN-01/SCORE,
2026-09-12,TNYA,WATCH,SWEEP_ACTIVE,,FULL
2026-09-12,TOYO,READY,BASE_HELD,,FULL
2026-09-12,TRAW,WATCH,RETEST_PENDING,,FULL
2026-09-12,TRIB,FOCUS,BROKEN_NEW_BASE,,FULL
2026-09-12,TURB,WATCH,RETEST_IN_PROGRESS,,FULL
2026-09-12,TVRD,READY,RETEST_HELD,,FULL
2026-09-12,TYGO,READY,RETEST_HELD,,FULL
2026-09-12,UCL,WATCH,RETEST_PENDING,,FULL
2026-09-12,UFG,WATCH,RETEST_PENDING,,FULL
2026-09-12,UONE,WATCH,SWEEP_ACTIVE,,FULL
2026-09-12,UPC,WATCH,RETEST_PENDING,,FULL
2026-09-12,UPLD,REJECTED,,FE-SCREEN-01/M3,
2026-09-12,UPXI,WATCH,RETEST_PENDING,,FULL
2026-09-12,VBIO,FOCUS,BROKEN_NEW_BASE,,FULL
2026-09-12,VEEA,WATCH,RETEST_PENDING,,FULL
2026-09-12,VEEE,WATCH,RETEST_PENDING,,FULL
2026-09-12,VERI,WATCH,RETEST_PENDING,,FULL
2026-09-12,VRXA,WATCH,RETEST_PENDING,,FULL
2026-09-12,VSA,READY,RETEST_HELD,,FULL
2026-09-12,VSME,FOCUS,BROKEN_NEW_BASE,,FULL
2026-09-12,WBUY,WATCH,RETEST_PENDING,,FULL
2026-09-12,WFF,WATCH,RETEST_PENDING,,FULL
2026-09-12,WIMI,REJECTED,,FE-SCREEN-01/M3,
2026-09-12,WKHS,WATCH,RETEST_PENDING,,FULL
2026-09-12,WKSP,READY,PRESS_RECLAIM,,FULL
2026-09-12,WLDS,WATCH,RETEST_PENDING,,FULL
2026-09-12,WNW,READY,RETEST_HELD,,FULL
2026-09-12,WXM,WATCH,RETEST_IN_PROGRESS,,FULL
2026-09-12,WYHG,WATCH,RETEST_PENDING,,FULL
2026-09-12,XAIR,FOCUS,BROKEN_NEW_BASE,,FULL
2026-09-12,XBP,WATCH,RETEST_PENDING,,FULL
2026-09-12,XCH,FOCUS,BROKEN_NEW_BASE,,FULL
2026-09-12,XCUR,WATCH,RETEST_PENDING,,FULL
2026-09-12,XXII,FOCUS,BROKEN_NEW_BASE,,FULL
2026-09-12,YAAS,FOCUS,BROKEN_NEW_BASE,,FULL
2026-09-12,YDES,WATCH,RETEST_PENDING,,FULL
2026-09-12,YDKG,FOCUS,BROKEN_NEW_BASE,,FULL
2026-09-12,YHC,READY,RETEST_HELD,,FULL
2026-09-12,YOUL,WATCH,RETEST_PENDING,,FULL
2026-09-12,YXT,FOCUS,BASE_FORMING,,FULL
2026-09-12,ZCMD,WATCH,RETEST_IN_PROGRESS,,FULL
2026-09-12,ZDAI,WATCH,RETEST_PENDING,,FULL
2026-09-12,ZENA,REJECTED,,FE-SCREEN-01/SOFT,
2026-09-12,ZJYL,WATCH,RETEST_PENDING,,FULL
2026-09-12,ZOOZ,WATCH,RETEST_IN_PROGRESS,,FULL
2026-09-12,ZSTK,WATCH,RETEST_PENDING,,FULL
2026-09-12,ZYBT,WATCH,RETEST_PENDING,,FULL
2026-09-15,ABAT,WATCH,RETEST_PENDING,,FULL
2026-09-15,ABTC,WATCH,RETEST_PENDING,,FULL
2026-09-15,ABTS,WATCH,RETEST_PENDING,,FULL
2026-09-15,ACXP,READY,RETEST_HELD,,FULL
2026-09-15,ADGM,WATCH,RETEST_PENDING,,FULL
2026-09-15,AEI,READY,RETEST_HELD,,FULL
2026-09-15,AGMH,WATCH,RETEST_PENDING,,FULL
2026-09-15,AHMA,WATCH,RETEST_PENDING,,FULL
2026-09-15,AIFA,WATCH,RETEST_PENDING,,FULL
2026-09-15,AIIO,WATCH,SWEEP_ACTIVE,,FULL
2026-09-15,AIOS,WATCH,RETEST_PENDING,,FULL
2026-09-15,AIRE,WATCH,RETEST_PENDING,,FULL
2026-09-15,AISP,REJECTED,,FE-SCREEN-01/M3,
2026-09-15,AIXC,FOCUS,BASE_FORMING,,FULL
2026-09-15,AKAN,FOCUS,BROKEN_NEW_BASE,,FULL
2026-09-15,AKTX,WATCH,RETEST_PENDING,,FULL
2026-09-15,ALAR,WATCH,RETEST_PENDING,,FULL
2026-09-15,ALDX,READY,PRESS_RECLAIM,,FULL
2026-09-15,ALPS,REJECTED,,FE-SCREEN-01/M1,
2026-09-15,AMCI,FOCUS,BROKEN_NEW_BASE,,FULL
2026-09-15,ANPA,FOCUS,BROKEN_NEW_BASE,,FULL
2026-09-15,ANY,WATCH,RETEST_PENDING,,FULL
2026-09-15,APVO,WATCH,RETEST_PENDING,,FULL
2026-09-15,AQMS,FOCUS,BROKEN_NEW_BASE,,FULL
2026-09-15,ARBE,WATCH,RETEST_PENDING,,FULL
2026-09-15,ARQQ,WATCH,RETEST_IN_PROGRESS,,FULL
2026-09-15,ARTL,WATCH,RETEST_IN_PROGRESS,,FULL
2026-09-15,ASPC,READY,RETEST_HELD,,FULL
2026-09-15,ASPI,REJECTED,,FE-SCREEN-01/M3,
2026-09-15,ASTC,WATCH,RETEST_IN_PROGRESS,,FULL
2026-09-15,ATGL,FOCUS,BROKEN_NEW_BASE,,FULL
2026-09-15,ATPC,READY,RETEST_HELD,,FULL
2026-09-15,ATTT,WATCH,RETEST_PENDING,,FULL
2026-09-15,ATXG,WATCH,RETEST_PENDING,,FULL
2026-09-15,AUID,WATCH,RETEST_PENDING,,FULL
2026-09-15,AUUD,WATCH,RETEST_PENDING,,FULL
2026-09-15,AZI,WATCH,RETEST_PENDING,,FULL
2026-09-15,AZIO,READY,RETEST_HELD,,FULL
2026-09-15,BCTX,WATCH,RETEST_PENDING,,FULL
2026-09-15,BEAT,FOCUS,BROKEN_NEW_BASE,,FULL
2026-09-15,BFRG,READY,PRESS_RECLAIM,,FULL
2026-09-15,BGMS,WATCH,RETEST_PENDING,,FULL
2026-09-15,BIOX,WATCH,RETEST_PENDING,,FULL
2026-09-15,BIYA,WATCH,RETEST_IN_PROGRESS,,FULL
2026-09-15,BJDX,WATCH,RETEST_IN_PROGRESS,,FULL
2026-09-15,BKYI,REJECTED,,FE-SCREEN-01/M3,
2026-09-15,BLNE,WATCH,RETEST_PENDING,,FULL
2026-09-15,BLNK,WATCH,RETEST_PENDING,,FULL
2026-09-15,BMGL,WATCH,RETEST_PENDING,,FULL
2026-09-15,BNAI,FOCUS,BROKEN_NEW_BASE,,FULL
2026-09-15,BNKK,WATCH,RETEST_PENDING,,FULL
2026-09-15,BRAI,READY,RETEST_HELD,,FULL
2026-09-15,BRLS,WATCH,RETEST_PENDING,,FULL
2026-09-15,BTCS,WATCH,RETEST_PENDING,,FULL
2026-09-15,BYAH,FOCUS,BROKEN_NEW_BASE,,FULL
2026-09-15,BYND,WATCH,SWEEP_ACTIVE,,FULL
2026-09-15,BYRN,REJECTED,,FE-SCREEN-01/M3,
2026-09-15,BZAI,WATCH,RETEST_PENDING,,FULL
2026-09-15,CALC,FOCUS,BROKEN_NEW_BASE,,FULL
2026-09-15,CAPR,WATCH,RETEST_PENDING,,FULL
2026-09-15,CAR,FOCUS,BROKEN_NEW_BASE,,FULL
2026-09-15,CAST,WATCH,RETEST_PENDING,,FULL
2026-09-15,CCHH,READY,PRESS_RECLAIM,,FULL
2026-09-15,CCTG,WATCH,SWEEP_ACTIVE,,FULL
2026-09-15,CD,WATCH,RETEST_PENDING,,FULL
2026-09-15,CDLX,WATCH,RETEST_PENDING,,FULL
2026-09-15,CELZ,WATCH,RETEST_PENDING,,FULL
2026-09-15,CETX,WATCH,SWEEP_ACTIVE,,FULL
2026-09-15,CETY,FOCUS,BASE_FORMING,,FULL
2026-09-15,CGTL,WATCH,RETEST_PENDING,,FULL
2026-09-15,CHR,WATCH,SWEEP_ACTIVE,,FULL
2026-09-15,CHSN,READY,RETEST_HELD,,FULL
2026-09-15,CIIT,WATCH,SWEEP_ACTIVE,,FULL
2026-09-15,CIRC,WATCH,RETEST_PENDING,,FULL
2026-09-15,CLIK,FOCUS,BROKEN_NEW_BASE,,FULL
2026-09-15,CLRO,WATCH,RETEST_PENDING,,FULL
2026-09-15,CMCT,WATCH,RETEST_PENDING,,FULL
2026-09-15,CMTL,WATCH,SWEEP_ACTIVE,,FULL
2026-09-15,CNCK,WATCH,RETEST_PENDING,,FULL
2026-09-15,CNSY,FOCUS,BROKEN_NEW_BASE,,FULL
2026-09-15,CODX,WATCH,RETEST_PENDING,,FULL
2026-09-15,COOT,FOCUS,BASE_FORMING,,FULL
2026-09-15,CPSH,WATCH,RETEST_IN_PROGRESS,,FULL
2026-09-15,CRGO,REJECTED,,FE-SCREEN-01/M3,
2026-09-15,CRML,WATCH,RETEST_PENDING,,FULL
2026-09-15,CRMT,FOCUS,BROKEN_NEW_BASE,,FULL
2026-09-15,CRVO,READY,PRESS_RECLAIM,,FULL
2026-09-15,CSAI,WATCH,RETEST_IN_PROGRESS,,FULL
2026-09-15,CTXR,WATCH,RETEST_PENDING,,FULL
2026-09-15,CUPR,WATCH,RETEST_PENDING,,FULL
2026-09-15,CVRX,WATCH,RETEST_PENDING,,FULL
2026-09-15,CWD,WATCH,RETEST_PENDING,,FULL
2026-09-15,CXAI,FOCUS,BROKEN_NEW_BASE,,FULL
2026-09-15,CYCU,WATCH,RETEST_PENDING,,FULL
2026-09-15,CYN,FOCUS,BROKEN_NEW_BASE,,FULL
2026-09-15,DEFT,WATCH,RETEST_PENDING,,FULL
2026-09-15,DFDV,FOCUS,BASE_FORMING,,FULL
2026-09-15,DFSC,WATCH,RETEST_IN_PROGRESS,,FULL
2026-09-15,DGNX,WATCH,RETEST_PENDING,,FULL
2026-09-15,DKI,FOCUS,BROKEN_NEW_BASE,,FULL
2026-09-15,DLXY,WATCH,RETEST_PENDING,,FULL
2026-09-15,DOGZ,READY,RETEST_HELD,,FULL
2026-09-15,DRCT,NO_BARS,,,
2026-09-15,DRMA,REJECTED,,FE-SCREEN-01/M3,
2026-09-15,DSY,WATCH,RETEST_PENDING,,FULL
2026-09-15,DWTX,WATCH,RETEST_PENDING,,FULL
2026-09-15,DXST,WATCH,RETEST_PENDING,,FULL
2026-09-15,DYAI,FOCUS,BASE_FORMING,,FULL
2026-09-15,EDSA,READY,PRESS_RECLAIM,,FULL
2026-09-15,EFOI,READY,BASE_HELD,,FULL
2026-09-15,EHGO,READY,PRESS_RECLAIM,,FULL
2026-09-15,EHTH,REJECTED,,FE-SCREEN-01/M3,
2026-09-15,EJH,WATCH,RETEST_PENDING,,FULL
2026-09-15,ELAB,FOCUS,BROKEN_NEW_BASE,,FULL
2026-09-15,ELBM,READY,RETEST_HELD,,FULL
2026-09-15,ELTX,FOCUS,BROKEN_NEW_BASE,,FULL
2026-09-15,EMAT,WATCH,RETEST_PENDING,,FULL
2026-09-15,ENGN,WATCH,RETEST_PENDING,,FULL
2026-09-15,ENGS,WATCH,RETEST_PENDING,,FULL
2026-09-15,ENLV,FOCUS,BROKEN_NEW_BASE,,FULL
2026-09-15,ENSC,WATCH,RETEST_PENDING,,FULL
2026-09-15,ENVB,WATCH,RETEST_PENDING,,FULL
2026-09-15,ENVX,READY,PRESS_RECLAIM,,FULL
2026-09-15,EOSE,WATCH,RETEST_PENDING,,FULL
2026-09-15,EPSM,WATCH,RETEST_PENDING,,FULL
2026-09-15,ERNA,WATCH,RETEST_PENDING,,FULL
2026-09-15,ESLA,WATCH,RETEST_IN_PROGRESS,,FULL
2026-09-15,EUDA,WATCH,RETEST_PENDING,,FULL
2026-09-15,EVAX,READY,RETEST_HELD,,FULL
2026-09-15,EVGO,REJECTED,,FE-SCREEN-01/M3,
2026-09-15,EZRA,WATCH,RETEST_PENDING,,FULL
2026-09-15,FAC,WATCH,RETEST_PENDING,,FULL
2026-09-15,FBLG,WATCH,RETEST_PENDING,,FULL
2026-09-15,FBYD,FOCUS,BROKEN_NEW_BASE,,FULL
2026-09-15,FEAM,WATCH,SWEEP_ACTIVE,,FULL
2026-09-15,FEED,NO_BARS,,,
2026-09-15,FEMY,WATCH,RETEST_PENDING,,FULL
2026-09-15,FFAI,FOCUS,BROKEN_NEW_BASE,,FULL
2026-09-15,FLNA,FOCUS,BROKEN_NEW_BASE,,FULL
2026-09-15,FLNC,FOCUS,BROKEN_NEW_BASE,,FULL
2026-09-15,FLUX,WATCH,RETEST_PENDING,,FULL
2026-09-15,FLYE,WATCH,RETEST_PENDING,,FULL
2026-09-15,FMST,FOCUS,BROKEN_NEW_BASE,,FULL
2026-09-15,FNUC,READY,RETEST_HELD,,FULL
2026-09-15,FOFO,WATCH,RETEST_IN_PROGRESS,,FULL
2026-09-15,FRGT,FOCUS,BROKEN_NEW_BASE,,FULL
2026-09-15,FTCI,REJECTED,,FE-SCREEN-01/M3,
2026-09-15,FTHM,READY,BASE_HELD,,FULL
2026-09-15,FULC,WATCH,RETEST_PENDING,,FULL
2026-09-15,FWDI,FOCUS,BASE_FORMING,,FULL
2026-09-15,FXHO,WATCH,RETEST_PENDING,,FULL
2026-09-15,GAUZ,WATCH,RETEST_PENDING,,FULL
2026-09-15,GCL,WATCH,RETEST_PENDING,,FULL
2026-09-15,GDC,READY,BASE_HELD,,FULL
2026-09-15,GDEV,WATCH,RETEST_IN_PROGRESS,,FULL
2026-09-15,GDHG,WATCH,RETEST_IN_PROGRESS,,FULL
2026-09-15,GNPX,FOCUS,BROKEN_NEW_BASE,,FULL
2026-09-15,GOGO,READY,RETEST_HELD,,FULL
2026-09-15,GOSS,WATCH,RETEST_PENDING,,FULL
2026-09-15,GOVX,FOCUS,BROKEN_NEW_BASE,,FULL
2026-09-15,GRAN,FOCUS,BROKEN_NEW_BASE,,FULL
2026-09-15,GSIT,FOCUS,BROKEN_NEW_BASE,,FULL
2026-09-15,GSIW,READY,PRESS_RECLAIM,,FULL
2026-09-15,GUTS,WATCH,SWEEP_ACTIVE,,FULL
2026-09-15,GVH,WATCH,RETEST_PENDING,,FULL
2026-09-15,GWAV,FOCUS,BASE_FORMING,,FULL
2026-09-15,GXAI,FOCUS,BROKEN_NEW_BASE,,FULL
2026-09-15,HAO,REJECTED,,FE-SCREEN-01/M2_CEIL,
2026-09-15,HIT,READY,RETEST_HELD,,FULL
2026-09-15,HOLO,READY,RETEST_HELD,,FULL
2026-09-15,HQ,FOCUS,BROKEN_NEW_BASE,,FULL
2026-09-15,HTCR,FOCUS,BROKEN_NEW_BASE,,FULL
2026-09-15,HTZ,WATCH,RETEST_PENDING,,FULL
2026-09-15,HUMA,READY,RETEST_HELD,,FULL
2026-09-15,HYFM,WATCH,RETEST_PENDING,,FULL
2026-09-15,IBG,WATCH,RETEST_PENDING,,FULL
2026-09-15,ICON,READY,RETEST_HELD,,FULL
2026-09-15,ICU,WATCH,RETEST_IN_PROGRESS,,FULL
2026-09-15,IDN,WATCH,SWEEP_ACTIVE,,FULL
2026-09-15,ILLR,NO_BARS,,,
2026-09-15,IMSR,WATCH,RETEST_IN_PROGRESS,,FULL
2026-09-15,INBS,WATCH,RETEST_PENDING,,FULL
2026-09-15,INHD,WATCH,RETEST_PENDING,,POST_SPLIT
2026-09-15,INLF,WATCH,RETEST_PENDING,,FULL
2026-09-15,INTJ,FOCUS,BROKEN_NEW_BASE,,FULL
2026-09-15,INV,FOCUS,BROKEN_NEW_BASE,,FULL
2026-09-15,IOTR,WATCH,SWEEP_ACTIVE,,FULL
2026-09-15,IPW,FOCUS,BROKEN_NEW_BASE,,FULL
2026-09-15,IVF,READY,RETEST_HELD,,FULL
2026-09-15,IXHL,WATCH,RETEST_PENDING,,FULL
2026-09-15,JBDI,WATCH,RETEST_PENDING,,FULL
2026-09-15,JDZG,WATCH,RETEST_PENDING,,FULL
2026-09-15,JFIN,FOCUS,BROKEN_NEW_BASE,,FULL
2026-09-15,JFU,WATCH,RETEST_PENDING,,FULL
2026-09-15,JLHL,WATCH,RETEST_PENDING,,FULL
2026-09-15,JSPR,WATCH,RETEST_PENDING,,FULL
2026-09-15,JUNS,WATCH,RETEST_PENDING,,FULL
2026-09-15,JZXN,READY,RETEST_HELD,,FULL
2026-09-15,KELYB,WATCH,RETEST_IN_PROGRESS,,FULL
2026-09-15,KG,FOCUS,BROKEN_NEW_BASE,,FULL
2026-09-15,KITT,FOCUS,BROKEN_NEW_BASE,,FULL
2026-09-15,KLRS,READY,RETEST_HELD,,FULL
2026-09-15,KMRK,WATCH,RETEST_PENDING,,FULL
2026-09-15,KPTI,FOCUS,BROKEN_NEW_BASE,,FULL
2026-09-15,KRRO,WATCH,RETEST_PENDING,,FULL
2026-09-15,KUST,REJECTED,,FE-SCREEN-01/M3,
2026-09-15,LAES,READY,RETEST_HELD,,FULL
2026-09-15,LESL,NO_BARS,,,
2026-09-15,LHAI,WATCH,RETEST_PENDING,,FULL
2026-09-15,LIMN,READY,PRESS_RECLAIM,,FULL
2026-09-15,LNAI,WATCH,RETEST_PENDING,,FULL
2026-09-15,LNZA,WATCH,RETEST_PENDING,,FULL
2026-09-15,LOOP,FOCUS,BROKEN_NEW_BASE,,FULL
2026-09-15,LTBR,WATCH,SWEEP_ACTIVE,,FULL
2026-09-15,LWLG,WATCH,SWEEP_ACTIVE,,FULL
2026-09-15,LZMH,WATCH,RETEST_PENDING,,FULL
2026-09-15,MASK,FOCUS,BROKEN_NEW_BASE,,FULL
2026-09-15,MBRX,WATCH,RETEST_PENDING,,FULL
2026-09-15,MCRB,WATCH,RETEST_IN_PROGRESS,,FULL
2026-09-15,MDXH,WATCH,RETEST_PENDING,,FULL
2026-09-15,MEDS,READY,RETEST_HELD,,FULL
2026-09-15,METC,WATCH,RETEST_PENDING,,FULL
2026-09-15,MF,WATCH,RETEST_PENDING,,FULL
2026-09-15,MFI,WATCH,RETEST_PENDING,,FULL
2026-09-15,MGRX,READY,RETEST_HELD,,FULL
2026-09-15,MKZR,REJECTED,,FE-SCREEN-01/SOFT,
2026-09-15,MLGO,WATCH,SWEEP_ACTIVE,,FULL
2026-09-15,MNDR,WATCH,SWEEP_ACTIVE,,FULL
2026-09-15,MOBX,WATCH,RETEST_IN_PROGRESS,,FULL
2026-09-15,MRLN,READY,RETEST_HELD,,FULL
2026-09-15,MRM,READY,RETEST_HELD,,FULL
2026-09-15,MSAI,READY,RETEST_HELD,,FULL
2026-09-15,MSGY,READY,PRESS_RECLAIM,,FULL
2026-09-15,MSS,REJECTED,,FE-SCREEN-01/M3,
2026-09-15,MTEK,REJECTED,,FE-SCREEN-01/M3,
2026-09-15,MYSZ,REJECTED,,FE-SCREEN-01/M3,
2026-09-15,NAKA,WATCH,RETEST_PENDING,,FULL
2026-09-15,NAMI,FOCUS,BROKEN_NEW_BASE,,FULL
2026-09-15,NCI,WATCH,RETEST_PENDING,,FULL
2026-09-15,NCNA,READY,RETEST_HELD,,FULL
2026-09-15,NCRA,WATCH,RETEST_PENDING,,FULL
2026-09-15,NEGG,WATCH,RETEST_PENDING,,FULL
2026-09-15,NEON,WATCH,RETEST_PENDING,,FULL
2026-09-15,NEXR,FOCUS,BROKEN_NEW_BASE,,FULL
2026-09-15,NIKI,FOCUS,BROKEN_NEW_BASE,,FULL
2026-09-15,NIPG,WATCH,RETEST_PENDING,,FULL
2026-09-15,NIVF,FOCUS,BROKEN_NEW_BASE,,FULL
2026-09-15,NKLR,WATCH,RETEST_IN_PROGRESS,,FULL
2026-09-15,NPT,WATCH,RETEST_PENDING,,FULL
2026-09-15,NTCL,WATCH,RETEST_PENDING,,FULL
2026-09-15,NUWE,READY,RETEST_HELD,,FULL
2026-09-15,NVNI,NO_BARS,,,
2026-09-15,NVX,FOCUS,BROKEN_NEW_BASE,,FULL
2026-09-15,NXAT,READY,PRESS_RECLAIM,,FULL
2026-09-15,NXTS,WATCH,RETEST_IN_PROGRESS,,FULL
2026-09-15,NXTT,FOCUS,BROKEN_NEW_BASE,,FULL
2026-09-15,OFAL,READY,PRESS_RECLAIM,,FULL
2026-09-15,OIO,WATCH,RETEST_PENDING,,FULL
2026-09-15,OMEX,WATCH,RETEST_PENDING,,FULL
2026-09-15,ONCO,REJECTED,,FE-SCREEN-01/M3,
2026-09-15,ONFO,FOCUS,BROKEN_NEW_BASE,,FULL
2026-09-15,OPEN,FOCUS,BROKEN_NEW_BASE,,FULL
2026-09-15,ORBS,WATCH,RETEST_PENDING,,FULL
2026-09-15,ORGO,WATCH,SWEEP_ACTIVE,,FULL
2026-09-15,OTLK,READY,RETEST_HELD,,FULL
2026-09-15,PARA,FOCUS,BROKEN_NEW_BASE,,FULL
2026-09-15,PAVM,READY,RETEST_HELD,,FULL
2026-09-15,PCSA,WATCH,RETEST_IN_PROGRESS,,FULL
2026-09-15,PHOE,WATCH,RETEST_PENDING,,FULL
2026-09-15,PLCE,WATCH,RETEST_PENDING,,FULL
2026-09-15,PLSM,FOCUS,BROKEN_NEW_BASE,,FULL
2026-09-15,PLUR,FOCUS,BROKEN_NEW_BASE,,FULL
2026-09-15,PLYX,READY,RETEST_HELD,,FULL
2026-09-15,PMAX,WATCH,RETEST_PENDING,,FULL
2026-09-15,PN,FOCUS,BROKEN_NEW_BASE,,FULL
2026-09-15,POLA,FOCUS,BASE_FORMING,,FULL
2026-09-15,POM,WATCH,RETEST_PENDING,,FULL
2026-09-15,PONY,READY,RETEST_HELD,,FULL
2026-09-15,PPBT,WATCH,RETEST_PENDING,,FULL
2026-09-15,PRFX,WATCH,SWEEP_ACTIVE,,FULL
2026-09-15,PROP,FOCUS,BROKEN_NEW_BASE,,FULL
2026-09-15,PRSO,FOCUS,BROKEN_NEW_BASE,,FULL
2026-09-15,PTLE,WATCH,RETEST_PENDING,,FULL
2026-09-15,PULM,REJECTED,,FE-SCREEN-01/M3,
2026-09-15,QNCX,WATCH,RETEST_PENDING,,FULL
2026-09-15,QNRX,WATCH,RETEST_PENDING,,FULL
2026-09-15,QNTM,WATCH,RETEST_PENDING,,FULL
2026-09-15,QUCY,WATCH,RETEST_PENDING,,FULL
2026-09-15,RADX,READY,PRESS_RECLAIM,,FULL
2026-09-15,RAIN,FOCUS,BROKEN_NEW_BASE,,FULL
2026-09-15,RANI,WATCH,RETEST_PENDING,,FULL
2026-09-15,RAYA,FOCUS,BROKEN_NEW_BASE,,FULL
2026-09-15,RBNE,WATCH,RETEST_PENDING,,FULL
2026-09-15,RDAC,WATCH,RETEST_PENDING,,FULL
2026-09-15,RDGT,WATCH,RETEST_PENDING,,FULL
2026-09-15,REKR,FOCUS,BROKEN_NEW_BASE,,FULL
2026-09-15,RENT,FOCUS,BROKEN_NEW_BASE,,FULL
2026-09-15,RENX,WATCH,RETEST_PENDING,,FULL
2026-09-15,REVB,REJECTED,,FE-SCREEN-01/M3,
2026-09-15,RGC,WATCH,RETEST_PENDING,,FULL
2026-09-15,RKDA,REJECTED,,FE-SCREEN-01/M3,
2026-09-15,RKTO,WATCH,SWEEP_ACTIVE,,FULL
2026-09-15,RNAZ,WATCH,SWEEP_ACTIVE,,FULL
2026-09-15,RR,WATCH,RETEST_PENDING,,FULL
2026-09-15,RVSN,READY,BASE_HELD,,FULL
2026-09-15,RZLV,READY,BASE_HELD,,FULL
2026-09-15,SAGT,READY,PRESS_RECLAIM,,FULL
2026-09-15,SBFM,READY,RETEST_HELD,,FULL
2026-09-15,SCKT,FOCUS,BASE_FORMING,,FULL
2026-09-15,SCLX,WATCH,SWEEP_ACTIVE,,FULL
2026-09-15,SCNI,REJECTED,,FE-SCREEN-01/M3,
2026-09-15,SDA,FOCUS,BROKEN_NEW_BASE,,FULL
2026-09-15,SEV,WATCH,RETEST_PENDING,,FULL
2026-09-15,SHPH,WATCH,RETEST_PENDING,,FULL
2026-09-15,SILO,FOCUS,BROKEN_NEW_BASE,,FULL
2026-09-15,SKIN,WATCH,RETEST_PENDING,,FULL
2026-09-15,SKYA,WATCH,RETEST_PENDING,,FULL
2026-09-15,SKYE,WATCH,RETEST_PENDING,,FULL
2026-09-15,SLBT,FOCUS,BROKEN_NEW_BASE,,FULL
2026-09-15,SLE,WATCH,RETEST_PENDING,,FULL
2026-09-15,SLMT,WATCH,SWEEP_ACTIVE,,FULL
2026-09-15,SLNH,WATCH,RETEST_IN_PROGRESS,,FULL
2026-09-15,SLSN,WATCH,RETEST_PENDING,,FULL
2026-09-15,SMX,REJECTED,,FE-SCREEN-01/M2_CEIL,
2026-09-15,SMXT,FOCUS,BROKEN_NEW_BASE,,FULL
2026-09-15,SNAL,WATCH,RETEST_PENDING,,FULL
2026-09-15,SNES,FOCUS,BROKEN_NEW_BASE,,FULL
2026-09-15,SNOA,WATCH,RETEST_PENDING,,FULL
2026-09-15,SONM,READY,RETEST_HELD,,FULL
2026-09-15,SOWG,WATCH,RETEST_PENDING,,FULL
2026-09-15,SPRB,WATCH,RETEST_PENDING,,FULL
2026-09-15,SQFT,WATCH,RETEST_IN_PROGRESS,,FULL
2026-09-15,STAK,READY,RETEST_HELD,,FULL
2026-09-15,STEX,WATCH,SWEEP_ACTIVE,,FULL
2026-09-15,STFS,WATCH,RETEST_PENDING,,FULL
2026-09-15,STI,WATCH,RETEST_PENDING,,FULL
2026-09-15,STKH,FOCUS,BROKEN_NEW_BASE,,FULL
2026-09-15,SVRE,WATCH,RETEST_PENDING,,FULL
2026-09-15,SVRN,WATCH,RETEST_PENDING,,FULL
2026-09-15,SXTP,READY,BASE_HELD,,FULL
2026-09-15,TAOP,WATCH,RETEST_PENDING,,FULL
2026-09-15,TDTH,WATCH,RETEST_PENDING,,FULL
2026-09-15,TDUP,READY,BASE_HELD,,FULL
2026-09-15,TEAD,READY,RETEST_HELD,,FULL
2026-09-15,TGL,WATCH,RETEST_PENDING,,FULL
2026-09-15,THH,WATCH,RETEST_PENDING,,FULL
2026-09-15,TLRY,READY,RETEST_HELD,,FULL
2026-09-15,TOYO,READY,BASE_HELD,,FULL
2026-09-15,TRAW,WATCH,RETEST_PENDING,,FULL
2026-09-15,TRIB,FOCUS,BROKEN_NEW_BASE,,FULL
2026-09-15,TURB,WATCH,RETEST_IN_PROGRESS,,FULL
2026-09-15,TVRD,READY,RETEST_HELD,,FULL
2026-09-15,TYGO,READY,RETEST_HELD,,FULL
2026-09-15,UCL,WATCH,RETEST_PENDING,,FULL
2026-09-15,UFG,WATCH,RETEST_PENDING,,FULL
2026-09-15,UONE,WATCH,SWEEP_ACTIVE,,FULL
2026-09-15,UPLD,REJECTED,,FE-SCREEN-01/M3,
2026-09-15,UPXI,WATCH,RETEST_PENDING,,FULL
2026-09-15,UXIN,REJECTED,,FE-SCREEN-01/M3,
2026-09-15,VEEA,WATCH,RETEST_PENDING,,FULL
2026-09-15,VEEE,WATCH,RETEST_IN_PROGRESS,,FULL
2026-09-15,VERI,WATCH,RETEST_PENDING,,FULL
2026-09-15,VRXA,WATCH,RETEST_PENDING,,FULL
2026-09-15,VSA,READY,RETEST_HELD,,FULL
2026-09-15,VSME,FOCUS,BROKEN_NEW_BASE,,FULL
2026-09-15,WBUY,WATCH,RETEST_PENDING,,FULL
2026-09-15,WFF,WATCH,RETEST_PENDING,,FULL
2026-09-15,WIMI,REJECTED,,FE-SCREEN-01/M3,
2026-09-15,WKHS,WATCH,RETEST_PENDING,,FULL
2026-09-15,WKSP,READY,PRESS_RECLAIM,,FULL
2026-09-15,WLDS,WATCH,RETEST_PENDING,,FULL
2026-09-15,WNW,READY,RETEST_HELD,,FULL
2026-09-15,WVE,READY,PRESS_RECLAIM,,FULL
2026-09-15,WXM,WATCH,RETEST_IN_PROGRESS,,FULL
2026-09-15,WYHG,WATCH,RETEST_IN_PROGRESS,,FULL
2026-09-15,XAIR,FOCUS,BROKEN_NEW_BASE,,FULL
2026-09-15,XBP,WATCH,RETEST_PENDING,,FULL
2026-09-15,XCH,FOCUS,BROKEN_NEW_BASE,,FULL
2026-09-15,XCUR,WATCH,RETEST_PENDING,,FULL
2026-09-15,XNDU,FOCUS,BROKEN_NEW_BASE,,FULL
2026-09-15,YAAS,FOCUS,BROKEN_NEW_BASE,,FULL
2026-09-15,YDDL,WATCH,SWEEP_ACTIVE,,FULL
2026-09-15,YDES,WATCH,RETEST_PENDING,,FULL
2026-09-15,YDKG,FOCUS,BROKEN_NEW_BASE,,FULL
2026-09-15,YHC,READY,RETEST_HELD,,FULL
2026-09-15,YJ,WATCH,RETEST_PENDING,,FULL
2026-09-15,YOUL,WATCH,RETEST_PENDING,,FULL
2026-09-15,YXT,FOCUS,BASE_FORMING,,FULL
2026-09-15,ZCMD,WATCH,RETEST_IN_PROGRESS,,FULL
2026-09-15,ZDAI,WATCH,RETEST_PENDING,,FULL
2026-09-15,ZENA,WATCH,RETEST_PENDING,,FULL
2026-09-15,ZJYL,WATCH,RETEST_PENDING,,FULL
2026-09-15,ZOOZ,WATCH,RETEST_PENDING,,FULL
2026-09-15,ZSQR,READY,BASE_HELD,,FULL
2026-09-15,ZSTK,WATCH,RETEST_PENDING,,FULL
2026-09-15,ZTG,FOCUS,BROKEN_NEW_BASE,,FULL
2026-09-15,ZYBT,WATCH,RETEST_PENDING,,FULL
2026-09-18,ABAT,READY,RETEST_HELD,,FULL
2026-09-18,ABTC,WATCH,RETEST_PENDING,,FULL
2026-09-18,ABTS,WATCH,RETEST_PENDING,,FULL
2026-09-18,ACXP,READY,RETEST_HELD,,FULL
2026-09-18,ADGM,WATCH,RETEST_PENDING,,FULL
2026-09-18,AEI,FOCUS,BROKEN_NEW_BASE,,FULL
2026-09-18,AHMA,WATCH,RETEST_IN_PROGRESS,,FULL
2026-09-18,AIIO,WATCH,SWEEP_ACTIVE,,FULL
2026-09-18,AIRS,FOCUS,BROKEN_NEW_BASE,,FULL
2026-09-18,AISP,REJECTED,,FE-SCREEN-01/M3,
2026-09-18,AIXC,WATCH,RETEST_PENDING,,FULL
2026-09-18,AKAN,FOCUS,BROKEN_NEW_BASE,,FULL
2026-09-18,AKTX,WATCH,RETEST_PENDING,,FULL
2026-09-18,ALAR,WATCH,RETEST_PENDING,,FULL
2026-09-18,ALDX,READY,PRESS_RECLAIM,,FULL
2026-09-18,ALPS,REJECTED,,FE-SCREEN-01/M1,
2026-09-18,AMCI,WATCH,RETEST_IN_PROGRESS,,FULL
2026-09-18,AMIX,READY,PRESS_RECLAIM,,FULL
2026-09-18,AMOD,FOCUS,BROKEN_NEW_BASE,,FULL
2026-09-18,AMST,READY,RETEST_HELD,,FULL
2026-09-18,APVO,WATCH,RETEST_PENDING,,FULL
2026-09-18,AQMS,READY,BASE_HELD,,FULL
2026-09-18,ARBE,WATCH,RETEST_PENDING,,FULL
2026-09-18,ARBK,WATCH,SWEEP_ACTIVE,,FULL
2026-09-18,ARTL,FOCUS,BROKEN_NEW_BASE,,FULL
2026-09-18,ASPC,READY,RETEST_HELD,,FULL
2026-09-18,ASPI,REJECTED,,FE-SCREEN-01/M3,
2026-09-18,ASTC,FOCUS,BROKEN_NEW_BASE,,FULL
2026-09-18,ATGL,FOCUS,BROKEN_NEW_BASE,,FULL
2026-09-18,AUID,WATCH,RETEST_PENDING,,FULL
2026-09-18,AUUD,WATCH,RETEST_PENDING,,FULL
2026-09-18,AVAT,WATCH,RETEST_PENDING,,FULL
2026-09-18,AVX,WATCH,RETEST_PENDING,,FULL
2026-09-18,AZI,WATCH,RETEST_PENDING,,FULL
2026-09-18,AZIO,WATCH,RETEST_PENDING,,FULL
2026-09-18,BAER,FOCUS,BROKEN_NEW_BASE,,FULL
2026-09-18,BBLG,REJECTED,,FE-SCREEN-01/M3,
2026-09-18,BDMD,READY,RETEST_HELD,,FULL
2026-09-18,BEAT,FOCUS,BROKEN_NEW_BASE,,FULL
2026-09-18,BFRG,WATCH,SWEEP_ACTIVE,,FULL
2026-09-18,BGMS,WATCH,RETEST_PENDING,,FULL
2026-09-18,BIRD,READY,RETEST_HELD,,FULL
2026-09-18,BIYA,READY,RETEST_HELD,,FULL
2026-09-18,BJDX,READY,PRESS_RECLAIM,,FULL
2026-09-18,BKYI,REJECTED,,FE-SCREEN-01/M3,
2026-09-18,BLNK,WATCH,RETEST_PENDING,,FULL
2026-09-18,BNAI,FOCUS,BROKEN_NEW_BASE,,FULL
2026-09-18,BNKK,WATCH,RETEST_PENDING,,FULL
2026-09-18,BOXL,FOCUS,BROKEN_NEW_BASE,,FULL
2026-09-18,BRAI,READY,RETEST_HELD,,FULL
2026-09-18,BRLS,WATCH,RETEST_PENDING,,FULL
2026-09-18,BTQ,FOCUS,BROKEN_NEW_BASE,,FULL
2026-09-18,BYAH,FOCUS,BROKEN_NEW_BASE,,FULL
2026-09-18,BYND,READY,PRESS_RECLAIM,,FULL
2026-09-18,BYRN,REJECTED,,FE-SCREEN-01/M3,
2026-09-18,BZAI,WATCH,RETEST_PENDING,,FULL
2026-09-18,CALC,FOCUS,BROKEN_NEW_BASE,,FULL
2026-09-18,CAPR,WATCH,RETEST_PENDING,,FULL
2026-09-18,CAR,FOCUS,BROKEN_NEW_BASE,,FULL
2026-09-18,CAST,WATCH,RETEST_PENDING,,FULL
2026-09-18,CCHH,READY,PRESS_RECLAIM,,FULL
2026-09-18,CCTG,FOCUS,BROKEN_NEW_BASE,,FULL
2026-09-18,CD,WATCH,RETEST_PENDING,,FULL
2026-09-18,CDLX,WATCH,RETEST_IN_PROGRESS,,FULL
2026-09-18,CDTG,WATCH,RETEST_PENDING,,FULL
2026-09-18,CELZ,WATCH,RETEST_PENDING,,FULL
2026-09-18,CETX,FOCUS,BROKEN_NEW_BASE,,FULL
2026-09-18,CETY,READY,BASE_HELD,,FULL
2026-09-18,CGTL,WATCH,RETEST_PENDING,,FULL
2026-09-18,CHR,WATCH,SWEEP_ACTIVE,,FULL
2026-09-18,CHSN,WATCH,RETEST_PENDING,,FULL
2026-09-18,CIIT,FOCUS,BROKEN_NEW_BASE,,FULL
2026-09-18,CIRC,WATCH,RETEST_PENDING,,FULL
2026-09-18,CLIK,WATCH,RETEST_PENDING,,FULL
2026-09-18,CLRO,WATCH,RETEST_PENDING,,FULL
2026-09-18,CMCT,READY,RETEST_HELD,,FULL
2026-09-18,CMPX,READY,RETEST_HELD,,FULL
2026-09-18,CMTL,FOCUS,BROKEN_NEW_BASE,,FULL
2026-09-18,CNCK,WATCH,RETEST_PENDING,,FULL
2026-09-18,CNSY,FOCUS,BROKEN_NEW_BASE,,FULL
2026-09-18,COOT,FOCUS,BASE_FORMING,,FULL
2026-09-18,CPSH,WATCH,RETEST_PENDING,,FULL
2026-09-18,CRGO,REJECTED,,FE-SCREEN-01/M3,
2026-09-18,CRIS,FOCUS,BROKEN_NEW_BASE,,FULL
2026-09-18,CRML,WATCH,RETEST_PENDING,,FULL
2026-09-18,CRMT,WATCH,RETEST_PENDING,,FULL
2026-09-18,CSAI,FOCUS,BROKEN_NEW_BASE,,FULL
2026-09-18,CTXR,WATCH,RETEST_PENDING,,FULL
2026-09-18,CVRX,WATCH,RETEST_PENDING,,FULL
2026-09-18,CWD,READY,RETEST_HELD,,FULL
2026-09-18,CXAI,FOCUS,BROKEN_NEW_BASE,,FULL
2026-09-18,CYCU,WATCH,RETEST_PENDING,,FULL
2026-09-18,CYN,FOCUS,BROKEN_NEW_BASE,,FULL
2026-09-18,DFDV,FOCUS,BASE_FORMING,,FULL
2026-09-18,DFLI,FOCUS,BROKEN_NEW_BASE,,FULL
2026-09-18,DFNS,WATCH,RETEST_PENDING,,FULL
2026-09-18,DFSC,READY,RETEST_HELD,,FULL
2026-09-18,DGNX,WATCH,RETEST_PENDING,,FULL
2026-09-18,DKI,FOCUS,BROKEN_NEW_BASE,,FULL
2026-09-18,DRCT,NO_BARS,,,
2026-09-18,DRK,WATCH,RETEST_PENDING,,FULL
2026-09-18,DYAI,FOCUS,BASE_FORMING,,FULL
2026-09-18,EDSA,READY,PRESS_RECLAIM,,FULL
2026-09-18,EHGO,FOCUS,BROKEN_NEW_BASE,,FULL
2026-09-18,EHTH,REJECTED,,FE-SCREEN-01/M3,
2026-09-18,EJH,WATCH,RETEST_PENDING,,FULL
2026-09-18,ELAB,FOCUS,BROKEN_NEW_BASE,,FULL
2026-09-18,ELBM,READY,RETEST_HELD,,FULL
2026-09-18,ELTX,FOCUS,BROKEN_NEW_BASE,,FULL
2026-09-18,EMAT,WATCH,RETEST_PENDING,,FULL
2026-09-18,ENGN,WATCH,RETEST_PENDING,,FULL
2026-09-18,ENGS,WATCH,RETEST_IN_PROGRESS,,FULL
2026-09-18,ENSC,WATCH,RETEST_PENDING,,FULL
2026-09-18,ENVB,WATCH,RETEST_PENDING,,FULL
2026-09-18,ENVX,WATCH,SWEEP_ACTIVE,,FULL
2026-09-18,EOCN,REJECTED,,FE-SCREEN-01/M3,
2026-09-18,EOSE,WATCH,RETEST_PENDING,,FULL
2026-09-18,EPSM,READY,RETEST_HELD,,FULL
2026-09-18,ERNA,WATCH,RETEST_IN_PROGRESS,,FULL
2026-09-18,ESLA,WATCH,SWEEP_ACTIVE,,FULL
2026-09-18,EUDA,WATCH,RETEST_PENDING,,FULL
2026-09-18,EVAX,WATCH,RETEST_PENDING,,FULL
2026-09-18,FAC,WATCH,RETEST_PENDING,,FULL
2026-09-18,FBLG,WATCH,RETEST_PENDING,,FULL
2026-09-18,FBYD,FOCUS,BROKEN_NEW_BASE,,FULL
2026-09-18,FEAM,FOCUS,BROKEN_NEW_BASE,,FULL
2026-09-18,FEMY,WATCH,RETEST_PENDING,,FULL
2026-09-18,FFAI,FOCUS,BROKEN_NEW_BASE,,FULL
2026-09-18,FGNX,WATCH,RETEST_PENDING,,FULL
2026-09-18,FLNA,FOCUS,BROKEN_NEW_BASE,,FULL
2026-09-18,FLNC,FOCUS,BROKEN_NEW_BASE,,FULL
2026-09-18,FLUX,WATCH,RETEST_PENDING,,FULL
2026-09-18,FLYE,WATCH,RETEST_PENDING,,FULL
2026-09-18,FMST,FOCUS,BROKEN_NEW_BASE,,FULL
2026-09-18,FNUC,READY,RETEST_HELD,,FULL
2026-09-18,FOFO,FOCUS,BROKEN_NEW_BASE,,FULL
2026-09-18,FRGT,FOCUS,BROKEN_NEW_BASE,,FULL
2026-09-18,FRMM,FOCUS,BROKEN_NEW_BASE,,FULL
2026-09-18,FRSX,REJECTED,,FE-SCREEN-01/M3,
2026-09-18,FTCI,REJECTED,,FE-SCREEN-01/M3,
2026-09-18,FTHM,WATCH,SWEEP_ACTIVE,,FULL
2026-09-18,FULC,WATCH,RETEST_PENDING,,FULL
2026-09-18,FUSE,WATCH,SWEEP_ACTIVE,,FULL
2026-09-18,FWDI,FOCUS,BASE_FORMING,,FULL
2026-09-18,FXHO,WATCH,RETEST_PENDING,,FULL
2026-09-18,GAUZ,WATCH,RETEST_PENDING,,FULL
2026-09-18,GCL,WATCH,RETEST_PENDING,,FULL
2026-09-18,GDEV,WATCH,RETEST_IN_PROGRESS,,FULL
2026-09-18,GDHG,READY,RETEST_HELD,,FULL
2026-09-18,GEOS,READY,PRESS_RECLAIM,,FULL
2026-09-18,GIPR,WATCH,RETEST_PENDING,,FULL
2026-09-18,GLXG,WATCH,RETEST_PENDING,,FULL
2026-09-18,GMM,READY,RETEST_HELD,,FULL
2026-09-18,GNLN,WATCH,RETEST_PENDING,,FULL
2026-09-18,GNPX,FOCUS,BROKEN_NEW_BASE,,FULL
2026-09-18,GNTA,FOCUS,BROKEN_NEW_BASE,,FULL
2026-09-18,GP,REJECTED,,FE-SCREEN-01/M3,
2026-09-18,GRAN,WATCH,RETEST_PENDING,,FULL
2026-09-18,GRI,REJECTED,,FE-SCREEN-01/M3,
2026-09-18,GRML,FOCUS,BROKEN_NEW_BASE,,FULL
2026-09-18,GSIW,READY,RETEST_HELD,,FULL
2026-09-18,GUTS,FOCUS,BROKEN_NEW_BASE,,FULL
2026-09-18,GVH,WATCH,RETEST_PENDING,,FULL
2026-09-18,GXAI,FOCUS,BROKEN_NEW_BASE,,FULL
2026-09-18,HAO,REJECTED,,FE-SCREEN-01/M3,
2026-09-18,HCTI,FOCUS,BROKEN_NEW_BASE,,FULL
2026-09-18,HCWB,READY,PRESS_RECLAIM,,FULL
2026-09-18,HIND,WATCH,SWEEP_ACTIVE,,FULL
2026-09-18,HIT,FOCUS,BROKEN_NEW_BASE,,FULL
2026-09-18,HSDT,READY,RETEST_HELD,,FULL
2026-09-18,HTCO,READY,RETEST_HELD,,FULL
2026-09-18,HTCR,WATCH,RETEST_PENDING,,FULL
2026-09-18,HTZ,WATCH,RETEST_PENDING,,FULL
2026-09-18,HUMA,READY,RETEST_HELD,,FULL
2026-09-18,HXHX,WATCH,RETEST_PENDING,,FULL
2026-09-18,HYFM,WATCH,RETEST_PENDING,,FULL
2026-09-18,HYPD,WATCH,RETEST_PENDING,,FULL
2026-09-18,IBG,WATCH,RETEST_PENDING,,FULL
2026-09-18,ICCM,WATCH,SWEEP_ACTIVE,,FULL
2026-09-18,ICU,WATCH,RETEST_PENDING,,FULL
2026-09-18,IDN,FOCUS,BROKEN_NEW_BASE,,FULL
2026-09-18,IMNN,WATCH,SWEEP_ACTIVE,,FULL
2026-09-18,IMSR,FOCUS,BROKEN_NEW_BASE,,FULL
2026-09-18,INBS,WATCH,RETEST_PENDING,,FULL
2026-09-18,INHD,WATCH,RETEST_PENDING,,POST_SPLIT
2026-09-18,INLF,WATCH,RETEST_PENDING,,FULL
2026-09-18,INTJ,WATCH,RETEST_IN_PROGRESS,,FULL
2026-09-18,INTS,READY,RETEST_HELD,,FULL
2026-09-18,IOTR,FOCUS,BROKEN_NEW_BASE,,FULL
2026-09-18,ISPC,WATCH,SWEEP_ACTIVE,,FULL
2026-09-18,IVF,READY,RETEST_HELD,,FULL
2026-09-18,IVVD,WATCH,RETEST_PENDING,,FULL
2026-09-18,IXHL,WATCH,RETEST_PENDING,,FULL
2026-09-18,JBDI,WATCH,RETEST_PENDING,,FULL
2026-09-18,JEM,READY,RETEST_HELD,,FULL
2026-09-18,JFIN,FOCUS,BROKEN_NEW_BASE,,FULL
2026-09-18,JFU,WATCH,RETEST_PENDING,,FULL
2026-09-18,JLHL,WATCH,RETEST_PENDING,,FULL
2026-09-18,JSPR,WATCH,RETEST_PENDING,,FULL
2026-09-18,JTAI,WATCH,RETEST_PENDING,,FULL
2026-09-18,JYD,WATCH,RETEST_PENDING,,FULL
2026-09-18,JZXN,READY,PRESS_RECLAIM,,FULL
2026-09-18,KELYB,READY,RETEST_HELD,,FULL
2026-09-18,KG,FOCUS,BROKEN_NEW_BASE,,FULL
2026-09-18,KITT,FOCUS,BROKEN_NEW_BASE,,FULL
2026-09-18,KLRS,READY,RETEST_HELD,,FULL
2026-09-18,KMRK,WATCH,RETEST_PENDING,,FULL
2026-09-18,KPTI,FOCUS,BROKEN_NEW_BASE,,FULL
2026-09-18,KSCP,WATCH,SWEEP_ACTIVE,,FULL
2026-09-18,KUST,REJECTED,,FE-SCREEN-01/M3,
2026-09-18,LAES,READY,PRESS_RECLAIM,,FULL
2026-09-18,LESL,NO_BARS,,,
2026-09-18,LGHL,FOCUS,BROKEN_NEW_BASE,,FULL
2026-09-18,LHAI,WATCH,RETEST_PENDING,,FULL
2026-09-18,LICN,WATCH,RETEST_PENDING,,FULL
2026-09-18,LOOP,WATCH,RETEST_PENDING,,FULL
2026-09-18,LTBR,WATCH,SWEEP_ACTIVE,,FULL
2026-09-18,LWLG,READY,PRESS_RECLAIM,,FULL
2026-09-18,LYEL,FOCUS,BROKEN_NEW_BASE,,FULL
2026-09-18,LZMH,WATCH,RETEST_PENDING,,FULL
2026-09-18,MBRX,WATCH,RETEST_PENDING,,FULL
2026-09-18,MCRB,WATCH,SWEEP_ACTIVE,,FULL
2026-09-18,MDXH,WATCH,RETEST_PENDING,,FULL
2026-09-18,MENS,WATCH,RETEST_PENDING,,FULL
2026-09-18,METC,WATCH,RETEST_IN_PROGRESS,,FULL
2026-09-18,MF,WATCH,RETEST_PENDING,,FULL
2026-09-18,MFI,WATCH,RETEST_PENDING,,FULL
2026-09-18,MGRX,WATCH,RETEST_PENDING,,FULL
2026-09-18,MLEC,WATCH,SWEEP_ACTIVE,,FULL
2026-09-18,MLGO,FOCUS,BROKEN_NEW_BASE,,FULL
2026-09-18,MPLT,WATCH,RETEST_PENDING,,FULL
2026-09-18,MRLN,FOCUS,BROKEN_NEW_BASE,,FULL
2026-09-18,MRM,WATCH,SWEEP_ACTIVE,,FULL
2026-09-18,MSGY,WATCH,RETEST_PENDING,,FULL
2026-09-18,MSS,REJECTED,,FE-SCREEN-01/M3,
2026-09-18,MTEK,REJECTED,,FE-SCREEN-01/M3,
2026-09-18,MVIS,REJECTED,,FE-SCREEN-01/M3,
2026-09-18,MVST,FOCUS,BROKEN_NEW_BASE,,FULL
2026-09-18,MYSZ,REJECTED,,FE-SCREEN-01/M3,
2026-09-18,NAKA,WATCH,RETEST_PENDING,,FULL
2026-09-18,NAMI,FOCUS,BROKEN_NEW_BASE,,FULL
2026-09-18,NAMM,READY,PRESS_RECLAIM,,FULL
2026-09-18,NCI,WATCH,RETEST_PENDING,,FULL
2026-09-18,NEGG,READY,RETEST_HELD,,FULL
2026-09-18,NEON,READY,RETEST_HELD,,FULL
2026-09-18,NERV,WATCH,SWEEP_ACTIVE,,FULL
2026-09-18,NEXR,FOCUS,BROKEN_NEW_BASE,,FULL
2026-09-18,NIKI,FOCUS,BROKEN_NEW_BASE,,FULL
2026-09-18,NIPG,WATCH,RETEST_PENDING,,FULL
2026-09-18,NKLR,FOCUS,BROKEN_NEW_BASE,,FULL
2026-09-18,NMRA,FOCUS,BROKEN_NEW_BASE,,FULL
2026-09-18,NNE,WATCH,RETEST_PENDING,,FULL
2026-09-18,NTCL,WATCH,RETEST_PENDING,,FULL
2026-09-18,NTHI,FOCUS,BROKEN_NEW_BASE,,FULL
2026-09-18,NUWE,WATCH,RETEST_PENDING,,FULL
2026-09-18,NVNI,NO_BARS,,,
2026-09-18,NVX,WATCH,RETEST_IN_PROGRESS,,FULL
2026-09-18,NXAT,WATCH,RETEST_IN_PROGRESS,,FULL
2026-09-18,NXH,WATCH,SWEEP_ACTIVE,,FULL
2026-09-18,NXTS,FOCUS,BROKEN_NEW_BASE,,FULL
2026-09-18,NXTT,WATCH,RETEST_PENDING,,FULL
2026-09-18,OFAL,FOCUS,BROKEN_NEW_BASE,,FULL
2026-09-18,OIO,WATCH,RETEST_PENDING,,FULL
2026-09-18,OLMA,READY,RETEST_HELD,,FULL
2026-09-18,OLOX,FOCUS,BROKEN_NEW_BASE,,FULL
2026-09-18,OM,FOCUS,BROKEN_NEW_BASE,,FULL
2026-09-18,OMEX,WATCH,RETEST_PENDING,,FULL
2026-09-18,OMH,FOCUS,BROKEN_NEW_BASE,,FULL
2026-09-18,ONFO,FOCUS,BROKEN_NEW_BASE,,FULL
2026-09-18,OPEN,FOCUS,BROKEN_NEW_BASE,,FULL
2026-09-18,OTLK,WATCH,RETEST_PENDING,,FULL
2026-09-18,PARA,FOCUS,BROKEN_NEW_BASE,,FULL
2026-09-18,PAVM,WATCH,SWEEP_ACTIVE,,FULL
2026-09-18,PCSA,WATCH,RETEST_IN_PROGRESS,,FULL
2026-09-18,PHOE,WATCH,RETEST_PENDING,,FULL
2026-09-18,PLCE,FOCUS,BROKEN_NEW_BASE,,FULL
2026-09-18,PLSM,READY,PRESS_RECLAIM,,FULL
2026-09-18,PLUR,FOCUS,BROKEN_NEW_BASE,,FULL
2026-09-18,PLYX,WATCH,RETEST_PENDING,,FULL
2026-09-18,PMAX,WATCH,RETEST_PENDING,,FULL
2026-09-18,PMCB,FOCUS,BROKEN_NEW_BASE,,FULL
2026-09-18,PN,FOCUS,BROKEN_NEW_BASE,,FULL
2026-09-18,POLA,FOCUS,BROKEN_NEW_BASE,,FULL
2026-09-18,PONY,READY,RETEST_HELD,,FULL
2026-09-18,PPBT,WATCH,RETEST_PENDING,,FULL
2026-09-18,PRFX,READY,PRESS_RECLAIM,,FULL
2026-09-18,PROP,FOCUS,BROKEN_NEW_BASE,,FULL
2026-09-18,PRSO,FOCUS,BROKEN_NEW_BASE,,FULL
2026-09-18,PSNY,FOCUS,BROKEN_NEW_BASE,,FULL
2026-09-18,PTLE,WATCH,RETEST_IN_PROGRESS,,FULL
2026-09-18,PWCM,FOCUS,BROKEN_NEW_BASE,,FULL
2026-09-18,QNCX,WATCH,RETEST_PENDING,,FULL
2026-09-18,QNRX,WATCH,RETEST_PENDING,,FULL
2026-09-18,QNTM,WATCH,RETEST_PENDING,,FULL
2026-09-18,QS,READY,RETEST_HELD,,FULL
2026-09-18,QTI,REJECTED,,FE-SCREEN-01/M2_FLOOR,
2026-09-18,QUCY,WATCH,RETEST_PENDING,,FULL
2026-09-18,RADX,FOCUS,BROKEN_NEW_BASE,,FULL
2026-09-18,RAYA,FOCUS,BROKEN_NEW_BASE,,FULL
2026-09-18,RCON,FOCUS,BROKEN_NEW_BASE,,FULL
2026-09-18,RDAC,WATCH,RETEST_PENDING,,FULL
2026-09-18,RDGT,WATCH,RETEST_PENDING,,FULL
2026-09-18,REBN,WATCH,RETEST_PENDING,,FULL
2026-09-18,REKR,FOCUS,BROKEN_NEW_BASE,,FULL
2026-09-18,RENX,WATCH,RETEST_IN_PROGRESS,,FULL
2026-09-18,RGC,WATCH,RETEST_PENDING,,FULL
2026-09-18,RKDA,REJECTED,,FE-SCREEN-01/M3,
2026-09-18,RNAZ,FOCUS,BROKEN_NEW_BASE,,FULL
2026-09-18,RR,WATCH,RETEST_PENDING,,FULL
2026-09-18,RVSN,FOCUS,BROKEN_NEW_BASE,,FULL
2026-09-18,SAGT,READY,PRESS_RECLAIM,,FULL
2026-09-18,SBFM,FOCUS,BROKEN_NEW_BASE,,FULL
2026-09-18,SCKT,FOCUS,BASE_FORMING,,FULL
2026-09-18,SCLX,READY,PRESS_RECLAIM,,FULL
2026-09-18,SCNI,REJECTED,,FE-SCREEN-01/M3,
2026-09-18,SDA,WATCH,RETEST_PENDING,,FULL
2026-09-18,SDOT,WATCH,RETEST_PENDING,,FULL
2026-09-18,SERV,WATCH,SWEEP_ACTIVE,,FULL
2026-09-18,SEV,WATCH,RETEST_PENDING,,FULL
2026-09-18,SGLY,WATCH,SWEEP_ACTIVE,,FULL
2026-09-18,SHPH,WATCH,RETEST_PENDING,,FULL
2026-09-18,SILO,FOCUS,BROKEN_NEW_BASE,,FULL
2026-09-18,SKIN,WATCH,RETEST_PENDING,,FULL
2026-09-18,SKK,WATCH,RETEST_PENDING,,FULL
2026-09-18,SKYA,WATCH,RETEST_PENDING,,FULL
2026-09-18,SKYE,WATCH,SWEEP_ACTIVE,,FULL
2026-09-18,SLBT,FOCUS,BROKEN_NEW_BASE,,FULL
2026-09-18,SLE,WATCH,RETEST_PENDING,,FULL
2026-09-18,SLMT,FOCUS,BROKEN_NEW_BASE,,FULL
2026-09-18,SLNH,WATCH,RETEST_PENDING,,FULL
2026-09-18,SLSN,WATCH,RETEST_PENDING,,FULL
2026-09-18,SMTK,WATCH,RETEST_IN_PROGRESS,,FULL
2026-09-18,SMX,REJECTED,,FE-SCREEN-01/M2_CEIL,
2026-09-18,SMXT,FOCUS,BROKEN_NEW_BASE,,FULL
2026-09-18,SNAL,READY,RETEST_HELD,,FULL
2026-09-18,SNES,READY,PRESS_RECLAIM,,FULL
2026-09-18,SNOA,WATCH,RETEST_PENDING,,FULL
2026-09-18,SONM,READY,RETEST_HELD,,FULL
2026-09-18,SOUN,REJECTED,,FE-SCREEN-01/M3,
2026-09-18,SOWG,WATCH,RETEST_PENDING,,FULL
2026-09-18,SPHL,READY,PRESS_RECLAIM,,FULL
2026-09-18,SPRC,READY,RETEST_HELD,,FULL
2026-09-18,SQFT,WATCH,RETEST_IN_PROGRESS,,FULL
2026-09-18,STAK,WATCH,SWEEP_ACTIVE,,FULL
2026-09-18,STEX,FOCUS,BROKEN_NEW_BASE,,FULL
2026-09-18,STFS,WATCH,RETEST_PENDING,,FULL
2026-09-18,STI,READY,RETEST_HELD,,FULL
2026-09-18,SVRE,READY,RETEST_HELD,,FULL
2026-09-18,TAOP,WATCH,RETEST_PENDING,,FULL
2026-09-18,TDIC,FOCUS,BROKEN_NEW_BASE,,FULL
2026-09-18,TDTH,WATCH,RETEST_PENDING,,FULL
2026-09-18,TDUP,WATCH,SWEEP_ACTIVE,,FULL
2026-09-18,THH,WATCH,RETEST_IN_PROGRESS,,FULL
2026-09-18,TLRY,READY,RETEST_HELD,,FULL
2026-09-18,TOYO,READY,BASE_HELD,,FULL
2026-09-18,TRAW,WATCH,RETEST_PENDING,,FULL
2026-09-18,TRIB,FOCUS,BROKEN_NEW_BASE,,FULL
2026-09-18,TVRD,WATCH,SWEEP_ACTIVE,,FULL
2026-09-18,UFG,WATCH,RETEST_PENDING,,FULL
2026-09-18,UPLD,REJECTED,,FE-SCREEN-01/M3,
2026-09-18,UPXI,WATCH,RETEST_PENDING,,FULL
2026-09-18,UXIN,REJECTED,,FE-SCREEN-01/M3,
2026-09-18,VBIO,FOCUS,BROKEN_NEW_BASE,,FULL
2026-09-18,VERI,WATCH,RETEST_PENDING,,FULL
2026-09-18,VMAR,WATCH,RETEST_PENDING,,FULL
2026-09-18,VRAX,READY,PRESS_RECLAIM,,FULL
2026-09-18,VRXA,WATCH,RETEST_PENDING,,FULL
2026-09-18,WBUY,WATCH,RETEST_PENDING,,FULL
2026-09-18,WFF,WATCH,RETEST_PENDING,,FULL
2026-09-18,WIMI,REJECTED,,FE-SCREEN-01/M3,
2026-09-18,WKHS,WATCH,RETEST_PENDING,,FULL
2026-09-18,WKSP,WATCH,SWEEP_ACTIVE,,FULL
2026-09-18,WNW,READY,RETEST_HELD,,FULL
2026-09-18,WVE,WATCH,SWEEP_ACTIVE,,FULL
2026-09-18,WXM,READY,PRESS_RECLAIM,,FULL
2026-09-18,XAIR,FOCUS,BROKEN_NEW_BASE,,FULL
2026-09-18,XBP,WATCH,RETEST_PENDING,,FULL
2026-09-18,XCH,WATCH,RETEST_PENDING,,FULL
2026-09-18,XCUR,WATCH,RETEST_PENDING,,FULL
2026-09-18,XNDU,FOCUS,BROKEN_NEW_BASE,,FULL
2026-09-18,XRTX,REJECTED,,FE-SCREEN-01/M3,
2026-09-18,YAAS,FOCUS,BROKEN_NEW_BASE,,FULL
2026-09-18,YDDL,WATCH,SWEEP_ACTIVE,,FULL
2026-09-18,YDES,WATCH,RETEST_PENDING,,FULL
2026-09-18,YHC,FOCUS,BROKEN_NEW_BASE,,FULL
2026-09-18,YJ,WATCH,RETEST_PENDING,,FULL
2026-09-18,YOUL,WATCH,RETEST_PENDING,,FULL
2026-09-18,ZCMD,READY,RETEST_HELD,,FULL
2026-09-18,ZENA,WATCH,RETEST_PENDING,,FULL
2026-09-18,ZJYL,WATCH,RETEST_PENDING,,FULL
2026-09-18,ZOOZ,FOCUS,BASE_FORMING,,FULL
2026-09-18,ZSQR,FOCUS,BROKEN_NEW_BASE,,FULL
2026-09-18,ZYBT,WATCH,RETEST_PENDING,,FULL
2026-09-19,ABAT,READY,RETEST_HELD,,FULL
2026-09-19,ABTC,WATCH,RETEST_PENDING,,FULL
2026-09-19,ABTS,WATCH,RETEST_PENDING,,FULL
2026-09-19,ACXP,READY,RETEST_HELD,,FULL
2026-09-19,ADGM,WATCH,RETEST_PENDING,,FULL
2026-09-19,AEI,FOCUS,BROKEN_NEW_BASE,,FULL
2026-09-19,AHMA,READY,RETEST_HELD,,FULL
2026-09-19,AIIO,READY,PRESS_RECLAIM,,FULL
2026-09-19,AIRS,FOCUS,BROKEN_NEW_BASE,,FULL
2026-09-19,AISP,REJECTED,,FE-SCREEN-01/M3,
2026-09-19,AIXC,WATCH,RETEST_PENDING,,FULL
2026-09-19,AKAN,FOCUS,BROKEN_NEW_BASE,,FULL
2026-09-19,AKTX,WATCH,RETEST_PENDING,,FULL
2026-09-19,ALAR,WATCH,RETEST_PENDING,,FULL
2026-09-19,ALDX,READY,BASE_HELD,,FULL
2026-09-19,ALPS,REJECTED,,FE-SCREEN-01/M1,
2026-09-19,AMCI,WATCH,RETEST_IN_PROGRESS,,FULL
2026-09-19,AMIX,READY,PRESS_RECLAIM,,FULL
2026-09-19,AMOD,FOCUS,BROKEN_NEW_BASE,,FULL
2026-09-19,AMST,WATCH,RETEST_PENDING,,FULL
2026-09-19,APVO,WATCH,RETEST_PENDING,,FULL
2026-09-19,AQMS,READY,BASE_HELD,,FULL
2026-09-19,ARBE,WATCH,RETEST_PENDING,,FULL
2026-09-19,ARBK,WATCH,SWEEP_ACTIVE,,FULL
2026-09-19,ARTL,FOCUS,BROKEN_NEW_BASE,,FULL
2026-09-19,ASPC,READY,RETEST_HELD,,FULL
2026-09-19,ASPI,REJECTED,,FE-SCREEN-01/M3,
2026-09-19,ASTC,FOCUS,BROKEN_NEW_BASE,,FULL
2026-09-19,ATGL,FOCUS,BROKEN_NEW_BASE,,FULL
2026-09-19,AUID,WATCH,RETEST_PENDING,,FULL
2026-09-19,AUUD,WATCH,RETEST_PENDING,,FULL
2026-09-19,AVAT,WATCH,RETEST_PENDING,,FULL
2026-09-19,AVX,WATCH,RETEST_PENDING,,FULL
2026-09-19,AZI,WATCH,RETEST_PENDING,,FULL
2026-09-19,AZIO,WATCH,RETEST_PENDING,,FULL
2026-09-19,BAER,FOCUS,BROKEN_NEW_BASE,,FULL
2026-09-19,BBLG,REJECTED,,FE-SCREEN-01/M3,
2026-09-19,BDMD,REJECTED,,FE-SCREEN-01/M2_FLOOR,
2026-09-19,BEAT,READY,BASE_HELD,,FULL
2026-09-19,BFRG,WATCH,SWEEP_ACTIVE,,FULL
2026-09-19,BGMS,WATCH,RETEST_PENDING,,FULL
2026-09-19,BIRD,READY,RETEST_HELD,,FULL
2026-09-19,BIYA,READY,RETEST_HELD,,FULL
2026-09-19,BJDX,READY,PRESS_RECLAIM,,FULL
2026-09-19,BKYI,REJECTED,,FE-SCREEN-01/M3,
2026-09-19,BLNK,WATCH,RETEST_PENDING,,FULL
2026-09-19,BNAI,FOCUS,BROKEN_NEW_BASE,,FULL
2026-09-19,BNKK,WATCH,RETEST_PENDING,,FULL
2026-09-19,BOXL,FOCUS,BROKEN_NEW_BASE,,FULL
2026-09-19,BRAI,READY,RETEST_HELD,,FULL
2026-09-19,BRLS,WATCH,RETEST_PENDING,,FULL
2026-09-19,BTQ,FOCUS,BROKEN_NEW_BASE,,FULL
2026-09-19,BYAH,FOCUS,BROKEN_NEW_BASE,,FULL
2026-09-19,BYND,READY,PRESS_RECLAIM,,FULL
2026-09-19,BYRN,REJECTED,,FE-SCREEN-01/M3,
2026-09-19,BZAI,WATCH,RETEST_PENDING,,FULL
2026-09-19,CALC,FOCUS,BROKEN_NEW_BASE,,FULL
2026-09-19,CAPR,WATCH,RETEST_PENDING,,FULL
2026-09-19,CAR,FOCUS,BROKEN_NEW_BASE,,FULL
2026-09-19,CAST,WATCH,RETEST_PENDING,,FULL
2026-09-19,CCHH,READY,PRESS_RECLAIM,,FULL
2026-09-19,CCTG,FOCUS,BROKEN_NEW_BASE,,FULL
2026-09-19,CD,WATCH,RETEST_PENDING,,FULL
2026-09-19,CDLX,READY,RETEST_HELD,,FULL
2026-09-19,CDTG,WATCH,RETEST_PENDING,,FULL
2026-09-19,CELZ,WATCH,RETEST_PENDING,,FULL
2026-09-19,CETX,FOCUS,BROKEN_NEW_BASE,,FULL
2026-09-19,CETY,READY,PRESS_RECLAIM,,FULL
2026-09-19,CGTL,WATCH,RETEST_PENDING,,FULL
2026-09-19,CHR,WATCH,SWEEP_ACTIVE,,FULL
2026-09-19,CHSN,WATCH,RETEST_IN_PROGRESS,,FULL
2026-09-19,CIIT,FOCUS,BROKEN_NEW_BASE,,FULL
2026-09-19,CIRC,WATCH,RETEST_IN_PROGRESS,,FULL
2026-09-19,CLIK,WATCH,RETEST_PENDING,,FULL
2026-09-19,CLRO,WATCH,RETEST_PENDING,,FULL
2026-09-19,CMCT,READY,RETEST_HELD,,FULL
2026-09-19,CMPX,WATCH,RETEST_PENDING,,FULL
2026-09-19,CMTL,FOCUS,BROKEN_NEW_BASE,,FULL
2026-09-19,CNCK,WATCH,RETEST_PENDING,,FULL
2026-09-19,CNSY,FOCUS,BROKEN_NEW_BASE,,FULL
2026-09-19,COOT,FOCUS,BASE_FORMING,,FULL
2026-09-19,CPSH,WATCH,RETEST_PENDING,,FULL
2026-09-19,CRGO,REJECTED,,FE-SCREEN-01/M3,
2026-09-19,CRIS,FOCUS,BROKEN_NEW_BASE,,FULL
2026-09-19,CRML,WATCH,RETEST_PENDING,,FULL
2026-09-19,CRMT,WATCH,RETEST_PENDING,,FULL
2026-09-19,CSAI,FOCUS,BROKEN_NEW_BASE,,FULL
2026-09-19,CTXR,WATCH,RETEST_PENDING,,FULL
2026-09-19,CVRX,WATCH,RETEST_PENDING,,FULL
2026-09-19,CWD,READY,RETEST_HELD,,FULL
2026-09-19,CXAI,FOCUS,BROKEN_NEW_BASE,,FULL
2026-09-19,CYCU,WATCH,RETEST_PENDING,,FULL
2026-09-19,CYN,FOCUS,BROKEN_NEW_BASE,,FULL
2026-09-19,DFDV,REJECTED,,FE-SCREEN-01/M2_FLOOR,
2026-09-19,DFLI,FOCUS,BROKEN_NEW_BASE,,FULL
2026-09-19,DFNS,WATCH,RETEST_PENDING,,FULL
2026-09-19,DFSC,FOCUS,BROKEN_NEW_BASE,,FULL
2026-09-19,DGNX,WATCH,RETEST_PENDING,,FULL
2026-09-19,DKI,WATCH,RETEST_PENDING,,FULL
2026-09-19,DRCT,NO_BARS,,,
2026-09-19,DRK,WATCH,RETEST_PENDING,,FULL
2026-09-19,DYAI,FOCUS,BASE_FORMING,,FULL
2026-09-19,EDSA,READY,PRESS_RECLAIM,,FULL
2026-09-19,EHGO,FOCUS,BROKEN_NEW_BASE,,FULL
2026-09-19,EHTH,REJECTED,,FE-SCREEN-01/M3,
2026-09-19,EJH,WATCH,RETEST_PENDING,,FULL
2026-09-19,ELAB,WATCH,RETEST_IN_PROGRESS,,FULL
2026-09-19,ELBM,READY,RETEST_HELD,,FULL
2026-09-19,ELTX,FOCUS,BROKEN_NEW_BASE,,FULL
2026-09-19,EMAT,WATCH,RETEST_PENDING,,FULL
2026-09-19,ENGN,WATCH,RETEST_PENDING,,FULL
2026-09-19,ENGS,WATCH,RETEST_PENDING,,FULL
2026-09-19,ENSC,WATCH,RETEST_PENDING,,FULL
2026-09-19,ENVB,WATCH,RETEST_PENDING,,FULL
2026-09-19,ENVX,WATCH,SWEEP_ACTIVE,,FULL
2026-09-19,EOCN,REJECTED,,FE-SCREEN-01/M3,
2026-09-19,EOSE,WATCH,RETEST_PENDING,,FULL
2026-09-19,EPSM,READY,RETEST_HELD,,FULL
2026-09-19,ERNA,WATCH,RETEST_PENDING,,FULL
2026-09-19,ESLA,FOCUS,BROKEN_NEW_BASE,,FULL
2026-09-19,EUDA,WATCH,RETEST_PENDING,,FULL
2026-09-19,EVAX,WATCH,RETEST_PENDING,,FULL
2026-09-19,FAC,WATCH,RETEST_PENDING,,FULL
2026-09-19,FBLG,WATCH,RETEST_PENDING,,FULL
2026-09-19,FBYD,WATCH,RETEST_PENDING,,FULL
2026-09-19,FEAM,REJECTED,,FE-SCREEN-01/M2_FLOOR,
2026-09-19,FEMY,WATCH,RETEST_PENDING,,FULL
2026-09-19,FFAI,FOCUS,BROKEN_NEW_BASE,,FULL
2026-09-19,FGNX,WATCH,RETEST_PENDING,,FULL
2026-09-19,FLNA,FOCUS,BROKEN_NEW_BASE,,FULL
2026-09-19,FLNC,FOCUS,BROKEN_NEW_BASE,,FULL
2026-09-19,FLUX,WATCH,RETEST_PENDING,,FULL
2026-09-19,FLYE,WATCH,RETEST_PENDING,,FULL
2026-09-19,FMST,FOCUS,BROKEN_NEW_BASE,,FULL
2026-09-19,FNUC,WATCH,RETEST_PENDING,,FULL
2026-09-19,FOFO,FOCUS,BROKEN_NEW_BASE,,FULL
2026-09-19,FRGT,REJECTED,,FE-SCREEN-01/M4_RANGE,
2026-09-19,FRMM,FOCUS,BROKEN_NEW_BASE,,FULL
2026-09-19,FRSX,REJECTED,,FE-SCREEN-01/M3,
2026-09-19,FTCI,REJECTED,,FE-SCREEN-01/M3,
2026-09-19,FTHM,WATCH,SWEEP_ACTIVE,,FULL
2026-09-19,FULC,WATCH,RETEST_PENDING,,FULL
2026-09-19,FUSE,WATCH,SWEEP_ACTIVE,,FULL
2026-09-19,FWDI,FOCUS,BASE_FORMING,,FULL
2026-09-19,FXHO,WATCH,RETEST_PENDING,,FULL
2026-09-19,GAUZ,WATCH,RETEST_PENDING,,FULL
2026-09-19,GCL,WATCH,RETEST_PENDING,,FULL
2026-09-19,GDEV,WATCH,RETEST_IN_PROGRESS,,FULL
2026-09-19,GDHG,READY,RETEST_HELD,,FULL
2026-09-19,GEOS,READY,PRESS_RECLAIM,,FULL
2026-09-19,GIPR,REJECTED,,FE-SCREEN-01/M4_RANGE,
2026-09-19,GLXG,WATCH,RETEST_PENDING,,FULL
2026-09-19,GMM,READY,RETEST_HELD,,FULL
2026-09-19,GNLN,WATCH,RETEST_PENDING,,FULL
2026-09-19,GNPX,FOCUS,BROKEN_NEW_BASE,,FULL
2026-09-19,GNTA,FOCUS,BROKEN_NEW_BASE,,FULL
2026-09-19,GP,REJECTED,,FE-SCREEN-01/M3,
2026-09-19,GRAN,WATCH,RETEST_PENDING,,FULL
2026-09-19,GRI,REJECTED,,FE-SCREEN-01/M3,
2026-09-19,GRML,FOCUS,BROKEN_NEW_BASE,,FULL
2026-09-19,GSIW,REJECTED,,FE-SCREEN-01/M2_FLOOR,
2026-09-19,GUTS,FOCUS,BROKEN_NEW_BASE,,FULL
2026-09-19,GVH,WATCH,RETEST_PENDING,,FULL
2026-09-19,GXAI,FOCUS,BROKEN_NEW_BASE,,FULL
2026-09-19,HAO,REJECTED,,FE-SCREEN-01/M3,
2026-09-19,HCTI,FOCUS,BROKEN_NEW_BASE,,FULL
2026-09-19,HCWB,WATCH,SWEEP_ACTIVE,,FULL
2026-09-19,HIND,REJECTED,,FE-SCREEN-01/M2_FLOOR,
2026-09-19,HIT,FOCUS,BROKEN_NEW_BASE,,FULL
2026-09-19,HSDT,REJECTED,,FE-SCREEN-01/RSI_NOW,
2026-09-19,HTCO,WATCH,RETEST_PENDING,,FULL
2026-09-19,HTCR,WATCH,RETEST_PENDING,,FULL
2026-09-19,HTZ,WATCH,RETEST_PENDING,,FULL
2026-09-19,HUMA,READY,RETEST_HELD,,FULL
2026-09-19,HXHX,WATCH,RETEST_PENDING,,FULL
2026-09-19,HYFM,WATCH,RETEST_PENDING,,FULL
2026-09-19,HYPD,REJECTED,,FE-SCREEN-01/M2_FLOOR,
2026-09-19,IBG,WATCH,RETEST_PENDING,,FULL
2026-09-19,ICCM,WATCH,SWEEP_ACTIVE,,FULL
2026-09-19,ICU,REJECTED,,FE-SCREEN-01/M2_FLOOR,
2026-09-19,IDN,FOCUS,BROKEN_NEW_BASE,,FULL
2026-09-19,IMNN,WATCH,SWEEP_ACTIVE,,FULL
2026-09-19,IMSR,FOCUS,BROKEN_NEW_BASE,,FULL
2026-09-19,INBS,WATCH,RETEST_PENDING,,FULL
2026-09-19,INHD,WATCH,RETEST_PENDING,,POST_SPLIT
2026-09-19,INLF,WATCH,RETEST_PENDING,,FULL
2026-09-19,INTJ,WATCH,RETEST_IN_PROGRESS,,FULL
2026-09-19,INTS,WATCH,RETEST_PENDING,,FULL
2026-09-19,IOTR,FOCUS,BROKEN_NEW_BASE,,FULL
2026-09-19,ISPC,WATCH,SWEEP_ACTIVE,,FULL
2026-09-19,IVF,READY,RETEST_HELD,,FULL
2026-09-19,IVVD,WATCH,RETEST_PENDING,,FULL
2026-09-19,IXHL,WATCH,RETEST_PENDING,,FULL
2026-09-19,JBDI,WATCH,RETEST_IN_PROGRESS,,FULL
2026-09-19,JEM,READY,RETEST_HELD,,FULL
2026-09-19,JFIN,FOCUS,BROKEN_NEW_BASE,,FULL
2026-09-19,JFU,WATCH,RETEST_PENDING,,FULL
2026-09-19,JLHL,WATCH,RETEST_PENDING,,FULL
2026-09-19,JSPR,WATCH,RETEST_PENDING,,FULL
2026-09-19,JTAI,WATCH,RETEST_IN_PROGRESS,,FULL
2026-09-19,JYD,WATCH,RETEST_PENDING,,FULL
2026-09-19,JZXN,READY,PRESS_RECLAIM,,FULL
2026-09-19,KELYB,READY,RETEST_HELD,,FULL
2026-09-19,KG,FOCUS,BROKEN_NEW_BASE,,FULL
2026-09-19,KITT,FOCUS,BROKEN_NEW_BASE,,FULL
2026-09-19,KLRS,READY,RETEST_HELD,,FULL
2026-09-19,KMRK,WATCH,RETEST_PENDING,,FULL
2026-09-19,KPTI,WATCH,RETEST_PENDING,,FULL
2026-09-19,KSCP,FOCUS,BROKEN_NEW_BASE,,FULL
2026-09-19,KUST,REJECTED,,FE-SCREEN-01/M3,
2026-09-19,LAES,READY,PRESS_RECLAIM,,FULL
2026-09-19,LESL,NO_BARS,,,
2026-09-19,LGHL,FOCUS,BROKEN_NEW_BASE,,FULL
2026-09-19,LHAI,WATCH,RETEST_PENDING,,FULL
2026-09-19,LICN,WATCH,RETEST_PENDING,,FULL
2026-09-19,LOOP,WATCH,RETEST_PENDING,,FULL
2026-09-19,LTBR,WATCH,SWEEP_ACTIVE,,FULL
2026-09-19,LWLG,READY,PRESS_RECLAIM,,FULL
2026-09-19,LYEL,FOCUS,BROKEN_NEW_BASE,,FULL
2026-09-19,LZMH,WATCH,RETEST_PENDING,,FULL
2026-09-19,MBRX,WATCH,RETEST_PENDING,,FULL
2026-09-19,MCRB,REJECTED,,FE-SCREEN-01/SCORE,
2026-09-19,MDXH,WATCH,RETEST_PENDING,,FULL
2026-09-19,MENS,WATCH,RETEST_PENDING,,FULL
2026-09-19,METC,WATCH,RETEST_IN_PROGRESS,,FULL
2026-09-19,MF,WATCH,RETEST_PENDING,,FULL
2026-09-19,MFI,WATCH,RETEST_PENDING,,FULL
2026-09-19,MGRX,WATCH,RETEST_PENDING,,FULL
2026-09-19,MLEC,WATCH,SWEEP_ACTIVE,,FULL
2026-09-19,MLGO,FOCUS,BROKEN_NEW_BASE,,FULL
2026-09-19,MPLT,WATCH,RETEST_PENDING,,FULL
2026-09-19,MRLN,FOCUS,BROKEN_NEW_BASE,,FULL
2026-09-19,MRM,READY,PRESS_RECLAIM,,FULL
2026-09-19,MSGY,WATCH,RETEST_PENDING,,FULL
2026-09-19,MSS,REJECTED,,FE-SCREEN-01/M3,
2026-09-19,MTEK,REJECTED,,FE-SCREEN-01/M3,
2026-09-19,MVIS,REJECTED,,FE-SCREEN-01/M3,
2026-09-19,MVST,FOCUS,BROKEN_NEW_BASE,,FULL
2026-09-19,MYSZ,REJECTED,,FE-SCREEN-01/M3,
2026-09-19,NAKA,REJECTED,,FE-SCREEN-01/RSI_NOW,
2026-09-19,NAMI,FOCUS,BROKEN_NEW_BASE,,FULL
2026-09-19,NAMM,READY,PRESS_RECLAIM,,FULL
2026-09-19,NCI,WATCH,RETEST_PENDING,,FULL
2026-09-19,NEGG,READY,RETEST_HELD,,FULL
2026-09-19,NEON,READY,RETEST_HELD,,FULL
2026-09-19,NERV,REJECTED,,FE-SCREEN-01/M2_FLOOR,
2026-09-19,NEXR,FOCUS,BROKEN_NEW_BASE,,FULL
2026-09-19,NIKI,FOCUS,BROKEN_NEW_BASE,,FULL
2026-09-19,NIPG,WATCH,RETEST_PENDING,,FULL
2026-09-19,NKLR,FOCUS,BROKEN_NEW_BASE,,FULL
2026-09-19,NMRA,FOCUS,BROKEN_NEW_BASE,,FULL
2026-09-19,NNE,WATCH,RETEST_IN_PROGRESS,,FULL
2026-09-19,NTCL,WATCH,RETEST_PENDING,,FULL
2026-09-19,NTHI,FOCUS,BROKEN_NEW_BASE,,FULL
2026-09-19,NUWE,WATCH,RETEST_PENDING,,FULL
2026-09-19,NVNI,NO_BARS,,,
2026-09-19,NVX,READY,RETEST_HELD,,FULL
2026-09-19,NXAT,READY,RETEST_HELD,,FULL
2026-09-19,NXH,READY,PRESS_RECLAIM,,FULL
2026-09-19,NXTS,FOCUS,BROKEN_NEW_BASE,,FULL
2026-09-19,NXTT,WATCH,RETEST_PENDING,,FULL
2026-09-19,OFAL,FOCUS,BROKEN_NEW_BASE,,FULL
2026-09-19,OIO,WATCH,RETEST_PENDING,,FULL
2026-09-19,OLMA,READY,RETEST_HELD,,FULL
2026-09-19,OLOX,FOCUS,BROKEN_NEW_BASE,,FULL
2026-09-19,OM,FOCUS,BROKEN_NEW_BASE,,FULL
2026-09-19,OMEX,WATCH,RETEST_PENDING,,FULL
2026-09-19,OMH,WATCH,RETEST_PENDING,,FULL
2026-09-19,ONFO,FOCUS,BROKEN_NEW_BASE,,FULL
2026-09-19,OPEN,FOCUS,BROKEN_NEW_BASE,,FULL
2026-09-19,OTLK,WATCH,RETEST_IN_PROGRESS,,FULL
2026-09-19,PARA,FOCUS,BROKEN_NEW_BASE,,FULL
2026-09-19,PAVM,FOCUS,BASE_FORMING,,FULL
2026-09-19,PCSA,WATCH,RETEST_PENDING,,FULL
2026-09-19,PHOE,WATCH,RETEST_PENDING,,FULL
2026-09-19,PLCE,FOCUS,BROKEN_NEW_BASE,,FULL
2026-09-19,PLSM,WATCH,SWEEP_ACTIVE,,FULL
2026-09-19,PLUR,FOCUS,BROKEN_NEW_BASE,,FULL
2026-09-19,PLYX,WATCH,RETEST_IN_PROGRESS,,FULL
2026-09-19,PMAX,WATCH,RETEST_PENDING,,FULL
2026-09-19,PMCB,REJECTED,,FE-SCREEN-01/M2_FLOOR,
2026-09-19,PN,FOCUS,BROKEN_NEW_BASE,,FULL
2026-09-19,POLA,FOCUS,BROKEN_NEW_BASE,,FULL
2026-09-19,PONY,READY,RETEST_HELD,,FULL
2026-09-19,PPBT,WATCH,RETEST_PENDING,,FULL
2026-09-19,PRFX,WATCH,RETEST_PENDING,,FULL
2026-09-19,PROP,FOCUS,BROKEN_NEW_BASE,,FULL
2026-09-19,PRSO,FOCUS,BROKEN_NEW_BASE,,FULL
2026-09-19,PSNY,FOCUS,BROKEN_NEW_BASE,,FULL
2026-09-19,PTLE,READY,PRESS_RECLAIM,,FULL
2026-09-19,PWCM,FOCUS,BROKEN_NEW_BASE,,FULL
2026-09-19,QNCX,WATCH,RETEST_PENDING,,FULL
2026-09-19,QNRX,WATCH,RETEST_PENDING,,FULL
2026-09-19,QNTM,WATCH,RETEST_PENDING,,FULL
2026-09-19,QS,READY,RETEST_HELD,,FULL
2026-09-19,QTI,REJECTED,,FE-SCREEN-01/M2_FLOOR,
2026-09-19,QUCY,WATCH,RETEST_PENDING,,FULL
2026-09-19,RADX,FOCUS,BROKEN_NEW_BASE,,FULL
2026-09-19,RAYA,FOCUS,BROKEN_NEW_BASE,,FULL
2026-09-19,RCON,FOCUS,BROKEN_NEW_BASE,,FULL
2026-09-19,RDAC,WATCH,RETEST_PENDING,,FULL
2026-09-19,RDGT,WATCH,RETEST_PENDING,,FULL
2026-09-19,REBN,WATCH,RETEST_PENDING,,FULL
2026-09-19,REKR,FOCUS,BROKEN_NEW_BASE,,FULL
2026-09-19,RENX,WATCH,RETEST_PENDING,,FULL
2026-09-19,RGC,WATCH,RETEST_PENDING,,FULL
2026-09-19,RKDA,REJECTED,,FE-SCREEN-01/M3,
2026-09-19,RNAZ,FOCUS,BROKEN_NEW_BASE,,FULL
2026-09-19,RR,WATCH,RETEST_PENDING,,FULL
2026-09-19,RVSN,FOCUS,BROKEN_NEW_BASE,,FULL
2026-09-19,SAGT,FOCUS,BROKEN_NEW_BASE,,FULL
2026-09-19,SBFM,FOCUS,BROKEN_NEW_BASE,,FULL
2026-09-19,SCKT,FOCUS,BASE_FORMING,,FULL
2026-09-19,SCLX,READY,PRESS_RECLAIM,,FULL
2026-09-19,SDA,WATCH,RETEST_PENDING,,FULL
2026-09-19,SDOT,WATCH,RETEST_PENDING,,FULL
2026-09-19,SERV,WATCH,SWEEP_ACTIVE,,FULL
2026-09-19,SEV,WATCH,RETEST_PENDING,,FULL
2026-09-19,SGLY,FOCUS,BROKEN_NEW_BASE,,FULL
2026-09-19,SHPH,WATCH,RETEST_PENDING,,FULL
2026-09-19,SILO,FOCUS,BROKEN_NEW_BASE,,FULL
2026-09-19,SKIN,WATCH,RETEST_PENDING,,FULL
2026-09-19,SKK,WATCH,RETEST_PENDING,,FULL
2026-09-19,SKYA,WATCH,RETEST_PENDING,,FULL
2026-09-19,SKYE,READY,PRESS_RECLAIM,,FULL
2026-09-19,SLBT,FOCUS,BROKEN_NEW_BASE,,FULL
2026-09-19,SLE,WATCH,RETEST_PENDING,,FULL
2026-09-19,SLMT,FOCUS,BROKEN_NEW_BASE,,FULL
2026-09-19,SLNH,WATCH,RETEST_PENDING,,FULL
2026-09-19,SLSN,WATCH,RETEST_PENDING,,FULL
2026-09-19,SMTK,READY,RETEST_HELD,,FULL
2026-09-19,SMX,REJECTED,,FE-SCREEN-01/M2_CEIL,
2026-09-19,SMXT,FOCUS,BROKEN_NEW_BASE,,FULL
2026-09-19,SNAL,READY,RETEST_HELD,,FULL
2026-09-19,SNES,WATCH,SWEEP_ACTIVE,,FULL
2026-09-19,SNOA,WATCH,RETEST_PENDING,,FULL
2026-09-19,SONM,WATCH,RETEST_PENDING,,FULL
2026-09-19,SOUN,REJECTED,,FE-SCREEN-01/M3,
2026-09-19,SOWG,WATCH,RETEST_PENDING,,FULL
2026-09-19,SPHL,WATCH,SWEEP_ACTIVE,,FULL
2026-09-19,SPRC,READY,RETEST_HELD,,FULL
2026-09-19,SQFT,WATCH,RETEST_IN_PROGRESS,,FULL
2026-09-19,STAK,WATCH,SWEEP_ACTIVE,,FULL
2026-09-19,STEX,FOCUS,BROKEN_NEW_BASE,,FULL
2026-09-19,STFS,WATCH,RETEST_PENDING,,FULL
2026-09-19,STI,WATCH,RETEST_PENDING,,FULL
2026-09-19,SVRE,READY,RETEST_HELD,,FULL
2026-09-19,TAOP,WATCH,RETEST_PENDING,,FULL
2026-09-19,TDIC,FOCUS,BROKEN_NEW_BASE,,FULL
2026-09-19,TDTH,WATCH,RETEST_PENDING,,FULL
2026-09-19,TDUP,READY,PRESS_RECLAIM,,FULL
2026-09-19,THH,READY,RETEST_HELD,,FULL
2026-09-19,TLRY,READY,RETEST_HELD,,FULL
2026-09-19,TOYO,READY,BASE_HELD,,FULL
2026-09-19,TRAW,WATCH,RETEST_IN_PROGRESS,,FULL
2026-09-19,TRIB,READY,BASE_HELD,,FULL
2026-09-19,TVRD,WATCH,SWEEP_ACTIVE,,FULL
2026-09-19,UFG,WATCH,RETEST_PENDING,,FULL
2026-09-19,UPLD,REJECTED,,FE-SCREEN-01/M3,
2026-09-19,UPXI,WATCH,RETEST_PENDING,,FULL
2026-09-19,UXIN,REJECTED,,FE-SCREEN-01/M3,
2026-09-19,VBIO,FOCUS,BROKEN_NEW_BASE,,FULL
2026-09-19,VERI,WATCH,RETEST_PENDING,,FULL
2026-09-19,VMAR,WATCH,RETEST_PENDING,,FULL
2026-09-19,VRAX,READY,PRESS_RECLAIM,,FULL
2026-09-19,VRXA,WATCH,RETEST_IN_PROGRESS,,FULL
2026-09-19,WBUY,WATCH,RETEST_PENDING,,FULL
2026-09-19,WFF,WATCH,RETEST_PENDING,,FULL
2026-09-19,WIMI,REJECTED,,FE-SCREEN-01/M3,
2026-09-19,WKHS,WATCH,RETEST_IN_PROGRESS,,FULL
2026-09-19,WKSP,WATCH,SWEEP_ACTIVE,,FULL
2026-09-19,WNW,READY,RETEST_HELD,,FULL
2026-09-19,WVE,WATCH,SWEEP_ACTIVE,,FULL
2026-09-19,WXM,REJECTED,,FE-SCREEN-01/SOFT,
2026-09-19,XAIR,FOCUS,BROKEN_NEW_BASE,,FULL
2026-09-19,XBP,WATCH,RETEST_PENDING,,FULL
2026-09-19,XCH,WATCH,RETEST_IN_PROGRESS,,FULL
2026-09-19,XCUR,WATCH,RETEST_PENDING,,FULL
2026-09-19,XNDU,FOCUS,BROKEN_NEW_BASE,,FULL
2026-09-19,XRTX,REJECTED,,FE-SCREEN-01/M3,
2026-09-19,YAAS,FOCUS,BROKEN_NEW_BASE,,FULL
2026-09-19,YDDL,FOCUS,BASE_FORMING,,FULL
2026-09-19,YDES,WATCH,RETEST_PENDING,,FULL
2026-09-19,YHC,FOCUS,BROKEN_NEW_BASE,,FULL
2026-09-19,YJ,WATCH,RETEST_PENDING,,FULL
2026-09-19,YOUL,WATCH,RETEST_PENDING,,FULL
2026-09-19,ZCMD,READY,RETEST_HELD,,FULL
2026-09-19,ZENA,WATCH,RETEST_PENDING,,FULL
2026-09-19,ZJYL,WATCH,RETEST_PENDING,,FULL
2026-09-19,ZOOZ,FOCUS,BASE_FORMING,,FULL
2026-09-19,ZSQR,FOCUS,BROKEN_NEW_BASE,,FULL
2026-09-19,ZYBT,WATCH,RETEST_PENDING,,FULL
2026-09-22,ABAT,WATCH,RETEST_PENDING,,FULL
2026-09-22,ABTS,WATCH,RETEST_PENDING,,FULL
2026-09-22,ADGM,WATCH,RETEST_PENDING,,FULL
2026-09-22,ADVB,WATCH,RETEST_IN_PROGRESS,,FULL
2026-09-22,AEI,FOCUS,BROKEN_NEW_BASE,,FULL
2026-09-22,AHMA,READY,RETEST_HELD,,FULL
2026-09-22,AIFC,REJECTED,,FE-SCREEN-01/SOFT,
2026-09-22,AIIO,READY,PRESS_RECLAIM,,FULL
2026-09-22,AIRS,FOCUS,BROKEN_NEW_BASE,,FULL
2026-09-22,AIXC,WATCH,RETEST_PENDING,,FULL
2026-09-22,AKAN,FOCUS,BROKEN_NEW_BASE,,FULL
2026-09-22,AKTX,WATCH,RETEST_PENDING,,FULL
2026-09-22,ALAR,WATCH,RETEST_PENDING,,FULL
2026-09-22,ALPS,REJECTED,,FE-SCREEN-01/M1,
2026-09-22,AMCI,WATCH,RETEST_IN_PROGRESS,,FULL
2026-09-22,AMOD,FOCUS,BROKEN_NEW_BASE,,FULL
2026-09-22,AMST,WATCH,RETEST_PENDING,,FULL
2026-09-22,ANNA,WATCH,RETEST_PENDING,,FULL
2026-09-22,APVO,WATCH,RETEST_PENDING,,FULL
2026-09-22,AQMS,WATCH,RETEST_PENDING,,FULL
2026-09-22,ARBE,WATCH,RETEST_PENDING,,FULL
2026-09-22,ARBK,FOCUS,BROKEN_NEW_BASE,,FULL
2026-09-22,AREC,FOCUS,BROKEN_NEW_BASE,,FULL
2026-09-22,ARTL,FOCUS,BROKEN_NEW_BASE,,FULL
2026-09-22,ASPC,READY,RETEST_HELD,,FULL
2026-09-22,ASTC,FOCUS,BROKEN_NEW_BASE,,FULL
2026-09-22,ATGL,FOCUS,BROKEN_NEW_BASE,,FULL
2026-09-22,ATPC,READY,RETEST_HELD,,FULL
2026-09-22,AUID,WATCH,RETEST_PENDING,,FULL
2026-09-22,AURE,FOCUS,BROKEN_NEW_BASE,,FULL
2026-09-22,AVX,WATCH,RETEST_PENDING,,FULL
2026-09-22,AZIO,WATCH,RETEST_PENDING,,FULL
2026-09-22,BBLG,REJECTED,,FE-SCREEN-01/M3,
2026-09-22,BCTX,WATCH,RETEST_PENDING,,FULL
2026-09-22,BDMD,FOCUS,BROKEN_NEW_BASE,,FULL
2026-09-22,BEAT,READY,BASE_HELD,,FULL
2026-09-22,BFRG,FOCUS,BASE_FORMING,,FULL
2026-09-22,BGMS,WATCH,RETEST_PENDING,,FULL
2026-09-22,BIRD,READY,RETEST_HELD,,FULL
2026-09-22,BIYA,READY,RETEST_HELD,,FULL
2026-09-22,BJDX,READY,PRESS_RECLAIM,,FULL
2026-09-22,BKYI,REJECTED,,FE-SCREEN-01/M3,
2026-09-22,BLNK,WATCH,RETEST_PENDING,,FULL
2026-09-22,BNAI,FOCUS,BROKEN_NEW_BASE,,FULL
2026-09-22,BNKK,WATCH,RETEST_PENDING,,FULL
2026-09-22,BOXL,FOCUS,BROKEN_NEW_BASE,,FULL
2026-09-22,BRAI,READY,RETEST_HELD,,FULL
2026-09-22,BRLS,WATCH,RETEST_PENDING,,FULL
2026-09-22,BTQ,FOCUS,BROKEN_NEW_BASE,,FULL
2026-09-22,BYAH,FOCUS,BROKEN_NEW_BASE,,FULL
2026-09-22,BYND,WATCH,RETEST_PENDING,,FULL
2026-09-22,BYRN,REJECTED,,FE-SCREEN-01/M3,
2026-09-22,BZAI,WATCH,RETEST_PENDING,,FULL
2026-09-22,CAN,WATCH,RETEST_PENDING,,FULL
2026-09-22,CAPR,WATCH,RETEST_PENDING,,FULL
2026-09-22,CAR,FOCUS,BROKEN_NEW_BASE,,FULL
2026-09-22,CAST,WATCH,RETEST_PENDING,,FULL
2026-09-22,CCHH,FOCUS,BROKEN_NEW_BASE,,FULL
2026-09-22,CCTG,FOCUS,BROKEN_NEW_BASE,,FULL
2026-09-22,CD,WATCH,RETEST_PENDING,,FULL
2026-09-22,CDIO,WATCH,RETEST_PENDING,,FULL
2026-09-22,CDTG,WATCH,RETEST_PENDING,,FULL
2026-09-22,CELZ,WATCH,RETEST_PENDING,,FULL
2026-09-22,CETX,FOCUS,BROKEN_NEW_BASE,,FULL
2026-09-22,CETY,READY,PRESS_RECLAIM,,FULL
2026-09-22,CGTL,WATCH,RETEST_PENDING,,FULL
2026-09-22,CHGA,FOCUS,BROKEN_NEW_BASE,,FULL
2026-09-22,CHR,WATCH,SWEEP_ACTIVE,,FULL
2026-09-22,CHSN,WATCH,RETEST_PENDING,,FULL
2026-09-22,CIIT,FOCUS,BROKEN_NEW_BASE,,FULL
2026-09-22,CIRC,FOCUS,BROKEN_NEW_BASE,,FULL
2026-09-22,CLIK,WATCH,RETEST_PENDING,,FULL
2026-09-22,CLRO,WATCH,RETEST_PENDING,,FULL
2026-09-22,CMCT,FOCUS,BROKEN_NEW_BASE,,FULL
2026-09-22,CMTL,FOCUS,BROKEN_NEW_BASE,,FULL
2026-09-22,CNSY,FOCUS,BROKEN_NEW_BASE,,FULL
2026-09-22,CODX,READY,PRESS_RECLAIM,,FULL
2026-09-22,CRE,WATCH,RETEST_PENDING,,FULL
2026-09-22,CRIS,FOCUS,BROKEN_NEW_BASE,,FULL
2026-09-22,CRMT,WATCH,RETEST_PENDING,,FULL
2026-09-22,CSAI,FOCUS,BROKEN_NEW_BASE,,FULL
2026-09-22,CTXR,WATCH,RETEST_PENDING,,FULL
2026-09-22,CVRX,WATCH,RETEST_PENDING,,FULL
2026-09-22,CWD,WATCH,RETEST_PENDING,,FULL
2026-09-22,CXAI,FOCUS,BROKEN_NEW_BASE,,FULL
2026-09-22,CYCU,WATCH,RETEST_PENDING,,FULL
2026-09-22,CYN,FOCUS,BROKEN_NEW_BASE,,FULL
2026-09-22,DCOY,FOCUS,BROKEN_NEW_BASE,,FULL
2026-09-22,DFLI,FOCUS,BROKEN_NEW_BASE,,FULL
2026-09-22,DGNX,WATCH,RETEST_PENDING,,FULL
2026-09-22,DKI,WATCH,RETEST_PENDING,,FULL
2026-09-22,DOGZ,READY,RETEST_HELD,,FULL
2026-09-22,DRK,WATCH,RETEST_PENDING,,FULL
2026-09-22,DSY,WATCH,RETEST_PENDING,,FULL
2026-09-22,DUO,FOCUS,BROKEN_NEW_BASE,,FULL
2026-09-22,DWTX,FOCUS,BROKEN_NEW_BASE,,FULL
2026-09-22,DYAI,FOCUS,BASE_FORMING,,FULL
2026-09-22,EDBL,WATCH,SWEEP_ACTIVE,,FULL
2026-09-22,EDSA,READY,PRESS_RECLAIM,,FULL
2026-09-22,EHGO,FOCUS,BROKEN_NEW_BASE,,FULL
2026-09-22,EHTH,REJECTED,,FE-SCREEN-01/M3,
2026-09-22,EJH,WATCH,RETEST_PENDING,,FULL
2026-09-22,ELBM,WATCH,RETEST_PENDING,,FULL
2026-09-22,ELTX,FOCUS,BROKEN_NEW_BASE,,FULL
2026-09-22,EMAT,WATCH,RETEST_PENDING,,FULL
2026-09-22,ENGN,WATCH,RETEST_PENDING,,FULL
2026-09-22,ENGS,WATCH,RETEST_PENDING,,FULL
2026-09-22,ENLV,FOCUS,BROKEN_NEW_BASE,,FULL
2026-09-22,ENSC,WATCH,RETEST_PENDING,,FULL
2026-09-22,ENVB,WATCH,RETEST_PENDING,,FULL
2026-09-22,EOCN,REJECTED,,FE-SCREEN-01/M3,
2026-09-22,EOSE,WATCH,RETEST_PENDING,,FULL
2026-09-22,EPSM,READY,RETEST_HELD,,FULL
2026-09-22,ERNA,WATCH,RETEST_PENDING,,FULL
2026-09-22,ESLA,FOCUS,BROKEN_NEW_BASE,,FULL
2026-09-22,EUDA,WATCH,RETEST_PENDING,,FULL
2026-09-22,EVAX,WATCH,RETEST_PENDING,,FULL
2026-09-22,FABC,FOCUS,BROKEN_NEW_BASE,,FULL
2026-09-22,FAC,WATCH,RETEST_PENDING,,FULL
2026-09-22,FBLG,WATCH,RETEST_PENDING,,FULL
2026-09-22,FBYD,WATCH,RETEST_IN_PROGRESS,,FULL
2026-09-22,FEMY,WATCH,RETEST_PENDING,,FULL
2026-09-22,FGNX,WATCH,RETEST_PENDING,,FULL
2026-09-22,FLNA,FOCUS,BROKEN_NEW_BASE,,FULL
2026-09-22,FLNC,FOCUS,BROKEN_NEW_BASE,,FULL
2026-09-22,FLYE,WATCH,RETEST_IN_PROGRESS,,FULL
2026-09-22,FMST,FOCUS,BROKEN_NEW_BASE,,FULL
2026-09-22,FNUC,WATCH,RETEST_IN_PROGRESS,,FULL
2026-09-22,FOFO,FOCUS,BROKEN_NEW_BASE,,FULL
2026-09-22,FRMM,FOCUS,BROKEN_NEW_BASE,,FULL
2026-09-22,FRSX,REJECTED,,FE-SCREEN-01/M3,
2026-09-22,FTCI,REJECTED,,FE-SCREEN-01/M3,
2026-09-22,FTHM,FOCUS,BASE_FORMING,,FULL
2026-09-22,FULC,WATCH,RETEST_PENDING,,FULL
2026-09-22,FUSE,FOCUS,BASE_FORMING,,FULL
2026-09-22,FWDI,FOCUS,BASE_FORMING,,FULL
2026-09-22,FXHO,WATCH,RETEST_PENDING,,FULL
2026-09-22,GCL,WATCH,RETEST_PENDING,,FULL
2026-09-22,GDEV,WATCH,RETEST_IN_PROGRESS,,FULL
2026-09-22,GEOS,READY,PRESS_RECLAIM,,FULL
2026-09-22,GLXG,WATCH,RETEST_PENDING,,FULL
2026-09-22,GMM,WATCH,RETEST_PENDING,,FULL
2026-09-22,GNLN,WATCH,RETEST_PENDING,,FULL
2026-09-22,GNPX,FOCUS,BROKEN_NEW_BASE,,FULL
2026-09-22,GNTA,FOCUS,BROKEN_NEW_BASE,,FULL
2026-09-22,GOGO,READY,PRESS_RECLAIM,,FULL
2026-09-22,GP,REJECTED,,FE-SCREEN-01/M3,
2026-09-22,GRAN,WATCH,RETEST_PENDING,,FULL
2026-09-22,GRI,REJECTED,,FE-SCREEN-01/M3,
2026-09-22,GUTS,FOCUS,BROKEN_NEW_BASE,,FULL
2026-09-22,HAO,REJECTED,,FE-SCREEN-01/M3,
2026-09-22,HCTI,FOCUS,BROKEN_NEW_BASE,,FULL
2026-09-22,HIT,FOCUS,BROKEN_NEW_BASE,,FULL
2026-09-22,HOLO,WATCH,RETEST_PENDING,,FULL
2026-09-22,HTCO,WATCH,RETEST_PENDING,,FULL
2026-09-22,HTCR,WATCH,RETEST_PENDING,,FULL
2026-09-22,HTZ,WATCH,RETEST_PENDING,,FULL
2026-09-22,HUMA,READY,RETEST_HELD,,FULL
2026-09-22,HXHX,WATCH,RETEST_PENDING,,FULL
2026-09-22,HYFM,WATCH,RETEST_PENDING,,FULL
2026-09-22,IBG,WATCH,RETEST_PENDING,,FULL
2026-09-22,ICCM,WATCH,SWEEP_ACTIVE,,FULL
2026-09-22,IDN,FOCUS,BROKEN_NEW_BASE,,FULL
2026-09-22,IMNN,WATCH,SWEEP_ACTIVE,,FULL
2026-09-22,INBS,WATCH,RETEST_PENDING,,FULL
2026-09-22,INHD,WATCH,RETEST_PENDING,,POST_SPLIT
2026-09-22,INLF,WATCH,RETEST_PENDING,,FULL
2026-09-22,INTJ,WATCH,RETEST_IN_PROGRESS,,FULL
2026-09-22,INTS,WATCH,RETEST_IN_PROGRESS,,FULL
2026-09-22,IOTR,FOCUS,BROKEN_NEW_BASE,,FULL
2026-09-22,IPST,FOCUS,BROKEN_NEW_BASE,,FULL
2026-09-22,ISPC,FOCUS,BASE_FORMING,,FULL
2026-09-22,IVF,READY,RETEST_HELD,,FULL
2026-09-22,JBDI,WATCH,RETEST_IN_PROGRESS,,FULL
2026-09-22,JEM,WATCH,RETEST_PENDING,,FULL
2026-09-22,JFIN,FOCUS,BROKEN_NEW_BASE,,FULL
2026-09-22,JFU,WATCH,RETEST_PENDING,,FULL
2026-09-22,JLHL,WATCH,RETEST_PENDING,,FULL
2026-09-22,JSPR,WATCH,RETEST_PENDING,,FULL
2026-09-22,JTAI,WATCH,RETEST_PENDING,,FULL
2026-09-22,JYD,WATCH,RETEST_PENDING,,FULL
2026-09-22,KALA,WATCH,RETEST_IN_PROGRESS,,FULL
2026-09-22,KELYB,READY,RETEST_HELD,,FULL
2026-09-22,KG,FOCUS,BROKEN_NEW_BASE,,FULL
2026-09-22,KLRS,READY,RETEST_HELD,,FULL
2026-09-22,KMRK,WATCH,RETEST_PENDING,,FULL
2026-09-22,KPTI,WATCH,RETEST_PENDING,,FULL
2026-09-22,KRRO,WATCH,RETEST_IN_PROGRESS,,FULL
2026-09-22,KSCP,FOCUS,BROKEN_NEW_BASE,,FULL
2026-09-22,KTTA,WATCH,RETEST_PENDING,,FULL
2026-09-22,KUST,REJECTED,,FE-SCREEN-01/M3,
2026-09-22,LAES,READY,PRESS_RECLAIM,,FULL
2026-09-22,LESL,NO_BARS,,,
2026-09-22,LGCL,WATCH,SWEEP_ACTIVE,,FULL
2026-09-22,LGHL,FOCUS,BROKEN_NEW_BASE,,FULL
2026-09-22,LHAI,WATCH,RETEST_PENDING,,FULL
2026-09-22,LICN,WATCH,RETEST_PENDING,,FULL
2026-09-22,LOOP,WATCH,RETEST_PENDING,,FULL
2026-09-22,LTBR,FOCUS,BASE_FORMING,,FULL
2026-09-22,LX,REJECTED,,FE-SCREEN-01/M3,
2026-09-22,LXEH,WATCH,RETEST_PENDING,,FULL
2026-09-22,LYEL,FOCUS,BROKEN_NEW_BASE,,FULL
2026-09-22,LZMH,WATCH,RETEST_PENDING,,FULL
2026-09-22,MASK,FOCUS,BROKEN_NEW_BASE,,FULL
2026-09-22,MBRX,WATCH,RETEST_PENDING,,FULL
2026-09-22,MCRB,WATCH,SWEEP_ACTIVE,,FULL
2026-09-22,MDXH,WATCH,RETEST_PENDING,,FULL
2026-09-22,MENS,WATCH,RETEST_PENDING,,FULL
2026-09-22,METC,READY,RETEST_HELD,,FULL
2026-09-22,MF,WATCH,RETEST_PENDING,,FULL
2026-09-22,MFI,WATCH,RETEST_PENDING,,FULL
2026-09-22,MGRX,WATCH,RETEST_PENDING,,FULL
2026-09-22,MIMI,WATCH,RETEST_PENDING,,FULL
2026-09-22,MLEC,FOCUS,BROKEN_NEW_BASE,,FULL
2026-09-22,MLGO,FOCUS,BROKEN_NEW_BASE,,FULL
2026-09-22,MNDR,FOCUS,BROKEN_NEW_BASE,,FULL
2026-09-22,MOBX,READY,PRESS_RECLAIM,,FULL
2026-09-22,MRLN,FOCUS,BROKEN_NEW_BASE,,FULL
2026-09-22,MRM,WATCH,SWEEP_ACTIVE,,FULL
2026-09-22,MSGY,WATCH,RETEST_IN_PROGRESS,,FULL
2026-09-22,MSS,REJECTED,,FE-SCREEN-01/M3,
2026-09-22,MTEK,REJECTED,,FE-SCREEN-01/M3,
2026-09-22,MVIS,REJECTED,,FE-SCREEN-01/M3,
2026-09-22,MVST,FOCUS,BROKEN_NEW_BASE,,FULL
2026-09-22,MYSZ,REJECTED,,FE-SCREEN-01/M3,
2026-09-22,NAMM,READY,PRESS_RECLAIM,,FULL
2026-09-22,NAUT,WATCH,RETEST_IN_PROGRESS,,FULL
2026-09-22,NCEL,WATCH,RETEST_IN_PROGRESS,,FULL
2026-09-22,NCNA,READY,RETEST_HELD,,FULL
2026-09-22,NEGG,READY,RETEST_HELD,,FULL
2026-09-22,NEXR,FOCUS,BROKEN_NEW_BASE,,FULL
2026-09-22,NIPG,WATCH,RETEST_PENDING,,FULL
2026-09-22,NKLR,FOCUS,BROKEN_NEW_BASE,,FULL
2026-09-22,NMTC,REJECTED,,FE-SCREEN-01/M3,
2026-09-22,NNE,WATCH,RETEST_PENDING,,FULL
2026-09-22,NNNN,FOCUS,BROKEN_NEW_BASE,,FULL
2026-09-22,NPT,WATCH,RETEST_PENDING,,FULL
2026-09-22,NTCL,WATCH,RETEST_PENDING,,FULL
2026-09-22,NTHI,FOCUS,BROKEN_NEW_BASE,,FULL
2026-09-22,NUWE,WATCH,RETEST_PENDING,,FULL
2026-09-22,NVNI,NO_BARS,,,
2026-09-22,NVX,READY,RETEST_HELD,,FULL
2026-09-22,NXAT,READY,RETEST_HELD,,FULL
2026-09-22,NXH,READY,PRESS_RECLAIM,,FULL
2026-09-22,NXL,WATCH,SWEEP_ACTIVE,,FULL
2026-09-22,NXTT,WATCH,RETEST_PENDING,,FULL
2026-09-22,OFAL,FOCUS,BROKEN_NEW_BASE,,FULL
2026-09-22,OIO,WATCH,RETEST_PENDING,,FULL
2026-09-22,OLMA,READY,RETEST_HELD,,FULL
2026-09-22,OLOX,FOCUS,BROKEN_NEW_BASE,,FULL
2026-09-22,OMEX,WATCH,RETEST_PENDING,,FULL
2026-09-22,OMH,WATCH,RETEST_IN_PROGRESS,,FULL
2026-09-22,ONFO,FOCUS,BROKEN_NEW_BASE,,FULL
2026-09-22,OPEN,FOCUS,BROKEN_NEW_BASE,,FULL
2026-09-22,ORBS,WATCH,RETEST_PENDING,,FULL
2026-09-22,ORGO,FOCUS,BROKEN_NEW_BASE,,FULL
2026-09-22,OTLK,WATCH,RETEST_PENDING,,FULL
2026-09-22,PARA,FOCUS,BROKEN_NEW_BASE,,FULL
2026-09-22,PAVM,FOCUS,BASE_FORMING,,FULL
2026-09-22,PHOE,WATCH,RETEST_PENDING,,FULL
2026-09-22,PLCE,FOCUS,BROKEN_NEW_BASE,,FULL
2026-09-22,PLSM,READY,PRESS_RECLAIM,,FULL
2026-09-22,PLUR,FOCUS,BROKEN_NEW_BASE,,FULL
2026-09-22,PLYX,WATCH,RETEST_PENDING,,FULL
2026-09-22,PMAX,WATCH,RETEST_PENDING,,FULL
2026-09-22,PN,WATCH,RETEST_PENDING,,FULL
2026-09-22,POLA,FOCUS,BROKEN_NEW_BASE,,FULL
2026-09-22,PRFX,WATCH,RETEST_IN_PROGRESS,,FULL
2026-09-22,PROP,FOCUS,BROKEN_NEW_BASE,,FULL
2026-09-22,PRSO,FOCUS,BROKEN_NEW_BASE,,FULL
2026-09-22,PSNY,FOCUS,BROKEN_NEW_BASE,,FULL
2026-09-22,PWCM,FOCUS,BROKEN_NEW_BASE,,FULL
2026-09-22,QNCX,WATCH,RETEST_PENDING,,FULL
2026-09-22,QNTM,WATCH,RETEST_PENDING,,FULL
2026-09-22,QTI,REJECTED,,FE-SCREEN-01/M2_FLOOR,
2026-09-22,QUCY,WATCH,RETEST_PENDING,,FULL
2026-09-22,RADX,FOCUS,BROKEN_NEW_BASE,,FULL
2026-09-22,RAYA,WATCH,RETEST_IN_PROGRESS,,FULL
2026-09-22,RCON,FOCUS,BROKEN_NEW_BASE,,FULL
2026-09-22,RDAC,WATCH,RETEST_PENDING,,FULL
2026-09-22,RDGT,WATCH,RETEST_PENDING,,FULL
2026-09-22,REKR,FOCUS,BROKEN_NEW_BASE,,FULL
2026-09-22,RENX,WATCH,RETEST_PENDING,,FULL
2026-09-22,RGC,WATCH,RETEST_PENDING,,FULL
2026-09-22,RKDA,REJECTED,,FE-SCREEN-01/M3,
2026-09-22,RNAZ,FOCUS,BROKEN_NEW_BASE,,FULL
2026-09-22,RPID,FOCUS,BROKEN_NEW_BASE,,FULL
2026-09-22,RVSN,FOCUS,BROKEN_NEW_BASE,,FULL
2026-09-22,SAGT,FOCUS,BROKEN_NEW_BASE,,FULL
2026-09-22,SBFM,FOCUS,BROKEN_NEW_BASE,,FULL
2026-09-22,SCKT,FOCUS,BASE_FORMING,,FULL
2026-09-22,SCLX,READY,PRESS_RECLAIM,,FULL
2026-09-22,SCWO,WATCH,RETEST_PENDING,,FULL
2026-09-22,SDA,WATCH,RETEST_PENDING,,FULL
2026-09-22,SDOT,WATCH,RETEST_PENDING,,FULL
2026-09-22,SERV,FOCUS,BASE_FORMING,,FULL
2026-09-22,SEV,WATCH,RETEST_PENDING,,FULL
2026-09-22,SGLY,FOCUS,BROKEN_NEW_BASE,,FULL
2026-09-22,SHPH,WATCH,RETEST_PENDING,,FULL
2026-09-22,SILO,FOCUS,BROKEN_NEW_BASE,,FULL
2026-09-22,SKIN,WATCH,RETEST_PENDING,,FULL
2026-09-22,SKK,WATCH,RETEST_PENDING,,FULL
2026-09-22,SKYA,WATCH,RETEST_PENDING,,FULL
2026-09-22,SKYE,READY,PRESS_RECLAIM,,FULL
2026-09-22,SLBT,FOCUS,BROKEN_NEW_BASE,,FULL
2026-09-22,SLE,WATCH,RETEST_PENDING,,FULL
2026-09-22,SLMT,FOCUS,BROKEN_NEW_BASE,,FULL
2026-09-22,SLNH,WATCH,RETEST_PENDING,,FULL
2026-09-22,SLSN,WATCH,RETEST_PENDING,,FULL
2026-09-22,SLXN,READY,PRESS_RECLAIM,,FULL
2026-09-22,SMTK,FOCUS,BROKEN_NEW_BASE,,FULL
2026-09-22,SMX,REJECTED,,FE-SCREEN-01/M2_CEIL,
2026-09-22,SMXT,WATCH,RETEST_PENDING,,FULL
2026-09-22,SNAL,READY,RETEST_HELD,,FULL
2026-09-22,SNES,WATCH,SWEEP_ACTIVE,,FULL
2026-09-22,SONM,WATCH,RETEST_PENDING,,FULL
2026-09-22,SOWG,WATCH,RETEST_PENDING,,FULL
2026-09-22,SPRB,WATCH,RETEST_PENDING,,FULL
2026-09-22,SPRC,READY,RETEST_HELD,,FULL
2026-09-22,SQFT,READY,BASE_HELD,,FULL
2026-09-22,STAK,READY,PRESS_RECLAIM,,FULL
2026-09-22,STEX,FOCUS,BROKEN_NEW_BASE,,FULL
2026-09-22,STFS,WATCH,RETEST_IN_PROGRESS,,FULL
2026-09-22,STI,WATCH,RETEST_PENDING,,FULL
2026-09-22,STKE,WATCH,RETEST_PENDING,,FULL
2026-09-22,STKH,FOCUS,BROKEN_NEW_BASE,,FULL
2026-09-22,SWMR,FOCUS,BROKEN_NEW_BASE,,FULL
2026-09-22,TAOP,WATCH,RETEST_PENDING,,FULL
2026-09-22,TCRT,FOCUS,BROKEN_NEW_BASE,,FULL
2026-09-22,TDTH,WATCH,RETEST_PENDING,,FULL
2026-09-22,TDUP,READY,PRESS_RECLAIM,,FULL
2026-09-22,TEAD,WATCH,RETEST_IN_PROGRESS,,FULL
2026-09-22,THH,WATCH,RETEST_PENDING,,FULL
2026-09-22,TLRY,READY,RETEST_HELD,,FULL
2026-09-22,TOYO,READY,BASE_HELD,,FULL
2026-09-22,TRAW,WATCH,RETEST_PENDING,,FULL
2026-09-22,TRIB,READY,BASE_HELD,,FULL
2026-09-22,TVGN,WATCH,RETEST_PENDING,,FULL
2026-09-22,TVRD,WATCH,SWEEP_ACTIVE,,FULL
2026-09-22,TYGO,READY,RETEST_HELD,,FULL
2026-09-22,UFG,WATCH,RETEST_IN_PROGRESS,,FULL
2026-09-22,UPLD,REJECTED,,FE-SCREEN-01/M3,
2026-09-22,UPXI,WATCH,RETEST_PENDING,,FULL
2026-09-22,UXIN,REJECTED,,FE-SCREEN-01/M3,
2026-09-22,VBIO,FOCUS,BROKEN_NEW_BASE,,FULL
2026-09-22,VERI,WATCH,RETEST_PENDING,,FULL
2026-09-22,VMAR,WATCH,RETEST_PENDING,,FULL
2026-09-22,VRAX,FOCUS,BROKEN_NEW_BASE,,FULL
2026-09-22,VRXA,WATCH,RETEST_IN_PROGRESS,,FULL
2026-09-22,VSME,WATCH,SWEEP_ACTIVE,,FULL
2026-09-22,WBUY,WATCH,RETEST_PENDING,,FULL
2026-09-22,WFF,WATCH,RETEST_PENDING,,FULL
2026-09-22,WIMI,REJECTED,,FE-SCREEN-01/M3,
2026-09-22,WKHS,WATCH,RETEST_PENDING,,FULL
2026-09-22,WKSP,FOCUS,BASE_FORMING,,FULL
2026-09-22,WNW,READY,RETEST_HELD,,FULL
2026-09-22,WVE,WATCH,SWEEP_ACTIVE,,FULL
2026-09-22,WXM,READY,PRESS_RECLAIM,,FULL
2026-09-22,XAIR,FOCUS,BROKEN_NEW_BASE,,FULL
2026-09-22,XBP,WATCH,RETEST_PENDING,,FULL
2026-09-22,XCH,WATCH,RETEST_IN_PROGRESS,,FULL
2026-09-22,XCUR,WATCH,RETEST_PENDING,,FULL
2026-09-22,XRTX,REJECTED,,FE-SCREEN-01/M3,
2026-09-22,YAAS,FOCUS,BROKEN_NEW_BASE,,FULL
2026-09-22,YDDL,FOCUS,BASE_FORMING,,FULL
2026-09-22,YDES,WATCH,RETEST_PENDING,,FULL
2026-09-22,YFOR,WATCH,RETEST_PENDING,,FULL
2026-09-22,YHC,FOCUS,BROKEN_NEW_BASE,,FULL
2026-09-22,YJ,WATCH,RETEST_PENDING,,FULL
2026-09-22,YOUL,WATCH,RETEST_PENDING,,FULL
2026-09-22,ZCMD,READY,RETEST_HELD,,FULL
2026-09-22,ZENA,WATCH,RETEST_PENDING,,FULL
2026-09-22,ZSQR,FOCUS,BROKEN_NEW_BASE,,FULL
2026-09-23,ABAT,WATCH,RETEST_PENDING,,FULL
2026-09-23,ABTS,WATCH,RETEST_PENDING,,FULL
2026-09-23,ADGM,WATCH,RETEST_PENDING,,FULL
2026-09-23,ADVB,READY,RETEST_HELD,,FULL
2026-09-23,AEI,FOCUS,BROKEN_NEW_BASE,,FULL
2026-09-23,AHMA,WATCH,RETEST_PENDING,,FULL
2026-09-23,AIFC,WATCH,RETEST_PENDING,,FULL
2026-09-23,AIIO,READY,PRESS_RECLAIM,,FULL
2026-09-23,AIRS,FOCUS,BROKEN_NEW_BASE,,FULL
2026-09-23,AIXC,WATCH,RETEST_PENDING,,FULL
2026-09-23,AKAN,WATCH,RETEST_PENDING,,FULL
2026-09-23,AKTX,WATCH,RETEST_PENDING,,FULL
2026-09-23,ALAR,WATCH,RETEST_PENDING,,FULL
2026-09-23,ALPS,REJECTED,,FE-SCREEN-01/M1,
2026-09-23,AMCI,WATCH,RETEST_IN_PROGRESS,,FULL
2026-09-23,AMOD,FOCUS,BROKEN_NEW_BASE,,FULL
2026-09-23,AMST,WATCH,RETEST_PENDING,,FULL
2026-09-23,ANNA,WATCH,RETEST_IN_PROGRESS,,FULL
2026-09-23,APVO,WATCH,RETEST_PENDING,,FULL
2026-09-23,AQMS,WATCH,RETEST_IN_PROGRESS,,FULL
2026-09-23,ARBE,WATCH,RETEST_PENDING,,FULL
2026-09-23,ARBK,FOCUS,BROKEN_NEW_BASE,,FULL
2026-09-23,AREC,REJECTED,,FE-SCREEN-01/M2_FLOOR,
2026-09-23,ARTL,FOCUS,BROKEN_NEW_BASE,,FULL
2026-09-23,ASPC,READY,RETEST_HELD,,FULL
2026-09-23,ASTC,FOCUS,BROKEN_NEW_BASE,,FULL
2026-09-23,ATGL,WATCH,RETEST_PENDING,,FULL
2026-09-23,ATPC,READY,RETEST_HELD,,FULL
2026-09-23,AUID,WATCH,RETEST_PENDING,,FULL
2026-09-23,AURE,FOCUS,BROKEN_NEW_BASE,,FULL
2026-09-23,AVX,WATCH,RETEST_PENDING,,FULL
2026-09-23,AZIO,WATCH,RETEST_PENDING,,FULL
2026-09-23,BBLG,REJECTED,,FE-SCREEN-01/M3,
2026-09-23,BCTX,WATCH,RETEST_PENDING,,FULL
2026-09-23,BDMD,FOCUS,BROKEN_NEW_BASE,,FULL
2026-09-23,BEAT,WATCH,RETEST_IN_PROGRESS,,FULL
2026-09-23,BFRG,REJECTED,,FE-SCREEN-01/M2_FLOOR,
2026-09-23,BGMS,WATCH,RETEST_PENDING,,FULL
2026-09-23,BIRD,READY,RETEST_HELD,,FULL
2026-09-23,BIYA,READY,RETEST_HELD,,FULL
2026-09-23,BJDX,READY,PRESS_RECLAIM,,FULL
2026-09-23,BKYI,REJECTED,,FE-SCREEN-01/M3,
2026-09-23,BLNK,WATCH,RETEST_PENDING,,FULL
2026-09-23,BNAI,FOCUS,BROKEN_NEW_BASE,,FULL
2026-09-23,BNKK,WATCH,RETEST_PENDING,,FULL
2026-09-23,BOXL,FOCUS,BROKEN_NEW_BASE,,FULL
2026-09-23,BRAI,READY,RETEST_HELD,,FULL
2026-09-23,BRLS,WATCH,RETEST_PENDING,,FULL
2026-09-23,BTQ,FOCUS,BROKEN_NEW_BASE,,FULL
2026-09-23,BYAH,FOCUS,BROKEN_NEW_BASE,,FULL
2026-09-23,BYND,WATCH,RETEST_PENDING,,FULL
2026-09-23,BYRN,REJECTED,,FE-SCREEN-01/M3,
2026-09-23,BZAI,WATCH,RETEST_PENDING,,FULL
2026-09-23,CAN,WATCH,RETEST_PENDING,,FULL
2026-09-23,CAPR,WATCH,RETEST_PENDING,,FULL
2026-09-23,CAR,FOCUS,BROKEN_NEW_BASE,,FULL
2026-09-23,CAST,WATCH,RETEST_PENDING,,FULL
2026-09-23,CCHH,FOCUS,BROKEN_NEW_BASE,,FULL
2026-09-23,CCTG,FOCUS,BROKEN_NEW_BASE,,FULL
2026-09-23,CD,WATCH,RETEST_PENDING,,FULL
2026-09-23,CDIO,WATCH,RETEST_PENDING,,FULL
2026-09-23,CDTG,WATCH,RETEST_PENDING,,FULL
2026-09-23,CELZ,WATCH,RETEST_PENDING,,FULL
2026-09-23,CETX,FOCUS,BROKEN_NEW_BASE,,FULL
2026-09-23,CETY,READY,PRESS_RECLAIM,,FULL
2026-09-23,CGTL,WATCH,RETEST_PENDING,,FULL
2026-09-23,CHGA,FOCUS,BROKEN_NEW_BASE,,FULL
2026-09-23,CHR,FOCUS,BASE_FORMING,,FULL
2026-09-23,CHSN,WATCH,RETEST_PENDING,,FULL
2026-09-23,CIIT,FOCUS,BROKEN_NEW_BASE,,FULL
2026-09-23,CIRC,REJECTED,,FE-SCREEN-01/M1,
2026-09-23,CLIK,WATCH,RETEST_PENDING,,FULL
2026-09-23,CLRO,WATCH,RETEST_PENDING,,FULL
2026-09-23,CMCT,FOCUS,BROKEN_NEW_BASE,,FULL
2026-09-23,CMTL,READY,BASE_HELD,,FULL
2026-09-23,CNSY,FOCUS,BROKEN_NEW_BASE,,FULL
2026-09-23,CODX,READY,PRESS_RECLAIM,,FULL
2026-09-23,CRE,WATCH,RETEST_IN_PROGRESS,,FULL
2026-09-23,CRIS,FOCUS,BROKEN_NEW_BASE,,FULL
2026-09-23,CRMT,WATCH,RETEST_PENDING,,FULL
2026-09-23,CSAI,FOCUS,BROKEN_NEW_BASE,,FULL
2026-09-23,CTXR,WATCH,RETEST_PENDING,,FULL
2026-09-23,CVRX,WATCH,RETEST_PENDING,,FULL
2026-09-23,CWD,REJECTED,,FE-SCREEN-01/M4_RANGE,
2026-09-23,CXAI,FOCUS,BROKEN_NEW_BASE,,FULL
2026-09-23,CYCU,WATCH,RETEST_PENDING,,FULL
2026-09-23,CYN,READY,BASE_HELD,,FULL
2026-09-23,DCOY,REJECTED,,FE-SCREEN-01/M4_RANGE,
2026-09-23,DFLI,FOCUS,BROKEN_NEW_BASE,,FULL
2026-09-23,DGNX,WATCH,RETEST_PENDING,,FULL
2026-09-23,DKI,WATCH,RETEST_IN_PROGRESS,,FULL
2026-09-23,DOGZ,READY,RETEST_HELD,,FULL
2026-09-23,DRK,WATCH,RETEST_PENDING,,FULL
2026-09-23,DSY,WATCH,RETEST_PENDING,,FULL
2026-09-23,DUO,WATCH,RETEST_PENDING,,FULL
2026-09-23,DWTX,FOCUS,BROKEN_NEW_BASE,,FULL
2026-09-23,DYAI,REJECTED,,FE-SCREEN-01/M1,
2026-09-23,EDBL,FOCUS,BROKEN_NEW_BASE,,FULL
2026-09-23,EDSA,READY,PRESS_RECLAIM,,FULL
2026-09-23,EHGO,FOCUS,BROKEN_NEW_BASE,,FULL
2026-09-23,EHTH,REJECTED,,FE-SCREEN-01/M3,
2026-09-23,EJH,WATCH,RETEST_PENDING,,FULL
2026-09-23,ELBM,WATCH,RETEST_PENDING,,FULL
2026-09-23,ELTX,FOCUS,BROKEN_NEW_BASE,,FULL
2026-09-23,EMAT,WATCH,RETEST_PENDING,,FULL
2026-09-23,ENGN,WATCH,RETEST_PENDING,,FULL
2026-09-23,ENGS,WATCH,RETEST_PENDING,,FULL
2026-09-23,ENLV,REJECTED,,FE-SCREEN-01/M4_RANGE,
2026-09-23,ENSC,WATCH,RETEST_PENDING,,FULL
2026-09-23,ENVB,WATCH,RETEST_PENDING,,FULL
2026-09-23,EOCN,REJECTED,,FE-SCREEN-01/M3,
2026-09-23,EOSE,WATCH,RETEST_PENDING,,FULL
2026-09-23,EPSM,WATCH,RETEST_PENDING,,FULL
2026-09-23,ERNA,WATCH,RETEST_PENDING,,FULL
2026-09-23,ESLA,FOCUS,BROKEN_NEW_BASE,,FULL
2026-09-23,EUDA,WATCH,RETEST_PENDING,,FULL
2026-09-23,EVAX,WATCH,RETEST_PENDING,,FULL
2026-09-23,FABC,FOCUS,BROKEN_NEW_BASE,,FULL
2026-09-23,FAC,WATCH,RETEST_PENDING,,FULL
2026-09-23,FBLG,FOCUS,BASE_FORMING,,FULL
2026-09-23,FBYD,WATCH,RETEST_PENDING,,FULL
2026-09-23,FEMY,WATCH,RETEST_PENDING,,FULL
2026-09-23,FGNX,WATCH,RETEST_PENDING,,FULL
2026-09-23,FLNA,FOCUS,BROKEN_NEW_BASE,,FULL
2026-09-23,FLNC,FOCUS,BROKEN_NEW_BASE,,FULL
2026-09-23,FLYE,FOCUS,BROKEN_NEW_BASE,,FULL
2026-09-23,FMST,FOCUS,BROKEN_NEW_BASE,,FULL
2026-09-23,FNUC,WATCH,RETEST_PENDING,,FULL
2026-09-23,FOFO,FOCUS,BROKEN_NEW_BASE,,FULL
2026-09-23,FRMM,WATCH,RETEST_PENDING,,FULL
2026-09-23,FRSX,REJECTED,,FE-SCREEN-01/M3,
2026-09-23,FTCI,REJECTED,,FE-SCREEN-01/M3,
2026-09-23,FTHM,FOCUS,BASE_FORMING,,FULL
2026-09-23,FULC,WATCH,RETEST_PENDING,,FULL
2026-09-23,FUSE,FOCUS,BASE_FORMING,,FULL
2026-09-23,FWDI,REJECTED,,FE-SCREEN-01/RSI_NOW,
2026-09-23,FXHO,WATCH,RETEST_PENDING,,FULL
2026-09-23,GCL,WATCH,RETEST_PENDING,,FULL
2026-09-23,GDEV,WATCH,RETEST_IN_PROGRESS,,FULL
2026-09-23,GEOS,READY,PRESS_RECLAIM,,FULL
2026-09-23,GLXG,WATCH,RETEST_PENDING,,FULL
2026-09-23,GMM,WATCH,RETEST_IN_PROGRESS,,FULL
2026-09-23,GNLN,WATCH,RETEST_PENDING,,FULL
2026-09-23,GNPX,FOCUS,BROKEN_NEW_BASE,,FULL
2026-09-23,GNTA,FOCUS,BROKEN_NEW_BASE,,FULL
2026-09-23,GOGO,READY,PRESS_RECLAIM,,FULL
2026-09-23,GP,REJECTED,,FE-SCREEN-01/M3,
2026-09-23,GRAN,WATCH,RETEST_PENDING,,FULL
2026-09-23,GRI,REJECTED,,FE-SCREEN-01/M3,
2026-09-23,GUTS,FOCUS,BROKEN_NEW_BASE,,FULL
2026-09-23,HAO,REJECTED,,FE-SCREEN-01/M3,
2026-09-23,HCTI,FOCUS,BROKEN_NEW_BASE,,FULL
2026-09-23,HIT,FOCUS,BROKEN_NEW_BASE,,FULL
2026-09-23,HOLO,WATCH,RETEST_PENDING,,FULL
2026-09-23,HTCO,WATCH,RETEST_PENDING,,FULL
2026-09-23,HTCR,WATCH,RETEST_PENDING,,FULL
2026-09-23,HTZ,WATCH,RETEST_PENDING,,FULL
2026-09-23,HUMA,READY,RETEST_HELD,,FULL
2026-09-23,HXHX,REJECTED,,FE-SCREEN-01/M1,
2026-09-23,HYFM,WATCH,RETEST_PENDING,,FULL
2026-09-23,IBG,WATCH,RETEST_PENDING,,FULL
2026-09-23,ICCM,WATCH,SWEEP_ACTIVE,,FULL
2026-09-23,IDN,FOCUS,BROKEN_NEW_BASE,,FULL
2026-09-23,IMNN,READY,PRESS_RECLAIM,,FULL
2026-09-23,INBS,WATCH,RETEST_PENDING,,FULL
2026-09-23,INHD,WATCH,RETEST_PENDING,,POST_SPLIT
2026-09-23,INLF,WATCH,RETEST_PENDING,,FULL
2026-09-23,INTJ,READY,RETEST_HELD,,FULL
2026-09-23,INTS,WATCH,RETEST_IN_PROGRESS,,FULL
2026-09-23,IOTR,WATCH,RETEST_PENDING,,FULL
2026-09-23,IPST,FOCUS,BROKEN_NEW_BASE,,FULL
2026-09-23,ISPC,WATCH,SWEEP_ACTIVE,,FULL
2026-09-23,IVF,READY,RETEST_HELD,,FULL
2026-09-23,JBDI,WATCH,RETEST_PENDING,,FULL
2026-09-23,JEM,WATCH,RETEST_IN_PROGRESS,,FULL
2026-09-23,JFIN,FOCUS,BROKEN_NEW_BASE,,FULL
2026-09-23,JFU,WATCH,RETEST_PENDING,,FULL
2026-09-23,JLHL,WATCH,RETEST_PENDING,,FULL
2026-09-23,JSPR,WATCH,RETEST_PENDING,,FULL
2026-09-23,JTAI,WATCH,RETEST_PENDING,,FULL
2026-09-23,JYD,WATCH,RETEST_PENDING,,FULL
2026-09-23,KALA,WATCH,RETEST_PENDING,,FULL
2026-09-23,KELYB,READY,RETEST_HELD,,FULL
2026-09-23,KG,FOCUS,BROKEN_NEW_BASE,,FULL
2026-09-23,KLRS,READY,RETEST_HELD,,FULL
2026-09-23,KMRK,WATCH,RETEST_PENDING,,FULL
2026-09-23,KPTI,WATCH,RETEST_PENDING,,FULL
2026-09-23,KRRO,READY,RETEST_HELD,,FULL
2026-09-23,KSCP,FOCUS,BROKEN_NEW_BASE,,FULL
2026-09-23,KTTA,WATCH,RETEST_PENDING,,FULL
2026-09-23,KUST,REJECTED,,FE-SCREEN-01/M3,
2026-09-23,LAES,READY,PRESS_RECLAIM,,FULL
2026-09-23,LESL,NO_BARS,,,
2026-09-23,LGCL,WATCH,SWEEP_ACTIVE,,FULL
2026-09-23,LGHL,FOCUS,BROKEN_NEW_BASE,,FULL
2026-09-23,LHAI,WATCH,RETEST_PENDING,,FULL
2026-09-23,LICN,WATCH,RETEST_PENDING,,FULL
2026-09-23,LOOP,WATCH,RETEST_PENDING,,FULL
2026-09-23,LTBR,FOCUS,BASE_FORMING,,FULL
2026-09-23,LX,REJECTED,,FE-SCREEN-01/M3,
2026-09-23,LXEH,WATCH,RETEST_PENDING,,FULL
2026-09-23,LYEL,FOCUS,BROKEN_NEW_BASE,,FULL
2026-09-23,LZMH,WATCH,RETEST_PENDING,,FULL
2026-09-23,MASK,FOCUS,BROKEN_NEW_BASE,,FULL
2026-09-23,MBRX,WATCH,RETEST_PENDING,,FULL
2026-09-23,MCRB,WATCH,SWEEP_ACTIVE,,FULL
2026-09-23,MDXH,WATCH,RETEST_PENDING,,FULL
2026-09-23,MENS,WATCH,RETEST_PENDING,,FULL
2026-09-23,METC,READY,RETEST_HELD,,FULL
2026-09-23,MF,WATCH,RETEST_PENDING,,FULL
2026-09-23,MFI,WATCH,RETEST_PENDING,,FULL
2026-09-23,MGRX,WATCH,RETEST_PENDING,,FULL
2026-09-23,MIMI,WATCH,RETEST_PENDING,,FULL
2026-09-23,MLEC,FOCUS,BROKEN_NEW_BASE,,FULL
2026-09-23,MLGO,READY,BASE_HELD,,FULL
2026-09-23,MNDR,FOCUS,BROKEN_NEW_BASE,,FULL
2026-09-23,MOBX,WATCH,SWEEP_ACTIVE,,FULL
2026-09-23,MRLN,FOCUS,BROKEN_NEW_BASE,,FULL
2026-09-23,MRM,WATCH,SWEEP_ACTIVE,,FULL
2026-09-23,MSGY,WATCH,RETEST_PENDING,,FULL
2026-09-23,MSS,REJECTED,,FE-SCREEN-01/M3,
2026-09-23,MTEK,REJECTED,,FE-SCREEN-01/M3,
2026-09-23,MVIS,REJECTED,,FE-SCREEN-01/M3,
2026-09-23,MVST,WATCH,RETEST_PENDING,,FULL
2026-09-23,MYSZ,REJECTED,,FE-SCREEN-01/M3,
2026-09-23,NAMM,WATCH,RETEST_PENDING,,FULL
2026-09-23,NAUT,WATCH,RETEST_PENDING,,FULL
2026-09-23,NCEL,READY,RETEST_HELD,,FULL
2026-09-23,NCNA,READY,RETEST_HELD,,FULL
2026-09-23,NEGG,WATCH,RETEST_PENDING,,FULL
2026-09-23,NEXR,FOCUS,BROKEN_NEW_BASE,,FULL
2026-09-23,NIPG,WATCH,RETEST_PENDING,,FULL
2026-09-23,NKLR,FOCUS,BROKEN_NEW_BASE,,FULL
2026-09-23,NMTC,REJECTED,,FE-SCREEN-01/M3,
2026-09-23,NNE,REJECTED,,FE-SCREEN-01/M2_FLOOR,
2026-09-23,NNNN,FOCUS,BROKEN_NEW_BASE,,FULL
2026-09-23,NPT,WATCH,RETEST_PENDING,,FULL
2026-09-23,NTCL,WATCH,RETEST_IN_PROGRESS,,FULL
2026-09-23,NTHI,FOCUS,BROKEN_NEW_BASE,,FULL
2026-09-23,NUWE,WATCH,RETEST_PENDING,,FULL
2026-09-23,NVNI,NO_BARS,,,
2026-09-23,NVX,READY,RETEST_HELD,,FULL
2026-09-23,NXAT,READY,RETEST_HELD,,FULL
2026-09-23,NXH,READY,PRESS_RECLAIM,,FULL
2026-09-23,NXL,READY,PRESS_RECLAIM,,FULL
2026-09-23,NXTT,WATCH,RETEST_PENDING,,FULL
2026-09-23,OFAL,FOCUS,BROKEN_NEW_BASE,,FULL
2026-09-23,OIO,WATCH,RETEST_PENDING,,FULL
2026-09-23,OLMA,READY,RETEST_HELD,,FULL
2026-09-23,OLOX,FOCUS,BROKEN_NEW_BASE,,FULL
2026-09-23,OMEX,WATCH,RETEST_PENDING,,FULL
2026-09-23,OMH,WATCH,RETEST_PENDING,,FULL
2026-09-23,ONFO,FOCUS,BROKEN_NEW_BASE,,FULL
2026-09-23,OPEN,REJECTED,,FE-SCREEN-01/M2_FLOOR,
2026-09-23,ORBS,WATCH,RETEST_PENDING,,FULL
2026-09-23,ORGO,FOCUS,BROKEN_NEW_BASE,,FULL
2026-09-23,OTLK,WATCH,RETEST_PENDING,,FULL
2026-09-23,PARA,FOCUS,BROKEN_NEW_BASE,,FULL
2026-09-23,PAVM,WATCH,RETEST_IN_PROGRESS,,FULL
2026-09-23,PHOE,WATCH,RETEST_PENDING,,FULL
2026-09-23,PLCE,WATCH,RETEST_PENDING,,FULL
2026-09-23,PLSM,READY,PRESS_RECLAIM,,FULL
2026-09-23,PLUR,FOCUS,BROKEN_NEW_BASE,,FULL
2026-09-23,PLYX,WATCH,RETEST_PENDING,,FULL
2026-09-23,PMAX,WATCH,RETEST_PENDING,,FULL
2026-09-23,PN,WATCH,RETEST_PENDING,,FULL
2026-09-23,POLA,READY,BASE_HELD,,FULL
2026-09-23,PRFX,WATCH,RETEST_IN_PROGRESS,,FULL
2026-09-23,PROP,FOCUS,BROKEN_NEW_BASE,,FULL
2026-09-23,PRSO,FOCUS,BROKEN_NEW_BASE,,FULL
2026-09-23,PSNY,FOCUS,BROKEN_NEW_BASE,,FULL
2026-09-23,PWCM,FOCUS,BROKEN_NEW_BASE,,FULL
2026-09-23,QNCX,WATCH,RETEST_PENDING,,FULL
2026-09-23,QNTM,WATCH,RETEST_PENDING,,FULL
2026-09-23,QTI,REJECTED,,FE-SCREEN-01/M2_FLOOR,
2026-09-23,QUCY,WATCH,RETEST_PENDING,,FULL
2026-09-23,RADX,READY,RETEST_HELD,,FULL
2026-09-23,RAYA,WATCH,RETEST_IN_PROGRESS,,FULL
2026-09-23,RCON,READY,BASE_HELD,,FULL
2026-09-23,RDAC,WATCH,RETEST_PENDING,,FULL
2026-09-23,RDGT,WATCH,RETEST_PENDING,,FULL
2026-09-23,REKR,FOCUS,BROKEN_NEW_BASE,,FULL
2026-09-23,RENX,WATCH,RETEST_PENDING,,FULL
2026-09-23,RGC,WATCH,RETEST_PENDING,,FULL
2026-09-23,RKDA,REJECTED,,FE-SCREEN-01/M3,
2026-09-23,RNAZ,FOCUS,BROKEN_NEW_BASE,,FULL
2026-09-23,RPID,FOCUS,BROKEN_NEW_BASE,,FULL
2026-09-23,RVSN,FOCUS,BROKEN_NEW_BASE,,FULL
2026-09-23,SAGT,FOCUS,BROKEN_NEW_BASE,,FULL
2026-09-23,SBFM,FOCUS,BROKEN_NEW_BASE,,FULL
2026-09-23,SCKT,WATCH,RETEST_IN_PROGRESS,,FULL
2026-09-23,SCLX,READY,RETEST_HELD,,FULL
2026-09-23,SCWO,WATCH,RETEST_PENDING,,FULL
2026-09-23,SDA,WATCH,RETEST_PENDING,,FULL
2026-09-23,SDOT,WATCH,RETEST_PENDING,,FULL
2026-09-23,SERV,FOCUS,BASE_FORMING,,FULL
2026-09-23,SEV,WATCH,RETEST_PENDING,,FULL
2026-09-23,SGLY,FOCUS,BROKEN_NEW_BASE,,FULL
2026-09-23,SHPH,WATCH,RETEST_PENDING,,FULL
2026-09-23,SILO,FOCUS,BROKEN_NEW_BASE,,FULL
2026-09-23,SKIN,REJECTED,,FE-SCREEN-01/M2_FLOOR,
2026-09-23,SKK,WATCH,RETEST_PENDING,,FULL
2026-09-23,SKYA,WATCH,RETEST_PENDING,,FULL
2026-09-23,SKYE,READY,PRESS_RECLAIM,,FULL
2026-09-23,SLBT,FOCUS,BROKEN_NEW_BASE,,FULL
2026-09-23,SLE,WATCH,RETEST_PENDING,,FULL
2026-09-23,SLMT,FOCUS,BROKEN_NEW_BASE,,FULL
2026-09-23,SLNH,WATCH,RETEST_PENDING,,FULL
2026-09-23,SLSN,WATCH,RETEST_PENDING,,FULL
2026-09-23,SLXN,REJECTED,,FE-SCREEN-01/M1,
2026-09-23,SMTK,FOCUS,BROKEN_NEW_BASE,,FULL
2026-09-23,SMX,REJECTED,,FE-SCREEN-01/M2_CEIL,
2026-09-23,SMXT,WATCH,RETEST_PENDING,,FULL
2026-09-23,SNAL,WATCH,RETEST_PENDING,,FULL
2026-09-23,SNES,WATCH,SWEEP_ACTIVE,,FULL
2026-09-23,SONM,REJECTED,,FE-SCREEN-01/RSI_NOW,
2026-09-23,SOWG,WATCH,RETEST_PENDING,,FULL
2026-09-23,SPRB,WATCH,RETEST_PENDING,,FULL
2026-09-23,SPRC,READY,RETEST_HELD,,FULL
2026-09-23,SQFT,READY,BASE_HELD,,FULL
2026-09-23,STAK,WATCH,SWEEP_ACTIVE,,FULL
2026-09-23,STEX,FOCUS,BROKEN_NEW_BASE,,FULL
2026-09-23,STFS,WATCH,RETEST_PENDING,,FULL
2026-09-23,STI,WATCH,RETEST_PENDING,,FULL
2026-09-23,STKE,WATCH,RETEST_PENDING,,FULL
2026-09-23,STKH,FOCUS,BROKEN_NEW_BASE,,FULL
2026-09-23,SWMR,READY,RETEST_HELD,,FULL
2026-09-23,TAOP,WATCH,RETEST_PENDING,,FULL
2026-09-23,TCRT,FOCUS,BROKEN_NEW_BASE,,FULL
2026-09-23,TDTH,WATCH,RETEST_PENDING,,FULL
2026-09-23,TDUP,READY,PRESS_RECLAIM,,FULL
2026-09-23,TEAD,WATCH,RETEST_IN_PROGRESS,,FULL
2026-09-23,THH,WATCH,RETEST_PENDING,,FULL
2026-09-23,TLRY,WATCH,RETEST_PENDING,,FULL
2026-09-23,TOYO,READY,BASE_HELD,,FULL
2026-09-23,TRAW,WATCH,RETEST_PENDING,,FULL
2026-09-23,TRIB,READY,BASE_HELD,,FULL
2026-09-23,TVGN,WATCH,RETEST_PENDING,,FULL
2026-09-23,TVRD,WATCH,SWEEP_ACTIVE,,FULL
2026-09-23,TYGO,READY,RETEST_HELD,,FULL
2026-09-23,UFG,WATCH,RETEST_PENDING,,FULL
2026-09-23,UPLD,REJECTED,,FE-SCREEN-01/M3,
2026-09-23,UPXI,WATCH,RETEST_PENDING,,FULL
2026-09-23,UXIN,REJECTED,,FE-SCREEN-01/M3,
2026-09-23,VBIO,FOCUS,BROKEN_NEW_BASE,,FULL
2026-09-23,VERI,WATCH,RETEST_PENDING,,FULL
2026-09-23,VMAR,WATCH,RETEST_PENDING,,FULL
2026-09-23,VRAX,FOCUS,BROKEN_NEW_BASE,,FULL
2026-09-23,VRXA,READY,RETEST_HELD,,FULL
2026-09-23,VSME,WATCH,SWEEP_ACTIVE,,FULL
2026-09-23,WBUY,WATCH,RETEST_PENDING,,FULL
2026-09-23,WFF,WATCH,RETEST_PENDING,,FULL
2026-09-23,WIMI,REJECTED,,FE-SCREEN-01/M3,
2026-09-23,WKHS,WATCH,RETEST_PENDING,,FULL
2026-09-23,WKSP,FOCUS,BROKEN_NEW_BASE,,FULL
2026-09-23,WNW,READY,RETEST_HELD,,FULL
2026-09-23,WVE,WATCH,SWEEP_ACTIVE,,FULL
2026-09-23,WXM,READY,PRESS_RECLAIM,,FULL
2026-09-23,XAIR,READY,BASE_HELD,,FULL
2026-09-23,XBP,WATCH,RETEST_PENDING,,FULL
2026-09-23,XCH,WATCH,RETEST_IN_PROGRESS,,FULL
2026-09-23,XCUR,WATCH,RETEST_PENDING,,FULL
2026-09-23,XRTX,REJECTED,,FE-SCREEN-01/M3,
2026-09-23,YAAS,FOCUS,BROKEN_NEW_BASE,,FULL
2026-09-23,YDDL,READY,BASE_HELD,,FULL
2026-09-23,YDES,WATCH,RETEST_PENDING,,FULL
2026-09-23,YFOR,WATCH,RETEST_PENDING,,FULL
2026-09-23,YHC,FOCUS,BROKEN_NEW_BASE,,FULL
2026-09-23,YJ,WATCH,RETEST_PENDING,,FULL
2026-09-23,YOUL,WATCH,RETEST_PENDING,,FULL
2026-09-23,ZCMD,WATCH,RETEST_PENDING,,FULL
2026-09-23,ZENA,WATCH,RETEST_PENDING,,FULL
2026-09-23,ZSQR,WATCH,RETEST_PENDING,,FULL
2026-09-24,ABAT,WATCH,RETEST_PENDING,,FULL
2026-09-24,ABTS,WATCH,RETEST_PENDING,,FULL
2026-09-24,ADVB,READY,RETEST_HELD,,FULL
2026-09-24,AEI,FOCUS,BROKEN_NEW_BASE,,FULL
2026-09-24,AHMA,WATCH,RETEST_IN_PROGRESS,,FULL
2026-09-24,AIFC,WATCH,RETEST_PENDING,,FULL
2026-09-24,AIOS,WATCH,RETEST_PENDING,,FULL
2026-09-24,AIRS,WATCH,RETEST_IN_PROGRESS,,FULL
2026-09-24,AKAN,WATCH,RETEST_PENDING,,FULL
2026-09-24,AKTX,WATCH,RETEST_PENDING,,FULL
2026-09-24,ALAR,WATCH,RETEST_PENDING,,FULL
2026-09-24,ALMS,FOCUS,BROKEN_NEW_BASE,,FULL
2026-09-24,ALPS,REJECTED,,FE-SCREEN-01/M1,
2026-09-24,AMCI,READY,RETEST_HELD,,FULL
2026-09-24,AMOD,FOCUS,BROKEN_NEW_BASE,,FULL
2026-09-24,AMST,WATCH,RETEST_IN_PROGRESS,,FULL
2026-09-24,ANNA,WATCH,RETEST_IN_PROGRESS,,FULL
2026-09-24,APVO,WATCH,RETEST_PENDING,,FULL
2026-09-24,AQMS,WATCH,RETEST_PENDING,,FULL
2026-09-24,ARBE,WATCH,RETEST_PENDING,,FULL
2026-09-24,ARBK,FOCUS,BROKEN_NEW_BASE,,FULL
2026-09-24,AREC,FOCUS,BROKEN_NEW_BASE,,FULL
2026-09-24,ASPC,READY,RETEST_HELD,,FULL
2026-09-24,ASTC,WATCH,RETEST_PENDING,,FULL
2026-09-24,ATGL,WATCH,RETEST_PENDING,,FULL
2026-09-24,ATPC,READY,RETEST_HELD,,FULL
2026-09-24,AUID,WATCH,RETEST_PENDING,,FULL
2026-09-24,AURE,FOCUS,BROKEN_NEW_BASE,,FULL
2026-09-24,AUUD,WATCH,RETEST_PENDING,,FULL
2026-09-24,AVX,WATCH,RETEST_PENDING,,FULL
2026-09-24,AZIO,WATCH,RETEST_PENDING,,FULL
2026-09-24,BAER,FOCUS,BROKEN_NEW_BASE,,FULL
2026-09-24,BBLG,REJECTED,,FE-SCREEN-01/M3,
2026-09-24,BCTX,WATCH,RETEST_PENDING,,FULL
2026-09-24,BDMD,FOCUS,BROKEN_NEW_BASE,,FULL
2026-09-24,BGMS,WATCH,RETEST_PENDING,,FULL
2026-09-24,BIRD,READY,RETEST_HELD,,FULL
2026-09-24,BJDX,WATCH,RETEST_PENDING,,FULL
2026-09-24,BKYI,REJECTED,,FE-SCREEN-01/M3,
2026-09-24,BLNK,WATCH,RETEST_PENDING,,FULL
2026-09-24,BNAI,FOCUS,BROKEN_NEW_BASE,,FULL
2026-09-24,BNKK,WATCH,RETEST_PENDING,,FULL
2026-09-24,BOXL,WATCH,RETEST_PENDING,,FULL
2026-09-24,BRAI,READY,RETEST_HELD,,FULL
2026-09-24,BRLS,WATCH,RETEST_PENDING,,FULL
2026-09-24,BRNX,WATCH,RETEST_PENDING,,FULL
2026-09-24,BTQ,READY,BASE_HELD,,FULL
2026-09-24,BYAH,WATCH,RETEST_PENDING,,FULL
2026-09-24,BZAI,WATCH,RETEST_PENDING,,FULL
2026-09-24,CALC,READY,PRESS_RECLAIM,,FULL
2026-09-24,CAPR,WATCH,RETEST_PENDING,,FULL
2026-09-24,CAR,FOCUS,BROKEN_NEW_BASE,,FULL
2026-09-24,CAST,WATCH,RETEST_PENDING,,FULL
2026-09-24,CCHH,FOCUS,BROKEN_NEW_BASE,,FULL
2026-09-24,CCTG,FOCUS,BROKEN_NEW_BASE,,FULL
2026-09-24,CDIO,WATCH,RETEST_PENDING,,FULL
2026-09-24,CDTG,WATCH,RETEST_PENDING,,FULL
2026-09-24,CELZ,WATCH,RETEST_PENDING,,FULL
2026-09-24,CETX,FOCUS,BROKEN_NEW_BASE,,FULL
2026-09-24,CETY,READY,PRESS_RECLAIM,,FULL
2026-09-24,CGTL,WATCH,RETEST_PENDING,,FULL
2026-09-24,CHGA,WATCH,RETEST_PENDING,,FULL
2026-09-24,CHR,FOCUS,BASE_FORMING,,FULL
2026-09-24,CHSN,WATCH,RETEST_PENDING,,FULL
2026-09-24,CIIT,WATCH,RETEST_PENDING,,FULL
2026-09-24,CLGN,WATCH,RETEST_PENDING,,FULL
2026-09-24,CLIK,WATCH,RETEST_PENDING,,FULL
2026-09-24,CLRO,WATCH,RETEST_PENDING,,FULL
2026-09-24,CMCT,FOCUS,BROKEN_NEW_BASE,,FULL
2026-09-24,CMPX,FOCUS,BROKEN_NEW_BASE,,FULL
2026-09-24,CNCK,READY,RETEST_HELD,,FULL
2026-09-24,CNSY,FOCUS,BROKEN_NEW_BASE,,FULL
2026-09-24,CODX,READY,PRESS_RECLAIM,,FULL
2026-09-24,COOT,WATCH,RETEST_PENDING,,FULL
2026-09-24,CPSH,WATCH,RETEST_IN_PROGRESS,,FULL
2026-09-24,CRE,WATCH,RETEST_IN_PROGRESS,,FULL
2026-09-24,CRGO,REJECTED,,FE-SCREEN-01/M3,
2026-09-24,CRIS,FOCUS,BROKEN_NEW_BASE,,FULL
2026-09-24,CRML,WATCH,RETEST_PENDING,,FULL
2026-09-24,CRMT,WATCH,RETEST_PENDING,,FULL
2026-09-24,CSAI,WATCH,RETEST_PENDING,,FULL
2026-09-24,CTXR,WATCH,RETEST_PENDING,,FULL
2026-09-24,CURX,WATCH,RETEST_PENDING,,FULL
2026-09-24,CVRX,WATCH,RETEST_PENDING,,FULL
2026-09-24,CXAI,READY,BASE_HELD,,FULL
2026-09-24,CYCU,WATCH,RETEST_PENDING,,FULL
2026-09-24,CYN,READY,BASE_HELD,,FULL
2026-09-24,DFLI,READY,RETEST_HELD,,FULL
2026-09-24,DFSC,FOCUS,BROKEN_NEW_BASE,,FULL
2026-09-24,DGNX,WATCH,RETEST_PENDING,,FULL
2026-09-24,DKI,WATCH,RETEST_IN_PROGRESS,,FULL
2026-09-24,DOGZ,READY,RETEST_HELD,,FULL
2026-09-24,DRCT,NO_BARS,,,
2026-09-24,DRK,WATCH,RETEST_PENDING,,FULL
2026-09-24,DRMA,REJECTED,,FE-SCREEN-01/M3,
2026-09-24,DSY,WATCH,RETEST_PENDING,,FULL
2026-09-24,DUO,WATCH,RETEST_PENDING,,FULL
2026-09-24,DWTX,FOCUS,BROKEN_NEW_BASE,,FULL
2026-09-24,DYAI,WATCH,RETEST_PENDING,,FULL
2026-09-24,EDBL,FOCUS,BROKEN_NEW_BASE,,FULL
2026-09-24,EDSA,READY,BASE_HELD,,FULL
2026-09-24,EHGO,READY,BASE_HELD,,FULL
2026-09-24,EJH,WATCH,RETEST_PENDING,,FULL
2026-09-24,ELAB,READY,PRESS_RECLAIM,,FULL
2026-09-24,ELBM,WATCH,RETEST_IN_PROGRESS,,FULL
2026-09-24,ELTX,WATCH,RETEST_IN_PROGRESS,,FULL
2026-09-24,EMAT,WATCH,RETEST_PENDING,,FULL
2026-09-24,ENGN,WATCH,RETEST_PENDING,,FULL
2026-09-24,ENGS,WATCH,RETEST_PENDING,,FULL
2026-09-24,ENLV,REJECTED,,FE-SCREEN-01/M4_RANGE,
2026-09-24,ENSC,WATCH,RETEST_PENDING,,FULL
2026-09-24,ENVB,WATCH,RETEST_PENDING,,FULL
2026-09-24,EOCN,REJECTED,,FE-SCREEN-01/M3,
2026-09-24,EOSE,WATCH,RETEST_PENDING,,FULL
2026-09-24,EPSM,WATCH,RETEST_PENDING,,FULL
2026-09-24,ESLA,FOCUS,BROKEN_NEW_BASE,,FULL
2026-09-24,EUDA,WATCH,RETEST_PENDING,,FULL
2026-09-24,EVAX,WATCH,RETEST_PENDING,,FULL
2026-09-24,EVGO,REJECTED,,FE-SCREEN-01/M3,
2026-09-24,FAC,WATCH,RETEST_PENDING,,FULL
2026-09-24,FBYD,WATCH,RETEST_IN_PROGRESS,,FULL
2026-09-24,FEMY,WATCH,RETEST_PENDING,,FULL
2026-09-24,FFAI,WATCH,SWEEP_ACTIVE,,FULL
2026-09-24,FGNX,WATCH,RETEST_PENDING,,FULL
2026-09-24,FLNA,WATCH,RETEST_PENDING,,FULL
2026-09-24,FLNC,FOCUS,BROKEN_NEW_BASE,,FULL
2026-09-24,FLUX,WATCH,RETEST_IN_PROGRESS,,FULL
2026-09-24,FLYE,FOCUS,BROKEN_NEW_BASE,,FULL
2026-09-24,FMST,FOCUS,BROKEN_NEW_BASE,,FULL
2026-09-24,FNUC,WATCH,RETEST_IN_PROGRESS,,FULL
2026-09-24,FOFO,FOCUS,BROKEN_NEW_BASE,,FULL
2026-09-24,FRMM,WATCH,RETEST_PENDING,,FULL
2026-09-24,FRSX,REJECTED,,FE-SCREEN-01/M3,
2026-09-24,FTCI,REJECTED,,FE-SCREEN-01/M3,
2026-09-24,FULC,WATCH,RETEST_PENDING,,FULL
2026-09-24,FUSE,WATCH,RETEST_PENDING,,FULL
2026-09-24,FWDI,FOCUS,BASE_FORMING,,FULL
2026-09-24,FXHO,WATCH,RETEST_PENDING,,FULL
2026-09-24,GCL,WATCH,RETEST_PENDING,,FULL
2026-09-24,GCTK,FOCUS,BROKEN_NEW_BASE,,FULL
2026-09-24,GDEV,READY,RETEST_HELD,,FULL
2026-09-24,GEOS,READY,BASE_HELD,,FULL
2026-09-24,GLXG,WATCH,RETEST_PENDING,,FULL
2026-09-24,GMM,WATCH,RETEST_IN_PROGRESS,,FULL
2026-09-24,GNLN,WATCH,RETEST_PENDING,,FULL
2026-09-24,GNPX,WATCH,RETEST_PENDING,,FULL
2026-09-24,GNTA,FOCUS,BROKEN_NEW_BASE,,FULL
2026-09-24,GOGO,WATCH,SWEEP_ACTIVE,,FULL
2026-09-24,GRAN,WATCH,RETEST_PENDING,,FULL
2026-09-24,GRI,REJECTED,,FE-SCREEN-01/M3,
2026-09-24,GSIW,WATCH,RETEST_IN_PROGRESS,,FULL
2026-09-24,GUTS,FOCUS,BROKEN_NEW_BASE,,FULL
2026-09-24,GVH,WATCH,RETEST_PENDING,,FULL
2026-09-24,GXAI,FOCUS,BROKEN_NEW_BASE,,FULL
2026-09-24,HAO,REJECTED,,FE-SCREEN-01/M3,
2026-09-24,HERE,WATCH,RETEST_IN_PROGRESS,,FULL
2026-09-24,HIT,FOCUS,BROKEN_NEW_BASE,,FULL
2026-09-24,HOLO,WATCH,RETEST_PENDING,,FULL
2026-09-24,HSDT,FOCUS,BASE_FORMING,,FULL
2026-09-24,HTCO,WATCH,RETEST_PENDING,,FULL
2026-09-24,HTCR,WATCH,RETEST_PENDING,,FULL
2026-09-24,HUMA,READY,RETEST_HELD,,FULL
2026-09-24,HYFM,WATCH,RETEST_PENDING,,FULL
2026-09-24,IBG,WATCH,RETEST_PENDING,,FULL
2026-09-24,ICCM,FOCUS,BROKEN_NEW_BASE,,FULL
2026-09-24,ICU,WATCH,RETEST_PENDING,,FULL
2026-09-24,IDN,FOCUS,BROKEN_NEW_BASE,,FULL
2026-09-24,IMNN,READY,PRESS_RECLAIM,,FULL
2026-09-24,INBS,WATCH,RETEST_PENDING,,FULL
2026-09-24,INHD,WATCH,RETEST_PENDING,,POST_SPLIT
2026-09-24,INLF,WATCH,RETEST_PENDING,,FULL
2026-09-24,INTJ,READY,RETEST_HELD,,FULL
2026-09-24,INTS,WATCH,RETEST_PENDING,,FULL
2026-09-24,INV,FOCUS,BROKEN_NEW_BASE,,FULL
2026-09-24,INVZ,WATCH,RETEST_PENDING,,FULL
2026-09-24,IOTR,WATCH,RETEST_PENDING,,FULL
2026-09-24,IPST,FOCUS,BROKEN_NEW_BASE,,FULL
2026-09-24,ISPC,FOCUS,BROKEN_NEW_BASE,,FULL
2026-09-24,IVF,READY,RETEST_HELD,,FULL
2026-09-24,JBDI,WATCH,RETEST_PENDING,,FULL
2026-09-24,JEM,WATCH,RETEST_IN_PROGRESS,,FULL
2026-09-24,JFIN,READY,BASE_HELD,,FULL
2026-09-24,JLHL,WATCH,RETEST_PENDING,,FULL
2026-09-24,JTAI,WATCH,RETEST_PENDING,,FULL
2026-09-24,JYD,WATCH,RETEST_PENDING,,FULL
2026-09-24,KALA,WATCH,RETEST_IN_PROGRESS,,FULL
2026-09-24,KDK,FOCUS,BROKEN_NEW_BASE,,FULL
2026-09-24,KELYB,READY,RETEST_HELD,,FULL
2026-09-24,KG,FOCUS,BROKEN_NEW_BASE,,FULL
2026-09-24,KITT,FOCUS,BROKEN_NEW_BASE,,FULL
2026-09-24,KLRS,READY,RETEST_HELD,,FULL
2026-09-24,KMRK,WATCH,RETEST_PENDING,,FULL
2026-09-24,KPTI,WATCH,RETEST_PENDING,,FULL
2026-09-24,KSCP,FOCUS,BROKEN_NEW_BASE,,FULL
2026-09-24,KTTA,WATCH,RETEST_PENDING,,FULL
2026-09-24,KUST,REJECTED,,FE-SCREEN-01/M3,
2026-09-24,LAES,WATCH,RETEST_IN_PROGRESS,,FULL
2026-09-24,LESL,NO_BARS,,,
2026-09-24,LGCL,READY,PRESS_RECLAIM,,FULL
2026-09-24,LGHL,WATCH,RETEST_PENDING,,FULL
2026-09-24,LHAI,WATCH,RETEST_PENDING,,FULL
2026-09-24,LICN,WATCH,RETEST_PENDING,,FULL
2026-09-24,LOOP,WATCH,RETEST_PENDING,,FULL
2026-09-24,LTBR,READY,BASE_HELD,,FULL
2026-09-24,LWLG,WATCH,RETEST_IN_PROGRESS,,FULL
2026-09-24,LX,REJECTED,,FE-SCREEN-01/M3,
2026-09-24,LXEH,WATCH,RETEST_PENDING,,FULL
2026-09-24,MASK,FOCUS,BROKEN_NEW_BASE,,FULL
2026-09-24,MBAI,WATCH,SWEEP_ACTIVE,,FULL
2026-09-24,MBRX,WATCH,RETEST_PENDING,,FULL
2026-09-24,MCRB,FOCUS,BROKEN_NEW_BASE,,FULL
2026-09-24,MDXH,WATCH,RETEST_PENDING,,FULL
2026-09-24,MENS,WATCH,RETEST_PENDING,,FULL
2026-09-24,METC,READY,RETEST_HELD,,FULL
2026-09-24,METCB,FOCUS,BROKEN_NEW_BASE,,FULL
2026-09-24,MF,WATCH,RETEST_PENDING,,FULL
2026-09-24,MFI,WATCH,RETEST_PENDING,,FULL
2026-09-24,MGRX,WATCH,RETEST_PENDING,,FULL
2026-09-24,MIMI,WATCH,RETEST_PENDING,,FULL
2026-09-24,MIST,FOCUS,BROKEN_NEW_BASE,,FULL
2026-09-24,MLEC,FOCUS,BROKEN_NEW_BASE,,FULL
2026-09-24,MLGO,READY,BASE_HELD,,FULL
2026-09-24,MNDR,FOCUS,BROKEN_NEW_BASE,,FULL
2026-09-24,MOBX,WATCH,SWEEP_ACTIVE,,FULL
2026-09-24,MPLT,WATCH,RETEST_PENDING,,FULL
2026-09-24,MRLN,FOCUS,BROKEN_NEW_BASE,,FULL
2026-09-24,MRM,WATCH,SWEEP_ACTIVE,,FULL
2026-09-24,MSGY,WATCH,RETEST_PENDING,,FULL
2026-09-24,MSS,REJECTED,,FE-SCREEN-01/M3,
2026-09-24,MVIS,REJECTED,,FE-SCREEN-01/M3,
2026-09-24,MVST,WATCH,RETEST_PENDING,,FULL
2026-09-24,MYSZ,REJECTED,,FE-SCREEN-01/M3,
2026-09-24,NAKA,WATCH,RETEST_PENDING,,FULL
2026-09-24,NAMM,WATCH,RETEST_IN_PROGRESS,,FULL
2026-09-24,NAUT,WATCH,RETEST_IN_PROGRESS,,FULL
2026-09-24,NB,READY,BASE_HELD,,FULL
2026-09-24,NBP,READY,RETEST_HELD,,FULL
2026-09-24,NCEL,WATCH,SWEEP_ACTIVE,,FULL
2026-09-24,NEGG,WATCH,RETEST_PENDING,,FULL
2026-09-24,NIPG,WATCH,RETEST_PENDING,,FULL
2026-09-24,NKLR,FOCUS,BROKEN_NEW_BASE,,FULL
2026-09-24,NMRA,FOCUS,BROKEN_NEW_BASE,,FULL
2026-09-24,NMTC,REJECTED,,FE-SCREEN-01/M3,
2026-09-24,NNE,WATCH,RETEST_PENDING,,FULL
2026-09-24,NNNN,FOCUS,BROKEN_NEW_BASE,,FULL
2026-09-24,NPT,WATCH,RETEST_PENDING,,FULL
2026-09-24,NTCL,WATCH,RETEST_PENDING,,FULL
2026-09-24,NTHI,WATCH,RETEST_IN_PROGRESS,,FULL
2026-09-24,NUWE,WATCH,RETEST_PENDING,,FULL
2026-09-24,NVNI,NO_BARS,,,
2026-09-24,NVX,READY,RETEST_HELD,,FULL
2026-09-24,NXAT,READY,RETEST_HELD,,FULL
2026-09-24,NXL,READY,PRESS_RECLAIM,,FULL
2026-09-24,NXTS,READY,PRESS_RECLAIM,,FULL
2026-09-24,NXTT,WATCH,RETEST_PENDING,,FULL
2026-09-24,ODD,WATCH,RETEST_IN_PROGRESS,,FULL
2026-09-24,ODYS,WATCH,SWEEP_ACTIVE,,FULL
2026-09-24,OFAL,WATCH,RETEST_IN_PROGRESS,,FULL
2026-09-24,OLMA,FOCUS,BROKEN_NEW_BASE,,FULL
2026-09-24,OLOX,WATCH,RETEST_PENDING,,FULL
2026-09-24,OMEX,WATCH,RETEST_PENDING,,FULL
2026-09-24,OMH,WATCH,RETEST_PENDING,,FULL
2026-09-24,ONFO,READY,BASE_HELD,,FULL
2026-09-24,OPEN,FOCUS,BROKEN_NEW_BASE,,FULL
2026-09-24,ORBS,WATCH,RETEST_PENDING,,FULL
2026-09-24,ORGO,FOCUS,BROKEN_NEW_BASE,,FULL
2026-09-24,OTLK,WATCH,RETEST_IN_PROGRESS,,FULL
2026-09-24,PARA,FOCUS,BROKEN_NEW_BASE,,FULL
2026-09-24,PAVM,WATCH,RETEST_IN_PROGRESS,,FULL
2026-09-24,PFSA,FOCUS,BROKEN_NEW_BASE,,FULL
2026-09-24,PHOE,WATCH,RETEST_PENDING,,FULL
2026-09-24,PLCE,WATCH,RETEST_PENDING,,FULL
2026-09-24,PLSM,READY,PRESS_RECLAIM,,FULL
2026-09-24,PLUR,FOCUS,BROKEN_NEW_BASE,,FULL
2026-09-24,PLYX,WATCH,RETEST_PENDING,,FULL
2026-09-24,PMAX,WATCH,RETEST_PENDING,,FULL
2026-09-24,PN,WATCH,RETEST_PENDING,,FULL
2026-09-24,POLA,READY,BASE_HELD,,FULL
2026-09-24,PPBT,WATCH,RETEST_PENDING,,FULL
2026-09-24,PRFX,WATCH,RETEST_PENDING,,FULL
2026-09-24,PROP,READY,BASE_HELD,,FULL
2026-09-24,PRSO,READY,BASE_HELD,,FULL
2026-09-24,PSNY,WATCH,RETEST_IN_PROGRESS,,FULL
2026-09-24,PWCM,WATCH,RETEST_PENDING,,FULL
2026-09-24,QNCX,WATCH,RETEST_PENDING,,FULL
2026-09-24,QNTM,WATCH,RETEST_PENDING,,FULL
2026-09-24,QTEX,WATCH,SWEEP_ACTIVE,,FULL
2026-09-24,QTI,REJECTED,,FE-SCREEN-01/M2_FLOOR,
2026-09-24,QUCY,WATCH,RETEST_PENDING,,FULL
2026-09-24,RAYA,WATCH,RETEST_PENDING,,FULL
2026-09-24,RBNE,WATCH,RETEST_IN_PROGRESS,,FULL
2026-09-24,RCON,WATCH,RETEST_IN_PROGRESS,,FULL
2026-09-24,RDAC,WATCH,RETEST_PENDING,,FULL
2026-09-24,RDGT,WATCH,RETEST_PENDING,,FULL
2026-09-24,RDHL,FOCUS,BASE_FORMING,,FULL
2026-09-24,REKR,FOCUS,BROKEN_NEW_BASE,,FULL
2026-09-24,RENX,WATCH,RETEST_PENDING,,FULL
2026-09-24,RGC,WATCH,RETEST_PENDING,,FULL
2026-09-24,RNAZ,WATCH,RETEST_IN_PROGRESS,,FULL
2026-09-24,RVSN,FOCUS,BROKEN_NEW_BASE,,FULL
2026-09-24,SAGT,FOCUS,BROKEN_NEW_BASE,,FULL
2026-09-24,SBFM,FOCUS,BROKEN_NEW_BASE,,FULL
2026-09-24,SCKT,WATCH,RETEST_IN_PROGRESS,,FULL
2026-09-24,SCLX,READY,RETEST_HELD,,FULL
2026-09-24,SCWO,WATCH,RETEST_PENDING,,FULL
2026-09-24,SDOT,WATCH,RETEST_PENDING,,FULL
2026-09-24,SEGG,WATCH,RETEST_PENDING,,FULL
2026-09-24,SERV,READY,BASE_HELD,,FULL
2026-09-24,SGLY,FOCUS,BROKEN_NEW_BASE,,FULL
2026-09-24,SHPH,WATCH,RETEST_PENDING,,FULL
2026-09-24,SILO,READY,RETEST_HELD,,FULL
2026-09-24,SKK,WATCH,RETEST_PENDING,,FULL
2026-09-24,SKYA,WATCH,RETEST_PENDING,,FULL
2026-09-24,SKYE,READY,PRESS_RECLAIM,,FULL
2026-09-24,SLBT,FOCUS,BROKEN_NEW_BASE,,FULL
2026-09-24,SLE,WATCH,RETEST_PENDING,,FULL
2026-09-24,SLMT,FOCUS,BROKEN_NEW_BASE,,FULL
2026-09-24,SLNH,WATCH,RETEST_PENDING,,FULL
2026-09-24,SLSN,WATCH,RETEST_PENDING,,FULL
2026-09-24,SMTK,FOCUS,BROKEN_NEW_BASE,,FULL
2026-09-24,SMX,REJECTED,,FE-SCREEN-01/M2_CEIL,
2026-09-24,SMXT,WATCH,RETEST_PENDING,,FULL
2026-09-24,SNAL,WATCH,RETEST_PENDING,,FULL
2026-09-24,SNES,WATCH,SWEEP_ACTIVE,,FULL
2026-09-24,SNOA,WATCH,RETEST_PENDING,,FULL
2026-09-24,SONM,WATCH,RETEST_PENDING,,FULL
2026-09-24,SOWG,WATCH,RETEST_PENDING,,FULL
2026-09-24,SPHL,READY,PRESS_RECLAIM,,FULL
2026-09-24,SPRB,WATCH,RETEST_PENDING,,FULL
2026-09-24,SPRC,WATCH,RETEST_PENDING,,FULL
2026-09-24,SQFT,READY,PRESS_RECLAIM,,FULL
2026-09-24,STAK,FOCUS,BROKEN_NEW_BASE,,FULL
2026-09-24,STEX,WATCH,RETEST_PENDING,,FULL
2026-09-24,STFS,WATCH,RETEST_PENDING,,FULL
2026-09-24,STKE,WATCH,RETEST_PENDING,,FULL
2026-09-24,STKH,FOCUS,BROKEN_NEW_BASE,,FULL
2026-09-24,SWMR,READY,RETEST_HELD,,FULL
2026-09-24,TAOP,WATCH,RETEST_PENDING,,FULL
2026-09-24,TCRT,FOCUS,BROKEN_NEW_BASE,,FULL
2026-09-24,TDTH,WATCH,RETEST_PENDING,,FULL
2026-09-24,TDUP,WATCH,SWEEP_ACTIVE,,FULL
2026-09-24,TEAD,READY,RETEST_HELD,,FULL
2026-09-24,THH,WATCH,RETEST_PENDING,,FULL
2026-09-24,TLRY,WATCH,RETEST_IN_PROGRESS,,FULL
2026-09-24,TNYA,READY,BASE_HELD,,FULL
2026-09-24,TOYO,READY,BASE_HELD,,FULL
2026-09-24,TRAW,WATCH,RETEST_PENDING,,FULL
2026-09-24,TRNR,WATCH,RETEST_IN_PROGRESS,,FULL
2026-09-24,TVGN,WATCH,RETEST_PENDING,,FULL
2026-09-24,TVRD,FOCUS,BROKEN_NEW_BASE,,FULL
2026-09-24,TYGO,FOCUS,BROKEN_NEW_BASE,,FULL
2026-09-24,UFG,WATCH,RETEST_IN_PROGRESS,,FULL
2026-09-24,UPLD,REJECTED,,FE-SCREEN-01/M3,
2026-09-24,UPXI,WATCH,RETEST_PENDING,,FULL
2026-09-24,UXIN,REJECTED,,FE-SCREEN-01/M3,
2026-09-24,UZX,READY,PRESS_RECLAIM,,FULL
2026-09-24,VBIO,WATCH,RETEST_PENDING,,FULL
2026-09-24,VERI,WATCH,RETEST_PENDING,,FULL
2026-09-24,VHUB,FOCUS,BROKEN_NEW_BASE,,FULL
2026-09-24,VMAR,WATCH,RETEST_PENDING,,FULL
2026-09-24,VRAX,FOCUS,BROKEN_NEW_BASE,,FULL
2026-09-24,VRXA,READY,RETEST_HELD,,FULL
2026-09-24,VSME,WATCH,SWEEP_ACTIVE,,FULL
2026-09-24,WBUY,WATCH,RETEST_PENDING,,FULL
2026-09-24,WFF,WATCH,RETEST_PENDING,,FULL
2026-09-24,WIMI,REJECTED,,FE-SCREEN-01/M3,
2026-09-24,WKHS,WATCH,RETEST_PENDING,,FULL
2026-09-24,WKSP,FOCUS,BROKEN_NEW_BASE,,FULL
2026-09-24,WNW,READY,RETEST_HELD,,FULL
2026-09-24,WVE,REJECTED,,FE-SCREEN-01/SCORE,
2026-09-24,WXM,WATCH,RETEST_IN_PROGRESS,,FULL
2026-09-24,XAIR,READY,BASE_HELD,,FULL
2026-09-24,XBP,WATCH,RETEST_PENDING,,FULL
2026-09-24,XCH,WATCH,RETEST_IN_PROGRESS,,FULL
2026-09-24,XCUR,WATCH,RETEST_PENDING,,FULL
2026-09-24,XNDU,FOCUS,BROKEN_NEW_BASE,,FULL
2026-09-24,XRTX,REJECTED,,FE-SCREEN-01/M3,
2026-09-24,YAAS,READY,BASE_HELD,,FULL
2026-09-24,YDDL,READY,BASE_HELD,,FULL
2026-09-24,YFOR,WATCH,RETEST_PENDING,,FULL
2026-09-24,YHC,FOCUS,BROKEN_NEW_BASE,,FULL
2026-09-24,YJ,WATCH,RETEST_PENDING,,FULL
2026-09-24,YOUL,WATCH,RETEST_PENDING,,FULL
2026-09-24,ZCMD,WATCH,RETEST_PENDING,,FULL
2026-09-24,ZENA,WATCH,RETEST_PENDING,,FULL
2026-09-24,ZSQR,WATCH,RETEST_PENDING,,FULL
2026-09-24,ZSTK,WATCH,RETEST_PENDING,,FULL
2026-09-24,ZYBT,WATCH,RETEST_PENDING,,FULL
2026-09-25,ABAT,WATCH,RETEST_IN_PROGRESS,,FULL
2026-09-25,ABTS,WATCH,RETEST_PENDING,,FULL
2026-09-25,ADVB,READY,RETEST_HELD,,FULL
2026-09-25,AEI,FOCUS,BROKEN_NEW_BASE,,FULL
2026-09-25,AHMA,WATCH,RETEST_PENDING,,FULL
2026-09-25,AIFC,WATCH,RETEST_PENDING,,FULL
2026-09-25,AIIO,WATCH,SWEEP_ACTIVE,,FULL
2026-09-25,AIOS,WATCH,RETEST_PENDING,,FULL
2026-09-25,AIRS,READY,PRESS_RECLAIM,,FULL
2026-09-25,AKAN,WATCH,RETEST_PENDING,,FULL
2026-09-25,AKTX,WATCH,RETEST_PENDING,,FULL
2026-09-25,ALAR,WATCH,RETEST_PENDING,,FULL
2026-09-25,ALDX,REJECTED,,FE-SCREEN-01/SCORE,
2026-09-25,ALMS,FOCUS,BROKEN_NEW_BASE,,FULL
2026-09-25,ALPS,REJECTED,,FE-SCREEN-01/M1,
2026-09-25,AMCI,READY,RETEST_HELD,,FULL
2026-09-25,AMOD,FOCUS,BROKEN_NEW_BASE,,FULL
2026-09-25,AMST,WATCH,RETEST_PENDING,,FULL
2026-09-25,ANNA,READY,RETEST_HELD,,FULL
2026-09-25,APVO,WATCH,RETEST_PENDING,,FULL
2026-09-25,AQMS,WATCH,RETEST_PENDING,,FULL
2026-09-25,ARBE,WATCH,RETEST_PENDING,,FULL
2026-09-25,ARBK,FOCUS,BROKEN_NEW_BASE,,FULL
2026-09-25,AREC,FOCUS,BROKEN_NEW_BASE,,FULL
2026-09-25,ASPC,READY,RETEST_HELD,,FULL
2026-09-25,ASPI,REJECTED,,FE-SCREEN-01/M3,
2026-09-25,ASTC,WATCH,RETEST_PENDING,,FULL
2026-09-25,ATGL,WATCH,RETEST_PENDING,,FULL
2026-09-25,ATPC,READY,RETEST_HELD,,FULL
2026-09-25,AUID,WATCH,RETEST_PENDING,,FULL
2026-09-25,AURE,FOCUS,BROKEN_NEW_BASE,,FULL
2026-09-25,AUUD,WATCH,RETEST_PENDING,,FULL
2026-09-25,AXG,FOCUS,BROKEN_NEW_BASE,,FULL
2026-09-25,AZIO,WATCH,RETEST_PENDING,,FULL
2026-09-25,BAER,FOCUS,BROKEN_NEW_BASE,,FULL
2026-09-25,BBLG,REJECTED,,FE-SCREEN-01/M3,
2026-09-25,BDMD,FOCUS,BROKEN_NEW_BASE,,FULL
2026-09-25,BETR,WATCH,SWEEP_ACTIVE,,FULL
2026-09-25,BGDE,WATCH,RETEST_PENDING,,FULL
2026-09-25,BGMS,WATCH,RETEST_PENDING,,FULL
2026-09-25,BIOA,WATCH,SWEEP_ACTIVE,,FULL
2026-09-25,BIRD,READY,RETEST_HELD,,FULL
2026-09-25,BJDX,WATCH,RETEST_PENDING,,FULL
2026-09-25,BKYI,REJECTED,,FE-SCREEN-01/M3,
2026-09-25,BLNK,WATCH,RETEST_PENDING,,FULL
2026-09-25,BNAI,FOCUS,BROKEN_NEW_BASE,,FULL
2026-09-25,BNKK,WATCH,RETEST_PENDING,,FULL
2026-09-25,BOXL,WATCH,RETEST_PENDING,,FULL
2026-09-25,BRAI,READY,RETEST_HELD,,FULL
2026-09-25,BRLS,WATCH,RETEST_PENDING,,FULL
2026-09-25,BRNX,WATCH,RETEST_IN_PROGRESS,,FULL
2026-09-25,BTQ,READY,BASE_HELD,,FULL
2026-09-25,BYAH,WATCH,RETEST_PENDING,,FULL
2026-09-25,BYND,WATCH,SWEEP_ACTIVE,,FULL
2026-09-25,BZAI,WATCH,RETEST_PENDING,,FULL
2026-09-25,CALC,WATCH,SWEEP_ACTIVE,,FULL
2026-09-25,CAPR,WATCH,RETEST_PENDING,,FULL
2026-09-25,CAR,FOCUS,BROKEN_NEW_BASE,,FULL
2026-09-25,CAST,WATCH,RETEST_PENDING,,FULL
2026-09-25,CCHH,FOCUS,BROKEN_NEW_BASE,,FULL
2026-09-25,CCTG,READY,BASE_HELD,,FULL
2026-09-25,CDIO,WATCH,RETEST_PENDING,,FULL
2026-09-25,CDLX,WATCH,SWEEP_ACTIVE,,FULL
2026-09-25,CDTG,WATCH,RETEST_PENDING,,FULL
2026-09-25,CELZ,WATCH,RETEST_PENDING,,FULL
2026-09-25,CHGA,WATCH,RETEST_IN_PROGRESS,,FULL
2026-09-25,CHSN,WATCH,RETEST_PENDING,,FULL
2026-09-25,CIIT,WATCH,RETEST_PENDING,,FULL
2026-09-25,CLGN,WATCH,RETEST_PENDING,,FULL
2026-09-25,CLIK,WATCH,RETEST_PENDING,,FULL
2026-09-25,CLRO,FOCUS,BROKEN_NEW_BASE,,FULL
2026-09-25,CMCT,FOCUS,BROKEN_NEW_BASE,,FULL
2026-09-25,CMTL,READY,PRESS_RECLAIM,,FULL
2026-09-25,CNCK,READY,RETEST_HELD,,FULL
2026-09-25,CNSY,FOCUS,BROKEN_NEW_BASE,,FULL
2026-09-25,CODX,READY,PRESS_RECLAIM,,FULL
2026-09-25,COOT,WATCH,RETEST_PENDING,,FULL
2026-09-25,CPSH,READY,RETEST_HELD,,FULL
2026-09-25,CRE,WATCH,RETEST_PENDING,,FULL
2026-09-25,CRGO,REJECTED,,FE-SCREEN-01/M3,
2026-09-25,CRIS,FOCUS,BROKEN_NEW_BASE,,FULL
2026-09-25,CRML,WATCH,RETEST_PENDING,,FULL
2026-09-25,CRMT,FOCUS,BROKEN_NEW_BASE,,FULL
2026-09-25,CSAI,WATCH,RETEST_PENDING,,FULL
2026-09-25,CTXR,WATCH,RETEST_PENDING,,FULL
2026-09-25,CURX,WATCH,RETEST_PENDING,,FULL
2026-09-25,CYCU,WATCH,RETEST_IN_PROGRESS,,FULL
2026-09-25,DFLI,READY,RETEST_HELD,,FULL
2026-09-25,DFSC,FOCUS,BROKEN_NEW_BASE,,FULL
2026-09-25,DGNX,WATCH,RETEST_PENDING,,FULL
2026-09-25,DKI,WATCH,RETEST_PENDING,,FULL
2026-09-25,DOGZ,REJECTED,,FE-SCREEN-01/M5,
2026-09-25,DRCT,NO_BARS,,,
2026-09-25,DRK,WATCH,RETEST_PENDING,,FULL
2026-09-25,DRMA,REJECTED,,FE-SCREEN-01/M3,
2026-09-25,DSY,WATCH,RETEST_PENDING,,FULL
2026-09-25,DUO,WATCH,RETEST_PENDING,,FULL
2026-09-25,DWTX,FOCUS,BROKEN_NEW_BASE,,FULL
2026-09-25,DXST,WATCH,RETEST_PENDING,,FULL
2026-09-25,DYAI,WATCH,RETEST_PENDING,,FULL
2026-09-25,EDBL,FOCUS,BROKEN_NEW_BASE,,FULL
2026-09-25,EDSA,READY,BASE_HELD,,FULL
2026-09-25,EHTH,REJECTED,,FE-SCREEN-01/M3,
2026-09-25,EJH,WATCH,RETEST_PENDING,,FULL
2026-09-25,ELAB,READY,PRESS_RECLAIM,,FULL
2026-09-25,ELTX,READY,RETEST_HELD,,FULL
2026-09-25,EMAT,WATCH,RETEST_PENDING,,FULL
2026-09-25,ENGN,WATCH,RETEST_PENDING,,FULL
2026-09-25,ENGS,WATCH,RETEST_PENDING,,FULL
2026-09-25,ENSC,WATCH,RETEST_PENDING,,FULL
2026-09-25,ENVB,WATCH,RETEST_PENDING,,FULL
2026-09-25,ENVX,READY,PRESS_RECLAIM,,FULL
2026-09-25,EOCN,REJECTED,,FE-SCREEN-01/M3,
2026-09-25,EOSE,WATCH,RETEST_IN_PROGRESS,,FULL
2026-09-25,EPSM,WATCH,RETEST_PENDING,,FULL
2026-09-25,ESLA,FOCUS,BROKEN_NEW_BASE,,FULL
2026-09-25,EUDA,WATCH,RETEST_PENDING,,FULL
2026-09-25,EVAX,WATCH,RETEST_PENDING,,FULL
2026-09-25,EVGN,WATCH,RETEST_IN_PROGRESS,,FULL
2026-09-25,EVGO,REJECTED,,FE-SCREEN-01/M3,
2026-09-25,EZGO,REJECTED,,FE-SCREEN-01/M3,
2026-09-25,FAC,WATCH,RETEST_PENDING,,FULL
2026-09-25,FBYD,WATCH,RETEST_IN_PROGRESS,,FULL
2026-09-25,FEMY,WATCH,RETEST_PENDING,,FULL
2026-09-25,FFAI,FOCUS,BROKEN_NEW_BASE,,FULL
2026-09-25,FGNX,WATCH,RETEST_PENDING,,FULL
2026-09-25,FLNA,WATCH,RETEST_PENDING,,FULL
2026-09-25,FLNC,READY,BASE_HELD,,FULL
2026-09-25,FLUX,WATCH,SWEEP_ACTIVE,,FULL
2026-09-25,FLYE,FOCUS,BROKEN_NEW_BASE,,FULL
2026-09-25,FMST,FOCUS,BROKEN_NEW_BASE,,FULL
2026-09-25,FNUC,WATCH,RETEST_IN_PROGRESS,,FULL
2026-09-25,FOFO,WATCH,RETEST_PENDING,,FULL
2026-09-25,FRMM,WATCH,RETEST_PENDING,,FULL
2026-09-25,FRSX,REJECTED,,FE-SCREEN-01/M3,
2026-09-25,FTCI,REJECTED,,FE-SCREEN-01/M3,
2026-09-25,FULC,WATCH,RETEST_PENDING,,FULL
2026-09-25,FUSE,WATCH,RETEST_IN_PROGRESS,,FULL
2026-09-25,FWDI,FOCUS,BASE_FORMING,,FULL
2026-09-25,FXHO,WATCH,RETEST_PENDING,,FULL
2026-09-25,GCL,WATCH,RETEST_PENDING,,FULL
2026-09-25,GCTK,FOCUS,BROKEN_NEW_BASE,,FULL
2026-09-25,GDEV,READY,RETEST_HELD,,FULL
2026-09-25,GLXG,WATCH,RETEST_PENDING,,FULL
2026-09-25,GMM,READY,RETEST_HELD,,FULL
2026-09-25,GNLN,WATCH,RETEST_PENDING,,FULL
2026-09-25,GNPX,WATCH,RETEST_IN_PROGRESS,,FULL
2026-09-25,GNTA,FOCUS,BROKEN_NEW_BASE,,FULL
2026-09-25,GOGO,WATCH,SWEEP_ACTIVE,,FULL
2026-09-25,GP,REJECTED,,FE-SCREEN-01/M3,
2026-09-25,GRAN,WATCH,RETEST_PENDING,,FULL
2026-09-25,GRI,REJECTED,,FE-SCREEN-01/M3,
2026-09-25,GURE,WATCH,RETEST_PENDING,,FULL
2026-09-25,GUTS,FOCUS,BROKEN_NEW_BASE,,FULL
2026-09-25,GVH,WATCH,RETEST_PENDING,,FULL
2026-09-25,GXAI,FOCUS,BROKEN_NEW_BASE,,FULL
2026-09-25,HAO,REJECTED,,FE-SCREEN-01/M3,
2026-09-25,HERE,READY,RETEST_HELD,,FULL
2026-09-25,HIT,WATCH,RETEST_IN_PROGRESS,,FULL
2026-09-25,HOLO,REJECTED,,FE-SCREEN-01/M2_FLOOR,
2026-09-25,HSDT,FOCUS,BASE_FORMING,,FULL
2026-09-25,HTCO,WATCH,RETEST_PENDING,,FULL
2026-09-25,HTCR,WATCH,RETEST_PENDING,,FULL
2026-09-25,HTZ,WATCH,RETEST_PENDING,,FULL
2026-09-25,HUCK,WATCH,RETEST_PENDING,,FULL
2026-09-25,HUMA,READY,RETEST_HELD,,FULL
2026-09-25,HYFM,WATCH,RETEST_PENDING,,FULL
2026-09-25,IBG,WATCH,RETEST_PENDING,,FULL
2026-09-25,ICCM,FOCUS,BROKEN_NEW_BASE,,FULL
2026-09-25,ICU,WATCH,RETEST_PENDING,,FULL
2026-09-25,IDN,FOCUS,BROKEN_NEW_BASE,,FULL
2026-09-25,IMNN,FOCUS,BROKEN_NEW_BASE,,FULL
2026-09-25,INBS,WATCH,RETEST_IN_PROGRESS,,FULL
2026-09-25,INHD,WATCH,RETEST_PENDING,,POST_SPLIT
2026-09-25,INLF,WATCH,RETEST_PENDING,,FULL
2026-09-25,INTJ,WATCH,RETEST_PENDING,,FULL
2026-09-25,INTS,WATCH,RETEST_IN_PROGRESS,,FULL
2026-09-25,INV,FOCUS,BROKEN_NEW_BASE,,FULL
2026-09-25,IOTR,WATCH,RETEST_PENDING,,FULL
2026-09-25,ISPC,FOCUS,BROKEN_NEW_BASE,,FULL
2026-09-25,IVF,READY,RETEST_HELD,,FULL
2026-09-25,JBDI,WATCH,RETEST_PENDING,,FULL
2026-09-25,JEM,READY,PRESS_RECLAIM,,FULL
2026-09-25,JFIN,READY,BASE_HELD,,FULL
2026-09-25,JLHL,WATCH,RETEST_PENDING,,FULL
2026-09-25,JSPR,WATCH,RETEST_PENDING,,FULL
2026-09-25,JTAI,WATCH,RETEST_PENDING,,FULL
2026-09-25,JUNS,READY,PRESS_RECLAIM,,FULL
2026-09-25,JYD,WATCH,RETEST_PENDING,,FULL
2026-09-25,KALA,WATCH,RETEST_IN_PROGRESS,,FULL
2026-09-25,KDK,FOCUS,BROKEN_NEW_BASE,,FULL
2026-09-25,KELYB,READY,RETEST_HELD,,FULL
2026-09-25,KG,FOCUS,BROKEN_NEW_BASE,,FULL
2026-09-25,KITT,FOCUS,BROKEN_NEW_BASE,,FULL
2026-09-25,KMRK,WATCH,RETEST_PENDING,,FULL
2026-09-25,KPTI,WATCH,RETEST_PENDING,,FULL
2026-09-25,KSCP,FOCUS,BROKEN_NEW_BASE,,FULL
2026-09-25,KTTA,WATCH,RETEST_PENDING,,FULL
2026-09-25,KUST,REJECTED,,FE-SCREEN-01/M3,
2026-09-25,LAES,WATCH,RETEST_IN_PROGRESS,,FULL
2026-09-25,LGCL,READY,PRESS_RECLAIM,,FULL
2026-09-25,LGHL,WATCH,RETEST_PENDING,,FULL
2026-09-25,LHAI,WATCH,RETEST_PENDING,,FULL
2026-09-25,LICN,WATCH,RETEST_PENDING,,FULL
2026-09-25,LNAI,WATCH,RETEST_IN_PROGRESS,,FULL
2026-09-25,LOOP,WATCH,RETEST_PENDING,,FULL
2026-09-25,LTBR,READY,BASE_HELD,,FULL
2026-09-25,LTRN,FOCUS,BROKEN_NEW_BASE,,FULL
2026-09-25,LWLG,WATCH,RETEST_IN_PROGRESS,,FULL
2026-09-25,LX,REJECTED,,FE-SCREEN-01/M3,
2026-09-25,LXEH,WATCH,RETEST_PENDING,,FULL
2026-09-25,LYEL,WATCH,SWEEP_ACTIVE,,FULL
2026-09-25,MASK,FOCUS,BROKEN_NEW_BASE,,FULL
2026-09-25,MBAI,FOCUS,BROKEN_NEW_BASE,,FULL
2026-09-25,MBRX,WATCH,RETEST_PENDING,,FULL
2026-09-25,MCRB,FOCUS,BROKEN_NEW_BASE,,FULL
2026-09-25,MENS,WATCH,RETEST_PENDING,,FULL
2026-09-25,METC,READY,RETEST_HELD,,FULL
2026-09-25,METCB,FOCUS,BROKEN_NEW_BASE,,FULL
2026-09-25,MF,WATCH,RETEST_PENDING,,FULL
2026-09-25,MFI,WATCH,RETEST_PENDING,,FULL
2026-09-25,MGRX,WATCH,RETEST_PENDING,,FULL
2026-09-25,MIMI,WATCH,RETEST_PENDING,,FULL
2026-09-25,MIST,FOCUS,BROKEN_NEW_BASE,,FULL
2026-09-25,MLEC,FOCUS,BROKEN_NEW_BASE,,FULL
2026-09-25,MOBX,WATCH,SWEEP_ACTIVE,,FULL
2026-09-25,MPLT,WATCH,RETEST_PENDING,,FULL
2026-09-25,MRLN,FOCUS,BROKEN_NEW_BASE,,FULL
2026-09-25,MSGY,WATCH,RETEST_IN_PROGRESS,,FULL
2026-09-25,MSS,REJECTED,,FE-SCREEN-01/M3,
2026-09-25,MVIS,REJECTED,,FE-SCREEN-01/M3,
2026-09-25,MVST,WATCH,RETEST_PENDING,,FULL
2026-09-25,MYSZ,REJECTED,,FE-SCREEN-01/M3,
2026-09-25,NAKA,WATCH,RETEST_PENDING,,FULL
2026-09-25,NAMM,WATCH,SWEEP_ACTIVE,,FULL
2026-09-25,NAUT,WATCH,RETEST_PENDING,,FULL
2026-09-25,NBP,FOCUS,BROKEN_NEW_BASE,,FULL
2026-09-25,NCEL,WATCH,SWEEP_ACTIVE,,FULL
2026-09-25,NCI,WATCH,RETEST_PENDING,,FULL
2026-09-25,NCNA,READY,RETEST_HELD,,FULL
2026-09-25,NEGG,WATCH,RETEST_IN_PROGRESS,,FULL
2026-09-25,NERV,FOCUS,BROKEN_NEW_BASE,,FULL
2026-09-25,NIKI,READY,PRESS_RECLAIM,,FULL
2026-09-25,NIPG,WATCH,RETEST_PENDING,,FULL
2026-09-25,NKLR,FOCUS,BROKEN_NEW_BASE,,FULL
2026-09-25,NMRA,FOCUS,BROKEN_NEW_BASE,,FULL
2026-09-25,NMTC,REJECTED,,FE-SCREEN-01/M3,
2026-09-25,NNE,WATCH,RETEST_PENDING,,FULL
2026-09-25,NNNN,FOCUS,BROKEN_NEW_BASE,,FULL
2026-09-25,NPT,WATCH,RETEST_PENDING,,FULL
2026-09-25,NTCL,WATCH,RETEST_PENDING,,FULL
2026-09-25,NTHI,WATCH,RETEST_IN_PROGRESS,,FULL
2026-09-25,NUWE,WATCH,RETEST_IN_PROGRESS,,FULL
2026-09-25,NVNI,NO_BARS,,,
2026-09-25,NVX,READY,PRESS_RECLAIM,,FULL
2026-09-25,NXAT,READY,RETEST_HELD,,FULL
2026-09-25,NXL,READY,PRESS_RECLAIM,,FULL
2026-09-25,NXTS,READY,PRESS_RECLAIM,,FULL
2026-09-25,NXTT,WATCH,RETEST_PENDING,,FULL
2026-09-25,ODYS,WATCH,SWEEP_ACTIVE,,FULL
2026-09-25,OFAL,WATCH,SWEEP_ACTIVE,,FULL
2026-09-25,OLMA,FOCUS,BROKEN_NEW_BASE,,FULL
2026-09-25,OLOX,WATCH,RETEST_PENDING,,FULL
2026-09-25,OMEX,WATCH,RETEST_PENDING,,FULL
2026-09-25,OMH,WATCH,RETEST_PENDING,,FULL
2026-09-25,ONFO,READY,BASE_HELD,,FULL
2026-09-25,ORBS,WATCH,RETEST_PENDING,,FULL
2026-09-25,ORGO,FOCUS,BROKEN_NEW_BASE,,FULL
2026-09-25,OTLK,WATCH,RETEST_IN_PROGRESS,,FULL
2026-09-25,PAVM,WATCH,RETEST_IN_PROGRESS,,FULL
2026-09-25,PBM,WATCH,RETEST_PENDING,,FULL
2026-09-25,PHOE,WATCH,RETEST_PENDING,,FULL
2026-09-25,PLCE,WATCH,RETEST_PENDING,,FULL
2026-09-25,PLSM,READY,PRESS_RECLAIM,,FULL
2026-09-25,PLUR,FOCUS,BROKEN_NEW_BASE,,FULL
2026-09-25,PLYX,WATCH,RETEST_PENDING,,FULL
2026-09-25,PN,WATCH,RETEST_PENDING,,FULL
2026-09-25,POLA,READY,BASE_HELD,,FULL
2026-09-25,POM,WATCH,RETEST_PENDING,,FULL
2026-09-25,PPBT,WATCH,RETEST_PENDING,,FULL
2026-09-25,PPCB,FOCUS,BROKEN_NEW_BASE,,FULL
2026-09-25,PRFX,WATCH,RETEST_PENDING,,FULL
2026-09-25,PROP,READY,BASE_HELD,,FULL
2026-09-25,PRSO,READY,BASE_HELD,,FULL
2026-09-25,PWCM,WATCH,RETEST_PENDING,,FULL
2026-09-25,QNCX,WATCH,RETEST_PENDING,,FULL
2026-09-25,QNTM,WATCH,RETEST_PENDING,,FULL
2026-09-25,QS,READY,PRESS_RECLAIM,,FULL
2026-09-25,QTEX,WATCH,SWEEP_ACTIVE,,FULL
2026-09-25,QUCY,WATCH,RETEST_PENDING,,FULL
2026-09-25,RAYA,WATCH,RETEST_PENDING,,FULL
2026-09-25,RCON,WATCH,RETEST_IN_PROGRESS,,FULL
2026-09-25,RDAC,WATCH,RETEST_PENDING,,FULL
2026-09-25,RDGT,WATCH,RETEST_PENDING,,FULL
2026-09-25,RDHL,FOCUS,BASE_FORMING,,FULL
2026-09-25,REKR,FOCUS,BROKEN_NEW_BASE,,FULL
2026-09-25,RENX,WATCH,RETEST_PENDING,,FULL
2026-09-25,REVB,REJECTED,,FE-SCREEN-01/M3,
2026-09-25,RGC,WATCH,RETEST_PENDING,,FULL
2026-09-25,RNAZ,WATCH,RETEST_IN_PROGRESS,,FULL
2026-09-25,RVSN,WATCH,RETEST_IN_PROGRESS,,FULL
2026-09-25,SAGT,FOCUS,BROKEN_NEW_BASE,,FULL
2026-09-25,SBFM,FOCUS,BROKEN_NEW_BASE,,FULL
2026-09-25,SDOT,WATCH,RETEST_PENDING,,FULL
2026-09-25,SEGG,WATCH,RETEST_PENDING,,FULL
2026-09-25,SERV,READY,BASE_HELD,,FULL
2026-09-25,SEV,WATCH,RETEST_PENDING,,FULL
2026-09-25,SGLY,FOCUS,BROKEN_NEW_BASE,,FULL
2026-09-25,SHPH,WATCH,RETEST_PENDING,,FULL
2026-09-25,SILO,READY,RETEST_HELD,,FULL
2026-09-25,SKK,WATCH,RETEST_PENDING,,FULL
2026-09-25,SKYE,WATCH,RETEST_IN_PROGRESS,,FULL
2026-09-25,SLE,WATCH,RETEST_PENDING,,FULL
2026-09-25,SLMT,WATCH,RETEST_PENDING,,FULL
2026-09-25,SLNH,WATCH,RETEST_PENDING,,FULL
2026-09-25,SLSN,WATCH,RETEST_PENDING,,FULL
2026-09-25,SMTK,FOCUS,BROKEN_NEW_BASE,,FULL
2026-09-25,SMXT,WATCH,RETEST_PENDING,,FULL
2026-09-25,SNAL,WATCH,RETEST_IN_PROGRESS,,FULL
2026-09-25,SNES,FOCUS,BROKEN_NEW_BASE,,FULL
2026-09-25,SNOA,WATCH,RETEST_PENDING,,FULL
2026-09-25,SONM,WATCH,RETEST_PENDING,,FULL
2026-09-25,SOWG,WATCH,RETEST_PENDING,,FULL
2026-09-25,SPRB,WATCH,RETEST_PENDING,,FULL
2026-09-25,SPRC,WATCH,RETEST_PENDING,,FULL
2026-09-25,SQFT,READY,PRESS_RECLAIM,,FULL
2026-09-25,STAK,FOCUS,BROKEN_NEW_BASE,,FULL
2026-09-25,STEX,WATCH,RETEST_PENDING,,FULL
2026-09-25,STFS,WATCH,RETEST_PENDING,,FULL
2026-09-25,STKE,WATCH,RETEST_PENDING,,FULL
2026-09-25,STKH,FOCUS,BROKEN_NEW_BASE,,FULL
2026-09-25,SVRE,WATCH,RETEST_IN_PROGRESS,,FULL
2026-09-25,SWMR,READY,RETEST_HELD,,FULL
2026-09-25,TAOP,WATCH,RETEST_IN_PROGRESS,,FULL
2026-09-25,TCRT,FOCUS,BROKEN_NEW_BASE,,FULL
2026-09-25,TDTH,WATCH,RETEST_PENDING,,FULL
2026-09-25,TDUP,WATCH,SWEEP_ACTIVE,,FULL
2026-09-25,TEAD,READY,RETEST_HELD,,FULL
2026-09-25,THH,WATCH,RETEST_PENDING,,FULL
2026-09-25,TLRY,WATCH,RETEST_IN_PROGRESS,,FULL
2026-09-25,TNYA,WATCH,SWEEP_ACTIVE,,FULL
2026-09-25,TOYO,READY,BASE_HELD,,FULL
2026-09-25,TRAW,WATCH,RETEST_PENDING,,FULL
2026-09-25,TRNR,WATCH,RETEST_IN_PROGRESS,,FULL
2026-09-25,TVGN,WATCH,RETEST_PENDING,,FULL
2026-09-25,TVRD,FOCUS,BROKEN_NEW_BASE,,FULL
2026-09-25,TYGO,FOCUS,BROKEN_NEW_BASE,,FULL
2026-09-25,UFG,WATCH,RETEST_PENDING,,FULL
2026-09-25,UPLD,REJECTED,,FE-SCREEN-01/M3,
2026-09-25,UPXI,WATCH,RETEST_PENDING,,FULL
2026-09-25,VBIO,WATCH,RETEST_PENDING,,FULL
2026-09-25,VERI,WATCH,RETEST_PENDING,,FULL
2026-09-25,VHUB,FOCUS,BROKEN_NEW_BASE,,FULL
2026-09-25,VMAR,WATCH,RETEST_PENDING,,FULL
2026-09-25,VRAX,FOCUS,BROKEN_NEW_BASE,,FULL
2026-09-25,VRXA,READY,RETEST_HELD,,FULL
2026-09-25,VSME,WATCH,SWEEP_ACTIVE,,FULL
2026-09-25,WBUY,WATCH,RETEST_PENDING,,FULL
2026-09-25,WFF,WATCH,RETEST_PENDING,,FULL
2026-09-25,WIMI,REJECTED,,FE-SCREEN-01/M3,
2026-09-25,WKHS,WATCH,RETEST_IN_PROGRESS,,FULL
2026-09-25,WKSP,FOCUS,BROKEN_NEW_BASE,,FULL
2026-09-25,WNW,READY,RETEST_HELD,,FULL
2026-09-25,WVE,FOCUS,BROKEN_NEW_BASE,,FULL
2026-09-25,WXM,WATCH,RETEST_IN_PROGRESS,,FULL
2026-09-25,XAIR,READY,PRESS_RECLAIM,,FULL
2026-09-25,XBP,REJECTED,,FE-SCREEN-01/M2_FLOOR,
2026-09-25,XCH,WATCH,RETEST_IN_PROGRESS,,FULL
2026-09-25,XCUR,WATCH,RETEST_PENDING,,FULL
2026-09-25,XNDU,FOCUS,BROKEN_NEW_BASE,,FULL
2026-09-25,XPON,FOCUS,BASE_FORMING,,FULL
2026-09-25,XRTX,REJECTED,,FE-SCREEN-01/M3,
2026-09-25,YAAS,READY,BASE_HELD,,FULL
2026-09-25,YFOR,WATCH,RETEST_PENDING,,FULL
2026-09-25,YHC,WATCH,RETEST_IN_PROGRESS,,FULL
2026-09-25,YJ,WATCH,RETEST_PENDING,,FULL
2026-09-25,YOUL,WATCH,RETEST_PENDING,,FULL
2026-09-25,ZCMD,WATCH,RETEST_PENDING,,FULL
2026-09-25,ZENA,WATCH,RETEST_PENDING,,FULL
2026-09-25,ZSQR,WATCH,RETEST_PENDING,,FULL
2026-09-25,ZSTK,WATCH,RETEST_PENDING,,FULL
2026-09-25,ZYBT,WATCH,RETEST_PENDING,,FULL
2026-09-26,ABAT,WATCH,RETEST_IN_PROGRESS,,FULL
2026-09-26,ABTC,WATCH,RETEST_PENDING,,FULL
2026-09-26,ABTS,WATCH,RETEST_PENDING,,FULL
2026-09-26,AEI,FOCUS,BROKEN_NEW_BASE,,FULL
2026-09-26,AHMA,WATCH,RETEST_PENDING,,FULL
2026-09-26,AIFC,WATCH,RETEST_PENDING,,FULL
2026-09-26,AIIO,WATCH,SWEEP_ACTIVE,,FULL
2026-09-26,AIOS,WATCH,RETEST_PENDING,,FULL
2026-09-26,AIRS,READY,PRESS_RECLAIM,,FULL
2026-09-26,AKAN,WATCH,RETEST_PENDING,,FULL
2026-09-26,AKTX,WATCH,RETEST_PENDING,,FULL
2026-09-26,ALAR,WATCH,RETEST_PENDING,,FULL
2026-09-26,ALDX,WATCH,SWEEP_ACTIVE,,FULL
2026-09-26,ALMS,FOCUS,BROKEN_NEW_BASE,,FULL
2026-09-26,ALPS,REJECTED,,FE-SCREEN-01/M1,
2026-09-26,AMCI,READY,RETEST_HELD,,FULL
2026-09-26,AMOD,FOCUS,BROKEN_NEW_BASE,,FULL
2026-09-26,AMST,WATCH,RETEST_IN_PROGRESS,,FULL
2026-09-26,ANNA,READY,RETEST_HELD,,FULL
2026-09-26,ANPA,READY,RETEST_HELD,,FULL
2026-09-26,APVO,WATCH,RETEST_PENDING,,FULL
2026-09-26,AQMS,WATCH,RETEST_PENDING,,FULL
2026-09-26,ARBE,WATCH,RETEST_IN_PROGRESS,,FULL
2026-09-26,ARBK,FOCUS,BROKEN_NEW_BASE,,FULL
2026-09-26,AREC,FOCUS,BROKEN_NEW_BASE,,FULL
2026-09-26,ASPC,READY,RETEST_HELD,,FULL
2026-09-26,ASPI,REJECTED,,FE-SCREEN-01/M3,
2026-09-26,ASTC,WATCH,RETEST_PENDING,,FULL
2026-09-26,ATGL,WATCH,RETEST_PENDING,,FULL
2026-09-26,ATPC,READY,RETEST_HELD,,FULL
2026-09-26,AUID,WATCH,RETEST_PENDING,,FULL
2026-09-26,AUUD,WATCH,RETEST_PENDING,,FULL
2026-09-26,AXG,REJECTED,,FE-SCREEN-01/M1,
2026-09-26,AZIO,WATCH,RETEST_PENDING,,FULL
2026-09-26,BAER,FOCUS,BROKEN_NEW_BASE,,FULL
2026-09-26,BBLG,REJECTED,,FE-SCREEN-01/M3,
2026-09-26,BDMD,FOCUS,BROKEN_NEW_BASE,,FULL
2026-09-26,BETR,FOCUS,BROKEN_NEW_BASE,,FULL
2026-09-26,BGDE,WATCH,RETEST_PENDING,,FULL
2026-09-26,BGMS,WATCH,RETEST_PENDING,,FULL
2026-09-26,BIOA,WATCH,SWEEP_ACTIVE,,FULL
2026-09-26,BIRD,READY,RETEST_HELD,,FULL
2026-09-26,BJDX,WATCH,RETEST_PENDING,,FULL
2026-09-26,BKYI,REJECTED,,FE-SCREEN-01/M3,
2026-09-26,BLNK,WATCH,RETEST_PENDING,,FULL
2026-09-26,BNAI,FOCUS,BROKEN_NEW_BASE,,FULL
2026-09-26,BNKK,WATCH,RETEST_PENDING,,FULL
2026-09-26,BOXL,WATCH,RETEST_PENDING,,FULL
2026-09-26,BRAI,READY,RETEST_HELD,,FULL
2026-09-26,BRLS,WATCH,RETEST_PENDING,,FULL
2026-09-26,BTQ,READY,BASE_HELD,,FULL
2026-09-26,BYAH,WATCH,RETEST_PENDING,,FULL
2026-09-26,BYND,FOCUS,BROKEN_NEW_BASE,,FULL
2026-09-26,BZAI,WATCH,RETEST_PENDING,,FULL
2026-09-26,CALC,FOCUS,BROKEN_NEW_BASE,,FULL
2026-09-26,CAPR,WATCH,RETEST_PENDING,,FULL
2026-09-26,CAR,FOCUS,BROKEN_NEW_BASE,,FULL
2026-09-26,CAST,WATCH,RETEST_PENDING,,FULL
2026-09-26,CCHH,FOCUS,BROKEN_NEW_BASE,,FULL
2026-09-26,CCTG,READY,BASE_HELD,,FULL
2026-09-26,CD,WATCH,RETEST_PENDING,,FULL
2026-09-26,CDIO,WATCH,RETEST_PENDING,,FULL
2026-09-26,CDLX,WATCH,SWEEP_ACTIVE,,FULL
2026-09-26,CDTG,WATCH,RETEST_PENDING,,FULL
2026-09-26,CELZ,WATCH,RETEST_PENDING,,FULL
2026-09-26,CHGA,WATCH,RETEST_PENDING,,FULL
2026-09-26,CIIT,WATCH,RETEST_PENDING,,FULL
2026-09-26,CLGN,WATCH,RETEST_PENDING,,FULL
2026-09-26,CLIK,WATCH,RETEST_PENDING,,FULL
2026-09-26,CLRO,FOCUS,BROKEN_NEW_BASE,,FULL
2026-09-26,CMCT,FOCUS,BROKEN_NEW_BASE,,FULL
2026-09-26,CMTL,READY,PRESS_RECLAIM,,FULL
2026-09-26,CNCK,FOCUS,BROKEN_NEW_BASE,,FULL
2026-09-26,CNSY,FOCUS,BROKEN_NEW_BASE,,FULL
2026-09-26,CODX,WATCH,RETEST_PENDING,,FULL
2026-09-26,COOT,WATCH,RETEST_PENDING,,FULL
2026-09-26,CPSH,READY,RETEST_HELD,,FULL
2026-09-26,CRE,WATCH,RETEST_IN_PROGRESS,,FULL
2026-09-26,CRGO,REJECTED,,FE-SCREEN-01/M3,
2026-09-26,CRIS,FOCUS,BROKEN_NEW_BASE,,FULL
2026-09-26,CRML,WATCH,RETEST_PENDING,,FULL
2026-09-26,CRMT,REJECTED,,FE-SCREEN-01/M4_RANGE,
2026-09-26,CSAI,WATCH,RETEST_PENDING,,FULL
2026-09-26,CTXR,WATCH,RETEST_PENDING,,FULL
2026-09-26,CURX,WATCH,RETEST_PENDING,,FULL
2026-09-26,CVRX,WATCH,RETEST_PENDING,,FULL
2026-09-26,CYCU,WATCH,RETEST_IN_PROGRESS,,FULL
2026-09-26,DFLI,WATCH,RETEST_IN_PROGRESS,,FULL
2026-09-26,DFSC,FOCUS,BROKEN_NEW_BASE,,FULL
2026-09-26,DGNX,WATCH,RETEST_PENDING,,FULL
2026-09-26,DKI,WATCH,RETEST_PENDING,,FULL
2026-09-26,DRCT,NO_BARS,,,
2026-09-26,DRK,WATCH,RETEST_PENDING,,FULL
2026-09-26,DRMA,REJECTED,,FE-SCREEN-01/M3,
2026-09-26,DSY,WATCH,RETEST_PENDING,,FULL
2026-09-26,DUO,WATCH,RETEST_PENDING,,FULL
2026-09-26,DWTX,FOCUS,BROKEN_NEW_BASE,,FULL
2026-09-26,DXST,WATCH,RETEST_PENDING,,FULL
2026-09-26,DYAI,WATCH,RETEST_PENDING,,FULL
2026-09-26,EDBL,FOCUS,BROKEN_NEW_BASE,,FULL
2026-09-26,EDSA,READY,BASE_HELD,,FULL
2026-09-26,EHTH,REJECTED,,FE-SCREEN-01/M3,
2026-09-26,EJH,WATCH,RETEST_PENDING,,FULL
2026-09-26,ELAB,READY,PRESS_RECLAIM,,FULL
2026-09-26,ELTX,READY,RETEST_HELD,,FULL
2026-09-26,EMAT,WATCH,RETEST_PENDING,,FULL
2026-09-26,ENGN,WATCH,RETEST_PENDING,,FULL
2026-09-26,ENGS,WATCH,RETEST_PENDING,,FULL
2026-09-26,ENSC,WATCH,RETEST_PENDING,,FULL
2026-09-26,ENVB,WATCH,RETEST_PENDING,,FULL
2026-09-26,ENVX,READY,PRESS_RECLAIM,,FULL
2026-09-26,EOCN,REJECTED,,FE-SCREEN-01/M3,
2026-09-26,EOSE,WATCH,RETEST_IN_PROGRESS,,FULL
2026-09-26,EPSM,WATCH,RETEST_IN_PROGRESS,,FULL
2026-09-26,ESLA,FOCUS,BROKEN_NEW_BASE,,FULL
2026-09-26,EUDA,WATCH,RETEST_PENDING,,FULL
2026-09-26,EVAX,WATCH,RETEST_PENDING,,FULL
2026-09-26,EVGN,WATCH,RETEST_IN_PROGRESS,,FULL
2026-09-26,EVGO,REJECTED,,FE-SCREEN-01/M3,
2026-09-26,EZGO,REJECTED,,FE-SCREEN-01/M3,
2026-09-26,EZRA,WATCH,RETEST_PENDING,,FULL
2026-09-26,FAC,WATCH,RETEST_PENDING,,FULL
2026-09-26,FBLG,FOCUS,BASE_FORMING,,FULL
2026-09-26,FBYD,WATCH,RETEST_PENDING,,FULL
2026-09-26,FCHL,WATCH,RETEST_PENDING,,FULL
2026-09-26,FEMY,WATCH,RETEST_PENDING,,FULL
2026-09-26,FFAI,FOCUS,BROKEN_NEW_BASE,,FULL
2026-09-26,FGNX,WATCH,RETEST_PENDING,,FULL
2026-09-26,FLNA,WATCH,RETEST_IN_PROGRESS,,FULL
2026-09-26,FLNC,READY,BASE_HELD,,FULL
2026-09-26,FLUX,WATCH,SWEEP_ACTIVE,,FULL
2026-09-26,FLYE,FOCUS,BROKEN_NEW_BASE,,FULL
2026-09-26,FMST,FOCUS,BROKEN_NEW_BASE,,FULL
2026-09-26,FNUC,READY,RETEST_HELD,,FULL
2026-09-26,FOFO,WATCH,RETEST_PENDING,,FULL
2026-09-26,FRMM,WATCH,RETEST_PENDING,,FULL
2026-09-26,FRSX,REJECTED,,FE-SCREEN-01/M3,
2026-09-26,FTCI,REJECTED,,FE-SCREEN-01/M3,
2026-09-26,FULC,WATCH,RETEST_PENDING,,FULL
2026-09-26,FUSE,WATCH,RETEST_IN_PROGRESS,,FULL
2026-09-26,FWDI,FOCUS,BASE_FORMING,,FULL
2026-09-26,FXHO,WATCH,RETEST_PENDING,,FULL
2026-09-26,GCL,WATCH,RETEST_PENDING,,FULL
2026-09-26,GCTK,FOCUS,BROKEN_NEW_BASE,,FULL
2026-09-26,GDEV,READY,RETEST_HELD,,FULL
2026-09-26,GLXG,WATCH,RETEST_PENDING,,FULL
2026-09-26,GMM,READY,RETEST_HELD,,FULL
2026-09-26,GNLN,WATCH,RETEST_PENDING,,FULL
2026-09-26,GNPX,WATCH,RETEST_IN_PROGRESS,,FULL
2026-09-26,GNTA,FOCUS,BROKEN_NEW_BASE,,FULL
2026-09-26,GOGO,WATCH,SWEEP_ACTIVE,,FULL
2026-09-26,GP,REJECTED,,FE-SCREEN-01/M3,
2026-09-26,GRAN,WATCH,RETEST_PENDING,,FULL
2026-09-26,GRI,REJECTED,,FE-SCREEN-01/M3,
2026-09-26,GURE,WATCH,RETEST_PENDING,,FULL
2026-09-26,GUTS,FOCUS,BROKEN_NEW_BASE,,FULL
2026-09-26,GXAI,FOCUS,BROKEN_NEW_BASE,,FULL
2026-09-26,HAO,REJECTED,,FE-SCREEN-01/M3,
2026-09-26,HCWB,FOCUS,BROKEN_NEW_BASE,,FULL
2026-09-26,HERE,READY,RETEST_HELD,,FULL
2026-09-26,HIT,READY,RETEST_HELD,,FULL
2026-09-26,HSDT,FOCUS,BASE_FORMING,,FULL
2026-09-26,HTCO,WATCH,RETEST_PENDING,,FULL
2026-09-26,HTCR,WATCH,RETEST_PENDING,,FULL
2026-09-26,HTZ,WATCH,RETEST_PENDING,,FULL
2026-09-26,HUCK,WATCH,RETEST_PENDING,,FULL
2026-09-26,HUMA,READY,RETEST_HELD,,FULL
2026-09-26,HYFM,WATCH,RETEST_PENDING,,FULL
2026-09-26,IBG,WATCH,RETEST_PENDING,,FULL
2026-09-26,ICCM,FOCUS,BROKEN_NEW_BASE,,FULL
2026-09-26,ICU,REJECTED,,FE-SCREEN-01/M2_FLOOR,
2026-09-26,IDN,FOCUS,BROKEN_NEW_BASE,,FULL
2026-09-26,IMNN,FOCUS,BROKEN_NEW_BASE,,FULL
2026-09-26,INBS,WATCH,RETEST_IN_PROGRESS,,FULL
2026-09-26,INHD,WATCH,RETEST_PENDING,,POST_SPLIT
2026-09-26,INLF,REJECTED,,FE-SCREEN-01/M4_RANGE,
2026-09-26,INTJ,WATCH,RETEST_IN_PROGRESS,,FULL
2026-09-26,INTS,WATCH,RETEST_IN_PROGRESS,,FULL
2026-09-26,INV,WATCH,RETEST_PENDING,,FULL
2026-09-26,IOTR,WATCH,RETEST_PENDING,,FULL
2026-09-26,IPST,FOCUS,BROKEN_NEW_BASE,,FULL
2026-09-26,ISPC,FOCUS,BROKEN_NEW_BASE,,FULL
2026-09-26,IVF,READY,RETEST_HELD,,FULL
2026-09-26,JBDI,WATCH,RETEST_PENDING,,FULL
2026-09-26,JDZG,WATCH,RETEST_PENDING,,FULL
2026-09-26,JEM,READY,PRESS_RECLAIM,,FULL
2026-09-26,JFIN,READY,BASE_HELD,,FULL
2026-09-26,JLHL,WATCH,RETEST_PENDING,,FULL
2026-09-26,JSPR,WATCH,RETEST_PENDING,,FULL
2026-09-26,JTAI,WATCH,RETEST_PENDING,,FULL
2026-09-26,JUNS,WATCH,SWEEP_ACTIVE,,FULL
2026-09-26,JYD,WATCH,RETEST_PENDING,,FULL
2026-09-26,KALA,REJECTED,,FE-SCREEN-01/M2_CEIL,
2026-09-26,KDK,FOCUS,BROKEN_NEW_BASE,,FULL
2026-09-26,KELYB,READY,RETEST_HELD,,FULL
2026-09-26,KG,FOCUS,BROKEN_NEW_BASE,,FULL
2026-09-26,KITT,FOCUS,BROKEN_NEW_BASE,,FULL
2026-09-26,KMRK,REJECTED,,FE-SCREEN-01/M5,
2026-09-26,KPTI,WATCH,RETEST_PENDING,,FULL
2026-09-26,KSCP,FOCUS,BROKEN_NEW_BASE,,FULL
2026-09-26,KTTA,WATCH,RETEST_PENDING,,FULL
2026-09-26,KUST,REJECTED,,FE-SCREEN-01/M3,
2026-09-26,LAES,WATCH,RETEST_IN_PROGRESS,,FULL
2026-09-26,LGCL,READY,PRESS_RECLAIM,,FULL
2026-09-26,LGHL,WATCH,RETEST_PENDING,,FULL
2026-09-26,LHAI,WATCH,RETEST_PENDING,,FULL
2026-09-26,LICN,WATCH,RETEST_PENDING,,FULL
2026-09-26,LNAI,WATCH,SWEEP_ACTIVE,,FULL
2026-09-26,LOOP,WATCH,RETEST_IN_PROGRESS,,FULL
2026-09-26,LPCN,READY,RETEST_HELD,,FULL
2026-09-26,LTBR,READY,BASE_HELD,,FULL
2026-09-26,LTRN,FOCUS,BROKEN_NEW_BASE,,FULL
2026-09-26,LWLG,REJECTED,,FE-SCREEN-01/M2_FLOOR,
2026-09-26,LX,REJECTED,,FE-SCREEN-01/M3,
2026-09-26,LXEH,WATCH,RETEST_PENDING,,FULL
2026-09-26,LYEL,REJECTED,,FE-SCREEN-01/SCORE,
2026-09-26,MASK,FOCUS,BROKEN_NEW_BASE,,FULL
2026-09-26,MBAI,FOCUS,BROKEN_NEW_BASE,,FULL
2026-09-26,MBRX,WATCH,RETEST_PENDING,,FULL
2026-09-26,MCRB,FOCUS,BROKEN_NEW_BASE,,FULL
2026-09-26,MDXH,WATCH,RETEST_PENDING,,FULL
2026-09-26,MENS,WATCH,RETEST_PENDING,,FULL
2026-09-26,METC,READY,RETEST_HELD,,FULL
2026-09-26,METCB,FOCUS,BROKEN_NEW_BASE,,FULL
2026-09-26,MF,WATCH,RETEST_PENDING,,FULL
2026-09-26,MFI,WATCH,RETEST_PENDING,,FULL
2026-09-26,MGRX,WATCH,RETEST_PENDING,,FULL
2026-09-26,MIMI,WATCH,RETEST_PENDING,,FULL
2026-09-26,MIST,FOCUS,BROKEN_NEW_BASE,,FULL
2026-09-26,MOBX,WATCH,SWEEP_ACTIVE,,FULL
2026-09-26,MPLT,WATCH,RETEST_IN_PROGRESS,,FULL
2026-09-26,MRLN,FOCUS,BROKEN_NEW_BASE,,FULL
2026-09-26,MSGY,REJECTED,,FE-SCREEN-01/M4_RANGE,
2026-09-26,MSS,REJECTED,,FE-SCREEN-01/M3,
2026-09-26,MVIS,REJECTED,,FE-SCREEN-01/M3,
2026-09-26,MVST,WATCH,RETEST_PENDING,,FULL
2026-09-26,MYSZ,REJECTED,,FE-SCREEN-01/M3,
2026-09-26,NAKA,WATCH,RETEST_PENDING,,FULL
2026-09-26,NAMM,WATCH,SWEEP_ACTIVE,,FULL
2026-09-26,NAUT,WATCH,RETEST_IN_PROGRESS,,FULL
2026-09-26,NBP,FOCUS,BROKEN_NEW_BASE,,FULL
2026-09-26,NCEL,WATCH,SWEEP_ACTIVE,,FULL
2026-09-26,NCI,WATCH,RETEST_PENDING,,FULL
2026-09-26,NCNA,READY,RETEST_HELD,,FULL
2026-09-26,NEGG,WATCH,RETEST_IN_PROGRESS,,FULL
2026-09-26,NERV,FOCUS,BROKEN_NEW_BASE,,FULL
2026-09-26,NIKI,READY,PRESS_RECLAIM,,FULL
2026-09-26,NIPG,WATCH,RETEST_PENDING,,FULL
2026-09-26,NKLR,FOCUS,BROKEN_NEW_BASE,,FULL
2026-09-26,NMRA,FOCUS,BROKEN_NEW_BASE,,FULL
2026-09-26,NMTC,REJECTED,,FE-SCREEN-01/M3,
2026-09-26,NNE,WATCH,RETEST_PENDING,,FULL
2026-09-26,NNNN,WATCH,RETEST_PENDING,,FULL
2026-09-26,NPT,WATCH,RETEST_PENDING,,FULL
2026-09-26,NTCL,WATCH,RETEST_PENDING,,FULL
2026-09-26,NTHI,READY,RETEST_HELD,,FULL
2026-09-26,NUWE,WATCH,RETEST_IN_PROGRESS,,FULL
2026-09-26,NVNI,NO_BARS,,,
2026-09-26,NVX,READY,PRESS_RECLAIM,,FULL
2026-09-26,NXAT,READY,RETEST_HELD,,FULL
2026-09-26,NXL,READY,PRESS_RECLAIM,,FULL
2026-09-26,NXTS,READY,PRESS_RECLAIM,,FULL
2026-09-26,NXTT,WATCH,RETEST_PENDING,,FULL
2026-09-26,ODYS,WATCH,SWEEP_ACTIVE,,FULL
2026-09-26,OFAL,FOCUS,BROKEN_NEW_BASE,,FULL
2026-09-26,OLMA,FOCUS,BROKEN_NEW_BASE,,FULL
2026-09-26,OLOX,WATCH,RETEST_PENDING,,FULL
2026-09-26,OMEX,WATCH,RETEST_PENDING,,FULL
2026-09-26,OMH,WATCH,RETEST_IN_PROGRESS,,FULL
2026-09-26,ONFO,WATCH,RETEST_PENDING,,FULL
2026-09-26,ORBS,WATCH,RETEST_PENDING,,FULL
2026-09-26,ORGO,READY,BASE_HELD,,FULL
2026-09-26,OTLK,READY,RETEST_HELD,,FULL
2026-09-26,PAVM,READY,RETEST_HELD,,FULL
2026-09-26,PBM,WATCH,RETEST_PENDING,,FULL
2026-09-26,PLCE,WATCH,RETEST_PENDING,,FULL
2026-09-26,PLSM,WATCH,RETEST_IN_PROGRESS,,FULL
2026-09-26,PLUR,FOCUS,BROKEN_NEW_BASE,,FULL
2026-09-26,PLYX,WATCH,RETEST_IN_PROGRESS,,FULL
2026-09-26,PN,WATCH,RETEST_PENDING,,FULL
2026-09-26,POLA,READY,BASE_HELD,,FULL
2026-09-26,POM,WATCH,RETEST_PENDING,,FULL
2026-09-26,PPCB,FOCUS,BROKEN_NEW_BASE,,FULL
2026-09-26,PRFX,WATCH,RETEST_IN_PROGRESS,,FULL
2026-09-26,PROP,READY,BASE_HELD,,FULL
2026-09-26,PRSO,READY,BASE_HELD,,FULL
2026-09-26,PWCM,WATCH,RETEST_PENDING,,FULL
2026-09-26,QNCX,WATCH,RETEST_PENDING,,FULL
2026-09-26,QNTM,WATCH,RETEST_PENDING,,FULL
2026-09-26,QS,READY,PRESS_RECLAIM,,FULL
2026-09-26,QTEX,WATCH,SWEEP_ACTIVE,,FULL
2026-09-26,QUCY,WATCH,RETEST_PENDING,,FULL
2026-09-26,RAYA,WATCH,RETEST_PENDING,,FULL
2026-09-26,RCON,WATCH,RETEST_PENDING,,FULL
2026-09-26,RDAC,WATCH,RETEST_PENDING,,FULL
2026-09-26,RDGT,WATCH,RETEST_PENDING,,FULL
2026-09-26,RDHL,FOCUS,BASE_FORMING,,FULL
2026-09-26,REKR,READY,BASE_HELD,,FULL
2026-09-26,RENX,WATCH,RETEST_PENDING,,FULL
2026-09-26,REVB,REJECTED,,FE-SCREEN-01/M3,
2026-09-26,RGC,WATCH,RETEST_PENDING,,FULL
2026-09-26,RNAZ,WATCH,RETEST_IN_PROGRESS,,FULL
2026-09-26,RVSN,WATCH,RETEST_IN_PROGRESS,,FULL
2026-09-26,SAGT,WATCH,RETEST_PENDING,,FULL
2026-09-26,SBFM,FOCUS,BROKEN_NEW_BASE,,FULL
2026-09-26,SDOT,WATCH,RETEST_PENDING,,FULL
2026-09-26,SEGG,WATCH,RETEST_PENDING,,FULL
2026-09-26,SERV,READY,BASE_HELD,,FULL
2026-09-26,SEV,WATCH,RETEST_PENDING,,FULL
2026-09-26,SGLY,REJECTED,,FE-SCREEN-01/M4_RANGE,
2026-09-26,SHPH,WATCH,RETEST_PENDING,,FULL
2026-09-26,SILO,READY,RETEST_HELD,,FULL
2026-09-26,SKK,WATCH,RETEST_PENDING,,FULL
2026-09-26,SKYE,WATCH,RETEST_IN_PROGRESS,,FULL
2026-09-26,SLBT,REJECTED,,FE-SCREEN-01/M4_RANGE,
2026-09-26,SLE,WATCH,RETEST_PENDING,,FULL
2026-09-26,SLMT,WATCH,RETEST_PENDING,,FULL
2026-09-26,SLNH,WATCH,RETEST_PENDING,,FULL
2026-09-26,SLSN,WATCH,RETEST_PENDING,,FULL
2026-09-26,SMTK,FOCUS,BROKEN_NEW_BASE,,FULL
2026-09-26,SMXT,WATCH,RETEST_PENDING,,FULL
2026-09-26,SNAL,WATCH,RETEST_IN_PROGRESS,,FULL
2026-09-26,SNES,FOCUS,BROKEN_NEW_BASE,,FULL
2026-09-26,SNOA,WATCH,RETEST_PENDING,,FULL
2026-09-26,SONM,WATCH,RETEST_PENDING,,FULL
2026-09-26,SOWG,WATCH,RETEST_PENDING,,FULL
2026-09-26,SPRB,WATCH,RETEST_PENDING,,FULL
2026-09-26,SQFT,READY,PRESS_RECLAIM,,FULL
2026-09-26,STAK,FOCUS,BROKEN_NEW_BASE,,FULL
2026-09-26,STEX,WATCH,RETEST_PENDING,,FULL
2026-09-26,STFS,WATCH,RETEST_PENDING,,FULL
2026-09-26,STKE,REJECTED,,FE-SCREEN-01/M2_FLOOR,
2026-09-26,STKH,FOCUS,BROKEN_NEW_BASE,,FULL
2026-09-26,SVRE,READY,RETEST_HELD,,FULL
2026-09-26,SWMR,WATCH,SWEEP_ACTIVE,,FULL
2026-09-26,TAOP,FOCUS,BROKEN_NEW_BASE,,FULL
2026-09-26,TCRT,READY,RETEST_HELD,,FULL
2026-09-26,TDTH,WATCH,RETEST_IN_PROGRESS,,FULL
2026-09-26,TDUP,WATCH,SWEEP_ACTIVE,,FULL
2026-09-26,TEAD,READY,RETEST_HELD,,FULL
2026-09-26,THH,WATCH,RETEST_PENDING,,FULL
2026-09-26,TLRY,READY,RETEST_HELD,,FULL
2026-09-26,TNYA,WATCH,SWEEP_ACTIVE,,FULL
2026-09-26,TOYO,READY,BASE_HELD,,FULL
2026-09-26,TRNR,READY,RETEST_HELD,,FULL
2026-09-26,TVGN,WATCH,RETEST_PENDING,,FULL
2026-09-26,TVRD,FOCUS,BROKEN_NEW_BASE,,FULL
2026-09-26,TYGO,FOCUS,BROKEN_NEW_BASE,,FULL
2026-09-26,UPLD,REJECTED,,FE-SCREEN-01/M3,
2026-09-26,UPXI,WATCH,RETEST_PENDING,,FULL
2026-09-26,VBIO,WATCH,RETEST_PENDING,,FULL
2026-09-26,VERI,WATCH,RETEST_PENDING,,FULL
2026-09-26,VHUB,FOCUS,BROKEN_NEW_BASE,,FULL
2026-09-26,VMAR,WATCH,RETEST_PENDING,,FULL
2026-09-26,VRAX,FOCUS,BROKEN_NEW_BASE,,FULL
2026-09-26,VRXA,READY,RETEST_HELD,,FULL
2026-09-26,VSME,READY,PRESS_RECLAIM,,FULL
2026-09-26,WBUY,WATCH,RETEST_PENDING,,FULL
2026-09-26,WFF,WATCH,RETEST_PENDING,,FULL
2026-09-26,WKHS,WATCH,RETEST_IN_PROGRESS,,FULL
2026-09-26,WKSP,FOCUS,BROKEN_NEW_BASE,,FULL
2026-09-26,WNW,READY,RETEST_HELD,,FULL
2026-09-26,WVE,REJECTED,,FE-SCREEN-01/SCORE,
2026-09-26,WXM,READY,RETEST_HELD,,FULL
2026-09-26,XAIR,WATCH,SWEEP_ACTIVE,,FULL
2026-09-26,XCH,WATCH,RETEST_IN_PROGRESS,,FULL
2026-09-26,XCUR,WATCH,RETEST_PENDING,,FULL
2026-09-26,XNDU,FOCUS,BROKEN_NEW_BASE,,FULL
2026-09-26,XPON,READY,RETEST_HELD,,FULL
2026-09-26,XRTX,REJECTED,,FE-SCREEN-01/M3,
2026-09-26,YAAS,READY,PRESS_RECLAIM,,FULL
2026-09-26,YFOR,WATCH,RETEST_PENDING,,FULL
2026-09-26,YHC,READY,RETEST_HELD,,FULL
2026-09-26,YJ,WATCH,RETEST_PENDING,,FULL
2026-09-26,YOUL,WATCH,RETEST_PENDING,,FULL
2026-09-26,ZCMD,WATCH,RETEST_PENDING,,FULL
2026-09-26,ZDAI,WATCH,RETEST_PENDING,,FULL
2026-09-26,ZENA,WATCH,RETEST_PENDING,,FULL
2026-09-26,ZOOZ,WATCH,RETEST_PENDING,,FULL
2026-09-26,ZSQR,WATCH,RETEST_PENDING,,FULL
2026-09-26,ZSTK,WATCH,RETEST_PENDING,,FULL
2026-09-26,ZYBT,WATCH,RETEST_PENDING,,FULL
2026-09-29,ABAT,READY,RETEST_HELD,,FULL
2026-09-29,ABTC,WATCH,RETEST_PENDING,,FULL
2026-09-29,ABTS,WATCH,RETEST_PENDING,,FULL
2026-09-29,ACON,WATCH,RETEST_PENDING,,FULL
2026-09-29,ACXP,READY,PRESS_RECLAIM,,FULL
2026-09-29,AEI,FOCUS,BROKEN_NEW_BASE,,FULL
2026-09-29,AHMA,WATCH,RETEST_PENDING,,FULL
2026-09-29,AIFC,WATCH,RETEST_PENDING,,FULL
2026-09-29,AIIO,WATCH,SWEEP_ACTIVE,,FULL
2026-09-29,AIOS,WATCH,RETEST_PENDING,,FULL
2026-09-29,AISP,REJECTED,,FE-SCREEN-01/M3,
2026-09-29,AIXI,FOCUS,BROKEN_NEW_BASE,,FULL
2026-09-29,AKAN,WATCH,RETEST_IN_PROGRESS,,FULL
2026-09-29,AKTX,WATCH,RETEST_PENDING,,FULL
2026-09-29,ALAR,WATCH,RETEST_PENDING,,FULL
2026-09-29,ALDX,REJECTED,,FE-SCREEN-01/SCORE,
2026-09-29,ALMS,FOCUS,BROKEN_NEW_BASE,,FULL
2026-09-29,ALPS,REJECTED,,FE-SCREEN-01/M1,
2026-09-29,AMCI,READY,RETEST_HELD,,FULL
2026-09-29,AMIX,WATCH,SWEEP_ACTIVE,,FULL
2026-09-29,AMOD,FOCUS,BROKEN_NEW_BASE,,FULL
2026-09-29,AMST,WATCH,RETEST_IN_PROGRESS,,FULL
2026-09-29,ANNA,READY,RETEST_HELD,,FULL
2026-09-29,APVO,WATCH,RETEST_PENDING,,FULL
2026-09-29,AQMS,WATCH,RETEST_PENDING,,FULL
2026-09-29,ARBE,WATCH,RETEST_IN_PROGRESS,,FULL
2026-09-29,ARBK,FOCUS,BROKEN_NEW_BASE,,FULL
2026-09-29,ASPC,READY,RETEST_HELD,,FULL
2026-09-29,ASPI,REJECTED,,FE-SCREEN-01/M3,
2026-09-29,ASTC,WATCH,RETEST_PENDING,,FULL
2026-09-29,ATGL,WATCH,RETEST_PENDING,,FULL
2026-09-29,ATPC,WATCH,SWEEP_ACTIVE,,FULL
2026-09-29,ATXG,WATCH,RETEST_PENDING,,FULL
2026-09-29,AUUD,WATCH,RETEST_PENDING,,FULL
2026-09-29,AZIO,WATCH,RETEST_PENDING,,FULL
2026-09-29,BAER,FOCUS,BROKEN_NEW_BASE,,FULL
2026-09-29,BANL,FOCUS,BROKEN_NEW_BASE,,FULL
2026-09-29,BBLG,REJECTED,,FE-SCREEN-01/M3,
2026-09-29,BDMD,FOCUS,BROKEN_NEW_BASE,,FULL
2026-09-29,BEEM,WATCH,RETEST_PENDING,,FULL
2026-09-29,BETR,FOCUS,BROKEN_NEW_BASE,,FULL
2026-09-29,BGDE,WATCH,RETEST_IN_PROGRESS,,FULL
2026-09-29,BGMS,WATCH,RETEST_PENDING,,FULL
2026-09-29,BIOA,WATCH,SWEEP_ACTIVE,,FULL
2026-09-29,BIRD,READY,RETEST_HELD,,FULL
2026-09-29,BJDX,WATCH,RETEST_PENDING,,FULL
2026-09-29,BKYI,REJECTED,,FE-SCREEN-01/M3,
2026-09-29,BLNE,WATCH,RETEST_PENDING,,FULL
2026-09-29,BLNK,WATCH,RETEST_PENDING,,FULL
2026-09-29,BNAI,FOCUS,BROKEN_NEW_BASE,,FULL
2026-09-29,BODI,WATCH,SWEEP_ACTIVE,,FULL
2026-09-29,BOXL,WATCH,RETEST_IN_PROGRESS,,FULL
2026-09-29,BRAI,READY,RETEST_HELD,,FULL
2026-09-29,BRTX,WATCH,SWEEP_ACTIVE,,FULL
2026-09-29,BTCS,WATCH,RETEST_PENDING,,FULL
2026-09-29,BTQ,READY,BASE_HELD,,FULL
2026-09-29,BYAH,WATCH,RETEST_PENDING,,FULL
2026-09-29,BYND,FOCUS,BROKEN_NEW_BASE,,FULL
2026-09-29,BZAI,WATCH,RETEST_PENDING,,FULL
2026-09-29,CALC,FOCUS,BROKEN_NEW_BASE,,FULL
2026-09-29,CAPR,WATCH,RETEST_PENDING,,FULL
2026-09-29,CAR,FOCUS,BROKEN_NEW_BASE,,FULL
2026-09-29,CAST,WATCH,RETEST_PENDING,,FULL
2026-09-29,CCG,FOCUS,BROKEN_NEW_BASE,,FULL
2026-09-29,CCTG,WATCH,SWEEP_ACTIVE,,FULL
2026-09-29,CDIO,WATCH,RETEST_PENDING,,FULL
2026-09-29,CDTG,WATCH,RETEST_PENDING,,FULL
2026-09-29,CELZ,WATCH,RETEST_PENDING,,FULL
2026-09-29,CGTL,WATCH,RETEST_PENDING,,FULL
2026-09-29,CHGA,WATCH,RETEST_IN_PROGRESS,,FULL
2026-09-29,CHSN,WATCH,RETEST_PENDING,,FULL
2026-09-29,CIIT,WATCH,RETEST_PENDING,,FULL
2026-09-29,CLGN,WATCH,RETEST_PENDING,,FULL
2026-09-29,CLIK,WATCH,RETEST_PENDING,,FULL
2026-09-29,CLRB,FOCUS,BROKEN_NEW_BASE,,FULL
2026-09-29,CMCT,FOCUS,BROKEN_NEW_BASE,,FULL
2026-09-29,CMND,READY,BASE_HELD,,FULL
2026-09-29,CNCK,FOCUS,BROKEN_NEW_BASE,,FULL
2026-09-29,CNSY,FOCUS,BROKEN_NEW_BASE,,FULL
2026-09-29,CODX,WATCH,RETEST_PENDING,,FULL
2026-09-29,COOT,WATCH,RETEST_PENDING,,FULL
2026-09-29,CPOP,WATCH,RETEST_PENDING,,FULL
2026-09-29,CPSH,READY,RETEST_HELD,,FULL
2026-09-29,CRE,READY,BASE_HELD,,FULL
2026-09-29,CRGO,REJECTED,,FE-SCREEN-01/M3,
2026-09-29,CRIS,FOCUS,BROKEN_NEW_BASE,,FULL
2026-09-29,CRML,WATCH,RETEST_PENDING,,FULL
2026-09-29,CSAI,FOCUS,BROKEN_NEW_BASE,,FULL
2026-09-29,CTXR,WATCH,RETEST_PENDING,,FULL
2026-09-29,CURX,WATCH,RETEST_PENDING,,FULL
2026-09-29,CVRX,WATCH,RETEST_PENDING,,FULL
2026-09-29,CYCU,READY,RETEST_HELD,,FULL
2026-09-29,CYN,WATCH,SWEEP_ACTIVE,,FULL
2026-09-29,DEFT,WATCH,RETEST_PENDING,,FULL
2026-09-29,DFLI,WATCH,RETEST_IN_PROGRESS,,FULL
2026-09-29,DFNS,WATCH,RETEST_PENDING,,FULL
2026-09-29,DGNX,WATCH,RETEST_PENDING,,FULL
2026-09-29,DKI,WATCH,RETEST_IN_PROGRESS,,FULL
2026-09-29,DRCT,NO_BARS,,,
2026-09-29,DRK,WATCH,RETEST_PENDING,,FULL
2026-09-29,DRMA,REJECTED,,FE-SCREEN-01/M3,
2026-09-29,DSY,WATCH,RETEST_PENDING,,FULL
2026-09-29,DUO,WATCH,RETEST_PENDING,,FULL
2026-09-29,DWTX,FOCUS,BROKEN_NEW_BASE,,FULL
2026-09-29,DXST,WATCH,RETEST_IN_PROGRESS,,FULL
2026-09-29,EDBL,FOCUS,BROKEN_NEW_BASE,,FULL
2026-09-29,EDSA,WATCH,SWEEP_ACTIVE,,FULL
2026-09-29,EHGO,WATCH,SWEEP_ACTIVE,,FULL
2026-09-29,EHTH,REJECTED,,FE-SCREEN-01/M3,
2026-09-29,EJH,WATCH,RETEST_PENDING,,FULL
2026-09-29,ELAB,READY,PRESS_RECLAIM,,FULL
2026-09-29,ELTX,READY,RETEST_HELD,,FULL
2026-09-29,EMAT,WATCH,RETEST_PENDING,,FULL
2026-09-29,ENGN,WATCH,RETEST_PENDING,,FULL
2026-09-29,ENGS,WATCH,RETEST_PENDING,,FULL
2026-09-29,ENSC,WATCH,RETEST_PENDING,,FULL
2026-09-29,ENVB,WATCH,RETEST_PENDING,,FULL
2026-09-29,ENVX,WATCH,SWEEP_ACTIVE,,FULL
2026-09-29,EOCN,REJECTED,,FE-SCREEN-01/M3,
2026-09-29,EPSM,WATCH,RETEST_IN_PROGRESS,,FULL
2026-09-29,ERNA,WATCH,SWEEP_ACTIVE,,FULL
2026-09-29,ESLA,FOCUS,BROKEN_NEW_BASE,,FULL
2026-09-29,EUDA,WATCH,RETEST_PENDING,,FULL
2026-09-29,EVAX,WATCH,RETEST_PENDING,,FULL
2026-09-29,EVGO,REJECTED,,FE-SCREEN-01/M3,
2026-09-29,EZGO,REJECTED,,FE-SCREEN-01/M3,
2026-09-29,EZRA,WATCH,RETEST_PENDING,,FULL
2026-09-29,FAC,WATCH,RETEST_PENDING,,FULL
2026-09-29,FBLG,READY,BASE_HELD,,FULL
2026-09-29,FCHL,WATCH,RETEST_IN_PROGRESS,,FULL
2026-09-29,FCUV,FOCUS,BASE_FORMING,,FULL
2026-09-29,FFAI,FOCUS,BROKEN_NEW_BASE,,FULL
2026-09-29,FLNA,WATCH,RETEST_PENDING,,FULL
2026-09-29,FLNC,READY,BASE_HELD,,FULL
2026-09-29,FLUX,WATCH,SWEEP_ACTIVE,,FULL
2026-09-29,FLYE,FOCUS,BROKEN_NEW_BASE,,FULL
2026-09-29,FMST,FOCUS,BROKEN_NEW_BASE,,FULL
2026-09-29,FOFO,WATCH,RETEST_PENDING,,FULL
2026-09-29,FRMM,WATCH,RETEST_IN_PROGRESS,,FULL
2026-09-29,FRSX,REJECTED,,FE-SCREEN-01/M3,
2026-09-29,FTCI,REJECTED,,FE-SCREEN-01/M3,
2026-09-29,FTHM,READY,PRESS_RECLAIM,,FULL
2026-09-29,FUSE,WATCH,RETEST_PENDING,,FULL
2026-09-29,FWDI,FOCUS,BASE_FORMING,,FULL
2026-09-29,GAUZ,WATCH,RETEST_PENDING,,FULL
2026-09-29,GCL,WATCH,RETEST_PENDING,,FULL
2026-09-29,GCTK,FOCUS,BROKEN_NEW_BASE,,FULL
2026-09-29,GDC,READY,PRESS_RECLAIM,,FULL
2026-09-29,GDEV,READY,RETEST_HELD,,FULL
2026-09-29,GELS,WATCH,RETEST_PENDING,,FULL
2026-09-29,GEOS,READY,BASE_HELD,,FULL
2026-09-29,GLXG,WATCH,RETEST_PENDING,,FULL
2026-09-29,GMM,READY,RETEST_HELD,,FULL
2026-09-29,GNLN,WATCH,RETEST_PENDING,,FULL
2026-09-29,GNPX,FOCUS,BROKEN_NEW_BASE,,FULL
2026-09-29,GNTA,FOCUS,BROKEN_NEW_BASE,,FULL
2026-09-29,GOAI,WATCH,RETEST_PENDING,,FULL
2026-09-29,GP,REJECTED,,FE-SCREEN-01/M3,
2026-09-29,GRAN,WATCH,RETEST_PENDING,,FULL
2026-09-29,GRI,WATCH,RETEST_PENDING,,FULL
2026-09-29,GSIW,WATCH,SWEEP_ACTIVE,,FULL
2026-09-29,GURE,WATCH,RETEST_IN_PROGRESS,,FULL
2026-09-29,GUTS,FOCUS,BROKEN_NEW_BASE,,FULL
2026-09-29,GXAI,FOCUS,BROKEN_NEW_BASE,,FULL
2026-09-29,HCWB,FOCUS,BROKEN_NEW_BASE,,FULL
2026-09-29,HERE,READY,RETEST_HELD,,FULL
2026-09-29,HIT,READY,RETEST_HELD,,FULL
2026-09-29,HSDT,FOCUS,BASE_FORMING,,FULL
2026-09-29,HTCO,WATCH,RETEST_PENDING,,FULL
2026-09-29,HTCR,WATCH,RETEST_PENDING,,FULL
2026-09-29,HTZ,WATCH,RETEST_PENDING,,FULL
2026-09-29,HUMA,READY,RETEST_HELD,,FULL
2026-09-29,HXHX,WATCH,RETEST_PENDING,,FULL
2026-09-29,HYFM,WATCH,RETEST_PENDING,,FULL
2026-09-29,IBG,WATCH,RETEST_PENDING,,FULL
2026-09-29,ICCM,FOCUS,BROKEN_NEW_BASE,,FULL
2026-09-29,IMNN,FOCUS,BROKEN_NEW_BASE,,FULL
2026-09-29,IMSR,READY,PRESS_RECLAIM,,FULL
2026-09-29,INSG,WATCH,SWEEP_ACTIVE,,FULL
2026-09-29,INTJ,WATCH,RETEST_PENDING,,FULL
2026-09-29,INTS,READY,RETEST_HELD,,FULL
2026-09-29,INV,WATCH,RETEST_PENDING,,FULL
2026-09-29,IOTR,WATCH,RETEST_PENDING,,FULL
2026-09-29,IPST,WATCH,RETEST_PENDING,,FULL
2026-09-29,ISPC,FOCUS,BROKEN_NEW_BASE,,FULL
2026-09-29,IVF,READY,RETEST_HELD,,FULL
2026-09-29,IZM,WATCH,RETEST_PENDING,,FULL
2026-09-29,JBDI,WATCH,RETEST_PENDING,,FULL
2026-09-29,JDZG,WATCH,RETEST_PENDING,,FULL
2026-09-29,JEM,READY,PRESS_RECLAIM,,FULL
2026-09-29,JLHL,WATCH,RETEST_PENDING,,FULL
2026-09-29,JSPR,WATCH,RETEST_PENDING,,FULL
2026-09-29,JTAI,WATCH,RETEST_PENDING,,FULL
2026-09-29,JUNS,FOCUS,BROKEN_NEW_BASE,,FULL
2026-09-29,JYD,WATCH,RETEST_PENDING,,FULL
2026-09-29,KDK,FOCUS,BROKEN_NEW_BASE,,FULL
2026-09-29,KG,FOCUS,BROKEN_NEW_BASE,,FULL
2026-09-29,KLRS,FOCUS,BROKEN_NEW_BASE,,FULL
2026-09-29,KPTI,WATCH,RETEST_PENDING,,FULL
2026-09-29,KRRO,READY,PRESS_RECLAIM,,FULL
2026-09-29,KSCP,FOCUS,BROKEN_NEW_BASE,,FULL
2026-09-29,KTTA,WATCH,RETEST_IN_PROGRESS,,FULL
2026-09-29,KUST,REJECTED,,FE-SCREEN-01/M3,
2026-09-29,LAES,READY,RETEST_HELD,,FULL
2026-09-29,LASE,WATCH,RETEST_PENDING,,FULL
2026-09-29,LFS,WATCH,RETEST_PENDING,,FULL
2026-09-29,LGCL,READY,RETEST_HELD,,FULL
2026-09-29,LGHL,WATCH,RETEST_IN_PROGRESS,,FULL
2026-09-29,LHAI,WATCH,RETEST_PENDING,,FULL
2026-09-29,LICN,WATCH,RETEST_PENDING,,FULL
2026-09-29,LNAI,FOCUS,BROKEN_NEW_BASE,,FULL
2026-09-29,LOOP,WATCH,RETEST_IN_PROGRESS,,FULL
2026-09-29,LRHC,READY,PRESS_RECLAIM,,FULL
2026-09-29,LTBR,READY,BASE_HELD,,FULL
2026-09-29,LWLG,WATCH,RETEST_IN_PROGRESS,,FULL
2026-09-29,LX,REJECTED,,FE-SCREEN-01/M3,
2026-09-29,LXEH,WATCH,RETEST_PENDING,,FULL
2026-09-29,LYEL,WATCH,SWEEP_ACTIVE,,FULL
2026-09-29,MBAI,FOCUS,BROKEN_NEW_BASE,,FULL
2026-09-29,MBRX,WATCH,RETEST_PENDING,,FULL
2026-09-29,MCRB,FOCUS,BROKEN_NEW_BASE,,FULL
2026-09-29,MDXH,WATCH,RETEST_PENDING,,FULL
2026-09-29,MENS,WATCH,RETEST_PENDING,,FULL
2026-09-29,METC,READY,RETEST_HELD,,FULL
2026-09-29,METCB,FOCUS,BROKEN_NEW_BASE,,FULL
2026-09-29,MF,WATCH,RETEST_PENDING,,FULL
2026-09-29,MFI,WATCH,RETEST_PENDING,,FULL
2026-09-29,MIMI,WATCH,RETEST_PENDING,,FULL
2026-09-29,MIST,FOCUS,BROKEN_NEW_BASE,,FULL
2026-09-29,MLEC,FOCUS,BROKEN_NEW_BASE,,FULL
2026-09-29,MOBX,FOCUS,BASE_FORMING,,FULL
2026-09-29,MODD,WATCH,RETEST_PENDING,,FULL
2026-09-29,MRLN,FOCUS,BROKEN_NEW_BASE,,FULL
2026-09-29,MSS,REJECTED,,FE-SCREEN-01/M3,
2026-09-29,MTEK,REJECTED,,FE-SCREEN-01/M3,
2026-09-29,MTEN,WATCH,RETEST_PENDING,,FULL
2026-09-29,MTVA,WATCH,RETEST_PENDING,,FULL
2026-09-29,MVIS,REJECTED,,FE-SCREEN-01/M3,
2026-09-29,MVST,WATCH,RETEST_PENDING,,FULL
2026-09-29,NAKA,WATCH,RETEST_PENDING,,FULL
2026-09-29,NAMM,FOCUS,BROKEN_NEW_BASE,,FULL
2026-09-29,NAUT,WATCH,RETEST_PENDING,,FULL
2026-09-29,NBP,FOCUS,BROKEN_NEW_BASE,,FULL
2026-09-29,NCNA,READY,RETEST_HELD,,FULL
2026-09-29,NERV,FOCUS,BROKEN_NEW_BASE,,FULL
2026-09-29,NIPG,WATCH,RETEST_PENDING,,FULL
2026-09-29,NMRA,FOCUS,BROKEN_NEW_BASE,,FULL
2026-09-29,NMTC,REJECTED,,FE-SCREEN-01/M3,
2026-09-29,NNE,WATCH,RETEST_IN_PROGRESS,,FULL
2026-09-29,NNNN,WATCH,RETEST_PENDING,,FULL
2026-09-29,NPT,WATCH,RETEST_PENDING,,FULL
2026-09-29,NRSN,WATCH,SWEEP_ACTIVE,,FULL
2026-09-29,NTCL,WATCH,RETEST_PENDING,,FULL
2026-09-29,NTHI,READY,RETEST_HELD,,FULL
2026-09-29,NUWE,READY,RETEST_HELD,,FULL
2026-09-29,NVNI,NO_BARS,,,
2026-09-29,NVX,READY,PRESS_RECLAIM,,FULL
2026-09-29,NXAT,READY,RETEST_HELD,,FULL
2026-09-29,NXH,WATCH,SWEEP_ACTIVE,,FULL
2026-09-29,NXL,READY,RETEST_HELD,,FULL
2026-09-29,NXTS,READY,PRESS_RECLAIM,,FULL
2026-09-29,NXTT,WATCH,RETEST_IN_PROGRESS,,FULL
2026-09-29,ODD,WATCH,RETEST_IN_PROGRESS,,FULL
2026-09-29,ODYS,WATCH,SWEEP_ACTIVE,,FULL
2026-09-29,OFAL,FOCUS,BROKEN_NEW_BASE,,FULL
2026-09-29,OIO,WATCH,SWEEP_ACTIVE,,FULL
2026-09-29,OLMA,FOCUS,BROKEN_NEW_BASE,,FULL
2026-09-29,OLOX,WATCH,RETEST_PENDING,,FULL
2026-09-29,OM,READY,PRESS_RECLAIM,,FULL
2026-09-29,OMH,WATCH,RETEST_PENDING,,FULL
2026-09-29,ONFO,WATCH,RETEST_PENDING,,FULL
2026-09-29,OPAD,FOCUS,BROKEN_NEW_BASE,,FULL
2026-09-29,OPEN,WATCH,SWEEP_ACTIVE,,FULL
2026-09-29,ORBS,WATCH,RETEST_PENDING,,FULL
2026-09-29,OTLK,READY,RETEST_HELD,,FULL
2026-09-29,PBM,WATCH,RETEST_PENDING,,FULL
2026-09-29,PCSA,READY,RETEST_HELD,,FULL
2026-09-29,PLCE,WATCH,RETEST_PENDING,,FULL
2026-09-29,PLUR,FOCUS,BROKEN_NEW_BASE,,FULL
2026-09-29,PLYX,WATCH,RETEST_IN_PROGRESS,,FULL
2026-09-29,PMCB,WATCH,RETEST_PENDING,,FULL
2026-09-29,PN,WATCH,RETEST_PENDING,,FULL
2026-09-29,POLA,READY,BASE_HELD,,FULL
2026-09-29,POM,WATCH,RETEST_PENDING,,FULL
2026-09-29,PPCB,FOCUS,BROKEN_NEW_BASE,,FULL
2026-09-29,PRFX,WATCH,RETEST_IN_PROGRESS,,FULL
2026-09-29,PROP,READY,BASE_HELD,,FULL
2026-09-29,PRSO,READY,BASE_HELD,,FULL
2026-09-29,PSNY,WATCH,SWEEP_ACTIVE,,FULL
2026-09-29,PSQL,WATCH,SWEEP_ACTIVE,,FULL
2026-09-29,PWCM,WATCH,RETEST_PENDING,,FULL
2026-09-29,QNCX,WATCH,RETEST_PENDING,,FULL
2026-09-29,QNTM,WATCH,RETEST_PENDING,,FULL
2026-09-29,QS,WATCH,SWEEP_ACTIVE,,FULL
2026-09-29,QTEX,FOCUS,BROKEN_NEW_BASE,,FULL
2026-09-29,QTI,REJECTED,,FE-SCREEN-01/M2_FLOOR,
2026-09-29,QUCY,WATCH,RETEST_PENDING,,FULL
2026-09-29,RADX,READY,PRESS_RECLAIM,,FULL
2026-09-29,RANI,WATCH,RETEST_PENDING,,FULL
2026-09-29,RAYA,WATCH,RETEST_IN_PROGRESS,,FULL
2026-09-29,RCON,WATCH,RETEST_IN_PROGRESS,,FULL
2026-09-29,RDAC,WATCH,RETEST_PENDING,,FULL
2026-09-29,RDGT,WATCH,RETEST_PENDING,,FULL
2026-09-29,RDHL,FOCUS,BASE_FORMING,,FULL
2026-09-29,RENX,WATCH,RETEST_PENDING,,FULL
2026-09-29,REVB,REJECTED,,FE-SCREEN-01/M3,
2026-09-29,RVSN,READY,RETEST_HELD,,FULL
2026-09-29,SAGT,WATCH,RETEST_PENDING,,FULL
2026-09-29,SBFM,FOCUS,BROKEN_NEW_BASE,,FULL
2026-09-29,SCKT,WATCH,SWEEP_ACTIVE,,FULL
2026-09-29,SCLX,WATCH,SWEEP_ACTIVE,,FULL
2026-09-29,SCWO,WATCH,RETEST_PENDING,,FULL
2026-09-29,SDOT,WATCH,RETEST_PENDING,,FULL
2026-09-29,SEGG,WATCH,RETEST_IN_PROGRESS,,FULL
2026-09-29,SERV,READY,BASE_HELD,,FULL
2026-09-29,SEV,WATCH,RETEST_PENDING,,FULL
2026-09-29,SHPH,WATCH,RETEST_PENDING,,FULL
2026-09-29,SKK,WATCH,RETEST_PENDING,,FULL
2026-09-29,SKYA,WATCH,RETEST_PENDING,,FULL
2026-09-29,SKYE,READY,RETEST_HELD,,FULL
2026-09-29,SLBT,FOCUS,BROKEN_NEW_BASE,,FULL
2026-09-29,SLE,WATCH,RETEST_PENDING,,FULL
2026-09-29,SLMT,WATCH,RETEST_PENDING,,FULL
2026-09-29,SLNH,WATCH,RETEST_IN_PROGRESS,,FULL
2026-09-29,SLSN,WATCH,RETEST_PENDING,,FULL
2026-09-29,SMXT,WATCH,RETEST_PENDING,,FULL
2026-09-29,SNES,FOCUS,BROKEN_NEW_BASE,,FULL
2026-09-29,SNOA,WATCH,RETEST_PENDING,,FULL
2026-09-29,SONM,WATCH,RETEST_PENDING,,FULL
2026-09-29,SOWG,WATCH,RETEST_PENDING,,FULL
2026-09-29,SPHL,READY,PRESS_RECLAIM,,FULL
2026-09-29,SPRB,WATCH,RETEST_PENDING,,FULL
2026-09-29,SQFT,READY,PRESS_RECLAIM,,FULL
2026-09-29,STAK,FOCUS,BROKEN_NEW_BASE,,FULL
2026-09-29,STEX,WATCH,RETEST_PENDING,,FULL
2026-09-29,STFS,WATCH,RETEST_PENDING,,FULL
2026-09-29,STI,READY,RETEST_HELD,,FULL
2026-09-29,STKH,FOCUS,BROKEN_NEW_BASE,,FULL
2026-09-29,TAOP,FOCUS,BROKEN_NEW_BASE,,FULL
2026-09-29,TCRT,READY,PRESS_RECLAIM,,FULL
2026-09-29,TDTH,FOCUS,BROKEN_NEW_BASE,,FULL
2026-09-29,TDUP,WATCH,SWEEP_ACTIVE,,FULL
2026-09-29,THH,WATCH,RETEST_PENDING,,FULL
2026-09-29,TLRY,READY,RETEST_HELD,,FULL
2026-09-29,TNYA,WATCH,SWEEP_ACTIVE,,FULL
2026-09-29,TPST,REJECTED,,FE-SCREEN-01/M3,
2026-09-29,TRIB,READY,PRESS_RECLAIM,,FULL
2026-09-29,TRNR,READY,RETEST_HELD,,FULL
2026-09-29,TVGN,WATCH,RETEST_PENDING,,FULL
2026-09-29,TVRD,FOCUS,BROKEN_NEW_BASE,,FULL
2026-09-29,TYGO,FOCUS,BROKEN_NEW_BASE,,FULL
2026-09-29,UFG,WATCH,RETEST_IN_PROGRESS,,FULL
2026-09-29,UPXI,WATCH,RETEST_PENDING,,FULL
2026-09-29,VBIO,WATCH,RETEST_PENDING,,FULL
2026-09-29,VERI,WATCH,RETEST_PENDING,,FULL
2026-09-29,VHUB,FOCUS,BROKEN_NEW_BASE,,FULL
2026-09-29,VMAR,WATCH,RETEST_PENDING,,FULL
2026-09-29,VRAX,READY,RETEST_HELD,,FULL
2026-09-29,VRXA,READY,RETEST_HELD,,FULL
2026-09-29,VSME,READY,PRESS_RECLAIM,,FULL
2026-09-29,WBUY,WATCH,RETEST_PENDING,,FULL
2026-09-29,WCT,WATCH,RETEST_PENDING,,FULL
2026-09-29,WETO,FOCUS,BROKEN_NEW_BASE,,FULL
2026-09-29,WFF,WATCH,RETEST_PENDING,,FULL
2026-09-29,WIMI,REJECTED,,FE-SCREEN-01/M3,
2026-09-29,WKSP,FOCUS,BROKEN_NEW_BASE,,FULL
2026-09-29,WLDS,WATCH,RETEST_PENDING,,FULL
2026-09-29,WNW,READY,RETEST_HELD,,FULL
2026-09-29,WVE,FOCUS,BROKEN_NEW_BASE,,FULL
2026-09-29,XAIR,FOCUS,BROKEN_NEW_BASE,,FULL
2026-09-29,XCH,READY,RETEST_HELD,,FULL
2026-09-29,XCUR,WATCH,RETEST_PENDING,,FULL
2026-09-29,XELB,WATCH,RETEST_IN_PROGRESS,,FULL
2026-09-29,XNDU,FOCUS,BROKEN_NEW_BASE,,FULL
2026-09-29,XPON,WATCH,SWEEP_ACTIVE,,FULL
2026-09-29,XRTX,REJECTED,,FE-SCREEN-01/M3,
2026-09-29,YAAS,READY,PRESS_RECLAIM,,FULL
2026-09-29,YDDL,READY,PRESS_RECLAIM,,FULL
2026-09-29,YFOR,WATCH,RETEST_PENDING,,FULL
2026-09-29,YHC,READY,RETEST_HELD,,FULL
2026-09-29,YJ,WATCH,RETEST_PENDING,,FULL
2026-09-29,YOUL,WATCH,RETEST_PENDING,,FULL
2026-09-29,ZCMD,WATCH,RETEST_PENDING,,FULL
2026-09-29,ZDAI,WATCH,RETEST_PENDING,,FULL
2026-09-29,ZENA,WATCH,RETEST_PENDING,,FULL
2026-09-29,ZOOZ,WATCH,RETEST_PENDING,,FULL
2026-09-29,ZSTK,WATCH,RETEST_PENDING,,FULL
2026-10-02,ABAT,READY,RETEST_HELD,,FULL
2026-10-02,ABTS,WATCH,RETEST_PENDING,,FULL
2026-10-02,ACON,WATCH,RETEST_PENDING,,FULL
2026-10-02,ACXP,WATCH,SWEEP_ACTIVE,,FULL
2026-10-02,AEC,FOCUS,BROKEN_NEW_BASE,,FULL
2026-10-02,AEI,FOCUS,BROKEN_NEW_BASE,,FULL
2026-10-02,AGRZ,FOCUS,BROKEN_NEW_BASE,,FULL
2026-10-02,AHMA,WATCH,RETEST_PENDING,,FULL
2026-10-02,AIFU,WATCH,RETEST_PENDING,,FULL
2026-10-02,AIIO,FOCUS,BROKEN_NEW_BASE,,FULL
2026-10-02,AIOS,WATCH,RETEST_PENDING,,FULL
2026-10-02,AIRS,FOCUS,BROKEN_NEW_BASE,,FULL
2026-10-02,AKAN,FOCUS,BROKEN_NEW_BASE,,FULL
2026-10-02,AKTX,WATCH,RETEST_PENDING,,FULL
2026-10-02,ALAR,WATCH,RETEST_PENDING,,FULL
2026-10-02,ALDX,FOCUS,BROKEN_NEW_BASE,,FULL
2026-10-02,ALMS,FOCUS,BROKEN_NEW_BASE,,FULL
2026-10-02,ALP,WATCH,RETEST_PENDING,,FULL
2026-10-02,AMCI,READY,RETEST_HELD,,FULL
2026-10-02,AMIX,READY,PRESS_RECLAIM,,FULL
2026-10-02,AMST,READY,RETEST_HELD,,FULL
2026-10-02,ANNA,READY,RETEST_HELD,,FULL
2026-10-02,ANPA,READY,BASE_HELD,,FULL
2026-10-02,APVO,WATCH,RETEST_PENDING,,FULL
2026-10-02,AQMS,WATCH,RETEST_IN_PROGRESS,,FULL
2026-10-02,AREC,FOCUS,BROKEN_NEW_BASE,,FULL
2026-10-02,ASBP,WATCH,RETEST_PENDING,,FULL
2026-10-02,ASTC,WATCH,RETEST_PENDING,,FULL
2026-10-02,ASTI,FOCUS,BROKEN_NEW_BASE,,FULL
2026-10-02,ATGL,WATCH,RETEST_PENDING,,FULL
2026-10-02,ATPC,WATCH,SWEEP_ACTIVE,,FULL
2026-10-02,ATXG,WATCH,RETEST_IN_PROGRESS,,FULL
2026-10-02,AURE,FOCUS,BROKEN_NEW_BASE,,FULL
2026-10-02,AUUD,WATCH,RETEST_PENDING,,FULL
2026-10-02,AZI,WATCH,RETEST_PENDING,,FULL
2026-10-02,AZIO,WATCH,RETEST_IN_PROGRESS,,FULL
2026-10-02,BAER,FOCUS,BROKEN_NEW_BASE,,FULL
2026-10-02,BANL,FOCUS,BROKEN_NEW_BASE,,FULL
2026-10-02,BBLG,REJECTED,,FE-SCREEN-01/M3,
2026-10-02,BDMD,WATCH,RETEST_IN_PROGRESS,,FULL
2026-10-02,BETR,FOCUS,BROKEN_NEW_BASE,,FULL
2026-10-02,BGDE,WATCH,RETEST_PENDING,,FULL
2026-10-02,BGMS,WATCH,RETEST_PENDING,,FULL
2026-10-02,BIOA,WATCH,SWEEP_ACTIVE,,FULL
2026-10-02,BIYA,FOCUS,BROKEN_NEW_BASE,,FULL
2026-10-02,BJDX,WATCH,RETEST_IN_PROGRESS,,FULL
2026-10-02,BLNE,READY,RETEST_HELD,,FULL
2026-10-02,BLNK,WATCH,RETEST_IN_PROGRESS,,FULL
2026-10-02,BNAI,FOCUS,BROKEN_NEW_BASE,,FULL
2026-10-02,BNKK,WATCH,RETEST_PENDING,,FULL
2026-10-02,BODI,FOCUS,BASE_FORMING,,FULL
2026-10-02,BOXL,WATCH,RETEST_IN_PROGRESS,,FULL
2026-10-02,BRAI,READY,RETEST_HELD,,FULL
2026-10-02,BRLS,WATCH,RETEST_PENDING,,FULL
2026-10-02,BRTX,WATCH,SWEEP_ACTIVE,,FULL
2026-10-02,BTCS,WATCH,RETEST_PENDING,,FULL
2026-10-02,BTQ,WATCH,RETEST_PENDING,,FULL
2026-10-02,BYAH,WATCH,RETEST_IN_PROGRESS,,FULL
2026-10-02,BYND,FOCUS,BROKEN_NEW_BASE,,FULL
2026-10-02,BYRN,REJECTED,,FE-SCREEN-01/M3,
2026-10-02,CABR,WATCH,RETEST_IN_PROGRESS,,FULL
2026-10-02,CALC,FOCUS,BROKEN_NEW_BASE,,FULL
2026-10-02,CAPR,WATCH,RETEST_PENDING,,FULL
2026-10-02,CAST,WATCH,RETEST_PENDING,,FULL
2026-10-02,CCHH,READY,PRESS_RECLAIM,,FULL
2026-10-02,CDLX,FOCUS,BROKEN_NEW_BASE,,FULL
2026-10-02,CDTG,WATCH,RETEST_PENDING,,FULL
2026-10-02,CELZ,WATCH,RETEST_PENDING,,FULL
2026-10-02,CGTL,WATCH,RETEST_PENDING,,FULL
2026-10-02,CHGA,WATCH,RETEST_PENDING,,FULL
2026-10-02,CHSN,WATCH,RETEST_PENDING,,FULL
2026-10-02,CIIT,WATCH,RETEST_IN_PROGRESS,,FULL
2026-10-02,CIRC,WATCH,RETEST_PENDING,,FULL
2026-10-02,CLGN,WATCH,RETEST_PENDING,,FULL
2026-10-02,CLIK,WATCH,RETEST_IN_PROGRESS,,FULL
2026-10-02,CMND,WATCH,SWEEP_ACTIVE,,FULL
2026-10-02,CMTL,WATCH,SWEEP_ACTIVE,,FULL
2026-10-02,CNCK,FOCUS,BROKEN_NEW_BASE,,FULL
2026-10-02,CNSY,FOCUS,BROKEN_NEW_BASE,,FULL
2026-10-02,CODX,WATCH,RETEST_PENDING,,FULL
2026-10-02,COOT,WATCH,RETEST_IN_PROGRESS,,FULL
2026-10-02,CPSH,READY,RETEST_HELD,,FULL
2026-10-02,CRE,READY,BASE_HELD,,FULL
2026-10-02,CRGO,REJECTED,,FE-SCREEN-01/M3,
2026-10-02,CRIS,FOCUS,BROKEN_NEW_BASE,,FULL
2026-10-02,CRML,WATCH,RETEST_PENDING,,FULL
2026-10-02,CVKD,REJECTED,,FE-SCREEN-01/M3,
2026-10-02,CVRX,FOCUS,BROKEN_NEW_BASE,,FULL
2026-10-02,CYCU,READY,RETEST_HELD,,FULL
2026-10-02,CYN,READY,PRESS_RECLAIM,,FULL
2026-10-02,DBGI,WATCH,RETEST_PENDING,,FULL
2026-10-02,DEFT,WATCH,RETEST_PENDING,,FULL
2026-10-02,DETX,READY,RETEST_HELD,,FULL
2026-10-02,DFLI,READY,RETEST_HELD,,FULL
2026-10-02,DFNS,WATCH,RETEST_PENDING,,FULL
2026-10-02,DGNX,WATCH,RETEST_PENDING,,FULL
2026-10-02,DOMH,WATCH,RETEST_IN_PROGRESS,,FULL
2026-10-02,DRCT,NO_BARS,,,
2026-10-02,DRK,WATCH,RETEST_PENDING,,FULL
2026-10-02,DSY,WATCH,RETEST_PENDING,,FULL
2026-10-02,DUO,WATCH,RETEST_PENDING,,FULL
2026-10-02,DWTX,FOCUS,BROKEN_NEW_BASE,,FULL
2026-10-02,DYAI,WATCH,RETEST_PENDING,,FULL
2026-10-02,EDBL,READY,RETEST_HELD,,FULL
2026-10-02,EDSA,READY,PRESS_RECLAIM,,FULL
2026-10-02,EH,REJECTED,,FE-SCREEN-01/M3,
2026-10-02,EHGO,FOCUS,BROKEN_NEW_BASE,,FULL
2026-10-02,EHTH,REJECTED,,FE-SCREEN-01/M3,
2026-10-02,EJH,WATCH,RETEST_PENDING,,FULL
2026-10-02,ELAB,FOCUS,BROKEN_NEW_BASE,,FULL
2026-10-02,ELBM,READY,RETEST_HELD,,FULL
2026-10-02,ELTX,READY,RETEST_HELD,,FULL
2026-10-02,ENGS,WATCH,RETEST_PENDING,,FULL
2026-10-02,ENVB,WATCH,RETEST_PENDING,,FULL
2026-10-02,ENVX,READY,PRESS_RECLAIM,,FULL
2026-10-02,EOCN,REJECTED,,FE-SCREEN-01/M3,
2026-10-02,EOSE,FOCUS,BROKEN_NEW_BASE,,FULL
2026-10-02,EPSM,READY,RETEST_HELD,,FULL
2026-10-02,ERNA,FOCUS,BROKEN_NEW_BASE,,FULL
2026-10-02,ESLA,FOCUS,BROKEN_NEW_BASE,,FULL
2026-10-02,EUDA,WATCH,RETEST_PENDING,,FULL
2026-10-02,EVAX,WATCH,RETEST_IN_PROGRESS,,FULL
2026-10-02,EVGO,REJECTED,,FE-SCREEN-01/M3,
2026-10-02,EZGO,REJECTED,,FE-SCREEN-01/M3,
2026-10-02,EZRA,WATCH,RETEST_PENDING,,FULL
2026-10-02,FAC,WATCH,RETEST_PENDING,,FULL
2026-10-02,FBLG,WATCH,SWEEP_ACTIVE,,FULL
2026-10-02,FCHL,READY,RETEST_HELD,,FULL
2026-10-02,FCUV,FOCUS,BASE_FORMING,,FULL
2026-10-02,FEMY,FOCUS,BROKEN_NEW_BASE,,FULL
2026-10-02,FFAI,FOCUS,BROKEN_NEW_BASE,,FULL
2026-10-02,FGL,READY,RETEST_HELD,,FULL
2026-10-02,FLNA,WATCH,RETEST_PENDING,,FULL
2026-10-02,FLNC,READY,BASE_HELD,,FULL
2026-10-02,FLUX,FOCUS,BROKEN_NEW_BASE,,FULL
2026-10-02,FLYE,READY,RETEST_HELD,,FULL
2026-10-02,FMST,FOCUS,BROKEN_NEW_BASE,,FULL
2026-10-02,FNUC,WATCH,SWEEP_ACTIVE,,FULL
2026-10-02,FOFO,WATCH,RETEST_PENDING,,FULL
2026-10-02,FRMM,READY,RETEST_HELD,,FULL
2026-10-02,FRSX,REJECTED,,FE-SCREEN-01/M3,
2026-10-02,FTCI,REJECTED,,FE-SCREEN-01/M3,
2026-10-02,FULC,WATCH,RETEST_PENDING,,FULL
2026-10-02,FWDI,FOCUS,BASE_FORMING,,FULL
2026-10-02,GCL,WATCH,RETEST_PENDING,,FULL
2026-10-02,GDC,READY,PRESS_RECLAIM,,FULL
2026-10-02,GELS,WATCH,RETEST_PENDING,,FULL
2026-10-02,GEOS,WATCH,SWEEP_ACTIVE,,FULL
2026-10-02,GITS,WATCH,RETEST_PENDING,,FULL
2026-10-02,GMM,READY,PRESS_RECLAIM,,FULL
2026-10-02,GNLN,WATCH,RETEST_PENDING,,FULL
2026-10-02,GNPX,FOCUS,BROKEN_NEW_BASE,,FULL
2026-10-02,GNTA,WATCH,RETEST_PENDING,,FULL
2026-10-02,GOAI,WATCH,RETEST_PENDING,,FULL
2026-10-02,GOGO,FOCUS,BROKEN_NEW_BASE,,FULL
2026-10-02,GP,REJECTED,,FE-SCREEN-01/M3,
2026-10-02,GRAN,READY,PRESS_RECLAIM,,FULL
2026-10-02,GRI,WATCH,RETEST_IN_PROGRESS,,FULL
2026-10-02,GRNQ,WATCH,RETEST_PENDING,,FULL
2026-10-02,GSIW,FOCUS,BROKEN_NEW_BASE,,FULL
2026-10-02,GTBP,WATCH,RETEST_PENDING,,FULL
2026-10-02,GURE,READY,RETEST_HELD,,FULL
2026-10-02,GUTS,FOCUS,BROKEN_NEW_BASE,,FULL
2026-10-02,GXAI,READY,RETEST_HELD,,FULL
2026-10-02,HCWB,READY,RETEST_HELD,,FULL
2026-10-02,HERE,READY,RETEST_HELD,,FULL
2026-10-02,HIT,FOCUS,BROKEN_NEW_BASE,,FULL
2026-10-02,HOLO,READY,RETEST_HELD,,FULL
2026-10-02,HSDT,FOCUS,BASE_FORMING,,FULL
2026-10-02,HTCO,WATCH,RETEST_PENDING,,FULL
2026-10-02,HTCR,WATCH,RETEST_IN_PROGRESS,,FULL
2026-10-02,HTZ,WATCH,RETEST_PENDING,,FULL
2026-10-02,HUMA,WATCH,SWEEP_ACTIVE,,FULL
2026-10-02,HYFM,WATCH,RETEST_PENDING,,FULL
2026-10-02,IBG,WATCH,RETEST_PENDING,,FULL
2026-10-02,ICCM,FOCUS,BROKEN_NEW_BASE,,FULL
2026-10-02,IDN,READY,PRESS_RECLAIM,,FULL
2026-10-02,IMMP,FOCUS,BROKEN_NEW_BASE,,FULL
2026-10-02,IMNN,FOCUS,BROKEN_NEW_BASE,,FULL
2026-10-02,IMSR,WATCH,SWEEP_ACTIVE,,FULL
2026-10-02,INBS,READY,RETEST_HELD,,FULL
2026-10-02,INSG,READY,PRESS_RECLAIM,,FULL
2026-10-02,INTJ,WATCH,RETEST_PENDING,,FULL
2026-10-02,INTS,FOCUS,BROKEN_NEW_BASE,,FULL
2026-10-02,INV,FOCUS,BROKEN_NEW_BASE,,FULL
2026-10-02,IOTR,WATCH,RETEST_PENDING,,FULL
2026-10-02,IPST,WATCH,RETEST_PENDING,,FULL
2026-10-02,IVF,READY,PRESS_RECLAIM,,FULL
2026-10-02,IVVD,WATCH,RETEST_PENDING,,FULL
2026-10-02,IZM,WATCH,RETEST_PENDING,,FULL
2026-10-02,JBDI,READY,RETEST_HELD,,FULL
2026-10-02,JDZG,WATCH,RETEST_PENDING,,FULL
2026-10-02,JEM,READY,BASE_HELD,,FULL
2026-10-02,JFIN,WATCH,SWEEP_ACTIVE,,FULL
2026-10-02,JLHL,WATCH,RETEST_PENDING,,FULL
2026-10-02,JSPR,WATCH,RETEST_PENDING,,FULL
2026-10-02,JTAI,WATCH,RETEST_PENDING,,FULL
2026-10-02,JUNS,FOCUS,BROKEN_NEW_BASE,,FULL
2026-10-02,JYD,WATCH,RETEST_PENDING,,FULL
2026-10-02,KALA,FOCUS,BROKEN_NEW_BASE,,FULL
2026-10-02,KELYB,READY,RETEST_HELD,,FULL
2026-10-02,KG,FOCUS,BROKEN_NEW_BASE,,FULL
2026-10-02,KLRS,FOCUS,BROKEN_NEW_BASE,,FULL
2026-10-02,KRRO,READY,PRESS_RECLAIM,,FULL
2026-10-02,KSCP,FOCUS,BROKEN_NEW_BASE,,FULL
2026-10-02,KTTA,WATCH,RETEST_PENDING,,FULL
2026-10-02,LAES,READY,RETEST_HELD,,FULL
2026-10-02,LASE,WATCH,RETEST_PENDING,,FULL
2026-10-02,LEXX,READY,RETEST_HELD,,FULL
2026-10-02,LFS,READY,RETEST_HELD,,FULL
2026-10-02,LGCL,READY,BASE_HELD,,FULL
2026-10-02,LHAI,WATCH,RETEST_PENDING,,FULL
2026-10-02,LICN,WATCH,RETEST_PENDING,,FULL
2026-10-02,LNAI,FOCUS,BROKEN_NEW_BASE,,FULL
2026-10-02,LNZA,WATCH,RETEST_IN_PROGRESS,,FULL
2026-10-02,LOOP,READY,PRESS_RECLAIM,,FULL
2026-10-02,LTBR,READY,PRESS_RECLAIM,,FULL
2026-10-02,LTRN,FOCUS,BROKEN_NEW_BASE,,FULL
2026-10-02,LXEH,WATCH,RETEST_IN_PROGRESS,,FULL
2026-10-02,LYEL,WATCH,SWEEP_ACTIVE,,FULL
2026-10-02,MBIO,READY,BASE_HELD,,FULL
2026-10-02,MBRX,WATCH,RETEST_PENDING,,FULL
2026-10-02,MCRB,FOCUS,BROKEN_NEW_BASE,,FULL
2026-10-02,MDXH,WATCH,RETEST_PENDING,,FULL
2026-10-02,METC,WATCH,SWEEP_ACTIVE,,FULL
2026-10-02,MF,WATCH,RETEST_PENDING,,FULL
2026-10-02,MFI,WATCH,RETEST_PENDING,,FULL
2026-10-02,MGN,READY,RETEST_HELD,,FULL
2026-10-02,MGRX,WATCH,RETEST_PENDING,,FULL
2026-10-02,MIMI,WATCH,RETEST_PENDING,,FULL
2026-10-02,MIST,FOCUS,BROKEN_NEW_BASE,,FULL
2026-10-02,MLEC,FOCUS,BROKEN_NEW_BASE,,FULL
2026-10-02,MNDR,READY,PRESS_RECLAIM,,FULL
2026-10-02,MODD,WATCH,RETEST_PENDING,,FULL
2026-10-02,MPLT,READY,RETEST_HELD,,FULL
2026-10-02,MSS,REJECTED,,FE-SCREEN-01/M3,
2026-10-02,MTEK,REJECTED,,FE-SCREEN-01/M3,
2026-10-02,MTVA,WATCH,RETEST_IN_PROGRESS,,FULL
2026-10-02,MVST,WATCH,RETEST_PENDING,,FULL
2026-10-02,NAKA,WATCH,RETEST_PENDING,,FULL
2026-10-02,NAMM,FOCUS,BROKEN_NEW_BASE,,FULL
2026-10-02,NCNA,FOCUS,BROKEN_NEW_BASE,,FULL
2026-10-02,NEGG,WATCH,SWEEP_ACTIVE,,FULL
2026-10-02,NERV,FOCUS,BROKEN_NEW_BASE,,FULL
2026-10-02,NEUP,READY,RETEST_HELD,,FULL
2026-10-02,NEXR,FOCUS,BROKEN_NEW_BASE,,FULL
2026-10-02,NMRA,FOCUS,BROKEN_NEW_BASE,,FULL
2026-10-02,NMTC,REJECTED,,FE-SCREEN-01/M3,
2026-10-02,NNE,READY,RETEST_HELD,,FULL
2026-10-02,NNNN,WATCH,RETEST_PENDING,,FULL
2026-10-02,NPT,WATCH,RETEST_PENDING,,FULL
2026-10-02,NRSN,FOCUS,BROKEN_NEW_BASE,,FULL
2026-10-02,NTCL,READY,RETEST_HELD,,FULL
2026-10-02,NTHI,WATCH,RETEST_IN_PROGRESS,,FULL
2026-10-02,NUR,NO_BARS,,,
2026-10-02,NVNI,NO_BARS,,,
2026-10-02,NVX,WATCH,SWEEP_ACTIVE,,FULL
2026-10-02,NXAT,FOCUS,BROKEN_NEW_BASE,,FULL
2026-10-02,NXH,FOCUS,BROKEN_NEW_BASE,,FULL
2026-10-02,NXTS,WATCH,RETEST_PENDING,,FULL
2026-10-02,NXTT,WATCH,RETEST_PENDING,,FULL
2026-10-02,OIO,REJECTED,,FE-SCREEN-01/SOFT,
2026-10-02,OLMA,FOCUS,BROKEN_NEW_BASE,,FULL
2026-10-02,OLOX,WATCH,RETEST_PENDING,,FULL
2026-10-02,OMEX,WATCH,RETEST_PENDING,,FULL
2026-10-02,OMH,WATCH,RETEST_PENDING,,FULL
2026-10-02,ONFO,WATCH,RETEST_PENDING,,FULL
2026-10-02,ONMD,WATCH,RETEST_IN_PROGRESS,,FULL
2026-10-02,OPAD,FOCUS,BROKEN_NEW_BASE,,FULL
2026-10-02,OPEN,WATCH,SWEEP_ACTIVE,,FULL
2026-10-02,ORBS,WATCH,RETEST_PENDING,,FULL
2026-10-02,OST,WATCH,RETEST_PENDING,,FULL
2026-10-02,OTLK,FOCUS,BROKEN_NEW_BASE,,FULL
2026-10-02,PASG,WATCH,RETEST_PENDING,,FULL
2026-10-02,PAVM,FOCUS,BROKEN_NEW_BASE,,FULL
2026-10-02,PBM,WATCH,RETEST_PENDING,,FULL
2026-10-02,PCSA,FOCUS,BROKEN_NEW_BASE,,FULL
2026-10-02,PHOE,WATCH,RETEST_PENDING,,FULL
2026-10-02,PLCE,WATCH,RETEST_IN_PROGRESS,,FULL
2026-10-02,PLSM,READY,PRESS_RECLAIM,,FULL
2026-10-02,PLUR,FOCUS,BROKEN_NEW_BASE,,FULL
2026-10-02,PLYX,READY,RETEST_HELD,,FULL
2026-10-02,PMCB,WATCH,RETEST_PENDING,,FULL
2026-10-02,PN,WATCH,RETEST_PENDING,,FULL
2026-10-02,POLA,FOCUS,BROKEN_NEW_BASE,,FULL
2026-10-02,POM,WATCH,RETEST_PENDING,,FULL
2026-10-02,PONY,WATCH,SWEEP_ACTIVE,,FULL
2026-10-02,PPCB,FOCUS,BROKEN_NEW_BASE,,FULL
2026-10-02,PRFX,READY,RETEST_HELD,,FULL
2026-10-02,PSNY,WATCH,SWEEP_ACTIVE,,FULL
2026-10-02,PSQL,FOCUS,BROKEN_NEW_BASE,,FULL
2026-10-02,PWCM,WATCH,RETEST_PENDING,,FULL
2026-10-02,QNCX,WATCH,RETEST_PENDING,,FULL
2026-10-02,QNRX,FOCUS,BROKEN_NEW_BASE,,FULL
2026-10-02,QNTM,WATCH,RETEST_PENDING,,FULL
2026-10-02,QS,FOCUS,BASE_FORMING,,FULL
2026-10-02,QTEX,FOCUS,BROKEN_NEW_BASE,,FULL
2026-10-02,RADX,READY,PRESS_RECLAIM,,FULL
2026-10-02,RANI,WATCH,RETEST_PENDING,,FULL
2026-10-02,RAYA,WATCH,RETEST_IN_PROGRESS,,FULL
2026-10-02,RDAC,WATCH,RETEST_PENDING,,FULL
2026-10-02,RDGT,WATCH,RETEST_PENDING,,FULL
2026-10-02,RDHL,FOCUS,BASE_FORMING,,FULL
2026-10-02,RENT,FOCUS,BROKEN_NEW_BASE,,FULL
2026-10-02,RENX,WATCH,RETEST_PENDING,,FULL
2026-10-02,REVB,REJECTED,,FE-SCREEN-01/M3,
2026-10-02,RKTO,WATCH,RETEST_IN_PROGRESS,,FULL
2026-10-02,RNAZ,WATCH,SWEEP_ACTIVE,,FULL
2026-10-02,RPID,FOCUS,BROKEN_NEW_BASE,,FULL
2026-10-02,RYOJ,WATCH,RETEST_PENDING,,FULL
2026-10-02,RZLV,READY,PRESS_RECLAIM,,FULL
2026-10-02,SAGT,WATCH,RETEST_IN_PROGRESS,,FULL
2026-10-02,SBFM,FOCUS,BROKEN_NEW_BASE,,FULL
2026-10-02,SCKT,READY,PRESS_RECLAIM,,FULL
2026-10-02,SCLX,WATCH,SWEEP_ACTIVE,,FULL
2026-10-02,SCWO,WATCH,RETEST_PENDING,,FULL
2026-10-02,SDOT,WATCH,RETEST_PENDING,,FULL
2026-10-02,SEED,FOCUS,BROKEN_NEW_BASE,,FULL
2026-10-02,SEGG,WATCH,SWEEP_ACTIVE,,FULL
2026-10-02,SERV,WATCH,RETEST_IN_PROGRESS,,FULL
2026-10-02,SEV,WATCH,RETEST_IN_PROGRESS,,FULL
2026-10-02,SHFS,FOCUS,BROKEN_NEW_BASE,,FULL
2026-10-02,SHPH,WATCH,RETEST_PENDING,,FULL
2026-10-02,SIDU,READY,RETEST_HELD,,FULL
2026-10-02,SILO,WATCH,SWEEP_ACTIVE,,FULL
2026-10-02,SKK,WATCH,RETEST_PENDING,,FULL
2026-10-02,SKYA,WATCH,RETEST_PENDING,,FULL
2026-10-02,SKYE,READY,RETEST_HELD,,FULL
2026-10-02,SKYQ,WATCH,RETEST_PENDING,,FULL
2026-10-02,SLBT,FOCUS,BROKEN_NEW_BASE,,FULL
2026-10-02,SLE,WATCH,RETEST_PENDING,,FULL
2026-10-02,SLMT,WATCH,RETEST_PENDING,,FULL
2026-10-02,SLSN,WATCH,RETEST_PENDING,,FULL
2026-10-02,SMXT,WATCH,RETEST_PENDING,,FULL
2026-10-02,SNAL,READY,RETEST_HELD,,FULL
2026-10-02,SNES,FOCUS,BROKEN_NEW_BASE,,FULL
2026-10-02,SNWV,REJECTED,,FE-SCREEN-01/M3,
2026-10-02,SONM,WATCH,RETEST_PENDING,,FULL
2026-10-02,SOWG,WATCH,RETEST_PENDING,,FULL
2026-10-02,SPHL,READY,RETEST_HELD,,FULL
2026-10-02,SQFT,WATCH,RETEST_IN_PROGRESS,,FULL
2026-10-02,SSII,FOCUS,BROKEN_NEW_BASE,,FULL
2026-10-02,STAK,WATCH,RETEST_PENDING,,FULL
2026-10-02,STEX,WATCH,RETEST_IN_PROGRESS,,FULL
2026-10-02,STFS,WATCH,RETEST_PENDING,,FULL
2026-10-02,STI,READY,RETEST_HELD,,FULL
2026-10-02,SUPX,WATCH,RETEST_PENDING,,FULL
2026-10-02,SVRE,FOCUS,BROKEN_NEW_BASE,,FULL
2026-10-02,TC,READY,RETEST_HELD,,FULL
2026-10-02,TCRT,FOCUS,BROKEN_NEW_BASE,,FULL
2026-10-02,TDUP,FOCUS,BROKEN_NEW_BASE,,FULL
2026-10-02,THH,WATCH,RETEST_PENDING,,FULL
2026-10-02,TNYA,WATCH,SWEEP_ACTIVE,,FULL
2026-10-02,TRIB,FOCUS,BROKEN_NEW_BASE,,FULL
2026-10-02,TRNR,FOCUS,BROKEN_NEW_BASE,,FULL
2026-10-02,TVGN,WATCH,RETEST_PENDING,,FULL
2026-10-02,TVRD,WATCH,RETEST_PENDING,,FULL
2026-10-02,TYGO,FOCUS,BROKEN_NEW_BASE,,FULL
2026-10-02,UCAR,WATCH,RETEST_IN_PROGRESS,,FULL
2026-10-02,UFG,READY,RETEST_HELD,,FULL
2026-10-02,UONEK,FOCUS,BASE_FORMING,,FULL
2026-10-02,UPXI,WATCH,RETEST_PENDING,,FULL
2026-10-02,VBIO,WATCH,RETEST_PENDING,,FULL
2026-10-02,VERI,READY,PRESS_RECLAIM,,FULL
2026-10-02,VMAR,WATCH,RETEST_PENDING,,FULL
2026-10-02,VRAX,READY,PRESS_RECLAIM,,FULL
2026-10-02,VRXA,READY,PRESS_RECLAIM,,FULL
2026-10-02,VSME,READY,RETEST_HELD,,FULL
2026-10-02,WBUY,WATCH,RETEST_PENDING,,FULL
2026-10-02,WFF,WATCH,RETEST_PENDING,,FULL
2026-10-02,WIMI,REJECTED,,FE-SCREEN-01/M3,
2026-10-02,WKSP,WATCH,RETEST_PENDING,,FULL
2026-10-02,WLDS,READY,RETEST_HELD,,FULL
2026-10-02,WNW,READY,RETEST_HELD,,FULL
2026-10-02,WSHP,WATCH,RETEST_PENDING,,FULL
2026-10-02,WVE,FOCUS,BROKEN_NEW_BASE,,FULL
2026-10-02,WYHG,WATCH,SWEEP_ACTIVE,,FULL
2026-10-02,XAIR,FOCUS,BROKEN_NEW_BASE,,FULL
2026-10-02,XCH,WATCH,RETEST_IN_PROGRESS,,FULL
2026-10-02,XCUR,READY,RETEST_HELD,,FULL
2026-10-02,XELB,READY,RETEST_HELD,,FULL
2026-10-02,XHG,FOCUS,BASE_FORMING,,FULL
2026-10-02,XNDU,FOCUS,BROKEN_NEW_BASE,,FULL
2026-10-02,XPON,WATCH,SWEEP_ACTIVE,,FULL
2026-10-02,XRTX,REJECTED,,FE-SCREEN-01/M3,
2026-10-02,XTIA,WATCH,SWEEP_ACTIVE,,FULL
2026-10-02,YAAS,WATCH,SWEEP_ACTIVE,,FULL
2026-10-02,YDDL,READY,PRESS_RECLAIM,,FULL
2026-10-02,YDKG,WATCH,RETEST_PENDING,,FULL
2026-10-02,YFOR,WATCH,RETEST_PENDING,,FULL
2026-10-02,YHC,READY,RETEST_HELD,,FULL
2026-10-02,YMAT,WATCH,RETEST_PENDING,,FULL
2026-10-02,YOUL,WATCH,RETEST_PENDING,,FULL
2026-10-02,YXT,READY,PRESS_RECLAIM,,FULL
2026-10-02,ZCMD,WATCH,RETEST_PENDING,,FULL
2026-10-02,ZENA,WATCH,RETEST_PENDING,,FULL
2026-10-02,ZOOZ,WATCH,RETEST_PENDING,,FULL
2026-10-02,ZSTK,WATCH,RETEST_PENDING,,FULL
2026-10-02,ZYBT,READY,RETEST_HELD,,FULL
2026-10-06,ABAT,READY,RETEST_HELD,,FULL
2026-10-06,ABTS,WATCH,RETEST_PENDING,,FULL
2026-10-06,ACON,WATCH,RETEST_PENDING,,FULL
2026-10-06,AEC,FOCUS,BROKEN_NEW_BASE,,FULL
2026-10-06,AEI,FOCUS,BROKEN_NEW_BASE,,FULL
2026-10-06,AGRZ,FOCUS,BROKEN_NEW_BASE,,FULL
2026-10-06,AHMA,WATCH,RETEST_IN_PROGRESS,,FULL
2026-10-06,AIFU,WATCH,RETEST_PENDING,,FULL
2026-10-06,AIIO,FOCUS,BROKEN_NEW_BASE,,FULL
2026-10-06,AIOS,WATCH,RETEST_PENDING,,FULL
2026-10-06,AIRS,FOCUS,BROKEN_NEW_BASE,,FULL
2026-10-06,AISP,REJECTED,,FE-SCREEN-01/M3,
2026-10-06,AIXI,FOCUS,BROKEN_NEW_BASE,,FULL
2026-10-06,AKAN,FOCUS,BROKEN_NEW_BASE,,FULL
2026-10-06,AKTX,WATCH,RETEST_PENDING,,FULL
2026-10-06,ALAR,WATCH,RETEST_PENDING,,FULL
2026-10-06,ALMS,FOCUS,BROKEN_NEW_BASE,,FULL
2026-10-06,ALP,WATCH,RETEST_PENDING,,FULL
2026-10-06,AMIX,WATCH,SWEEP_ACTIVE,,FULL
2026-10-06,AMST,READY,RETEST_HELD,,FULL
2026-10-06,ANNA,READY,RETEST_HELD,,FULL
2026-10-06,APVO,WATCH,RETEST_PENDING,,FULL
2026-10-06,AQMS,WATCH,SWEEP_ACTIVE,,FULL
2026-10-06,AREC,FOCUS,BROKEN_NEW_BASE,,FULL
2026-10-06,ASBP,WATCH,RETEST_PENDING,,FULL
2026-10-06,ASTC,WATCH,RETEST_IN_PROGRESS,,FULL
2026-10-06,ASTI,FOCUS,BROKEN_NEW_BASE,,FULL
2026-10-06,ATCX,READY,RETEST_HELD,,FULL
2026-10-06,ATGL,WATCH,RETEST_IN_PROGRESS,,FULL
2026-10-06,ATPC,WATCH,SWEEP_ACTIVE,,FULL
2026-10-06,AUUD,WATCH,RETEST_PENDING,,FULL
2026-10-06,BAER,FOCUS,BROKEN_NEW_BASE,,FULL
2026-10-06,BANL,FOCUS,BROKEN_NEW_BASE,,FULL
2026-10-06,BBLG,REJECTED,,FE-SCREEN-01/M3,
2026-10-06,BDMD,READY,RETEST_HELD,,FULL
2026-10-06,BETR,FOCUS,BROKEN_NEW_BASE,,FULL
2026-10-06,BGDE,WATCH,RETEST_PENDING,,FULL
2026-10-06,BGMS,WATCH,RETEST_PENDING,,FULL
2026-10-06,BIOA,FOCUS,BROKEN_NEW_BASE,,FULL
2026-10-06,BJDX,WATCH,SWEEP_ACTIVE,,FULL
2026-10-06,BLNE,READY,RETEST_HELD,,FULL
2026-10-06,BLNK,WATCH,RETEST_PENDING,,FULL
2026-10-06,BNAI,FOCUS,BROKEN_NEW_BASE,,FULL
2026-10-06,BOXL,WATCH,RETEST_IN_PROGRESS,,FULL
2026-10-06,BRAI,FOCUS,BROKEN_NEW_BASE,,FULL
2026-10-06,BRLS,WATCH,RETEST_PENDING,,FULL
2026-10-06,BRNX,FOCUS,BROKEN_NEW_BASE,,FULL
2026-10-06,BRTX,FOCUS,BROKEN_NEW_BASE,,FULL
2026-10-06,BTCS,WATCH,RETEST_PENDING,,FULL
2026-10-06,BTQ,WATCH,RETEST_PENDING,,FULL
2026-10-06,BYAH,WATCH,RETEST_IN_PROGRESS,,FULL
2026-10-06,BYND,FOCUS,BROKEN_NEW_BASE,,FULL
2026-10-06,BYRN,REJECTED,,FE-SCREEN-01/M3,
2026-10-06,BZAI,READY,RETEST_HELD,,FULL
2026-10-06,CABR,READY,RETEST_HELD,,FULL
2026-10-06,CALC,FOCUS,BROKEN_NEW_BASE,,FULL
2026-10-06,CAPR,WATCH,RETEST_PENDING,,FULL
2026-10-06,CAST,WATCH,RETEST_PENDING,,FULL
2026-10-06,CCHH,READY,PRESS_RECLAIM,,FULL
2026-10-06,CCTG,FOCUS,BROKEN_NEW_BASE,,FULL
2026-10-06,CDLX,FOCUS,BROKEN_NEW_BASE,,FULL
2026-10-06,CDTG,WATCH,RETEST_PENDING,,FULL
2026-10-06,CELZ,WATCH,RETEST_PENDING,,FULL
2026-10-06,CETX,READY,BASE_HELD,,FULL
2026-10-06,CGTL,WATCH,RETEST_PENDING,,FULL
2026-10-06,CHGA,WATCH,RETEST_PENDING,,FULL
2026-10-06,CHSN,WATCH,RETEST_PENDING,,FULL
2026-10-06,CIIT,READY,RETEST_HELD,,FULL
2026-10-06,CIRC,WATCH,RETEST_PENDING,,FULL
2026-10-06,CLGN,WATCH,RETEST_PENDING,,FULL
2026-10-06,CLIK,READY,RETEST_HELD,,FULL
2026-10-06,CLLS,READY,RETEST_HELD,,FULL
2026-10-06,CLRB,WATCH,SWEEP_ACTIVE,,FULL
2026-10-06,CLRO,WATCH,RETEST_PENDING,,FULL
2026-10-06,CMND,FOCUS,BROKEN_NEW_BASE,,FULL
2026-10-06,CMTL,WATCH,SWEEP_ACTIVE,,FULL
2026-10-06,CNCK,FOCUS,BROKEN_NEW_BASE,,FULL
2026-10-06,CNEY,WATCH,RETEST_PENDING,,FULL
2026-10-06,CNSY,FOCUS,BROKEN_NEW_BASE,,FULL
2026-10-06,CNTB,FOCUS,BROKEN_NEW_BASE,,FULL
2026-10-06,CODX,WATCH,RETEST_PENDING,,FULL
2026-10-06,COOT,READY,RETEST_HELD,,FULL
2026-10-06,CPSH,READY,RETEST_HELD,,FULL
2026-10-06,CRGO,REJECTED,,FE-SCREEN-01/M3,
2026-10-06,CRIS,FOCUS,BROKEN_NEW_BASE,,FULL
2026-10-06,CRML,WATCH,RETEST_PENDING,,FULL
2026-10-06,CVKD,REJECTED,,FE-SCREEN-01/M3,
2026-10-06,CVRX,FOCUS,BROKEN_NEW_BASE,,FULL
2026-10-06,CXAI,WATCH,SWEEP_ACTIVE,,FULL
2026-10-06,CYCU,WATCH,RETEST_PENDING,,FULL
2026-10-06,DBGI,WATCH,RETEST_PENDING,,FULL
2026-10-06,DEFT,WATCH,RETEST_PENDING,,FULL
2026-10-06,DETX,READY,RETEST_HELD,,FULL
2026-10-06,DFLI,FOCUS,BROKEN_NEW_BASE,,FULL
2026-10-06,DFNS,WATCH,RETEST_PENDING,,FULL
2026-10-06,DFSC,WATCH,SWEEP_ACTIVE,,FULL
2026-10-06,DGNX,WATCH,RETEST_PENDING,,FULL
2026-10-06,DOMH,WATCH,RETEST_IN_PROGRESS,,FULL
2026-10-06,DRK,WATCH,RETEST_PENDING,,FULL
2026-10-06,DUO,WATCH,RETEST_PENDING,,FULL
2026-10-06,DWTX,FOCUS,BROKEN_NEW_BASE,,FULL
2026-10-06,EDSA,READY,PRESS_RECLAIM,,FULL
2026-10-06,EH,REJECTED,,FE-SCREEN-01/M3,
2026-10-06,EHTH,REJECTED,,FE-SCREEN-01/M3,
2026-10-06,EJH,WATCH,RETEST_PENDING,,FULL
2026-10-06,ELAB,FOCUS,BROKEN_NEW_BASE,,FULL
2026-10-06,ELBM,READY,RETEST_HELD,,FULL
2026-10-06,ELTX,READY,RETEST_HELD,,FULL
2026-10-06,ENGS,WATCH,RETEST_PENDING,,FULL
2026-10-06,ENSC,WATCH,RETEST_PENDING,,FULL
2026-10-06,ENVB,WATCH,RETEST_PENDING,,FULL
2026-10-06,ENVX,READY,RETEST_HELD,,FULL
2026-10-06,EOCN,REJECTED,,FE-SCREEN-01/M3,
2026-10-06,EOSE,FOCUS,BROKEN_NEW_BASE,,FULL
2026-10-06,EPSM,READY,RETEST_HELD,,FULL
2026-10-06,ERNA,FOCUS,BROKEN_NEW_BASE,,FULL
2026-10-06,ESLA,WATCH,RETEST_IN_PROGRESS,,FULL
2026-10-06,EUDA,WATCH,RETEST_PENDING,,FULL
2026-10-06,EVAX,WATCH,RETEST_IN_PROGRESS,,FULL
2026-10-06,EVGO,REJECTED,,FE-SCREEN-01/M3,
2026-10-06,EZGO,REJECTED,,FE-SCREEN-01/M3,
2026-10-06,FAC,WATCH,RETEST_PENDING,,FULL
2026-10-06,FBLG,FOCUS,BROKEN_NEW_BASE,,FULL
2026-10-06,FBYD,WATCH,RETEST_PENDING,,FULL
2026-10-06,FCHL,READY,PRESS_RECLAIM,,FULL
2026-10-06,FCUV,FOCUS,BASE_FORMING,,FULL
2026-10-06,FEMY,FOCUS,BROKEN_NEW_BASE,,FULL
2026-10-06,FFAI,FOCUS,BROKEN_NEW_BASE,,FULL
2026-10-06,FFR,WATCH,RETEST_PENDING,,FULL
2026-10-06,FGL,READY,RETEST_HELD,,FULL
2026-10-06,FLNA,WATCH,RETEST_PENDING,,FULL
2026-10-06,FLNC,READY,BASE_HELD,,FULL
2026-10-06,FLUX,FOCUS,BROKEN_NEW_BASE,,FULL
2026-10-06,FLYE,READY,RETEST_HELD,,FULL
2026-10-06,FMST,FOCUS,BROKEN_NEW_BASE,,FULL
2026-10-06,FOFO,WATCH,RETEST_PENDING,,FULL
2026-10-06,FRMM,READY,RETEST_HELD,,FULL
2026-10-06,FRSX,REJECTED,,FE-SCREEN-01/M3,
2026-10-06,FTCI,REJECTED,,FE-SCREEN-01/M3,
2026-10-06,FULC,WATCH,RETEST_PENDING,,FULL
2026-10-06,GAUZ,WATCH,SWEEP_ACTIVE,,FULL
2026-10-06,GCL,WATCH,RETEST_PENDING,,FULL
2026-10-06,GDC,WATCH,RETEST_IN_PROGRESS,,FULL
2026-10-06,GELS,WATCH,RETEST_PENDING,,FULL
2026-10-06,GEOS,WATCH,SWEEP_ACTIVE,,FULL
2026-10-06,GITS,WATCH,RETEST_PENDING,,FULL
2026-10-06,GMM,READY,PRESS_RECLAIM,,FULL
2026-10-06,GNLN,WATCH,RETEST_PENDING,,FULL
2026-10-06,GNPX,FOCUS,BROKEN_NEW_BASE,,FULL
2026-10-06,GNTA,WATCH,RETEST_PENDING,,FULL
2026-10-06,GOAI,WATCH,RETEST_PENDING,,FULL
2026-10-06,GP,REJECTED,,FE-SCREEN-01/M3,
2026-10-06,GRAN,READY,PRESS_RECLAIM,,FULL
2026-10-06,GRI,READY,RETEST_HELD,,FULL
2026-10-06,GRNQ,WATCH,RETEST_PENDING,,FULL
2026-10-06,GSIW,FOCUS,BROKEN_NEW_BASE,,FULL
2026-10-06,GTBP,WATCH,RETEST_PENDING,,FULL
2026-10-06,GURE,READY,PRESS_RECLAIM,,FULL
2026-10-06,GUTS,FOCUS,BROKEN_NEW_BASE,,FULL
2026-10-06,GXAI,WATCH,SWEEP_ACTIVE,,FULL
2026-10-06,HCAI,WATCH,SWEEP_ACTIVE,,FULL
2026-10-06,HCWB,READY,PRESS_RECLAIM,,FULL
2026-10-06,HERE,WATCH,RETEST_PENDING,,FULL
2026-10-06,HIT,FOCUS,BROKEN_NEW_BASE,,FULL
2026-10-06,HTCO,WATCH,RETEST_PENDING,,FULL
2026-10-06,HTCR,READY,RETEST_HELD,,FULL
2026-10-06,HTZ,WATCH,RETEST_PENDING,,FULL
2026-10-06,HUCK,WATCH,RETEST_PENDING,,FULL
2026-10-06,HUMA,WATCH,SWEEP_ACTIVE,,FULL
2026-10-06,HYFM,WATCH,RETEST_PENDING,,FULL
2026-10-06,ICCM,FOCUS,BROKEN_NEW_BASE,,FULL
2026-10-06,IDN,WATCH,SWEEP_ACTIVE,,FULL
2026-10-06,IMMP,FOCUS,BROKEN_NEW_BASE,,FULL
2026-10-06,IMNN,FOCUS,BROKEN_NEW_BASE,,FULL
2026-10-06,INBS,READY,RETEST_HELD,,FULL
2026-10-06,INSG,READY,PRESS_RECLAIM,,FULL
2026-10-06,INTJ,WATCH,RETEST_PENDING,,FULL
2026-10-06,INTS,FOCUS,BROKEN_NEW_BASE,,FULL
2026-10-06,INV,FOCUS,BROKEN_NEW_BASE,,FULL
2026-10-06,IOTR,WATCH,RETEST_PENDING,,FULL
2026-10-06,IPST,WATCH,RETEST_PENDING,,FULL
2026-10-06,ISPC,FOCUS,BROKEN_NEW_BASE,,FULL
2026-10-06,IVF,FOCUS,BROKEN_NEW_BASE,,FULL
2026-10-06,IVVD,WATCH,RETEST_PENDING,,FULL
2026-10-06,JBDI,WATCH,SWEEP_ACTIVE,,FULL
2026-10-06,JDZG,WATCH,RETEST_PENDING,,FULL
2026-10-06,JEM,READY,BASE_HELD,,FULL
2026-10-06,JFIN,READY,PRESS_RECLAIM,,FULL
2026-10-06,JLHL,WATCH,RETEST_PENDING,,FULL
2026-10-06,JTAI,WATCH,RETEST_PENDING,,FULL
2026-10-06,JYD,WATCH,RETEST_PENDING,,FULL
2026-10-06,KELYB,READY,RETEST_HELD,,FULL
2026-10-06,KG,FOCUS,BROKEN_NEW_BASE,,FULL
2026-10-06,KLRS,FOCUS,BROKEN_NEW_BASE,,FULL
2026-10-06,KRRO,READY,BASE_HELD,,FULL
2026-10-06,KSCP,FOCUS,BROKEN_NEW_BASE,,FULL
2026-10-06,LAES,READY,RETEST_HELD,,FULL
2026-10-06,LASE,WATCH,RETEST_PENDING,,FULL
2026-10-06,LFS,WATCH,RETEST_PENDING,,FULL
2026-10-06,LGCL,WATCH,SWEEP_ACTIVE,,FULL
2026-10-06,LHAI,WATCH,RETEST_PENDING,,FULL
2026-10-06,LICN,WATCH,RETEST_PENDING,,FULL
2026-10-06,LIDR,WATCH,RETEST_IN_PROGRESS,,FULL
2026-10-06,LNZA,WATCH,RETEST_PENDING,,FULL
2026-10-06,LOOP,READY,PRESS_RECLAIM,,FULL
2026-10-06,LSTA,WATCH,RETEST_PENDING,,FULL
2026-10-06,LTBR,READY,PRESS_RECLAIM,,FULL
2026-10-06,LX,REJECTED,,FE-SCREEN-01/M3,
2026-10-06,LXEH,READY,RETEST_HELD,,FULL
2026-10-06,LYEL,FOCUS,BROKEN_NEW_BASE,,FULL
2026-10-06,MASK,READY,BASE_HELD,,FULL
2026-10-06,MATH,WATCH,RETEST_PENDING,,FULL
2026-10-06,MBRX,WATCH,RETEST_PENDING,,FULL
2026-10-06,MDXH,WATCH,RETEST_PENDING,,FULL
2026-10-06,MF,WATCH,RETEST_PENDING,,FULL
2026-10-06,MFI,WATCH,RETEST_PENDING,,FULL
2026-10-06,MGN,READY,RETEST_HELD,,FULL
2026-10-06,MGRX,WATCH,RETEST_PENDING,,FULL
2026-10-06,MGX,REJECTED,,FE-SCREEN-01/M3,
2026-10-06,MIMI,WATCH,RETEST_PENDING,,FULL
2026-10-06,MIST,READY,RETEST_HELD,,FULL
2026-10-06,MLEC,FOCUS,BROKEN_NEW_BASE,,FULL
2026-10-06,MLGO,WATCH,SWEEP_ACTIVE,,FULL
2026-10-06,MNDR,READY,PRESS_RECLAIM,,FULL
2026-10-06,MNTS,WATCH,SWEEP_ACTIVE,,FULL
2026-10-06,MOBX,FOCUS,BROKEN_NEW_BASE,,FULL
2026-10-06,MODD,WATCH,RETEST_PENDING,,FULL
2026-10-06,MPLT,READY,RETEST_HELD,,FULL
2026-10-06,MRLN,WATCH,SWEEP_ACTIVE,,FULL
2026-10-06,MSS,REJECTED,,FE-SCREEN-01/M3,
2026-10-06,MTEN,WATCH,RETEST_IN_PROGRESS,,FULL
2026-10-06,MTVA,READY,RETEST_HELD,,FULL
2026-10-06,MVST,WATCH,RETEST_IN_PROGRESS,,FULL
2026-10-06,MYSZ,REJECTED,,FE-SCREEN-01/M3,
2026-10-06,NAMM,FOCUS,BROKEN_NEW_BASE,,FULL
2026-10-06,NCNA,FOCUS,BROKEN_NEW_BASE,,FULL
2026-10-06,NCRA,WATCH,RETEST_PENDING,,FULL
2026-10-06,NCTY,FOCUS,BASE_FORMING,,FULL
2026-10-06,NEGG,FOCUS,BROKEN_NEW_BASE,,FULL
2026-10-06,NEXR,FOCUS,BROKEN_NEW_BASE,,FULL
2026-10-06,NMRA,FOCUS,BROKEN_NEW_BASE,,FULL
2026-10-06,NMTC,REJECTED,,FE-SCREEN-01/M3,
2026-10-06,NNE,READY,RETEST_HELD,,FULL
2026-10-06,NNNN,WATCH,SWEEP_ACTIVE,,FULL
2026-10-06,NPT,WATCH,RETEST_PENDING,,FULL
2026-10-06,NRSN,FOCUS,BROKEN_NEW_BASE,,FULL
2026-10-06,NTCL,READY,RETEST_HELD,,FULL
2026-10-06,NTHI,WATCH,SWEEP_ACTIVE,,FULL
2026-10-06,NUR,NO_BARS,,,
2026-10-06,NUWE,WATCH,SWEEP_ACTIVE,,FULL
2026-10-06,NVNI,NO_BARS,,,
2026-10-06,NVX,READY,PRESS_RECLAIM,,FULL
2026-10-06,NXAT,FOCUS,BROKEN_NEW_BASE,,FULL
2026-10-06,NXH,FOCUS,BROKEN_NEW_BASE,,FULL
2026-10-06,NXTS,WATCH,RETEST_PENDING,,FULL
2026-10-06,NXTT,WATCH,RETEST_IN_PROGRESS,,FULL
2026-10-06,NXXT,FOCUS,BROKEN_NEW_BASE,,FULL
2026-10-06,ODYS,FOCUS,BROKEN_NEW_BASE,,FULL
2026-10-06,OFAL,FOCUS,BROKEN_NEW_BASE,,FULL
2026-10-06,OIO,FOCUS,BROKEN_NEW_BASE,,FULL
2026-10-06,OLMA,FOCUS,BROKEN_NEW_BASE,,FULL
2026-10-06,OLOX,WATCH,RETEST_PENDING,,FULL
2026-10-06,OMEX,WATCH,RETEST_IN_PROGRESS,,FULL
2026-10-06,OMH,WATCH,RETEST_PENDING,,FULL
2026-10-06,ONEG,WATCH,RETEST_PENDING,,FULL
2026-10-06,ONFO,WATCH,RETEST_IN_PROGRESS,,FULL
2026-10-06,ONMD,READY,RETEST_HELD,,FULL
2026-10-06,OPAD,FOCUS,BROKEN_NEW_BASE,,FULL
2026-10-06,OPEN,WATCH,SWEEP_ACTIVE,,FULL
2026-10-06,ORBS,FOCUS,BASE_FORMING,,FULL
2026-10-06,ORGO,WATCH,SWEEP_ACTIVE,,FULL
2026-10-06,OST,WATCH,RETEST_PENDING,,FULL
2026-10-06,OTLK,FOCUS,BROKEN_NEW_BASE,,FULL
2026-10-06,PASG,WATCH,RETEST_PENDING,,FULL
2026-10-06,PAVM,FOCUS,BROKEN_NEW_BASE,,FULL
2026-10-06,PCSA,FOCUS,BROKEN_NEW_BASE,,FULL
2026-10-06,PCT,FOCUS,BROKEN_NEW_BASE,,FULL
2026-10-06,PHOE,WATCH,RETEST_PENDING,,FULL
2026-10-06,PLSM,READY,PRESS_RECLAIM,,FULL
2026-10-06,PLUR,WATCH,RETEST_IN_PROGRESS,,FULL
2026-10-06,PLYX,READY,RETEST_HELD,,FULL
2026-10-06,PN,WATCH,RETEST_PENDING,,FULL
2026-10-06,POLA,FOCUS,BROKEN_NEW_BASE,,FULL
2026-10-06,POM,WATCH,RETEST_PENDING,,FULL
2026-10-06,PONY,WATCH,SWEEP_ACTIVE,,FULL
2026-10-06,PPCB,FOCUS,BROKEN_NEW_BASE,,FULL
2026-10-06,PRFX,READY,RETEST_HELD,,FULL
2026-10-06,PSNY,FOCUS,BROKEN_NEW_BASE,,FULL
2026-10-06,PSQL,FOCUS,BROKEN_NEW_BASE,,FULL
2026-10-06,QNCX,WATCH,RETEST_IN_PROGRESS,,FULL
2026-10-06,QNRX,FOCUS,BROKEN_NEW_BASE,,FULL
2026-10-06,QNTM,WATCH,RETEST_PENDING,,FULL
2026-10-06,QS,READY,BASE_HELD,,FULL
2026-10-06,RADX,FOCUS,BROKEN_NEW_BASE,,FULL
2026-10-06,RANI,WATCH,RETEST_PENDING,,FULL
2026-10-06,RAYA,WATCH,RETEST_IN_PROGRESS,,FULL
2026-10-06,RBNE,READY,RETEST_HELD,,FULL
2026-10-06,RDAC,WATCH,RETEST_PENDING,,FULL
2026-10-06,RDGT,WATCH,RETEST_PENDING,,FULL
2026-10-06,RDHL,FOCUS,BASE_FORMING,,FULL
2026-10-06,RENX,WATCH,RETEST_PENDING,,FULL
2026-10-06,REVB,REJECTED,,FE-SCREEN-01/M3,
2026-10-06,RNAZ,READY,PRESS_RECLAIM,,FULL
2026-10-06,RPID,FOCUS,BROKEN_NEW_BASE,,FULL
2026-10-06,RYOJ,WATCH,RETEST_PENDING,,FULL
2026-10-06,SAGT,READY,RETEST_HELD,,FULL
2026-10-06,SCLX,FOCUS,BROKEN_NEW_BASE,,FULL
2026-10-06,SCWO,WATCH,RETEST_PENDING,,FULL
2026-10-06,SDA,WATCH,SWEEP_ACTIVE,,FULL
2026-10-06,SERV,WATCH,RETEST_PENDING,,FULL
2026-10-06,SEV,FOCUS,BROKEN_NEW_BASE,,FULL
2026-10-06,SGLY,FOCUS,BROKEN_NEW_BASE,,FULL
2026-10-06,SGRX,FOCUS,BROKEN_NEW_BASE,,FULL
2026-10-06,SHPH,WATCH,RETEST_PENDING,,FULL
2026-10-06,SIDU,READY,RETEST_HELD,,FULL
2026-10-06,SILO,FOCUS,BROKEN_NEW_BASE,,FULL
2026-10-06,SKK,WATCH,RETEST_PENDING,,FULL
2026-10-06,SKYE,WATCH,RETEST_PENDING,,FULL
2026-10-06,SKYQ,WATCH,RETEST_PENDING,,FULL
2026-10-06,SLBT,READY,RETEST_HELD,,FULL
2026-10-06,SLE,WATCH,RETEST_PENDING,,FULL
2026-10-06,SLMT,WATCH,RETEST_PENDING,,FULL
2026-10-06,SLNH,WATCH,SWEEP_ACTIVE,,FULL
2026-10-06,SLSN,WATCH,RETEST_PENDING,,FULL
2026-10-06,SMXT,WATCH,RETEST_PENDING,,FULL
2026-10-06,SNAL,FOCUS,BROKEN_NEW_BASE,,FULL
2026-10-06,SNES,WATCH,RETEST_PENDING,,FULL
2026-10-06,SNWV,REJECTED,,FE-SCREEN-01/M3,
2026-10-06,SONM,WATCH,RETEST_PENDING,,FULL
2026-10-06,SOWG,WATCH,RETEST_PENDING,,FULL
2026-10-06,SPHL,READY,RETEST_HELD,,FULL
2026-10-06,SPRB,READY,RETEST_HELD,,FULL
2026-10-06,SPRC,READY,RETEST_HELD,,FULL
2026-10-06,SSII,FOCUS,BROKEN_NEW_BASE,,FULL
2026-10-06,STAK,WATCH,RETEST_IN_PROGRESS,,FULL
2026-10-06,STEX,READY,RETEST_HELD,,FULL
2026-10-06,STFS,WATCH,RETEST_PENDING,,FULL
2026-10-06,STI,FOCUS,BROKEN_NEW_BASE,,FULL
2026-10-06,SUPX,WATCH,RETEST_IN_PROGRESS,,FULL
2026-10-06,TANH,WATCH,RETEST_PENDING,,FULL
2026-10-06,TCRT,FOCUS,BROKEN_NEW_BASE,,FULL
2026-10-06,TDUP,FOCUS,BROKEN_NEW_BASE,,FULL
2026-10-06,TLRY,WATCH,SWEEP_ACTIVE,,FULL
2026-10-06,TNYA,FOCUS,BROKEN_NEW_BASE,,FULL
2026-10-06,TRIB,FOCUS,BROKEN_NEW_BASE,,FULL
2026-10-06,TRNR,FOCUS,BROKEN_NEW_BASE,,FULL
2026-10-06,TVGN,WATCH,RETEST_PENDING,,FULL
2026-10-06,TVRD,WATCH,RETEST_PENDING,,FULL
2026-10-06,TYGO,FOCUS,BROKEN_NEW_BASE,,FULL
2026-10-06,UCAR,WATCH,RETEST_IN_PROGRESS,,FULL
2026-10-06,UFG,FOCUS,BROKEN_NEW_BASE,,FULL
2026-10-06,UONE,READY,PRESS_RECLAIM,,FULL
2026-10-06,UPXI,WATCH,RETEST_PENDING,,FULL
2026-10-06,UZX,FOCUS,BROKEN_NEW_BASE,,FULL
2026-10-06,VBIO,WATCH,RETEST_PENDING,,FULL
2026-10-06,VERI,READY,PRESS_RECLAIM,,FULL
2026-10-06,VMAR,WATCH,RETEST_PENDING,,FULL
2026-10-06,VRAX,READY,PRESS_RECLAIM,,FULL
2026-10-06,VRXA,WATCH,SWEEP_ACTIVE,,FULL
2026-10-06,VSME,WATCH,RETEST_IN_PROGRESS,,FULL
2026-10-06,WFF,WATCH,RETEST_PENDING,,FULL
2026-10-06,WIMI,REJECTED,,FE-SCREEN-01/M3,
2026-10-06,WKSP,WATCH,RETEST_IN_PROGRESS,,FULL
2026-10-06,WLDS,READY,RETEST_HELD,,FULL
2026-10-06,WSHP,WATCH,RETEST_IN_PROGRESS,,FULL
2026-10-06,WVE,FOCUS,BROKEN_NEW_BASE,,FULL
2026-10-06,WYHG,FOCUS,BROKEN_NEW_BASE,,FULL
2026-10-06,XAIR,WATCH,RETEST_PENDING,,FULL
2026-10-06,XCH,WATCH,RETEST_PENDING,,FULL
2026-10-06,XELB,FOCUS,BROKEN_NEW_BASE,,FULL
2026-10-06,XHG,READY,RETEST_HELD,,FULL
2026-10-06,XNDU,FOCUS,BROKEN_NEW_BASE,,FULL
2026-10-06,XPON,FOCUS,BROKEN_NEW_BASE,,FULL
2026-10-06,XRTX,REJECTED,,FE-SCREEN-01/M3,
2026-10-06,XTIA,FOCUS,BROKEN_NEW_BASE,,FULL
2026-10-06,YAAS,FOCUS,BASE_FORMING,,FULL
2026-10-06,YDKG,WATCH,RETEST_PENDING,,FULL
2026-10-06,YFOR,WATCH,RETEST_PENDING,,FULL
2026-10-06,YHC,READY,RETEST_HELD,,FULL
2026-10-06,YI,WATCH,RETEST_PENDING,,FULL
2026-10-06,YJ,WATCH,RETEST_PENDING,,FULL
2026-10-06,YMAT,WATCH,RETEST_PENDING,,FULL
2026-10-06,YXT,READY,PRESS_RECLAIM,,FULL
2026-10-06,ZCMD,WATCH,RETEST_PENDING,,FULL
2026-10-06,ZENA,WATCH,RETEST_IN_PROGRESS,,FULL
2026-10-06,ZOOZ,WATCH,RETEST_IN_PROGRESS,,FULL
2026-10-06,ZSTK,WATCH,RETEST_PENDING,,FULL
2026-10-06,ZYBT,READY,RETEST_HELD,,FULL
2026-10-07,AARD,READY,RETEST_HELD,,FULL
2026-10-07,ABAT,READY,RETEST_HELD,,FULL
2026-10-07,ABTS,WATCH,RETEST_PENDING,,FULL
2026-10-07,AEC,FOCUS,BROKEN_NEW_BASE,,FULL
2026-10-07,AEI,FOCUS,BROKEN_NEW_BASE,,FULL
2026-10-07,AGRZ,FOCUS,BROKEN_NEW_BASE,,FULL
2026-10-07,AHMA,READY,RETEST_HELD,,FULL
2026-10-07,AIFC,WATCH,RETEST_PENDING,,FULL
2026-10-07,AIFU,WATCH,RETEST_PENDING,,FULL
2026-10-07,AIIO,FOCUS,BROKEN_NEW_BASE,,FULL
2026-10-07,AIOS,WATCH,RETEST_PENDING,,FULL
2026-10-07,AIRE,READY,RETEST_HELD,,FULL
2026-10-07,AIRS,FOCUS,BROKEN_NEW_BASE,,FULL
2026-10-07,AKAN,FOCUS,BROKEN_NEW_BASE,,FULL
2026-10-07,AKTX,WATCH,RETEST_PENDING,,FULL
2026-10-07,ALAR,WATCH,RETEST_PENDING,,FULL
2026-10-07,ALDX,FOCUS,BROKEN_NEW_BASE,,FULL
2026-10-07,ALP,WATCH,RETEST_PENDING,,FULL
2026-10-07,AMCI,WATCH,SWEEP_ACTIVE,,FULL
2026-10-07,AMIX,WATCH,SWEEP_ACTIVE,,FULL
2026-10-07,AMST,READY,RETEST_HELD,,FULL
2026-10-07,ANNA,READY,RETEST_HELD,,FULL
2026-10-07,APVO,WATCH,RETEST_PENDING,,FULL
2026-10-07,AQMS,WATCH,SWEEP_ACTIVE,,FULL
2026-10-07,AREC,FOCUS,BROKEN_NEW_BASE,,FULL
2026-10-07,ASBP,WATCH,RETEST_PENDING,,FULL
2026-10-07,ASTC,WATCH,RETEST_PENDING,,FULL
2026-10-07,ASTI,FOCUS,BROKEN_NEW_BASE,,FULL
2026-10-07,ATCX,READY,RETEST_HELD,,FULL
2026-10-07,ATGL,READY,PRESS_RECLAIM,,FULL
2026-10-07,ATPC,FOCUS,BASE_FORMING,,FULL
2026-10-07,AUUD,WATCH,RETEST_PENDING,,FULL
2026-10-07,AZIO,READY,RETEST_HELD,,FULL
2026-10-07,BAER,WATCH,RETEST_IN_PROGRESS,,FULL
2026-10-07,BANL,FOCUS,BROKEN_NEW_BASE,,FULL
2026-10-07,BBLG,REJECTED,,FE-SCREEN-01/M3,
2026-10-07,BDMD,WATCH,RETEST_PENDING,,FULL
2026-10-07,BETR,WATCH,RETEST_IN_PROGRESS,,FULL
2026-10-07,BGDE,WATCH,RETEST_PENDING,,FULL
2026-10-07,BGMS,WATCH,RETEST_PENDING,,FULL
2026-10-07,BIOA,FOCUS,BROKEN_NEW_BASE,,FULL
2026-10-07,BIRD,WATCH,RETEST_PENDING,,FULL
2026-10-07,BJDX,READY,PRESS_RECLAIM,,FULL
2026-10-07,BLNE,READY,RETEST_HELD,,FULL
2026-10-07,BMGL,FOCUS,BROKEN_NEW_BASE,,FULL
2026-10-07,BNAI,FOCUS,BROKEN_NEW_BASE,,FULL
2026-10-07,BOXL,FOCUS,BROKEN_NEW_BASE,,FULL
2026-10-07,BRAI,FOCUS,BROKEN_NEW_BASE,,FULL
2026-10-07,BRNX,FOCUS,BROKEN_NEW_BASE,,FULL
2026-10-07,BRTX,FOCUS,BROKEN_NEW_BASE,,FULL
2026-10-07,BTCS,WATCH,RETEST_PENDING,,FULL
2026-10-07,BTQ,WATCH,RETEST_PENDING,,FULL
2026-10-07,BYAH,WATCH,RETEST_PENDING,,FULL
2026-10-07,BYRN,REJECTED,,FE-SCREEN-01/M3,
2026-10-07,CABR,WATCH,RETEST_PENDING,,FULL
2026-10-07,CALC,FOCUS,BROKEN_NEW_BASE,,FULL
2026-10-07,CAPR,WATCH,RETEST_PENDING,,FULL
2026-10-07,CAST,WATCH,RETEST_PENDING,,FULL
2026-10-07,CCHH,READY,PRESS_RECLAIM,,FULL
2026-10-07,CCTG,FOCUS,BROKEN_NEW_BASE,,FULL
2026-10-07,CDLX,FOCUS,BROKEN_NEW_BASE,,FULL
2026-10-07,CDTG,WATCH,RETEST_PENDING,,FULL
2026-10-07,CELZ,WATCH,RETEST_PENDING,,FULL
2026-10-07,CETX,READY,BASE_HELD,,FULL
2026-10-07,CHGA,WATCH,RETEST_PENDING,,FULL
2026-10-07,CHSN,WATCH,RETEST_PENDING,,FULL
2026-10-07,CIIT,READY,RETEST_HELD,,FULL
2026-10-07,CLGN,WATCH,RETEST_PENDING,,FULL
2026-10-07,CLIK,READY,RETEST_HELD,,FULL
2026-10-07,CLLS,READY,RETEST_HELD,,FULL
2026-10-07,CLRB,FOCUS,BROKEN_NEW_BASE,,FULL
2026-10-07,CLRO,WATCH,RETEST_PENDING,,FULL
2026-10-07,CMND,FOCUS,BROKEN_NEW_BASE,,FULL
2026-10-07,CMTL,WATCH,SWEEP_ACTIVE,,FULL
2026-10-07,CNEY,WATCH,RETEST_PENDING,,FULL
2026-10-07,CNSY,FOCUS,BROKEN_NEW_BASE,,FULL
2026-10-07,CODX,WATCH,RETEST_PENDING,,FULL
2026-10-07,COOT,READY,RETEST_HELD,,FULL
2026-10-07,CPSH,READY,RETEST_HELD,,FULL
2026-10-07,CRGO,REJECTED,,FE-SCREEN-01/M3,
2026-10-07,CRIS,FOCUS,BROKEN_NEW_BASE,,FULL
2026-10-07,CRML,WATCH,RETEST_PENDING,,FULL
2026-10-07,CTXR,READY,RETEST_HELD,,FULL
2026-10-07,CUPR,WATCH,RETEST_PENDING,,FULL
2026-10-07,CVKD,REJECTED,,FE-SCREEN-01/M3,
2026-10-07,CVRX,FOCUS,BROKEN_NEW_BASE,,FULL
2026-10-07,CXAI,FOCUS,BROKEN_NEW_BASE,,FULL
2026-10-07,CYCU,WATCH,RETEST_PENDING,,FULL
2026-10-07,CYN,WATCH,SWEEP_ACTIVE,,FULL
2026-10-07,DBGI,WATCH,RETEST_PENDING,,FULL
2026-10-07,DEFT,WATCH,RETEST_PENDING,,FULL
2026-10-07,DFDV,FOCUS,BASE_FORMING,,FULL
2026-10-07,DFLI,FOCUS,BROKEN_NEW_BASE,,FULL
2026-10-07,DFNS,WATCH,RETEST_PENDING,,FULL
2026-10-07,DFSC,WATCH,SWEEP_ACTIVE,,FULL
2026-10-07,DGNX,WATCH,RETEST_PENDING,,FULL
2026-10-07,DOMH,WATCH,RETEST_IN_PROGRESS,,FULL
2026-10-07,DRK,WATCH,RETEST_PENDING,,FULL
2026-10-07,DUO,WATCH,RETEST_PENDING,,FULL
2026-10-07,DWTX,WATCH,RETEST_PENDING,,FULL
2026-10-07,EDSA,READY,RETEST_HELD,,FULL
2026-10-07,EH,REJECTED,,FE-SCREEN-01/M3,
2026-10-07,EHTH,REJECTED,,FE-SCREEN-01/M3,
2026-10-07,ELAB,FOCUS,BROKEN_NEW_BASE,,FULL
2026-10-07,ELBM,READY,RETEST_HELD,,FULL
2026-10-07,ELTX,READY,RETEST_HELD,,FULL
2026-10-07,ENGS,WATCH,RETEST_PENDING,,FULL
2026-10-07,ENSC,WATCH,RETEST_PENDING,,FULL
2026-10-07,ENVB,WATCH,RETEST_PENDING,,FULL
2026-10-07,ENVX,READY,RETEST_HELD,,FULL
2026-10-07,EOCN,REJECTED,,FE-SCREEN-01/M3,
2026-10-07,EOSE,FOCUS,BROKEN_NEW_BASE,,FULL
2026-10-07,EPSM,READY,RETEST_HELD,,FULL
2026-10-07,ERNA,FOCUS,BROKEN_NEW_BASE,,FULL
2026-10-07,ESLA,READY,PRESS_RECLAIM,,FULL
2026-10-07,EUDA,WATCH,RETEST_PENDING,,FULL
2026-10-07,EVAX,WATCH,RETEST_IN_PROGRESS,,FULL
2026-10-07,EVGO,REJECTED,,FE-SCREEN-01/M3,
2026-10-07,EZGO,REJECTED,,FE-SCREEN-01/M3,
2026-10-07,FAC,WATCH,RETEST_PENDING,,FULL
2026-10-07,FBLG,FOCUS,BROKEN_NEW_BASE,,FULL
2026-10-07,FCHL,READY,PRESS_RECLAIM,,FULL
2026-10-07,FEMY,FOCUS,BROKEN_NEW_BASE,,FULL
2026-10-07,FFAI,FOCUS,BROKEN_NEW_BASE,,FULL
2026-10-07,FFR,WATCH,RETEST_PENDING,,FULL
2026-10-07,FGL,READY,RETEST_HELD,,FULL
2026-10-07,FLNA,WATCH,RETEST_PENDING,,FULL
2026-10-07,FLNC,WATCH,RETEST_IN_PROGRESS,,FULL
2026-10-07,FLUX,FOCUS,BROKEN_NEW_BASE,,FULL
2026-10-07,FLYE,READY,RETEST_HELD,,FULL
2026-10-07,FMST,FOCUS,BROKEN_NEW_BASE,,FULL
2026-10-07,FNUC,FOCUS,BROKEN_NEW_BASE,,FULL
2026-10-07,FOFO,WATCH,RETEST_PENDING,,FULL
2026-10-07,FRMM,READY,RETEST_HELD,,FULL
2026-10-07,FTCI,REJECTED,,FE-SCREEN-01/M3,
2026-10-07,FULC,WATCH,RETEST_PENDING,,FULL
2026-10-07,GAUZ,WATCH,SWEEP_ACTIVE,,FULL
2026-10-07,GDC,WATCH,RETEST_IN_PROGRESS,,FULL
2026-10-07,GDEV,WATCH,RETEST_PENDING,,FULL
2026-10-07,GEOS,WATCH,SWEEP_ACTIVE,,FULL
2026-10-07,GITS,WATCH,RETEST_PENDING,,FULL
2026-10-07,GMM,READY,PRESS_RECLAIM,,FULL
2026-10-07,GNLN,WATCH,RETEST_PENDING,,FULL
2026-10-07,GNPX,FOCUS,BROKEN_NEW_BASE,,FULL
2026-10-07,GNTA,WATCH,RETEST_PENDING,,FULL
2026-10-07,GOAI,WATCH,RETEST_PENDING,,FULL
2026-10-07,GRAN,READY,PRESS_RECLAIM,,FULL
2026-10-07,GRI,READY,RETEST_HELD,,FULL
2026-10-07,GRNQ,WATCH,RETEST_PENDING,,FULL
2026-10-07,GSIW,FOCUS,BROKEN_NEW_BASE,,FULL
2026-10-07,GTBP,WATCH,RETEST_PENDING,,FULL
2026-10-07,GURE,READY,PRESS_RECLAIM,,FULL
2026-10-07,GUTS,FOCUS,BROKEN_NEW_BASE,,FULL
2026-10-07,GXAI,FOCUS,BROKEN_NEW_BASE,,FULL
2026-10-07,HCAI,WATCH,SWEEP_ACTIVE,,FULL
2026-10-07,HCWB,READY,PRESS_RECLAIM,,FULL
2026-10-07,HERE,WATCH,RETEST_IN_PROGRESS,,FULL
2026-10-07,HIT,FOCUS,BROKEN_NEW_BASE,,FULL
2026-10-07,HOLO,READY,RETEST_HELD,,FULL
2026-10-07,HTCO,FOCUS,BROKEN_NEW_BASE,,FULL
2026-10-07,HTCR,READY,BASE_HELD,,FULL
2026-10-07,HTZ,WATCH,RETEST_PENDING,,FULL
2026-10-07,HUCK,WATCH,RETEST_PENDING,,FULL
2026-10-07,HUMA,WATCH,SWEEP_ACTIVE,,FULL
2026-10-07,IBIO,WATCH,SWEEP_ACTIVE,,FULL
2026-10-07,ICCM,FOCUS,BROKEN_NEW_BASE,,FULL
2026-10-07,IDN,READY,PRESS_RECLAIM,,FULL
2026-10-07,IMMP,FOCUS,BROKEN_NEW_BASE,,FULL
2026-10-07,IMNN,FOCUS,BROKEN_NEW_BASE,,FULL
2026-10-07,INBS,READY,RETEST_HELD,,FULL
2026-10-07,INSG,WATCH,RETEST_PENDING,,FULL
2026-10-07,INTJ,WATCH,RETEST_PENDING,,FULL
2026-10-07,INTS,FOCUS,BROKEN_NEW_BASE,,FULL
2026-10-07,INV,FOCUS,BROKEN_NEW_BASE,,FULL
2026-10-07,IOTR,WATCH,RETEST_PENDING,,FULL
2026-10-07,IPST,WATCH,RETEST_PENDING,,FULL
2026-10-07,IPW,READY,PRESS_RECLAIM,,FULL
2026-10-07,ISPC,FOCUS,BROKEN_NEW_BASE,,FULL
2026-10-07,ITOC,WATCH,RETEST_PENDING,,FULL
2026-10-07,IVF,FOCUS,BROKEN_NEW_BASE,,FULL
2026-10-07,IVVD,WATCH,RETEST_PENDING,,FULL
2026-10-07,IZM,WATCH,SWEEP_ACTIVE,,FULL
2026-10-07,JBDI,WATCH,SWEEP_ACTIVE,,FULL
2026-10-07,JDZG,WATCH,RETEST_PENDING,,FULL
2026-10-07,JEM,READY,BASE_HELD,,FULL
2026-10-07,JFIN,READY,PRESS_RECLAIM,,FULL
2026-10-07,JLHL,WATCH,RETEST_PENDING,,FULL
2026-10-07,JTAI,WATCH,RETEST_PENDING,,FULL
2026-10-07,JUNS,FOCUS,BROKEN_NEW_BASE,,FULL
2026-10-07,JYD,WATCH,RETEST_PENDING,,FULL
2026-10-07,KELYB,READY,RETEST_HELD,,FULL
2026-10-07,KG,FOCUS,BROKEN_NEW_BASE,,FULL
2026-10-07,KLRS,FOCUS,BROKEN_NEW_BASE,,FULL
2026-10-07,KRRO,READY,BASE_HELD,,FULL
2026-10-07,KSCP,FOCUS,BROKEN_NEW_BASE,,FULL
2026-10-07,KTTA,READY,RETEST_HELD,,FULL
2026-10-07,LAES,WATCH,RETEST_IN_PROGRESS,,FULL
2026-10-07,LASE,WATCH,RETEST_PENDING,,FULL
2026-10-07,LCFY,FOCUS,BROKEN_NEW_BASE,,FULL
2026-10-07,LFS,WATCH,RETEST_PENDING,,FULL
2026-10-07,LGCL,FOCUS,BROKEN_NEW_BASE,,FULL
2026-10-07,LICN,WATCH,RETEST_PENDING,,FULL
2026-10-07,LIDR,READY,RETEST_HELD,,FULL
2026-10-07,LNZA,WATCH,RETEST_PENDING,,FULL
2026-10-07,LOOP,READY,PRESS_RECLAIM,,FULL
2026-10-07,LTBR,READY,PRESS_RECLAIM,,FULL
2026-10-07,LX,REJECTED,,FE-SCREEN-01/M3,
2026-10-07,LXEH,READY,RETEST_HELD,,FULL
2026-10-07,LYEL,FOCUS,BROKEN_NEW_BASE,,FULL
2026-10-07,MASK,READY,BASE_HELD,,FULL
2026-10-07,MATH,WATCH,RETEST_PENDING,,FULL
2026-10-07,MBIO,READY,PRESS_RECLAIM,,FULL
2026-10-07,MBRX,WATCH,RETEST_PENDING,,FULL
2026-10-07,MDXH,WATCH,RETEST_PENDING,,FULL
2026-10-07,MF,WATCH,RETEST_PENDING,,FULL
2026-10-07,MFI,WATCH,RETEST_PENDING,,FULL
2026-10-07,MGN,READY,RETEST_HELD,,FULL
2026-10-07,MGRX,WATCH,RETEST_PENDING,,FULL
2026-10-07,MGX,REJECTED,,FE-SCREEN-01/M3,
2026-10-07,MIMI,WATCH,RETEST_PENDING,,FULL
2026-10-07,MLEC,FOCUS,BROKEN_NEW_BASE,,FULL
2026-10-07,MNDR,WATCH,SWEEP_ACTIVE,,FULL
2026-10-07,MNTS,WATCH,SWEEP_ACTIVE,,FULL
2026-10-07,MOBX,FOCUS,BROKEN_NEW_BASE,,FULL
2026-10-07,MODD,WATCH,RETEST_PENDING,,FULL
2026-10-07,MPLT,WATCH,SWEEP_ACTIVE,,FULL
2026-10-07,MRLN,WATCH,SWEEP_ACTIVE,,FULL
2026-10-07,MSS,REJECTED,,FE-SCREEN-01/M3,
2026-10-07,MTEK,REJECTED,,FE-SCREEN-01/M3,
2026-10-07,MTEN,WATCH,RETEST_IN_PROGRESS,,FULL
2026-10-07,MTVA,READY,RETEST_HELD,,FULL
2026-10-07,MVST,READY,RETEST_HELD,,FULL
2026-10-07,MYSZ,REJECTED,,FE-SCREEN-01/M3,
2026-10-07,NAKA,WATCH,RETEST_PENDING,,FULL
2026-10-07,NAMM,FOCUS,BROKEN_NEW_BASE,,FULL
2026-10-07,NCNA,FOCUS,BROKEN_NEW_BASE,,FULL
2026-10-07,NCRA,WATCH,RETEST_PENDING,,FULL
2026-10-07,NEGG,FOCUS,BROKEN_NEW_BASE,,FULL
2026-10-07,NEUP,READY,RETEST_HELD,,FULL
2026-10-07,NEXR,FOCUS,BROKEN_NEW_BASE,,FULL
2026-10-07,NIPG,WATCH,RETEST_PENDING,,FULL
2026-10-07,NMTC,REJECTED,,FE-SCREEN-01/M3,
2026-10-07,NNE,READY,RETEST_HELD,,FULL
2026-10-07,NNNN,WATCH,SWEEP_ACTIVE,,FULL
2026-10-07,NPT,WATCH,RETEST_PENDING,,FULL
2026-10-07,NRSN,FOCUS,BROKEN_NEW_BASE,,FULL
2026-10-07,NTCL,READY,RETEST_HELD,,FULL
2026-10-07,NTHI,WATCH,SWEEP_ACTIVE,,FULL
2026-10-07,NUR,NO_BARS,,,
2026-10-07,NUWE,WATCH,SWEEP_ACTIVE,,FULL
2026-10-07,NVNI,NO_BARS,,,
2026-10-07,NVX,READY,PRESS_RECLAIM,,FULL
2026-10-07,NXAT,FOCUS,BROKEN_NEW_BASE,,FULL
2026-10-07,NXH,FOCUS,BROKEN_NEW_BASE,,FULL
2026-10-07,NXTS,WATCH,RETEST_PENDING,,FULL
2026-10-07,NXTT,WATCH,RETEST_PENDING,,FULL
2026-10-07,NXXT,FOCUS,BROKEN_NEW_BASE,,FULL
2026-10-07,ODYS,FOCUS,BROKEN_NEW_BASE,,FULL
2026-10-07,OFAL,FOCUS,BROKEN_NEW_BASE,,FULL
2026-10-07,OIO,WATCH,RETEST_PENDING,,FULL
2026-10-07,OLMA,FOCUS,BROKEN_NEW_BASE,,FULL
2026-10-07,OMEX,WATCH,RETEST_PENDING,,FULL
2026-10-07,OMH,WATCH,RETEST_PENDING,,FULL
2026-10-07,ONEG,WATCH,RETEST_PENDING,,FULL
2026-10-07,ONFO,READY,RETEST_HELD,,FULL
2026-10-07,ONMD,READY,RETEST_HELD,,FULL
2026-10-07,OPAD,FOCUS,BROKEN_NEW_BASE,,FULL
2026-10-07,ORBS,FOCUS,BASE_FORMING,,FULL
2026-10-07,ORGO,READY,PRESS_RECLAIM,,FULL
2026-10-07,OST,WATCH,RETEST_PENDING,,FULL
2026-10-07,OTLK,FOCUS,BROKEN_NEW_BASE,,FULL
2026-10-07,PASG,WATCH,RETEST_PENDING,,FULL
2026-10-07,PAVM,FOCUS,BROKEN_NEW_BASE,,FULL
2026-10-07,PBM,WATCH,RETEST_PENDING,,FULL
2026-10-07,PCSA,FOCUS,BROKEN_NEW_BASE,,FULL
2026-10-07,PCT,FOCUS,BROKEN_NEW_BASE,,FULL
2026-10-07,PHOE,WATCH,RETEST_PENDING,,FULL
2026-10-07,PLSM,READY,RETEST_HELD,,FULL
2026-10-07,PLUR,READY,RETEST_HELD,,FULL
2026-10-07,PMCB,WATCH,RETEST_PENDING,,FULL
2026-10-07,PN,WATCH,RETEST_PENDING,,FULL
2026-10-07,POLA,FOCUS,BROKEN_NEW_BASE,,FULL
2026-10-07,POM,WATCH,RETEST_PENDING,,FULL
2026-10-07,PONY,WATCH,SWEEP_ACTIVE,,FULL
2026-10-07,PPCB,FOCUS,BROKEN_NEW_BASE,,FULL
2026-10-07,PRFX,READY,RETEST_HELD,,FULL
2026-10-07,PSNY,FOCUS,BROKEN_NEW_BASE,,FULL
2026-10-07,PSQL,FOCUS,BROKEN_NEW_BASE,,FULL
2026-10-07,QNCX,READY,RETEST_HELD,,FULL
2026-10-07,QNRX,FOCUS,BROKEN_NEW_BASE,,FULL
2026-10-07,QNTM,WATCH,RETEST_PENDING,,FULL
2026-10-07,QS,READY,BASE_HELD,,FULL
2026-10-07,QUCY,WATCH,RETEST_PENDING,,FULL
2026-10-07,RADX,FOCUS,BROKEN_NEW_BASE,,FULL
2026-10-07,RANI,WATCH,RETEST_PENDING,,FULL
2026-10-07,RAYA,WATCH,RETEST_IN_PROGRESS,,FULL
2026-10-07,RBNE,READY,RETEST_HELD,,FULL
2026-10-07,RDAC,WATCH,RETEST_PENDING,,FULL
2026-10-07,RDGT,WATCH,RETEST_PENDING,,FULL
2026-10-07,RDHL,FOCUS,BASE_FORMING,,FULL
2026-10-07,RENX,WATCH,RETEST_PENDING,,FULL
2026-10-07,REVB,REJECTED,,FE-SCREEN-01/M3,
2026-10-07,RNAZ,READY,PRESS_RECLAIM,,FULL
2026-10-07,RPID,FOCUS,BROKEN_NEW_BASE,,FULL
2026-10-07,SAGT,READY,RETEST_HELD,,FULL
2026-10-07,SCLX,FOCUS,BROKEN_NEW_BASE,,FULL
2026-10-07,SCWO,WATCH,RETEST_PENDING,,FULL
2026-10-07,SDA,WATCH,SWEEP_ACTIVE,,FULL
2026-10-07,SERV,WATCH,RETEST_IN_PROGRESS,,FULL
2026-10-07,SEV,FOCUS,BROKEN_NEW_BASE,,FULL
2026-10-07,SGLY,FOCUS,BROKEN_NEW_BASE,,FULL
2026-10-07,SHPH,WATCH,RETEST_PENDING,,FULL
2026-10-07,SIDU,READY,RETEST_HELD,,FULL
2026-10-07,SILO,FOCUS,BROKEN_NEW_BASE,,FULL
2026-10-07,SKK,WATCH,RETEST_PENDING,,FULL
2026-10-07,SKYE,WATCH,RETEST_IN_PROGRESS,,FULL
2026-10-07,SKYQ,WATCH,RETEST_PENDING,,FULL
2026-10-07,SLBT,READY,RETEST_HELD,,FULL
2026-10-07,SLE,WATCH,RETEST_PENDING,,FULL
2026-10-07,SLMT,WATCH,RETEST_PENDING,,FULL
2026-10-07,SLNH,WATCH,SWEEP_ACTIVE,,FULL
2026-10-07,SMXT,WATCH,RETEST_PENDING,,FULL
2026-10-07,SNAL,FOCUS,BROKEN_NEW_BASE,,FULL
2026-10-07,SNES,WATCH,RETEST_PENDING,,FULL
2026-10-07,SNWV,REJECTED,,FE-SCREEN-01/M3,
2026-10-07,SONM,WATCH,RETEST_PENDING,,FULL
2026-10-07,SOUN,REJECTED,,FE-SCREEN-01/M3,
2026-10-07,SOWG,WATCH,RETEST_PENDING,,FULL
2026-10-07,SPHL,READY,RETEST_HELD,,FULL
2026-10-07,SPRB,READY,RETEST_HELD,,FULL
2026-10-07,SPRC,READY,PRESS_RECLAIM,,FULL
2026-10-07,SQFT,FOCUS,BROKEN_NEW_BASE,,FULL
2026-10-07,SSII,FOCUS,BROKEN_NEW_BASE,,FULL
2026-10-07,STAK,WATCH,RETEST_PENDING,,FULL
2026-10-07,STEX,WATCH,SWEEP_ACTIVE,,FULL
2026-10-07,STFS,WATCH,RETEST_PENDING,,FULL
2026-10-07,STI,FOCUS,BROKEN_NEW_BASE,,FULL
2026-10-07,SUGP,FOCUS,BROKEN_NEW_BASE,,FULL
2026-10-07,SUPX,WATCH,RETEST_PENDING,,FULL
2026-10-07,SWMR,FOCUS,BROKEN_NEW_BASE,,FULL
2026-10-07,TANH,WATCH,RETEST_PENDING,,FULL
2026-10-07,TC,READY,RETEST_HELD,,FULL
2026-10-07,TLRY,FOCUS,BASE_FORMING,,FULL
2026-10-07,TNON,WATCH,RETEST_PENDING,,FULL
2026-10-07,TNYA,FOCUS,BROKEN_NEW_BASE,,FULL
2026-10-07,TRIB,FOCUS,BROKEN_NEW_BASE,,FULL
2026-10-07,TRNR,FOCUS,BROKEN_NEW_BASE,,FULL
2026-10-07,TRON,WATCH,SWEEP_ACTIVE,,FULL
2026-10-07,TVRD,WATCH,RETEST_PENDING,,FULL
2026-10-07,TYGO,READY,RETEST_HELD,,FULL
2026-10-07,UCAR,WATCH,RETEST_IN_PROGRESS,,FULL
2026-10-07,UONE,READY,PRESS_RECLAIM,,FULL
2026-10-07,UPXI,WATCH,RETEST_PENDING,,FULL
2026-10-07,UZX,FOCUS,BROKEN_NEW_BASE,,FULL
2026-10-07,VBIO,WATCH,RETEST_PENDING,,FULL
2026-10-07,VERI,READY,PRESS_RECLAIM,,FULL
2026-10-07,VHUB,FOCUS,BROKEN_NEW_BASE,,FULL
2026-10-07,VMAR,WATCH,RETEST_PENDING,,FULL
2026-10-07,VRAX,FOCUS,BROKEN_NEW_BASE,,FULL
2026-10-07,VRXA,FOCUS,BROKEN_NEW_BASE,,FULL
2026-10-07,VSME,WATCH,RETEST_IN_PROGRESS,,FULL
2026-10-07,WBUY,WATCH,RETEST_PENDING,,FULL
2026-10-07,WETH,READY,RETEST_HELD,,FULL
2026-10-07,WFF,WATCH,RETEST_PENDING,,FULL
2026-10-07,WIMI,REJECTED,,FE-SCREEN-01/M3,
2026-10-07,WLDS,READY,RETEST_HELD,,FULL
2026-10-07,WSHP,WATCH,RETEST_PENDING,,FULL
2026-10-07,WVE,FOCUS,BROKEN_NEW_BASE,,FULL
2026-10-07,WXM,READY,BASE_HELD,,FULL
2026-10-07,WYHG,FOCUS,BROKEN_NEW_BASE,,FULL
2026-10-07,XAIR,WATCH,RETEST_IN_PROGRESS,,FULL
2026-10-07,XBIO,WATCH,RETEST_IN_PROGRESS,,FULL
2026-10-07,XCUR,READY,RETEST_HELD,,FULL
2026-10-07,XELB,FOCUS,BROKEN_NEW_BASE,,FULL
2026-10-07,XNDU,FOCUS,BROKEN_NEW_BASE,,FULL
2026-10-07,XPON,FOCUS,BROKEN_NEW_BASE,,FULL
2026-10-07,XRTX,REJECTED,,FE-SCREEN-01/M3,
2026-10-07,XTIA,FOCUS,BROKEN_NEW_BASE,,FULL
2026-10-07,XTLB,READY,RETEST_HELD,,FULL
2026-10-07,YAAS,FOCUS,BASE_FORMING,,FULL
2026-10-07,YDDL,READY,PRESS_RECLAIM,,FULL
2026-10-07,YDKG,WATCH,RETEST_IN_PROGRESS,,FULL
2026-10-07,YFOR,WATCH,RETEST_IN_PROGRESS,,FULL
2026-10-07,YHC,READY,RETEST_HELD,,FULL
2026-10-07,YHGJ,WATCH,RETEST_IN_PROGRESS,,FULL
2026-10-07,YI,WATCH,RETEST_PENDING,,FULL
2026-10-07,YJ,WATCH,RETEST_PENDING,,FULL
2026-10-07,YMAT,WATCH,RETEST_PENDING,,FULL
2026-10-07,YXT,READY,PRESS_RECLAIM,,FULL
2026-10-07,ZCMD,WATCH,RETEST_PENDING,,FULL
2026-10-07,ZENA,WATCH,RETEST_IN_PROGRESS,,FULL
2026-10-07,ZOOZ,WATCH,RETEST_PENDING,,FULL
2026-10-07,ZSQR,WATCH,RETEST_PENDING,,FULL
2026-10-07,ZSTK,WATCH,RETEST_PENDING,,FULL
2026-10-07,ZYBT,READY,RETEST_HELD,,FULL
2026-10-08,AARD,READY,RETEST_HELD,,FULL
2026-10-08,ABTS,WATCH,RETEST_PENDING,,FULL
2026-10-08,AEC,WATCH,RETEST_IN_PROGRESS,,FULL
2026-10-08,AEMD,WATCH,RETEST_PENDING,,FULL
2026-10-08,AGRZ,FOCUS,BROKEN_NEW_BASE,,FULL
2026-10-08,AHMA,READY,RETEST_HELD,,FULL
2026-10-08,AIFC,WATCH,RETEST_PENDING,,FULL
2026-10-08,AIFU,WATCH,RETEST_PENDING,,FULL
2026-10-08,AIIO,FOCUS,BROKEN_NEW_BASE,,FULL
2026-10-08,AIMD,READY,RETEST_HELD,,FULL
2026-10-08,AIOS,WATCH,RETEST_IN_PROGRESS,,FULL
2026-10-08,AIRE,FOCUS,BROKEN_NEW_BASE,,FULL
2026-10-08,AIRO,WATCH,SWEEP_ACTIVE,,FULL
2026-10-08,AIRS,FOCUS,BROKEN_NEW_BASE,,FULL
2026-10-08,AKAN,FOCUS,BROKEN_NEW_BASE,,FULL
2026-10-08,ALAR,WATCH,RETEST_PENDING,,FULL
2026-10-08,ALDX,FOCUS,BROKEN_NEW_BASE,,FULL
2026-10-08,ALP,WATCH,RETEST_PENDING,,FULL
2026-10-08,AMCI,WATCH,SWEEP_ACTIVE,,FULL
2026-10-08,AMIX,FOCUS,BROKEN_NEW_BASE,,FULL
2026-10-08,AMST,READY,RETEST_HELD,,FULL
2026-10-08,APVO,WATCH,RETEST_PENDING,,FULL
2026-10-08,AQMS,WATCH,SWEEP_ACTIVE,,FULL
2026-10-08,AREC,FOCUS,BROKEN_NEW_BASE,,FULL
2026-10-08,ASBP,WATCH,RETEST_PENDING,,FULL
2026-10-08,ASTC,WATCH,RETEST_PENDING,,FULL
2026-10-08,ASTI,FOCUS,BROKEN_NEW_BASE,,FULL
2026-10-08,ATCX,WATCH,SWEEP_ACTIVE,,FULL
2026-10-08,ATGL,READY,PRESS_RECLAIM,,FULL
2026-10-08,AUUD,WATCH,RETEST_PENDING,,FULL
2026-10-08,AVX,WATCH,RETEST_PENDING,,FULL
2026-10-08,AZIO,WATCH,SWEEP_ACTIVE,,FULL
2026-10-08,BAER,WATCH,RETEST_PENDING,,FULL
2026-10-08,BANL,READY,BASE_HELD,,FULL
2026-10-08,BBLG,REJECTED,,FE-SCREEN-01/M3,
2026-10-08,BDMD,WATCH,RETEST_PENDING,,FULL
2026-10-08,BDRX,FOCUS,BROKEN_NEW_BASE,,FULL
2026-10-08,BEEM,READY,RETEST_HELD,,FULL
2026-10-08,BETR,READY,PRESS_RECLAIM,,FULL
2026-10-08,BGDE,WATCH,RETEST_IN_PROGRESS,,FULL
2026-10-08,BGMS,WATCH,RETEST_PENDING,,FULL
2026-10-08,BIAF,WATCH,RETEST_PENDING,,FULL
2026-10-08,BIOA,FOCUS,BROKEN_NEW_BASE,,FULL
2026-10-08,BIRD,WATCH,RETEST_PENDING,,FULL
2026-10-08,BJDX,READY,PRESS_RECLAIM,,FULL
2026-10-08,BLNE,FOCUS,BROKEN_NEW_BASE,,FULL
2026-10-08,BMGL,FOCUS,BROKEN_NEW_BASE,,FULL
2026-10-08,BNAI,FOCUS,BROKEN_NEW_BASE,,FULL
2026-10-08,BNKK,WATCH,RETEST_PENDING,,FULL
2026-10-08,BOXL,FOCUS,BROKEN_NEW_BASE,,FULL
2026-10-08,BRAI,FOCUS,BROKEN_NEW_BASE,,FULL
2026-10-08,BRNX,FOCUS,BROKEN_NEW_BASE,,FULL
2026-10-08,BRTX,FOCUS,BROKEN_NEW_BASE,,FULL
2026-10-08,BTCS,WATCH,RETEST_PENDING,,FULL
2026-10-08,BTQ,WATCH,RETEST_PENDING,,FULL
2026-10-08,BYAH,READY,PRESS_RECLAIM,,FULL
2026-10-08,BYRN,REJECTED,,FE-SCREEN-01/M3,
2026-10-08,CABR,WATCH,RETEST_PENDING,,FULL
2026-10-08,CALC,FOCUS,BROKEN_NEW_BASE,,FULL
2026-10-08,CAPR,WATCH,RETEST_PENDING,,FULL
2026-10-08,CCHH,READY,PRESS_RECLAIM,,FULL
2026-10-08,CCTG,FOCUS,BROKEN_NEW_BASE,,FULL
2026-10-08,CDLX,FOCUS,BROKEN_NEW_BASE,,FULL
2026-10-08,CDNL,FOCUS,BROKEN_NEW_BASE,,FULL
2026-10-08,CDTG,WATCH,RETEST_PENDING,,FULL
2026-10-08,CELZ,WATCH,RETEST_PENDING,,FULL
2026-10-08,CETX,READY,PRESS_RECLAIM,,FULL
2026-10-08,CHGA,WATCH,RETEST_PENDING,,FULL
2026-10-08,CHSN,WATCH,RETEST_PENDING,,FULL
2026-10-08,CIIT,READY,RETEST_HELD,,FULL
2026-10-08,CLGN,WATCH,RETEST_PENDING,,FULL
2026-10-08,CLIK,WATCH,RETEST_PENDING,,FULL
2026-10-08,CLLS,READY,RETEST_HELD,,FULL
2026-10-08,CLRB,FOCUS,BROKEN_NEW_BASE,,FULL
2026-10-08,CLRO,WATCH,RETEST_PENDING,,FULL
2026-10-08,CMND,FOCUS,BROKEN_NEW_BASE,,FULL
2026-10-08,CMTL,FOCUS,BROKEN_NEW_BASE,,FULL
2026-10-08,CNCK,WATCH,SWEEP_ACTIVE,,FULL
2026-10-08,CNEY,WATCH,RETEST_PENDING,,FULL
2026-10-08,CNSY,FOCUS,BROKEN_NEW_BASE,,FULL
2026-10-08,CODX,WATCH,RETEST_PENDING,,FULL
2026-10-08,COOT,WATCH,RETEST_PENDING,,FULL
2026-10-08,CPSH,WATCH,SWEEP_ACTIVE,,FULL
2026-10-08,CRGO,REJECTED,,FE-SCREEN-01/M3,
2026-10-08,CRIS,FOCUS,BROKEN_NEW_BASE,,FULL
2026-10-08,CRML,WATCH,RETEST_PENDING,,FULL
2026-10-08,CTXR,READY,RETEST_HELD,,FULL
2026-10-08,CUPR,WATCH,RETEST_PENDING,,FULL
2026-10-08,CURX,WATCH,RETEST_PENDING,,FULL
2026-10-08,CVKD,REJECTED,,FE-SCREEN-01/M3,
2026-10-08,CVRX,FOCUS,BROKEN_NEW_BASE,,FULL
2026-10-08,CXAI,FOCUS,BROKEN_NEW_BASE,,FULL
2026-10-08,CYCU,WATCH,RETEST_PENDING,,FULL
2026-10-08,CYN,WATCH,SWEEP_ACTIVE,,FULL
2026-10-08,DBGI,WATCH,RETEST_PENDING,,FULL
2026-10-08,DEFT,WATCH,RETEST_PENDING,,FULL
2026-10-08,DFLI,FOCUS,BROKEN_NEW_BASE,,FULL
2026-10-08,DFSC,FOCUS,BROKEN_NEW_BASE,,FULL
2026-10-08,DGNX,WATCH,RETEST_PENDING,,FULL
2026-10-08,DRK,WATCH,RETEST_PENDING,,FULL
2026-10-08,DUO,WATCH,RETEST_PENDING,,FULL
2026-10-08,DWTX,WATCH,RETEST_IN_PROGRESS,,FULL
2026-10-08,EDSA,READY,RETEST_HELD,,FULL
2026-10-08,EH,REJECTED,,FE-SCREEN-01/M3,
2026-10-08,EHTH,REJECTED,,FE-SCREEN-01/M3,
2026-10-08,ELAB,FOCUS,BROKEN_NEW_BASE,,FULL
2026-10-08,ELBM,READY,RETEST_HELD,,FULL
2026-10-08,ELTX,READY,RETEST_HELD,,FULL
2026-10-08,ENGS,FOCUS,BASE_FORMING,,FULL
2026-10-08,ENSC,WATCH,RETEST_PENDING,,FULL
2026-10-08,ENVB,WATCH,RETEST_PENDING,,FULL
2026-10-08,ENVX,READY,RETEST_HELD,,FULL
2026-10-08,EOCN,REJECTED,,FE-SCREEN-01/M3,
2026-10-08,EOSE,FOCUS,BROKEN_NEW_BASE,,FULL
2026-10-08,EPSM,READY,RETEST_HELD,,FULL
2026-10-08,ERNA,FOCUS,BROKEN_NEW_BASE,,FULL
2026-10-08,ESLA,READY,PRESS_RECLAIM,,FULL
2026-10-08,EUDA,WATCH,RETEST_PENDING,,FULL
2026-10-08,EVAX,READY,RETEST_HELD,,FULL
2026-10-08,EVGO,REJECTED,,FE-SCREEN-01/M3,
2026-10-08,EZGO,REJECTED,,FE-SCREEN-01/M3,
2026-10-08,FBLG,FOCUS,BROKEN_NEW_BASE,,FULL
2026-10-08,FCHL,READY,PRESS_RECLAIM,,FULL
2026-10-08,FFAI,FOCUS,BROKEN_NEW_BASE,,FULL
2026-10-08,FGL,WATCH,RETEST_PENDING,,FULL
2026-10-08,FLNA,WATCH,RETEST_PENDING,,FULL
2026-10-08,FLNC,WATCH,RETEST_IN_PROGRESS,,FULL
2026-10-08,FLUX,FOCUS,BROKEN_NEW_BASE,,FULL
2026-10-08,FLYE,READY,PRESS_RECLAIM,,FULL
2026-10-08,FMST,FOCUS,BROKEN_NEW_BASE,,FULL
2026-10-08,FNUC,FOCUS,BROKEN_NEW_BASE,,FULL
2026-10-08,FOFO,WATCH,RETEST_PENDING,,FULL
2026-10-08,FRMM,READY,RETEST_HELD,,FULL
2026-10-08,FRSX,REJECTED,,FE-SCREEN-01/M3,
2026-10-08,FTCI,REJECTED,,FE-SCREEN-01/M3,
2026-10-08,FULC,WATCH,RETEST_PENDING,,FULL
2026-10-08,GDC,READY,RETEST_HELD,,FULL
2026-10-08,GDEV,WATCH,RETEST_IN_PROGRESS,,FULL
2026-10-08,GELS,WATCH,RETEST_PENDING,,FULL
2026-10-08,GEOS,WATCH,SWEEP_ACTIVE,,FULL
2026-10-08,GITS,WATCH,RETEST_PENDING,,FULL
2026-10-08,GMM,READY,BASE_HELD,,FULL
2026-10-08,GNLN,WATCH,RETEST_PENDING,,FULL
2026-10-08,GNPX,FOCUS,BROKEN_NEW_BASE,,FULL
2026-10-08,GNTA,WATCH,RETEST_PENDING,,FULL
2026-10-08,GOAI,WATCH,RETEST_PENDING,,FULL
2026-10-08,GOSS,WATCH,RETEST_IN_PROGRESS,,FULL
2026-10-08,GRAN,WATCH,RETEST_PENDING,,FULL
2026-10-08,GRI,READY,RETEST_HELD,,FULL
2026-10-08,GRNQ,WATCH,RETEST_PENDING,,FULL
2026-10-08,GSIW,FOCUS,BROKEN_NEW_BASE,,FULL
2026-10-08,GTBP,WATCH,RETEST_PENDING,,FULL
2026-10-08,GURE,READY,PRESS_RECLAIM,,FULL
2026-10-08,GUTS,FOCUS,BROKEN_NEW_BASE,,FULL
2026-10-08,GXAI,FOCUS,BROKEN_NEW_BASE,,FULL
2026-10-08,HCAI,READY,PRESS_RECLAIM,,FULL
2026-10-08,HCWB,WATCH,SWEEP_ACTIVE,,FULL
2026-10-08,HERE,WATCH,RETEST_IN_PROGRESS,,FULL
2026-10-08,HIT,FOCUS,BROKEN_NEW_BASE,,FULL
2026-10-08,HOLO,READY,RETEST_HELD,,FULL
2026-10-08,HTCO,FOCUS,BROKEN_NEW_BASE,,FULL
2026-10-08,HTCR,FOCUS,BROKEN_NEW_BASE,,FULL
2026-10-08,HTZ,WATCH,RETEST_PENDING,,FULL
2026-10-08,HUCK,WATCH,RETEST_PENDING,,FULL
2026-10-08,HUMA,FOCUS,BROKEN_NEW_BASE,,FULL
2026-10-08,HYFM,WATCH,RETEST_PENDING,,FULL
2026-10-08,IBIO,FOCUS,BROKEN_NEW_BASE,,FULL
2026-10-08,ICCM,FOCUS,BROKEN_NEW_BASE,,FULL
2026-10-08,IDN,WATCH,SWEEP_ACTIVE,,FULL
2026-10-08,IMMP,FOCUS,BROKEN_NEW_BASE,,FULL
2026-10-08,IMNN,FOCUS,BROKEN_NEW_BASE,,FULL
2026-10-08,IMSR,FOCUS,BROKEN_NEW_BASE,,FULL
2026-10-08,INBS,READY,RETEST_HELD,,FULL
2026-10-08,INSG,WATCH,RETEST_PENDING,,FULL
2026-10-08,INTJ,WATCH,RETEST_PENDING,,FULL
2026-10-08,INTS,FOCUS,BROKEN_NEW_BASE,,FULL
2026-10-08,IOTR,WATCH,RETEST_PENDING,,FULL
2026-10-08,IPST,WATCH,RETEST_PENDING,,FULL
2026-10-08,ISPC,FOCUS,BROKEN_NEW_BASE,,FULL
2026-10-08,IVF,FOCUS,BROKEN_NEW_BASE,,FULL
2026-10-08,IZM,FOCUS,BROKEN_NEW_BASE,,FULL
2026-10-08,JBDI,FOCUS,BROKEN_NEW_BASE,,FULL
2026-10-08,JDZG,WATCH,RETEST_PENDING,,FULL
2026-10-08,JEM,READY,BASE_HELD,,FULL
2026-10-08,JFIN,READY,PRESS_RECLAIM,,FULL
2026-10-08,JLHL,WATCH,RETEST_PENDING,,FULL
2026-10-08,JTAI,WATCH,RETEST_PENDING,,FULL
2026-10-08,JUNS,FOCUS,BROKEN_NEW_BASE,,FULL
2026-10-08,JYD,WATCH,RETEST_PENDING,,FULL
2026-10-08,KELYB,READY,RETEST_HELD,,FULL
2026-10-08,KG,FOCUS,BROKEN_NEW_BASE,,FULL
2026-10-08,KRRO,WATCH,RETEST_IN_PROGRESS,,FULL
2026-10-08,KSCP,FOCUS,BROKEN_NEW_BASE,,FULL
2026-10-08,KTTA,READY,RETEST_HELD,,FULL
2026-10-08,LAES,WATCH,RETEST_IN_PROGRESS,,FULL
2026-10-08,LASE,WATCH,RETEST_PENDING,,FULL
2026-10-08,LCFY,FOCUS,BROKEN_NEW_BASE,,FULL
2026-10-08,LFS,WATCH,RETEST_PENDING,,FULL
2026-10-08,LGCL,FOCUS,BROKEN_NEW_BASE,,FULL
2026-10-08,LHAI,WATCH,RETEST_PENDING,,FULL
2026-10-08,LICN,WATCH,RETEST_PENDING,,FULL
2026-10-08,LIDR,READY,RETEST_HELD,,FULL
2026-10-08,LNZA,WATCH,RETEST_PENDING,,FULL
2026-10-08,LOOP,WATCH,RETEST_IN_PROGRESS,,FULL
2026-10-08,LTBR,READY,PRESS_RECLAIM,,FULL
2026-10-08,LX,REJECTED,,FE-SCREEN-01/M3,
2026-10-08,LXEH,READY,RETEST_HELD,,FULL
2026-10-08,LYEL,FOCUS,BROKEN_NEW_BASE,,FULL
2026-10-08,MASK,READY,BASE_HELD,,FULL
2026-10-08,MATH,WATCH,RETEST_PENDING,,FULL
2026-10-08,MBIO,READY,BASE_HELD,,FULL
2026-10-08,MBRX,WATCH,RETEST_PENDING,,FULL
2026-10-08,MCRB,FOCUS,BROKEN_NEW_BASE,,FULL
2026-10-08,MDXH,WATCH,RETEST_PENDING,,FULL
2026-10-08,MF,WATCH,RETEST_PENDING,,FULL
2026-10-08,MFI,WATCH,RETEST_PENDING,,FULL
2026-10-08,MGRX,WATCH,RETEST_PENDING,,FULL
2026-10-08,MIMI,WATCH,RETEST_PENDING,,FULL
2026-10-08,MIST,READY,PRESS_RECLAIM,,FULL
2026-10-08,MLEC,FOCUS,BROKEN_NEW_BASE,,FULL
2026-10-08,MNDR,READY,PRESS_RECLAIM,,FULL
2026-10-08,MNTS,FOCUS,BROKEN_NEW_BASE,,FULL
2026-10-08,MOBX,FOCUS,BROKEN_NEW_BASE,,FULL
2026-10-08,MODD,WATCH,RETEST_PENDING,,FULL
2026-10-08,MPLT,WATCH,SWEEP_ACTIVE,,FULL
2026-10-08,MRLN,FOCUS,BROKEN_NEW_BASE,,FULL
2026-10-08,MSAI,READY,RETEST_HELD,,FULL
2026-10-08,MSLE,FOCUS,BROKEN_NEW_BASE,,FULL
2026-10-08,MTEK,REJECTED,,FE-SCREEN-01/M3,
2026-10-08,MTEN,WATCH,RETEST_PENDING,,FULL
2026-10-08,MTVA,READY,RETEST_HELD,,FULL
2026-10-08,MVST,READY,RETEST_HELD,,FULL
2026-10-08,MYSZ,REJECTED,,FE-SCREEN-01/M3,
2026-10-08,NAKA,WATCH,RETEST_PENDING,,FULL
2026-10-08,NAMI,WATCH,RETEST_PENDING,,FULL
2026-10-08,NAMM,WATCH,RETEST_PENDING,,FULL
2026-10-08,NCNA,FOCUS,BROKEN_NEW_BASE,,FULL
2026-10-08,NCRA,WATCH,RETEST_PENDING,,FULL
2026-10-08,NEGG,FOCUS,BROKEN_NEW_BASE,,FULL
2026-10-08,NEXR,FOCUS,BROKEN_NEW_BASE,,FULL
2026-10-08,NIPG,WATCH,RETEST_PENDING,,FULL
2026-10-08,NMRA,FOCUS,BROKEN_NEW_BASE,,FULL
2026-10-08,NMTC,REJECTED,,FE-SCREEN-01/M3,
2026-10-08,NNE,READY,RETEST_HELD,,FULL
2026-10-08,NNNN,WATCH,SWEEP_ACTIVE,,FULL
2026-10-08,NPT,WATCH,RETEST_PENDING,,FULL
2026-10-08,NTCL,READY,RETEST_HELD,,FULL
2026-10-08,NTHI,FOCUS,BROKEN_NEW_BASE,,FULL
2026-10-08,NUR,NO_BARS,,,
2026-10-08,NVNI,NO_BARS,,,
2026-10-08,NVX,READY,PRESS_RECLAIM,,FULL
2026-10-08,NXAT,FOCUS,BROKEN_NEW_BASE,,FULL
2026-10-08,NXH,FOCUS,BROKEN_NEW_BASE,,FULL
2026-10-08,NXTS,FOCUS,BROKEN_NEW_BASE,,FULL
2026-10-08,NXTT,WATCH,RETEST_PENDING,,FULL
2026-10-08,NXXT,FOCUS,BROKEN_NEW_BASE,,FULL
2026-10-08,ODYS,FOCUS,BROKEN_NEW_BASE,,FULL
2026-10-08,OFAL,FOCUS,BROKEN_NEW_BASE,,FULL
2026-10-08,OIO,WATCH,RETEST_PENDING,,FULL
2026-10-08,OLMA,FOCUS,BROKEN_NEW_BASE,,FULL
2026-10-08,OMEX,WATCH,RETEST_PENDING,,FULL
2026-10-08,OMH,WATCH,RETEST_PENDING,,FULL
2026-10-08,ONEG,WATCH,RETEST_PENDING,,FULL
2026-10-08,ONFO,READY,RETEST_HELD,,FULL
2026-10-08,ONMD,READY,RETEST_HELD,,FULL
2026-10-08,OPAD,FOCUS,BROKEN_NEW_BASE,,FULL
2026-10-08,OPEN,FOCUS,BROKEN_NEW_BASE,,FULL
2026-10-08,ORBS,FOCUS,BASE_FORMING,,FULL
2026-10-08,ORGO,READY,PRESS_RECLAIM,,FULL
2026-10-08,OST,WATCH,RETEST_PENDING,,FULL
2026-10-08,OTLK,FOCUS,BROKEN_NEW_BASE,,FULL
2026-10-08,PASG,WATCH,RETEST_PENDING,,FULL
2026-10-08,PBM,WATCH,RETEST_PENDING,,FULL
2026-10-08,PCSA,FOCUS,BROKEN_NEW_BASE,,FULL
2026-10-08,PHOE,WATCH,RETEST_PENDING,,FULL
2026-10-08,PLSM,WATCH,SWEEP_ACTIVE,,FULL
2026-10-08,PLUR,READY,PRESS_RECLAIM,,FULL
2026-10-08,PLYX,READY,RETEST_HELD,,FULL
2026-10-08,PMCB,WATCH,RETEST_PENDING,,FULL
2026-10-08,PN,WATCH,RETEST_PENDING,,FULL
2026-10-08,POLA,FOCUS,BROKEN_NEW_BASE,,FULL
2026-10-08,POM,WATCH,RETEST_PENDING,,FULL
2026-10-08,PPCB,FOCUS,BROKEN_NEW_BASE,,FULL
2026-10-08,PRFX,READY,RETEST_HELD,,FULL
2026-10-08,PROP,READY,PRESS_RECLAIM,,FULL
2026-10-08,PSNY,FOCUS,BROKEN_NEW_BASE,,FULL
2026-10-08,QCLS,WATCH,RETEST_PENDING,,FULL
2026-10-08,QNCX,READY,RETEST_HELD,,FULL
2026-10-08,QNRX,FOCUS,BROKEN_NEW_BASE,,FULL
2026-10-08,QNTM,WATCH,RETEST_PENDING,,FULL
2026-10-08,RADX,FOCUS,BROKEN_NEW_BASE,,FULL
2026-10-08,RANI,WATCH,RETEST_PENDING,,FULL
2026-10-08,RAYA,READY,RETEST_HELD,,FULL
2026-10-08,RBNE,READY,RETEST_HELD,,FULL
2026-10-08,RCON,READY,BASE_HELD,,FULL
2026-10-08,RDAC,WATCH,RETEST_PENDING,,FULL
2026-10-08,RDGT,WATCH,RETEST_PENDING,,FULL
2026-10-08,RENX,WATCH,RETEST_PENDING,,FULL
2026-10-08,REVB,REJECTED,,FE-SCREEN-01/M3,
2026-10-08,RGC,WATCH,RETEST_PENDING,,FULL
2026-10-08,RKTO,READY,RETEST_HELD,,FULL
2026-10-08,RNAZ,READY,PRESS_RECLAIM,,FULL
2026-10-08,RPID,FOCUS,BROKEN_NEW_BASE,,FULL
2026-10-08,RYOJ,WATCH,RETEST_PENDING,,FULL
2026-10-08,SAGT,READY,RETEST_HELD,,FULL
2026-10-08,SCLX,FOCUS,BROKEN_NEW_BASE,,FULL
2026-10-08,SCWO,WATCH,SWEEP_ACTIVE,,FULL
2026-10-08,SDA,WATCH,SWEEP_ACTIVE,,FULL
2026-10-08,SDOT,WATCH,RETEST_PENDING,,FULL
2026-10-08,SERV,WATCH,RETEST_IN_PROGRESS,,FULL
2026-10-08,SEV,FOCUS,BROKEN_NEW_BASE,,FULL
2026-10-08,SGLY,FOCUS,BROKEN_NEW_BASE,,FULL
2026-10-08,SHPH,WATCH,RETEST_PENDING,,FULL
2026-10-08,SIDU,FOCUS,BROKEN_NEW_BASE,,FULL
2026-10-08,SILO,FOCUS,BROKEN_NEW_BASE,,FULL
2026-10-08,SKYE,WATCH,RETEST_IN_PROGRESS,,FULL
2026-10-08,SLBT,READY,RETEST_HELD,,FULL
2026-10-08,SLE,WATCH,RETEST_PENDING,,FULL
2026-10-08,SLMT,WATCH,RETEST_PENDING,,FULL
2026-10-08,SNAL,FOCUS,BROKEN_NEW_BASE,,FULL
2026-10-08,SNES,WATCH,RETEST_PENDING,,FULL
2026-10-08,SNWV,REJECTED,,FE-SCREEN-01/M3,
2026-10-08,SONM,WATCH,RETEST_PENDING,,FULL
2026-10-08,SOUN,REJECTED,,FE-SCREEN-01/M3,
2026-10-08,SOWG,WATCH,RETEST_PENDING,,FULL
2026-10-08,SPHL,READY,RETEST_HELD,,FULL
2026-10-08,SPRB,READY,RETEST_HELD,,FULL
2026-10-08,SPRC,READY,PRESS_RECLAIM,,FULL
2026-10-08,SQFT,FOCUS,BROKEN_NEW_BASE,,FULL
2026-10-08,STAK,WATCH,RETEST_PENDING,,FULL
2026-10-08,STEX,FOCUS,BROKEN_NEW_BASE,,FULL
2026-10-08,STFS,WATCH,RETEST_PENDING,,FULL
2026-10-08,STI,FOCUS,BROKEN_NEW_BASE,,FULL
2026-10-08,SUGP,FOCUS,BROKEN_NEW_BASE,,FULL
2026-10-08,SUPX,WATCH,RETEST_PENDING,,FULL
2026-10-08,SWMR,FOCUS,BROKEN_NEW_BASE,,FULL
2026-10-08,TANH,WATCH,RETEST_PENDING,,FULL
2026-10-08,TC,READY,RETEST_HELD,,FULL
2026-10-08,TLRY,FOCUS,BASE_FORMING,,FULL
2026-10-08,TNON,WATCH,RETEST_PENDING,,FULL
2026-10-08,TNYA,FOCUS,BROKEN_NEW_BASE,,FULL
2026-10-08,TRAW,WATCH,RETEST_IN_PROGRESS,,FULL
2026-10-08,TRIB,FOCUS,BROKEN_NEW_BASE,,FULL
2026-10-08,TRNR,FOCUS,BROKEN_NEW_BASE,,FULL
2026-10-08,TRON,WATCH,SWEEP_ACTIVE,,FULL
2026-10-08,TRT,WATCH,SWEEP_ACTIVE,,FULL
2026-10-08,TURB,WATCH,RETEST_PENDING,,FULL
2026-10-08,TVGN,WATCH,RETEST_PENDING,,FULL
2026-10-08,TVRD,WATCH,RETEST_PENDING,,FULL
2026-10-08,TYGO,WATCH,RETEST_PENDING,,FULL
2026-10-08,UCAR,READY,RETEST_HELD,,FULL
2026-10-08,UONE,READY,PRESS_RECLAIM,,FULL
2026-10-08,UPXI,WATCH,RETEST_PENDING,,FULL
2026-10-08,UZX,FOCUS,BROKEN_NEW_BASE,,FULL
2026-10-08,VBIO,WATCH,RETEST_IN_PROGRESS,,FULL
2026-10-08,VERI,WATCH,SWEEP_ACTIVE,,FULL
2026-10-08,VHUB,FOCUS,BROKEN_NEW_BASE,,FULL
2026-10-08,VMAR,WATCH,RETEST_PENDING,,FULL
2026-10-08,VRAX,FOCUS,BROKEN_NEW_BASE,,FULL
2026-10-08,VRXA,FOCUS,BROKEN_NEW_BASE,,FULL
2026-10-08,VSME,READY,RETEST_HELD,,FULL
2026-10-08,VWAV,WATCH,RETEST_PENDING,,FULL
2026-10-08,WBUY,WATCH,RETEST_PENDING,,FULL
2026-10-08,WETH,READY,RETEST_HELD,,FULL
2026-10-08,WFF,WATCH,RETEST_PENDING,,FULL
2026-10-08,WLDS,READY,RETEST_HELD,,FULL
2026-10-08,WSHP,WATCH,RETEST_IN_PROGRESS,,FULL
2026-10-08,WVE,FOCUS,BROKEN_NEW_BASE,,FULL
2026-10-08,WXM,READY,PRESS_RECLAIM,,FULL
2026-10-08,WYHG,FOCUS,BROKEN_NEW_BASE,,FULL
2026-10-08,XAIR,WATCH,RETEST_IN_PROGRESS,,FULL
2026-10-08,XBIO,WATCH,RETEST_PENDING,,FULL
2026-10-08,XCH,READY,PRESS_RECLAIM,,FULL
2026-10-08,XCUR,FOCUS,BROKEN_NEW_BASE,,FULL
2026-10-08,XELB,FOCUS,BROKEN_NEW_BASE,,FULL
2026-10-08,XNDU,FOCUS,BROKEN_NEW_BASE,,FULL
2026-10-08,XPON,FOCUS,BROKEN_NEW_BASE,,FULL
2026-10-08,XRTX,REJECTED,,FE-SCREEN-01/M3,
2026-10-08,XTIA,FOCUS,BROKEN_NEW_BASE,,FULL
2026-10-08,XTLB,FOCUS,BROKEN_NEW_BASE,,FULL
2026-10-08,YDDL,WATCH,SWEEP_ACTIVE,,FULL
2026-10-08,YDKG,WATCH,RETEST_IN_PROGRESS,,FULL
2026-10-08,YFOR,FOCUS,BROKEN_NEW_BASE,,FULL
2026-10-08,YHC,READY,RETEST_HELD,,FULL
2026-10-08,YHGJ,WATCH,RETEST_IN_PROGRESS,,FULL
2026-10-08,YI,WATCH,RETEST_PENDING,,FULL
2026-10-08,YJ,WATCH,RETEST_PENDING,,FULL
2026-10-08,YMAT,WATCH,RETEST_PENDING,,FULL
2026-10-08,YXT,FOCUS,BROKEN_NEW_BASE,,FULL
2026-10-08,ZCMD,WATCH,RETEST_PENDING,,FULL
2026-10-08,ZDAI,READY,RETEST_HELD,,FULL
2026-10-08,ZENA,WATCH,RETEST_PENDING,,FULL
2026-10-08,ZOOZ,WATCH,RETEST_IN_PROGRESS,,FULL
2026-10-08,ZSTK,WATCH,RETEST_PENDING,,FULL
2026-10-08,ZYBT,FOCUS,BROKEN_NEW_BASE,,FULL
