IMAGE_ID,SOURCE,EVIDENCE_UNIT,VERIFICATION_STATUS,CONTENT_CLASS,FAISAL_DECISION,TICKER,OCR_CHARS,MATERIALITY,CHANGES_CONCLUSION,NOTES
APP_20260918_18_NTCL,A1 · APP · V3,TG_57923,DUPLICATE,VALIDATION_CASE,WAIT,NTCL,226,NON-MATERIAL (duplicate of a verified unit),no,
APP_20260918_19_NTCL,A1 · APP · V3,TG_57921,DUPLICATE,VALIDATION_CASE,WAIT,NTCL,462,NON-MATERIAL (duplicate of a verified unit),no,
APP_20260918_20_NTCL,A1 · APP · V3,TG_57922,DUPLICATE,CONTEXT_ONLY,NONE,NTCL,167,NON-MATERIAL (duplicate of a verified unit),no,
APP_20260918_49_main,A1 · APP · V3,TG_57926,DUPLICATE,RULE_EVIDENCE,NONE,,323,NON-MATERIAL (duplicate of a verified unit),no,
APP_20260918_50_ZNB,A1 · APP · V3,TG_57925,DUPLICATE,VALIDATION_CASE,WAIT,ZNB,254,NON-MATERIAL (duplicate of a verified unit),no,
APP_20260918_52_ELPW,A1 · APP · V3,APP_20260918_52_ELPW,PREVIOUSLY_VISUALLY_VERIFIED,CONTEXT_ONLY,NONE,ELPW,492,UNKNOWN for Phase 2 unless keyword-selected (not re-read now),UNKNOWN,
APP_20260918_53_ELPW,A1 · APP · V3,APP_20260918_53_ELPW,PREVIOUSLY_VISUALLY_VERIFIED,CONTEXT_ONLY,NONE,ELPW,336,UNKNOWN for Phase 2 unless keyword-selected (not re-read now),UNKNOWN,
APP_20260918_59_VEEE,A1 · APP · V3,APP_20260918_59_VEEE,PREVIOUSLY_VISUALLY_VERIFIED,RULE_EVIDENCE,NONE,VEEE,334,UNKNOWN for Phase 2 unless keyword-selected (not re-read now),UNKNOWN,
CH_20260918_01_ELPW,A1 · CH · V3,CH_20260918_01_ELPW,PREVIOUSLY_VISUALLY_VERIFIED,CONTEXT_ONLY,NONE,ELPW,225,UNKNOWN for Phase 2 unless keyword-selected (not re-read now),UNKNOWN,
CH_20260918_02_ELPW,A1 · CH · V3,CH_20260918_02_ELPW,PREVIOUSLY_VISUALLY_VERIFIED,CONTEXT_ONLY,NONE,ELPW,320,UNKNOWN for Phase 2 unless keyword-selected (not re-read now),UNKNOWN,
CH_20260918_03_ELPW,A1 · CH · V3,CH_20260918_03_ELPW,PREVIOUSLY_VISUALLY_VERIFIED,RULE_EVIDENCE,NONE,ELPW,147,UNKNOWN for Phase 2 unless keyword-selected (not re-read now),UNKNOWN,
CH_20260918_05_CPOP,A1 · CH · V3,CH_20260918_05_CPOP,PREVIOUSLY_VISUALLY_VERIFIED,RULE_EVIDENCE,NONE,CPOP,195,UNKNOWN for Phase 2 unless keyword-selected (not re-read now),UNKNOWN,
CH_20260918_07_NUWE,A1 · CH · V3,CH_20260918_07_NUWE,PREVIOUSLY_VISUALLY_VERIFIED,RULE_EVIDENCE,NONE,NUWE,20,UNKNOWN for Phase 2 unless keyword-selected (not re-read now),UNKNOWN,
CH_20260918_09_DAIC,A1 · CH · V3,CH_20260918_09_DAIC,PREVIOUSLY_VISUALLY_VERIFIED,CONTEXT_ONLY,NONE,DAIC,219,UNKNOWN for Phase 2 unless keyword-selected (not re-read now),UNKNOWN,
CH_20260918_14_NUWE,A1 · CH · V3,CH_20260918_14_NUWE,PREVIOUSLY_VISUALLY_VERIFIED,CONTEXT_ONLY,NONE,NUWE,179,UNKNOWN for Phase 2 unless keyword-selected (not re-read now),UNKNOWN,
CH_20260918_16_NTCL,A1 · CH · V3,X_20260918_15_NTCL,DUPLICATE,RULE_EVIDENCE,NONE,NTCL,224,NON-MATERIAL (duplicate of a verified unit),no,
CH_20260918_17_NTCL,A1 · CH · V3,CH_20260918_17_NTCL,PREVIOUSLY_VISUALLY_VERIFIED,RULE_EVIDENCE,NONE,NTCL,167,UNKNOWN for Phase 2 unless keyword-selected (not re-read now),UNKNOWN,
CH_20260918_25_SXTC,A1 · CH · V3,CH_20260918_25_SXTC,"VISUALLY_VERIFIED_NOW (Phase 1, 2026-10-08)",CONTEXT_ONLY,NONE,SXTC,203,assessed in Phase 1 (see fm_forensics/IMAGE_UTILIZATION_FINAL_AUDIT.md),no (Phase 1 basis),
CH_20260918_32_SXTC,A1 · CH · V3,CH_20260918_32_SXTC,PREVIOUSLY_VISUALLY_VERIFIED,CONTEXT_ONLY,NONE,SXTC,59,UNKNOWN for Phase 2 unless keyword-selected (not re-read now),UNKNOWN,
CH_20260918_39_NUWE,A1 · CH · V3,CH_20260918_39_NUWE,PREVIOUSLY_VISUALLY_VERIFIED,CONTEXT_ONLY,NONE,NUWE,221,UNKNOWN for Phase 2 unless keyword-selected (not re-read now),UNKNOWN,
CH_20260918_45_NUWE,A1 · CH · V3,CH_20260918_45_NUWE,PREVIOUSLY_VISUALLY_VERIFIED,CONTEXT_ONLY,NONE,NUWE,166,UNKNOWN for Phase 2 unless keyword-selected (not re-read now),UNKNOWN,
CH_20260918_47_WETO,A1 · CH · V3,CH_20260918_47_WETO,PREVIOUSLY_VISUALLY_VERIFIED,CONTEXT_ONLY,NONE,WETO,293,UNKNOWN for Phase 2 unless keyword-selected (not re-read now),UNKNOWN,
CH_20260918_57_VEEE,A1 · CH · V3,CH_20260918_57_VEEE,PREVIOUSLY_VISUALLY_VERIFIED,CONTEXT_ONLY,NONE,VEEE,302,UNKNOWN for Phase 2 unless keyword-selected (not re-read now),UNKNOWN,
CH_20260918_58_VEEE,A1 · CH · V3,CH_20260918_58_VEEE,PREVIOUSLY_VISUALLY_VERIFIED,CONTEXT_ONLY,NONE,VEEE,319,UNKNOWN for Phase 2 unless keyword-selected (not re-read now),UNKNOWN,
CH_20260918_60_VEEE,A1 · CH · V3,CH_20260918_60_VEEE,PREVIOUSLY_VISUALLY_VERIFIED,RULE_EVIDENCE,NONE,VEEE,298,UNKNOWN for Phase 2 unless keyword-selected (not re-read now),UNKNOWN,
CH_20260918_63_ELPW,A1 · CH · V3,CH_20260918_63_ELPW,PREVIOUSLY_VISUALLY_VERIFIED,CONTEXT_ONLY,NONE,ELPW,302,UNKNOWN for Phase 2 unless keyword-selected (not re-read now),UNKNOWN,
CH_20260918_64_ELPW,A1 · CH · V3,CH_20260918_64_ELPW,PREVIOUSLY_VISUALLY_VERIFIED,CONTEXT_ONLY,NONE,ELPW,227,UNKNOWN for Phase 2 unless keyword-selected (not re-read now),UNKNOWN,
CH_20260918_65_ELPW,A1 · CH · V3,CH_20260918_65_ELPW,PREVIOUSLY_VISUALLY_VERIFIED,CONTEXT_ONLY,NONE,ELPW,228,UNKNOWN for Phase 2 unless keyword-selected (not re-read now),UNKNOWN,
CH_20261001_HS_01_DRMA,A1 · CH · V3,CH_20261001_HS_01_DRMA,PREVIOUSLY_VISUALLY_VERIFIED,RULE_EVIDENCE,NONE,DRMA,72,UNKNOWN for Phase 2 unless keyword-selected (not re-read now),UNKNOWN,
CH_20261001_HS_02_DCOY,A1 · CH · V3,CH_20261001_HS_02_DCOY,PREVIOUSLY_VISUALLY_VERIFIED,RULE_EVIDENCE,NONE,DCOY,252,UNKNOWN for Phase 2 unless keyword-selected (not re-read now),UNKNOWN,
EDU_20260827_dki_group_candle,A1 · EDU · V3,EDU_20260827_dki_group_candle,PREVIOUSLY_VISUALLY_VERIFIED,VALIDATION_CASE,REJECT,DKI,317,UNKNOWN for Phase 2 unless keyword-selected (not re-read now),UNKNOWN,
EDU_20260827_ma_rizq_rule_sle,A1 · EDU · V3,EDU_20260827_ma_rizq_rule_sle,"VISUALLY_VERIFIED_NOW (Phase 1, 2026-10-08)",VALIDATION_CASE,WAIT,DKI|SLE,789,assessed in Phase 1 (see fm_forensics/IMAGE_UTILIZATION_FINAL_AUDIT.md),no (Phase 1 basis),
EDU_20260827_school_two_models_ma_ladder,A1 · EDU · V3,EDU_20260827_school_two_models_ma_ladder,PREVIOUSLY_VISUALLY_VERIFIED,RULE_EVIDENCE,NONE,,648,UNKNOWN for Phase 2 unless keyword-selected (not re-read now),UNKNOWN,
EDU_20260827_sle_night_4am,A1 · EDU · V3,EDU_20260827_sle_night_4am,PREVIOUSLY_VISUALLY_VERIFIED,VALIDATION_CASE,WAIT,SLE,406,UNKNOWN for Phase 2 unless keyword-selected (not re-read now),UNKNOWN,
EDU_20260827_smxt_falling_model,A1 · EDU · V3,EDU_20260827_smxt_falling_model,PREVIOUSLY_VISUALLY_VERIFIED,VALIDATION_CASE,WAIT,SMXT,360,UNKNOWN for Phase 2 unless keyword-selected (not re-read now),UNKNOWN,
EDU_20260827_wnw_daily_after_explosion,A1 · EDU · V3,EDU_20260827_wnw_daily_after_explosion,PREVIOUSLY_VISUALLY_VERIFIED,CONTEXT_ONLY,NONE,WNW,393,UNKNOWN for Phase 2 unless keyword-selected (not re-read now),UNKNOWN,
EDU_20260827_wnw_entry_decision_4h,A1 · EDU · V3,EDU_20260827_wnw_entry_decision_4h,PREVIOUSLY_VISUALLY_VERIFIED,COUNTEREXAMPLE,NONE,WNW,338,UNKNOWN for Phase 2 unless keyword-selected (not re-read now),UNKNOWN,
EDU_20260827_wnw_precall_chinese,A1 · EDU · V3,EDU_20260827_wnw_precall_chinese,"VISUALLY_VERIFIED_NOW (Phase 1, 2026-10-08)",VALIDATION_CASE,READY,WNW,234,assessed in Phase 1 (see fm_forensics/IMAGE_UTILIZATION_FINAL_AUDIT.md),no (Phase 1 basis),
EDU_20260905_01,A1 · EDU · V3,EDU_20260905_01,PREVIOUSLY_VISUALLY_VERIFIED,RULE_EVIDENCE,NONE,LABT,325,UNKNOWN for Phase 2 unless keyword-selected (not re-read now),UNKNOWN,
EDU_20260905_02,A1 · EDU · V3,EDU_20260905_02,PREVIOUSLY_VISUALLY_VERIFIED,VALIDATION_CASE,WATCH,DCOY,344,UNKNOWN for Phase 2 unless keyword-selected (not re-read now),UNKNOWN,
EDU_20260918_10_pattern,A1 · EDU · V3,EDU_20260918_10_pattern,PREVIOUSLY_VISUALLY_VERIFIED,RULE_EVIDENCE,NONE,,45,UNKNOWN for Phase 2 unless keyword-selected (not re-read now),UNKNOWN,
EDU_20260918_44_doublebottom,A1 · EDU · V3,EDU_20260918_44_doublebottom,PREVIOUSLY_VISUALLY_VERIFIED,RULE_EVIDENCE,NONE,,654,UNKNOWN for Phase 2 unless keyword-selected (not re-read now),UNKNOWN,
EDU_20260918_56_three_inside_up,A1 · EDU · V3,EDU_20260918_56_three_inside_up,PREVIOUSLY_VISUALLY_VERIFIED,RULE_EVIDENCE,NONE,,118,UNKNOWN for Phase 2 unless keyword-selected (not re-read now),UNKNOWN,
IMG_0141,A1 · IMG · V3,IMG_0141,PREVIOUSLY_VISUALLY_VERIFIED,RULE_EVIDENCE,NONE,JEM,192,UNKNOWN for Phase 2 unless keyword-selected (not re-read now),UNKNOWN,
IMG_0142,A1 · IMG · V3,IMG_0142,PREVIOUSLY_VISUALLY_VERIFIED,VALIDATION_CASE,UNKNOWN,PAVS,176,UNKNOWN for Phase 2 unless keyword-selected (not re-read now),UNKNOWN,
IMG_0143,A1 · IMG · V3,IMG_0143,PREVIOUSLY_VISUALLY_VERIFIED,COUNTEREXAMPLE,NONE,JEM,727,UNKNOWN for Phase 2 unless keyword-selected (not re-read now),UNKNOWN,
IMG_0144,A1 · IMG · V3,IMG_0144,PREVIOUSLY_VISUALLY_VERIFIED,CONTEXT_ONLY,NONE,JEM,556,UNKNOWN for Phase 2 unless keyword-selected (not re-read now),UNKNOWN,
IMG_0149,A1 · IMG · V3,IMG_0149,PREVIOUSLY_VISUALLY_VERIFIED,CONTEXT_ONLY,NONE,WORX,349,UNKNOWN for Phase 2 unless keyword-selected (not re-read now),UNKNOWN,
IMG_0150,A1 · IMG · V3,IMG_0150,PREVIOUSLY_VISUALLY_VERIFIED,VALIDATION_CASE,WAIT,WORX,371,UNKNOWN for Phase 2 unless keyword-selected (not re-read now),UNKNOWN,
IMG_0151,A1 · IMG · V3,TG_1819,DUPLICATE,RULE_EVIDENCE,NONE,,195,NON-MATERIAL (duplicate of a verified unit),no,
IMG_0152,A1 · IMG · V3,IMG_0152,PREVIOUSLY_VISUALLY_VERIFIED,RULE_EVIDENCE,NONE,ZCMD,630,UNKNOWN for Phase 2 unless keyword-selected (not re-read now),UNKNOWN,
IMG_0153,A1 · IMG · V3,IMG_0153,PREVIOUSLY_VISUALLY_VERIFIED,COUNTEREXAMPLE,NONE,,660,UNKNOWN for Phase 2 unless keyword-selected (not re-read now),UNKNOWN,
IMG_0177,A1 · IMG · V3,IMG_0177,PREVIOUSLY_VISUALLY_VERIFIED,RULE_EVIDENCE,NONE,,567,UNKNOWN for Phase 2 unless keyword-selected (not re-read now),UNKNOWN,
IMG_0178,A1 · IMG · V3,IMG_0178,PREVIOUSLY_VISUALLY_VERIFIED,CONTEXT_ONLY,NONE,KUST,261,UNKNOWN for Phase 2 unless keyword-selected (not re-read now),UNKNOWN,
IMG_0179,A1 · IMG · V3,IMG_0179,PREVIOUSLY_VISUALLY_VERIFIED,RULE_EVIDENCE,NONE,KUST,617,UNKNOWN for Phase 2 unless keyword-selected (not re-read now),UNKNOWN,
IMG_0267,A1 · IMG · V3,TG_2196,DUPLICATE,VALIDATION_CASE,WAIT,ONCO,154,NON-MATERIAL (duplicate of a verified unit),no,
IMG_0289,A1 · IMG · V3,IMG_0289,PREVIOUSLY_VISUALLY_VERIFIED,RULE_EVIDENCE,NONE,JZ,98,UNKNOWN for Phase 2 unless keyword-selected (not re-read now),UNKNOWN,
IMG_0290,A1 · IMG · V3,IMG_0290,PREVIOUSLY_VISUALLY_VERIFIED,VALIDATION_CASE,WAIT,AZI,155,UNKNOWN for Phase 2 unless keyword-selected (not re-read now),UNKNOWN,
IMG_0291,A1 · IMG · V3,IMG_0291,VISUALLY_VERIFIED_NOW,"CONVERSATION (Faisal WhatsApp, DSY: split 23/2, open 3.47, high 4.12, float 1.25M, short 100; bought from the night ask 1.85)",READY,DSY,656,MATERIAL,no (reinforces),post-split open/high are Faisal's reference points; entry from the ask (counter to tranches rule)
IMG_0292,A1 · IMG · V3,IMG_0292,PREVIOUSLY_VISUALLY_VERIFIED,VALIDATION_CASE,UNKNOWN,ZCMD|AZI|DSY|EHGO,395,UNKNOWN for Phase 2 unless keyword-selected (not re-read now),UNKNOWN,
IMG_0293,A1 · IMG · V3,IMG_0293,PREVIOUSLY_VISUALLY_VERIFIED,VALIDATION_CASE,READY,EHGO,435,UNKNOWN for Phase 2 unless keyword-selected (not re-read now),UNKNOWN,
IMG_0294,A1 · IMG · V3,IMG_0294,PREVIOUSLY_VISUALLY_VERIFIED,RULE_EVIDENCE,NONE,JZ,158,UNKNOWN for Phase 2 unless keyword-selected (not re-read now),UNKNOWN,
IMG_0295,A1 · IMG · V3,IMG_0295,PREVIOUSLY_VISUALLY_VERIFIED,VALIDATION_CASE,WATCH,EZRA,179,UNKNOWN for Phase 2 unless keyword-selected (not re-read now),UNKNOWN,
IMG_0296,A1 · IMG · V3,IMG_0296,PREVIOUSLY_VISUALLY_VERIFIED,CONTEXT_ONLY,NONE,CCHH,285,UNKNOWN for Phase 2 unless keyword-selected (not re-read now),UNKNOWN,
IMG_0297,A1 · IMG · V3,IMG_0297,VISUALLY_VERIFIED_NOW,EDU channel (CCHH: 7–13% sweep convention; new-low formation; under watch),WATCH,CCHH,365,MATERIAL (previously verified),no,
IMG_0298,A1 · IMG · V3,IMG_0298,PREVIOUSLY_VISUALLY_VERIFIED,VALIDATION_CASE,WATCH,EDBL,140,UNKNOWN for Phase 2 unless keyword-selected (not re-read now),UNKNOWN,
IMG_0299,A1 · IMG · V3,IMG_0299,PREVIOUSLY_VISUALLY_VERIFIED,COUNTEREXAMPLE,NONE,DRCT,73,UNKNOWN for Phase 2 unless keyword-selected (not re-read now),UNKNOWN,
IMG_0300,A1 · IMG · V3,IMG_0300,PREVIOUSLY_VISUALLY_VERIFIED,VALIDATION_CASE,WATCH,DRCT,92,UNKNOWN for Phase 2 unless keyword-selected (not re-read now),UNKNOWN,
IMG_0301,A1 · IMG · V3,IMG_0301,PREVIOUSLY_VISUALLY_VERIFIED,VALIDATION_CASE,WAIT,JZ,105,UNKNOWN for Phase 2 unless keyword-selected (not re-read now),UNKNOWN,
IMG_0302,A1 · IMG · V3,IMG_0302,PREVIOUSLY_VISUALLY_VERIFIED,RULE_EVIDENCE,NONE,,381,UNKNOWN for Phase 2 unless keyword-selected (not re-read now),UNKNOWN,
IMG_0303,A1 · IMG · V3,TG_1807,DUPLICATE,RULE_EVIDENCE,NONE,LABT?,458,NON-MATERIAL (duplicate of a verified unit),no,
IMG_0304,A1 · IMG · V3,TG_2183,DUPLICATE,CONTEXT_ONLY,NONE,LABT,189,NON-MATERIAL (duplicate of a verified unit),no,
IMG_0305,A1 · IMG · V3,IMG_0305,PREVIOUSLY_VISUALLY_VERIFIED,RULE_EVIDENCE,NONE,UNK,184,UNKNOWN for Phase 2 unless keyword-selected (not re-read now),UNKNOWN,
IMG_0306,A1 · IMG · V3,IMG_0306,PREVIOUSLY_VISUALLY_VERIFIED,RULE_EVIDENCE,NONE,UNK,880,UNKNOWN for Phase 2 unless keyword-selected (not re-read now),UNKNOWN,
IMG_0314,A1 · IMG · V3,IMG_0314,PREVIOUSLY_VISUALLY_VERIFIED,RULE_EVIDENCE,NONE,JZ,134,UNKNOWN for Phase 2 unless keyword-selected (not re-read now),UNKNOWN,
IMG_0315,A1 · IMG · V3,IMG_0294,DUPLICATE,RULE_EVIDENCE,NONE,JZ,294,NON-MATERIAL (duplicate of a verified unit),no,
IMG_0316,A1 · IMG · V3,IMG_0316,PREVIOUSLY_VISUALLY_VERIFIED,VALIDATION_CASE,READY,JZ,489,UNKNOWN for Phase 2 unless keyword-selected (not re-read now),UNKNOWN,
IMG_0317,A1 · IMG · V3,IMG_0317,PREVIOUSLY_VISUALLY_VERIFIED,CONTEXT_ONLY,NONE,JZ,258,UNKNOWN for Phase 2 unless keyword-selected (not re-read now),UNKNOWN,
IMG_0318,A1 · IMG · V3,IMG_0318,PREVIOUSLY_VISUALLY_VERIFIED,CONTEXT_ONLY,NONE,JZ,229,UNKNOWN for Phase 2 unless keyword-selected (not re-read now),UNKNOWN,
IMG_0319,A1 · IMG · V3,IMG_0319,PREVIOUSLY_VISUALLY_VERIFIED,VALIDATION_CASE,WAIT,JZ,230,UNKNOWN for Phase 2 unless keyword-selected (not re-read now),UNKNOWN,
IMG_0320,A1 · IMG · V3,IMG_0320,PREVIOUSLY_VISUALLY_VERIFIED,VALIDATION_CASE,WAIT,ONCO,270,UNKNOWN for Phase 2 unless keyword-selected (not re-read now),UNKNOWN,
IMG_0329,A1 · IMG · V3,IMG_0329,PREVIOUSLY_VISUALLY_VERIFIED,NON_EVIDENCE,NONE,,967,UNKNOWN for Phase 2 unless keyword-selected (not re-read now),UNKNOWN,
IMG_0339,A1 · IMG · V3,IMG_0339,PREVIOUSLY_VISUALLY_VERIFIED,NON_EVIDENCE,NONE,,1614,UNKNOWN for Phase 2 unless keyword-selected (not re-read now),UNKNOWN,
IMG_0358,A1 · IMG · V3,TG_1877,DUPLICATE,RULE_EVIDENCE,NONE,YYAI,225,NON-MATERIAL (duplicate of a verified unit),no,
IMG_0359,A1 · IMG · V3,TG_1872,DUPLICATE,CONTEXT_ONLY,NONE,YYAI,382,NON-MATERIAL (duplicate of a verified unit),no,
IMG_0361,A1 · IMG · V3,IMG_0361,PREVIOUSLY_VISUALLY_VERIFIED,VALIDATION_CASE,WAIT,YYAI,329,UNKNOWN for Phase 2 unless keyword-selected (not re-read now),UNKNOWN,
IMG_0362,A1 · IMG · V3,IMG_0362,PREVIOUSLY_VISUALLY_VERIFIED,CONTEXT_ONLY,NONE,YYAI,264,UNKNOWN for Phase 2 unless keyword-selected (not re-read now),UNKNOWN,
IMG_0363,A1 · IMG · V3,IMG_0363,PREVIOUSLY_VISUALLY_VERIFIED,CONTEXT_ONLY,NONE,YYAI,85,UNKNOWN for Phase 2 unless keyword-selected (not re-read now),UNKNOWN,
IMG_0391,A1 · IMG · V3,IMG_0391,PREVIOUSLY_VISUALLY_VERIFIED,CONTEXT_ONLY,NONE,SPRC,241,UNKNOWN for Phase 2 unless keyword-selected (not re-read now),UNKNOWN,
IMG_0392,A1 · IMG · V3,IMG_0392,PREVIOUSLY_VISUALLY_VERIFIED,CONTEXT_ONLY,NONE,SPRC,204,UNKNOWN for Phase 2 unless keyword-selected (not re-read now),UNKNOWN,
IMG_0393,A1 · IMG · V3,IMG_0393,PREVIOUSLY_VISUALLY_VERIFIED,VALIDATION_CASE,WAIT,SPRC,257,UNKNOWN for Phase 2 unless keyword-selected (not re-read now),UNKNOWN,
IMG_0394,A1 · IMG · V3,IMG_0394,PREVIOUSLY_VISUALLY_VERIFIED,CONTEXT_ONLY,NONE,SPRC,224,UNKNOWN for Phase 2 unless keyword-selected (not re-read now),UNKNOWN,
IMG_0395,A1 · IMG · V3,IMG_0395,"VISUALLY_VERIFIED_NOW (Phase 1, 2026-10-08)",VALIDATION_CASE,READY,SPRC,294,assessed in Phase 1 (see fm_forensics/IMAGE_UTILIZATION_FINAL_AUDIT.md),no (Phase 1 basis),
IMG_0402,A1 · IMG · V3,IMG_0402,PREVIOUSLY_VISUALLY_VERIFIED,NON_EVIDENCE,NONE,SPRC,302,UNKNOWN for Phase 2 unless keyword-selected (not re-read now),UNKNOWN,
IMG_0413,A1 · IMG · V3,IMG_0413,PREVIOUSLY_VISUALLY_VERIFIED,VALIDATION_CASE,WAIT,NUWE,213,UNKNOWN for Phase 2 unless keyword-selected (not re-read now),UNKNOWN,
IMG_0414,A1 · IMG · V3,IMG_0414,PREVIOUSLY_VISUALLY_VERIFIED,VALIDATION_CASE,UNKNOWN,NUWE,261,UNKNOWN for Phase 2 unless keyword-selected (not re-read now),UNKNOWN,
IMG_0426,A1 · IMG · V3,IMG_0426,PREVIOUSLY_VISUALLY_VERIFIED,NON_EVIDENCE,NONE,,478,UNKNOWN for Phase 2 unless keyword-selected (not re-read now),UNKNOWN,
IMG_0430,A1 · IMG · V3,IMG_0430,VISUALLY_VERIFIED_NOW,CONVERSATION (owner↔assistant about the split tool flagging NUWE on close vs after-hours price),NONE,NUWE,884,NON-MATERIAL,no,owner note on session-price basis for the split hunter; not READY NOW
IMG_0486,A1 · IMG · V3,IMG_0486,"VISUALLY_VERIFIED_NOW (Phase 1, 2026-10-08)",COUNTEREXAMPLE,NONE,UPC,366,assessed in Phase 1 (see fm_forensics/IMAGE_UTILIZATION_FINAL_AUDIT.md),no (Phase 1 basis),
IMG_0488,A1 · IMG · V3,IMG_0488,PREVIOUSLY_VISUALLY_VERIFIED,VALIDATION_CASE,WAIT,UNK,384,UNKNOWN for Phase 2 unless keyword-selected (not re-read now),UNKNOWN,
IMG_0494,A1 · IMG · V3,IMG_0494,PREVIOUSLY_VISUALLY_VERIFIED,RULE_EVIDENCE,NONE,UNK,69,UNKNOWN for Phase 2 unless keyword-selected (not re-read now),UNKNOWN,
IMG_0495,A1 · IMG · V3,IMG_0495,PREVIOUSLY_VISUALLY_VERIFIED,CONTEXT_ONLY,NONE,UNK,373,UNKNOWN for Phase 2 unless keyword-selected (not re-read now),UNKNOWN,
IMG_0496,A1 · IMG · V3,IMG_0496,PREVIOUSLY_VISUALLY_VERIFIED,RULE_EVIDENCE,NONE,UPC,676,UNKNOWN for Phase 2 unless keyword-selected (not re-read now),UNKNOWN,
IMG_0497,A1 · IMG · V3,IMG_0497,PREVIOUSLY_VISUALLY_VERIFIED,COUNTEREXAMPLE,NONE,,602,UNKNOWN for Phase 2 unless keyword-selected (not re-read now),UNKNOWN,
IMG_0498,A1 · IMG · V3,IMG_0498,PREVIOUSLY_VISUALLY_VERIFIED,RULE_EVIDENCE,NONE,UPC,688,UNKNOWN for Phase 2 unless keyword-selected (not re-read now),UNKNOWN,
IMG_0500,A1 · IMG · V3,IMG_0500,PREVIOUSLY_VISUALLY_VERIFIED,RULE_EVIDENCE,NONE,CUPR,576,UNKNOWN for Phase 2 unless keyword-selected (not re-read now),UNKNOWN,
IMG_0505,A1 · IMG · V3,IMG_0505,PREVIOUSLY_VISUALLY_VERIFIED,VALIDATION_CASE,UNKNOWN,ADIL,318,UNKNOWN for Phase 2 unless keyword-selected (not re-read now),UNKNOWN,
IMG_0506,A1 · IMG · V3,IMG_0506,PREVIOUSLY_VISUALLY_VERIFIED,RULE_EVIDENCE,NONE,,883,UNKNOWN for Phase 2 unless keyword-selected (not re-read now),UNKNOWN,
IMG_0507,A1 · IMG · V3,IMG_0507,PREVIOUSLY_VISUALLY_VERIFIED,CONTEXT_ONLY,NONE,SLXN,296,UNKNOWN for Phase 2 unless keyword-selected (not re-read now),UNKNOWN,
IMG_0508,A1 · IMG · V3,IMG_0508,PREVIOUSLY_VISUALLY_VERIFIED,VALIDATION_CASE,WAIT,SLXN,353,UNKNOWN for Phase 2 unless keyword-selected (not re-read now),UNKNOWN,
IMG_0509,A1 · IMG · V3,IMG_0509,PREVIOUSLY_VISUALLY_VERIFIED,RULE_EVIDENCE,NONE,,646,UNKNOWN for Phase 2 unless keyword-selected (not re-read now),UNKNOWN,
IMG_0510,A1 · IMG · V3,IMG_0510,PREVIOUSLY_VISUALLY_VERIFIED,VALIDATION_CASE,WAIT,CANF,565,UNKNOWN for Phase 2 unless keyword-selected (not re-read now),UNKNOWN,
IMG_0511,A1 · IMG · V3,IMG_0511,PREVIOUSLY_VISUALLY_VERIFIED,CONTEXT_ONLY,NONE,CANF,45,UNKNOWN for Phase 2 unless keyword-selected (not re-read now),UNKNOWN,
IMG_0512,A1 · IMG · V3,IMG_0512,"VISUALLY_VERIFIED_NOW (Phase 1, 2026-10-08)",VALIDATION_CASE,WAIT,CANF,464,assessed in Phase 1 (see fm_forensics/IMAGE_UTILIZATION_FINAL_AUDIT.md),no (Phase 1 basis),
IMG_0513,A1 · IMG · V3,IMG_0513,PREVIOUSLY_VISUALLY_VERIFIED,VALIDATION_CASE,WAIT,CANF,495,UNKNOWN for Phase 2 unless keyword-selected (not re-read now),UNKNOWN,
IMG_0531,A1 · IMG · V3,IMG_0531,"VISUALLY_VERIFIED_NOW (Phase 1, 2026-10-08)",RULE_EVIDENCE,NONE,,656,assessed in Phase 1 (see fm_forensics/IMAGE_UTILIZATION_FINAL_AUDIT.md),no (Phase 1 basis),
IMG_0566,A1 · IMG · V3,IMG_0566,PREVIOUSLY_VISUALLY_VERIFIED,VALIDATION_CASE,WAIT,MNDR,414,UNKNOWN for Phase 2 unless keyword-selected (not re-read now),UNKNOWN,
IMG_0567,A1 · IMG · V3,IMG_0567,PREVIOUSLY_VISUALLY_VERIFIED,CONTEXT_ONLY,NONE,MNDR,254,UNKNOWN for Phase 2 unless keyword-selected (not re-read now),UNKNOWN,
IMG_0568,A1 · IMG · V3,IMG_0568,PREVIOUSLY_VISUALLY_VERIFIED,CONTEXT_ONLY,NONE,MNDR,193,UNKNOWN for Phase 2 unless keyword-selected (not re-read now),UNKNOWN,
IMG_0569,A1 · IMG · V3,IMG_0569,PREVIOUSLY_VISUALLY_VERIFIED,VALIDATION_CASE,WAIT,MNDR,471,UNKNOWN for Phase 2 unless keyword-selected (not re-read now),UNKNOWN,
IMG_0570,A1 · IMG · V3,IMG_0570,PREVIOUSLY_VISUALLY_VERIFIED,CONTEXT_ONLY,NONE,MNDR,227,UNKNOWN for Phase 2 unless keyword-selected (not re-read now),UNKNOWN,
IMG_0587,A1 · IMG · V3,IMG_0587,PREVIOUSLY_VISUALLY_VERIFIED,VALIDATION_CASE,READY,UPC,132,UNKNOWN for Phase 2 unless keyword-selected (not re-read now),UNKNOWN,
IMG_0602,A1 · IMG · V3,IMG_0602,PREVIOUSLY_VISUALLY_VERIFIED,VALIDATION_CASE,WAIT,CANF,84,UNKNOWN for Phase 2 unless keyword-selected (not re-read now),UNKNOWN,
IMG_0617,A1 · IMG · V3,IMG_0617,PREVIOUSLY_VISUALLY_VERIFIED,VALIDATION_CASE,READY,EZRA,308,UNKNOWN for Phase 2 unless keyword-selected (not re-read now),UNKNOWN,
IMG_0618,A1 · IMG · V3,IMG_0618,VISUALLY_VERIFIED_NOW,NON_EVIDENCE (third-party reply),NONE,EZRA,313,NON-MATERIAL,no,
IMG_0627,A1 · IMG · V3,IMG_0627,PREVIOUSLY_VISUALLY_VERIFIED,VALIDATION_CASE,WAIT,DXST,335,UNKNOWN for Phase 2 unless keyword-selected (not re-read now),UNKNOWN,
IMG_0628,A1 · IMG · V3,IMG_0627,DUPLICATE,VALIDATION_CASE,NONE,DXST,252,NON-MATERIAL (duplicate of a verified unit),no,
IMG_0645,A1 · IMG · V3,IMG_0645,PREVIOUSLY_VISUALLY_VERIFIED,VALIDATION_CASE,WAIT,TDIC,155,UNKNOWN for Phase 2 unless keyword-selected (not re-read now),UNKNOWN,
IMG_0647,A1 · IMG · V3,IMG_0647,PREVIOUSLY_VISUALLY_VERIFIED,VALIDATION_CASE,READY,TDIC,479,UNKNOWN for Phase 2 unless keyword-selected (not re-read now),UNKNOWN,
IMG_0648,A1 · IMG · V3,IMG_0648,PREVIOUSLY_VISUALLY_VERIFIED,VALIDATION_CASE,WAIT,TDIC,300,UNKNOWN for Phase 2 unless keyword-selected (not re-read now),UNKNOWN,
IMG_0659,A1 · IMG · V3,IMG_0659,PREVIOUSLY_VISUALLY_VERIFIED,VALIDATION_CASE,READY,TDIC,344,UNKNOWN for Phase 2 unless keyword-selected (not re-read now),UNKNOWN,
IMG_0688,A1 · IMG · V3,IMG_0688,PREVIOUSLY_VISUALLY_VERIFIED,VALIDATION_CASE,WAIT,DXST,560,UNKNOWN for Phase 2 unless keyword-selected (not re-read now),UNKNOWN,
IMG_0689,A1 · IMG · V3,IMG_0689,VISUALLY_VERIFIED_NOW,DIRECT_FAISAL_TEXT (watch intraday support 2.72 or prior support 2.50; wait for market pressure OR settle at current support; break of retest = other supports),WAIT,DXST,290,MATERIAL,YES — hold-or-pressure branch (with X_13_NUWE),
IMG_0690,A1 · IMG · V3,IMG_0690,PREVIOUSLY_VISUALLY_VERIFIED,RULE_EVIDENCE,NONE,DXST,415,UNKNOWN for Phase 2 unless keyword-selected (not re-read now),UNKNOWN,
IMG_0691,A1 · IMG · V3,IMG_0569,DUPLICATE,VALIDATION_CASE,WAIT,MNDR,445,NON-MATERIAL (duplicate of a verified unit),no,
IMG_0692,A1 · IMG · V3,IMG_0570,DUPLICATE,CONTEXT_ONLY,NONE,MNDR,281,NON-MATERIAL (duplicate of a verified unit),no,
IMG_0696,A1 · IMG · V3,IMG_0696,PREVIOUSLY_VISUALLY_VERIFIED,CONTEXT_ONLY,NONE,ZNB,477,UNKNOWN for Phase 2 unless keyword-selected (not re-read now),UNKNOWN,
IMG_0697,A1 · IMG · V3,IMG_0697,PREVIOUSLY_VISUALLY_VERIFIED,VALIDATION_CASE,WAIT,ZNB,250,UNKNOWN for Phase 2 unless keyword-selected (not re-read now),UNKNOWN,
IMG_0698,A1 · IMG · V3,IMG_0698,PREVIOUSLY_VISUALLY_VERIFIED,VALIDATION_CASE,WAIT,ZNB,280,UNKNOWN for Phase 2 unless keyword-selected (not re-read now),UNKNOWN,
IMG_0746,A1 · IMG · V3,IMG_0746,PREVIOUSLY_VISUALLY_VERIFIED,COUNTEREXAMPLE,NONE,,487,UNKNOWN for Phase 2 unless keyword-selected (not re-read now),UNKNOWN,
IMG_8126,A1 · IMG · V3,IMG_8126,PREVIOUSLY_VISUALLY_VERIFIED,VALIDATION_CASE,UNKNOWN,SVRE,605,UNKNOWN for Phase 2 unless keyword-selected (not re-read now),UNKNOWN,
IMG_8127,A1 · IMG · V3,IMG_8127,PREVIOUSLY_VISUALLY_VERIFIED,VALIDATION_CASE,WAIT,MWC,392,UNKNOWN for Phase 2 unless keyword-selected (not re-read now),UNKNOWN,
IMG_8133,A1 · IMG · V3,TG_2019,DUPLICATE,VALIDATION_CASE,WAIT,MBRX,663,NON-MATERIAL (duplicate of a verified unit),no,
IMG_8136,A1 · IMG · V3,IMG_8136,PREVIOUSLY_VISUALLY_VERIFIED,VALIDATION_CASE,UNKNOWN,BNKK,517,UNKNOWN for Phase 2 unless keyword-selected (not re-read now),UNKNOWN,
IMG_8242,A1 · IMG · V3,IMG_8242,PREVIOUSLY_VISUALLY_VERIFIED,VALIDATION_CASE,WAIT,HTCR|HTCO,474,UNKNOWN for Phase 2 unless keyword-selected (not re-read now),UNKNOWN,
IMG_9493,A1 · IMG · V3,IMG_9493,PREVIOUSLY_VISUALLY_VERIFIED,CONTEXT_ONLY,NONE,XHLD,1728,UNKNOWN for Phase 2 unless keyword-selected (not re-read now),UNKNOWN,
IMG_9923,A1 · IMG · V3,IMG_9923,PREVIOUSLY_VISUALLY_VERIFIED,CONTEXT_ONLY,NONE,SPRC,1614,UNKNOWN for Phase 2 unless keyword-selected (not re-read now),UNKNOWN,
IMG_9925,A1 · IMG · V3,IMG_9925,PREVIOUSLY_VISUALLY_VERIFIED,VALIDATION_CASE,UNKNOWN,SPRC,1219,UNKNOWN for Phase 2 unless keyword-selected (not re-read now),UNKNOWN,
TG_1806,A1 · TG · V3,TG_1806,DUPLICATE,CONTEXT_ONLY,NONE,MTEX,274,NON-MATERIAL (duplicate of a verified unit),no,
TG_1807,A1 · TG · V3,TG_1807,VISUALLY_VERIFIED_NOW,DIRECT_FAISAL_TEXT (split 22-6 → MA30 reached from the split date; groups hyped two weeks before; operator dropped to 1.66; entry 1.70–1.80 after MA reached),NONE,,595,MATERIAL,YES — Focus/Watch clock starts at the split date,
TG_1808,A1 · TG · V3,TG_1808,PREVIOUSLY_VISUALLY_VERIFIED,CONTEXT_ONLY,NONE,MTEX,101,UNKNOWN for Phase 2 unless keyword-selected (not re-read now),UNKNOWN,
TG_1809,A1 · TG · V3,TG_1809,PREVIOUSLY_VISUALLY_VERIFIED,RULE_EVIDENCE,NONE,,543,UNKNOWN for Phase 2 unless keyword-selected (not re-read now),UNKNOWN,
TG_1810,A1 · TG · V3,TG_2042,VISUALLY_VERIFIED_NOW,"DIRECT_FAISAL_TEXT (2026-02-07 pivot stocks: time cycle / MA 30–50, RSI oversold, 1% failure, wait for operator, tranches, patience)",NONE,,916,MATERIAL,no (reinforces Ready definition),
TG_1811,A1 · TG · V3,IMG_0153,VISUALLY_VERIFIED_NOW,DIRECT_FAISAL_TEXT (positive-drop models: split stock MA 20>30>50; first post-split open ÷2 unless it rose >20%; sweep to 2; short <50k; target first falling candle = 100%; no groups; entry with orders not from the ask),NONE,,707,MATERIAL,no (reinforces post-split regime as the chart reference),
TG_1812,A1 · TG · V3,TG_1812,PREVIOUSLY_VISUALLY_VERIFIED,RULE_EVIDENCE,NONE,,263,UNKNOWN for Phase 2 unless keyword-selected (not re-read now),UNKNOWN,
TG_1813,A1 · TG · V3,TG_1813,VISUALLY_VERIFIED_NOW,DIRECT_FAISAL_TEXT (short targets; split model restated; MA20 reveals groups/new lows; falling candle target),NONE,,853,MATERIAL,no,
TG_1814,A1 · TG · V3,TG_1814,PREVIOUSLY_VISUALLY_VERIFIED,RULE_EVIDENCE,NONE,,630,UNKNOWN for Phase 2 unless keyword-selected (not re-read now),UNKNOWN,
TG_1815,A1 · TG · V3,TG_1815,PREVIOUSLY_VISUALLY_VERIFIED,RULE_EVIDENCE,NONE,,230,UNKNOWN for Phase 2 unless keyword-selected (not re-read now),UNKNOWN,
TG_1816,A1 · TG · V3,TG_1816,PREVIOUSLY_VISUALLY_VERIFIED,VALIDATION_CASE,WAIT,LABT,114,UNKNOWN for Phase 2 unless keyword-selected (not re-read now),UNKNOWN,
TG_1817,A1 · TG · V3,TG_1817,PREVIOUSLY_VISUALLY_VERIFIED,RULE_EVIDENCE,NONE,LABT,252,UNKNOWN for Phase 2 unless keyword-selected (not re-read now),UNKNOWN,
TG_1818,A1 · TG · V3,TG_1818,PREVIOUSLY_VISUALLY_VERIFIED,CONTEXT_ONLY,NONE,INLF|RBNE|HODO|XAIR|WLDS,232,UNKNOWN for Phase 2 unless keyword-selected (not re-read now),UNKNOWN,
TG_1819,A1 · TG · V3,TG_1819,VISUALLY_VERIFIED_NOW,DIRECT_FAISAL_TEXT (split stock MA30>50; held its low 3 sessions; short <20k; float <2M; target 100%; no groups),NONE,,222,MATERIAL,no (core split recipe),
TG_1820,A1 · TG · V3,TG_1820,PREVIOUSLY_VISUALLY_VERIFIED,CONTEXT_ONLY,NONE,LABT,20,UNKNOWN for Phase 2 unless keyword-selected (not re-read now),UNKNOWN,
TG_1821,A1 · TG · V3,TG_1821,VISUALLY_VERIFIED_NOW,"CONVERSATION (owner↔A.Alghamdi screener table + borrow fee table; 'INLF fine if 2.40 holds', 'RBNE just split, no judgement', 'make sure no groups')",MULTI,INLF|RBNE|HODO|XAIR|WLDS,234,NON-MATERIAL (third party),no,shows the owner's earlier manual screen
TG_1822,A1 · TG · V3,TG_1822,"VISUALLY_VERIFIED_NOW (Phase 1, 2026-10-08)",VALIDATION_CASE,WAIT,EHGO,653,assessed in Phase 1 (see fm_forensics/IMAGE_UTILIZATION_FINAL_AUDIT.md),no (Phase 1 basis),
TG_1823,A1 · TG · V3,TG_1823,PREVIOUSLY_VISUALLY_VERIFIED,CONTEXT_ONLY,NONE,DSY,40,UNKNOWN for Phase 2 unless keyword-selected (not re-read now),UNKNOWN,
TG_1824,A1 · TG · V3,TG_1824,VISUALLY_VERIFIED_NOW,"DIRECT_FAISAL_TEXT (LNAI card 2026-06-15: short available 0, split date 22/5, highest rise 3.38 = liberation, 4h low 2.08 hammer, float 3.11M, US, news)",UNKNOWN,LNAI,978,MATERIAL,no (card format = Focus inputs incl. split date),
TG_1825,A1 · TG · V3,TG_1825,PREVIOUSLY_VISUALLY_VERIFIED,NON_EVIDENCE,NONE,BTC,736,UNKNOWN for Phase 2 unless keyword-selected (not re-read now),UNKNOWN,
TG_1826,A1 · TG · V3,TG_1826,PREVIOUSLY_VISUALLY_VERIFIED,RULE_EVIDENCE,NONE,DSY|ZCMD,387,UNKNOWN for Phase 2 unless keyword-selected (not re-read now),UNKNOWN,
TG_1827,A1 · TG · V3,TG_1827,PREVIOUSLY_VISUALLY_VERIFIED,CONTEXT_ONLY,NONE,DSY,85,UNKNOWN for Phase 2 unless keyword-selected (not re-read now),UNKNOWN,
TG_1828,A1 · TG · V3,TG_1828,"VISUALLY_VERIFIED_NOW (Phase 1, 2026-10-08)",VALIDATION_CASE,WATCH,ZCMD,32,assessed in Phase 1 (see fm_forensics/IMAGE_UTILIZATION_FINAL_AUDIT.md),no (Phase 1 basis),
TG_1829,A1 · TG · V3,TG_1829,PREVIOUSLY_VISUALLY_VERIFIED,RULE_EVIDENCE,NONE,ZCMD,474,UNKNOWN for Phase 2 unless keyword-selected (not re-read now),UNKNOWN,
TG_1830,A1 · TG · V3,TG_1830,VISUALLY_VERIFIED_NOW,"DIRECT_CHART (LABT 4h: falling candle 3→1.97, sweep to 1.66)",NONE,LABT,251,NON-MATERIAL,no,
TG_1831,A1 · TG · V3,TG_1831,PREVIOUSLY_VISUALLY_VERIFIED,VALIDATION_CASE,WAIT,LABT,630,UNKNOWN for Phase 2 unless keyword-selected (not re-read now),UNKNOWN,
TG_1832,A1 · TG · V3,TG_1820,DUPLICATE,CONTEXT_ONLY,NONE,LABT,223,NON-MATERIAL (duplicate of a verified unit),no,
TG_1833,A1 · TG · V3,TG_1833,PREVIOUSLY_VISUALLY_VERIFIED,VALIDATION_CASE,WAIT,CANF,341,UNKNOWN for Phase 2 unless keyword-selected (not re-read now),UNKNOWN,
TG_1834,A1 · TG · V3,TG_1834,PREVIOUSLY_VISUALLY_VERIFIED,RULE_EVIDENCE,NONE,SPRC,71,UNKNOWN for Phase 2 unless keyword-selected (not re-read now),UNKNOWN,
TG_1835,A1 · TG · V3,TG_1835,"VISUALLY_VERIFIED_NOW (Phase 1, 2026-10-08)",VALIDATION_CASE,REJECT,LABT,397,assessed in Phase 1 (see fm_forensics/IMAGE_UTILIZATION_FINAL_AUDIT.md),no (Phase 1 basis),
TG_1836,A1 · TG · V3,TG_1836,PREVIOUSLY_VISUALLY_VERIFIED,CONTEXT_ONLY,NONE,PPCB,50,UNKNOWN for Phase 2 unless keyword-selected (not re-read now),UNKNOWN,
TG_1837,A1 · TG · V3,TG_1837,PREVIOUSLY_VISUALLY_VERIFIED,CONTEXT_ONLY,NONE,PPCB,531,UNKNOWN for Phase 2 unless keyword-selected (not re-read now),UNKNOWN,
TG_1838,A1 · TG · V3,TG_1838,PREVIOUSLY_VISUALLY_VERIFIED,VALIDATION_CASE,UNKNOWN,PPCB,122,UNKNOWN for Phase 2 unless keyword-selected (not re-read now),UNKNOWN,
TG_1839,A1 · TG · V3,TG_1839,PREVIOUSLY_VISUALLY_VERIFIED,CONTEXT_ONLY,NONE,SPRC,247,UNKNOWN for Phase 2 unless keyword-selected (not re-read now),UNKNOWN,
TG_1840,A1 · TG · V3,TG_1840,PREVIOUSLY_VISUALLY_VERIFIED,COUNTEREXAMPLE,NONE,SPRC,601,UNKNOWN for Phase 2 unless keyword-selected (not re-read now),UNKNOWN,
TG_1841,A1 · TG · V3,TG_1841,PREVIOUSLY_VISUALLY_VERIFIED,RULE_EVIDENCE,NONE,SPRC,449,UNKNOWN for Phase 2 unless keyword-selected (not re-read now),UNKNOWN,
TG_1842,A1 · TG · V3,IMG_9925,DUPLICATE,VALIDATION_CASE,UNKNOWN,SPRC,168,NON-MATERIAL (duplicate of a verified unit),no,
TG_1843,A1 · TG · V3,TG_1843,"VISUALLY_VERIFIED_NOW (Phase 1, 2026-10-08)",VALIDATION_CASE,READY,SPRC,270,assessed in Phase 1 (see fm_forensics/IMAGE_UTILIZATION_FINAL_AUDIT.md),no (Phase 1 basis),
TG_1844,A1 · TG · V3,TG_1844,PREVIOUSLY_VISUALLY_VERIFIED,RULE_EVIDENCE,NONE,SPRC,300,UNKNOWN for Phase 2 unless keyword-selected (not re-read now),UNKNOWN,
TG_1845,A1 · TG · V3,TG_1845,"VISUALLY_VERIFIED_NOW (Phase 1, 2026-10-08)",VALIDATION_CASE,WAIT,TRUG,580,assessed in Phase 1 (see fm_forensics/IMAGE_UTILIZATION_FINAL_AUDIT.md),no (Phase 1 basis),
TG_1846,A1 · TG · V3,IMG_9923,DUPLICATE,CONTEXT_ONLY,NONE,SPRC,1440,NON-MATERIAL (duplicate of a verified unit),no,
TG_1847,A1 · TG · V3,TG_1847,PREVIOUSLY_VISUALLY_VERIFIED,CONTEXT_ONLY,NONE,TRUG,143,UNKNOWN for Phase 2 unless keyword-selected (not re-read now),UNKNOWN,
TG_1848,A1 · TG · V3,TG_1848,PREVIOUSLY_VISUALLY_VERIFIED,RULE_EVIDENCE,NONE,TRUG,147,UNKNOWN for Phase 2 unless keyword-selected (not re-read now),UNKNOWN,
TG_1849,A1 · TG · V3,TG_1849,PREVIOUSLY_VISUALLY_VERIFIED,VALIDATION_CASE,WAIT,TRUG,302,UNKNOWN for Phase 2 unless keyword-selected (not re-read now),UNKNOWN,
TG_1850,A1 · TG · V3,TG_1850,PREVIOUSLY_VISUALLY_VERIFIED,RULE_EVIDENCE,NONE,TRUG,167,UNKNOWN for Phase 2 unless keyword-selected (not re-read now),UNKNOWN,
TG_1851,A1 · TG · V3,TG_1851,PREVIOUSLY_VISUALLY_VERIFIED,VALIDATION_CASE,UNKNOWN,EZRA,128,UNKNOWN for Phase 2 unless keyword-selected (not re-read now),UNKNOWN,
TG_1853,A1 · TG · V3,TG_1853,PREVIOUSLY_VISUALLY_VERIFIED,RULE_EVIDENCE,NONE,TRUG,334,UNKNOWN for Phase 2 unless keyword-selected (not re-read now),UNKNOWN,
TG_1854,A1 · TG · V3,TG_1840,DUPLICATE,COUNTEREXAMPLE,NONE,SPRC,523,NON-MATERIAL (duplicate of a verified unit),no,
TG_1855,A1 · TG · V3,IMG_0394,DUPLICATE,CONTEXT_ONLY,NONE,SPRC,236,NON-MATERIAL (duplicate of a verified unit),no,
TG_1856,A1 · TG · V3,TG_1843,DUPLICATE,VALIDATION_CASE,NONE,SPRC,251,NON-MATERIAL (duplicate of a verified unit),no,
TG_1857,A1 · TG · V3,TG_1857,PREVIOUSLY_VISUALLY_VERIFIED,VALIDATION_CASE,WAIT,PIII,229,UNKNOWN for Phase 2 unless keyword-selected (not re-read now),UNKNOWN,
TG_1858,A1 · TG · V3,TG_1858,PREVIOUSLY_VISUALLY_VERIFIED,RULE_EVIDENCE,NONE,NAMM,100,UNKNOWN for Phase 2 unless keyword-selected (not re-read now),UNKNOWN,
TG_1859,A1 · TG · V3,TG_2275,DUPLICATE,CONTEXT_ONLY,NONE,EZRA,265,NON-MATERIAL (duplicate of a verified unit),no,
TG_1860,A1 · TG · V3,TG_1860,"VISUALLY_VERIFIED_NOW (Phase 1, 2026-10-08)",VALIDATION_CASE,READY,PIII,552,assessed in Phase 1 (see fm_forensics/IMAGE_UTILIZATION_FINAL_AUDIT.md),no (Phase 1 basis),
TG_1861,A1 · TG · V3,TG_1861,PREVIOUSLY_VISUALLY_VERIFIED,CONTEXT_ONLY,NONE,PIII,280,UNKNOWN for Phase 2 unless keyword-selected (not re-read now),UNKNOWN,
TG_1862,A1 · TG · V3,TG_1862,PREVIOUSLY_VISUALLY_VERIFIED,CONTEXT_ONLY,NONE,PIII,335,UNKNOWN for Phase 2 unless keyword-selected (not re-read now),UNKNOWN,
TG_1863,A1 · TG · V3,TG_1863,PREVIOUSLY_VISUALLY_VERIFIED,RULE_EVIDENCE,NONE,,186,UNKNOWN for Phase 2 unless keyword-selected (not re-read now),UNKNOWN,
TG_1864,A1 · TG · V3,TG_1864,PREVIOUSLY_VISUALLY_VERIFIED,VALIDATION_CASE,READY,,154,UNKNOWN for Phase 2 unless keyword-selected (not re-read now),UNKNOWN,
TG_1865,A1 · TG · V3,TG_1865,PREVIOUSLY_VISUALLY_VERIFIED,RULE_EVIDENCE,NONE,VEEE,206,UNKNOWN for Phase 2 unless keyword-selected (not re-read now),UNKNOWN,
TG_1866,A1 · TG · V3,TG_1866,PREVIOUSLY_VISUALLY_VERIFIED,RULE_EVIDENCE,NONE,SPPL,340,UNKNOWN for Phase 2 unless keyword-selected (not re-read now),UNKNOWN,
TG_1867,A1 · TG · V3,TG_1867,PREVIOUSLY_VISUALLY_VERIFIED,COUNTEREXAMPLE,NONE,,454,UNKNOWN for Phase 2 unless keyword-selected (not re-read now),UNKNOWN,
TG_1868,A1 · TG · V3,TG_1868,PREVIOUSLY_VISUALLY_VERIFIED,RULE_EVIDENCE,NONE,,306,UNKNOWN for Phase 2 unless keyword-selected (not re-read now),UNKNOWN,
TG_1869,A1 · TG · V3,TG_1869,PREVIOUSLY_VISUALLY_VERIFIED,CONTEXT_ONLY,NONE,GWAV,254,UNKNOWN for Phase 2 unless keyword-selected (not re-read now),UNKNOWN,
TG_1870,A1 · TG · V3,TG_1870,"VISUALLY_VERIFIED_NOW (Phase 1, 2026-10-08)",RULE_EVIDENCE,NONE,,669,assessed in Phase 1 (see fm_forensics/IMAGE_UTILIZATION_FINAL_AUDIT.md),no (Phase 1 basis),
TG_1871,A1 · TG · V3,TG_1871,PREVIOUSLY_VISUALLY_VERIFIED,CONTEXT_ONLY,NONE,SPPL,529,UNKNOWN for Phase 2 unless keyword-selected (not re-read now),UNKNOWN,
TG_1872,A1 · TG · V3,TG_1872,PREVIOUSLY_VISUALLY_VERIFIED,CONTEXT_ONLY,NONE,YYAI,394,UNKNOWN for Phase 2 unless keyword-selected (not re-read now),UNKNOWN,
TG_1873,A1 · TG · V3,IMG_8242,DUPLICATE,VALIDATION_CASE,WAIT,HTCR|HTCO,434,NON-MATERIAL (duplicate of a verified unit),no,
TG_1874,A1 · TG · V3,TG_1874,PREVIOUSLY_VISUALLY_VERIFIED,CONTEXT_ONLY,NONE,HTCR,272,UNKNOWN for Phase 2 unless keyword-selected (not re-read now),UNKNOWN,
TG_1875,A1 · TG · V3,TG_1875,PREVIOUSLY_VISUALLY_VERIFIED,CONTEXT_ONLY,NONE,CDTG,256,UNKNOWN for Phase 2 unless keyword-selected (not re-read now),UNKNOWN,
TG_1876,A1 · TG · V3,TG_1876,"VISUALLY_VERIFIED_NOW (Phase 1, 2026-10-08)",VALIDATION_CASE,WAIT,YYAI,848,assessed in Phase 1 (see fm_forensics/IMAGE_UTILIZATION_FINAL_AUDIT.md),no (Phase 1 basis),
TG_1877,A1 · TG · V3,TG_1877,PREVIOUSLY_VISUALLY_VERIFIED,RULE_EVIDENCE,NONE,YYAI,279,UNKNOWN for Phase 2 unless keyword-selected (not re-read now),UNKNOWN,
TG_1878,A1 · TG · V3,TG_1908,DUPLICATE,VALIDATION_CASE,NONE,SMX,224,NON-MATERIAL (duplicate of a verified unit),no,
TG_1879,A1 · TG · V3,TG_1994,DUPLICATE,CONTEXT_ONLY,NONE,CDIO,185,NON-MATERIAL (duplicate of a verified unit),no,
TG_1880,A1 · TG · V3,TG_1880,PREVIOUSLY_VISUALLY_VERIFIED,COUNTEREXAMPLE,NONE,CDIO,108,UNKNOWN for Phase 2 unless keyword-selected (not re-read now),UNKNOWN,
TG_1881,A1 · TG · V3,TG_1881,PREVIOUSLY_VISUALLY_VERIFIED,CONTEXT_ONLY,NONE,BNKK,310,UNKNOWN for Phase 2 unless keyword-selected (not re-read now),UNKNOWN,
TG_1882,A1 · TG · V3,TG_2104,DUPLICATE,CONTEXT_ONLY,NONE,SMX,143,NON-MATERIAL (duplicate of a verified unit),no,
TG_1883,A1 · TG · V3,TG_1883,PREVIOUSLY_VISUALLY_VERIFIED,CONTEXT_ONLY,NONE,INHD,287,UNKNOWN for Phase 2 unless keyword-selected (not re-read now),UNKNOWN,
TG_1884,A1 · TG · V3,TG_2020,DUPLICATE,CONTEXT_ONLY,NONE,MBRX,285,NON-MATERIAL (duplicate of a verified unit),no,
TG_1885,A1 · TG · V3,TG_2021,DUPLICATE,CONTEXT_ONLY,NONE,MBRX,268,NON-MATERIAL (duplicate of a verified unit),no,
TG_1886,A1 · TG · V3,IMG_8136,DUPLICATE,VALIDATION_CASE,UNKNOWN,BNKK,569,NON-MATERIAL (duplicate of a verified unit),no,
TG_1887,A1 · TG · V3,TG_1903,DUPLICATE,CONTEXT_ONLY,NONE,GWAV,95,NON-MATERIAL (duplicate of a verified unit),no,
TG_1888,A1 · TG · V3,TG_1902,DUPLICATE,RULE_EVIDENCE,NONE,GWAV,239,NON-MATERIAL (duplicate of a verified unit),no,
TG_1889,A1 · TG · V3,TG_2019,DUPLICATE,VALIDATION_CASE,WAIT,MBRX,661,NON-MATERIAL (duplicate of a verified unit),no,
TG_1890,A1 · TG · V3,TG_1896,DUPLICATE,CONTEXT_ONLY,NONE,MWC,315,NON-MATERIAL (duplicate of a verified unit),no,
TG_1891,A1 · TG · V3,TG_1893,DUPLICATE,CONTEXT_ONLY,NONE,MWC,353,NON-MATERIAL (duplicate of a verified unit),no,
TG_1892,A1 · TG · V3,TG_1892,PREVIOUSLY_VISUALLY_VERIFIED,VALIDATION_CASE,UNKNOWN,GWAV,492,UNKNOWN for Phase 2 unless keyword-selected (not re-read now),UNKNOWN,
TG_1893,A1 · TG · V3,TG_1893,PREVIOUSLY_VISUALLY_VERIFIED,CONTEXT_ONLY,NONE,MWC,359,UNKNOWN for Phase 2 unless keyword-selected (not re-read now),UNKNOWN,
TG_1894,A1 · TG · V3,IMG_8126,DUPLICATE,VALIDATION_CASE,UNKNOWN,SVRE,587,NON-MATERIAL (duplicate of a verified unit),no,
TG_1895,A1 · TG · V3,IMG_8127,DUPLICATE,VALIDATION_CASE,WAIT,MWC,423,NON-MATERIAL (duplicate of a verified unit),no,
TG_1896,A1 · TG · V3,TG_1896,PREVIOUSLY_VISUALLY_VERIFIED,CONTEXT_ONLY,NONE,MWC,311,UNKNOWN for Phase 2 unless keyword-selected (not re-read now),UNKNOWN,
TG_1900,A1 · TG · V3,TG_1900,PREVIOUSLY_VISUALLY_VERIFIED,CONTEXT_ONLY,NONE,ASST,325,UNKNOWN for Phase 2 unless keyword-selected (not re-read now),UNKNOWN,
TG_1901,A1 · TG · V3,TG_1901,PREVIOUSLY_VISUALLY_VERIFIED,CONTEXT_ONLY,NONE,ASST,375,UNKNOWN for Phase 2 unless keyword-selected (not re-read now),UNKNOWN,
TG_1902,A1 · TG · V3,TG_1902,"VISUALLY_VERIFIED_NOW (Phase 1, 2026-10-08)",RULE_EVIDENCE,NONE,GWAV,268,assessed in Phase 1 (see fm_forensics/IMAGE_UTILIZATION_FINAL_AUDIT.md),no (Phase 1 basis),
TG_1903,A1 · TG · V3,TG_1903,PREVIOUSLY_VISUALLY_VERIFIED,CONTEXT_ONLY,NONE,GWAV,104,UNKNOWN for Phase 2 unless keyword-selected (not re-read now),UNKNOWN,
TG_1905,A1 · TG · V3,TG_1905,PREVIOUSLY_VISUALLY_VERIFIED,RULE_EVIDENCE,NONE,,433,UNKNOWN for Phase 2 unless keyword-selected (not re-read now),UNKNOWN,
TG_1906,A1 · TG · V3,TG_2179,DUPLICATE,VALIDATION_CASE,NONE,NCT,30,NON-MATERIAL (duplicate of a verified unit),no,
TG_1907,A1 · TG · V3,TG_1907,PREVIOUSLY_VISUALLY_VERIFIED,RULE_EVIDENCE,NONE,QMMM|RGC|SMX,757,UNKNOWN for Phase 2 unless keyword-selected (not re-read now),UNKNOWN,
TG_1908,A1 · TG · V3,TG_1908,PREVIOUSLY_VISUALLY_VERIFIED,VALIDATION_CASE,WAIT,SMX,85,UNKNOWN for Phase 2 unless keyword-selected (not re-read now),UNKNOWN,
TG_1909,A1 · TG · V3,TG_1909,PREVIOUSLY_VISUALLY_VERIFIED,CONTEXT_ONLY,NONE,,28,UNKNOWN for Phase 2 unless keyword-selected (not re-read now),UNKNOWN,
TG_1910,A1 · TG · V3,TG_1943,DUPLICATE,CONTEXT_ONLY,NONE,ZNB,344,NON-MATERIAL (duplicate of a verified unit),no,
TG_1911,A1 · TG · V3,TG_1944,DUPLICATE,RULE_EVIDENCE,NONE,PRFX,442,NON-MATERIAL (duplicate of a verified unit),no,
TG_1912,A1 · TG · V3,TG_1945,DUPLICATE,RULE_EVIDENCE,NONE,PRFX,358,NON-MATERIAL (duplicate of a verified unit),no,
TG_1913,A1 · TG · V3,TG_1946,DUPLICATE,RULE_EVIDENCE,NONE,PRFX,367,NON-MATERIAL (duplicate of a verified unit),no,
TG_1914,A1 · TG · V3,TG_1947,DUPLICATE,VALIDATION_CASE,UNKNOWN,CLIK,146,NON-MATERIAL (duplicate of a verified unit),no,
TG_1915,A1 · TG · V3,TG_1943,DUPLICATE,CONTEXT_ONLY,NONE,ZNB,331,NON-MATERIAL (duplicate of a verified unit),no,
TG_1916,A1 · TG · V3,TG_1949,DUPLICATE,CONTEXT_ONLY,NONE,PRFX,336,NON-MATERIAL (duplicate of a verified unit),no,
TG_1917,A1 · TG · V3,TG_1950,DUPLICATE,CONTEXT_ONLY,NONE,RENX,353,NON-MATERIAL (duplicate of a verified unit),no,
TG_1918,A1 · TG · V3,TG_1918,PREVIOUSLY_VISUALLY_VERIFIED,CONTEXT_ONLY,NONE,CNMD,54,UNKNOWN for Phase 2 unless keyword-selected (not re-read now),UNKNOWN,
TG_1919,A1 · TG · V3,TG_1953,DUPLICATE,CONTEXT_ONLY,NONE,EZRA,26,NON-MATERIAL (duplicate of a verified unit),no,
TG_1920,A1 · TG · V3,TG_1954,DUPLICATE,CONTEXT_ONLY,NONE,EZRA,36,NON-MATERIAL (duplicate of a verified unit),no,
TG_1921,A1 · TG · V3,TG_1955,DUPLICATE,CONTEXT_ONLY,NONE,PCLA,216,NON-MATERIAL (duplicate of a verified unit),no,
TG_1922,A1 · TG · V3,TG_1956,DUPLICATE,VALIDATION_CASE,UNKNOWN,FRGT,99,NON-MATERIAL (duplicate of a verified unit),no,
TG_1923,A1 · TG · V3,TG_2072,DUPLICATE,CONTEXT_ONLY,NONE,EHGO,170,NON-MATERIAL (duplicate of a verified unit),no,
TG_1924,A1 · TG · V3,TG_1962,DUPLICATE,RULE_EVIDENCE,NONE,ADIL,340,NON-MATERIAL (duplicate of a verified unit),no,
TG_1925,A1 · TG · V3,TG_1968,DUPLICATE,CONTEXT_ONLY,NONE,AUUD,286,NON-MATERIAL (duplicate of a verified unit),no,
TG_1926,A1 · TG · V3,TG_1975,DUPLICATE,CONTEXT_ONLY,NONE,VEEE,257,NON-MATERIAL (duplicate of a verified unit),no,
TG_1927,A1 · TG · V3,TG_1975,DUPLICATE,CONTEXT_ONLY,NONE,VEEE,249,NON-MATERIAL (duplicate of a verified unit),no,
TG_1928,A1 · TG · V3,TG_1974,DUPLICATE,CONTEXT_ONLY,NONE,LFS,248,NON-MATERIAL (duplicate of a verified unit),no,
TG_1929,A1 · TG · V3,TG_1973,DUPLICATE,CONTEXT_ONLY,NONE,ADIL,335,NON-MATERIAL (duplicate of a verified unit),no,
TG_1930,A1 · TG · V3,TG_1988,DUPLICATE,CONTEXT_ONLY,NONE,ELAB,49,NON-MATERIAL (duplicate of a verified unit),no,
TG_1931,A1 · TG · V3,TG_1987,DUPLICATE,CONTEXT_ONLY,NONE,ELAB,46,NON-MATERIAL (duplicate of a verified unit),no,
TG_1932,A1 · TG · V3,TG_1932,PREVIOUSLY_VISUALLY_VERIFIED,CONTEXT_ONLY,NONE,CDIO,34,UNKNOWN for Phase 2 unless keyword-selected (not re-read now),UNKNOWN,
TG_1933,A1 · TG · V3,TG_1933,PREVIOUSLY_VISUALLY_VERIFIED,VALIDATION_CASE,WAIT,CDIO,136,UNKNOWN for Phase 2 unless keyword-selected (not re-read now),UNKNOWN,
TG_1934,A1 · TG · V3,TG_1932,DUPLICATE,CONTEXT_ONLY,NONE,CDIO,81,NON-MATERIAL (duplicate of a verified unit),no,
TG_1935,A1 · TG · V3,TG_1994,DUPLICATE,CONTEXT_ONLY,NONE,CDIO,201,NON-MATERIAL (duplicate of a verified unit),no,
TG_1936,A1 · TG · V3,TG_1993,DUPLICATE,CONTEXT_ONLY,NONE,ELAB,26,NON-MATERIAL (duplicate of a verified unit),no,
TG_1937,A1 · TG · V3,TG_1992,DUPLICATE,CONTEXT_ONLY,NONE,ELAB,64,NON-MATERIAL (duplicate of a verified unit),no,
TG_1938,A1 · TG · V3,TG_1988,DUPLICATE,CONTEXT_ONLY,NONE,ELAB,211,NON-MATERIAL (duplicate of a verified unit),no,
TG_1939,A1 · TG · V3,TG_2000,DUPLICATE,CONTEXT_ONLY,NONE,NXTT,202,NON-MATERIAL (duplicate of a verified unit),no,
TG_1940,A1 · TG · V3,TG_2038,DUPLICATE,CONTEXT_ONLY,NONE,ADIL,247,NON-MATERIAL (duplicate of a verified unit),no,
TG_1941,A1 · TG · V3,TG_1941,PREVIOUSLY_VISUALLY_VERIFIED,CONTEXT_ONLY,NONE,BIRD,51,UNKNOWN for Phase 2 unless keyword-selected (not re-read now),UNKNOWN,
TG_1942,A1 · TG · V3,TG_1942,PREVIOUSLY_VISUALLY_VERIFIED,CONTEXT_ONLY,NONE,BIRD,0,UNKNOWN for Phase 2 unless keyword-selected (not re-read now),UNKNOWN,
TG_1943,A1 · TG · V3,TG_1943,PREVIOUSLY_VISUALLY_VERIFIED,CONTEXT_ONLY,NONE,ZNB,364,UNKNOWN for Phase 2 unless keyword-selected (not re-read now),UNKNOWN,
TG_1944,A1 · TG · V3,TG_1944,PREVIOUSLY_VISUALLY_VERIFIED,RULE_EVIDENCE,NONE,PRFX,435,UNKNOWN for Phase 2 unless keyword-selected (not re-read now),UNKNOWN,
TG_1945,A1 · TG · V3,TG_1945,PREVIOUSLY_VISUALLY_VERIFIED,RULE_EVIDENCE,NONE,PRFX,407,UNKNOWN for Phase 2 unless keyword-selected (not re-read now),UNKNOWN,
TG_1946,A1 · TG · V3,TG_1946,PREVIOUSLY_VISUALLY_VERIFIED,RULE_EVIDENCE,NONE,PRFX,334,UNKNOWN for Phase 2 unless keyword-selected (not re-read now),UNKNOWN,
TG_1947,A1 · TG · V3,TG_1947,VISUALLY_VERIFIED_NOW,"DIRECT_FAISAL_TEXT (CLIK levels: last support 1.60, held 1.84, accumulation zone 1.95, liberation 2.21)",UNKNOWN,CLIK,203,NON-MATERIAL,no,consistent with zone/support rules; the 'anchor' keyword hit was spurious
TG_1948,A1 · TG · V3,TG_1943,DUPLICATE,CONTEXT_ONLY,NONE,ZNB,337,NON-MATERIAL (duplicate of a verified unit),no,
TG_1949,A1 · TG · V3,TG_1949,PREVIOUSLY_VISUALLY_VERIFIED,CONTEXT_ONLY,NONE,PRFX,347,UNKNOWN for Phase 2 unless keyword-selected (not re-read now),UNKNOWN,
TG_1950,A1 · TG · V3,TG_1950,PREVIOUSLY_VISUALLY_VERIFIED,CONTEXT_ONLY,NONE,RENX,374,UNKNOWN for Phase 2 unless keyword-selected (not re-read now),UNKNOWN,
TG_1951,A1 · TG · V3,TG_1951,PREVIOUSLY_VISUALLY_VERIFIED,VALIDATION_CASE,UNKNOWN,CNMD,76,UNKNOWN for Phase 2 unless keyword-selected (not re-read now),UNKNOWN,
TG_1952,A1 · TG · V3,TG_1918,DUPLICATE,CONTEXT_ONLY,NONE,CNMD,179,NON-MATERIAL (duplicate of a verified unit),no,
TG_1953,A1 · TG · V3,TG_1953,PREVIOUSLY_VISUALLY_VERIFIED,CONTEXT_ONLY,NONE,EZRA,15,UNKNOWN for Phase 2 unless keyword-selected (not re-read now),UNKNOWN,
TG_1954,A1 · TG · V3,TG_1954,PREVIOUSLY_VISUALLY_VERIFIED,CONTEXT_ONLY,NONE,EZRA,43,UNKNOWN for Phase 2 unless keyword-selected (not re-read now),UNKNOWN,
TG_1955,A1 · TG · V3,TG_1955,PREVIOUSLY_VISUALLY_VERIFIED,CONTEXT_ONLY,NONE,PCLA,239,UNKNOWN for Phase 2 unless keyword-selected (not re-read now),UNKNOWN,
TG_1956,A1 · TG · V3,TG_1956,PREVIOUSLY_VISUALLY_VERIFIED,VALIDATION_CASE,UNKNOWN,FRGT,97,UNKNOWN for Phase 2 unless keyword-selected (not re-read now),UNKNOWN,
TG_1957,A1 · TG · V3,TG_1957,PREVIOUSLY_VISUALLY_VERIFIED,VALIDATION_CASE,UNKNOWN,EZRA,688,UNKNOWN for Phase 2 unless keyword-selected (not re-read now),UNKNOWN,
TG_1958,A1 · TG · V3,TG_1822,VISUALLY_VERIFIED_NOW,"DIRECT_FAISAL_TEXT (EHGO 2026-05-22: split 20/4, open 2.80, 2.80÷2=1.40, MA after split, support 1.52, sweep 10% then reclaim, wait for operator)",WAIT,EHGO,640,MATERIAL,no (reinforces),post-split open as reference; hold-or-sweep; operator wait
TG_1959,A1 · TG · V3,TG_1959,PREVIOUSLY_VISUALLY_VERIFIED,RULE_EVIDENCE,NONE,,800,UNKNOWN for Phase 2 unless keyword-selected (not re-read now),UNKNOWN,
TG_1960,A1 · TG · V3,TG_1959,DUPLICATE,RULE_EVIDENCE,NONE,,713,NON-MATERIAL (duplicate of a verified unit),no,
TG_1961,A1 · TG · V3,TG_1961,PREVIOUSLY_VISUALLY_VERIFIED,CONTEXT_ONLY,NONE,PIII,119,UNKNOWN for Phase 2 unless keyword-selected (not re-read now),UNKNOWN,
TG_1962,A1 · TG · V3,TG_1962,PREVIOUSLY_VISUALLY_VERIFIED,RULE_EVIDENCE,NONE,ADIL,380,UNKNOWN for Phase 2 unless keyword-selected (not re-read now),UNKNOWN,
TG_1963,A1 · TG · V3,TG_1963,"VISUALLY_VERIFIED_NOW (Phase 1, 2026-10-08)",VALIDATION_CASE,READY,ERNA,335,assessed in Phase 1 (see fm_forensics/IMAGE_UTILIZATION_FINAL_AUDIT.md),no (Phase 1 basis),
TG_1964,A1 · TG · V3,TG_1964,VISUALLY_VERIFIED_NOW,DIRECT_FAISAL_TEXT (PIII: how to tell pre-market vs market rise; not every stock fits),NONE,PIII,374,NON-MATERIAL,no,
TG_1965,A1 · TG · V3,TG_1965,PREVIOUSLY_VISUALLY_VERIFIED,CONTEXT_ONLY,NONE,PIII,202,UNKNOWN for Phase 2 unless keyword-selected (not re-read now),UNKNOWN,
TG_1966,A1 · TG · V3,TG_1966,PREVIOUSLY_VISUALLY_VERIFIED,RULE_EVIDENCE,NONE,,452,UNKNOWN for Phase 2 unless keyword-selected (not re-read now),UNKNOWN,
TG_1967,A1 · TG · V3,TG_1967,PREVIOUSLY_VISUALLY_VERIFIED,RULE_EVIDENCE,NONE,,604,UNKNOWN for Phase 2 unless keyword-selected (not re-read now),UNKNOWN,
TG_1968,A1 · TG · V3,TG_1968,PREVIOUSLY_VISUALLY_VERIFIED,CONTEXT_ONLY,NONE,AUUD,270,UNKNOWN for Phase 2 unless keyword-selected (not re-read now),UNKNOWN,
TG_1969,A1 · TG · V3,TG_1969,PREVIOUSLY_VISUALLY_VERIFIED,RULE_EVIDENCE,NONE,AUUD,575,UNKNOWN for Phase 2 unless keyword-selected (not re-read now),UNKNOWN,
TG_1970,A1 · TG · V3,TG_1975,DUPLICATE,CONTEXT_ONLY,NONE,VEEE,286,NON-MATERIAL (duplicate of a verified unit),no,
TG_1971,A1 · TG · V3,TG_1971,PREVIOUSLY_VISUALLY_VERIFIED,CONTEXT_ONLY,NONE,SMX,205,UNKNOWN for Phase 2 unless keyword-selected (not re-read now),UNKNOWN,
TG_1972,A1 · TG · V3,TG_1972,PREVIOUSLY_VISUALLY_VERIFIED,CONTEXT_ONLY,NONE,VEEE,245,UNKNOWN for Phase 2 unless keyword-selected (not re-read now),UNKNOWN,
TG_1973,A1 · TG · V3,TG_1973,PREVIOUSLY_VISUALLY_VERIFIED,CONTEXT_ONLY,NONE,ADIL,331,UNKNOWN for Phase 2 unless keyword-selected (not re-read now),UNKNOWN,
TG_1974,A1 · TG · V3,TG_1974,PREVIOUSLY_VISUALLY_VERIFIED,CONTEXT_ONLY,NONE,LFS,339,UNKNOWN for Phase 2 unless keyword-selected (not re-read now),UNKNOWN,
TG_1975,A1 · TG · V3,TG_1975,PREVIOUSLY_VISUALLY_VERIFIED,CONTEXT_ONLY,NONE,VEEE,257,UNKNOWN for Phase 2 unless keyword-selected (not re-read now),UNKNOWN,
TG_1976,A1 · TG · V3,TG_1976,PREVIOUSLY_VISUALLY_VERIFIED,CONTEXT_ONLY,NONE,JDZG,284,UNKNOWN for Phase 2 unless keyword-selected (not re-read now),UNKNOWN,
TG_1977,A1 · TG · V3,TG_1977,PREVIOUSLY_VISUALLY_VERIFIED,CONTEXT_ONLY,NONE,,34,UNKNOWN for Phase 2 unless keyword-selected (not re-read now),UNKNOWN,
TG_1978,A1 · TG · V3,TG_1978,PREVIOUSLY_VISUALLY_VERIFIED,COUNTEREXAMPLE,NONE,,589,UNKNOWN for Phase 2 unless keyword-selected (not re-read now),UNKNOWN,
TG_1979,A1 · TG · V3,TG_1979,PREVIOUSLY_VISUALLY_VERIFIED,RULE_EVIDENCE,NONE,,781,UNKNOWN for Phase 2 unless keyword-selected (not re-read now),UNKNOWN,
TG_1980,A1 · TG · V3,TG_1980,PREVIOUSLY_VISUALLY_VERIFIED,RULE_EVIDENCE,NONE,,657,UNKNOWN for Phase 2 unless keyword-selected (not re-read now),UNKNOWN,
TG_1981,A1 · TG · V3,TG_1981,PREVIOUSLY_VISUALLY_VERIFIED,VALIDATION_CASE,UNKNOWN,TLIH,85,UNKNOWN for Phase 2 unless keyword-selected (not re-read now),UNKNOWN,
TG_1982,A1 · TG · V3,TG_1982,PREVIOUSLY_VISUALLY_VERIFIED,CONTEXT_ONLY,NONE,TLIH,303,UNKNOWN for Phase 2 unless keyword-selected (not re-read now),UNKNOWN,
TG_1983,A1 · TG · V3,TG_1981,DUPLICATE,VALIDATION_CASE,NONE,TLIH,343,NON-MATERIAL (duplicate of a verified unit),no,
TG_1984,A1 · TG · V3,TG_1984,PREVIOUSLY_VISUALLY_VERIFIED,CONTEXT_ONLY,NONE,ELPW,290,UNKNOWN for Phase 2 unless keyword-selected (not re-read now),UNKNOWN,
TG_1985,A1 · TG · V3,TG_1985,"VISUALLY_VERIFIED_NOW (Phase 1, 2026-10-08)",VALIDATION_CASE,MULTI,ELPW,459,assessed in Phase 1 (see fm_forensics/IMAGE_UTILIZATION_FINAL_AUDIT.md),no (Phase 1 basis),
TG_1986,A1 · TG · V3,TG_1932,DUPLICATE,CONTEXT_ONLY,NONE,CDIO,151,NON-MATERIAL (duplicate of a verified unit),no,
TG_1987,A1 · TG · V3,TG_1987,PREVIOUSLY_VISUALLY_VERIFIED,CONTEXT_ONLY,NONE,ELAB,13,UNKNOWN for Phase 2 unless keyword-selected (not re-read now),UNKNOWN,
TG_1988,A1 · TG · V3,TG_1988,PREVIOUSLY_VISUALLY_VERIFIED,CONTEXT_ONLY,NONE,ELAB,36,UNKNOWN for Phase 2 unless keyword-selected (not re-read now),UNKNOWN,
TG_1989,A1 · TG · V3,TG_1989,"VISUALLY_VERIFIED_NOW (Phase 1, 2026-10-08)",VALIDATION_CASE,WAIT,CDIO,427,assessed in Phase 1 (see fm_forensics/IMAGE_UTILIZATION_FINAL_AUDIT.md),no (Phase 1 basis),
TG_1990,A1 · TG · V3,TG_1932,DUPLICATE,CONTEXT_ONLY,NONE,CDIO,83,NON-MATERIAL (duplicate of a verified unit),no,
TG_1992,A1 · TG · V3,TG_1992,PREVIOUSLY_VISUALLY_VERIFIED,CONTEXT_ONLY,NONE,ELAB,50,UNKNOWN for Phase 2 unless keyword-selected (not re-read now),UNKNOWN,
TG_1993,A1 · TG · V3,TG_1993,PREVIOUSLY_VISUALLY_VERIFIED,CONTEXT_ONLY,NONE,ELAB,26,UNKNOWN for Phase 2 unless keyword-selected (not re-read now),UNKNOWN,
TG_1994,A1 · TG · V3,TG_1994,PREVIOUSLY_VISUALLY_VERIFIED,CONTEXT_ONLY,NONE,CDIO,190,UNKNOWN for Phase 2 unless keyword-selected (not re-read now),UNKNOWN,
TG_1995,A1 · TG · V3,TG_1995,PREVIOUSLY_VISUALLY_VERIFIED,CONTEXT_ONLY,NONE,ELAB,87,UNKNOWN for Phase 2 unless keyword-selected (not re-read now),UNKNOWN,
TG_1996,A1 · TG · V3,TG_1988,DUPLICATE,CONTEXT_ONLY,NONE,ELAB,250,NON-MATERIAL (duplicate of a verified unit),no,
TG_1997,A1 · TG · V3,TG_1997,"VISUALLY_VERIFIED_NOW (Phase 1, 2026-10-08)",VALIDATION_CASE,WATCH,ELAB,213,assessed in Phase 1 (see fm_forensics/IMAGE_UTILIZATION_FINAL_AUDIT.md),no (Phase 1 basis),
TG_1998,A1 · TG · V3,TG_1998,PREVIOUSLY_VISUALLY_VERIFIED,RULE_EVIDENCE,NONE,ELAB,123,UNKNOWN for Phase 2 unless keyword-selected (not re-read now),UNKNOWN,
TG_1999,A1 · TG · V3,TG_1999,PREVIOUSLY_VISUALLY_VERIFIED,VALIDATION_CASE,UNKNOWN,NXTT,680,UNKNOWN for Phase 2 unless keyword-selected (not re-read now),UNKNOWN,
TG_2000,A1 · TG · V3,TG_2000,PREVIOUSLY_VISUALLY_VERIFIED,CONTEXT_ONLY,NONE,NXTT,209,UNKNOWN for Phase 2 unless keyword-selected (not re-read now),UNKNOWN,
TG_2001,A1 · TG · V3,TG_2001,"VISUALLY_VERIFIED_NOW (Phase 1, 2026-10-08)",VALIDATION_CASE,WAIT,,354,assessed in Phase 1 (see fm_forensics/IMAGE_UTILIZATION_FINAL_AUDIT.md),no (Phase 1 basis),
TG_2002,A1 · TG · V3,TG_2002,PREVIOUSLY_VISUALLY_VERIFIED,RULE_EVIDENCE,NONE,,0,UNKNOWN for Phase 2 unless keyword-selected (not re-read now),UNKNOWN,
TG_2003,A1 · TG · V3,TG_2003,PREVIOUSLY_VISUALLY_VERIFIED,CONTEXT_ONLY,NONE,,44,UNKNOWN for Phase 2 unless keyword-selected (not re-read now),UNKNOWN,
TG_2004,A1 · TG · V3,TG_2004,PREVIOUSLY_VISUALLY_VERIFIED,RULE_EVIDENCE,NONE,FUSE,260,UNKNOWN for Phase 2 unless keyword-selected (not re-read now),UNKNOWN,
TG_2005,A1 · TG · V3,TG_2005,PREVIOUSLY_VISUALLY_VERIFIED,CONTEXT_ONLY,NONE,SBDS,85,UNKNOWN for Phase 2 unless keyword-selected (not re-read now),UNKNOWN,
TG_2007,A1 · TG · V3,TG_2007,PREVIOUSLY_VISUALLY_VERIFIED,CONTEXT_ONLY,NONE,HCAI,291,UNKNOWN for Phase 2 unless keyword-selected (not re-read now),UNKNOWN,
TG_2008,A1 · TG · V3,TG_2008,PREVIOUSLY_VISUALLY_VERIFIED,CONTEXT_ONLY,NONE,HCAI,319,UNKNOWN for Phase 2 unless keyword-selected (not re-read now),UNKNOWN,
TG_2009,A1 · TG · V3,TG_2009,PREVIOUSLY_VISUALLY_VERIFIED,CONTEXT_ONLY,NONE,HCAI,338,UNKNOWN for Phase 2 unless keyword-selected (not re-read now),UNKNOWN,
TG_2010,A1 · TG · V3,TG_1814,DUPLICATE,RULE_EVIDENCE,NONE,,459,NON-MATERIAL (duplicate of a verified unit),no,
TG_2011,A1 · TG · V3,TG_2011,PREVIOUSLY_VISUALLY_VERIFIED,CONTEXT_ONLY,NONE,ACCL,345,UNKNOWN for Phase 2 unless keyword-selected (not re-read now),UNKNOWN,
TG_2012,A1 · TG · V3,TG_2012,PREVIOUSLY_VISUALLY_VERIFIED,CONTEXT_ONLY,NONE,ACCL,324,UNKNOWN for Phase 2 unless keyword-selected (not re-read now),UNKNOWN,
TG_2013,A1 · TG · V3,TG_2013,PREVIOUSLY_VISUALLY_VERIFIED,CONTEXT_ONLY,NONE,IXHL,117,UNKNOWN for Phase 2 unless keyword-selected (not re-read now),UNKNOWN,
TG_2014,A1 · TG · V3,TG_2014,PREVIOUSLY_VISUALLY_VERIFIED,CONTEXT_ONLY,NONE,IXHL,418,UNKNOWN for Phase 2 unless keyword-selected (not re-read now),UNKNOWN,
TG_2015,A1 · TG · V3,TG_2015,PREVIOUSLY_VISUALLY_VERIFIED,CONTEXT_ONLY,NONE,IXHL,268,UNKNOWN for Phase 2 unless keyword-selected (not re-read now),UNKNOWN,
TG_2016,A1 · TG · V3,TG_2016,PREVIOUSLY_VISUALLY_VERIFIED,CONTEXT_ONLY,NONE,ENPH,442,UNKNOWN for Phase 2 unless keyword-selected (not re-read now),UNKNOWN,
TG_2017,A1 · TG · V3,TG_2017,PREVIOUSLY_VISUALLY_VERIFIED,VALIDATION_CASE,UNKNOWN,ENPH,213,UNKNOWN for Phase 2 unless keyword-selected (not re-read now),UNKNOWN,
TG_2018,A1 · TG · V3,TG_2018,PREVIOUSLY_VISUALLY_VERIFIED,CONTEXT_ONLY,NONE,BJDX,210,UNKNOWN for Phase 2 unless keyword-selected (not re-read now),UNKNOWN,
TG_2019,A1 · TG · V3,TG_2019,PREVIOUSLY_VISUALLY_VERIFIED,VALIDATION_CASE,WAIT,MBRX,802,UNKNOWN for Phase 2 unless keyword-selected (not re-read now),UNKNOWN,
TG_2020,A1 · TG · V3,TG_2020,PREVIOUSLY_VISUALLY_VERIFIED,CONTEXT_ONLY,NONE,MBRX,283,UNKNOWN for Phase 2 unless keyword-selected (not re-read now),UNKNOWN,
TG_2021,A1 · TG · V3,TG_2021,PREVIOUSLY_VISUALLY_VERIFIED,CONTEXT_ONLY,NONE,MBRX,287,UNKNOWN for Phase 2 unless keyword-selected (not re-read now),UNKNOWN,
TG_2022,A1 · TG · V3,TG_2022,PREVIOUSLY_VISUALLY_VERIFIED,CONTEXT_ONLY,NONE,GWAV,383,UNKNOWN for Phase 2 unless keyword-selected (not re-read now),UNKNOWN,
TG_2023,A1 · TG · V3,TG_2023,PREVIOUSLY_VISUALLY_VERIFIED,CONTEXT_ONLY,NONE,EHGO,439,UNKNOWN for Phase 2 unless keyword-selected (not re-read now),UNKNOWN,
TG_2024,A1 · TG · V3,TG_2024,PREVIOUSLY_VISUALLY_VERIFIED,CONTEXT_ONLY,NONE,EHGO,282,UNKNOWN for Phase 2 unless keyword-selected (not re-read now),UNKNOWN,
TG_2025,A1 · TG · V3,TG_2025,PREVIOUSLY_VISUALLY_VERIFIED,CONTEXT_ONLY,NONE,GWAV,264,UNKNOWN for Phase 2 unless keyword-selected (not re-read now),UNKNOWN,
TG_2026,A1 · TG · V3,TG_2072,DUPLICATE,CONTEXT_ONLY,NONE,EHGO,261,NON-MATERIAL (duplicate of a verified unit),no,
TG_20260905_01,A1 · TG · V3,TG_20260905_01,PREVIOUSLY_VISUALLY_VERIFIED,RULE_EVIDENCE,NONE,,0,UNKNOWN for Phase 2 unless keyword-selected (not re-read now),UNKNOWN,
TG_20260905_02,A1 · TG · V3,TG_20260905_02,PREVIOUSLY_VISUALLY_VERIFIED,VALIDATION_CASE,UNKNOWN,,56,UNKNOWN for Phase 2 unless keyword-selected (not re-read now),UNKNOWN,
TG_20260905_03,A1 · TG · V3,TG_20260905_03,PREVIOUSLY_VISUALLY_VERIFIED,COUNTEREXAMPLE,NONE,ZCMD|JZ|EZRA|ICU,62,UNKNOWN for Phase 2 unless keyword-selected (not re-read now),UNKNOWN,
TG_20260905_04,A1 · TG · V3,TG_20260905_04,PREVIOUSLY_VISUALLY_VERIFIED,VALIDATION_CASE,WAIT,,355,UNKNOWN for Phase 2 unless keyword-selected (not re-read now),UNKNOWN,
TG_20260905_05,A1 · TG · V3,TG_20260905_06,DUPLICATE,VALIDATION_CASE,NONE,SNAL,379,NON-MATERIAL (duplicate of a verified unit),no,
TG_20260905_06,A1 · TG · V3,TG_20260905_06,"VISUALLY_VERIFIED_NOW (Phase 1, 2026-10-08)",VALIDATION_CASE,UNKNOWN,SNAL,383,assessed in Phase 1 (see fm_forensics/IMAGE_UTILIZATION_FINAL_AUDIT.md),no (Phase 1 basis),
TG_20260905_07,A1 · TG · V3,TG_20260905_07,PREVIOUSLY_VISUALLY_VERIFIED,VALIDATION_CASE,WAIT,MSGY,308,UNKNOWN for Phase 2 unless keyword-selected (not re-read now),UNKNOWN,
TG_20260905_08,A1 · TG · V3,TG_20260905_08,PREVIOUSLY_VISUALLY_VERIFIED,VALIDATION_CASE,UNKNOWN,STKH,312,UNKNOWN for Phase 2 unless keyword-selected (not re-read now),UNKNOWN,
TG_20260905_09,A1 · TG · V3,TG_20260905_09,PREVIOUSLY_VISUALLY_VERIFIED,VALIDATION_CASE,WAIT,STKH,317,UNKNOWN for Phase 2 unless keyword-selected (not re-read now),UNKNOWN,
TG_20260918_06_CPOP,A1 · TG · V3,TG_20260918_06_CPOP,PREVIOUSLY_VISUALLY_VERIFIED,RULE_EVIDENCE,NONE,CPOP,55,UNKNOWN for Phase 2 unless keyword-selected (not re-read now),UNKNOWN,
TG_20260918_08_NTCL,A1 · TG · V3,TG_20260918_08_NTCL,PREVIOUSLY_VISUALLY_VERIFIED,RULE_EVIDENCE,NONE,NTCL,137,UNKNOWN for Phase 2 unless keyword-selected (not re-read now),UNKNOWN,
TG_20260918_30_targets7,A1 · TG · V3,TG_20260918_30_targets7,PREVIOUSLY_VISUALLY_VERIFIED,RULE_EVIDENCE,NONE,NTCL,337,UNKNOWN for Phase 2 unless keyword-selected (not re-read now),UNKNOWN,
TG_20260918_37_NUWE,A1 · TG · V3,TG_20260918_37_NUWE,PREVIOUSLY_VISUALLY_VERIFIED,RULE_EVIDENCE,NONE,NUWE,145,UNKNOWN for Phase 2 unless keyword-selected (not re-read now),UNKNOWN,
TG_20260918_38_NUWE,A1 · TG · V3,TG_20260918_38_NUWE,PREVIOUSLY_VISUALLY_VERIFIED,VALIDATION_CASE,WAIT,NUWE,249,UNKNOWN for Phase 2 unless keyword-selected (not re-read now),UNKNOWN,
TG_20260918_40_NUWE,A1 · TG · V3,TG_20260918_40_NUWE,PREVIOUSLY_VISUALLY_VERIFIED,RULE_EVIDENCE,NONE,NUWE,132,UNKNOWN for Phase 2 unless keyword-selected (not re-read now),UNKNOWN,
TG_20260918_42_NUWE,A1 · TG · V3,TG_20260918_42_NUWE,PREVIOUSLY_VISUALLY_VERIFIED,VALIDATION_CASE,WAIT,NUWE,303,UNKNOWN for Phase 2 unless keyword-selected (not re-read now),UNKNOWN,
TG_20260918_67_BRNX,A1 · TG · V3,TG_20260918_67_BRNX,PREVIOUSLY_VISUALLY_VERIFIED,VALIDATION_CASE,UNKNOWN,BRNX,214,UNKNOWN for Phase 2 unless keyword-selected (not re-read now),UNKNOWN,
TG_2027,A1 · TG · V3,TG_2072,DUPLICATE,CONTEXT_ONLY,NONE,EHGO,280,NON-MATERIAL (duplicate of a verified unit),no,
TG_2028,A1 · TG · V3,TG_2028,PREVIOUSLY_VISUALLY_VERIFIED,RULE_EVIDENCE,NONE,LNAI,327,UNKNOWN for Phase 2 unless keyword-selected (not re-read now),UNKNOWN,
TG_2029,A1 · TG · V3,TG_2029,PREVIOUSLY_VISUALLY_VERIFIED,CONTEXT_ONLY,NONE,LNAI,534,UNKNOWN for Phase 2 unless keyword-selected (not re-read now),UNKNOWN,
TG_2030,A1 · TG · V3,TG_2030,PREVIOUSLY_VISUALLY_VERIFIED,VALIDATION_CASE,UNKNOWN,GWAV,532,UNKNOWN for Phase 2 unless keyword-selected (not re-read now),UNKNOWN,
TG_2031,A1 · TG · V3,TG_2031,PREVIOUSLY_VISUALLY_VERIFIED,VALIDATION_CASE,WAIT,LNAI,377,UNKNOWN for Phase 2 unless keyword-selected (not re-read now),UNKNOWN,
TG_2032,A1 · TG · V3,TG_2060,DUPLICATE,RULE_EVIDENCE,NONE,LNAI,412,NON-MATERIAL (duplicate of a verified unit),no,
TG_2033,A1 · TG · V3,TG_2033,PREVIOUSLY_VISUALLY_VERIFIED,CONTEXT_ONLY,NONE,LNAI,350,UNKNOWN for Phase 2 unless keyword-selected (not re-read now),UNKNOWN,
TG_2034,A1 · TG · V3,TG_2034,PREVIOUSLY_VISUALLY_VERIFIED,VALIDATION_CASE,WAIT,SMX,527,UNKNOWN for Phase 2 unless keyword-selected (not re-read now),UNKNOWN,
TG_2035,A1 · TG · V3,TG_2035,PREVIOUSLY_VISUALLY_VERIFIED,CONTEXT_ONLY,NONE,SMX,219,UNKNOWN for Phase 2 unless keyword-selected (not re-read now),UNKNOWN,
TG_2036,A1 · TG · V3,TG_2036,PREVIOUSLY_VISUALLY_VERIFIED,VALIDATION_CASE,WAIT,,84,UNKNOWN for Phase 2 unless keyword-selected (not re-read now),UNKNOWN,
TG_2037,A1 · TG · V3,TG_2037,PREVIOUSLY_VISUALLY_VERIFIED,VALIDATION_CASE,WAIT,,110,UNKNOWN for Phase 2 unless keyword-selected (not re-read now),UNKNOWN,
TG_2038,A1 · TG · V3,TG_2038,PREVIOUSLY_VISUALLY_VERIFIED,CONTEXT_ONLY,NONE,ADIL,293,UNKNOWN for Phase 2 unless keyword-selected (not re-read now),UNKNOWN,
TG_2039,A1 · TG · V3,TG_2039,PREVIOUSLY_VISUALLY_VERIFIED,CONTEXT_ONLY,NONE,VMAR,20,UNKNOWN for Phase 2 unless keyword-selected (not re-read now),UNKNOWN,
TG_2040,A1 · TG · V3,TG_2040,PREVIOUSLY_VISUALLY_VERIFIED,RULE_EVIDENCE,NONE,,100,UNKNOWN for Phase 2 unless keyword-selected (not re-read now),UNKNOWN,
TG_2041,A1 · TG · V3,TG_2041,PREVIOUSLY_VISUALLY_VERIFIED,RULE_EVIDENCE,NONE,,154,UNKNOWN for Phase 2 unless keyword-selected (not re-read now),UNKNOWN,
TG_2042,A1 · TG · V3,TG_2042,VISUALLY_VERIFIED_NOW,DUPLICATE of TG_1810,NONE,,916,NON-MATERIAL,no,
TG_2043,A1 · TG · V3,TG_2043,"VISUALLY_VERIFIED_NOW (Phase 1, 2026-10-08)",RULE_EVIDENCE,NONE,,455,assessed in Phase 1 (see fm_forensics/IMAGE_UTILIZATION_FINAL_AUDIT.md),no (Phase 1 basis),
TG_2044,A1 · TG · V3,TG_2044,VISUALLY_VERIFIED_NOW,"EDU channel rule card (split stocks: MA30, open÷2 → 1.5–2, hold 5 sessions, no rise after split, no high short, no groups)",NONE,,311,MATERIAL (third-party restatement),no,consistent with IMG_0151/TG_1819
TG_2045,A1 · TG · V3,TG_2045,PREVIOUSLY_VISUALLY_VERIFIED,RULE_EVIDENCE,NONE,TRUG,80,UNKNOWN for Phase 2 unless keyword-selected (not re-read now),UNKNOWN,
TG_2046,A1 · TG · V3,TG_2046,PREVIOUSLY_VISUALLY_VERIFIED,CONTEXT_ONLY,NONE,TRUG,89,UNKNOWN for Phase 2 unless keyword-selected (not re-read now),UNKNOWN,
TG_2047,A1 · TG · V3,TG_2121,DUPLICATE,VALIDATION_CASE,NONE,TRUG,167,NON-MATERIAL (duplicate of a verified unit),no,
TG_2048,A1 · TG · V3,TG_2048,PREVIOUSLY_VISUALLY_VERIFIED,RULE_EVIDENCE,NONE,MTVA,315,UNKNOWN for Phase 2 unless keyword-selected (not re-read now),UNKNOWN,
TG_2049,A1 · TG · V3,TG_2049,PREVIOUSLY_VISUALLY_VERIFIED,CONTEXT_ONLY,NONE,MTEX,298,UNKNOWN for Phase 2 unless keyword-selected (not re-read now),UNKNOWN,
TG_2050,A1 · TG · V3,TG_2050,PREVIOUSLY_VISUALLY_VERIFIED,CONTEXT_ONLY,NONE,ONCO,230,UNKNOWN for Phase 2 unless keyword-selected (not re-read now),UNKNOWN,
TG_2051,A1 · TG · V3,TG_2051,PREVIOUSLY_VISUALLY_VERIFIED,CONTEXT_ONLY,NONE,,118,UNKNOWN for Phase 2 unless keyword-selected (not re-read now),UNKNOWN,
TG_2052,A1 · TG · V3,TG_2052,PREVIOUSLY_VISUALLY_VERIFIED,NON_EVIDENCE,NONE,,657,UNKNOWN for Phase 2 unless keyword-selected (not re-read now),UNKNOWN,
TG_2053,A1 · TG · V3,TG_2053,PREVIOUSLY_VISUALLY_VERIFIED,VALIDATION_CASE,UNKNOWN,LNAI,950,UNKNOWN for Phase 2 unless keyword-selected (not re-read now),UNKNOWN,
TG_2054,A1 · TG · V3,TG_2054,PREVIOUSLY_VISUALLY_VERIFIED,CONTEXT_ONLY,NONE,LNAI,171,UNKNOWN for Phase 2 unless keyword-selected (not re-read now),UNKNOWN,
TG_2058,A1 · TG · V3,TG_2058,PREVIOUSLY_VISUALLY_VERIFIED,CONTEXT_ONLY,NONE,LNAI,618,UNKNOWN for Phase 2 unless keyword-selected (not re-read now),UNKNOWN,
TG_2059,A1 · TG · V3,TG_2059,"VISUALLY_VERIFIED_NOW (Phase 1, 2026-10-08)",VALIDATION_CASE,READY,PPCB,392,assessed in Phase 1 (see fm_forensics/IMAGE_UTILIZATION_FINAL_AUDIT.md),no (Phase 1 basis),
TG_2060,A1 · TG · V3,TG_2060,PREVIOUSLY_VISUALLY_VERIFIED,RULE_EVIDENCE,NONE,LNAI,276,UNKNOWN for Phase 2 unless keyword-selected (not re-read now),UNKNOWN,
TG_2062,A1 · TG · V3,TG_2017,DUPLICATE,VALIDATION_CASE,UNKNOWN,ENPH,184,NON-MATERIAL (duplicate of a verified unit),no,
TG_2063,A1 · TG · V3,TG_2063,PREVIOUSLY_VISUALLY_VERIFIED,RULE_EVIDENCE,NONE,,128,UNKNOWN for Phase 2 unless keyword-selected (not re-read now),UNKNOWN,
TG_2064,A1 · TG · V3,TG_2064,PREVIOUSLY_VISUALLY_VERIFIED,VALIDATION_CASE,UNKNOWN,ADIL,468,UNKNOWN for Phase 2 unless keyword-selected (not re-read now),UNKNOWN,
TG_2065,A1 · TG · V3,TG_2065,"VISUALLY_VERIFIED_NOW (Phase 1, 2026-10-08)",VALIDATION_CASE,UNKNOWN,,313,assessed in Phase 1 (see fm_forensics/IMAGE_UTILIZATION_FINAL_AUDIT.md),no (Phase 1 basis),
TG_2066,A1 · TG · V3,TG_2066,PREVIOUSLY_VISUALLY_VERIFIED,RULE_EVIDENCE,NONE,ENPH,400,UNKNOWN for Phase 2 unless keyword-selected (not re-read now),UNKNOWN,
TG_2067,A1 · TG · V3,TG_2016,DUPLICATE,CONTEXT_ONLY,NONE,ENPH,396,NON-MATERIAL (duplicate of a verified unit),no,
TG_2068,A1 · TG · V3,TG_2068,PREVIOUSLY_VISUALLY_VERIFIED,RULE_EVIDENCE,NONE,VMAR,258,UNKNOWN for Phase 2 unless keyword-selected (not re-read now),UNKNOWN,
TG_2069,A1 · TG · V3,TG_2069,PREVIOUSLY_VISUALLY_VERIFIED,CONTEXT_ONLY,NONE,VMAR,163,UNKNOWN for Phase 2 unless keyword-selected (not re-read now),UNKNOWN,
TG_2070,A1 · TG · V3,TG_2070,PREVIOUSLY_VISUALLY_VERIFIED,RULE_EVIDENCE,NONE,VMAR,481,UNKNOWN for Phase 2 unless keyword-selected (not re-read now),UNKNOWN,
TG_2071,A1 · TG · V3,TG_1822,VISUALLY_VERIFIED_NOW,"DUPLICATE of TG_1958 (same post, X view)",WAIT,EHGO,605,NON-MATERIAL,no,
TG_2072,A1 · TG · V3,TG_2072,PREVIOUSLY_VISUALLY_VERIFIED,CONTEXT_ONLY,NONE,EHGO,224,UNKNOWN for Phase 2 unless keyword-selected (not re-read now),UNKNOWN,
TG_2073,A1 · TG · V3,TG_1814,DUPLICATE,RULE_EVIDENCE,NONE,,498,NON-MATERIAL (duplicate of a verified unit),no,
TG_2075,A1 · TG · V3,TG_2075,PREVIOUSLY_VISUALLY_VERIFIED,RULE_EVIDENCE,NONE,WCT,364,UNKNOWN for Phase 2 unless keyword-selected (not re-read now),UNKNOWN,
TG_2076,A1 · TG · V3,TG_2076,DUPLICATE,CONTEXT_ONLY,WAIT,WORX,442,NON-MATERIAL (duplicate of a verified unit),no,
TG_2077,A1 · TG · V3,TG_2077,PREVIOUSLY_VISUALLY_VERIFIED,RULE_EVIDENCE,NONE,,956,UNKNOWN for Phase 2 unless keyword-selected (not re-read now),UNKNOWN,
TG_2078,A1 · TG · V3,TG_2078,PREVIOUSLY_VISUALLY_VERIFIED,CONTEXT_ONLY,NONE,FRSX,160,UNKNOWN for Phase 2 unless keyword-selected (not re-read now),UNKNOWN,
TG_2079,A1 · TG · V3,TG_2079,"VISUALLY_VERIFIED_NOW (Phase 1, 2026-10-08)",VALIDATION_CASE,WATCH,FRSX,364,assessed in Phase 1 (see fm_forensics/IMAGE_UTILIZATION_FINAL_AUDIT.md),no (Phase 1 basis),
TG_2080,A1 · TG · V3,TG_2080,PREVIOUSLY_VISUALLY_VERIFIED,CONTEXT_ONLY,NONE,ELAB,147,UNKNOWN for Phase 2 unless keyword-selected (not re-read now),UNKNOWN,
TG_2081,A1 · TG · V3,TG_2081,PREVIOUSLY_VISUALLY_VERIFIED,CONTEXT_ONLY,NONE,EDHL,67,UNKNOWN for Phase 2 unless keyword-selected (not re-read now),UNKNOWN,
TG_2082,A1 · TG · V3,TG_2075,DUPLICATE,RULE_EVIDENCE,NONE,WCT,336,NON-MATERIAL (duplicate of a verified unit),no,
TG_2085,A1 · TG · V3,TG_57928,DUPLICATE,RULE_EVIDENCE,NONE,ELAB,482,NON-MATERIAL (duplicate of a verified unit),no,
TG_2086,A1 · TG · V3,TG_2086,"VISUALLY_VERIFIED_NOW (Phase 1, 2026-10-08)",RULE_EVIDENCE,NONE,CDIO|BNAI,764,assessed in Phase 1 (see fm_forensics/IMAGE_UTILIZATION_FINAL_AUDIT.md),no (Phase 1 basis),
TG_2087,A1 · TG · V3,TG_2087,PREVIOUSLY_VISUALLY_VERIFIED,CONTEXT_ONLY,NONE,,129,UNKNOWN for Phase 2 unless keyword-selected (not re-read now),UNKNOWN,
TG_2088,A1 · TG · V3,TG_1880,DUPLICATE,COUNTEREXAMPLE,NONE,CDIO,45,NON-MATERIAL (duplicate of a verified unit),no,
TG_2089,A1 · TG · V3,TG_2218,VISUALLY_VERIFIED_NOW,DUPLICATE of TG_2218 (CDIO),WAIT,CDIO,156,NON-MATERIAL,no,
TG_2090,A1 · TG · V3,TG_2090,"VISUALLY_VERIFIED_NOW (Phase 1, 2026-10-08)",VALIDATION_CASE,MULTI,CDIO,264,assessed in Phase 1 (see fm_forensics/IMAGE_UTILIZATION_FINAL_AUDIT.md),no (Phase 1 basis),
TG_2091,A1 · TG · V3,TG_2091,PREVIOUSLY_VISUALLY_VERIFIED,RULE_EVIDENCE,NONE,BNAI|CDIO,548,UNKNOWN for Phase 2 unless keyword-selected (not re-read now),UNKNOWN,
TG_2092,A1 · TG · V3,TG_1994,DUPLICATE,CONTEXT_ONLY,NONE,CDIO,58,NON-MATERIAL (duplicate of a verified unit),no,
TG_2093,A1 · TG · V3,TG_1989,DUPLICATE,VALIDATION_CASE,WAIT,CDIO,389,NON-MATERIAL (duplicate of a verified unit),no,
TG_2094,A1 · TG · V3,TG_2094,PREVIOUSLY_VISUALLY_VERIFIED,VALIDATION_CASE,UNKNOWN,ELPW,72,UNKNOWN for Phase 2 unless keyword-selected (not re-read now),UNKNOWN,
TG_2095,A1 · TG · V3,TG_2095,PREVIOUSLY_VISUALLY_VERIFIED,VALIDATION_CASE,WAIT,ELPW,138,UNKNOWN for Phase 2 unless keyword-selected (not re-read now),UNKNOWN,
TG_2096,A1 · TG · V3,TG_2096,PREVIOUSLY_VISUALLY_VERIFIED,CONTEXT_ONLY,NONE,ELPW,81,UNKNOWN for Phase 2 unless keyword-selected (not re-read now),UNKNOWN,
TG_2097,A1 · TG · V3,TG_2097,"VISUALLY_VERIFIED_NOW (Phase 1, 2026-10-08)",RULE_EVIDENCE,NONE,ICU,672,assessed in Phase 1 (see fm_forensics/IMAGE_UTILIZATION_FINAL_AUDIT.md),no (Phase 1 basis),
TG_2098,A1 · TG · V3,TG_2098,"VISUALLY_VERIFIED_NOW (Phase 1, 2026-10-08)",COUNTEREXAMPLE,NONE,ELPW|ENVB|HUBC,520,assessed in Phase 1 (see fm_forensics/IMAGE_UTILIZATION_FINAL_AUDIT.md),no (Phase 1 basis),
TG_2099,A1 · TG · V3,TG_2099,PREVIOUSLY_VISUALLY_VERIFIED,VALIDATION_CASE,MULTI,,667,UNKNOWN for Phase 2 unless keyword-selected (not re-read now),UNKNOWN,
TG_2100,A1 · TG · V3,TG_2179,DUPLICATE,VALIDATION_CASE,NONE,NCT,0,NON-MATERIAL (duplicate of a verified unit),no,
TG_2101,A1 · TG · V3,TG_2180,DUPLICATE,VALIDATION_CASE,NONE,NCT,0,NON-MATERIAL (duplicate of a verified unit),no,
TG_2102,A1 · TG · V3,TG_2102,VISUALLY_VERIFIED_NOW,EDU channel (stock that rose 100% then fell 90%; under watch at MA 20/15; liquidation expected 1.40>1.35; target 3–5),WAIT,,352,NON-MATERIAL (EDU),no,
TG_2103,A1 · TG · V3,TG_2103,"VISUALLY_VERIFIED_NOW (Phase 1, 2026-10-08)",CONTEXT_ONLY,NONE,SMX|FULC|HWH|SCNI|MTEX|FGF|SNGX|FIEE|NAMM|CRE|XCUR,588,assessed in Phase 1 (see fm_forensics/IMAGE_UTILIZATION_FINAL_AUDIT.md),no (Phase 1 basis),
TG_2104,A1 · TG · V3,TG_2104,PREVIOUSLY_VISUALLY_VERIFIED,CONTEXT_ONLY,NONE,SMX,239,UNKNOWN for Phase 2 unless keyword-selected (not re-read now),UNKNOWN,
TG_2105,A1 · TG · V3,TG_2105,PREVIOUSLY_VISUALLY_VERIFIED,CONTEXT_ONLY,NONE,GRI,80,UNKNOWN for Phase 2 unless keyword-selected (not re-read now),UNKNOWN,
TG_2106,A1 · TG · V3,TG_2106,VISUALLY_VERIFIED_NOW,"CONVERSATION (third-party @Azna_11q explanation + Faisal reply on second support 1.55–1.60, strict stop at first support)",WAIT,,827,NON-MATERIAL,no,third-party selection narrative
TG_2107,A1 · TG · V3,TG_2107,PREVIOUSLY_VISUALLY_VERIFIED,RULE_EVIDENCE,NONE,ADVB,285,UNKNOWN for Phase 2 unless keyword-selected (not re-read now),UNKNOWN,
TG_2108,A1 · TG · V3,TG_2108,PREVIOUSLY_VISUALLY_VERIFIED,VALIDATION_CASE,WAIT,CLIR,237,UNKNOWN for Phase 2 unless keyword-selected (not re-read now),UNKNOWN,
TG_2109,A1 · TG · V3,TG_2109,PREVIOUSLY_VISUALLY_VERIFIED,CONTEXT_ONLY,NONE,CLIR,57,UNKNOWN for Phase 2 unless keyword-selected (not re-read now),UNKNOWN,
TG_2110,A1 · TG · V3,TG_2110,PREVIOUSLY_VISUALLY_VERIFIED,VALIDATION_CASE,UNKNOWN,PPBT,97,UNKNOWN for Phase 2 unless keyword-selected (not re-read now),UNKNOWN,
TG_2111,A1 · TG · V3,TG_2111,PREVIOUSLY_VISUALLY_VERIFIED,CONTEXT_ONLY,NONE,CIIT,92,UNKNOWN for Phase 2 unless keyword-selected (not re-read now),UNKNOWN,
TG_2112,A1 · TG · V3,TG_2112,PREVIOUSLY_VISUALLY_VERIFIED,CONTEXT_ONLY,NONE,FUBO,17,UNKNOWN for Phase 2 unless keyword-selected (not re-read now),UNKNOWN,
TG_2113,A1 · TG · V3,TG_2113,PREVIOUSLY_VISUALLY_VERIFIED,RULE_EVIDENCE,NONE,ADIL,310,UNKNOWN for Phase 2 unless keyword-selected (not re-read now),UNKNOWN,
TG_2114,A1 · TG · V3,TG_2110,DUPLICATE,VALIDATION_CASE,UNKNOWN,PPBT,70,NON-MATERIAL (duplicate of a verified unit),no,
TG_2115,A1 · TG · V3,TG_2115,PREVIOUSLY_VISUALLY_VERIFIED,CONTEXT_ONLY,NONE,TURB,151,UNKNOWN for Phase 2 unless keyword-selected (not re-read now),UNKNOWN,
TG_2116,A1 · TG · V3,TG_2116,PREVIOUSLY_VISUALLY_VERIFIED,VALIDATION_CASE,UNKNOWN,SVRE,284,UNKNOWN for Phase 2 unless keyword-selected (not re-read now),UNKNOWN,
TG_2117,A1 · TG · V3,TG_2117,"VISUALLY_VERIFIED_NOW (Phase 1, 2026-10-08)",VALIDATION_CASE,WATCH,BETA,67,assessed in Phase 1 (see fm_forensics/IMAGE_UTILIZATION_FINAL_AUDIT.md),no (Phase 1 basis),
TG_2118,A1 · TG · V3,TG_2118,PREVIOUSLY_VISUALLY_VERIFIED,CONTEXT_ONLY,NONE,ICU,87,UNKNOWN for Phase 2 unless keyword-selected (not re-read now),UNKNOWN,
TG_2119,A1 · TG · V3,TG_2119,PREVIOUSLY_VISUALLY_VERIFIED,VALIDATION_CASE,WATCH,BCG,96,UNKNOWN for Phase 2 unless keyword-selected (not re-read now),UNKNOWN,
TG_2120,A1 · TG · V3,TG_2120,PREVIOUSLY_VISUALLY_VERIFIED,CONTEXT_ONLY,NONE,NEXR,267,UNKNOWN for Phase 2 unless keyword-selected (not re-read now),UNKNOWN,
TG_2121,A1 · TG · V3,TG_2121,"VISUALLY_VERIFIED_NOW (Phase 1, 2026-10-08)",VALIDATION_CASE,WATCH,TRUG,114,assessed in Phase 1 (see fm_forensics/IMAGE_UTILIZATION_FINAL_AUDIT.md),no (Phase 1 basis),
TG_2122,A1 · TG · V3,TG_2046,DUPLICATE,CONTEXT_ONLY,NONE,TRUG,56,NON-MATERIAL (duplicate of a verified unit),no,
TG_2123,A1 · TG · V3,TG_2121,DUPLICATE,VALIDATION_CASE,NONE,TRUG,89,NON-MATERIAL (duplicate of a verified unit),no,
TG_2124,A1 · TG · V3,TG_2124,PREVIOUSLY_VISUALLY_VERIFIED,CONTEXT_ONLY,NONE,RAYA,198,UNKNOWN for Phase 2 unless keyword-selected (not re-read now),UNKNOWN,
TG_2126,A1 · TG · V3,TG_2126,"VISUALLY_VERIFIED_NOW (Phase 1, 2026-10-08)",VALIDATION_CASE,WATCH,PCLA,144,assessed in Phase 1 (see fm_forensics/IMAGE_UTILIZATION_FINAL_AUDIT.md),no (Phase 1 basis),
TG_2127,A1 · TG · V3,TG_2127,PREVIOUSLY_VISUALLY_VERIFIED,COUNTEREXAMPLE,NONE,ELAB,79,UNKNOWN for Phase 2 unless keyword-selected (not re-read now),UNKNOWN,
TG_2128,A1 · TG · V3,TG_2128,PREVIOUSLY_VISUALLY_VERIFIED,CONTEXT_ONLY,NONE,,16,UNKNOWN for Phase 2 unless keyword-selected (not re-read now),UNKNOWN,
TG_2169,A1 · TG · V3,IMG_0318,DUPLICATE,CONTEXT_ONLY,NONE,JZ,191,NON-MATERIAL (duplicate of a verified unit),no,
TG_2170,A1 · TG · V3,IMG_0319,DUPLICATE,VALIDATION_CASE,WAIT,JZ,228,NON-MATERIAL (duplicate of a verified unit),no,
TG_2171,A1 · TG · V3,IMG_0320,DUPLICATE,VALIDATION_CASE,WAIT,ONCO,264,NON-MATERIAL (duplicate of a verified unit),no,
TG_2172,A1 · TG · V3,IMG_0294,DUPLICATE,RULE_EVIDENCE,NONE,JZ,284,NON-MATERIAL (duplicate of a verified unit),no,
TG_2173,A1 · TG · V3,IMG_0316,"VISUALLY_VERIFIED_NOW (Phase 1, 2026-10-08)",VALIDATION_CASE,READY,JZ,497,assessed in Phase 1 (see fm_forensics/IMAGE_UTILIZATION_FINAL_AUDIT.md),no (Phase 1 basis),
TG_2174,A1 · TG · V3,IMG_0317,DUPLICATE,CONTEXT_ONLY,NONE,JZ,257,NON-MATERIAL (duplicate of a verified unit),no,
TG_2175,A1 · TG · V3,TG_2175,PREVIOUSLY_VISUALLY_VERIFIED,CONTEXT_ONLY,NONE,NAMM|NCT,131,UNKNOWN for Phase 2 unless keyword-selected (not re-read now),UNKNOWN,
TG_2176,A1 · TG · V3,TG_2176,PREVIOUSLY_VISUALLY_VERIFIED,VALIDATION_CASE,WAIT,CNSP,167,UNKNOWN for Phase 2 unless keyword-selected (not re-read now),UNKNOWN,
TG_2177,A1 · TG · V3,IMG_0314,DUPLICATE,RULE_EVIDENCE,NONE,JZ,150,NON-MATERIAL (duplicate of a verified unit),no,
TG_2178,A1 · TG · V3,TG_2178,PREVIOUSLY_VISUALLY_VERIFIED,CONTEXT_ONLY,NONE,BGMS,357,UNKNOWN for Phase 2 unless keyword-selected (not re-read now),UNKNOWN,
TG_2179,A1 · TG · V3,TG_2179,PREVIOUSLY_VISUALLY_VERIFIED,VALIDATION_CASE,UNKNOWN,NCT,48,UNKNOWN for Phase 2 unless keyword-selected (not re-read now),UNKNOWN,
TG_2180,A1 · TG · V3,TG_2180,PREVIOUSLY_VISUALLY_VERIFIED,VALIDATION_CASE,UNKNOWN,NCT,131,UNKNOWN for Phase 2 unless keyword-selected (not re-read now),UNKNOWN,
TG_2181,A1 · TG · V3,TG_2181,PREVIOUSLY_VISUALLY_VERIFIED,VALIDATION_CASE,WAIT,BGMS,705,UNKNOWN for Phase 2 unless keyword-selected (not re-read now),UNKNOWN,
TG_2182,A1 · TG · V3,TG_1807,DUPLICATE,RULE_EVIDENCE,NONE,LABT?,451,NON-MATERIAL (duplicate of a verified unit),no,
TG_2183,A1 · TG · V3,TG_2183,PREVIOUSLY_VISUALLY_VERIFIED,CONTEXT_ONLY,NONE,LABT,209,UNKNOWN for Phase 2 unless keyword-selected (not re-read now),UNKNOWN,
TG_2184,A1 · TG · V3,IMG_0302,DUPLICATE,RULE_EVIDENCE,NONE,,353,NON-MATERIAL (duplicate of a verified unit),no,
TG_2185,A1 · TG · V3,IMG_0300,VISUALLY_VERIFIED_NOW,DIRECT_FAISAL_TEXT (DRCT: watch the pressure of the falling candle; hold positive / no hold negative),WATCH,DRCT,87,MATERIAL,no (Watch state),
TG_2186,A1 · TG · V3,IMG_0301,VISUALLY_VERIFIED_NOW,DIRECT_FAISAL_TEXT (JZ: dumb candle and operator pressure to a new low 1.88; decide the analysis Monday at session end),WAIT,JZ,99,MATERIAL,no (decision timing = session close),
TG_2187,A1 · TG · V3,IMG_0297,VISUALLY_VERIFIED_NOW,DUPLICATE of IMG_0297 (CCHH),WATCH,CCHH,344,NON-MATERIAL,no,
TG_2188,A1 · TG · V3,IMG_0298,DUPLICATE,VALIDATION_CASE,WATCH,EDBL,101,NON-MATERIAL (duplicate of a verified unit),no,
TG_2189,A1 · TG · V3,IMG_0299,DUPLICATE,COUNTEREXAMPLE,NONE,DRCT,94,NON-MATERIAL (duplicate of a verified unit),no,
TG_2190,A1 · TG · V3,IMG_0294,DUPLICATE,RULE_EVIDENCE,NONE,JZ,177,NON-MATERIAL (duplicate of a verified unit),no,
TG_2191,A1 · TG · V3,IMG_0295,VISUALLY_VERIFIED_NOW,DIRECT_FAISAL_TEXT (EZRA: raised several times without an operator; short 2k–20k; new low after candle manipulation; 'watch 2: does it hold or new low'; watch only),WATCH,EZRA,162,MATERIAL,no (Watch state; numbered watch item = persistence),
TG_2192,A1 · TG · V3,IMG_0296,DUPLICATE,CONTEXT_ONLY,NONE,CCHH,269,NON-MATERIAL (duplicate of a verified unit),no,
TG_2193,A1 · TG · V3,IMG_0291,"VISUALLY_VERIFIED_NOW (Phase 1, 2026-10-08)",VALIDATION_CASE,READY,DSY,432,assessed in Phase 1 (see fm_forensics/IMAGE_UTILIZATION_FINAL_AUDIT.md),no (Phase 1 basis),
TG_2194,A1 · TG · V3,IMG_0292,DUPLICATE,VALIDATION_CASE,UNKNOWN,ZCMD|AZI|DSY|EHGO,259,NON-MATERIAL (duplicate of a verified unit),no,
TG_2195,A1 · TG · V3,IMG_0293,"VISUALLY_VERIFIED_NOW (Phase 1, 2026-10-08)",VALIDATION_CASE,READY,EHGO,467,assessed in Phase 1 (see fm_forensics/IMAGE_UTILIZATION_FINAL_AUDIT.md),no (Phase 1 basis),
TG_2196,A1 · TG · V3,TG_2196,PREVIOUSLY_VISUALLY_VERIFIED,VALIDATION_CASE,WAIT,ONCO,98,UNKNOWN for Phase 2 unless keyword-selected (not re-read now),UNKNOWN,
TG_2197,A1 · TG · V3,TG_2197,"VISUALLY_VERIFIED_NOW (Phase 1, 2026-10-08)",VALIDATION_CASE,WATCH,,740,assessed in Phase 1 (see fm_forensics/IMAGE_UTILIZATION_FINAL_AUDIT.md),no (Phase 1 basis),
TG_2198,A1 · TG · V3,IMG_0290,DUPLICATE,VALIDATION_CASE,WAIT,AZI,69,NON-MATERIAL (duplicate of a verified unit),no,
TG_2199,A1 · TG · V3,IMG_0179,DUPLICATE,RULE_EVIDENCE,NONE,KUST,580,NON-MATERIAL (duplicate of a verified unit),no,
TG_2200,A1 · TG · V3,TG_2200,VISUALLY_VERIFIED_NOW,"DIRECT_FAISAL_TEXT (2026-07-26: 1.44 highest post-split candle ÷2 = 0.72, reached 0.71; either hold or sweep 0.71−5%; safety when 92 holds; entry with operator, wait)",WAIT,ONCO,599,MATERIAL,no (reinforces post-split reference + hold-or-sweep),
TG_2201,A1 · TG · V3,TG_2196,DUPLICATE,VALIDATION_CASE,WAIT,ONCO,179,NON-MATERIAL (duplicate of a verified unit),no,
TG_2202,A1 · TG · V3,TG_2202,PREVIOUSLY_VISUALLY_VERIFIED,CONTEXT_ONLY,NONE,FTFT,167,UNKNOWN for Phase 2 unless keyword-selected (not re-read now),UNKNOWN,
TG_2203,A1 · TG · V3,IMG_0177,DUPLICATE,RULE_EVIDENCE,NONE,,587,NON-MATERIAL (duplicate of a verified unit),no,
TG_2204,A1 · TG · V3,IMG_0178,DUPLICATE,CONTEXT_ONLY,NONE,KUST,279,NON-MATERIAL (duplicate of a verified unit),no,
TG_2205,A1 · TG · V3,IMG_0152,DUPLICATE,RULE_EVIDENCE,NONE,ZCMD,622,NON-MATERIAL (duplicate of a verified unit),no,
TG_2206,A1 · TG · V3,IMG_0153,VISUALLY_VERIFIED_NOW,DUPLICATE of TG_1811,NONE,,694,NON-MATERIAL,no,
TG_2207,A1 · TG · V3,TG_2207,"VISUALLY_VERIFIED_NOW (Phase 1, 2026-10-08)",VALIDATION_CASE,MULTI,FTFT,377,assessed in Phase 1 (see fm_forensics/IMAGE_UTILIZATION_FINAL_AUDIT.md),no (Phase 1 basis),
TG_2208,A1 · TG · V3,TG_1819,DUPLICATE,RULE_EVIDENCE,NONE,,197,NON-MATERIAL (duplicate of a verified unit),no,
TG_2209,A1 · TG · V3,IMG_0150,DUPLICATE,VALIDATION_CASE,WAIT,WORX,382,NON-MATERIAL (duplicate of a verified unit),no,
TG_2210,A1 · TG · V3,IMG_0149,DUPLICATE,CONTEXT_ONLY,NONE,WORX,370,NON-MATERIAL (duplicate of a verified unit),no,
TG_2211,A1 · TG · V3,TG_2211,PREVIOUSLY_VISUALLY_VERIFIED,CONTEXT_ONLY,NONE,BBLG,542,UNKNOWN for Phase 2 unless keyword-selected (not re-read now),UNKNOWN,
TG_2212,A1 · TG · V3,IMG_0144,DUPLICATE,CONTEXT_ONLY,NONE,JEM,529,NON-MATERIAL (duplicate of a verified unit),no,
TG_2213,A1 · TG · V3,IMG_0142,DUPLICATE,VALIDATION_CASE,UNKNOWN,PAVS,231,NON-MATERIAL (duplicate of a verified unit),no,
TG_2214,A1 · TG · V3,IMG_0141,DUPLICATE,RULE_EVIDENCE,NONE,JEM,201,NON-MATERIAL (duplicate of a verified unit),no,
TG_2215,A1 · TG · V3,IMG_0141,DUPLICATE,RULE_EVIDENCE,NONE,JEM,172,NON-MATERIAL (duplicate of a verified unit),no,
TG_2216,A1 · TG · V3,TG_1995,DUPLICATE,CONTEXT_ONLY,NONE,ELAB,56,NON-MATERIAL (duplicate of a verified unit),no,
TG_2217,A1 · TG · V3,TG_1998,DUPLICATE,RULE_EVIDENCE,NONE,ELAB,125,NON-MATERIAL (duplicate of a verified unit),no,
TG_2218,A1 · TG · V3,TG_2218,VISUALLY_VERIFIED_NOW,"DIRECT_FAISAL_TEXT (CDIO: ready on all indicators, waiting only for the operator)",WAIT,CDIO,169,MATERIAL,no (reinforces two-layer readiness),
TG_2249,A1 · TG · V3,TG_2218,DUPLICATE,VALIDATION_CASE,NONE,CDIO,15,NON-MATERIAL (duplicate of a verified unit),no,
TG_2274,A1 · TG · V3,TG_2274,PREVIOUSLY_VISUALLY_VERIFIED,RULE_EVIDENCE,NONE,,486,UNKNOWN for Phase 2 unless keyword-selected (not re-read now),UNKNOWN,
TG_2275,A1 · TG · V3,TG_2275,PREVIOUSLY_VISUALLY_VERIFIED,CONTEXT_ONLY,NONE,EZRA,107,UNKNOWN for Phase 2 unless keyword-selected (not re-read now),UNKNOWN,
TG_2405,A1 · TG · V3,TG_2405,VISUALLY_VERIFIED_NOW,NON_EVIDENCE (usage-limits screenshot),NONE,,577,NON-MATERIAL,no,
TG_2523,A1 · TG · V3,TG_2523,PREVIOUSLY_VISUALLY_VERIFIED,CONTEXT_ONLY,NONE,ARBK,66,UNKNOWN for Phase 2 unless keyword-selected (not re-read now),UNKNOWN,
TG_2525,A1 · TG · V3,TG_2525,PREVIOUSLY_VISUALLY_VERIFIED,CONTEXT_ONLY,NONE,JDZG,312,UNKNOWN for Phase 2 unless keyword-selected (not re-read now),UNKNOWN,
TG_2530,A1 · TG · V3,TG_2530,PREVIOUSLY_VISUALLY_VERIFIED,CONTEXT_ONLY,NONE,ALMU,291,UNKNOWN for Phase 2 unless keyword-selected (not re-read now),UNKNOWN,
TG_2533,A1 · TG · V3,TG_2533,PREVIOUSLY_VISUALLY_VERIFIED,CONTEXT_ONLY,NONE,SNYR,199,UNKNOWN for Phase 2 unless keyword-selected (not re-read now),UNKNOWN,
TG_2536,A1 · TG · V3,TG_2536,PREVIOUSLY_VISUALLY_VERIFIED,CONTEXT_ONLY,NONE,ARAI,147,UNKNOWN for Phase 2 unless keyword-selected (not re-read now),UNKNOWN,
TG_2539,A1 · TG · V3,TG_2539,PREVIOUSLY_VISUALLY_VERIFIED,CONTEXT_ONLY,NONE,ARAI,0,UNKNOWN for Phase 2 unless keyword-selected (not re-read now),UNKNOWN,
TG_2541,A1 · TG · V3,TG_2541,PREVIOUSLY_VISUALLY_VERIFIED,CONTEXT_ONLY,NONE,ARAI,0,UNKNOWN for Phase 2 unless keyword-selected (not re-read now),UNKNOWN,
TG_2544,A1 · TG · V3,TG_1941,DUPLICATE,CONTEXT_ONLY,NONE,BIRD,196,NON-MATERIAL (duplicate of a verified unit),no,
TG_2545,A1 · TG · V3,TG_1942,DUPLICATE,CONTEXT_ONLY,NONE,BIRD,82,NON-MATERIAL (duplicate of a verified unit),no,
TG_50575,A1 · TG · V3,TG_50575,PREVIOUSLY_VISUALLY_VERIFIED,VALIDATION_CASE,WAIT,DCOY,206,UNKNOWN for Phase 2 unless keyword-selected (not re-read now),UNKNOWN,
TG_50576,A1 · TG · V3,TG_50576,"VISUALLY_VERIFIED_NOW (Phase 1, 2026-10-08)",VALIDATION_CASE,WAIT,DCOY,356,assessed in Phase 1 (see fm_forensics/IMAGE_UTILIZATION_FINAL_AUDIT.md),no (Phase 1 basis),
TG_50577,A1 · TG · V3,TG_50577,PREVIOUSLY_VISUALLY_VERIFIED,RULE_EVIDENCE,NONE,DCOY,268,UNKNOWN for Phase 2 unless keyword-selected (not re-read now),UNKNOWN,
TG_50578,A1 · TG · V3,TG_50578,"VISUALLY_VERIFIED_NOW (Phase 1, 2026-10-08)",VALIDATION_CASE,MULTI,DCOY,162,assessed in Phase 1 (see fm_forensics/IMAGE_UTILIZATION_FINAL_AUDIT.md),no (Phase 1 basis),
TG_50579,A1 · TG · V3,TG_50579,PREVIOUSLY_VISUALLY_VERIFIED,VALIDATION_CASE,WAIT,EDBL,107,UNKNOWN for Phase 2 unless keyword-selected (not re-read now),UNKNOWN,
TG_50580,A1 · TG · V3,TG_50580,"VISUALLY_VERIFIED_NOW (Phase 1, 2026-10-08)",VALIDATION_CASE,REJECT,DCOY,240,assessed in Phase 1 (see fm_forensics/IMAGE_UTILIZATION_FINAL_AUDIT.md),no (Phase 1 basis),
TG_50581,A1 · TG · V3,TG_50581,PREVIOUSLY_VISUALLY_VERIFIED,RULE_EVIDENCE,NONE,,448,UNKNOWN for Phase 2 unless keyword-selected (not re-read now),UNKNOWN,
TG_50582,A1 · TG · V3,TG_50582,PREVIOUSLY_VISUALLY_VERIFIED,CONTEXT_ONLY,NONE,MSGY,241,UNKNOWN for Phase 2 unless keyword-selected (not re-read now),UNKNOWN,
TG_50583,A1 · TG · V3,X_20260905_12,DUPLICATE,VALIDATION_CASE,NONE,MSGY,267,NON-MATERIAL (duplicate of a verified unit),no,
TG_50584,A1 · TG · V3,TG_50584,"VISUALLY_VERIFIED_NOW (Phase 1, 2026-10-08)",VALIDATION_CASE,WAIT,,599,assessed in Phase 1 (see fm_forensics/IMAGE_UTILIZATION_FINAL_AUDIT.md),no (Phase 1 basis),
TG_50585,A1 · TG · V3,TG_50585,PREVIOUSLY_VISUALLY_VERIFIED,VALIDATION_CASE,WAIT,LIMN,161,UNKNOWN for Phase 2 unless keyword-selected (not re-read now),UNKNOWN,
TG_50586,A1 · TG · V3,TG_50586,PREVIOUSLY_VISUALLY_VERIFIED,VALIDATION_CASE,WAIT,LIMN,325,UNKNOWN for Phase 2 unless keyword-selected (not re-read now),UNKNOWN,
TG_50587,A1 · TG · V3,TG_50587,PREVIOUSLY_VISUALLY_VERIFIED,RULE_EVIDENCE,NONE,CIIT,471,UNKNOWN for Phase 2 unless keyword-selected (not re-read now),UNKNOWN,
TG_50588,A1 · TG · V3,TG_50588,PREVIOUSLY_VISUALLY_VERIFIED,VALIDATION_CASE,UNKNOWN,NXTT,144,UNKNOWN for Phase 2 unless keyword-selected (not re-read now),UNKNOWN,
TG_50589,A1 · TG · V3,TG_50589,PREVIOUSLY_VISUALLY_VERIFIED,RULE_EVIDENCE,NONE,,349,UNKNOWN for Phase 2 unless keyword-selected (not re-read now),UNKNOWN,
TG_50590,A1 · TG · V3,TG_50590,PREVIOUSLY_VISUALLY_VERIFIED,VALIDATION_CASE,UNKNOWN,SXTC?,8,UNKNOWN for Phase 2 unless keyword-selected (not re-read now),UNKNOWN,
TG_50591,A1 · TG · V3,TG_50591,PREVIOUSLY_VISUALLY_VERIFIED,CONTEXT_ONLY,NONE,,267,UNKNOWN for Phase 2 unless keyword-selected (not re-read now),UNKNOWN,
TG_50592,A1 · TG · V3,TG_50592,PREVIOUSLY_VISUALLY_VERIFIED,VALIDATION_CASE,WAIT,MSGY,163,UNKNOWN for Phase 2 unless keyword-selected (not re-read now),UNKNOWN,
TG_50593,A1 · TG · V3,TG_50582,DUPLICATE,CONTEXT_ONLY,NONE,MSGY,296,NON-MATERIAL (duplicate of a verified unit),no,
TG_50594,A1 · TG · V3,X_20260905_12,DUPLICATE,VALIDATION_CASE,NONE,MSGY,258,NON-MATERIAL (duplicate of a verified unit),no,
TG_50595,A1 · TG · V3,TG_50595,PREVIOUSLY_VISUALLY_VERIFIED,RULE_EVIDENCE,NONE,,855,UNKNOWN for Phase 2 unless keyword-selected (not re-read now),UNKNOWN,
TG_50596,A1 · TG · V3,TG_50596,PREVIOUSLY_VISUALLY_VERIFIED,RULE_EVIDENCE,NONE,,495,UNKNOWN for Phase 2 unless keyword-selected (not re-read now),UNKNOWN,
TG_50597,A1 · TG · V3,TG_50597,PREVIOUSLY_VISUALLY_VERIFIED,CONTEXT_ONLY,NONE,,484,UNKNOWN for Phase 2 unless keyword-selected (not re-read now),UNKNOWN,
TG_50598,A1 · TG · V3,TG_50598,PREVIOUSLY_VISUALLY_VERIFIED,RULE_EVIDENCE,NONE,,840,UNKNOWN for Phase 2 unless keyword-selected (not re-read now),UNKNOWN,
TG_50599,A1 · TG · V3,TG_50599,PREVIOUSLY_VISUALLY_VERIFIED,RULE_EVIDENCE,NONE,,270,UNKNOWN for Phase 2 unless keyword-selected (not re-read now),UNKNOWN,
TG_50600,A1 · TG · V3,TG_50600,"VISUALLY_VERIFIED_NOW (Phase 1, 2026-10-08)",CONTEXT_ONLY,NONE,SXTC,153,assessed in Phase 1 (see fm_forensics/IMAGE_UTILIZATION_FINAL_AUDIT.md),no (Phase 1 basis),
TG_50601,A1 · TG · V3,TG_50601,PREVIOUSLY_VISUALLY_VERIFIED,CONTEXT_ONLY,NONE,ZCMD,85,UNKNOWN for Phase 2 unless keyword-selected (not re-read now),UNKNOWN,
TG_50602,A1 · TG · V3,TG_50602,PREVIOUSLY_VISUALLY_VERIFIED,RULE_EVIDENCE,NONE,,687,UNKNOWN for Phase 2 unless keyword-selected (not re-read now),UNKNOWN,
TG_50603,A1 · TG · V3,TG_50603,PREVIOUSLY_VISUALLY_VERIFIED,RULE_EVIDENCE,NONE,ELPW,288,UNKNOWN for Phase 2 unless keyword-selected (not re-read now),UNKNOWN,
TG_50604,A1 · TG · V3,TG_50604,PREVIOUSLY_VISUALLY_VERIFIED,RULE_EVIDENCE,NONE,,660,UNKNOWN for Phase 2 unless keyword-selected (not re-read now),UNKNOWN,
TG_50605,A1 · TG · V3,TG_50605,PREVIOUSLY_VISUALLY_VERIFIED,CONTEXT_ONLY,NONE,,722,UNKNOWN for Phase 2 unless keyword-selected (not re-read now),UNKNOWN,
TG_50606,A1 · TG · V3,TG_50606,PREVIOUSLY_VISUALLY_VERIFIED,RULE_EVIDENCE,NONE,,674,UNKNOWN for Phase 2 unless keyword-selected (not re-read now),UNKNOWN,
TG_50817,A1 · TG · V3,TG_50817,PREVIOUSLY_VISUALLY_VERIFIED,RULE_EVIDENCE,NONE,WHLR|HAO,151,UNKNOWN for Phase 2 unless keyword-selected (not re-read now),UNKNOWN,
TG_50818,A1 · TG · V3,TG_50818,PREVIOUSLY_VISUALLY_VERIFIED,RULE_EVIDENCE,NONE,DCOY,323,UNKNOWN for Phase 2 unless keyword-selected (not re-read now),UNKNOWN,
TG_50819,A1 · TG · V3,TG_50819,PREVIOUSLY_VISUALLY_VERIFIED,RULE_EVIDENCE,NONE,,303,UNKNOWN for Phase 2 unless keyword-selected (not re-read now),UNKNOWN,
TG_50820,A1 · TG · V3,TG_50820,PREVIOUSLY_VISUALLY_VERIFIED,CONTEXT_ONLY,NONE,,419,UNKNOWN for Phase 2 unless keyword-selected (not re-read now),UNKNOWN,
TG_50821,A1 · TG · V3,TG_50821,DUPLICATE,RULE_EVIDENCE,NONE,,306,NON-MATERIAL (duplicate of a verified unit),no,
TG_50822,A1 · TG · V3,TG_50822,DUPLICATE,RULE_EVIDENCE,NONE,,260,NON-MATERIAL (duplicate of a verified unit),no,
TG_50823,A1 · TG · V3,TG_50823,PREVIOUSLY_VISUALLY_VERIFIED,CONTEXT_ONLY,NONE,,341,UNKNOWN for Phase 2 unless keyword-selected (not re-read now),UNKNOWN,
TG_50824,A1 · TG · V3,TG_50824,PREVIOUSLY_VISUALLY_VERIFIED,CONTEXT_ONLY,NONE,,674,UNKNOWN for Phase 2 unless keyword-selected (not re-read now),UNKNOWN,
TG_50825,A1 · TG · V3,TG_50825,PREVIOUSLY_VISUALLY_VERIFIED,CONTEXT_ONLY,NONE,,15,UNKNOWN for Phase 2 unless keyword-selected (not re-read now),UNKNOWN,
TG_50826,A1 · TG · V3,TG_50826,PREVIOUSLY_VISUALLY_VERIFIED,RULE_EVIDENCE,NONE,,152,UNKNOWN for Phase 2 unless keyword-selected (not re-read now),UNKNOWN,
TG_50827,A1 · TG · V3,TG_50827,PREVIOUSLY_VISUALLY_VERIFIED,VALIDATION_CASE,UNKNOWN,SNAL,106,UNKNOWN for Phase 2 unless keyword-selected (not re-read now),UNKNOWN,
TG_50828,A1 · TG · V3,TG_50828,PREVIOUSLY_VISUALLY_VERIFIED,VALIDATION_CASE,WAIT,CETX,117,UNKNOWN for Phase 2 unless keyword-selected (not re-read now),UNKNOWN,
TG_50829,A1 · TG · V3,TG_50829,"VISUALLY_VERIFIED_NOW (Phase 1, 2026-10-08)",RULE_EVIDENCE,NONE,,209,assessed in Phase 1 (see fm_forensics/IMAGE_UTILIZATION_FINAL_AUDIT.md),no (Phase 1 basis),
TG_50830,A1 · TG · V3,TG_50830,PREVIOUSLY_VISUALLY_VERIFIED,VALIDATION_CASE,UNKNOWN,IPDN,156,UNKNOWN for Phase 2 unless keyword-selected (not re-read now),UNKNOWN,
TG_50831,A1 · TG · V3,TG_50831,PREVIOUSLY_VISUALLY_VERIFIED,RULE_EVIDENCE,NONE,IMCC|JAGX,532,UNKNOWN for Phase 2 unless keyword-selected (not re-read now),UNKNOWN,
TG_50832,A1 · TG · V3,TG_50832,PREVIOUSLY_VISUALLY_VERIFIED,RULE_EVIDENCE,NONE,,678,UNKNOWN for Phase 2 unless keyword-selected (not re-read now),UNKNOWN,
TG_50833,A1 · TG · V3,TG_50833,PREVIOUSLY_VISUALLY_VERIFIED,VALIDATION_CASE,WAIT,IPDN,429,UNKNOWN for Phase 2 unless keyword-selected (not re-read now),UNKNOWN,
TG_57858,A1 · TG · V3,TG_57858,PREVIOUSLY_VISUALLY_VERIFIED,CONTEXT_ONLY,NONE,,45,UNKNOWN for Phase 2 unless keyword-selected (not re-read now),UNKNOWN,
TG_57859,A1 · TG · V3,TG_57859,PREVIOUSLY_VISUALLY_VERIFIED,CONTEXT_ONLY,NONE,,78,UNKNOWN for Phase 2 unless keyword-selected (not re-read now),UNKNOWN,
TG_57860,A1 · TG · V3,TG_57860,PREVIOUSLY_VISUALLY_VERIFIED,CONTEXT_ONLY,NONE,,0,UNKNOWN for Phase 2 unless keyword-selected (not re-read now),UNKNOWN,
TG_57861,A1 · TG · V3,TG_57861,PREVIOUSLY_VISUALLY_VERIFIED,CONTEXT_ONLY,NONE,,105,UNKNOWN for Phase 2 unless keyword-selected (not re-read now),UNKNOWN,
TG_57862,A1 · TG · V3,TG_57862,"VISUALLY_VERIFIED_NOW (Phase 1, 2026-10-08)",VALIDATION_CASE,WAIT,SXTC,306,assessed in Phase 1 (see fm_forensics/IMAGE_UTILIZATION_FINAL_AUDIT.md),no (Phase 1 basis),
TG_57863,A1 · TG · V3,TG_57866,DUPLICATE,RULE_EVIDENCE,NONE,DSY,231,NON-MATERIAL (duplicate of a verified unit),no,
TG_57864,A1 · TG · V3,TG_57864,PREVIOUSLY_VISUALLY_VERIFIED,RULE_EVIDENCE,NONE,DFNS,309,UNKNOWN for Phase 2 unless keyword-selected (not re-read now),UNKNOWN,
TG_57865,A1 · TG · V3,TG_57865,PREVIOUSLY_VISUALLY_VERIFIED,CONTEXT_ONLY,NONE,WNW,295,UNKNOWN for Phase 2 unless keyword-selected (not re-read now),UNKNOWN,
TG_57866,A1 · TG · V3,TG_57866,PREVIOUSLY_VISUALLY_VERIFIED,RULE_EVIDENCE,NONE,DSY,351,UNKNOWN for Phase 2 unless keyword-selected (not re-read now),UNKNOWN,
TG_57867,A1 · TG · V3,TG_57867,PREVIOUSLY_VISUALLY_VERIFIED,VALIDATION_CASE,WAIT,NRSN,129,UNKNOWN for Phase 2 unless keyword-selected (not re-read now),UNKNOWN,
TG_57868,A1 · TG · V3,TG_57865,DUPLICATE,CONTEXT_ONLY,NONE,WNW,287,NON-MATERIAL (duplicate of a verified unit),no,
TG_57869,A1 · TG · V3,TG_57869,"VISUALLY_VERIFIED_NOW (Phase 1, 2026-10-08)",VALIDATION_CASE,WAIT,CRE,164,assessed in Phase 1 (see fm_forensics/IMAGE_UTILIZATION_FINAL_AUDIT.md),no (Phase 1 basis),
TG_57870,A1 · TG · V3,TG_57870,"VISUALLY_VERIFIED_NOW (Phase 1, 2026-10-08)",VALIDATION_CASE,WAIT,OMH,424,assessed in Phase 1 (see fm_forensics/IMAGE_UTILIZATION_FINAL_AUDIT.md),no (Phase 1 basis),
TG_57871,A1 · TG · V3,TG_57871,PREVIOUSLY_VISUALLY_VERIFIED,VALIDATION_CASE,WAIT,DSY,342,UNKNOWN for Phase 2 unless keyword-selected (not re-read now),UNKNOWN,
TG_57872,A1 · TG · V3,TG_57872,PREVIOUSLY_VISUALLY_VERIFIED,VALIDATION_CASE,WAIT,OMH,314,UNKNOWN for Phase 2 unless keyword-selected (not re-read now),UNKNOWN,
TG_57873,A1 · TG · V3,TG_57873,PREVIOUSLY_VISUALLY_VERIFIED,VALIDATION_CASE,WAIT,OMH,344,UNKNOWN for Phase 2 unless keyword-selected (not re-read now),UNKNOWN,
TG_57874,A1 · TG · V3,TG_57874,PREVIOUSLY_VISUALLY_VERIFIED,RULE_EVIDENCE,NONE,OMH,581,UNKNOWN for Phase 2 unless keyword-selected (not re-read now),UNKNOWN,
TG_57875,A1 · TG · V3,TG_57875,PREVIOUSLY_VISUALLY_VERIFIED,VALIDATION_CASE,WAIT,OMH,167,UNKNOWN for Phase 2 unless keyword-selected (not re-read now),UNKNOWN,
TG_57876,A1 · TG · V3,TG_57876,PREVIOUSLY_VISUALLY_VERIFIED,VALIDATION_CASE,WAIT,OMH,281,UNKNOWN for Phase 2 unless keyword-selected (not re-read now),UNKNOWN,
TG_57877,A1 · TG · V3,TG_57877,PREVIOUSLY_VISUALLY_VERIFIED,RULE_EVIDENCE,NONE,TDIC|ELPW|MSGY|FGL|THH,164,UNKNOWN for Phase 2 unless keyword-selected (not re-read now),UNKNOWN,
TG_57878,A1 · TG · V3,TG_57878,PREVIOUSLY_VISUALLY_VERIFIED,VALIDATION_CASE,WAIT,CIIT,453,UNKNOWN for Phase 2 unless keyword-selected (not re-read now),UNKNOWN,
TG_57879,A1 · TG · V3,TG_57879,VISUALLY_VERIFIED_NOW,"CONVERSATION (KSA: hold below support = sweep −25% then return above 2.26 → Faisal ✅, 2026-09-26)",WAIT,CIIT,363,MATERIAL,no (reinforces sweep-reclaim; depth −25% not 13%),
TG_57880,A1 · TG · V3,TG_57880,PREVIOUSLY_VISUALLY_VERIFIED,VALIDATION_CASE,WAIT,CIIT,215,UNKNOWN for Phase 2 unless keyword-selected (not re-read now),UNKNOWN,
TG_57881,A1 · TG · V3,TG_57881,PREVIOUSLY_VISUALLY_VERIFIED,VALIDATION_CASE,WAIT,CIIT,366,UNKNOWN for Phase 2 unless keyword-selected (not re-read now),UNKNOWN,
TG_57882,A1 · TG · V3,TG_57878,DUPLICATE,VALIDATION_CASE,WAIT,CIIT,239,NON-MATERIAL (duplicate of a verified unit),no,
TG_57883,A1 · TG · V3,TG_57881,DUPLICATE,VALIDATION_CASE,WAIT,CIIT,123,NON-MATERIAL (duplicate of a verified unit),no,
TG_57884,A1 · TG · V3,TG_57884,VISUALLY_VERIFIED_NOW,DIRECT_FAISAL_TEXT + DIRECT_CHART (CIIT: possible −25% wave after resistance test; shows the owner's app card 'الدعم المعتمد 2.26'),WAIT,CIIT,200,MATERIAL,no (depth variable; Faisal uses the owner's tool),
TG_57885,A1 · TG · V3,TG_57885,PREVIOUSLY_VISUALLY_VERIFIED,RULE_EVIDENCE,NONE,MSGY|ELPW,441,UNKNOWN for Phase 2 unless keyword-selected (not re-read now),UNKNOWN,
TG_57886,A1 · TG · V3,TG_57886,PREVIOUSLY_VISUALLY_VERIFIED,CONTEXT_ONLY,NONE,MSGY|ELPW,394,UNKNOWN for Phase 2 unless keyword-selected (not re-read now),UNKNOWN,
TG_57887,A1 · TG · V3,TG_57887,PREVIOUSLY_VISUALLY_VERIFIED,RULE_EVIDENCE,NONE,,440,UNKNOWN for Phase 2 unless keyword-selected (not re-read now),UNKNOWN,
TG_57888,A1 · TG · V3,TG_57888,PREVIOUSLY_VISUALLY_VERIFIED,CONTEXT_ONLY,NONE,MSGY,45,UNKNOWN for Phase 2 unless keyword-selected (not re-read now),UNKNOWN,
TG_57889,A1 · TG · V3,TG_57889,PREVIOUSLY_VISUALLY_VERIFIED,CONTEXT_ONLY,NONE,,397,UNKNOWN for Phase 2 unless keyword-selected (not re-read now),UNKNOWN,
TG_57890,A1 · TG · V3,TG_57890,"VISUALLY_VERIFIED_NOW (Phase 1, 2026-10-08)",VALIDATION_CASE,READY,GCTK,294,assessed in Phase 1 (see fm_forensics/IMAGE_UTILIZATION_FINAL_AUDIT.md),no (Phase 1 basis),
TG_57891,A1 · TG · V3,TG_57891,PREVIOUSLY_VISUALLY_VERIFIED,VALIDATION_CASE,UNKNOWN,GCTK,232,UNKNOWN for Phase 2 unless keyword-selected (not re-read now),UNKNOWN,
TG_57892,A1 · TG · V3,TG_57892,PREVIOUSLY_VISUALLY_VERIFIED,VALIDATION_CASE,UNKNOWN,SPHL,60,UNKNOWN for Phase 2 unless keyword-selected (not re-read now),UNKNOWN,
TG_57893,A1 · TG · V3,TG_57893,"VISUALLY_VERIFIED_NOW (Phase 1, 2026-10-08)",RULE_EVIDENCE,NONE,DKI,380,assessed in Phase 1 (see fm_forensics/IMAGE_UTILIZATION_FINAL_AUDIT.md),no (Phase 1 basis),
TG_57894,A1 · TG · V3,TG_57894,PREVIOUSLY_VISUALLY_VERIFIED,VALIDATION_CASE,WAIT,DKI,819,UNKNOWN for Phase 2 unless keyword-selected (not re-read now),UNKNOWN,
TG_57912,A1 · TG · V3,TG_57912,"VISUALLY_VERIFIED_NOW (Phase 1, 2026-10-08)",VALIDATION_CASE,WAIT,NTCL,141,assessed in Phase 1 (see fm_forensics/IMAGE_UTILIZATION_FINAL_AUDIT.md),no (Phase 1 basis),
TG_57913,A1 · TG · V3,TG_57913,PREVIOUSLY_VISUALLY_VERIFIED,VALIDATION_CASE,WAIT,NTCL,151,UNKNOWN for Phase 2 unless keyword-selected (not re-read now),UNKNOWN,
TG_57914,A1 · TG · V3,TG_57914,PREVIOUSLY_VISUALLY_VERIFIED,VALIDATION_CASE,WAIT,NTCL|GCTK,286,UNKNOWN for Phase 2 unless keyword-selected (not re-read now),UNKNOWN,
TG_57915,A1 · TG · V3,TG_57915,PREVIOUSLY_VISUALLY_VERIFIED,RULE_EVIDENCE,NONE,NTCL,180,UNKNOWN for Phase 2 unless keyword-selected (not re-read now),UNKNOWN,
TG_57916,A1 · TG · V3,TG_57916,PREVIOUSLY_VISUALLY_VERIFIED,RULE_EVIDENCE,NONE,NTCL,90,UNKNOWN for Phase 2 unless keyword-selected (not re-read now),UNKNOWN,
TG_57917,A1 · TG · V3,TG_57917,PREVIOUSLY_VISUALLY_VERIFIED,RULE_EVIDENCE,NONE,NTCL,122,UNKNOWN for Phase 2 unless keyword-selected (not re-read now),UNKNOWN,
TG_57918,A1 · TG · V3,TG_57918,PREVIOUSLY_VISUALLY_VERIFIED,RULE_EVIDENCE,NONE,NTCL,99,UNKNOWN for Phase 2 unless keyword-selected (not re-read now),UNKNOWN,
TG_57919,A1 · TG · V3,TG_57919,PREVIOUSLY_VISUALLY_VERIFIED,CONTEXT_ONLY,NONE,NTCL,106,UNKNOWN for Phase 2 unless keyword-selected (not re-read now),UNKNOWN,
TG_57921,A1 · TG · V3,TG_57921,PREVIOUSLY_VISUALLY_VERIFIED,VALIDATION_CASE,WAIT,NTCL,452,UNKNOWN for Phase 2 unless keyword-selected (not re-read now),UNKNOWN,
TG_57922,A1 · TG · V3,TG_57922,PREVIOUSLY_VISUALLY_VERIFIED,CONTEXT_ONLY,NONE,NTCL,153,UNKNOWN for Phase 2 unless keyword-selected (not re-read now),UNKNOWN,
TG_57923,A1 · TG · V3,TG_57923,PREVIOUSLY_VISUALLY_VERIFIED,VALIDATION_CASE,WAIT,NTCL,216,UNKNOWN for Phase 2 unless keyword-selected (not re-read now),UNKNOWN,
TG_57924,A1 · TG · V3,APP_20260918_52_ELPW,DUPLICATE,CONTEXT_ONLY,NONE,ELPW,378,NON-MATERIAL (duplicate of a verified unit),no,
TG_57925,A1 · TG · V3,TG_57925,PREVIOUSLY_VISUALLY_VERIFIED,VALIDATION_CASE,WAIT,ZNB,238,UNKNOWN for Phase 2 unless keyword-selected (not re-read now),UNKNOWN,
TG_57926,A1 · TG · V3,TG_57926,PREVIOUSLY_VISUALLY_VERIFIED,RULE_EVIDENCE,NONE,,193,UNKNOWN for Phase 2 unless keyword-selected (not re-read now),UNKNOWN,
TG_57927,A1 · TG · V3,TG_57928,DUPLICATE,RULE_EVIDENCE,NONE,,442,NON-MATERIAL (duplicate of a verified unit),no,
TG_57928,A1 · TG · V3,TG_57928,PREVIOUSLY_VISUALLY_VERIFIED,RULE_EVIDENCE,NONE,ELAB,450,UNKNOWN for Phase 2 unless keyword-selected (not re-read now),UNKNOWN,
TG_57929,A1 · TG · V3,APP_20260918_53_ELPW,DUPLICATE,CONTEXT_ONLY,NONE,ELPW,226,NON-MATERIAL (duplicate of a verified unit),no,
TG_58042,A1 · TG · V3,TG_58042,PREVIOUSLY_VISUALLY_VERIFIED,RULE_EVIDENCE,NONE,,472,UNKNOWN for Phase 2 unless keyword-selected (not re-read now),UNKNOWN,
TG_58043,A1 · TG · V3,TG_58043,PREVIOUSLY_VISUALLY_VERIFIED,RULE_EVIDENCE,NONE,,258,UNKNOWN for Phase 2 unless keyword-selected (not re-read now),UNKNOWN,
TG_58044,A1 · TG · V3,TG_58044,PREVIOUSLY_VISUALLY_VERIFIED,RULE_EVIDENCE,NONE,,71,UNKNOWN for Phase 2 unless keyword-selected (not re-read now),UNKNOWN,
TG_58045,A1 · TG · V3,TG_58045,PREVIOUSLY_VISUALLY_VERIFIED,VALIDATION_CASE,WAIT,VEEE,125,UNKNOWN for Phase 2 unless keyword-selected (not re-read now),UNKNOWN,
TG_58046,A1 · TG · V3,TG_58046,PREVIOUSLY_VISUALLY_VERIFIED,VALIDATION_CASE,UNKNOWN,EZRA,126,UNKNOWN for Phase 2 unless keyword-selected (not re-read now),UNKNOWN,
TG_58047,A1 · TG · V3,TG_58047,PREVIOUSLY_VISUALLY_VERIFIED,CONTEXT_ONLY,NONE,DXST,207,UNKNOWN for Phase 2 unless keyword-selected (not re-read now),UNKNOWN,
TG_58048,A1 · TG · V3,TG_58048,PREVIOUSLY_VISUALLY_VERIFIED,VALIDATION_CASE,UNKNOWN,DXST,268,UNKNOWN for Phase 2 unless keyword-selected (not re-read now),UNKNOWN,
TG_58049,A1 · TG · V3,TG_58049,PREVIOUSLY_VISUALLY_VERIFIED,VALIDATION_CASE,WAIT,ATMV,248,UNKNOWN for Phase 2 unless keyword-selected (not re-read now),UNKNOWN,
TG_58050,A1 · TG · V3,TG_58050,PREVIOUSLY_VISUALLY_VERIFIED,RULE_EVIDENCE,NONE,,252,UNKNOWN for Phase 2 unless keyword-selected (not re-read now),UNKNOWN,
TG_58051,A1 · TG · V3,EDU_20260918_10_pattern,DUPLICATE,RULE_EVIDENCE,NONE,,45,NON-MATERIAL (duplicate of a verified unit),no,
TG_58052,A1 · TG · V3,TG_58052,PREVIOUSLY_VISUALLY_VERIFIED,RULE_EVIDENCE,NONE,,307,UNKNOWN for Phase 2 unless keyword-selected (not re-read now),UNKNOWN,
TG_58382,A1 · TG · B48 (بوت التلغرام 2026-10-07),TG_58382,PREVIOUSLY_VISUALLY_VERIFIED,RULE_EVIDENCE,,,0,UNKNOWN for Phase 2 unless keyword-selected (not re-read now),UNKNOWN,
TG_58383,A1 · TG · B48 (بوت التلغرام 2026-10-07),TG_58383,PREVIOUSLY_VISUALLY_VERIFIED,CONTEXT_ONLY,,CYCU,0,UNKNOWN for Phase 2 unless keyword-selected (not re-read now),UNKNOWN,
TG_58384,A1 · TG · B48 (بوت التلغرام 2026-10-07),TG_58384,PREVIOUSLY_VISUALLY_VERIFIED,CONTEXT_ONLY,,CYCU,0,UNKNOWN for Phase 2 unless keyword-selected (not re-read now),UNKNOWN,
TG_58385,A1 · TG · B48 (بوت التلغرام 2026-10-07),TG_58385,PREVIOUSLY_VISUALLY_VERIFIED,CONTEXT_ONLY,,CYCU,0,UNKNOWN for Phase 2 unless keyword-selected (not re-read now),UNKNOWN,
TG_58386,A1 · TG · B48 (بوت التلغرام 2026-10-07),TG_58386,"VISUALLY_VERIFIED_NOW (Phase 1, 2026-10-08)",CONTEXT_ONLY,,DKI,0,assessed in Phase 1 (see fm_forensics/IMAGE_UTILIZATION_FINAL_AUDIT.md),no (Phase 1 basis),
TG_58387,A1 · TG · B48 (بوت التلغرام 2026-10-07),TG_58387,PREVIOUSLY_VISUALLY_VERIFIED,RULE_EVIDENCE,WAIT,MI,0,UNKNOWN for Phase 2 unless keyword-selected (not re-read now),UNKNOWN,
TG_58388,A1 · TG · B48 (بوت التلغرام 2026-10-07),TG_58388,DUPLICATE,CONTEXT_ONLY,,CYCU,0,NON-MATERIAL (duplicate of a verified unit),no,
TG_58389,A1 · TG · B48 (بوت التلغرام 2026-10-07),TG_58389,PREVIOUSLY_VISUALLY_VERIFIED,CONTEXT_ONLY,,CYCU,0,UNKNOWN for Phase 2 unless keyword-selected (not re-read now),UNKNOWN,
TG_58390,A1 · TG · B48 (بوت التلغرام 2026-10-07),TG_58390,PREVIOUSLY_VISUALLY_VERIFIED,RULE_EVIDENCE,REJECT,APVO,0,UNKNOWN for Phase 2 unless keyword-selected (not re-read now),UNKNOWN,
TG_58391,A1 · TG · B48 (بوت التلغرام 2026-10-07),TG_58391,PREVIOUSLY_VISUALLY_VERIFIED,RULE_EVIDENCE,,INLF,0,UNKNOWN for Phase 2 unless keyword-selected (not re-read now),UNKNOWN,
TG_58392,A1 · TG · B48 (بوت التلغرام 2026-10-07),TG_58392,PREVIOUSLY_VISUALLY_VERIFIED,CONTEXT_ONLY,,INLF,0,UNKNOWN for Phase 2 unless keyword-selected (not re-read now),UNKNOWN,
TG_58393,A1 · TG · B48 (بوت التلغرام 2026-10-07),TG_58393,PREVIOUSLY_VISUALLY_VERIFIED,RULE_EVIDENCE,,WHLR,0,UNKNOWN for Phase 2 unless keyword-selected (not re-read now),UNKNOWN,
TG_58394,A1 · TG · B48 (بوت التلغرام 2026-10-07),TG_58394,PREVIOUSLY_VISUALLY_VERIFIED,CONTEXT_ONLY,,INLF|WHLR,0,UNKNOWN for Phase 2 unless keyword-selected (not re-read now),UNKNOWN,
TG_58395,A1 · TG · B48 (بوت التلغرام 2026-10-07),TG_58395,PREVIOUSLY_VISUALLY_VERIFIED,CONTEXT_ONLY,,DFNS,0,UNKNOWN for Phase 2 unless keyword-selected (not re-read now),UNKNOWN,
TG_58396,A1 · TG · B48 (بوت التلغرام 2026-10-07),TG_58396,PREVIOUSLY_VISUALLY_VERIFIED,RULE_EVIDENCE,,INLF,0,UNKNOWN for Phase 2 unless keyword-selected (not re-read now),UNKNOWN,
TG_58397,A1 · TG · B48 (بوت التلغرام 2026-10-07),TG_58396,DUPLICATE,RULE_EVIDENCE,,INLF,0,NON-MATERIAL (duplicate of a verified unit),no,
TG_58398,A1 · TG · B48 (بوت التلغرام 2026-10-07),TG_58398,PREVIOUSLY_VISUALLY_VERIFIED,CONTEXT_ONLY,,WHLR,0,UNKNOWN for Phase 2 unless keyword-selected (not re-read now),UNKNOWN,
TG_58399,A1 · TG · B48 (بوت التلغرام 2026-10-07),TG_58399,PREVIOUSLY_VISUALLY_VERIFIED,CONTEXT_ONLY,,WHLR,0,UNKNOWN for Phase 2 unless keyword-selected (not re-read now),UNKNOWN,
TG_58400,A1 · TG · B48 (بوت التلغرام 2026-10-07),TG_58400,PREVIOUSLY_VISUALLY_VERIFIED,RULE_EVIDENCE,WAIT,NEXR,0,UNKNOWN for Phase 2 unless keyword-selected (not re-read now),UNKNOWN,
TG_58401,A1 · TG · B48 (بوت التلغرام 2026-10-07),TG_58401,PREVIOUSLY_VISUALLY_VERIFIED,RULE_EVIDENCE,,NEXR,0,UNKNOWN for Phase 2 unless keyword-selected (not re-read now),UNKNOWN,
TG_58402,A1 · TG · B48 (بوت التلغرام 2026-10-07),TG_58402,PREVIOUSLY_VISUALLY_VERIFIED,VALIDATION_CASE,WAIT,BRTX,0,UNKNOWN for Phase 2 unless keyword-selected (not re-read now),UNKNOWN,
TG_58403,A1 · TG · B48 (بوت التلغرام 2026-10-07),TG_58403,PREVIOUSLY_VISUALLY_VERIFIED,RULE_EVIDENCE,,GNPX,0,UNKNOWN for Phase 2 unless keyword-selected (not re-read now),UNKNOWN,
TG_58404,A1 · TG · B48 (بوت التلغرام 2026-10-07),TG_58404,PREVIOUSLY_VISUALLY_VERIFIED,RULE_EVIDENCE,,GNPX,0,UNKNOWN for Phase 2 unless keyword-selected (not re-read now),UNKNOWN,
TG_58405,A1 · TG · B48 (بوت التلغرام 2026-10-07),TG_58402,DUPLICATE,VALIDATION_CASE,,BRTX,0,NON-MATERIAL (duplicate of a verified unit),no,
TG_58406,A1 · TG · B48 (بوت التلغرام 2026-10-07),TG_58406,DUPLICATE,RULE_EVIDENCE,,BRTX,0,NON-MATERIAL (duplicate of a verified unit),no,
TG_58407,A1 · TG · B48 (بوت التلغرام 2026-10-07),TG_58407,DUPLICATE,VALIDATION_CASE,WAIT,BRTX,0,NON-MATERIAL (duplicate of a verified unit),no,
TG_58408,A1 · TG · B48 (بوت التلغرام 2026-10-07),TG_58408,PREVIOUSLY_VISUALLY_VERIFIED,RULE_EVIDENCE,,,0,UNKNOWN for Phase 2 unless keyword-selected (not re-read now),UNKNOWN,
TG_58409,A1 · TG · B48 (بوت التلغرام 2026-10-07),TG_58409,PREVIOUSLY_VISUALLY_VERIFIED,RULE_EVIDENCE,,NCT,0,UNKNOWN for Phase 2 unless keyword-selected (not re-read now),UNKNOWN,
TG_58410,A1 · TG · B48 (بوت التلغرام 2026-10-07),TG_58410,PREVIOUSLY_VISUALLY_VERIFIED,CONTEXT_ONLY,,YXT,0,UNKNOWN for Phase 2 unless keyword-selected (not re-read now),UNKNOWN,
TG_58411,A1 · TG · B48 (بوت التلغرام 2026-10-07),TG_58411,PREVIOUSLY_VISUALLY_VERIFIED,RULE_EVIDENCE,REJECT,YXT,0,UNKNOWN for Phase 2 unless keyword-selected (not re-read now),UNKNOWN,
TG_58412,A1 · TG · B48 (بوت التلغرام 2026-10-07),TG_58412,PREVIOUSLY_VISUALLY_VERIFIED,CONTEXT_ONLY,,SPRC,0,UNKNOWN for Phase 2 unless keyword-selected (not re-read now),UNKNOWN,
TG_58413,A1 · TG · B48 (بوت التلغرام 2026-10-07),TG_58413,PREVIOUSLY_VISUALLY_VERIFIED,RULE_EVIDENCE,,,0,UNKNOWN for Phase 2 unless keyword-selected (not re-read now),UNKNOWN,
TG_58414,A1 · TG · B48 (بوت التلغرام 2026-10-07),TG_58414,PREVIOUSLY_VISUALLY_VERIFIED,RULE_EVIDENCE,,NCT,0,UNKNOWN for Phase 2 unless keyword-selected (not re-read now),UNKNOWN,
TG_58415,A1 · TG · B48 (بوت التلغرام 2026-10-07),TG_58415,PREVIOUSLY_VISUALLY_VERIFIED,RULE_EVIDENCE,READY,NCT,0,UNKNOWN for Phase 2 unless keyword-selected (not re-read now),UNKNOWN,
TG_58416,A1 · TG · B48 (بوت التلغرام 2026-10-07),TG_58416,PREVIOUSLY_VISUALLY_VERIFIED,RULE_EVIDENCE,,NCT,0,UNKNOWN for Phase 2 unless keyword-selected (not re-read now),UNKNOWN,
TG_58417,A1 · TG · B48 (بوت التلغرام 2026-10-07),TG_58417,"VISUALLY_VERIFIED_NOW (Phase 1, 2026-10-08)",RULE_EVIDENCE,,SXTC,0,assessed in Phase 1 (see fm_forensics/IMAGE_UTILIZATION_FINAL_AUDIT.md),no (Phase 1 basis),
TG_58418,A1 · TG · B48 (بوت التلغرام 2026-10-07),TG_58418,DUPLICATE,VALIDATION_CASE,READY,SXTC,0,NON-MATERIAL (duplicate of a verified unit),no,
TG_58419,A1 · TG · B48 (بوت التلغرام 2026-10-07),TG_58419,PREVIOUSLY_VISUALLY_VERIFIED,RULE_EVIDENCE,,,0,UNKNOWN for Phase 2 unless keyword-selected (not re-read now),UNKNOWN,
TG_58420,A1 · TG · B48 (بوت التلغرام 2026-10-07),TG_58420,PREVIOUSLY_VISUALLY_VERIFIED,RULE_EVIDENCE,,,0,UNKNOWN for Phase 2 unless keyword-selected (not re-read now),UNKNOWN,
TG_58421,A1 · TG · B48 (بوت التلغرام 2026-10-07),TG_58421,PREVIOUSLY_VISUALLY_VERIFIED,RULE_EVIDENCE,,NCT,0,UNKNOWN for Phase 2 unless keyword-selected (not re-read now),UNKNOWN,
TG_58422,A1 · TG · B48 (بوت التلغرام 2026-10-07),TG_58414,DUPLICATE,RULE_EVIDENCE,,NCT,0,NON-MATERIAL (duplicate of a verified unit),no,
TG_58423,A1 · TG · B48 (بوت التلغرام 2026-10-07),TG_58423,PREVIOUSLY_VISUALLY_VERIFIED,RULE_EVIDENCE,,NCT,0,UNKNOWN for Phase 2 unless keyword-selected (not re-read now),UNKNOWN,
TG_58426,A1 · TG · B48 (بوت التلغرام 2026-10-07),CH_20260918_14_NUWE,DUPLICATE,CONTEXT_ONLY,,NUWE,0,NON-MATERIAL (duplicate of a verified unit),no,
TG_58427,A1 · TG · B48 (بوت التلغرام 2026-10-07),X_20260918_13_NUWE,DUPLICATE,VALIDATION_CASE,,NUWE,0,NON-MATERIAL (duplicate of a verified unit),no,
TG_58428,A1 · TG · B48 (بوت التلغرام 2026-10-07),TG_58052,DUPLICATE,RULE_EVIDENCE,,,0,NON-MATERIAL (duplicate of a verified unit),no,
TG_58429,A1 · TG · B48 (بوت التلغرام 2026-10-07),TG_58429,DUPLICATE,VALIDATION_CASE,WAIT,DXST,0,NON-MATERIAL (duplicate of a verified unit),no,
TG_58524,not in inventory,TG_58524,INHERITED_LABEL_ONLY,UNKNOWN,?,,0,UNKNOWN,UNKNOWN,
TG_58525,not in inventory,TG_58525,INHERITED_LABEL_ONLY,UNKNOWN,?,,0,UNKNOWN,UNKNOWN,
TG_58526,not in inventory,TG_58526,INHERITED_LABEL_ONLY,UNKNOWN,?,,0,UNKNOWN,UNKNOWN,
TG_58527,not in inventory,TG_58527,"VISUALLY_VERIFIED_NOW (Phase 1, 2026-10-08)",UNKNOWN,?,,0,assessed in Phase 1 (see fm_forensics/IMAGE_UTILIZATION_FINAL_AUDIT.md),no (Phase 1 basis),
WA_20260918_31_SXTC,A1 · WA · V3,WA_20260918_31_SXTC,"VISUALLY_VERIFIED_NOW (Phase 1, 2026-10-08)",VALIDATION_CASE,READY,SXTC,234,assessed in Phase 1 (see fm_forensics/IMAGE_UTILIZATION_FINAL_AUDIT.md),no (Phase 1 basis),
WA_20260918_46_NUWE,A1 · WA · V3,WA_20260918_46_NUWE,PREVIOUSLY_VISUALLY_VERIFIED,VALIDATION_CASE,WAIT,NUWE,134,UNKNOWN for Phase 2 unless keyword-selected (not re-read now),UNKNOWN,
X_20260827_amix_3m_inflow,A1 · X · V3,X_20260827_amix_3m_inflow,PREVIOUSLY_VISUALLY_VERIFIED,RULE_EVIDENCE,NONE,AMIX,150,UNKNOWN for Phase 2 unless keyword-selected (not re-read now),UNKNOWN,
X_20260827_amix_hcwb_ready,A1 · X · V3,X_20260827_amix_hcwb_ready,"VISUALLY_VERIFIED_NOW (Phase 1, 2026-10-08)",VALIDATION_CASE,MULTI,AMIX|HCWB,381,assessed in Phase 1 (see fm_forensics/IMAGE_UTILIZATION_FINAL_AUDIT.md),no (Phase 1 basis),
X_20260827_amix_pressure_497,A1 · X · V3,X_20260827_amix_pressure_497,PREVIOUSLY_VISUALLY_VERIFIED,RULE_EVIDENCE,NONE,AMIX,86,UNKNOWN for Phase 2 unless keyword-selected (not re-read now),UNKNOWN,
X_20260827_checklist_7points,A1 · X · V3,X_20260827_checklist_7points,VISUALLY_VERIFIED_NOW,"DIRECT_FAISAL_TEXT (7-point selection checklist incl. news, cause of drop, split date, 4h pre/after, daily rise, groups, 5-session low; RSI<30 daily; entry at the low with stop)",NONE,,778,MATERIAL,no (refines Focus: split date is an explicit input),selection ≠ readiness; both present
X_20260827_checklist_7points_cont,A1 · X · V3,X_20260827_checklist_7points_cont,PREVIOUSLY_VISUALLY_VERIFIED,COUNTEREXAMPLE,NONE,,216,UNKNOWN for Phase 2 unless keyword-selected (not re-read now),UNKNOWN,
X_20260827_ciit_targets,A1 · X · V3,X_20260827_ciit_targets,PREVIOUSLY_VISUALLY_VERIFIED,VALIDATION_CASE,UNKNOWN,CIIT,21,UNKNOWN for Phase 2 unless keyword-selected (not re-read now),UNKNOWN,
X_20260827_hcwb_leak_close_dm,A1 · X · V3,X_20260827_hcwb_leak_close_dm,PREVIOUSLY_VISUALLY_VERIFIED,RULE_EVIDENCE,NONE,HCWB,309,UNKNOWN for Phase 2 unless keyword-selected (not re-read now),UNKNOWN,
X_20260827_hcwb_leak_read,A1 · X · V3,X_20260827_hcwb_leak_read,PREVIOUSLY_VISUALLY_VERIFIED,RULE_EVIDENCE,NONE,HCWB,508,UNKNOWN for Phase 2 unless keyword-selected (not re-read now),UNKNOWN,
X_20260827_indicators_canf,A1 · X · V3,X_20260827_indicators_canf,PREVIOUSLY_VISUALLY_VERIFIED,RULE_EVIDENCE,NONE,CANF,512,UNKNOWN for Phase 2 unless keyword-selected (not re-read now),UNKNOWN,
X_20260827_kwm_150_watch3,A1 · X · V3,X_20260827_kwm_150_watch3,PREVIOUSLY_VISUALLY_VERIFIED,VALIDATION_CASE,WAIT,KWM,273,UNKNOWN for Phase 2 unless keyword-selected (not re-read now),UNKNOWN,
X_20260827_kwm_annotated_levels,A1 · X · V3,X_20260827_kwm_annotated_levels,PREVIOUSLY_VISUALLY_VERIFIED,VALIDATION_CASE,UNKNOWN,KWM,205,UNKNOWN for Phase 2 unless keyword-selected (not re-read now),UNKNOWN,
X_20260827_kwm_hammer_support,A1 · X · V3,X_20260827_kwm_hammer_support,PREVIOUSLY_VISUALLY_VERIFIED,RULE_EVIDENCE,NONE,KWM,385,UNKNOWN for Phase 2 unless keyword-selected (not re-read now),UNKNOWN,
X_20260827_kwm_offering_notready,A1 · X · V3,X_20260827_kwm_offering_notready,PREVIOUSLY_VISUALLY_VERIFIED,VALIDATION_CASE,WAIT,KWM,231,UNKNOWN for Phase 2 unless keyword-selected (not re-read now),UNKNOWN,
X_20260827_labt_supports_wait,A1 · X · V3,X_20260827_labt_supports_wait,PREVIOUSLY_VISUALLY_VERIFIED,VALIDATION_CASE,WAIT,LABT,138,UNKNOWN for Phase 2 unless keyword-selected (not re-read now),UNKNOWN,
X_20260827_operator_candle_ride,A1 · X · V3,X_20260827_operator_candle_ride,PREVIOUSLY_VISUALLY_VERIFIED,RULE_EVIDENCE,NONE,UNK,190,UNKNOWN for Phase 2 unless keyword-selected (not re-read now),UNKNOWN,
X_20260827_pfsa_500pct,A1 · X · V3,X_20260827_pfsa_500pct,PREVIOUSLY_VISUALLY_VERIFIED,RULE_EVIDENCE,NONE,PFSA,113,UNKNOWN for Phase 2 unless keyword-selected (not re-read now),UNKNOWN,
X_20260827_raya_notready,A1 · X · V3,X_20260827_raya_notready_2,DUPLICATE,VALIDATION_CASE,WAIT,RAYA,25,NON-MATERIAL (duplicate of a verified unit),no,
X_20260827_raya_notready_2,A1 · X · V3,X_20260827_raya_notready_2,PREVIOUSLY_VISUALLY_VERIFIED,VALIDATION_CASE,WAIT,RAYA,25,UNKNOWN for Phase 2 unless keyword-selected (not re-read now),UNKNOWN,
X_20260827_rubi_4h_levels,A1 · X · V3,X_20260827_rubi_4h_levels,PREVIOUSLY_VISUALLY_VERIFIED,CONTEXT_ONLY,NONE,RUBI,225,UNKNOWN for Phase 2 unless keyword-selected (not re-read now),UNKNOWN,
X_20260827_rubi_daily_ma_rsi,A1 · X · V3,X_20260827_rubi_daily_ma_rsi,PREVIOUSLY_VISUALLY_VERIFIED,CONTEXT_ONLY,NONE,RUBI,190,UNKNOWN for Phase 2 unless keyword-selected (not re-read now),UNKNOWN,
X_20260827_rubi_read_short150k,A1 · X · V3,X_20260827_rubi_read_short150k,PREVIOUSLY_VISUALLY_VERIFIED,VALIDATION_CASE,WAIT,RUBI,523,UNKNOWN for Phase 2 unless keyword-selected (not re-read now),UNKNOWN,
X_20260827_target10_entry_below,A1 · X · V3,X_20260827_target10_entry_below,PREVIOUSLY_VISUALLY_VERIFIED,VALIDATION_CASE,WAIT,UNK,205,UNKNOWN for Phase 2 unless keyword-selected (not re-read now),UNKNOWN,
X_20260828_01,A1 · X · V3,X_20260828_01,PREVIOUSLY_VISUALLY_VERIFIED,RULE_EVIDENCE,NONE,,158,UNKNOWN for Phase 2 unless keyword-selected (not re-read now),UNKNOWN,
X_20260828_02,A1 · X · V3,X_20260918_27_CUPR,DUPLICATE,VALIDATION_CASE,WAIT,CUPR,309,NON-MATERIAL (duplicate of a verified unit),no,
X_20260828_03,A1 · X · V3,X_20260918_27_CUPR,DUPLICATE,VALIDATION_CASE,NONE,CUPR,364,NON-MATERIAL (duplicate of a verified unit),no,
X_20260828_04,A1 · X · V3,X_20260828_04,PREVIOUSLY_VISUALLY_VERIFIED,RULE_EVIDENCE,NONE,PPCB,288,UNKNOWN for Phase 2 unless keyword-selected (not re-read now),UNKNOWN,
X_20260828_05,A1 · X · V3,X_20260828_05,PREVIOUSLY_VISUALLY_VERIFIED,VALIDATION_CASE,WAIT,PPCB,30,UNKNOWN for Phase 2 unless keyword-selected (not re-read now),UNKNOWN,
X_20260828_06,A1 · X · V3,X_20260828_05,DUPLICATE,VALIDATION_CASE,NONE,PPCB,167,NON-MATERIAL (duplicate of a verified unit),no,
X_20260828_07,A1 · X · V3,X_20260828_07,PREVIOUSLY_VISUALLY_VERIFIED,RULE_EVIDENCE,NONE,PPCB|ZCMD,156,UNKNOWN for Phase 2 unless keyword-selected (not re-read now),UNKNOWN,
X_20260828_08,A1 · X · V3,X_20260828_07,DUPLICATE,RULE_EVIDENCE,NONE,PPCB,159,NON-MATERIAL (duplicate of a verified unit),no,
X_20260828_09,A1 · X · V3,X_20260828_09,PREVIOUSLY_VISUALLY_VERIFIED,VALIDATION_CASE,WAIT,HCWB,144,UNKNOWN for Phase 2 unless keyword-selected (not re-read now),UNKNOWN,
X_20260828_10,A1 · X · V3,X_20260828_09,DUPLICATE,VALIDATION_CASE,NONE,HCWB,116,NON-MATERIAL (duplicate of a verified unit),no,
X_20260828_11,A1 · X · V3,X_20260828_12,DUPLICATE,VALIDATION_CASE,NONE,HCWB,38,NON-MATERIAL (duplicate of a verified unit),no,
X_20260828_12,A1 · X · V3,X_20260828_12,PREVIOUSLY_VISUALLY_VERIFIED,VALIDATION_CASE,WAIT,HCWB,435,UNKNOWN for Phase 2 unless keyword-selected (not re-read now),UNKNOWN,
X_20260828_13,A1 · X · V3,X_20260828_13,PREVIOUSLY_VISUALLY_VERIFIED,VALIDATION_CASE,WAIT,HCWB,107,UNKNOWN for Phase 2 unless keyword-selected (not re-read now),UNKNOWN,
X_20260828_14,A1 · X · V3,X_20260828_14,PREVIOUSLY_VISUALLY_VERIFIED,VALIDATION_CASE,WAIT,HCWB,0,UNKNOWN for Phase 2 unless keyword-selected (not re-read now),UNKNOWN,
X_20260828_15,A1 · X · V3,X_20260828_15,PREVIOUSLY_VISUALLY_VERIFIED,VALIDATION_CASE,WAIT,PPCB,193,UNKNOWN for Phase 2 unless keyword-selected (not re-read now),UNKNOWN,
X_20260905_01,A1 · X · V3,X_20260905_02,DUPLICATE,VALIDATION_CASE,WAIT,PPBT,318,NON-MATERIAL (duplicate of a verified unit),no,
X_20260905_02,A1 · X · V3,X_20260905_02,PREVIOUSLY_VISUALLY_VERIFIED,VALIDATION_CASE,WAIT,PPBT,333,UNKNOWN for Phase 2 unless keyword-selected (not re-read now),UNKNOWN,
X_20260905_03,A1 · X · V3,X_20260905_03,PREVIOUSLY_VISUALLY_VERIFIED,VALIDATION_CASE,WAIT,PPBT,269,UNKNOWN for Phase 2 unless keyword-selected (not re-read now),UNKNOWN,
X_20260905_04,A1 · X · V3,X_20260905_04,PREVIOUSLY_VISUALLY_VERIFIED,RULE_EVIDENCE,NONE,PPBT,179,UNKNOWN for Phase 2 unless keyword-selected (not re-read now),UNKNOWN,
X_20260905_05,A1 · X · V3,X_20260905_03,DUPLICATE,VALIDATION_CASE,NONE,PPBT,171,NON-MATERIAL (duplicate of a verified unit),no,
X_20260905_06,A1 · X · V3,X_20260905_06,PREVIOUSLY_VISUALLY_VERIFIED,CONTEXT_ONLY,NONE,PPBT,161,UNKNOWN for Phase 2 unless keyword-selected (not re-read now),UNKNOWN,
X_20260905_07,A1 · X · V3,X_20260905_07,"VISUALLY_VERIFIED_NOW (Phase 1, 2026-10-08)",VALIDATION_CASE,REJECT,BTOG,254,assessed in Phase 1 (see fm_forensics/IMAGE_UTILIZATION_FINAL_AUDIT.md),no (Phase 1 basis),
X_20260905_08,A1 · X · V3,X_20260905_08,PREVIOUSLY_VISUALLY_VERIFIED,CONTEXT_ONLY,NONE,BTOG|SGRX,69,UNKNOWN for Phase 2 unless keyword-selected (not re-read now),UNKNOWN,
X_20260905_09,A1 · X · V3,X_20260905_09,"VISUALLY_VERIFIED_NOW (Phase 1, 2026-10-08)",RULE_EVIDENCE,NONE,YMT,274,assessed in Phase 1 (see fm_forensics/IMAGE_UTILIZATION_FINAL_AUDIT.md),no (Phase 1 basis),
X_20260905_10,A1 · X · V3,X_20260905_10,"VISUALLY_VERIFIED_NOW (Phase 1, 2026-10-08)",VALIDATION_CASE,WATCH,YMT,309,assessed in Phase 1 (see fm_forensics/IMAGE_UTILIZATION_FINAL_AUDIT.md),no (Phase 1 basis),
X_20260905_11,A1 · X · V3,X_20260905_11,PREVIOUSLY_VISUALLY_VERIFIED,VALIDATION_CASE,UNKNOWN,RAYA,108,UNKNOWN for Phase 2 unless keyword-selected (not re-read now),UNKNOWN,
X_20260905_12,A1 · X · V3,X_20260905_12,PREVIOUSLY_VISUALLY_VERIFIED,VALIDATION_CASE,UNKNOWN,MSGY,86,UNKNOWN for Phase 2 unless keyword-selected (not re-read now),UNKNOWN,
X_20260905_13,A1 · X · V3,X_20260905_13,PREVIOUSLY_VISUALLY_VERIFIED,CONTEXT_ONLY,NONE,DCOY,271,UNKNOWN for Phase 2 unless keyword-selected (not re-read now),UNKNOWN,
X_20260905_14,A1 · X · V3,X_20260905_14,PREVIOUSLY_VISUALLY_VERIFIED,CONTEXT_ONLY,NONE,DCOY,177,UNKNOWN for Phase 2 unless keyword-selected (not re-read now),UNKNOWN,
X_20260918_04_ELPW,A1 · X · V3,X_20260918_04_ELPW,PREVIOUSLY_VISUALLY_VERIFIED,VALIDATION_CASE,WATCH,ELPW,59,UNKNOWN for Phase 2 unless keyword-selected (not re-read now),UNKNOWN,
X_20260918_11_afterhours,A1 · X · V3,X_20260918_11_afterhours,PREVIOUSLY_VISUALLY_VERIFIED,RULE_EVIDENCE,NONE,UNK,536,UNKNOWN for Phase 2 unless keyword-selected (not re-read now),UNKNOWN,
X_20260918_12_doublebottom,A1 · X · V3,X_20260918_12_doublebottom,PREVIOUSLY_VISUALLY_VERIFIED,VALIDATION_CASE,WAIT,UNK,364,UNKNOWN for Phase 2 unless keyword-selected (not re-read now),UNKNOWN,
X_20260918_13_NUWE,A1 · X · V3,X_20260918_13_NUWE,VISUALLY_VERIFIED_NOW,"DIRECT_FAISAL_TEXT (cycle: bottom→test resistance→test support; now hold at first support = loading, OR break for sweep; short still zero)",WAIT,NUWE,431,MATERIAL,"YES — modifies Trigger (hold-with-loading branch, no sweep required)",
X_20260918_15_NTCL,A1 · X · V3,X_20260918_15_NTCL,PREVIOUSLY_VISUALLY_VERIFIED,RULE_EVIDENCE,NONE,NTCL,390,UNKNOWN for Phase 2 unless keyword-selected (not re-read now),UNKNOWN,
X_20260918_21_entry_below_ma,A1 · X · V3,X_20260918_21_entry_below_ma,PREVIOUSLY_VISUALLY_VERIFIED,RULE_EVIDENCE,NONE,,578,UNKNOWN for Phase 2 unless keyword-selected (not re-read now),UNKNOWN,
X_20260918_22_pipeline,A1 · X · V3,X_20260918_22_pipeline,PREVIOUSLY_VISUALLY_VERIFIED,RULE_EVIDENCE,NONE,SXTC|MSGY|DKI|CUPR|YMT,367,UNKNOWN for Phase 2 unless keyword-selected (not re-read now),UNKNOWN,
X_20260918_23_watchlist,A1 · X · V3,X_20260918_23_watchlist,PREVIOUSLY_VISUALLY_VERIFIED,CONTEXT_ONLY,NONE,SXTC|MSGY|DKI|CUPR|YMT|CETX|ATPC|SVRE,214,UNKNOWN for Phase 2 unless keyword-selected (not re-read now),UNKNOWN,
X_20260918_24_SXTC,A1 · X · V3,X_20260918_24_SXTC,"VISUALLY_VERIFIED_NOW (Phase 1, 2026-10-08)",VALIDATION_CASE,WAIT,SXTC,131,assessed in Phase 1 (see fm_forensics/IMAGE_UTILIZATION_FINAL_AUDIT.md),no (Phase 1 basis),
X_20260918_26_GRI,A1 · X · V3,X_20260918_26_GRI,PREVIOUSLY_VISUALLY_VERIFIED,RULE_EVIDENCE,NONE,GRI,394,UNKNOWN for Phase 2 unless keyword-selected (not re-read now),UNKNOWN,
X_20260918_27_CUPR,A1 · X · V3,X_20260918_27_CUPR,PREVIOUSLY_VISUALLY_VERIFIED,VALIDATION_CASE,NONE,CUPR,95,UNKNOWN for Phase 2 unless keyword-selected (not re-read now),UNKNOWN,
X_20260918_28_CUPR,A1 · X · V3,X_20260918_28_CUPR,PREVIOUSLY_VISUALLY_VERIFIED,RULE_EVIDENCE,NONE,CUPR,177,UNKNOWN for Phase 2 unless keyword-selected (not re-read now),UNKNOWN,
X_20260918_29_KWM,A1 · X · V3,X_20260918_29_KWM,PREVIOUSLY_VISUALLY_VERIFIED,RULE_EVIDENCE,NONE,KWM,684,UNKNOWN for Phase 2 unless keyword-selected (not re-read now),UNKNOWN,
X_20260918_48_WETO,A1 · X · V3,X_20260918_48_WETO,"VISUALLY_VERIFIED_NOW (Phase 1, 2026-10-08)",VALIDATION_CASE,WATCH,WETO,310,assessed in Phase 1 (see fm_forensics/IMAGE_UTILIZATION_FINAL_AUDIT.md),no (Phase 1 basis),
X_20260918_54_indicators,A1 · X · V3,TG_57928,"VISUALLY_VERIFIED_NOW (Phase 1, 2026-10-08)",RULE_EVIDENCE,NONE,,515,assessed in Phase 1 (see fm_forensics/IMAGE_UTILIZATION_FINAL_AUDIT.md),no (Phase 1 basis),
X_20260918_61_VEEE,A1 · X · V3,X_20260918_61_VEEE,"VISUALLY_VERIFIED_NOW (Phase 1, 2026-10-08)",VALIDATION_CASE,WAIT,VEEE,884,assessed in Phase 1 (see fm_forensics/IMAGE_UTILIZATION_FINAL_AUDIT.md),no (Phase 1 basis),
X_20260918_66_ELPW,A1 · X · V3,X_20260918_66_ELPW,"VISUALLY_VERIFIED_NOW (Phase 1, 2026-10-08)",VALIDATION_CASE,MULTI,ELPW,374,assessed in Phase 1 (see fm_forensics/IMAGE_UTILIZATION_FINAL_AUDIT.md),no (Phase 1 basis),
X_20260918_85_YMT,A1 · X · V3,X_20260918_85_YMT,PREVIOUSLY_VISUALLY_VERIFIED,VALIDATION_CASE,WAIT,YMT,561,UNKNOWN for Phase 2 unless keyword-selected (not re-read now),UNKNOWN,
X_20261001_HS_03_LS,A1 · X · V3,X_20261001_HS_03_LS,PREVIOUSLY_VISUALLY_VERIFIED,RULE_EVIDENCE,NONE,UNK,371,UNKNOWN for Phase 2 unless keyword-selected (not re-read now),UNKNOWN,
UPLOAD_owner-2026-10-07-1,owner chat (HUBC chart card),chart_cards/blind/2026-10-07,"VISUALLY_VERIFIED_NOW (Phase 1, card)",DIRECT_CHART (owner),UNKNOWN,HUBC,0,assessed in Phase 1 (see fm_forensics/IMAGE_UTILIZATION_FINAL_AUDIT.md),no (Phase 1 basis),not pushed by rule
owner chat screenshots 2026-10-08 (≈10),chat attachments,—,INACCESSIBLE,UNKNOWN,UNKNOWN,,0,UNKNOWN,UNKNOWN,not readable from the session; owner must send to the bot
