ticker,date,entry_kind,era,pid,pattern_valid,breakout_valid,data_valid,entry,neckline,target,stop_I1,stop_I2,target_pct,neck_type,retest,cls_I1_60,cls_I2_60,t_tgt_60,t_stop_I2_60,t_stop_I1_60,seq,mfe30,mae30,mfe90,mae90,ret1,ret2,ret3,ret5,ret10,ret20,ret30,ret60,ret90,B1_ret,B1_why,raw_px,regime,hd1,hd2,hd_body_gap,hd_prior_gap
ACCS,2019-01-16,C,TEST,ACCS|1d|inverse|2018-11-21|2018-12-21,True,True,True,12.8,12.380266666666666,15.190133333333332,9.75,11.39,0.1867291666666664,horizontal,touch_no_follow,NEITHER,NEITHER,,,,BREAKOUT→NEITHER,0.09062499999999996,-0.08020312500000004,0.09062499999999996,-0.21717968750000005,0.047656249999999956,0.03515625,0.015625,-0.05039062500000013,-0.038281250000000044,0.00390625,0.013281249999999911,0.004687499999999956,-0.140625,0.004687499999999956,time,12.8,BEAR,,,,
ACCS,2022-06-01,C,SEEN,ACCS|1d|inverse|2022-05-02|2022-05-11,True,True,True,23.74,23.427777777777777,30.714444444444442,18.21,21.2,0.293784517457643,descending,none,NEITHER,STOP,,13.0,,BREAKOUT→NEITHER,0.1457455770850884,-0.19123841617523163,0.1457455770850884,-0.20471777590564444,0.009035383319292434,-0.008294018534119596,0.06571187868576245,0.13403538331929243,-0.0004212299915753448,0.07245155855096885,0.01263689974726212,0.01979780960404387,-0.160067396798652,-0.17144060657118776,stop,23.74,BEAR,,,,
AEF,2018-07-24,C,VAL,AEF|1d|inverse|2018-06-14|2018-06-28,True,True,True,7.1,7.027500000000001,7.422500000000001,6.76,6.96,0.04542253521126782,descending,success,STOP,STOP,,14.0,16.0,BREAKOUT→FAILURE,0.014084507042253502,-0.08169014084507042,0.014084507042253502,-0.13661971830985908,0.008450704225352101,0.0014084507042253502,0.0028169014084507005,0.012676056338028374,-0.0014084507042253502,-0.03943661971830981,-0.056718309859154825,-0.07746478873239437,-0.05492957746478866,-0.032394366197183055,stop,7.1,BULL,,,,
AEF,2021-05-06,C,TEST,AEF|1d|inverse|2021-03-08|2021-03-24,True,True,True,8.68,8.666,9.162,8.35,8.5,0.055529953917050845,descending,failed_retest,CLEAN,CLEAN,20.0,56.0,,BREAKOUT→STOP→TARGET,0.062211981566820285,-0.02399769585253453,0.062211981566820285,-0.04262672811059898,0.0023041474654377225,-0.005760368663594306,-0.003456221198156584,-0.018433179723502335,0.016129032258064502,0.055875576036866326,0.03456221198156695,-0.004608294930875445,0.0011520737327188613,0.055529953917050845,target,8.68,BULL,,,,
AEON,2023-09-26,C,SEEN,AEON|1d|inverse|2023-07-28|2023-08-23,True,True,True,464.39933114,438.24896880333336,755.2760321999999,242.63965053,365.04667423,0.62635038759845,descending,none,NEITHER,STOP,,22.0,,BREAKOUT→NEITHER,0.07906976743454908,-0.31598449612271773,0.44031007751033235,-0.402573643422496,-0.04496124031605342,-0.07596899225370413,-0.13178294574578198,-0.11782945736737915,0.0015503875904225861,-0.13953488371942802,-0.2837209302316568,-0.13023255815535928,0.44031007751033235,-0.2697674418747873,stop,6.449990710277778,SIDE,,,,
AEON,2023-11-20,C,SEEN,AEON|1d|inverse|2023-10-30|2023-11-13,True,True,True,352.07949291,347.99949879,444.55455973,277.4444004,313.19954891,0.2626539423119394,descending,none,CLEAN,CLEAN,9.0,,,BREAKOUT→TARGET,0.7341513292172164,-0.09406952965723081,2.5112474437300225,-0.09406952965723081,-0.03885480573416111,-0.004089979561428536,0.05112474436164116,0.12474437626853496,0.2290388547867328,0.20654396726988278,0.5828220858704032,1.0224948875168498,0.5787321063373774,0.2626539423119394,target,4.889992957083333,BEAR,,,,
AEON,2024-12-11,C,SEEN,AEON|1d|inverse|2024-11-08|2024-11-22,True,True,True,64.79990667,60.268713193333326,84.90899770466666,37.48314601,43.19993778,0.31032592588557595,horizontal,failed_breakout,STOP,STOP,,8.0,16.0,BREAKOUT→FAILURE,0.0,-0.887444444370216,0.0,-0.9942129546280101,-0.21111111115740744,-0.2511111110524691,-0.2777777777006172,-0.261111111103395,-0.33333333333333337,-0.8433333333070987,-0.8604444443716048,-0.9907252952838242,-0.9933580151250548,-0.33400000003425934,stop,0.8999987037499999,BULL,,,,
AGIG,2021-01-05,C,TEST,AGIG|1d|inverse|2020-10-20|2020-11-06,True,True,True,20.6,19.209080000000004,24.660600000000002,13.6,15.6,0.19711650485436905,horizontal,failed_breakout,CLEAN,CLEAN,13.0,,,BREAKOUT→STOP→TARGET,0.7233009708737863,-0.1310679611650487,0.7233009708737863,-0.3203883495145632,-0.1165048543689321,-0.09708737864077666,-0.09708737864077666,0.0,-0.043689320388349606,0.08737864077669899,0.25728155339805814,0.024271844660194164,-0.2766990291262136,0.19711650485436905,target,2.06,BULL,,,,
AGIG,2022-06-07,C,SEEN,AGIG|1d|inverse|2022-04-11|2022-05-12,True,True,True,70.6,62.11666666666667,94.93666666666667,27.2,39.5,0.3447119924457036,ascending,failed_retest,NEITHER,STOP,,19.0,,BREAKOUT→FAILURE,0.21813031161473107,-0.4815864022662889,0.21813031161473107,-0.5637393767705382,0.06798866855524088,-0.009915014164305735,0.0056657223796034994,-0.13031161473087816,-0.2861189801699716,-0.423512747875354,-0.40793201133144474,-0.423512747875354,-0.4886685552407931,-0.443342776203966,stop,7.06,BEAR,,,,
AIB,2024-08-26,C,SEEN,AIB|1d|inverse|2024-07-25|2024-08-05,True,True,True,13.75202913,13.560028716666666,18.06723826333333,7.25281537,9.42246796,0.3137870849851325,ascending,failed_breakout,DIRTY,DIRTY,17.0,2.0,4.0,BREAKOUT→STOP→TARGET,1.668411868030998,-0.6062827224392303,1.668411868030998,-0.8203901419455472,-0.30122164015515007,-0.3692844671861162,-0.40663176227579734,-0.476439790671095,-0.5713787082415815,0.047120419384975465,-0.21815008691739146,-0.5338869675590922,-0.8076647471441184,-0.3692844671861162,stop,13.75202913,BULL,,,,
AIM,2021-06-07,C,,AIM|1d|inverse|2021-04-20|2021-05-13,True,True,True,217.78221544,214.11921181333335,243.5183837504762,190.80918876,203.79620161,0.11817387502684595,descending,success,NEITHER,STOP,,21.0,,BREAKOUT→NEITHER,0.10091743118507779,-0.12385321099569391,0.10091743118507779,-0.17889908255953946,-0.004587155971306656,0.022935779810616008,0.04587155962123224,0.09174311928838197,-0.0366972477245362,-0.04587155962123213,-0.07798165137446178,-0.05504587156384566,-0.11009174312769132,-0.07798165137446178,stop,2.2453346411863997,BULL,,,,
AIRI,2019-05-06,C,TEST,AIRI|1d|inverse|2019-04-09|2019-04-26,True,True,True,13.1,12.395,14.556,10.0,10.7,0.11114503816793886,ascending,failed_retest,NEITHER,STOP,,12.0,,BREAKOUT→FAILURE,-0.007633587786259555,-0.23664122137404575,0.08633587786259533,-0.2595419847328244,-0.04580152671755722,-0.03053435114503822,-0.07633587786259544,-0.07633587786259544,-0.1297709923664122,-0.14503816793893132,-0.2290076335877863,-0.1984732824427481,0.08396946564885499,-0.18404580152671757,stop,1.31,BULL,,,,
AIRI,2025-12-11,C,SEEN,AIRI|1d|inverse|2025-11-07|2025-11-21,True,True,True,3.04,2.9883333333333333,3.2987499999999996,2.77,2.87,0.08511513157894712,descending,failed_breakout,CLEAN,DIRTY,8.0,3.0,,BREAKOUT→STOP→TARGET,0.29934210526315796,-0.06907894736842102,0.29934210526315796,-0.16118421052631582,-0.023026315789473673,-0.052631578947368474,-0.05921052631578949,-0.03618421052631571,0.016447368421052655,0.08552631578947367,0.14144736842105265,0.09210526315789469,0.03947368421052633,-0.05921052631578949,stop,3.04,BULL,,,,
AMS,2025-05-02,C,SEEN,AMS|1d|inverse|2025-03-12|2025-04-14,True,True,True,2.7916,2.7661538461538457,3.182307692307692,2.51,2.66,0.13995833654810586,descending,failed_breakout,STOP,STOP,,9.0,10.0,BREAKOUT→FAILURE,0.07465252901561836,-0.1689353775612552,0.08181687920905589,-0.1868462530448488,-0.03997707407938089,-0.007737498208912341,0.015546639919759242,-0.011319673305631217,-0.1044562258203181,-0.14744232698094284,-0.1510245020776615,-0.09729187562688058,-0.10807422266800393,-0.07938100014328697,stop,2.7916,BEAR,,,,
APT,2022-10-06,C,SEEN,APT|1d|inverse|2022-08-29|2022-09-20,True,True,True,4.12,4.105714285714286,4.430000000000001,3.88,3.99,0.07524271844660202,descending,failed_breakout,NEITHER,STOP,,2.0,,BREAKOUT→FAILURE,0.01941747572815533,-0.05582524271844658,0.06796116504854366,-0.07487864077669903,-0.02669902912621369,-0.03398058252427183,-0.01941747572815533,-0.02548543689320404,0.0024271844660193054,-0.016990291262136026,0.0024271844660193054,-0.029126213592232997,0.04854368932038833,-0.03398058252427183,stop,4.12,BEAR,,,,
APT,2024-12-20,C,SEEN,APT|1d|inverse|2024-11-19|2024-12-02,True,True,True,5.37,5.330100000000001,6.008933333333334,4.76,5.02,0.11898199875853521,descending,failed_breakout,CLEAN,CLEAN,10.0,,,BREAKOUT→STOP→TARGET,0.12662942271880806,-0.05448789571694601,0.15456238361266306,-0.24394785847299827,-0.01862197392923659,-0.016759776536312776,-0.05027932960893866,-0.0018621973929235924,0.07821229050279332,0.005586592178770999,0.016759776536312776,-0.06517690875232784,-0.17318435754189943,0.12662942271880806,target,5.37,BULL,,,,
ARMP,2019-06-28,C,TEST,ARMP|1d|inverse|2019-05-24|2019-06-10,True,True,True,4.01,3.4735294117647055,4.908823529411764,2.45,2.78,0.22414551855654974,descending,touch_no_follow,NEITHER,NEITHER,,,,BREAKOUT→NEITHER,0.02543640897755628,-0.17705735660847877,0.20947630922693272,-0.17705735660847877,-0.06483790523690769,-0.08977556109725682,-0.004987531172069737,-0.07730673316708225,-0.1446384039900248,-0.1645885286783042,-0.03990024937655856,0.014962593516209655,0.057356608478803084,0.014962593516209655,time,4.01,BULL,,,,
ARMP,2021-01-05,C,TEST,ARMP|1d|inverse|2020-12-02|2020-12-15,True,True,True,3.15,3.0686666666666667,3.8026666666666666,2.56,2.87,0.20719576719576716,descending,success,CLEAN,CLEAN,16.0,,,BREAKOUT→RETEST→TARGET,2.326984126984127,-0.00952380952380949,2.326984126984127,-0.00952380952380949,-0.00952380952380949,0.009523809523809712,0.09523809523809534,0.11428571428571432,0.07619047619047636,0.857142857142857,0.9682539682539684,0.504761904761905,0.26666666666666683,0.20719576719576716,target,3.15,BULL,,,,
ARMP,2022-05-26,C,SEEN,ARMP|1d|inverse|2022-04-26|2022-05-12,True,True,True,4.52,4.46459,5.504480000000001,3.661,4.06,0.21780530973451362,descending,failed_breakout,STOP,STOP,,2.0,15.0,BREAKOUT→FAILURE,0.05088495575221241,-0.3429203539823008,0.08849557522123908,-0.3429203539823008,-0.07743362831858402,-0.11150442477876099,-0.09070796460176977,0.05088495575221241,0.009955752212389646,-0.1924778761061946,-0.13938053097345127,-0.11504424778761058,-0.09070796460176977,-0.11150442477876099,stop,4.52,BEAR,,,,
ARMP,2024-10-04,C,SEEN,ARMP|1d|inverse|2024-09-09|2024-09-18,True,True,True,2.3999,2.3400000000000003,2.7,2.1,2.21,0.1250468769532065,descending,failed_breakout,CLEAN,CLEAN,26.0,31.0,31.0,BREAKOUT→STOP→TARGET,0.23338472436351498,-0.1166298595774824,0.23338472436351498,-0.24996874869786245,4.16684028499148e-05,-0.03745989416225681,-0.05829409558731624,-0.012458852452185476,-0.016959039959998368,-0.020792533022209292,-0.06662777615733984,-0.18788282845118554,-0.1957998249927081,0.1250468769532065,target,2.3999,BULL,,,,
ASM,2016-04-06,C,,ASM|1d|inverse|2016-03-15|2016-03-24,True,True,True,1.02,1.0134,1.1904,0.902,0.99,0.1670588235294117,descending,none,CLEAN,CLEAN,3.0,,,BREAKOUT→TARGET,0.6568627450980391,-0.009803921568627416,2.0784313725490198,-0.009803921568627416,0.009803921568627416,0.058725490196078534,0.18627450980392157,0.21078431372549034,0.4411764705882353,0.2450980392156863,0.48039215686274517,1.3823529411764706,1.6960784313725488,0.1670588235294117,target,1.02,BEAR,,,,
ASM,2020-04-09,C,TEST,ASM|1d|inverse|2020-02-28|2020-03-16,True,True,True,0.3637,0.3374466666666667,0.5149533333333334,0.2551,0.2825,0.41587388873613795,descending,none,CLEAN,CLEAN,25.0,,,BREAKOUT→SIDEWAYS→TARGET,1.0896343139950506,0.012372834753918038,3.096783062963981,0.012372834753918038,0.08935936211163042,0.18174319494088542,0.08441022821006317,0.1273027220236458,0.16304646686829805,0.12647786637338454,0.8146824305746494,1.2271102557052518,2.4094033544129774,0.41587388873613795,target,0.3637,BEAR,,,,
ASM,2022-05-27,C,SEEN,ASM|1d|inverse|2022-05-03|2022-05-12,True,True,True,0.7199,0.7091727272727273,0.8646454545454546,0.5718,0.662,0.20106327899076892,descending,failed_breakout,STOP,STOP,,10.0,17.0,BREAKOUT→FAILURE,0.025003472704542284,-0.28740102792054445,0.025003472704542284,-0.3401861369634671,-0.0302805945270177,-0.058799833310181904,0.0012501736352270587,-0.019724961800250074,-0.09015140991804416,-0.19419363800527856,-0.27128767884428395,-0.1943325461869705,-0.1665509098485901,-0.09015140991804416,stop,0.7199,BEAR,,,,
ATNM,2017-10-04,C,TRAIN,ATNM|1d|inverse|2017-08-01|2017-08-23,True,True,True,20.877,19.440000000000005,23.580000000000005,16.17,16.854,0.1294726253772096,descending,none,CLEAN,CLEAN,15.0,,,BREAKOUT→SIDEWAYS→TARGET,0.22143986204914512,-0.1665469176605835,0.22143986204914512,-0.238396321310533,0.028883460267279837,0.03463141255927593,0.03463141255927593,-0.00862192843799392,0.010346314125592837,-0.07026871676965074,-0.09627820089093253,-0.046414714757867404,-0.1380945538152033,0.1294726253772096,target,0.6959,BULL,,,,
ATNM,2020-10-07,C,TEST,ATNM|1d|inverse|2020-08-11|2020-09-04,True,True,False,10.03,9.795818181818182,13.655636363636365,6.84,8.4,0.3614791987673345,descending,none,NEITHER,STOP,,57.0,,BREAKOUT→NEITHER,0.3142671984047858,-0.03589232303090717,0.3142671984047858,-0.25124626121635096,0.011964107676969205,0.05084745762711873,0.04486540378863424,0.1046859421734796,0.17447657028913266,0.12562313060817543,0.15054835493519447,-0.21635094715852432,-0.07577268195413756,-0.19441674975074774,stop,10.03,BULL,,,,
ATNM,2022-04-12,C,SEEN,ATNM|1d|inverse|2022-03-08|2022-03-14,True,True,True,6.56,5.866666666666667,6.623333333333333,4.41,4.84,0.009654471544715548,ascending,failed_retest,CLEAN,CLEAN,1.0,42.0,,BREAKOUT→TARGET,0.1387195121951219,-0.22408536585365846,0.1387195121951219,-0.28810975609756095,0.0625,0.03658536585365857,0.009146341463414753,0.08384146341463428,-0.06554878048780488,-0.21493902439024382,-0.15243902439024393,-0.2332317073170731,-0.13109756097560965,0.009654471544715548,target,6.56,BEAR,,,,
ATNM,2025-07-17,C,SEEN,ATNM|1d|inverse|2025-06-18|2025-07-01,True,True,True,1.62,1.5936363636363635,1.917272727272727,1.35,1.48,0.18350168350168317,descending,touch_no_follow,NEITHER,STOP,,17.0,,BREAKOUT→NEITHER,0.16666666666666652,-0.14197530864197538,0.16666666666666652,-0.2407407407407408,0.05555555555555536,0.043209876543209846,0.12345679012345667,0.12345679012345667,0.006172839506172645,0.01851851851851838,0.07407407407407396,-0.08024691358024694,-0.17901234567901236,-0.09259259259259267,stop,1.62,SIDE,,,,
AWX,2017-05-02,C,TRAIN,AWX|1d|inverse|2017-03-22|2017-04-06,True,True,True,2.57,2.497375,3.0322625,1.9083,2.17,0.17986867704280152,horizontal,failed_breakout,NEITHER,NEITHER,,,,BREAKOUT→FAILURE,0.15564202334630362,-0.08949416342412453,0.15564202334630362,-0.28793774319066145,-0.01945525291828787,-0.015564202334630406,-0.046692607003890885,-0.023346303501945553,-0.015564202334630406,-0.003929961089494172,0.015564202334630295,-0.07307392996108941,-0.27237354085603105,-0.07307392996108941,time,2.57,BULL,,,,
AWX,2018-03-08,C,VAL,AWX|1d|inverse|2018-01-18|2018-02-05,True,True,True,2.19,2.1742105263157896,2.6500000000000004,1.93,2.07,0.21004566210045672,descending,touch_no_follow,CLEAN,DIRTY,35.0,28.0,,BREAKOUT→RETEST→TARGET,0.0730593607305936,-0.05525114155251143,8.223744292237443,-0.05936073059360725,-0.0182648401826484,-0.022831050228310446,-0.0182648401826484,-0.03424657534246567,0.031963470319634535,0.0547945205479452,0.022831050228310668,0.05936073059360725,1.7671232876712328,-0.05525114155251143,stop,2.19,BULL,,,,
AWX,2019-03-13,C,TEST,AWX|1d|inverse|2019-01-29|2019-02-26,True,True,True,3.25,3.150408,3.755144,2.5,2.65,0.15542892307692302,ascending,failed_breakout,STOP,STOP,,2.0,19.0,BREAKOUT→FAILURE,-0.01538461538461533,-0.3076923076923077,-0.01538461538461533,-0.31692307692307686,-0.07999999999999996,-0.19384615384615378,-0.20615384615384613,-0.17692307692307696,-0.23076923076923073,-0.2676923076923077,-0.29846153846153856,-0.30461538461538473,-0.2369230769230769,-0.19384615384615378,stop,3.25,BEAR,,,,
AWX,2021-03-19,C,TEST,AWX|1d|inverse|2021-02-26|2021-03-05,True,True,True,3.89,3.8142857142857145,5.0,3.0,3.46,0.28534704370179953,descending,success,CLEAN,CLEAN,10.0,21.0,,BREAKOUT→RETEST→TARGET,0.4138817480719794,-0.14652956298200526,0.5604113110539846,-0.14652956298200526,0.03856041131105403,-0.028277634961439646,-0.046272493573264795,-0.04884318766066842,0.15938303341902293,-0.10796915167095111,-0.04370179948586117,0.19280205655526972,0.18251928020565544,0.28534704370179953,target,3.89,BULL,,,,
AWX,2026-01-28,C,SEEN,AWX|1d|inverse|2025-11-07|2025-12-23,True,True,True,2.78,2.745,3.1350000000000002,2.47,2.58,0.1276978417266188,descending,failed_breakout,NEITHER,STOP,,15.0,,BREAKOUT→FAILURE,0.003597122302158251,-0.10071942446043158,0.003597122302158251,-0.12158273381294948,-0.009172661870503473,-0.021582733812949506,-0.010791366906474753,-0.003597122302158251,-0.050359712230215736,-0.0539568345323741,-0.08273381294964033,-0.10431654676258983,-0.09352517985611508,-0.09352517985611508,stop,2.78,BULL,,,,
AXIL,2021-07-02,C,,AXIL|1d|inverse|2021-05-21|2021-06-03,True,True,True,6.4,5.6499999999999995,9.888,4.002,4.742,0.5449999999999999,descending,touch_no_follow,CLEAN,CLEAN,5.0,49.0,,BREAKOUT→TARGET,0.6484375,-0.3125,0.6484375,-0.6840625,-0.09390624999999997,-0.18000000000000005,-0.140625,-0.15000000000000002,-0.15625,-0.1312500000000001,-0.03125,-0.32906250000000015,-0.53125,0.5449999999999999,target,6.4,BULL,,,,
AZTR,2024-05-06,C,SEEN,AZTR|1d|inverse|2024-03-27|2024-04-09,True,True,True,53.18676,45.18553846153846,64.14348461538461,32.0679,40.39956,0.2060047390625901,descending,failed_retest,DIRTY,DIRTY,53.0,5.0,23.0,BREAKOUT→STOP→TARGET,0.10067618332081141,-0.47107438016528924,0.5026296018031555,-0.9383921863260706,-0.023290758827948843,-0.023290758827948843,-0.0664913598797896,-0.293764087152517,-0.2682231404958677,-0.3576258452291511,-0.4162283996994741,-0.9024417731029302,-0.9273729025795141,-0.293764087152517,stop,0.2659338,BULL,,,,
AZTR,2025-12-05,C,SEEN,AZTR|1d|inverse|2025-11-07|2025-11-20,True,True,True,0.3626,0.3570333333333333,0.4601111111111111,0.3024,0.332,0.26892198320769745,descending,failed_retest,STOP,STOP,,6.0,6.0,BREAKOUT→FAILURE,0.07846111417539992,-0.29536679536679533,0.07846111417539992,-0.7242140099282957,0.0590182018753449,0.03971318257032541,0.0562603419746277,-0.049365692222835045,-0.18891340319911754,-0.21538885824600107,-0.21180364037506894,-0.5146166574738003,-0.4073359073359073,-0.17236624379481524,stop,0.3626,BULL,,,,
AZTR,2026-06-10,C,SEEN,AZTR|1d|inverse|2026-03-31|2026-05-14,True,True,True,0.2375,0.22159999999999996,0.29985,0.1735,0.1903,0.2625263157894737,descending,failed_breakout,CLEAN,DIRTY,5.0,4.0,6.0,BREAKOUT→STOP→TARGET,0.3894736842105264,-0.496,,,-0.06947368421052624,-0.10863157894736841,-0.16673684210526318,-0.14526315789473676,-0.3023157894736842,-0.40210526315789474,-0.4682105263157895,-0.24421052631578943,,-0.22484210526315784,stop,0.2375,BULL,,,,
BATL,2026-09-01,C,SEEN,BATL|1d|inverse|2026-05-29|2026-06-25,True,True,True,1.37,1.3149999999999995,2.861666666666666,1.1,1.26,1.0888077858880774,descending,stalled,,,,,,,,,,,-0.03649635036496357,-0.051094890510948954,-0.058394160583941646,-0.007299270072992692,-0.09489051094890522,-0.23357664233576647,,,,,,1.37,BULL,,,,
BCV,2020-11-17,C,TEST,BCV|1d|inverse|2020-09-08|2020-09-24,True,True,True,27.95,27.842,30.217999999999996,23.87,24.53,0.08114490161001786,ascending,failed_retest,CLEAN,CLEAN,4.0,,,BREAKOUT→TARGET,0.17377101967799646,-0.04758497316636845,0.2998211091234346,-0.04758497316636845,0.007155635062611854,0.01939177101967804,0.031127012522361497,0.0,-0.0114490161001789,0.05080500894454398,0.07835420393559933,0.2468694096601074,0.040000000000000036,0.08114490161001786,target,27.95,BULL,,,,
BCV,2021-03-22,C,TEST,BCV|1d|inverse|2021-02-23|2021-03-05,True,True,True,31.04,30.79333333333333,34.41333333333333,28.31,29.8101,0.10867697594501702,descending,failed_breakout,NEITHER,STOP,,2.0,,BREAKOUT→FAILURE,0.022873711340206215,-0.07893041237113396,0.048646907216494784,-0.07893041237113396,-0.029639175257731853,-0.040270618556701,-0.036082474226803996,-0.06121134020618557,-0.03350515463917525,-0.01449742268041232,-0.0048324742268041065,0.011597938144329856,0.009020618556700999,-0.040270618556701,stop,31.04,BULL,,,,
BCV,2021-11-08,C,,BCV|1d|inverse|2021-09-20|2021-10-06,True,True,True,30.66,30.611739130434785,32.52347826086957,28.9,29.86,0.060778808247539784,descending,none,CLEAN,CLEAN,10.0,13.0,13.0,BREAKOUT→TARGET,0.09540117416829741,-0.16829745596868884,0.09540117416829741,-0.3290932811480757,0.009132420091324311,0.000652315720808927,-0.0009784735812133905,0.027071102413568138,0.0854533594259621,-0.14677103718199613,-0.15753424657534254,-0.23874755381604695,-0.27364644487932166,0.060778808247539784,target,30.66,BULL,,,,
BDL,2021-09-27,C,,BDL|1d|inverse|2021-08-16|2021-08-26,True,True,True,26.795,26.633333333333333,32.73996666666666,22.2767,24.25,0.2218685078061824,descending,touch_no_follow,CLEAN,CLEAN,32.0,,,BREAKOUT→RETEST→TARGET,0.13827206568389627,-0.04873297256950926,0.30621384586676603,-0.04873297256950926,0.00018660197798103795,0.011382720656838874,-0.0042918454935623185,-0.010636312744915055,0.0008173166635565554,0.09097219630528075,0.13436088822541503,0.13827206568389627,0.0822914722896062,0.2218685078061824,target,26.795,BULL,,,,
BDL,2026-08-18,C,SEEN,BDL|1d|inverse|2026-07-14|2026-07-22,True,True,True,49.47,48.89714285714285,56.31357142857143,36.5,41.0,0.1383378093505443,ascending,failed_breakout,,,,,,,0.0535678188801294,-0.17060844956539312,,,-0.06145138467758238,-0.048716393774004385,-0.027289266221952713,0.02223569840307249,-0.08530422478269661,-0.0982413583990297,-0.03032140691328078,,,,,49.47,BULL,,,,
BHB,2019-02-22,C,TEST,BHB|1d|inverse|2018-12-10|2018-12-27,True,True,True,27.11,26.382688235294115,29.74256470588235,21.25,22.7,0.09710677631436204,ascending,failed_breakout,NEITHER,NEITHER,,,,BREAKOUT→FAILURE,0.0,-0.1560309848764294,0.017366285503504164,-0.1560309848764294,-0.01991884913316111,-0.03983769826632233,-0.03651789007746209,-0.029140538546661765,-0.0870527480634452,-0.1560309848764294,-0.02360752489856144,-0.04131316857248246,-0.04795278495020294,-0.04131316857248246,time,27.11,SIDE,,,,
BHB,2019-06-27,C,TEST,BHB|1d|inverse|2019-05-31|2019-06-06,True,True,True,26.18,24.74888888888889,27.16944444444444,22.92,23.61,0.03779390544096417,descending,none,STOP,STOP,,27.0,31.0,BREAKOUT→FAILURE,0.0179526355996944,-0.13216195569136746,0.0179526355996944,-0.18869365928189463,0.01566080977845674,-0.006111535523300238,-0.01413292589763182,0.0,-0.016424751718869368,-0.03628724216959511,-0.12452253628724208,-0.04851031321619559,-0.013368983957219305,-0.10427807486631013,stop,26.18,BULL,,,,
BHB,2020-05-22,C,TEST,BHB|1d|inverse|2020-05-05|2020-05-14,True,True,True,19.29,18.903333333333332,22.466666666666665,15.71,17.12,0.16467945394850525,descending,touch_no_follow,CLEAN,CLEAN,22.0,,,BREAKOUT→RETEST→TARGET,0.29237947122861585,-0.05391394504924829,0.29237947122861585,-0.05806117159149804,0.06272680145152942,0.13374805598755835,0.04976671850699854,0.003628823224468558,0.08501814411612241,0.11249351995852774,0.055987558320373276,0.06065318818040444,0.0653188180404356,0.16467945394850525,target,19.29,BEAR,,,,
BHB,2023-10-18,C,SEEN,BHB|1d|inverse|2023-09-11|2023-10-04,True,True,True,24.65,24.532812500000002,26.07225,23.2465,23.7701,0.057697768762677626,descending,failed_breakout,CLEAN,DIRTY,12.0,1.0,,BREAKOUT→STOP→TARGET,0.09857606490872217,-0.05963083164300198,0.2320486815415823,-0.05963083164300198,-0.03569979716024341,-0.018255578093306246,-0.03326572008113593,-0.03123732251521294,0.012981744421906694,0.061663286004056905,0.053549695740365166,0.09006085192697788,0.005679513184584151,-0.03569979716024341,stop,24.65,BEAR,,,,
BKTI,2017-04-07,C,TRAIN,BKTI|1d|inverse|2017-03-06|2017-03-15,True,True,True,25.5,25.3125,27.65625,23.5,24.75,0.08455882352941169,descending,touch_no_follow,STOP,STOP,,20.0,22.0,BREAKOUT→FAILURE,0.07843137254901955,-0.11764705882352944,0.07843137254901955,-0.33333333333333337,0.06862745098039214,0.0,0.03921568627450989,0.019607843137254832,0.0,-0.039215686274509776,-0.06862745098039214,-0.2450980392156863,-0.32352941176470584,-0.039215686274509776,stop,5.1000000000000005,BULL,,,,
BQ,2021-06-17,C,,BQ|1d|inverse|2021-04-20|2021-05-17,True,True,True,1203.19928948,1116.9517233521428,1499.4276886457142,767.99954784,962.13276901,0.24620061011982353,descending,failed_retest,STOP,STOP,,9.0,26.0,BREAKOUT→FAILURE,0.10283688493821752,-0.5195035434737847,0.10283688493821752,-0.648475179766111,0.03723404439455891,-0.019503547903641172,-0.11347517572837584,-0.1276595693772251,-0.22872340288609738,-0.3102836884913285,-0.498226953008822,-0.535460988535357,-0.6063829744824061,-0.20390070957906603,stop,120.31992894800001,BULL,,,,
BQ,2025-05-13,C,SEEN,BQ|1d|inverse|2025-03-12|2025-04-08,True,True,True,3.00800077,2.5032539700000003,3.503787561538462,1.72800044,2.0906672,0.16482269435671104,descending,failed_retest,CLEAN,DIRTY,40.0,13.0,,BREAKOUT→STOP→TARGET,-0.007127657749901428,-0.3581560286635166,2.287898094520767,-0.3581560286635166,-0.12056737605156931,-0.2163120556647996,-0.23049645362956483,-0.10283687859561297,-0.24822695108552129,-0.23404255312075617,-0.2907801416553495,-0.15890978977375736,0.050531645974279504,-0.3226950337516038,stop,3.00800077,BEAR,,,,
BRBS,2023-12-22,C,SEEN,BRBS|1d|inverse|2023-10-03|2023-11-03,True,True,True,3.64,3.5599999999999996,5.5809,2.0491,2.91,0.5332142857142856,descending,failed_breakout,NEITHER,STOP,,25.0,,BREAKOUT→FAILURE,0.019230769230769162,-0.3131868131868132,0.019230769230769162,-0.35989010989010994,-0.052197802197802234,-0.04670329670329665,-0.08241758241758246,-0.14560439560439564,-0.12637362637362637,-0.16758241758241765,-0.293956043956044,-0.2994505494505495,-0.271978021978022,-0.3131868131868132,stop,3.64,SIDE,,,,
BRBS,2024-10-15,C,SEEN,BRBS|1d|inverse|2024-06-28|2024-08-09,True,True,True,2.83,2.761864,3.2382239999999998,2.45,2.66,0.14424876325088332,descending,success,CLEAN,CLEAN,19.0,,,BREAKOUT→RETEST→TARGET,0.30388692579505294,-0.035335689045936425,0.353356890459364,-0.035335689045936425,0.0035335689045936647,0.010600706713780772,-0.0035335689045937757,-0.0035335689045937757,0.0459363957597172,0.2720848056537102,0.23674911660777376,0.12367491166077738,0.27561837455830385,0.15547703180212014,target,2.83,BULL,,,,
BRN,2022-05-05,C,SEEN,BRN|1d|inverse|2022-04-01|2022-04-11,True,True,True,3.25,3.025635294117647,3.596070588235294,2.41,2.68,0.10648325791855195,horizontal,failed_retest,STOP,STOP,,16.0,38.0,BREAKOUT→FAILURE,0.04615384615384621,-0.2676923076923077,0.04615384615384621,-0.34769230769230763,-0.06153846153846154,-0.11384615384615393,-0.10153846153846158,-0.09846153846153838,-0.0707692307692308,-0.1446153846153847,-0.20923076923076933,-0.22153846153846157,-0.03384615384615386,-0.19384615384615378,stop,3.25,BEAR,,,,
BRN,2022-07-25,C,SEEN,BRN|1d|inverse|2022-06-16|2022-07-06,True,True,True,2.59,2.5642105263157897,3.1247368421052633,2.12,2.34,0.20646210119894337,descending,failed_breakout,CLEAN,CLEAN,20.0,,,BREAKOUT→STOP→TARGET,0.2801158301158302,-0.1505791505791505,0.2857142857142858,-0.1505791505791505,-0.042471042471042386,-0.03474903474903468,-0.030888030888030937,-0.015444015444015413,0.050193050193050315,0.1776061776061777,0.12355212355212375,0.10810810810810811,0.21235521235521237,0.20646210119894337,target,2.59,BEAR,,,,
BRN,2026-01-08,C,SEEN,BRN|1d|inverse|2025-11-07|2025-12-09,True,True,True,1.15,1.1349999999999998,1.3199999999999996,1.05,1.09,0.14782608695652155,descending,failed_breakout,CLEAN,CLEAN,3.0,7.0,16.0,BREAKOUT→STOP→TARGET,0.21739130434782616,-0.19939130434782604,0.21739130434782616,-0.19939130434782604,-0.0397391304347825,-0.008695652173913104,-0.008695652173913104,0.0,-0.03478260869565197,-0.12173913043478257,-0.09565217391304337,-0.017391304347826098,-0.004347826086956386,0.14782608695652155,target,1.15,BULL,,,,
BTG,2021-12-23,C,,BTG|1d|inverse|2021-12-02|2021-12-15,True,True,True,3.85,3.8091666666666666,4.173333333333334,3.5,3.64,0.08398268398268405,descending,failed_retest,DIRTY,DIRTY,38.0,11.0,23.0,BREAKOUT→STOP→TARGET,0.03215584415584427,-0.11948051948051952,0.316883116883117,-0.11948051948051952,0.0,0.0,-0.010389610389610393,0.020779220779220786,-0.054545454545454564,-0.07532467532467535,-0.038961038961038974,0.15844155844155838,0.1636363636363638,-0.06493506493506496,stop,3.85,SIDE,,,,
BTG,2022-02-08,C,SEEN,BTG|1d|inverse|2022-01-11|2022-01-28,True,True,True,3.78,3.718888888888889,4.102222222222222,3.39,3.5,0.085243974132863,descending,success,CLEAN,CLEAN,7.0,,,BREAKOUT→RETEST→TARGET,0.22486772486772488,-0.026455026455026398,0.3412698412698414,-0.05555555555555558,0.002645502645502784,-0.01851851851851849,0.039682539682539764,0.042328042328042326,0.10317460317460325,0.18518518518518534,0.22222222222222232,0.14814814814814814,-0.03703703703703698,0.08730158730158744,target,3.78,BEAR,,,,
BTG,2022-06-02,C,SEEN,BTG|1d|inverse|2022-05-02|2022-05-12,True,True,True,4.29,4.14076923076923,4.8430769230769215,3.74,3.92,0.12892235969159005,descending,failed_retest,STOP,STOP,,7.0,10.0,BREAKOUT→FAILURE,0.0011655011655011815,-0.2773892773892773,0.0011655011655011815,-0.34498834498834496,-0.034965034965035,-0.037296037296037365,-0.03962703962703962,-0.07925407925407923,-0.1328671328671328,-0.18414918414918413,-0.2564102564102564,-0.254079254079254,-0.28205128205128205,-0.10722610722610726,stop,4.29,BEAR,,,,
BTG,2026-08-05,C,SEEN,BTG|1d|inverse|2026-06-30|2026-07-17,True,True,True,4.1,3.9050000000000007,4.402500000000001,3.57,3.675,0.07378048780487823,descending,none,,,,,,,0.4390243902439026,-0.019512195121951237,,,-0.0024390243902439046,0.22682926829268313,0.23414634146341462,0.2707317073170732,0.2853658536585366,0.3195121951219513,0.3170731707317076,,,,,4.1,BULL,,,,
BURU,2026-01-30,C,SEEN,BURU|1d|inverse|2025-12-16|2025-12-31,True,True,False,41.916,39.273795,51.79121,31.07772,33.95196,0.2355952380952382,descending,failed_breakout,STOP,STOP,,3.0,3.0,BREAKOUT→FAILURE,-0.0752380952380951,-0.842064128256513,-0.0752380952380951,-0.8691573623437351,-0.12904761904761908,-0.16428571428571415,-0.2657142857142857,-0.23809523809523803,-0.5452380952380952,-0.7825174157839488,-0.8332856188567611,-0.7709705124534784,-0.8603874415497662,-0.2657142857142857,stop,0.20958000000000002,BULL,,,,
CANF,2016-06-03,C,,CANF|1d|inverse|2016-05-06|2016-05-13,True,True,True,9209.7,9090.666666666666,10410.0,7230.0,7800.0,0.13032997817518477,ascending,failed_breakout,STOP,STOP,,16.0,21.0,BREAKOUT→FAILURE,0.029349490211407536,-0.34525554578325035,0.029349490211407536,-0.34525554578325035,-0.022769471318284107,-0.03254177660510127,-0.03905664679631271,-0.08466073813479269,-0.14655200495130138,-0.14329456985569566,-0.2735919736799245,-0.18564122609857003,-0.1954135313853872,-0.17098276816834435,stop,3.0699000000000005,BULL,,,,
CANF,2019-09-10,C,TEST,CANF|1d|inverse|2019-08-07|2019-08-23,True,True,True,588.86,566.1538461538462,695.8461538461539,428.0,458.0,0.18168351364696855,horizontal,failed_breakout,DIRTY,DIRTY,27.0,12.0,12.0,BREAKOUT→STOP→TARGET,0.35855721224060044,-0.35468532418571475,0.6812145501477431,-0.35468532418571475,-0.11014502598240672,-0.06089732703868489,-0.09316306082939918,-0.12373059810481268,-0.22222599599225623,-0.2867574635736848,-0.2256223890228577,0.49441293346466053,-0.07278470264579018,-0.28336107054308324,stop,2.9443000000000006,BULL,,,,
CANF,2021-06-09,C,,CANF|1d|inverse|2021-04-19|2021-05-11,True,True,True,436.0,433.0,498.0,388.0,406.02,0.14220183486238525,descending,success,CLEAN,CLEAN,4.0,36.0,47.0,BREAKOUT→RETEST→TARGET,0.201834862385321,-0.032110091743119296,0.201834862385321,-0.3211009174311926,0.022935779816513735,0.032110091743119185,0.03669724770642202,0.10550458715596323,0.00917431192660545,0.02752293577981657,-0.004587155963302725,-0.17889908256880738,-0.28899082568807344,0.1972477064220184,target,2.1800000000000006,BULL,,,,
CATX,2019-11-11,C,TEST,CATX|1d|inverse|2019-10-01|2019-10-23,True,True,True,3.4669,3.425,3.89375,2.875,3.1,0.12312152066687809,ascending,none,CLEAN,CLEAN,2.0,,,BREAKOUT→TARGET,1.2411953041622197,-0.09515705673656583,2.057486515330699,-0.09515705673656583,-0.015547030488332503,0.07733133346793974,0.12564538925264657,0.12059765208110984,0.297989558395108,0.9902506562058324,0.713925985750959,1.6248233291989962,0.6565231186362457,0.15376849635120715,target,0.34669,BULL,,,,
CATX,2020-05-06,C,TEST,CATX|1d|inverse|2020-02-28|2020-04-14,True,True,True,6.928,6.861052631578947,9.782631578947369,4.31,6.066,0.41204266439771486,descending,touch_no_follow,CLEAN,CLEAN,5.0,32.0,,BREAKOUT→TARGET,0.4434180138568129,-0.08848152424942257,0.4434180138568129,-0.2204099307159354,-0.04561200923787523,-0.03290993071593529,0.001299076212471162,0.2371535796766744,-0.0161662817551963,0.017465357967667572,-0.08213048498845266,-0.08169745958429564,-0.032765588914549726,0.41204266439771486,target,0.6928000000000001,BEAR,,,,
CATX,2021-11-03,C,,CATX|1d|inverse|2021-09-20|2021-10-07,True,True,True,6.802,6.716470588235294,7.837058823529412,5.73,6.024,0.15216977705519152,descending,failed_breakout,STOP,STOP,,6.0,9.0,BREAKOUT→FAILURE,-0.00029403116730375434,-0.4119376653925316,-0.00029403116730375434,-0.544251690679212,-0.019406057042046454,-0.02969714789767719,-0.06645104381064393,-0.09144369303146127,-0.24566304028226982,-0.34137018523963525,-0.36092325786533364,-0.44134078212290506,-0.544251690679212,-0.13157894736842102,stop,0.6802,BULL,,,,
CATX,2026-08-11,C,SEEN,CATX|1d|inverse|2026-07-13|2026-07-28,True,True,True,3.18,3.1413333333333333,3.6393333333333335,2.69,2.935,0.14444444444444438,descending,success,,,,,,,0.11949685534591192,-0.21383647798742145,,,0.025157232704402288,-0.02515723270440251,0.0062893081761006275,0.00943396226415083,0.03459119496855334,-0.05974842767295596,-0.17610062893081757,,,,,3.18,BULL,,,,
CCEL,2022-07-20,C,SEEN,CCEL|1d|inverse|2022-06-22|2022-07-11,True,True,True,6.127,6.085533333333333,6.61251111111111,5.65,5.84,0.07924124548900124,descending,failed_breakout,DIRTY,DIRTY,26.0,3.0,3.0,BREAKOUT→STOP→TARGET,0.3220173004733149,-0.1839399379794353,0.3252815407213969,-0.29329198629019093,-0.04112942712583645,-0.03706544801697409,-0.07948425004080306,-0.04520972743593932,-0.09254121103313206,-0.1333442141341603,0.10331320385180343,-0.1839236167781949,-0.25085686306512156,-0.07948425004080306,stop,6.127,BEAR,,,,
CET,2020-09-02,C,TEST,CET|1d|inverse|2020-06-12|2020-06-26,True,True,True,29.95,29.602999999999998,31.325,28.21,28.6938,0.045909849749582676,horizontal,failed_breakout,DIRTY,DIRTY,47.0,12.0,15.0,BREAKOUT→STOP→TARGET,0.002607679465776336,-0.10684474123539234,0.11218697829716207,-0.10684474123539234,-0.022370617696160222,-0.02003338898163598,-0.03939899833055094,-0.03238731218697821,-0.028714524207011705,-0.023372287145242088,-0.020200333889816346,0.031051752921535947,0.10517529215358934,-0.04808013355592644,stop,29.95,BULL,,,,
CIK,2022-03-31,C,SEEN,CIK|1d|inverse|2022-02-24|2022-03-15,True,True,True,3.05,3.0275000000000003,3.1950000000000003,2.93,2.97,0.04754098360655745,descending,touch_no_follow,STOP,STOP,,11.0,20.0,BREAKOUT→FAILURE,0.009836065573770592,-0.11147540983606552,0.009836065573770592,-0.16393442622950816,0.006557377049180246,0.006557377049180246,-0.003278688524590123,-0.006557377049180357,-0.01967213114754085,-0.0491803278688524,-0.10491803278688516,-0.12459016393442623,-0.02950819672131144,-0.02950819672131144,stop,3.05,BEAR,,,,
CIK,2022-07-14,C,SEEN,CIK|1d|inverse|2022-05-19|2022-06-16,True,True,True,2.75,2.73,3.012857142857143,2.55,2.66,0.09558441558441566,descending,failed_breakout,NEITHER,STOP,,52.0,,BREAKOUT→FAILURE,0.09454545454545449,-0.021818181818181848,0.09454545454545449,-0.13090909090909086,0.0036363636363636598,-0.021818181818181848,-0.010909090909090868,0.0,0.0072727272727273196,0.07272727272727275,0.08363636363636373,-0.06909090909090909,-0.032727272727272716,-0.036363636363636376,stop,2.75,BEAR,,,,
CIK,2024-02-13,C,SEEN,CIK|1d|inverse|2023-12-28|2024-01-17,True,True,True,3.04,3.030625,3.2309875,2.9312,2.9997,0.06282483552631568,descending,success,STOP,STOP,,4.0,36.0,BREAKOUT→FAILURE,0.019736842105263275,-0.023026315789473673,0.023026315789473673,-0.07236842105263164,0.0,-0.009868421052631637,-0.009868421052631637,-0.009868421052631637,-0.013157894736842146,0.016447368421052655,-0.013157894736842146,-0.03782894736842113,-0.03453947368421051,-0.016447368421052544,stop,3.04,BULL,,,,
CITR,2022-01-20,C,SEEN,CITR|1d|inverse|2021-11-16|2021-12-14,True,True,True,2.88,2.6479999999999997,5.2379999999999995,0.9396,1.836,0.8187499999999999,descending,failed_breakout,CLEAN,DIRTY,28.0,7.0,,BREAKOUT→STOP→TARGET,1.0,-0.3737499999999999,2.5,-0.51625,-0.125,0.0,-0.3112499999999999,0.0,-0.1875,0.0625,0.8118750000000001,1.5,1.4375,-0.3737499999999999,stop,2.88,BEAR,,,,
CITR,2022-06-03,C,SEEN,CITR|1d|inverse|2022-05-06|2022-05-23,True,True,True,7.02,6.840000000000001,10.512,3.6,4.7376,0.49743589743589767,horizontal,touch_no_follow,NEITHER,STOP,,29.0,,BREAKOUT→NEITHER,0.07692307692307687,-0.8015384615384615,0.8974358974358976,-0.8015384615384615,-0.07692307692307676,0.0,0.0,-0.02564102564102555,0.0,-0.07692307692307676,-0.10256410256410253,0.07692307692307687,0.8461538461538465,-0.35794871794871785,stop,7.02,BEAR,,,,
CITR,2024-02-27,C,SEEN,CITR|1d|inverse|2024-01-31|2024-02-08,True,True,True,32.76,31.919999999999998,38.22,26.28,30.42,0.16666666666666674,horizontal,failed_breakout,STOP,STOP,,9.0,24.0,BREAKOUT→FAILURE,0.01098901098901095,-0.34065934065934056,0.01098901098901095,-0.4945054945054945,-0.03296703296703296,0.0,-0.01098901098901095,-0.01098901098901095,-0.08791208791208793,-0.15021978021978022,-0.23076923076923073,-0.3076923076923077,-0.3076923076923077,-0.12087912087912078,stop,32.76,BULL,,,,
CITR,2026-08-13,C,SEEN,CITR|1d|inverse|2026-06-26|2026-07-20,True,True,True,6.04,5.984999999999999,7.831799999999999,4.3482,5.43,0.29665562913907273,descending,failed_breakout,,,,,,,0.17549668874172175,-0.3195364238410595,,,-0.04470198675496695,-0.05132450331125826,0.0,0.009933774834437026,0.0033112582781456013,-0.11589403973509937,-0.2847682119205298,,,,,6.04,BULL,,,,
CKX,2018-03-14,C,VAL,CKX|1d|inverse|2017-10-24|2017-12-14,True,True,True,10.4103,10.38409090909091,11.672272727272727,9.605,9.9,0.12122347360524932,descending,failed_breakout,NEITHER,STOP,,8.0,,BREAKOUT→FAILURE,0.04703995081793999,-0.06823050248311768,0.07585756414320421,-0.06823050248311768,-0.019720853385589265,0.008616466384254062,-0.01059527583258879,0.029691747596130913,-0.01059527583258879,-0.026925256716905266,0.008616466384254062,0.01918292460351756,0.001767480283949574,-0.05382169582048546,stop,10.4103,BULL,,,,
CKX,2020-01-09,C,TEST,CKX|1d|inverse|2019-11-27|2019-12-10,True,True,True,9.5181,9.3535625,9.9407125,8.85,9.1,0.0444009308580493,descending,failed_breakout,STOP,STOP,,1.0,28.0,BREAKOUT→FAILURE,0.02856662569210222,-0.21202761055252628,0.02856662569210222,-0.21202761055252628,-0.05023061325264511,-0.0172198232840588,-0.01240793855916622,0.006104159443586443,0.02856662569210222,-0.04392683413706522,-0.16474926718567784,-0.16159737762788795,-0.001901640033199925,-0.05023061325264511,stop,9.5181,BULL,,,,
CKX,2023-11-08,C,SEEN,CKX|1d|inverse|2023-10-05|2023-10-23,True,True,True,12.7197,12.672222222222222,13.501111111111111,12.11,12.46,0.0614331400198993,descending,failed_breakout,CLEAN,DIRTY,38.0,2.0,,BREAKOUT→STOP→TARGET,0.02989850389553217,-0.04033900170601501,0.13523903865657205,-0.04033900170601501,-0.01727241994701134,-0.021211192087863706,-0.025134240587435186,-0.010196781370629737,0.0047406778461756005,0.019182842362634345,0.014968906499367218,0.043546624527308175,0.10458579997955941,-0.021211192087863706,stop,12.7197,BEAR,,,,
CKX,2025-02-28,C,SEEN,CKX|1d|inverse|2025-01-17|2025-01-31,True,True,True,11.99,11.901818181818182,13.645454545454546,10.6,11.4278,0.1380696034574267,descending,failed_breakout,STOP,STOP,,7.0,28.0,BREAKOUT→FAILURE,0.030025020850708906,-0.13344453711426185,0.10508757297748117,-0.16246872393661382,-0.010842368640533895,-0.011676396997498006,-0.03669724770642202,0.002135112593828037,-0.007506255212677226,-0.030742285237698175,-0.06672226855713104,-0.09883236030025022,-0.0033361134278566684,-0.05337781484570481,stop,11.99,SIDE,,,,
CLM,2016-11-09,C,TRAIN,CLM|1d|inverse|2016-09-21|2016-10-13,True,True,True,15.29,15.1665,16.6115,13.75,14.45,0.0864290385873121,horizontal,failed_breakout,NEITHER,NEITHER,,,,BREAKOUT→FAILURE,0.03662524525833888,-0.058207979071288385,0.07259646827992139,-0.058207979071288385,-0.008502289077828573,-0.011772400261608862,-0.02550686723348583,-0.030739045127534226,-0.005232177894048284,0.01504251144538915,-0.009156311314584609,0.0026160889470243642,0.04120340091563124,0.0026160889470243642,time,15.29,BULL,,,,
CLM,2017-10-04,C,TRAIN,CLM|1d|inverse|2017-07-19|2017-08-25,True,True,True,15.05,15.025,16.2259375,13.9,14.31,0.07813538205980075,horizontal,stalled,NEITHER,NEITHER,,,,BREAKOUT→NEITHER,0.009966777408637828,-0.029893687707641226,0.07906976744186034,-0.12956810631229243,0.0026578073089700283,0.001993355481727521,0.0046511627906975495,0.006644518272425293,-0.007641196013289053,-0.0019933554817276322,-0.02126245847176078,0.027906976744185963,0.02392026578073092,0.027906976744185963,time,15.05,BULL,,,,
CLM,2026-04-08,C,SEEN,CLM|1d|inverse|2026-03-09|2026-03-30,True,True,True,7.38,7.3525,7.87125,6.92,7.14,0.06656504065040658,descending,none,NEITHER,NEITHER,,,,BREAKOUT→NEITHER,0.06233062330623307,-0.005420054200542035,0.06233062330623307,-0.0677506775067751,0.005420054200542035,0.005420054200542035,0.02168021680216814,0.024390243902439046,0.012195121951219523,0.04065040650406493,0.027100271002709952,0.0257452574525745,-0.05962059620596194,0.0257452574525745,time,7.38,BULL,,,,
CMCL,2017-06-06,C,TRAIN,CMCL|1d|inverse|2017-04-24|2017-05-15,True,True,False,6.55,6.368181818181818,7.409090909090909,5.6,5.8,0.13115891741845953,descending,failed_retest,NEITHER,NEITHER,,,,BREAKOUT→FAILURE,0.11450381679389321,-0.16946564885496174,0.11450381679389321,-0.16946564885496174,0.007633587786259444,0.03816793893129766,0.02725190839694669,0.0,-0.03816793893129766,-0.03053435114503822,0.0,-0.012213740458015265,-0.14503816793893132,-0.012213740458015265,time,1.31,BULL,,,,
CMCL,2021-08-31,C,,CMCL|1d|inverse|2021-07-02|2021-08-10,True,True,True,12.08,11.92090909090909,13.298181818181819,11.28,11.6,0.10084286574352808,descending,touch_no_follow,CLEAN,CLEAN,30.0,,,BREAKOUT→RETEST→TARGET,0.10099337748344372,-0.039735099337748325,0.189569536423841,-0.1299668874172185,0.009933774834437026,0.01407284768211925,0.0355960264900661,-0.021523178807946963,0.0033112582781456013,0.013245033112582849,0.1001655629139071,0.07201986754966883,-0.0637417218543046,0.10084286574352808,target,12.08,BULL,,,,
CMCL,2022-10-26,C,SEEN,CMCL|1d|inverse|2022-09-01|2022-09-27,True,True,True,11.07,10.736666666666668,12.234633333333335,8.7487,9.4406,0.10520626317374293,ascending,failed_breakout,CLEAN,CLEAN,39.0,,,BREAKOUT→STOP→TARGET,0.08400180668473345,-0.08310749774164405,0.4272809394760615,-0.08310749774164405,-0.023486901535682003,-0.016260162601625994,-0.016260162601625994,-0.03794037940379402,-0.0009033423667569318,0.051490514905149,0.05420054200542013,0.42186088527551946,0.15718157181571812,0.10520626317374293,target,11.07,BEAR,,,,
CMCL,2025-03-06,C,SEEN,CMCL|1d|inverse|2024-12-06|2025-01-13,True,True,True,10.75,10.65,12.855,8.805,9.79,0.19581395348837205,descending,none,CLEAN,CLEAN,26.0,,,BREAKOUT→SIDEWAYS→TARGET,0.3181395348837208,-0.03250232558139532,1.0651162790697675,-0.03250232558139532,-0.009302325581395321,-0.026046511627906943,0.025116279069767433,0.013023255813953583,0.07906976744186034,0.14604651162790705,0.2502325581395348,0.6539534883720932,0.9488372093023256,0.19581395348837205,target,10.75,SIDE,,,,
CMT,2017-03-30,C,TRAIN,CMT|1d|inverse|2017-01-19|2017-02-08,True,True,True,18.04,17.91603333333334,19.98523333333334,14.42,15.295,0.10782889874353341,ascending,failed_breakout,CLEAN,CLEAN,26.0,,,BREAKOUT→STOP→TARGET,0.15465631929046553,-0.0920177383592018,0.35809312638580937,-0.0920177383592018,-0.01164079822616415,-0.045454545454545525,-0.0709534368070952,-0.0005543237250553723,-0.034368070953436636,0.09645232815964544,0.06596452328159663,0.2444567627494456,0.22505543237250558,0.10782889874353341,target,18.04,BULL,,,,
CMT,2020-07-28,C,TEST,CMT|1d|inverse|2020-06-12|2020-07-07,True,True,True,4.6,4.4175,5.231250000000001,3.81,4.11,0.13722826086956563,descending,none,CLEAN,CLEAN,5.0,,,BREAKOUT→TARGET,0.8152173913043479,-0.019565217391304346,1.8260869565217392,-0.019565217391304346,0.019565217391304568,-0.019565217391304346,0.0,0.3021739130434784,0.2978260869565217,0.20869565217391295,0.5983913043478262,0.915217391304348,1.7478260869565219,0.19347826086956532,target,4.6,SIDE,,,,
CMT,2022-11-08,C,SEEN,CMT|1d|inverse|2022-10-03|2022-10-17,True,True,True,10.78,10.593571428571432,12.252857142857145,8.74,9.05,0.1366286774450043,ascending,success,CLEAN,CLEAN,25.0,,,BREAKOUT→RETEST→TARGET,0.1994434137291281,-0.038961038961038974,0.619666048237477,-0.038961038961038974,0.012059369202226389,0.012987012987013102,0.008812615955473113,0.05844155844155852,0.012059369202226389,-0.01576994434137291,0.1280148423005567,0.44990723562152146,0.5714285714285716,0.1366286774450043,target,10.78,BEAR,,,,
CMT,2024-02-29,C,SEEN,CMT|1d|inverse|2024-01-17|2024-02-07,True,True,True,18.37,18.211111111111112,20.408888888888892,16.18,16.61,0.11099014093026072,horizontal,success,CLEAN,CLEAN,51.0,,,BREAKOUT→RETEST→TARGET,0.10506260206859008,-0.07240065323897671,0.14316820903647254,-0.20304844855743065,0.00925421883505706,0.015242242787152804,0.0239520958083832,0.04137180185084355,-0.009798584648884057,0.03048448557430583,0.0010887316276537717,0.0767555797495918,-0.16167664670658688,0.11099014093026072,target,18.37,BULL,,,,
COE,2017-07-24,C,TRAIN,COE|1d|inverse|2017-05-05|2017-06-09,True,True,True,72.36,71.3621894736842,82.76616842105261,62.2,65.7312,0.14381106165080992,descending,touch_no_follow,STOP,STOP,,19.0,24.0,BREAKOUT→FAILURE,0.09555555555555562,-0.27307904919845216,0.09555555555555562,-0.40077390823659476,-0.005527915975677256,0.031509121061359835,0.037589828634604805,0.016583747927031656,0.04367053620784955,-0.07020453289110007,-0.20398009950248752,-0.2482034273079049,-0.3825317855168602,-0.09231619679380865,stop,18.09,BULL,,,,
COE,2021-08-31,C,,COE|1d|inverse|2021-07-27|2021-08-17,True,True,True,12.6,12.037555555555556,17.44,7.68,10.04,0.3841269841269843,descending,touch_no_follow,STOP,STOP,,16.0,59.0,BREAKOUT→FAILURE,0.15555555555555567,-0.2857142857142857,0.15555555555555567,-0.6888888888888889,0.05714285714285716,0.04444444444444451,0.06349206349206349,-0.006349206349206327,-0.07936507936507942,-0.21904761904761905,-0.10158730158730156,-0.35238095238095235,-0.6507936507936507,-0.20634920634920628,stop,3.15,BULL,,,,
COE,2023-02-08,C,SEEN,COE|1d|inverse|2022-12-29|2023-01-19,True,True,True,6.22,6.1085714285714285,7.377142857142857,5.3,5.7,0.18603582912264582,descending,none,STOP,STOP,,26.0,29.0,BREAKOUT→FAILURE,0.020900321543408262,-0.194983922829582,0.144694533762058,-0.292604501607717,-0.02733118971061088,-0.024115755627009516,-0.02733118971061088,-0.032154340836012874,-0.003215434083601254,-0.02893890675241151,-0.19487138263665593,-0.03536977491961413,0.09967845659163999,-0.08520900321543401,stop,6.22,BULL,,,,
COHN,2017-01-23,C,TRAIN,COHN|1d|inverse|2016-08-25|2016-10-07,True,True,True,13.1,12.761111111111111,18.522222222222222,9.8,11.3,0.4139100932994062,descending,touch_no_follow,NEITHER,NEITHER,,,,BREAKOUT→NEITHER,0.24427480916030553,-0.09923664122137399,0.24427480916030553,-0.1983969465648855,-0.007633587786259555,0.0,-0.022900763358778553,0.007633587786259444,-0.026030534351144996,0.03816793893129766,-0.022900763358778553,-0.10557251908396936,-0.08396946564885499,-0.10557251908396936,time,1.31,BULL,,,,
COHN,2021-01-11,C,TEST,COHN|1d|inverse|2020-12-02|2020-12-22,True,True,True,16.88,16.79836153846154,19.59006923076923,14.5449,15.64,0.16054912504557062,descending,failed_breakout,CLEAN,CLEAN,22.0,,,BREAKOUT→STOP→TARGET,0.3122037914691944,-0.030213270142180004,2.122132701421801,-0.030213270142180004,-0.021919431279620705,-0.027843601895734538,0.05450236966824651,0.04917061611374418,0.0035545023696683664,0.09360781990521327,0.055983412322274884,0.9934834123222749,0.5154028436018958,0.16054912504557062,target,16.88,BULL,,,,
COHN,2023-05-01,C,SEEN,COHN|1d|inverse|2023-04-03|2023-04-13,True,True,True,6.78,6.75,8.035,5.96,6.32,0.18510324483775809,descending,failed_breakout,STOP,STOP,,4.0,14.0,BREAKOUT→FAILURE,0.1224188790560472,-0.5147345132743364,0.7684365781710913,-0.5147345132743364,-0.03392330383480835,0.026548672566371723,-0.041297935103244865,-0.04321533923303833,0.05678466076696154,-0.29498525073746307,-0.32448377581120946,-0.21386430678466084,0.6165191740412981,-0.09144542772861353,stop,6.78,BEAR,,,,
CPHI,2021-03-29,C,TEST,CPHI|1d|inverse|2021-02-23|2021-03-05,True,True,True,570.0,528.3333333333334,708.0,354.0,400.0,0.24210526315789482,horizontal,failed_breakout,STOP,STOP,,12.0,12.0,BREAKOUT→FAILURE,-0.03508771929824561,-0.5263157894736843,-0.01754385964912286,-0.5263157894736843,-0.17210526315789476,-0.26315789473684215,-0.17675438596491233,-0.1578947368421053,-0.25754385964912285,-0.2807017543859649,-0.4894736842105263,-0.3794736842105263,-0.22807017543859653,-0.3991228070175439,stop,1.1400000000000003,BULL,,,,
CPHI,2022-06-10,C,SEEN,CPHI|1d|inverse|2022-04-22|2022-05-12,True,True,True,130.7,128.88,176.29333333333332,100.0,114.0,0.34883958173935214,descending,failed_breakout,STOP,STOP,,3.0,50.0,BREAKOUT→FAILURE,-0.022188217291507217,-0.27276205049732205,-0.00535577658760511,-0.5141545524100994,-0.06273909716908943,-0.08186687069625087,-0.15876052027543985,-0.16909334353481242,-0.17368018362662574,-0.1813312930374904,-0.1778882938026013,-0.3037490436113236,-0.4162203519510329,-0.15876052027543985,stop,0.2614,BEAR,,,,
CRF,2016-11-09,C,TRAIN,CRF|1d|inverse|2016-09-21|2016-10-21,True,True,True,14.98,14.903809523809525,16.015528571428575,13.7859,14.22,0.06912740797253503,horizontal,failed_breakout,NEITHER,NEITHER,,,,BREAKOUT→FAILURE,0.020694259012015825,-0.060080106809078826,0.09479305740987964,-0.060080106809078826,-0.005340453938584733,-0.018024032042723626,-0.02937249666221642,-0.02937249666221642,-0.0020026702269693164,0.008010680907877044,0.0020026702269693164,0.012683578104138782,0.06208277703604814,0.012683578104138782,time,14.98,BULL,,,,
CTGO,2016-12-06,C,TRAIN,CTGO|1d|inverse|2016-10-11|2016-10-28,True,True,True,22.75,22.36195652173913,29.129347826086956,14.75,18.25,0.28041089345437165,ascending,failed_breakout,NEITHER,STOP,,54.0,,BREAKOUT→FAILURE,0.06373626373626373,-0.1863736263736263,0.06373626373626373,-0.5604395604395604,-0.09890109890109888,-0.07692307692307687,-0.06813186813186811,-0.1208791208791209,-0.1384615384615384,-0.06593406593406592,-0.07692307692307687,-0.20923076923076933,-0.19780219780219777,-0.22417582417582427,stop,22.75,BULL,,,,
CTM,2017-09-05,C,TRAIN,CTM|1d|inverse|2017-07-21|2017-08-08,True,True,True,2.1,2.0532,3.0028,1.4,1.81,0.429904761904762,descending,failed_breakout,STOP,STOP,,6.0,29.0,BREAKOUT→FAILURE,-0.05238095238095242,-0.4476190476190477,0.11904761904761907,-0.5714285714285714,-0.06666666666666676,-0.06812380952380959,-0.07619047619047625,-0.06666666666666676,-0.23809523809523814,-0.23809523809523814,-0.3380952380952381,-0.1428571428571429,-0.5228571428571429,-0.1523809523809524,stop,2.1,BULL,,,,
CTM,2024-04-26,C,SEEN,CTM|1d|inverse|2024-03-27|2024-04-12,True,True,True,0.2643,0.252,0.32210000000000005,0.2019,0.2357,0.2186908815739692,descending,success,STOP,STOP,,21.0,27.0,BREAKOUT→FAILURE,0.10480514566780186,-0.3132425274309496,0.1350737797956867,-0.5399167612561483,0.021944759742716702,0.02156640181611813,-0.05372682557699582,0.0026485054861900004,0.03291713961407505,-0.0616723420355656,-0.2697692016647748,-0.43132803632236094,-0.37608777903897084,-0.11010215664018153,stop,0.2643,BULL,,,,
CTM,2026-09-22,C,SEEN,CTM|1d|inverse|2026-08-11|2026-09-02,True,True,True,0.64,0.63118,0.72344,0.5553,0.6028,0.1303749999999999,descending,failed_retest,,,,,,,,,,,-0.01156249999999992,-0.024062499999999987,-0.01749999999999996,-0.03125,,,,,,,,0.64,BULL,,,,
CVM,2017-04-25,C,TRAIN,CVM|1d|inverse|2017-02-17|2017-04-04,True,True,True,82.425,80.97777777777777,112.19999999999999,56.25,66.0,0.3612374886260237,descending,failed_breakout,CLEAN,CLEAN,3.0,22.0,36.0,BREAKOUT→STOP→TARGET,0.4276615104640582,-0.4449499545040946,0.4276615104640582,-0.4686078252957234,0.0009099181073703999,-0.08917197452229297,0.10373066424021826,0.0027297543221111997,-0.008189262966333044,0.006369426751592355,-0.11737943585077337,-0.11919927206551417,-0.33757961783439483,0.3612374886260237,target,0.1099,BULL,,,,
CVM,2018-01-11,C,VAL,CVM|1d|inverse|2017-10-18|2017-10-30,True,True,True,66.3,64.35000000000001,76.20000000000002,48.0,51.9,0.14932126696832615,ascending,failed_breakout,STOP,STOP,,46.0,47.0,BREAKOUT→FAILURE,0.13122171945701355,-0.31221719457013575,0.5158371040723984,-0.4117647058823529,-0.02714932126696823,-0.07239819004524883,-0.11760180995475111,-0.1131221719457014,0.02714932126696823,-0.17647058823529405,-0.17647058823529405,-0.25791855203619907,0.2850678733031675,-0.25339366515837103,stop,2.21,BULL,,,,
CVM,2021-01-15,C,TEST,CVM|1d|inverse|2020-12-21|2020-12-31,True,True,True,428.1,422.6181818181818,503.1,349.5,393.903,0.17519271198318154,descending,success,CLEAN,CLEAN,7.0,,,BREAKOUT→RETEST→TARGET,1.8668535388927818,-0.039943938332165474,1.8668535388927818,-0.039943938332165474,0.05185704274702174,0.01261387526278912,-0.00560616678346193,0.04905395935529078,0.9369306236860546,0.49124036440084073,0.3139453398738612,0.1765942536790468,0.513665031534688,0.17519271198318154,target,14.270000000000001,BULL,,,,
CVM,2021-04-20,C,TEST,CVM|1d|inverse|2021-03-04|2021-03-30,True,True,True,561.3,538.7352631578948,725.8215789473685,415.5,451.5,0.29310810430673184,descending,none,CLEAN,CLEAN,2.0,48.0,48.0,BREAKOUT→TARGET,0.48904329235702826,-0.010154997327632143,0.48904329235702826,-0.621587386424372,0.07161945483698573,0.304115446285409,0.30518439337252823,0.4692677712453235,0.20256547300908623,0.05077498663816149,0.30571886691608774,-0.5911277391769107,-0.4559059326563335,0.29310810430673184,target,18.709999999999997,BULL,,,,
CVM,2023-06-16,C,SEEN,CVM|1d|inverse|2023-03-24|2023-04-28,True,True,True,77.7,76.72,107.16,55.8,69.003,0.37915057915057915,descending,failed_breakout,STOP,STOP,,3.0,25.0,BREAKOUT→FAILURE,0.15444015444015435,-0.42471042471042475,0.15444015444015435,-0.5984555984555985,-0.0926640926640927,-0.10424710424710437,-0.13127413127413134,-0.13127413127413134,-0.0038610038610038533,-0.15444015444015446,-0.3706563706563707,-0.5328185328185329,-0.4555984555984557,-0.13127413127413134,stop,2.59,SIDE,,,,
CVM,2024-07-12,C,SEEN,CVM|1d|inverse|2024-06-04|2024-07-01,True,True,True,38.4,37.65,44.4,32.4,34.8,0.15625,descending,failed_retest,CLEAN,CLEAN,2.0,13.0,37.0,BREAKOUT→TARGET,0.7342968749999998,-0.2031249999999999,0.7342968749999998,-0.57796796875,0.0234375,0.171875,0.1171875,0.03125,0.0234375,-0.04687499999999989,-0.12499999999999989,-0.15625,-0.5590625,0.15625,target,1.28,BULL,,,,
CVR,2017-12-13,C,TRAIN,CVR|1d|inverse|2017-11-03|2017-11-15,True,True,True,30.7882,30.25,33.11666666666667,28.9,29.6,0.07562854167072675,descending,none,CLEAN,CLEAN,21.0,,,BREAKOUT→SIDEWAYS→TARGET,0.08483120156423563,-0.012933526480924495,0.08515600132518286,-0.06783443007385948,0.004930460371181278,0.01637640394696671,0.047488973048115835,0.059259716384848726,0.02820885923827965,0.01987124937476037,0.006814298984676004,0.055599223078971916,0.016525811837002413,0.07562854167072675,target,30.7882,BULL,,,,
CVR,2024-08-14,C,SEEN,CVR|1d|inverse|2024-06-07|2024-07-01,True,True,True,15.6,15.560357142857141,17.318571428571424,13.81,14.7,0.110164835164835,horizontal,none,CLEAN,CLEAN,2.0,,,BREAKOUT→TARGET,0.3583333333333334,0.005769230769230749,0.4275641025641026,-0.03076923076923077,0.0769230769230771,0.1660256410256411,0.24807692307692308,0.2185897435897437,0.23717948717948723,0.10256410256410264,0.15498076923076942,0.25064102564102586,0.025641025641025772,0.110164835164835,target,15.6,BULL,,,,
CVR,2025-11-28,C,SEEN,CVR|1d|inverse|2025-11-07|2025-11-14,True,True,True,9.5,9.16632,10.221760000000002,8.5,8.705,0.07597473684210532,descending,success,CLEAN,CLEAN,4.0,,,BREAKOUT→RETEST→TARGET,0.5526315789473684,-0.0652631578947368,0.5789473684210527,-0.0652631578947368,-0.03036842105263171,0.01684210526315799,0.05263157894736836,0.1578947368421053,0.5152631578947369,0.45789473684210513,0.4687368421052631,0.4652631578947368,0.13157894736842102,0.07597473684210532,target,9.5,BULL,,,,
DDC,2024-10-02,C,SEEN,DDC|1d|inverse|2024-09-10|2024-09-17,True,True,True,8.822475,8.156500000000001,11.660750000000002,6.2775,7.125,0.32170961096517714,descending,touch_no_follow,STOP,STOP,,9.0,20.0,BREAKOUT→FAILURE,-0.008214815003726339,-0.5437788149017141,-0.008214815003726339,-0.651498020680138,-0.12382863085472051,-0.04221887848931294,-0.09407507530483239,-0.08557405943343566,-0.1711509525388285,-0.34683861388102544,-0.3454217779024593,-0.5664481905587717,-0.5471792212502727,-0.20685521919869432,stop,0.352899,BULL,,,,
DDC,2025-02-18,C,SEEN,DDC|1d|inverse|2025-01-14|2025-01-22,True,True,True,4.75,4.37875,5.889375,3.425,3.78,0.23986842105263162,descending,none,CLEAN,CLEAN,1.0,26.0,27.0,BREAKOUT→TARGET,0.6147368421052632,-0.42105263157894735,2.0126315789473685,-0.6589473684210526,0.25,0.1667894736842106,0.13473684210526304,0.3678947368421053,0.341578947368421,0.00473684210526315,-0.26315789473684215,0.09052631578947357,1.736842105263158,0.23986842105263162,target,0.19,BULL,,,,
DDC,2025-02-19,C,SEEN,DDC|1d|inverse|2024-11-07|2024-12-20,True,True,True,5.9375,5.336363636363637,8.288986363636365,3.07465,3.425,0.39603980861244037,descending,success,STOP,STOP,,26.0,32.0,BREAKOUT→FAILURE,0.2917894736842106,-0.5368421052631579,2.508042105263158,-0.7271578947368421,-0.06656842105263161,-0.09221052631578952,-0.0736842105263158,-0.09473684210526312,0.17894736842105252,-0.21642105263157896,-0.3764210526315789,0.13178947368421046,2.354947368421053,-0.42610526315789465,stop,0.23750000000000002,BULL,,,,
DHY,2022-11-10,C,SEEN,DHY|1d|inverse|2022-09-27|2022-10-14,True,True,True,18.9,18.72142857142857,20.416666666666664,16.8,18.0,0.08024691358024683,ascending,failed_breakout,NEITHER,STOP,,31.0,,BREAKOUT→FAILURE,0.07407407407407418,-0.04761904761904756,0.07407407407407418,-0.12698412698412687,-0.010582010582010581,-0.021164021164021052,0.005291005291005346,0.005291005291005346,0.04761904761904767,-0.021164021164021052,-0.042328042328042215,0.0370370370370372,-0.06349206349206349,-0.05820105820105814,stop,18.9,BEAR,,,,
DIT,2017-03-27,C,TRAIN,DIT|1d|inverse|2017-02-08|2017-03-08,True,True,True,68.10003405,67.94447841666666,72.97040685555554,64.0666987,64.83336575,0.07151792026975556,descending,failed_breakout,DIRTY,DIRTY,56.0,11.0,11.0,BREAKOUT→STOP→TARGET,0.04796867351933409,-0.0990621635379344,0.11209006363191376,-0.15463142444640232,0.0034263338228095463,-0.030347528144885172,-0.02985805188448365,-0.04552129221732748,-0.03426333822809602,-0.06510034263338227,0.008321096426823216,-0.006363191385217792,-0.12873225648556053,-0.0597161037689673,stop,102.15005107500001,BULL,,,,
DIT,2021-04-22,C,TEST,DIT|1d|inverse|2021-01-29|2021-02-19,True,True,True,95.39338103,87.63604381799998,104.87071910199998,65.10003255,71.11336889,0.09935005940317265,ascending,failed_retest,CLEAN,CLEAN,45.0,,,BREAKOUT→STOP→TARGET,0.09539450695366547,-0.1293591445943112,0.2833880774337829,-0.1293591445943112,0.036932000857502256,-0.007617583339157186,-0.014606191907191368,-0.02858340904325951,-0.057725906771961655,-0.054720805087706936,-0.06352645188343009,0.05164581731777207,0.12146201691243275,0.09935005940317265,target,143.090071545,BULL,,,,
DIT,2022-12-15,C,SEEN,DIT|1d|inverse|2022-11-21|2022-12-01,True,True,True,130.72006536,129.24450906666667,150.2667418,104.000052,110.38672186,0.14953080375356986,ascending,failed_breakout,NEITHER,STOP,,24.0,,BREAKOUT→FAILURE,0.01978784169726633,-0.19573643410852726,0.01978784169726633,-0.21440228478172185,-0.06777845777233782,-0.0007649938800490252,-0.059057527539779775,-0.04003467972256225,-0.07690738474092218,-0.08787229702162391,-0.09985720114239094,-0.16768665850673203,-0.0973072215422277,-0.15600775193798455,stop,196.08009804,BEAR,,,,
DIT,2023-03-23,C,SEEN,DIT|1d|inverse|2023-02-13|2023-02-21,True,True,True,119.17339292,117.06712519999999,129.97385985846154,102.69338468,108.42005421,0.09062817356984865,horizontal,failed_retest,CLEAN,CLEAN,11.0,,,BREAKOUT→STOP→TARGET,0.10438576862832871,-0.10494517789214586,0.3984672186171403,-0.10494517789214586,-0.009789662116804654,-0.020977847393152782,-0.020977847393152782,-0.02047437905571714,0.06852763481763269,-0.01331394047885437,0.007048556724099209,0.14650928619377934,0.3560080554933991,0.09062817356984865,target,178.76008938,SIDE,,,,
DNN,2018-09-12,C,VAL,DNN|1d|inverse|2018-06-28|2018-07-24,True,True,True,0.534,0.5265125,0.62118125,0.45,0.47,0.16326076779026222,descending,success,CLEAN,CLEAN,10.0,,,BREAKOUT→RETEST→TARGET,0.292134831460674,-0.0074906367041198685,0.292134831460674,-0.17228464419475664,0.048689138576779145,0.002342696629213492,0.011235955056179803,0.0702247191011236,0.17958801498127341,0.13651685393258428,0.04232209737827697,0.029962546816479474,-0.09737827715355818,0.16326076779026222,target,0.534,BULL,,,,
DNN,2022-07-14,C,SEEN,DNN|1d|inverse|2022-06-23|2022-07-06,True,True,True,1.05,1.0350000000000001,1.2125,0.91,0.9607,0.15476190476190466,descending,none,CLEAN,CLEAN,10.0,,,BREAKOUT→TARGET,0.2571428571428571,-0.04761904761904767,0.4476190476190476,-0.04761904761904767,-0.00952380952380949,0.01904761904761898,0.10476190476190461,0.07619047619047614,0.17142857142857126,0.15238095238095228,0.19999999999999996,0.1333333333333333,0.12380952380952381,0.15476190476190466,target,1.05,BEAR,,,,
DNN,2023-11-02,C,SEEN,DNN|1d|inverse|2023-10-04|2023-10-12,True,True,True,1.65,1.626818181818182,1.8540909090909092,1.42,1.51,0.12369146005509646,horizontal,failed_breakout,CLEAN,CLEAN,13.0,,,BREAKOUT→STOP→TARGET,0.1454545454545455,-0.09090909090909083,0.303030303030303,-0.09090909090909083,-0.030303030303030165,-0.06666666666666654,-0.06060606060606055,-0.04848484848484835,0.06060606060606055,0.09090909090909105,0.06666666666666665,0.21212121212121215,0.08484848484848495,0.12369146005509646,target,1.65,BEAR,,,,
DNN,2025-05-06,C,SEEN,DNN|1d|inverse|2025-03-10|2025-04-07,True,True,True,1.49,1.4638461538461538,1.9015384615384614,1.08,1.36,0.27620030975735665,descending,success,CLEAN,CLEAN,48.0,,,BREAKOUT→RETEST→TARGET,0.27516778523489926,-0.06711409395973156,0.7483221476510067,-0.06711409395973156,0.01342281879194629,0.020134228187919545,0.033557046979865834,0.020134228187919545,-0.02684563758389269,0.10738255033557031,0.2348993288590604,0.3691275167785235,0.731543624161074,0.27620030975735665,target,1.49,BEAR,,,,
DNN,2026-04-13,C,SEEN,DNN|1d|inverse|2026-03-09|2026-03-20,True,True,True,3.73,3.7043749999999998,4.459375,3.24,3.395,0.19554289544235925,descending,none,STOP,STOP,,24.0,26.0,BREAKOUT→FAILURE,0.11796246648793574,-0.17158176943699732,0.11796246648793574,-0.30160857908847183,0.008042895442359255,0.04021447721179627,0.05093833780160861,0.06166219839142095,0.04021447721179627,0.03217158176943702,-0.10187667560321712,-0.15013404825737264,-0.1581769436997319,-0.12064343163538882,stop,3.73,BULL,,,,
DNN,2026-07-06,C,SEEN,DNN|1d|inverse|2026-05-19|2026-06-10,True,True,True,3.24,3.218,3.9720000000000004,2.8,2.99,0.22592592592592609,descending,failed_breakout,STOP,STOP,,8.0,16.0,BREAKOUT→FAILURE,0.05246913580246915,-0.19598765432098775,,,-0.0277777777777779,-0.040123456790123524,-0.021604938271605034,-0.06481481481481499,-0.12654320987654322,-0.11111111111111116,-0.015432098765432167,-0.2006172839506174,,-0.12037037037037035,stop,3.24,BULL,,,,
DSS,2016-11-02,C,TRAIN,DSS|1d|inverse|2016-09-23|2016-10-18,True,True,True,348.0,343.224,429.204,288.0,324.0,0.2333448275862069,descending,failed_breakout,DIRTY,DIRTY,11.0,1.0,4.0,BREAKOUT→STOP→TARGET,0.6379310344827587,-0.27568965517241384,1.8275862068965516,-0.27568965517241384,-0.13758620689655177,-0.10344827586206895,-0.10344827586206895,-0.26189655172413784,-0.051724137931034475,0.19931034482758614,0.12448275862068958,0.5862068965517242,0.8620689655172413,-0.13758620689655177,stop,0.6246600000000001,BULL,,,,
DSS,2019-03-05,C,TEST,DSS|1d|inverse|2018-11-20|2018-12-27,True,True,True,1020.0,778.1428571428571,1075.0,372.0,540.0,0.05392156862745101,ascending,failed_retest,NEITHER,NEITHER,,,,BREAKOUT→FAILURE,0.0235294117647058,-0.3529411764705882,0.0235294117647058,-0.7411764705882353,-0.1470588235294118,-0.24705882352941178,-0.21176470588235297,-0.20588235294117652,-0.18823529411764706,-0.2529411764705882,-0.3176470588235294,-0.4,-0.72,-0.4,time,1.8309000000000002,BEAR,,,,
DXF,2017-08-25,C,TRAIN,DXF|1d|inverse|2017-08-01|2017-08-07,True,True,True,5175.5175,4886.738571428572,6267.626642857143,4125.4125,4537.95375,0.21101448171262938,descending,none,CLEAN,CLEAN,49.0,54.0,,BREAKOUT→SIDEWAYS→TARGET,0.16666666666666674,-0.12318840579710155,0.6181956683558698,-0.13043478260869568,-0.036231884057971064,-0.036231884057971064,-0.02898550724637683,0.04347826086956519,-0.01449275362318836,0.05797101449275366,0.0,-0.036231884057971064,0.3959956661338697,0.21101448171262938,target,5175.5175,SIDE,,,,
DXF,2020-09-09,C,TEST,DXF|1d|inverse|2020-06-29|2020-07-31,True,True,True,982.375,971.9,1310.9499999999998,712.5,812.5,0.3344700343555158,descending,failed_retest,CLEAN,CLEAN,20.0,,,BREAKOUT→STOP→TARGET,1.7993383382109682,-0.17292276371039572,1.7993383382109682,-0.17292276371039572,-0.021502735717012333,-0.04313525893879633,-0.01997582389616992,-0.013614963735844254,-0.0076345591042117356,0.34877210841073936,1.0867794884845399,0.8195699198371293,0.7559485939686983,0.3344700343555158,target,982.375,BULL,,,,
DXF,2022-03-29,C,SEEN,DXF|1d|inverse|2022-02-24|2022-03-14,True,True,True,899.125,884.0714285714286,1298.3035714285716,553.125,750.0,0.44396337709280864,descending,failed_breakout,NEITHER,STOP,,10.0,,BREAKOUT→FAILURE,0.028777978590296183,-0.4425135548449882,0.11219240928680652,-0.4425135548449882,-0.03406089253440847,-0.07569859585708327,-0.056165716668983734,-0.08244126233838456,-0.19518976782983455,-0.34283331016265817,-0.2506603642430141,-0.30293479772000564,-0.2662310579730294,-0.19518976782983455,stop,899.125,BEAR,,,,
EAD,2022-03-29,C,SEEN,EAD|1d|inverse|2022-02-24|2022-03-14,True,True,True,7.89,7.83985,8.511458333333334,7.37,7.66,0.07876531474440229,descending,failed_breakout,STOP,STOP,,9.0,27.0,BREAKOUT→FAILURE,0.03548795944233207,-0.10519645120405574,0.03548795944233207,-0.19122940430925217,-0.0038022813688212143,0.0012674271229404788,0.016476552598225558,0.019011406844106293,-0.025348542458808576,-0.04435994930291509,-0.10012674271229405,-0.16730038022813676,-0.07731305449936621,-0.03675538656527255,stop,7.89,BEAR,,,,
ECF,2022-02-08,C,SEEN,ECF|1d|inverse|2022-01-10|2022-01-24,True,True,True,11.1,11.048492307692309,12.376730769230772,10.2777,10.76,0.11502079002079024,descending,failed_retest,STOP,STOP,,7.0,9.0,BREAKOUT→FAILURE,0.013513513513513598,-0.1351351351351351,0.013513513513513598,-0.2558558558558558,0.0045045045045044585,-0.007207207207207245,-0.01621621621621616,-0.003603603603603567,-0.0981981981981982,-0.07747747747747746,-0.05405405405405406,-0.14774774774774768,-0.24774774774774777,-0.033333333333333215,stop,11.1,BEAR,,,,
ELA,2023-11-30,C,SEEN,ELA|1d|inverse|2023-11-02|2023-11-10,True,True,True,4.38,4.3521363636363635,5.491990909090909,3.02,3.93,0.25387920298879196,ascending,failed_retest,NEITHER,NEITHER,,,,BREAKOUT→FAILURE,0.24885844748858443,-0.057077625570776225,0.24885844748858443,-0.057077625570776225,0.06392694063926951,0.05936073059360725,0.041095890410958846,0.004566210045662267,0.11872146118721472,0.1095890410958904,-0.0182648401826484,-0.013698630136986245,0.03424657534246589,-0.013698630136986245,time,4.38,BEAR,,,,
ELA,2025-10-17,C,SEEN,ELA|1d|inverse|2025-09-25|2025-10-07,True,True,True,8.0,7.86625,8.662500000000001,7.14,7.625,0.08281250000000018,horizontal,success,CLEAN,CLEAN,5.0,,,BREAKOUT→RETEST→TARGET,0.4962500000000001,-0.015000000000000013,0.8887499999999999,-0.015000000000000013,0.0,0.00374999999999992,0.02750000000000008,0.0987499999999999,0.13624999999999998,0.3287500000000001,0.44500000000000006,0.7175,0.6825000000000001,0.08281250000000018,target,8.0,BULL,,,,
ELLO,2017-05-04,C,TRAIN,ELLO|1d|inverse|2017-02-03|2017-02-21,True,True,True,8.31,8.202307692307693,9.433076923076925,7.2,7.7618,0.13514764417291514,horizontal,success,CLEAN,CLEAN,16.0,,,BREAKOUT→RETEST→TARGET,0.15523465703971118,-0.03730445246690739,0.15523465703971118,-0.09506618531889299,-0.001203369434416346,0.00962695547533099,-0.001203369434416346,0.022864019253910906,0.06738868832731626,0.08543922984356178,0.04572803850782181,0.010830324909747224,-0.036101083032491044,0.13514764417291514,target,8.31,BULL,,,,
ELLO,2018-07-24,C,VAL,ELLO|1d|inverse|2018-02-13|2018-05-15,True,True,True,9.0,8.846153846153847,10.84216153846154,7.4963,7.7501,0.20468461538461558,descending,failed_breakout,NEITHER,STOP,,23.0,,BREAKOUT→FAILURE,0.0,-0.14773333333333338,0.0,-0.1777777777777777,-0.015555555555555656,0.0,-0.0033333333333332993,-0.005555555555555647,-0.03333333333333344,-0.08333333333333337,-0.08111111111111113,-0.11444444444444446,-0.1033222222222222,-0.1446333333333334,stop,9.0,BULL,,,,
ELLO,2019-06-20,C,TEST,ELLO|1d|inverse|2019-03-07|2019-03-28,True,True,True,10.5,10.096923076923074,11.330769230769228,7.64,8.15,0.07912087912087884,ascending,success,CLEAN,CLEAN,2.0,,,BREAKOUT→RETEST→TARGET,0.2571428571428571,-0.04180952380952385,1.0695238095238095,-0.04180952380952385,-0.023809523809523836,0.028571428571428692,0.03523809523809507,0.06561904761904769,0.14380952380952383,0.2416666666666667,0.20380952380952388,0.1485238095238095,0.960952380952381,0.08571428571428585,target,10.5,BULL,,,,
ELLO,2026-08-03,C,SEEN,ELLO|1d|inverse|2026-06-09|2026-07-02,True,True,True,20.75,20.296,24.828,17.5,19.3,0.19653012048192764,descending,failed_breakout,,,,,,,0.14602409638554215,-0.13542168674698785,,,-0.064578313253012,-0.02168674698795181,-0.053012048192771166,-0.033734939759036076,-0.014457831325301207,0.006746987951807171,0.059277108433734904,,,,,20.75,BULL,,,,
ELMD,2020-01-15,C,TEST,ELMD|1d|inverse|2019-11-21|2019-12-13,True,True,True,9.78,9.66076923076923,11.865446153846152,7.9,9.1,0.21323580305175382,descending,success,CLEAN,CLEAN,20.0,39.0,43.0,BREAKOUT→RETEST→TARGET,0.39059304703476494,-0.08758691206543956,1.0173824130879345,-0.2928732106339468,-0.01635991820040905,-0.03578732106339466,0.017382413087934534,0.02556237218813906,-0.009202453987730008,0.056237218813905976,0.0521472392638036,0.3087934560327199,0.3292433537832311,0.21323580305175382,target,9.78,BULL,,,,
ELMD,2022-03-17,C,SEEN,ELMD|1d|inverse|2022-02-24|2022-03-07,True,True,True,12.79,12.56,13.551428571428572,11.5,11.8,0.0595331173908189,horizontal,failed_retest,STOP,STOP,,45.0,48.0,BREAKOUT→FAILURE,0.016419077404222104,-0.04612197028928833,0.016419077404222104,-0.31587177482408124,0.012509773260359625,0.005473025801407294,0.012509773260359625,-0.0328381548084441,-0.027365129007036693,-0.0031274433150898506,-0.026583268178264285,-0.14777169663799838,-0.286161063330727,-0.08465207193119617,stop,12.79,BEAR,,,,
ELMD,2022-08-15,C,SEEN,ELMD|1d|inverse|2022-06-30|2022-07-18,True,True,True,9.78,9.477142857142857,10.547142857142857,8.75,9.0,0.07843996494303251,descending,success,CLEAN,CLEAN,18.0,,,BREAKOUT→RETEST→TARGET,0.278118609406953,-0.05419222903885479,0.278118609406953,-0.05419222903885479,-0.03271983640081788,-0.010224948875255602,0.027607361963190247,0.01840490797546024,0.005112474437627856,0.20068507157464222,0.04498977505112478,0.07055214723926384,0.002044989775051187,0.07843996494303251,target,9.78,SIDE,,,,
EONR,2024-07-19,C,SEEN,EONR|1d|inverse|2024-04-24|2024-06-03,True,True,True,2.6,2.533714285714286,3.490857142857143,1.86,2.1,0.34263736263736266,descending,touch_no_follow,STOP,STOP,,20.0,30.0,BREAKOUT→FAILURE,0.12307692307692308,-0.4817307692307693,0.12307692307692308,-0.7346153846153847,0.019230769230769162,0.07692307692307687,0.04807692307692313,0.03846153846153855,0.01538461538461533,-0.2038461538461539,-0.39038461538461544,-0.45769230769230773,-0.6921538461538461,-0.2038461538461539,stop,2.6,BULL,,,,
EONR,2025-01-08,C,SEEN,EONR|1d|inverse|2024-11-25|2024-12-17,True,True,True,1.07,0.9438925,1.34552025,0.51,0.6812,0.25749556074766367,horizontal,touch_no_follow,CLEAN,CLEAN,7.0,24.0,36.0,BREAKOUT→RETEST→TARGET,0.775700934579439,-0.4708411214953271,0.775700934579439,-0.67196261682243,-0.14018691588785048,0.05607476635513997,-0.04672897196261683,-0.0886915887850468,0.03738317757009346,-0.305607476635514,-0.45158878504672906,-0.5679439252336449,-0.6598130841121496,0.44859813084112155,target,1.07,BULL,,,,
EONR,2025-09-16,C,SEEN,EONR|1d|inverse|2025-06-30|2025-08-06,True,True,True,0.4469,0.41,0.5534999999999999,0.2665,0.3272,0.2385321100917428,horizontal,success,CLEAN,CLEAN,11.0,,,BREAKOUT→RETEST→TARGET,0.6504810919668831,-0.0825688073394496,0.6504810919668831,-0.18796151264264938,-0.025509062430073892,0.13224434996643541,0.09644215708212123,0.022376370552696256,0.09129559185500113,0.13671962407697458,0.22600134258223314,-0.011635712687402155,-0.0693667487133588,0.2385321100917428,target,0.4469,BULL,,,,
EP,2020-12-30,C,TEST,EP|1d|inverse|2020-09-24|2020-11-25,True,True,True,1.56,1.5058064516129033,1.792258064516129,1.24,1.32,0.14888337468982615,descending,failed_breakout,CLEAN,CLEAN,3.0,,,BREAKOUT→STOP→TARGET,0.23076923076923062,-0.15384615384615385,9.666666666666666,-0.15384615384615385,-0.15384615384615385,0.0,0.20512820512820507,0.025641025641025772,0.07692307692307687,0.15384615384615374,0.20512820512820507,3.7948717948717947,4.461538461538461,0.20512820512820507,target,0.39,BULL,,,,
EP,2022-01-12,C,SEEN,EP|1d|inverse|2021-12-01|2021-12-28,True,True,True,11.96,11.815999999999999,15.575999999999999,9.2,11.24,0.30234113712374566,descending,stalled,CLEAN,DIRTY,34.0,15.0,,BREAKOUT→SIDEWAYS→TARGET,0.010033444816053505,-0.3311036789297659,1.0819397993311033,-0.3311036789297659,-0.030100334448160626,0.0033444816053511683,0.0033444816053511683,-0.010033444816053616,-0.030100334448160626,-0.010033444816053616,-0.030100334448160626,0.8536789297658862,0.7550167224080264,-0.08026755852842815,stop,2.99,SIDE,,,,
EP,2023-01-17,C,SEEN,EP|1d|inverse|2022-12-08|2022-12-19,True,True,True,13.0,12.4697,14.963942857142857,9.95,10.88,0.15107252747252753,horizontal,touch_no_follow,NEITHER,NEITHER,,,,BREAKOUT→NEITHER,0.0361538461538462,-0.08923076923076922,0.0361538461538462,-0.3846153846153846,-0.028461538461538427,-0.055384615384615477,0.0,-0.024615384615384595,0.014615384615384475,-0.024615384615384595,0.010000000000000009,-0.03076923076923077,-0.2992307692307693,-0.03076923076923077,time,13.0,SIDE,,,,
EP,2025-03-14,C,SEEN,EP|1d|inverse|2025-01-15|2025-02-13,True,True,True,6.88,6.796428571428572,8.260000000000002,5.54,6.27,0.20058139534883757,descending,failed_breakout,STOP,STOP,,1.0,14.0,BREAKOUT→FAILURE,0.0029069767441860517,-0.3299418604651162,0.0029069767441860517,-0.4534883720930233,-0.0959302325581396,-0.1366279069767441,-0.1540697674418604,-0.09883720930232553,-0.12790697674418605,-0.13372093023255816,-0.2514534883720929,-0.19476744186046513,-0.2790697674418604,-0.0959302325581396,stop,6.88,SIDE,,,,
EP,2025-08-22,C,SEEN,EP|1d|inverse|2025-07-21|2025-08-11,True,True,True,5.6,5.154999999999999,6.244999999999999,4.11,4.46,0.11517857142857135,horizontal,failed_retest,STOP,STOP,,11.0,12.0,BREAKOUT→FAILURE,-0.02014285714285713,-0.3214285714285714,-0.02014285714285713,-0.5035714285714286,-0.09107142857142858,-0.11428571428571421,-0.12678571428571428,-0.0982142857142857,-0.19464285714285712,-0.1875,-0.23928571428571432,-0.475,-0.4571428571428571,-0.24821428571428572,stop,5.6,BULL,,,,
EPM,2017-09-26,C,TRAIN,EPM|1d|inverse|2017-08-29|2017-09-08,True,True,True,7.0,6.924999999999999,7.799999999999999,6.35,6.7,0.1142857142857141,descending,success,NEITHER,STOP,,54.0,,BREAKOUT→NEITHER,0.0714285714285714,-0.05714285714285716,0.12857142857142856,-0.09285714285714286,-0.014285714285714235,0.0071428571428571175,0.028571428571428692,-0.0071428571428571175,0.04285714285714293,-0.042857142857142816,0.0,0.0,0.03571428571428581,-0.04999999999999993,stop,7.0,BULL,,,,
EPM,2022-02-01,C,SEEN,EPM|1d|inverse|2021-12-02|2021-12-15,True,True,True,6.07,5.92529411764706,6.951176470588236,4.41,4.983,0.14516910553348206,ascending,failed_breakout,CLEAN,CLEAN,9.0,,,BREAKOUT→STOP→TARGET,0.3459637561779241,-0.08731466227347617,0.3459637561779241,-0.08731466227347617,-0.018121911037891292,-0.01976935749588138,-0.054365733113673764,-0.07742998352553554,0.17133443163097195,0.2784184514003294,0.10543657331136735,0.09060955518945635,0.2438220757825369,0.14516910553348206,target,6.07,BEAR,,,,
EPM,2025-03-31,C,SEEN,EPM|1d|inverse|2025-02-12|2025-03-06,True,True,True,5.18,5.126666666666666,5.600014285714286,4.7707,4.98,0.08108383894098181,descending,failed_breakout,STOP,STOP,,3.0,4.0,BREAKOUT→FAILURE,0.007722007722007707,-0.21814671814671815,0.007722007722007707,-0.21814671814671815,-0.01158301158301156,-0.005791505791505669,-0.05212355212355202,-0.1274131274131275,-0.18146718146718133,-0.1660231660231659,-0.137065637065637,-0.07528957528957525,-0.07335907335907332,-0.05212355212355202,stop,5.18,BEAR,,,,
EPM,2026-01-27,C,SEEN,EPM|1d|inverse|2025-12-19|2026-01-07,True,True,True,3.79,3.7314285714285718,4.2542857142857144,3.19,3.58,0.12250282698831505,horizontal,none,CLEAN,CLEAN,13.0,,,BREAKOUT→SIDEWAYS→TARGET,0.26649076517150383,-0.00527704485488123,0.316622691292876,-0.00527704485488123,0.01055408970976246,0.029023746701847042,0.0395778364116095,0.07651715039577844,0.0554089709762533,0.14511873350923477,0.2612137203166227,0.26649076517150383,0.1609498680738788,0.12250282698831505,target,3.79,BULL,,,,
EPM,2026-09-10,C,SEEN,EPM|1d|inverse|2026-08-05|2026-08-19,True,True,True,3.84,3.6816666666666666,4.3133333333333335,3.25,3.57,0.12326388888888906,descending,failed_retest,,,,,,,,,,,-0.03124999999999989,-0.03385416666666663,-0.0390625,-0.0390625,-0.0546875,,,,,,,3.84,BULL,,,,
EQX,2019-12-13,C,TEST,EQX|1d|inverse|2019-11-11|2019-11-27,True,True,True,6.2,6.13,6.725,5.7,5.83,0.08467741935483852,descending,success,CLEAN,CLEAN,2.0,,,BREAKOUT→RETEST→TARGET,0.443548387096774,-0.006451612903225823,0.6612903225806452,-0.25322580645161297,0.004838709677419395,0.05483870967741944,0.059677419354838834,0.1435483870967742,0.25,0.35322580645161294,0.34193548387096784,-0.05483870967741933,0.338709677419355,0.08467741935483852,target,6.2,BULL,,,,
EQX,2020-04-02,C,TEST,EQX|1d|inverse|2020-02-28|2020-03-19,True,True,True,7.32,6.926923076923078,10.362307692307695,4.63,6.16,0.41561580496006756,descending,none,CLEAN,CLEAN,47.0,,,BREAKOUT→SIDEWAYS→TARGET,0.25409836065573765,-0.06420765027322417,0.7281420765027322,-0.06420765027322417,-0.060109289617486406,-0.02595628415300555,-0.020491803278688603,0.06284153005464477,0.010928961748633892,0.1775956284153004,0.15573770491803285,0.5245901639344261,0.5942622950819672,0.41561580496006756,target,7.32,BEAR,,,,
EQX,2021-12-23,C,,EQX|1d|inverse|2021-12-02|2021-12-15,True,True,True,6.67,6.557142857142858,7.38857142857143,6.0,6.195,0.10773184836153371,descending,success,CLEAN,CLEAN,17.0,22.0,22.0,BREAKOUT→RETEST→TARGET,0.1274362818590704,-0.17991004497751129,0.35982008995502257,-0.17991004497751129,-0.0014992503748125774,-0.020989505247376306,-0.03148425787106446,0.013493253373313419,-0.03448275862068961,0.03148425787106457,-0.08545727136431791,0.23838080959520247,-0.07496251874062965,0.10773184836153371,target,6.67,SIDE,,,,
EQX,2025-06-02,C,SEEN,EQX|1d|inverse|2025-05-02|2025-05-16,True,True,True,6.88,6.820833333333333,7.85,5.85,6.46,0.14098837209302317,horizontal,failed_retest,DIRTY,DIRTY,51.0,9.0,15.0,BREAKOUT→STOP→TARGET,0.08139534883720945,-0.18459302325581395,0.7761627906976745,-0.18459302325581395,0.0029069767441860517,0.033430232558139705,0.0625,0.007267441860465018,-0.09447674418604646,-0.1598837209302325,-0.09883720930232553,0.19186046511627897,0.6686046511627908,-0.06395348837209291,stop,6.88,BEAR,,,,
ERH,2021-03-31,C,TEST,ERH|1d|inverse|2021-01-15|2021-02-25,True,True,True,12.97,12.952831999999999,13.613775999999998,12.39,12.71,0.04963577486507309,descending,none,CLEAN,CLEAN,14.0,,,BREAKOUT→SIDEWAYS→TARGET,0.09252120277563591,-0.0015420200462606948,0.15574402467232074,-0.0015420200462606948,0.002081727062451799,0.012336160370084892,0.019275250578257408,0.02236700077100995,0.0323824209714727,0.06707787201233617,0.01619121048573624,0.0940632228218965,0.10639938319198139,0.04963577486507309,target,12.97,BULL,,,,
ERH,2022-11-22,C,SEEN,ERH|1d|inverse|2022-09-29|2022-10-13,True,True,True,11.23,11.140725,13.09287,9.7,10.79,0.16588334817453232,descending,none,NEITHER,NEITHER,,,,BREAKOUT→NEITHER,0.05253784505788062,-0.021371326803205748,0.05253784505788062,-0.10151380231522711,0.0044523597506678225,0.01558325912733749,0.005342831700801298,0.034728406055209105,0.02582368655387346,-0.00801424755120217,0.021371326803205637,-0.03918076580587726,-0.05443455031166522,-0.03918076580587726,time,11.23,BEAR,,,,
ESP,2020-04-29,C,TEST,ESP|1d|inverse|2020-03-12|2020-03-30,True,True,True,19.45,19.13125,22.88,16.62,17.5001,0.17634961439588692,descending,failed_breakout,NEITHER,STOP,,11.0,,BREAKOUT→FAILURE,0.028277634961439535,-0.13727506426735214,0.028277634961439535,-0.17892030848329044,-0.02260668380462716,-0.03624678663239067,-0.07146529562982007,-0.04652956298200506,-0.09254498714652959,-0.03547557840616955,-0.031691516709511536,-0.033676092544987046,-0.14190231362467853,-0.10025706940874035,stop,19.45,BEAR,,,,
ESP,2021-04-14,C,TEST,ESP|1d|inverse|2021-03-10|2021-03-30,True,True,True,16.15,15.999999999999996,18.29333333333333,14.49,15.16,0.1327141382868935,descending,touch_no_follow,NEITHER,STOP,,12.0,,BREAKOUT→NEITHER,0.008049535603715352,-0.08978328173374606,0.008049535603715352,-0.13126934984520122,-0.0068111455108358365,-0.01981424148606803,-0.021052631578947212,0.007430340557275539,-0.017337461300309553,-0.08049535603715163,-0.08668730650154788,-0.05944272445820431,-0.10402476780185743,-0.061919504643962786,stop,16.15,BULL,,,,
ESP,2025-03-27,C,SEEN,ESP|1d|inverse|2025-03-04|2025-03-11,True,True,True,27.63,27.279066666666665,29.11453333333333,25.16,25.84,0.053729038484738645,horizontal,failed_breakout,DIRTY,DIRTY,11.0,7.0,8.0,BREAKOUT→STOP→TARGET,0.14549402823018465,-0.10061527325370967,0.9066232356134636,-0.10061527325370967,-0.012667390517553279,-0.018096272167933414,-0.00832428519724937,-0.01664857039449863,-0.07455664133188555,0.1255881288454579,0.13282663771263126,0.49185667752442996,0.6558089033659067,-0.08469055374592838,stop,27.63,BEAR,,,,
ESP,2025-11-28,C,SEEN,ESP|1d|inverse|2025-09-29|2025-10-17,True,True,True,39.08,38.518181818181816,42.2489909090909,36.0001,36.8176,0.08108983902484401,descending,success,CLEAN,CLEAN,4.0,,,BREAKOUT→RETEST→TARGET,0.2525562947799387,-0.014841351074718512,0.5903275332650972,-0.014841351074718512,-0.007932446264073523,0.0017911975435005445,0.026100307062436157,0.0882804503582395,0.11182190378710355,0.1798874104401229,0.22927328556806548,0.518935516888434,0.5227737973387923,0.08108983902484401,target,39.08,BULL,,,,
EVI,2016-03-31,C,,EVI|1d|inverse|2016-03-01|2016-03-14,True,True,True,3.25,3.2,3.5375,3.0,3.1,0.08846153846153859,descending,failed_breakout,CLEAN,CLEAN,5.0,,,BREAKOUT→STOP→TARGET,0.283076923076923,-0.06153846153846154,0.6827384615384615,-0.06153846153846154,-0.015415384615384609,-0.0461538461538461,0.0,0.10769230769230775,0.24,0.16338461538461546,0.23076923076923084,0.24,0.5138461538461538,0.08846153846153859,target,3.25,BEAR,,,,
EVI,2019-02-20,C,TEST,EVI|1d|inverse|2018-12-31|2019-01-22,True,True,True,39.51,38.115,45.5794,30.7506,34.787,0.15361680587193116,horizontal,failed_retest,NEITHER,NEITHER,,,,BREAKOUT→FAILURE,0.05315110098709197,-0.09643128321943795,0.05315110098709197,-0.1419893697798026,0.005315110098709219,0.026575550493546096,0.023538344722854987,0.004808909136927442,-0.02986585674512776,-0.07390534042014663,-0.02277904328018221,-0.04454568463680075,-0.031384459630473205,-0.04454568463680075,time,39.51,BEAR,,,,
EVI,2023-12-06,C,SEEN,EVI|1d|inverse|2023-10-24|2023-11-17,True,True,True,26.99,26.6625,31.46,22.54,25.19,0.16561689514635058,descending,failed_breakout,STOP,STOP,,6.0,17.0,BREAKOUT→FAILURE,0.0003705075954056891,-0.2730640978140051,0.0003705075954056891,-0.2730640978140051,-0.011485735457576807,-0.022971470915153613,-0.03038162282326773,-0.06520933679140417,-0.11189329381252311,-0.265653945905891,-0.18117821415339008,-0.19007039644312707,-0.2130418673582809,-0.08595776213412365,stop,26.99,SIDE,,,,
EVI,2025-08-13,C,SEEN,EVI|1d|inverse|2025-07-18|2025-07-30,True,True,True,24.45,23.627499999999998,27.742499999999996,20.85,21.8801,0.13466257668711634,descending,none,CLEAN,CLEAN,11.0,,,BREAKOUT→SIDEWAYS→TARGET,0.42413087934560334,-0.017995910020449757,0.42413087934560334,-0.238036809815951,0.007361963190184007,-0.0016359918200408163,0.007770961145194377,0.04703476482617597,0.125153374233129,0.15419222903885488,0.2601226993865031,0.15787321063394688,-0.03558282208588959,0.14519427402862983,target,24.45,BULL,,,,
EVI,2026-06-04,C,SEEN,EVI|1d|inverse|2026-04-29|2026-05-13,True,True,True,17.83,17.367222222222217,22.232777777777773,15.61,16.685,0.2469308905091292,descending,touch_no_follow,STOP,STOP,,7.0,12.0,BREAKOUT→FAILURE,0.01149747616376895,-0.21144139091418945,,,-0.011217049915872135,-0.05664610207515408,-0.037577117218171474,-0.03869882220975873,-0.10824453168816595,-0.06674144699943907,-0.10880538418395946,-0.2142456533931575,,-0.0902972518227706,stop,17.83,BULL,,,,
EVV,2022-07-21,C,SEEN,EVV|1d|inverse|2022-05-12|2022-06-22,True,True,True,10.43,10.308947368421052,11.321963157894736,9.6433,10.01,0.0855189988393803,descending,none,CLEAN,CLEAN,9.0,40.0,45.0,BREAKOUT→TARGET,0.09300095877277093,-0.017257909875359467,0.09300095877277093,-0.1476510067114093,-0.006711409395973145,-0.0009587727708533222,0.003835091083413289,0.03259827420901251,0.08820709491850431,0.04985618408437187,0.014381591562799612,-0.1428571428571429,-0.009587727708533,0.0855189988393803,target,10.43,BEAR,,,,
EXOD,2025-09-24,C,SEEN,EXOD|1d|inverse|2025-08-01|2025-09-05,True,True,True,32.0,29.588461538461537,37.44692307692307,23.25,27.41,0.17021634615384595,descending,failed_retest,STOP,STOP,,16.0,29.0,BREAKOUT→FAILURE,0.006562500000000027,-0.2796875,0.006562500000000027,-0.6771875,-0.09687500000000004,-0.10906249999999995,-0.09531250000000002,-0.11531250000000004,-0.06031249999999999,-0.27249999999999996,-0.27375000000000005,-0.5246875,-0.6728125,-0.213125,stop,32.0,BULL,,,,
FAX,2025-02-19,C,SEEN,FAX|1d|inverse|2024-11-21|2025-01-07,True,True,True,15.77,15.69225,17.0555,14.56,15.38,0.08151553582752058,descending,stalled,STOP,STOP,,32.0,36.0,BREAKOUT→FAILURE,0.022828154724159777,-0.016487000634115345,0.0399492707672795,-0.11287254280279002,0.006341154090044432,-0.0038046924540265925,-0.003170577045022105,-0.0012682308180088642,0.0019023462270133518,0.01965757767913745,0.007609384908053407,-0.013950538998097617,0.009511731135066537,-0.04185161699429296,stop,15.77,BULL,,,,
FSP,2017-09-15,C,TRAIN,FSP|1d|inverse|2017-08-10|2017-08-30,True,True,True,10.28,10.113846153846152,10.756153846153845,9.59,9.84,0.04631846752469326,descending,failed_breakout,CLEAN,CLEAN,17.0,,,BREAKOUT→STOP→TARGET,0.0476653696498055,-0.04474708171206221,0.07003891050583655,-0.0476653696498055,-0.024319066147859947,-0.029182879377431803,-0.015564202334630406,-0.010700389105058328,0.03307392996108938,0.023346303501945442,-0.03307392996108949,0.020428015564202484,0.03404669260700399,0.04631846752469326,target,10.28,BULL,,,,
FSP,2019-03-28,C,TEST,FSP|1d|inverse|2019-02-15|2019-03-08,True,True,True,7.38,7.347142857142857,8.154285714285713,6.7,6.925,0.10491676345334877,descending,failed_breakout,NEITHER,NEITHER,,,,BREAKOUT→FAILURE,0.09485094850948506,-0.031165311653116423,0.17344173441734423,-0.04878048780487809,-0.0257452574525745,-0.004065040650406582,-0.01084010840108407,-0.005420054200542035,0.03794037940379402,0.04742547425474264,0.05284552845528445,0.0013550135501354532,0.06639566395663965,0.0013550135501354532,time,7.38,BEAR,,,,
FSP,2026-01-12,C,SEEN,FSP|1d|inverse|2025-12-09|2025-12-23,True,True,True,0.939,0.9297500000000001,1.0674000000000001,0.8456,0.8812,0.13674121405750816,descending,failed_retest,STOP,STOP,,11.0,13.0,BREAKOUT→FAILURE,0.04366347177848784,-0.24206602768903085,0.04366347177848784,-0.467199148029819,-0.022790202342917953,0.007774227902023423,-0.03088391906283272,-0.05101171458998932,-0.040788072417465404,-0.11608093716719914,-0.23738019169329072,-0.2940362087326943,-0.45995740149094777,-0.0717784877529285,stop,0.939,BULL,,,,
FTF,2020-11-25,C,TEST,FTF|1d|inverse|2020-10-01|2020-10-30,True,True,True,8.7345,8.714166666666667,9.233333333333334,8.21,8.5,0.057110691319861795,horizontal,failed_breakout,CLEAN,CLEAN,20.0,,,BREAKOUT→STOP→TARGET,0.09680004579540902,-0.014253821054439397,0.10252447192168979,-0.014253821054439397,-0.008529394928158518,-0.005094739252390124,0.001202129486518766,0.0006296868738908667,0.005209227774915393,0.056729062911443195,0.06474325948823623,0.09336539011964051,0.04871486633464994,0.057110691319861795,target,8.7345,BULL,,,,
FTF,2022-11-08,C,SEEN,FTF|1d|inverse|2022-09-29|2022-10-14,True,True,True,6.28,6.225,6.639,5.93,6.1,0.05716560509554136,descending,none,NEITHER,NEITHER,,,,BREAKOUT→NEITHER,0.05095541401273884,-0.023885350318471388,0.05095541401273884,-0.03343949044585992,-0.004777070063694322,0.015923566878980777,0.01273885350318471,0.02547770700636942,0.01751592356687892,0.02070063694267521,-0.019108280254777066,0.039808917197452276,-0.027070063694267454,0.039808917197452276,time,6.28,BEAR,,,,
FURY,2018-01-24,C,VAL,FURY|1d|inverse|2018-01-03|2018-01-12,True,True,True,2.412529,2.3824818,2.7642179999999996,2.072238,2.161048,0.14577607150007288,descending,failed_retest,STOP,STOP,,12.0,23.0,BREAKOUT→FAILURE,0.10436226880588784,-0.2379900925543279,0.10436226880588784,-0.2576230171740941,0.01233228699012523,-0.006074123875816739,-0.006074123875816739,-0.04276342377646036,-0.04902117238797965,-0.08583357961707416,-0.15332209478103676,-0.1379838335622081,-0.22927765842400238,-0.12264557234337925,stop,1.6284570750000003,BULL,,,,
FURY,2020-10-09,C,TEST,FURY|1d|inverse|2020-09-01|2020-09-24,True,True,False,3.626417,3.43769475,4.1526172500000005,2.649504,2.930737,0.14510196979553114,ascending,failed_breakout,STOP,STOP,,1.0,1.0,BREAKOUT→FAILURE,-0.2830388783198402,-0.7021853802251643,-0.2830388783198402,-0.7021853802251643,-0.4650367015155731,-0.5477629847863608,-0.5670933596439681,-0.6084289258516051,-0.6056713830759122,-0.5973987547488333,-0.6042926116880656,-0.5891261264217547,-0.5918836691974475,-0.4650367015155731,stop,2.447831475,BULL,,,,
FURY,2021-11-12,C,,FURY|1d|inverse|2021-08-20|2021-09-29,True,True,True,0.7501,0.7374444444444445,0.9080592592592593,0.6012,0.62,0.2105842677766423,descending,failed_breakout,STOP,STOP,,12.0,12.0,BREAKOUT→FAILURE,0.03319557392347683,-0.23796827089721373,0.1197173710171977,-0.23796827089721373,0.006532462338354916,-0.0391507798960139,-0.04732702306359149,-0.11765097986935069,-0.14838021597120377,-0.11811758432209041,-0.12824956672443666,-0.10931875749900011,-0.053459538728169664,-0.20010665244634052,stop,0.7501,BULL,,,,
FURY,2023-11-15,C,SEEN,FURY|1d|inverse|2023-10-10|2023-11-01,True,True,True,0.3644,0.3600736842105263,0.4170421052631579,0.31,0.32,0.14446241839505447,descending,failed_breakout,CLEAN,CLEAN,10.0,,,BREAKOUT→STOP→TARGET,0.5211306256860593,-0.13556531284302964,0.5211306256860593,-0.1363885839736554,-0.06695938529088907,-0.08781558726673988,-0.11059275521405054,-0.07519209659714599,0.1289791437980241,0.25356750823271135,0.38968166849615793,-0.05982436882546649,0.12102085620197567,0.14446241839505447,target,0.3644,BEAR,,,,
GAU,2018-10-03,C,VAL,GAU|1d|inverse|2018-08-17|2018-09-07,True,True,True,0.8839,0.8763421052631578,1.0473684210526315,0.72,0.7715,0.18493994914880818,horizontal,failed_retest,STOP,STOP,,20.0,28.0,BREAKOUT→FAILURE,0.04106799411698159,-0.28645774408869784,0.04106799411698159,-0.3664441678922955,0.02070369951351969,0.026812987894558216,-0.007353773051250179,-0.031338386695327625,-0.07625296979296303,-0.14141871252404115,-0.26349134517479356,-0.27752008145717844,-0.18961420975223442,-0.14141871252404115,stop,0.8839,BULL,,,,
GAU,2021-11-05,C,,GAU|1d|inverse|2021-08-19|2021-09-20,True,True,True,0.815,0.8041448275862069,1.0329379310344828,0.66,0.7471,0.26740850433678887,descending,failed_retest,STOP,STOP,,16.0,29.0,BREAKOUT→FAILURE,0.10785276073619654,-0.2489570552147239,0.10785276073619654,-0.3098159509202454,0.030674846625766916,0.03558282208588959,0.0607361963190185,0.042944785276073594,-0.01717791411042935,-0.09852760736196309,-0.1844171779141104,-0.1742331288343557,-0.22822085889570543,-0.09214723926380364,stop,0.815,BULL,,,,
GBR,2023-01-31,C,SEEN,GBR|1d|inverse|2022-12-12|2023-01-03,True,True,True,1.24,1.212608695652174,1.4530434782608697,1.03,1.1,0.17180925666199176,descending,none,CLEAN,CLEAN,4.0,27.0,30.0,BREAKOUT→TARGET,0.217741935483871,-0.18548387096774188,0.217741935483871,-0.2661290322580645,0.040322580645161255,0.032258064516129004,0.07258064516129048,0.09677419354838723,0.08870967741935498,-0.008064516129032251,-0.17741935483870963,-0.16935483870967738,-0.11290322580645151,0.17180925666199176,target,1.24,BULL,,,,
GBR,2023-09-08,C,SEEN,GBR|1d|inverse|2023-07-17|2023-08-15,True,True,True,1.2,1.1873875,1.375453125,1.01,1.0901,0.14621093750000003,descending,failed_retest,CLEAN,DIRTY,29.0,19.0,,BREAKOUT→STOP→TARGET,0.16666666666666674,-0.10833333333333328,0.16666666666666674,-0.20833333333333337,0.008333333333333304,-0.008333333333333304,-0.033333333333333326,0.03333333333333344,-0.04049999999999998,0.024916666666666698,0.04166666666666674,-0.10016666666666652,-0.19858333333333333,-0.09999999999999987,stop,1.2,BULL,,,,
GBR,2026-08-20,C,SEEN,GBR|1d|inverse|2026-06-29|2026-07-16,True,True,True,0.78,0.769125,0.8863749999999999,0.62,0.6601,0.13637820512820498,ascending,failed_retest,,,,,,,,,,,0.038205128205128114,0.03205128205128216,-0.0029487179487180937,-0.035769230769230775,-0.0017948717948719217,-0.09871794871794881,,,,,,0.78,BULL,,,,
GENC,2017-04-03,C,TRAIN,GENC|1d|inverse|2017-02-08|2017-03-08,True,True,True,15.35,15.039473684210527,16.801315789473684,13.325,14.5,0.09454825990056581,horizontal,success,CLEAN,CLEAN,16.0,,,BREAKOUT→RETEST→TARGET,0.12052117263843654,-0.019543973941367976,0.12052117263843654,-0.019543973941367976,-0.009771986970684043,-0.016286644951140072,0.0,0.009771986970684043,0.006514657980456029,0.07817589576547235,0.03583061889250816,0.06514657980456029,0.039087947882736174,0.09454825990056581,target,15.35,BULL,,,,
GENC,2020-07-15,C,TEST,GENC|1d|inverse|2020-06-12|2020-06-26,True,True,True,12.81,12.606666666666667,14.593333333333335,10.94,11.3,0.1392141556075983,descending,failed_retest,STOP,STOP,,47.0,49.0,BREAKOUT→FAILURE,0.08001561280249803,-0.08665105386416871,0.08001561280249803,-0.1764246682279469,0.0,-0.0374707259953162,-0.050741608118657355,-0.06323185011709609,-0.04683840749414514,0.06635441061670577,-0.00858704137392674,-0.06479313036690082,-0.07650273224043724,-0.12490241998438711,stop,12.81,SIDE,,,,
GENC,2024-07-11,C,SEEN,GENC|1d|inverse|2024-06-14|2024-06-26,True,True,True,19.38,18.81426666666666,20.830699999999993,17.53,18.15,0.07485552115583038,descending,none,CLEAN,CLEAN,3.0,,,BREAKOUT→TARGET,0.2837977296181631,-0.0706914344685241,0.2837977296181631,-0.0706914344685241,0.021671826625387025,0.033539731682146634,0.07378740970072228,0.047471620227038214,0.17647058823529416,0.1222910216718267,-0.023219814241486003,0.04282765737874117,0.10371517027863786,0.07485552115583038,target,19.38,BULL,,,,
GENC,2025-05-15,C,SEEN,GENC|1d|inverse|2025-02-26|2025-04-08,True,True,True,13.79,13.399411764705881,16.618235294117646,10.8,12.0,0.20509320479460813,descending,touch_no_follow,CLEAN,CLEAN,49.0,,,BREAKOUT→RETEST→TARGET,0.12037708484408993,-0.057287889775199385,0.26178390137781005,-0.057287889775199385,0.013778100072516342,-0.04060913705583746,-0.019579405366207392,-0.029731689630166702,0.0,0.014503263234227681,0.015228426395939243,0.10224800580130533,0.07469180565627265,0.20509320479460813,target,13.79,BEAR,,,,
GGN,2016-07-06,C,TRAIN,GGN|1d|inverse|2016-05-09|2016-05-25,True,True,True,6.75,6.694285714285714,7.258571428571428,6.05,6.29,0.07534391534391527,horizontal,failed_breakout,NEITHER,NEITHER,,,,BREAKOUT→FAILURE,0.04148148148148145,-0.05481481481481487,0.04148148148148145,-0.11259259259259258,-0.01777777777777778,-0.022222222222222254,-0.019259259259259198,-0.03111111111111109,-0.045925925925925815,-0.022222222222222254,0.01333333333333342,-0.05481481481481487,-0.0948148148148148,-0.05481481481481487,time,6.75,BULL,,,,
GGN,2018-05-07,C,VAL,GGN|1d|inverse|2018-02-09|2018-03-15,True,True,True,5.14,5.1025,5.495,4.8,5.02,0.06906614785992216,descending,failed_retest,NEITHER,NEITHER,,,,BREAKOUT→FAILURE,0.013618677042801508,-0.027237354085603016,0.013618677042801508,-0.11089494163424118,0.005836575875486361,0.0077821011673151474,0.0077821011673151474,0.005836575875486361,-0.013618677042801397,0.001945525291829009,-0.01945525291828787,-0.011673151750972721,-0.10505836575875482,-0.011673151750972721,time,5.14,BULL,,,,
GGN,2020-12-01,C,TEST,GGN|1d|inverse|2020-09-24|2020-10-29,True,True,True,3.48,3.4462499999999996,3.744999999999999,3.23,3.36,0.07614942528735602,descending,touch_no_follow,NEITHER,NEITHER,,,,BREAKOUT→NEITHER,0.07183908045977017,-0.014367816091953922,0.07183908045977017,-0.048850574712643646,0.008620689655172376,0.011494252873563315,0.011494252873563315,0.028735632183908066,0.008620689655172376,0.014367816091954033,0.011494252873563315,-0.02011494252873558,0.04597701149425282,-0.02011494252873558,time,3.48,BULL,,,,
GGN,2022-01-11,C,SEEN,GGN|1d|inverse|2021-11-26|2021-12-14,True,True,True,3.89,3.825,4.0337499999999995,3.64,3.74,0.03695372750642667,descending,failed_retest,CLEAN,DIRTY,36.0,7.0,,BREAKOUT→STOP→TARGET,0.010282776349614497,-0.08997429305912596,0.06426735218508983,-0.08997429305912596,-0.0025706940874036244,-0.010282776349614386,-0.01285347043701801,-0.005141388174807249,-0.04884318766066842,-0.02313624678663251,-0.015424164524421635,0.03856041131105403,0.0,-0.04113110539845766,stop,3.89,SIDE,,,,
GLDG,2018-01-16,C,VAL,GLDG|1d|inverse|2017-11-14|2017-12-07,True,True,True,1.19,1.1071399999999998,1.3000299999999998,0.946,0.984,0.09246218487394953,descending,failed_retest,STOP,STOP,,15.0,16.0,BREAKOUT→FAILURE,0.008403361344537785,-0.2859663865546218,0.008403361344537785,-0.3176470588235293,-0.03361344537815125,-0.05621848739495794,-0.04210084033613448,-0.0672268907563024,-0.09243697478991586,-0.2100840336134454,-0.1466386554621848,-0.2302521008403361,-0.280672268907563,-0.18974789915966384,stop,1.19,BULL,,,,
GLDG,2019-12-03,C,TEST,GLDG|1d|inverse|2019-10-17|2019-11-12,True,True,True,0.87,0.8532,1.0164,0.7075,0.753,0.1682758620689655,descending,touch_no_follow,CLEAN,CLEAN,18.0,,,BREAKOUT→RETEST→TARGET,0.3908045977011494,-0.02298850574712641,0.8333333333333333,-0.30020689655172406,0.011494252873563315,0.05896551724137922,0.011494252873563315,0.04597701149425282,0.024597701149425166,0.21839080459770122,0.1954022988505748,0.25287356321839094,0.28735632183908066,0.1682758620689655,target,0.87,BULL,,,,
GLDG,2020-12-16,C,TEST,GLDG|1d|inverse|2020-10-29|2020-11-24,True,True,True,2.35,2.311,2.787,1.94,2.07,0.18595744680851056,descending,failed_retest,STOP,STOP,,16.0,20.0,BREAKOUT→FAILURE,0.0851063829787233,-0.2680851063829788,0.0851063829787233,-0.39148936170212767,0.02127659574468077,-0.01276595744680864,-0.004255319148936287,-0.025531914893617058,-0.07234042553191489,-0.18723404255319154,-0.21276595744680848,-0.28936170212765966,-0.2914893617021277,-0.12340425531914889,stop,2.35,BULL,,,,
GLDG,2024-04-03,C,SEEN,GLDG|1d|inverse|2024-01-18|2024-02-22,True,True,True,0.94,0.9310970588235294,1.095423529411765,0.7601,0.8101,0.16534418022528197,horizontal,failed_breakout,NEITHER,NEITHER,,,,BREAKOUT→FAILURE,0.02127659574468077,-0.14244680851063818,0.1063829787234043,-0.202127659574468,-0.031914893617021156,-0.02659574468085102,-0.011702127659574346,-0.08723404255319145,-0.11499999999999999,-0.12223404255319148,-0.12712765957446803,-0.04893617021276586,-0.1436170212765956,-0.04893617021276586,time,0.94,BULL,,,,
GLO,2021-04-09,C,TEST,GLO|1d|inverse|2021-02-23|2021-03-05,True,True,True,12.88,12.835454545454546,13.91909090909091,11.73,12.0,0.08067476002258611,horizontal,failed_breakout,STOP,STOP,,23.0,50.0,BREAKOUT→FAILURE,0.017857142857142794,-0.07298136645962738,0.02251552795031042,-0.10170807453416153,0.010093167701863193,0.006987577639751441,0.0031055900621117516,0.004658385093167627,-0.0023291925465839247,-0.0031055900621118626,-0.024844720496894457,-0.0473602484472051,0.0038819875776396895,-0.06909937888198758,stop,12.88,BULL,,,,
GLO,2022-06-07,C,SEEN,GLO|1d|inverse|2022-05-12|2022-05-24,True,True,True,8.11,8.0,8.77,7.41,7.8,0.0813810110974107,descending,failed_retest,STOP,STOP,,4.0,5.0,BREAKOUT→FAILURE,0.011097410604192337,-0.16274969173859433,0.011097410604192337,-0.3445129469790382,0.0012330456226881115,-0.012330456226880337,-0.019728729963008562,-0.0875462392108507,-0.1479654747225646,-0.0752281134401972,-0.09247842170160281,-0.1467324290998766,-0.33045622688039455,-0.07151664611590625,stop,8.11,BEAR,,,,
GLO,2022-11-10,C,SEEN,GLO|1d|inverse|2022-09-27|2022-10-13,True,True,True,6.065,5.9265,6.547000000000001,5.316,5.51,0.07947238252267108,horizontal,failed_retest,STOP,STOP,,26.0,28.0,BREAKOUT→FAILURE,0.05193734542456707,-0.1607584501236604,0.05193734542456707,-0.2497938994229184,0.01731244847485569,0.00906842539159114,0.03874690849134366,-0.014014839241549892,-0.05688375927452605,-0.07666941467436117,-0.1442704039571311,-0.17559769167353678,-0.22835943940643044,-0.10799670239076675,stop,6.065,BEAR,,,,
GLO,2023-02-02,C,SEEN,GLO|1d|inverse|2022-12-28|2023-01-11,True,True,True,5.13,5.059999999999998,5.459999999999998,4.81,4.8806,0.06432748538011657,descending,failed_retest,STOP,STOP,,13.0,25.0,BREAKOUT→FAILURE,-0.005847953216374324,-0.11111111111111116,-0.005847953216374324,-0.1150097465886939,-0.01754385964912275,-0.031189083820662766,-0.023391812865497075,-0.03411306042884987,-0.033138401559454134,-0.03898635477582846,-0.10526315789473684,-0.060428849902534054,-0.03508771929824561,-0.05263157894736836,stop,5.13,BULL,,,,
GLQ,2025-01-15,C,SEEN,GLQ|1d|inverse|2024-11-18|2024-12-20,True,True,True,6.83,6.796666666666667,7.181666666666667,6.52,6.675,0.051488530990727144,descending,none,STOP,STOP,,29.0,32.0,BREAKOUT→FAILURE,0.029282576866764387,-0.03221083455344065,0.029282576866764387,-0.2196046852122987,0.01024890190336758,0.010131771595900396,0.013177159590043841,0.02708638360175697,0.01171303074670571,0.01024890190336758,-0.025622254758418728,-0.12152269399707172,-0.013177159590043952,-0.029282576866764276,stop,6.83,BULL,,,,
GLU,2018-04-26,C,VAL,GLU|1d|inverse|2018-02-23|2018-03-22,True,True,True,19.0,18.716291666666667,20.051583333333333,18.0,18.47,0.055346491228070116,descending,touch_no_follow,NEITHER,STOP,,15.0,,BREAKOUT→NEITHER,0.009947368421052705,-0.042631578947368354,0.026315789473684292,-0.05157894736842106,-0.0015789473684211242,-0.00473684210526315,-0.00736842105263158,-0.010526315789473606,-0.004142105263157947,-0.017894736842105297,-0.041657894736842116,-0.021052631578947323,0.015789473684210575,-0.029473684210526208,stop,19.0,BULL,,,,
GLU,2019-03-21,C,TEST,GLU|1d|inverse|2019-02-08|2019-03-05,True,True,True,18.8,18.64,19.7224,17.6776,17.95,0.049063829787234114,horizontal,stalled,STOP,STOP,,36.0,47.0,BREAKOUT→FAILURE,0.006914893617021134,-0.04946808510638301,0.010638297872340496,-0.07499999999999996,-0.01010638297872346,-0.011702127659574568,-0.01010638297872346,-0.007978723404255428,-0.013297872340425565,-0.024468085106382986,-0.017553191489361852,-0.02872340425531905,-0.022425531914893715,-0.04787234042553201,stop,18.8,BEAR,,,,
GLU,2022-11-10,C,SEEN,GLU|1d|inverse|2022-09-29|2022-10-20,True,True,True,14.63,14.153314285714286,15.720242857142857,13.1401,13.6503,0.07452104286690742,descending,success,NEITHER,NEITHER,,,,BREAKOUT→NEITHER,0.06018455228981545,-0.05399863294600138,0.06018455228981545,-0.06902939166097055,0.011619958988380086,-0.008202323991797766,-0.0006835269993166193,-0.015721120984278913,0.030758714969241208,-0.00871496924128512,-0.03242652084757358,0.00956937799043045,-0.05604921394395079,0.00956937799043045,time,14.63,BEAR,,,,
GLU,2025-02-20,C,SEEN,GLU|1d|inverse|2024-12-27|2025-01-13,True,True,True,16.28,15.994699999999998,17.134273333333333,14.5069,15.27,0.05247379197379187,ascending,failed_retest,NEITHER,STOP,,32.0,,BREAKOUT→FAILURE,0.010442260442260265,-0.0666891891891892,0.07071867321867309,-0.13603194103194105,-0.014127764127764175,-0.02211302211302224,-0.01904176904176902,-0.026412776412776506,-0.03504914004914006,-0.011019656019656043,-0.009213759213759332,0.02764127764127755,0.07071867321867309,-0.10503685503685511,stop,16.28,BULL,,,,
GNS,2025-04-21,C,SEEN,GNS|1d|inverse|2025-03-21|2025-04-01,True,True,True,0.2709,0.262125,0.374375,0.21,0.236,0.3819675156884461,descending,none,CLEAN,CLEAN,3.0,,,BREAKOUT→TARGET,0.6670358065706905,-0.040236249538574964,6.087855297157623,-0.040236249538574964,0.025839793281653867,0.1997046880767812,0.34809892949427845,0.46179401993355507,0.2421557770394982,0.40273163528977496,0.21816168327796248,4.574012550756738,2.4784053156146184,0.3819675156884461,target,0.2709,BEAR,,,,
GPUS,2020-01-02,C,TEST,GPUS|1d|inverse|2019-11-01|2019-11-21,True,True,True,2140160.9375,1704867.3317307692,2529858.503605769,579723.515625,847288.203125,0.18208797258069254,ascending,failed_breakout,STOP,STOP,,48.0,52.0,BREAKOUT→FAILURE,-0.04150695442734664,-0.4582430643723493,-0.024837501268523132,-0.7791298551583811,-0.36656107199882015,-0.34989169184852487,-0.2082014130070533,-0.36656107199882015,-0.3915652882413194,-0.35822641842793657,-0.34155696526911306,-0.7074095807631289,-0.5207534772136733,-0.6416069396066155,stop,2.2007083324952386,BULL,,,,
GPUS,2020-10-07,C,TEST,GPUS|1d|inverse|2020-07-29|2020-09-03,True,True,True,2274300.0,2242614.6299342103,3388918.174342105,1382417.65625,1676738.75,0.49009285245662637,descending,failed_breakout,DIRTY,DIRTY,33.0,15.0,17.0,BREAKOUT→STOP→TARGET,0.1882352537044365,-0.4352941014817746,3.2901961592577935,-0.4352941014817746,0.007843141296222989,-0.07843134425977227,-0.1137255144440047,-0.12941179703645078,-0.22745096018555155,-0.39215685870377703,-0.33333333333333337,0.6431373114804555,2.074509739260432,-0.32549019203711027,stop,2.3386423296000007,BULL,,,,
GRF,2024-02-22,C,SEEN,GRF|1d|inverse|2024-01-09|2024-01-24,True,True,True,9.25,9.146666666666667,9.897142857142857,8.72,8.92,0.06996138996139001,descending,none,CLEAN,CLEAN,45.0,,,BREAKOUT→SIDEWAYS→TARGET,0.05081081081081096,-0.005978378378378446,0.07351351351351343,-0.037837837837837784,0.0033405405405406707,0.030270270270270183,0.03135135135135125,0.03170810810810809,0.00324324324324321,0.0,0.005405405405405572,0.020540540540540553,0.00108108108108107,0.07351351351351343,target,9.25,BULL,,,,
GRO,2026-07-22,C,SEEN,GRO|1d|inverse|2026-06-10|2026-06-24,True,True,True,2.33,2.2325000000000004,2.6475000000000004,1.96,2.09,0.1362660944206009,descending,failed_retest,,,,,,,0.1759656652360515,-0.14592274678111594,,,-0.05579399141630892,-0.07725321888412029,-0.12017167381974259,-0.10729613733905574,-0.07296137339055786,-0.030042918454935785,0.08154506437768227,,,,,2.33,BULL,,,,
GROY,2024-08-19,C,SEEN,GROY|1d|inverse|2024-07-25|2024-08-05,True,True,True,1.39,1.3394444444444444,1.587777777777778,1.18,1.25,0.14228617106314978,descending,touch_no_follow,NEITHER,STOP,,13.0,,BREAKOUT→NEITHER,0.043165467625899234,-0.15827338129496404,0.12230215827338142,-0.16546762589928055,-0.007194244604316502,-0.007194244604316502,-0.014388489208632893,-0.014388489208632893,-0.08633093525179847,-0.050359712230215736,-0.021582733812949506,-0.04316546762589912,-0.1223021582733812,-0.1294964028776978,stop,1.39,BULL,,,,
GTE,2017-05-19,C,TRAIN,GTE|1d|inverse|2017-04-21|2017-05-04,True,True,True,25.7,25.56,28.739999999999995,22.6,24.2,0.11828793774319046,horizontal,failed_breakout,STOP,STOP,,4.0,13.0,BREAKOUT→FAILURE,0.06614785992217898,-0.22568093385214016,0.06614785992217898,-0.2490272373540856,-0.027237354085603127,-0.015564202334630295,-0.027237354085603127,-0.04280155642023342,-0.10116731517509725,-0.14396887159533067,-0.0933852140077821,-0.16731517509727634,-0.10505836575875482,-0.07392996108949412,stop,2.5700000000000003,BULL,,,,
GTE,2017-09-13,C,TRAIN,GTE|1d|inverse|2017-08-15|2017-08-28,True,True,True,22.0,21.215384615384615,23.638461538461538,19.3,20.2,0.07447552447552441,descending,success,CLEAN,CLEAN,8.0,,,BREAKOUT→RETEST→TARGET,0.09545454545454546,-0.0818181818181819,0.36363636363636354,-0.09999999999999998,0.013636363636363669,0.009090909090909038,-0.031818181818181746,0.018181818181818077,0.045454545454545414,-0.031818181818181746,-0.0818181818181819,-0.022727272727272707,0.2727272727272727,0.07447552447552441,target,2.2,BULL,,,,
HLSQ,2020-08-10,C,TEST,HLSQ|1d|inverse|2020-05-19|2020-06-09,True,True,False,15200.0,12192.57142857143,17067.428571428572,8835.0,9690.0,0.122857142857143,descending,failed_retest,NEITHER,NEITHER,,,,BREAKOUT→FAILURE,0.08125000000000004,-0.34875,0.08125000000000004,-0.34875,0.08125000000000004,-0.0024999999999999467,-0.16625,-0.25,-0.255,-0.345,-0.25,-0.25,-0.235,-0.25,time,,SIDE,,,,
HLSQ,2020-09-29,C,TEST,HLSQ|1d|inverse|2020-08-20|2020-09-08,True,True,False,12084.0,11660.57142857143,13381.428571428572,9899.0,10830.0,0.10736747529200374,horizontal,touch_no_follow,NEITHER,STOP,,34.0,,BREAKOUT→NEITHER,0.022012578616352307,-0.1352201257861635,0.21069182389937113,-0.17452830188679247,-0.0031446540880503138,0.012578616352201255,-0.00018867924528309654,-0.02515723270440251,-0.011006289308176154,-0.05974842767295596,-0.05188679245283023,-0.07547169811320753,0.07232704402515733,-0.11949685534591192,stop,,BULL,,,,
HLSQ,2025-10-06,C,SEEN,HLSQ|1d|inverse|2025-08-19|2025-09-10,True,True,False,104.31,102.65225000000001,123.08200000000001,85.728,90.06,0.17996357012750464,descending,success,STOP,STOP,,21.0,21.0,BREAKOUT→FAILURE,0.17850637522768675,-0.4377049180327869,0.17850637522768675,-0.8561595244942959,0.03642987249544616,0.0564663023679417,0.12877959927140248,0.10200364298724951,0.08160291438979961,-0.1105646630236794,-0.42367941712204005,-0.8207266800881987,-0.4123286357971432,-0.26047358834244083,stop,,BULL,,,,
HSLV,2025-12-22,C,SEEN,HSLV|1d|inverse|2025-09-25|2025-11-05,True,True,True,3.7,3.65,5.4399999999999995,1.86,2.7,0.47027027027027013,horizontal,touch_no_follow,CLEAN,CLEAN,19.0,,,BREAKOUT→RETEST→TARGET,0.7567567567567566,0.002702702702702675,1.310810810810811,0.002702702702702675,0.054054054054053946,0.06486486486486487,0.15945945945945939,0.04594594594594592,0.10810810810810789,0.3918918918918919,0.354054054054054,0.327027027027027,0.49189189189189175,0.47027027027027013,target,3.7,BULL,,,,
HSLV,2026-08-04,C,SEEN,HSLV|1d|inverse|2026-06-24|2026-07-17,True,True,True,4.59,4.549999999999999,5.619999999999998,3.88,4.065,0.22440087145969456,descending,none,,,,,,,0.32897603485838767,0.03267973856209161,,,0.05882352941176472,0.065359477124183,0.1328976034858389,0.1633986928104576,0.11111111111111116,0.1328976034858389,0.11764705882352944,,,,,4.59,BULL,,,,
HYLN,2020-12-23,C,TEST,HYLN|1d|inverse|2020-12-02|2020-12-15,True,True,True,18.3,17.90717142857143,21.751085714285715,15.35,16.7188,0.18858391881342706,descending,failed_breakout,DIRTY,DIRTY,33.0,2.0,6.0,BREAKOUT→STOP→TARGET,0.0814207650273222,-0.16885245901639345,0.21584699453551903,-0.5654098360655737,-0.06557377049180324,-0.10382513661202197,-0.12240437158469952,-0.09945355191256833,-0.05628415300546452,-0.05846994535519123,-0.11639344262295082,-0.31693989071038253,-0.5114754098360657,-0.10382513661202197,stop,18.3,BULL,,,,
HYLN,2022-05-26,C,SEEN,HYLN|1d|inverse|2022-05-02|2022-05-12,True,True,True,3.34,3.305454545454545,4.029999999999999,2.69,2.915,0.20658682634730519,descending,none,CLEAN,CLEAN,19.0,,,BREAKOUT→SIDEWAYS→TARGET,0.22455089820359286,-0.08532934131736514,0.408682634730539,-0.16167664670658688,0.07185628742514982,0.08682634730538918,0.04491017964071875,0.11676646706586835,0.05688622754491024,0.08982035928143728,0.04790419161676662,0.11976047904191622,-0.14371257485029942,0.20658682634730519,target,3.34,BEAR,,,,
HYLN,2024-07-10,C,SEEN,HYLN|1d|inverse|2024-05-08|2024-06-11,True,True,True,1.75,1.7003846153846154,2.0488461538461538,1.33,1.48,0.17076923076923078,horizontal,none,CLEAN,CLEAN,2.0,,,BREAKOUT→TARGET,0.48857142857142866,-0.12,0.7,-0.12,0.10857142857142854,0.15428571428571436,0.3542857142857143,0.42285714285714304,0.25142857142857133,-0.07428571428571418,0.15428571428571436,0.4114285714285715,0.4914285714285713,0.17076923076923078,target,1.75,BULL,,,,
HYLN,2025-05-08,C,SEEN,HYLN|1d|inverse|2025-03-10|2025-04-04,True,True,True,1.67,1.6148275862068964,2.1032758620689656,1.17,1.45,0.2594466239933926,descending,failed_retest,STOP,STOP,,6.0,10.0,BREAKOUT→FAILURE,0.14371257485029942,-0.33532934131736514,0.14371257485029942,-0.33532934131736514,-0.02395209580838331,0.07185628742514982,0.14371257485029942,-0.13173652694610782,-0.3173652694610779,-0.059880239520958,-0.15568862275449102,-0.08383233532934131,0.05988023952095811,-0.17365269461077848,stop,1.67,BEAR,,,,
IAF,2017-06-08,C,TRAIN,IAF|1d|inverse|2017-05-09|2017-05-17,True,True,True,18.57,18.449785714285717,19.444928571428576,17.4,18.03,0.04711516270482363,horizontal,failed_retest,NEITHER,STOP,,9.0,,BREAKOUT→FAILURE,0.035508885298868975,-0.04523424878836835,0.042003231017770704,-0.04684975767366728,-0.008077544426494221,-0.009693053311793154,0.01453957996768973,0.004846526655896577,-0.01938610662358642,-0.01938610662358642,0.017770597738287375,0.01453957996768973,0.011308562197092087,-0.043618739903069415,stop,6.1899999999999995,BULL,,,,
IAF,2018-06-06,C,VAL,IAF|1d|inverse|2018-04-02|2018-04-20,True,True,True,18.63,18.58,19.529999999999998,17.55,17.88,0.048309178743961345,horizontal,failed_breakout,NEITHER,NEITHER,,,,BREAKOUT→FAILURE,0.019323671497584405,-0.033816425120772875,0.019323671497584405,-0.15458937198067624,-0.011272141706924144,-0.0016103059581319412,0.004830917874396157,0.0,-0.016103059581320522,-0.009661835748792202,-0.027375201288244666,-0.038325281803542555,-0.14492753623188404,-0.038325281803542555,time,6.209999999999999,BULL,,,,
IAF,2019-11-07,C,TEST,IAF|1d|inverse|2019-09-25|2019-10-07,True,True,True,15.75,15.707368421052632,16.523684210526316,15.0,15.39,0.04912280701754379,descending,success,CLEAN,CLEAN,26.0,,,BREAKOUT→RETEST→TARGET,0.06095238095238109,-0.011428571428571455,0.07047619047619036,-0.42182857142857144,-0.005714285714285672,0.0,-0.0019047619047618536,-0.003809523809523818,0.00952380952380949,0.030476190476190546,0.05714285714285716,0.059047619047619015,-0.37142857142857144,0.04912280701754379,target,5.25,SIDE,,,,
IAF,2020-10-22,C,TEST,IAF|1d|inverse|2020-09-11|2020-09-21,True,True,True,14.16,14.126633333333334,15.052783333333334,13.23,13.68,0.06304967043314513,horizontal,failed_breakout,CLEAN,DIRTY,16.0,4.0,,BREAKOUT→STOP→TARGET,0.10802966101694911,-0.060381355932203395,0.21822033898305082,-0.060381355932203395,0.0021186440677964935,-0.010593220338983023,-0.01906779661016944,-0.04449152542372892,0.0,0.0847457627118644,0.08898305084745761,0.15254237288135597,0.19279661016949157,-0.04661016949152541,stop,4.72,BULL,,,,
IAUX,2022-07-28,C,SEEN,IAUX|1d|inverse|2022-07-06|2022-07-15,True,True,True,1.89,1.8371428571428572,2.1157142857142857,1.52,1.6199,0.11942554799697658,ascending,success,CLEAN,CLEAN,9.0,41.0,,BREAKOUT→RETEST→TARGET,0.21693121693121697,-0.11111111111111105,0.5873015873015874,-0.19047619047619047,0.005291005291005346,0.02645502645502651,-0.01058201058201047,0.031746031746031855,0.10582010582010581,0.05291005291005302,-0.03174603174603163,0.015873015873015817,0.4285714285714288,0.11942554799697658,target,1.89,BEAR,,,,
IAUX,2023-12-14,C,SEEN,IAUX|1d|inverse|2023-10-04|2023-11-08,True,True,True,1.73,1.6683870967741934,2.1190322580645162,1.25,1.41,0.2248741376095469,horizontal,success,STOP,STOP,,37.0,40.0,BREAKOUT→FAILURE,0.08670520231213863,-0.18497109826589597,0.08670520231213863,-0.33526011560693647,-0.005780346820809301,-0.028901734104046284,0.023121387283236983,0.023121387283236983,0.01734104046242768,-0.161849710982659,0.01734104046242768,-0.06936416184971095,-0.2658959537572254,-0.20231213872832376,stop,1.73,SIDE,,,,
IAUX,2025-01-14,C,SEEN,IAUX|1d|inverse|2024-12-04|2024-12-31,True,True,True,0.6069,0.5975280588235293,0.7364507058823528,0.4803,0.5253,0.21346301842536297,descending,failed_breakout,CLEAN,CLEAN,23.0,56.0,,BREAKOUT→STOP→TARGET,0.4000659087164278,-0.15818091942659418,0.4000659087164278,-0.20547042346350297,0.0016477179106937356,0.005767012687428075,-0.057505355083209864,-0.10463008732904922,-0.09375514911847083,0.057011039710001654,0.23578843302026686,-0.09869830285055192,-0.1463173504695996,0.21346301842536297,target,0.6069,BULL,,,,
IBO,2025-01-29,C,SEEN,IBO|1d|inverse|2024-12-09|2024-12-20,True,True,True,24.9876,23.8281375,38.506775,14.6392,18.299,0.5410353535353534,descending,failed_breakout,DIRTY,DIRTY,36.0,22.0,26.0,BREAKOUT→STOP→TARGET,0.20707070707070696,-0.7373737373737373,2.116161616161616,-0.8131313131313131,-0.06358585858585863,-0.11621212121212121,-0.2272727272727274,-0.02777777777777768,0.13131313131313127,-0.22222222222222232,-0.6615151515151515,-0.7816161616161617,-0.7575757575757576,-0.2727272727272728,stop,1.9740204000000001,BULL,,,,
IBO,2025-09-12,C,SEEN,IBO|1d|inverse|2025-07-11|2025-08-12,True,True,True,8.955152,8.648252296296297,11.325188,6.66336,7.1303,0.26465614430665174,descending,failed_breakout,STOP,STOP,,34.0,34.0,BREAKOUT→FAILURE,0.0005636978579481866,-0.19109357384441938,0.0005636978579481866,-0.4151634723788049,-0.04171364148816237,-0.03917700112739564,-0.11006200676437428,-0.04467305524239018,-0.07299887260428406,-0.13204622322435178,-0.1716459977452086,-0.29157271702367527,-0.3250422773393461,-0.2587373167981962,stop,0.707457008,BULL,,,,
IDR,2019-07-11,C,TEST,IDR|1d|inverse|2019-04-22|2019-06-04,True,True,True,2.73,2.1798482758620694,2.9158137931034487,1.547,1.848,0.06806366047745382,descending,failed_breakout,NEITHER,NEITHER,,,,BREAKOUT→FAILURE,-0.07692307692307687,-0.36102564102564105,-0.07692307692307687,-0.36102564102564105,-0.23076923076923073,-0.23128205128205137,-0.2564102564102565,-0.15897435897435908,-0.1282051282051282,-0.12935897435897425,-0.2815384615384615,-0.2564102564102565,-0.3174358974358974,-0.2564102564102565,time,0.19499999999999998,BULL,,,,
IDR,2021-01-05,C,TEST,IDR|1d|inverse|2020-11-17|2020-11-27,True,True,True,3.906,3.78,5.109999999999999,2.8,3.22,0.3082437275985661,descending,failed_breakout,CLEAN,CLEAN,39.0,,,BREAKOUT→STOP→TARGET,0.11111111111111094,-0.19318996415770606,1.150537634408602,-0.19318996415770606,-0.05017921146953408,-0.032258064516129115,-0.017562724014336895,-0.06093189964157708,-0.10394265232974909,-0.10394265232974909,-0.06415770609318994,-0.03082437275985661,0.07526881720430101,0.3082437275985661,target,0.27899999999999997,BULL,,,,
IDR,2021-10-18,C,,IDR|1d|inverse|2021-09-13|2021-10-01,True,True,True,4.9,4.760000000000001,5.960000000000001,3.78,4.2224,0.21632653061224505,descending,failed_breakout,CLEAN,CLEAN,3.0,,,BREAKOUT→STOP→TARGET,0.5714285714285714,-0.10428571428571431,0.8979591836734695,-0.10428571428571431,-0.09714285714285709,-0.05714285714285716,0.2571428571428571,0.15857142857142836,0.4702857142857142,0.2571428571428571,0.2857142857142856,0.6530612244897958,0.7571428571428569,0.21632653061224505,target,0.35000000000000003,BULL,,,,
IE,2024-09-24,C,SEEN,IE|1d|inverse|2024-08-07|2024-09-06,True,True,True,8.41,8.165714285714285,9.77,6.31,7.15,0.16171224732461353,ascending,failed_breakout,CLEAN,CLEAN,16.0,60.0,,BREAKOUT→STOP→TARGET,0.3483947681331747,-0.058263971462544584,0.38168846611177165,-0.3151010701545779,-0.05588585017835912,0.04875148632580273,0.03567181926278251,0.00832342449464929,0.06302021403091551,0.26040428061831156,0.29013079667063013,-0.15933412604042807,-0.27467300832342456,0.16171224732461353,target,8.41,BULL,,,,
IE,2026-09-28,C,SEEN,IE|1d|inverse|2026-09-04|2026-09-16,True,True,True,10.64,10.538333333333334,12.86,8.71,9.765,0.2086466165413532,descending,failed_breakout,,,,,,,,,,,0.0,-0.06766917293233088,-0.06015037593984962,,,,,,,,,10.64,BULL,,,,
IGC,2016-05-23,C,,IGC|1d|inverse|2016-04-11|2016-04-29,True,True,True,0.49,0.43971764705882355,0.5796235294117648,0.3,0.3356,0.1829051620648261,horizontal,failed_breakout,CLEAN,CLEAN,32.0,,,BREAKOUT→STOP→TARGET,0.12244897959183687,-0.24489795918367352,0.24530612244897965,-0.29387755102040825,-0.23469387755102045,-0.04081632653061229,-0.07122448979591833,-0.020408163265306145,-0.020408163265306145,0.020408163265306145,0.12244897959183687,-0.1161224489795919,-0.08163265306122447,0.1829051620648261,target,0.49,BEAR,,,,
IGC,2017-06-01,C,TRAIN,IGC|1d|inverse|2017-04-20|2017-05-10,True,True,True,0.43,0.425675,0.573475,0.33,0.3913,0.33366279069767435,descending,touch_no_follow,CLEAN,CLEAN,18.0,28.0,60.0,BREAKOUT→RETEST→TARGET,0.3674418604651162,-0.16279069767441867,0.3674418604651162,-0.3023255813953488,0.0255813953488373,0.04651162790697683,0.0,-0.035348837209302264,0.020930232558139528,0.0,-0.13139534883720927,-0.2334883720930232,-0.07000000000000006,0.34883720930232553,target,0.43,BULL,,,,
IGC,2021-06-07,C,,IGC|1d|inverse|2021-04-20|2021-05-13,True,True,True,1.69,1.5337500000000002,1.9575000000000002,1.2,1.28,0.15828402366863914,descending,touch_no_follow,CLEAN,CLEAN,18.0,,,BREAKOUT→RETEST→TARGET,0.2248520710059172,-0.19520710059171587,1.751479289940829,-0.19520710059171587,-0.029585798816568087,-0.07100591715976323,-0.11834319526627213,-0.047337278106508784,-0.11834319526627213,-0.053254437869822424,-0.1597633136094675,-0.03550295857988173,-0.15384615384615385,0.15828402366863914,target,1.69,BULL,,,,
IHT,2023-10-19,C,SEEN,IHT|1d|inverse|2023-08-28|2023-09-18,True,True,True,1.2921,1.242,1.9029,0.9491,1.16,0.472718829811934,descending,touch_no_follow,CLEAN,CLEAN,50.0,,,BREAKOUT→RETEST→TARGET,0.08350746846219326,-0.14093336429068948,0.48595309960529365,-0.14093336429068948,0.029332095039083628,-0.009364600263137568,-0.017103939323581785,-0.04550731367541205,-0.048061295565358764,-0.04032195650491455,0.0653200216701495,0.029332095039083628,0.19959755436885684,0.4782137605448493,target,1.2921,BEAR,,,,
IHT,2023-12-18,C,SEEN,IHT|1d|inverse|2023-10-09|2023-11-01,True,True,True,1.42,1.4077272727272727,1.6909090909090907,1.11,1.23,0.19078104993597944,horizontal,failed_retest,CLEAN,CLEAN,8.0,,,BREAKOUT→STOP→TARGET,0.352112676056338,-0.14084507042253513,0.352112676056338,-0.14084507042253513,-0.007042253521126751,-0.11267605633802813,-0.05633802816901401,0.09859154929577474,0.15492957746478875,-0.09859154929577463,0.007042253521126751,0.0,-0.06338028169014076,0.19078104993597944,target,1.42,SIDE,,,,
IHT,2024-08-14,C,SEEN,IHT|1d|inverse|2024-07-09|2024-07-22,True,True,True,1.58,1.5600999999999998,1.9600499999999996,1.34,1.512,0.2405379746835441,descending,none,CLEAN,CLEAN,10.0,,,BREAKOUT→TARGET,0.42405063291139244,-0.025316455696202556,0.49158227848101266,-0.025316455696202556,-0.006329113924050667,-0.012658227848101222,-0.006202531645569609,0.05063291139240489,0.3227215189873418,0.3227848101265822,0.14556962025316444,0.23139240506329117,0.46120253164556946,0.2405379746835441,target,1.58,BULL,,,,
IMO,2020-08-12,C,TEST,IMO|1d|inverse|2020-06-15|2020-07-09,True,True,True,17.27,17.176666666666666,20.21333333333333,14.73,15.46,0.1704304188380621,descending,failed_breakout,STOP,STOP,,18.0,20.0,BREAKOUT→FAILURE,0.008685581933989717,-0.2854661262304574,0.18413433700057902,-0.35379270411117547,-0.01042269832078746,-0.013317892298783995,-0.00810654313839032,-0.03358425014475963,-0.026635784597568102,-0.1586566299942096,-0.2675159235668789,-0.17486971627099013,0.10943833236826861,-0.14012738853503182,stop,17.27,SIDE,,,,
IMO,2022-08-22,C,SEEN,IMO|1d|inverse|2022-06-23|2022-07-14,True,True,True,47.92,47.42047619047619,57.269523809523804,39.95,41.37,0.1951069242388106,descending,touch_no_follow,CLEAN,DIRTY,53.0,24.0,,BREAKOUT→RETEST→TARGET,0.0966193656093488,-0.16110183639399,0.23090567612687818,-0.16110183639399,0.045909849749582454,0.05237896494156913,0.06969949916527529,0.08681135225375614,0.0039649415692821766,-0.034432387312186896,0.0018781302170283176,0.1936560934891487,0.012520868113522488,-0.15734557595993315,stop,47.92,BEAR,,,,
IMO,2026-07-23,C,SEEN,IMO|1d|inverse|2026-05-29|2026-06-18,True,True,True,128.83,125.4637037037037,142.81916666666666,109.6075,118.77,0.10858625061450478,descending,success,,,,,,,0.07451680509198155,-0.0502212217651169,,,-0.002716758518978679,-0.023596988279127595,-0.024062718310952524,-0.00023286501591246456,-0.019715904680586815,0.06233020259256383,0.024140339982923198,,,,,128.83,BULL,,,,
INFU,2016-07-22,C,TRAIN,INFU|1d|inverse|2016-06-13|2016-07-05,True,True,True,3.0,2.962941176470588,3.6394117647058826,2.34,2.7601,0.21313725490196078,descending,failed_retest,NEITHER,STOP,,16.0,,BREAKOUT→FAILURE,0.15999999999999992,-0.12263333333333337,0.15999999999999992,-0.48329999999999995,0.040000000000000036,0.050000000000000044,0.11333333333333329,-0.016666666666666607,-0.033333333333333326,-0.07666666666666666,-0.06333333333333335,-0.15000000000000002,-0.41666666666666663,-0.08333333333333337,stop,3.0,BULL,,,,
INFU,2017-04-06,C,TRAIN,INFU|1d|inverse|2017-02-28|2017-03-22,True,True,True,2.3,2.2823529411764705,2.5481588235294113,2.0489,2.1489,0.10789514066496153,descending,failed_breakout,STOP,STOP,,5.0,17.0,BREAKOUT→FAILURE,0.0,-0.4782608695652174,0.0,-0.4782608695652174,-0.04347826086956508,-0.021739130434782483,-0.06521739130434778,-0.08695652173913038,-0.06521739130434778,-0.13043478260869557,-0.4347826086956521,-0.23913043478260865,-0.15217391304347816,-0.08695652173913038,stop,2.3,BULL,,,,
INFU,2018-08-30,C,VAL,INFU|1d|inverse|2018-07-25|2018-08-14,True,True,True,3.25,3.21875,3.6626000000000003,2.8499,3.0,0.1269538461538462,descending,touch_no_follow,NEITHER,NEITHER,,,,BREAKOUT→NEITHER,0.04615384615384621,-0.06153846153846154,0.12307692307692308,-0.0953846153846154,0.030769230769230882,0.0,0.0,0.007692307692307665,0.01538461538461533,0.0,-0.01846153846153853,0.055384615384615365,0.0738461538461539,0.055384615384615365,time,3.25,BULL,,,,
INFU,2022-10-18,C,SEEN,INFU|1d|inverse|2022-09-27|2022-10-03,True,True,True,7.68,7.491428571428571,8.945714285714285,6.1,7.0,0.16480654761904745,horizontal,success,CLEAN,CLEAN,15.0,,,BREAKOUT→RETEST→TARGET,0.23046875,-0.08333333333333326,0.41666666666666674,-0.08333333333333326,0.01692708333333326,0.01953125,0.02473958333333348,0.0234375,0.03515625,0.10677083333333348,0.1171875,0.26171875,0.22265625000000022,0.23046875,target,7.68,BEAR,,,,
INFU,2023-05-11,C,SEEN,INFU|1d|inverse|2023-04-25|2023-05-04,True,True,True,8.97,8.78,9.799999999999999,8.16,8.66,0.09253065774804892,descending,none,CLEAN,CLEAN,25.0,,,BREAKOUT→SIDEWAYS→TARGET,0.1917502787068004,-0.06778149386845045,0.27577480490523953,-0.06778149386845045,0.013377926421404673,0.02006688963210701,0.01783723522853964,0.014492753623188248,-0.0078037904124861335,-0.021181716833890918,0.05908584169453723,0.23968784838350032,0.09364548494983271,0.09253065774804892,target,8.97,BEAR,,,,
INFU,2024-06-27,C,SEEN,INFU|1d|inverse|2024-06-07|2024-06-17,True,True,True,6.85,6.811428571428571,7.602857142857142,6.25,6.64,0.10990615224191869,descending,failed_retest,STOP,STOP,,4.0,26.0,BREAKOUT→FAILURE,0.03649635036496357,-0.16277372262773715,0.10510948905109507,-0.16277372262773715,-0.0029197080291970545,-0.0029197080291970545,-0.026277372262773713,-0.07153284671532834,0.007299270072992803,0.007299270072992803,-0.12408759124087587,-0.1284671532846715,-0.06277372262773717,-0.040875912408758985,stop,6.85,BULL,,,,
INLX,2020-09-15,C,TEST,INLX|1d|inverse|2020-06-25|2020-08-03,True,True,True,4.25,4.142307692307693,6.0746153846153845,2.56,3.0,0.42932126696832573,descending,failed_breakout,NEITHER,NEITHER,,,,BREAKOUT→FAILURE,0.35058823529411764,-0.23529411764705888,1.1176470588235294,-0.23529411764705888,-0.05647058823529416,-0.05882352941176472,-0.11764705882352944,-0.22352941176470598,-0.17647058823529416,-0.09176470588235297,0.1858823529411764,0.0,0.3058823529411765,0.0,time,4.25,BULL,,,,
INLX,2022-12-02,C,SEEN,INLX|1d|inverse|2022-09-16|2022-10-12,True,True,True,4.7,4.5793333333333335,6.314,3.25,3.3835,0.343404255319149,descending,failed_breakout,NEITHER,NEITHER,,,,BREAKOUT→FAILURE,0.20638297872340416,-0.1680851063829787,0.20638297872340416,-0.18723404255319154,0.025531914893617058,-0.023404255319149025,0.03617021276595733,-0.014893617021276673,-0.1297872340425532,-0.11489361702127665,-0.06723404255319143,-0.10195744680851071,-0.1638297872340425,-0.10195744680851071,time,4.7,SIDE,,,,
INTT,2022-11-02,C,SEEN,INTT|1d|inverse|2022-09-02|2022-10-14,True,True,True,8.86,8.597272727272728,10.300909090909093,7.0,8.0,0.1626308229017035,descending,success,CLEAN,CLEAN,10.0,,,BREAKOUT→RETEST→TARGET,0.29232505643340856,-0.02483069977426622,0.9932279909706547,-0.02483069977426622,0.08352144469525968,0.04176072234762995,0.006772009029345494,0.0056433408577878375,0.15688487584650113,0.2720090293453725,0.1557562076749437,0.46726862302483085,0.7878103837471784,0.1626308229017035,target,8.86,BEAR,,,,
INTT,2025-09-17,C,SEEN,INTT|1d|inverse|2025-07-17|2025-08-21,True,True,True,7.63,7.461578260869566,8.496613043478263,6.6301,6.86,0.11357969115049316,descending,none,CLEAN,CLEAN,4.0,,,BREAKOUT→TARGET,0.17955439056356481,-0.04193971166448229,0.2503145478374835,-0.07339449541284404,0.03145478374836186,0.028833551769331445,0.04980340760157276,0.12057667103538683,0.0183486238532109,0.1389252948885975,0.1245085190039319,0.047182175622542566,0.20969855832241158,0.11357969115049316,target,7.63,BULL,,,,
INUV,2019-01-16,C,TEST,INUV|1d|inverse|2018-12-03|2018-12-26,True,True,True,12.9,12.143285714285714,14.935571428571428,9.95,10.9,0.15779623477297888,descending,touch_no_follow,NEITHER,NEITHER,,,,BREAKOUT→NEITHER,0.07751937984496116,-0.10612403100775192,0.3565891472868217,-0.6294573643410852,0.015503875968992276,-0.033643410852713274,-0.06201550387596899,-0.03100775193798455,-0.06976744186046513,0.007751937984496138,-0.007751937984496138,0.046511627906976605,-0.5705426356589147,0.046511627906976605,time,1.29,BEAR,,,,
INUV,2021-06-29,C,,INUV|1d|inverse|2021-04-16|2021-05-13,True,True,True,9.2,8.930645161290322,12.250322580645161,6.044,7.348,0.3315568022440394,descending,success,NEITHER,STOP,,34.0,,BREAKOUT→NEITHER,0.23913043478260887,-0.18163043478260865,0.23913043478260887,-0.326086956521739,0.04902173913043484,0.02195652173913043,0.04347826086956519,0.10869565217391308,-0.06956521739130417,-0.12380434782608685,-0.10717391304347812,-0.23967391304347818,-0.22499999999999998,-0.24510869565217386,stop,0.9199999999999999,BULL,,,,
INUV,2025-12-11,C,SEEN,INUV|1d|inverse|2025-10-30|2025-11-21,True,True,True,3.01,2.951481818181818,3.619690909090909,2.34,2.7,0.20255511929930536,descending,failed_breakout,CLEAN,DIRTY,21.0,3.0,32.0,BREAKOUT→STOP→TARGET,0.2624584717607974,-0.1960132890365448,0.2624584717607974,-0.46179401993355473,-0.017275747508305517,-0.08637873754152814,-0.1063122923588039,-0.12292358803986703,-0.13289036544850497,0.10631229235880402,0.10963455149501655,-0.07308970099667766,-0.3388704318936877,-0.1063122923588039,stop,3.01,BULL,,,,
IOR,2019-03-05,C,TEST,IOR|1d|inverse|2018-11-27|2018-12-27,True,True,True,11.1957,10.952307692307693,12.556846153846154,10.237,10.54,0.12157758370143479,descending,none,CLEAN,CLEAN,30.0,,,BREAKOUT→SIDEWAYS→TARGET,0.12298471734683836,-0.030877926346722484,0.3398001018248076,-0.030877926346722484,-0.01747992532847431,-0.026411926007306352,-0.002742124208401586,0.013782077047437724,-0.021543985637342944,0.03879167894816771,0.1173932849218895,0.2996060987700635,0.0718400814598461,0.12298471734683836,target,11.1957,BEAR,,,,
ISOU,2020-01-10,C,TEST,ISOU|1d|inverse|2019-10-31|2019-12-16,True,True,True,1.326,1.2698666666666667,1.5675666666666668,1.0444,1.16,0.18217697335344396,descending,failed_retest,CLEAN,DIRTY,21.0,11.0,34.0,BREAKOUT→STOP→TARGET,0.3662141779788839,-0.18612368024132742,0.5686274509803921,-0.5475113122171946,-0.004524886877828038,-0.03469079939668174,-0.022624434389140302,-0.055505279034690824,-0.057616892911010575,-0.03288084464555063,0.010558069381598756,0.10105580693815974,0.5686274509803921,-0.12850678733031684,stop,0.3315,BULL,,,,
ISOU,2022-08-24,C,SEEN,ISOU|1d|inverse|2022-06-23|2022-07-14,True,True,True,12.0,11.5,14.7796,7.6404,8.912,0.23163333333333336,horizontal,failed_breakout,CLEAN,CLEAN,10.0,,,BREAKOUT→STOP→TARGET,0.2433333333333334,-0.25,0.2433333333333334,-0.3433333333333334,-0.036666666666666625,-0.08333333333333337,0.08333333333333326,0.09996666666666676,0.18833333333333324,-0.13666666666666671,-0.0900333333333333,-0.15000000000000002,-0.31333333333333335,0.23163333333333336,target,3.0,BEAR,,,,
ISOU,2024-04-11,C,SEEN,ISOU|1d|inverse|2024-03-05|2024-03-19,True,True,True,12.52,12.449411764705882,14.647058823529413,10.44,11.12,0.16989287727870717,horizontal,failed_breakout,NEITHER,STOP,,7.0,,BREAKOUT→FAILURE,0.054313099041533475,-0.14376996805111808,0.054313099041533475,-0.4121405750798721,-0.01757188498402551,-0.053035143769967985,-0.09584664536741205,-0.0976677316293929,-0.11182108626198084,-0.06795527156549519,-0.0194888178913738,-0.12456869009584659,-0.3099041533546325,-0.1182108626198084,stop,3.13,BULL,,,,
ISOU,2026-01-02,C,SEEN,ISOU|1d|inverse|2025-10-21|2025-11-21,True,True,True,10.08,9.629130434782608,12.549565217391304,7.19,7.8,0.24499654934437554,descending,none,CLEAN,CLEAN,17.0,,,BREAKOUT→SIDEWAYS→TARGET,0.3472222222222223,-0.07440476190476186,0.3472222222222223,-0.09722222222222221,0.04265873015873023,0.07738095238095233,0.09325396825396814,0.08531746031746024,0.07738095238095233,0.13095238095238093,-0.012896825396825462,0.04563492063492047,0.21031746031746024,0.24499654934437554,target,10.08,BULL,,,,
ITP,2016-10-03,C,TRAIN,ITP|1d|inverse|2016-08-25|2016-09-14,True,True,True,10.6,10.56622222222222,11.649833333333332,9.7,10.261,0.09904088050314463,descending,stalled,CLEAN,CLEAN,31.0,,,BREAKOUT→SIDEWAYS→TARGET,0.08490566037735858,-0.037735849056603765,0.4528301886792454,-0.037735849056603765,0.0,-0.009433962264150941,0.009339622641509449,-0.01886792452830177,-0.028301886792452713,-0.009433962264150941,0.056509433962264266,0.08490566037735858,0.0660377358490567,0.09904088050314463,target,1.06,BULL,,,,
ITP,2018-10-11,C,VAL,ITP|1d|inverse|2018-09-14|2018-09-27,True,True,True,8.8,8.726500000000001,10.0,7.8,8.3,0.13636363636363624,descending,failed_breakout,CLEAN,DIRTY,17.0,4.0,25.0,BREAKOUT→STOP→TARGET,0.13636363636363624,-0.20454545454545459,0.13636363636363624,-0.3295454545454546,-0.01193181818181821,0.010568181818181754,-0.04625000000000001,-0.05147727272727287,-0.09079545454545468,-0.09090909090909094,-0.1705681818181819,-0.31818181818181823,-0.10681818181818181,-0.10306818181818189,stop,0.8800000000000001,SIDE,,,,
ITRG,2018-08-20,C,VAL,ITRG|1d|inverse|2018-06-25|2018-08-01,True,True,True,4.282062,4.206597222222222,4.766180555555556,3.689375,3.87875,0.1130573437646527,descending,failed_breakout,STOP,STOP,,48.0,57.0,BREAKOUT→FAILURE,0.05104153092598862,-0.06587060159334446,0.05104153092598862,-0.3540817484660428,-0.022083286043032446,-0.03857650823364989,-0.020623708858022227,-0.013909653806974176,-0.029965002842088695,0.001269948917133723,-0.05127482974324049,-0.12425368899376044,-0.06601655931184547,-0.10965791714365647,stop,4.282062,BULL,,,,
ITRG,2021-05-21,C,TEST,ITRG|1d|inverse|2021-03-08|2021-03-31,True,True,True,8.25,8.125,9.625,6.625,7.175,0.16666666666666674,horizontal,failed_retest,STOP,STOP,,26.0,39.0,BREAKOUT→FAILURE,0.05454545454545445,-0.16363636363636358,0.05454545454545445,-0.3363636363636364,0.036181818181818315,0.012121212121211977,-0.03336363636363637,-0.027272727272727226,0.003030303030303161,-0.12121212121212122,-0.1393939393939394,-0.20000000000000007,-0.31212121212121213,-0.14242424242424245,stop,8.25,BULL,,,,
ITRG,2021-11-17,C,,ITRG|1d|inverse|2021-09-21|2021-10-06,True,True,True,6.525,6.41551724137931,7.5568965517241375,5.3,5.80825,0.15814506539833517,horizontal,failed_breakout,STOP,STOP,,5.0,18.0,BREAKOUT→FAILURE,0.015325670498084198,-0.25287356321839083,0.015325670498084198,-0.47892720306513414,-0.04980842911877392,-0.05363984674329514,-0.08429118773946376,-0.11877394636015326,-0.1685823754789273,-0.206896551724138,-0.1762452107279694,-0.3601532567049809,-0.4444444444444444,-0.11877394636015326,stop,6.525,BULL,,,,
ITRG,2022-10-17,C,SEEN,ITRG|1d|inverse|2022-09-06|2022-09-27,True,True,True,1.408498,1.3934166666666665,1.7507499999999998,1.14925,1.306,0.24299076037026657,descending,success,CLEAN,CLEAN,32.0,,,BREAKOUT→RETEST→TARGET,0.2426357722907666,-0.05910409528448035,0.375401314023875,-0.059281589324230555,0.025205573596838615,0.02733550207384039,0.06869161333562412,0.0559120424736137,0.04721483452585673,0.20891190473823884,0.12903958685067352,0.19879474447248047,-0.04153218534921588,0.24299076037026657,target,1.408498,BEAR,,,,
ITRG,2023-08-30,C,SEEN,ITRG|1d|inverse|2023-07-27|2023-08-14,True,True,True,0.971,0.959025,1.16815,0.8,0.88,0.20303810504634412,descending,failed_breakout,STOP,STOP,,15.0,22.0,BREAKOUT→FAILURE,0.019567456230690006,-0.21730175077239955,0.16374871266735314,-0.2914521112255407,-0.06900102986611734,-0.09258496395468585,-0.07610710607621007,-0.09258496395468585,-0.08341915550978374,-0.14665293511843458,-0.21719876416065909,-0.2767260556127703,-0.03192584963954692,-0.11843460350154478,stop,0.971,BULL,,,,
JOB,2021-06-09,C,,JOB|1d|inverse|2021-04-19|2021-05-11,True,True,True,0.648,0.603695652173913,0.7814130434782609,0.4825,0.560301,0.20588432635534093,descending,failed_retest,STOP,STOP,,5.0,33.0,BREAKOUT→FAILURE,0.06419753086419755,-0.2515432098765432,0.06419753086419755,-0.3271604938271605,-0.04861111111111105,-0.05092592592592593,-0.0478395061728395,-0.13564814814814807,-0.09876543209876554,-0.20385802469135805,-0.20756172839506182,-0.1728395061728395,-0.2563271604938272,-0.13564814814814807,stop,0.648,BULL,,,,
JOB,2022-07-14,C,SEEN,JOB|1d|inverse|2022-06-16|2022-06-30,True,True,True,0.6079,0.5908888888888889,0.6647777777777778,0.503,0.535,0.0935643654840892,ascending,failed_breakout,CLEAN,DIRTY,29.0,14.0,,BREAKOUT→STOP→TARGET,0.20085540384931733,-0.15940121730547785,0.27669024510610307,-0.15940121730547785,-0.062016779075505735,-0.05708175686790584,-0.07040631682842569,-0.06234578055601259,-0.0755058397762789,-0.07896035532159906,0.17700444151998695,0.08241487086691901,0.19246586609639738,-0.13637111367001142,stop,0.6079,BEAR,,,,
JOB,2024-06-05,C,SEEN,JOB|1d|inverse|2024-02-23|2024-04-22,True,True,True,0.3673,0.36309574468085104,0.4486489361702128,0.297,0.33,0.22147818178658518,descending,failed_breakout,STOP,STOP,,6.0,7.0,BREAKOUT→FAILURE,0.005445140212360533,-0.3430438333787096,0.005445140212360533,-0.3664579362918595,-0.011707051456575024,-0.05172883201742451,-0.09610672474816229,-0.06833650966512395,-0.13068336509665135,-0.1614484072964879,-0.16172066430710597,-0.2866866321807786,-0.29022597331881306,-0.13476722025592158,stop,0.3673,BULL,,,,
JOB,2025-05-01,C,SEEN,JOB|1d|inverse|2025-04-04|2025-04-22,True,True,True,0.197,0.19563636363636364,0.2214545454545455,0.173,0.1828,0.12413474850023087,descending,failed_breakout,CLEAN,DIRTY,55.0,2.0,,BREAKOUT→STOP→TARGET,0.06548223350253801,-0.09644670050761428,0.20558375634517745,-0.09644670050761428,-0.03604060913705576,-0.08020304568527925,-0.09644670050761428,-0.09644670050761428,-0.015736040609137136,-0.020812182741116847,-0.08477157360406107,0.055837563451776484,-0.029441624365482255,-0.08020304568527925,stop,0.197,BEAR,,,,
KULR,2020-09-18,C,TEST,KULR|1d|inverse|2020-07-22|2020-08-10,True,True,True,11.76,10.020000000000001,17.114000000000004,5.936,7.6,0.45527210884353786,descending,none,NEITHER,NEITHER,,,,BREAKOUT→NEITHER,0.2789115646258502,-0.1768707482993197,0.6326530612244898,-0.3129251700680272,0.12244897959183665,0.2125850340136055,0.12244897959183665,0.10884353741496589,0.054421768707483054,-0.020408163265306145,-0.14965986394557818,-0.04761904761904767,-0.06462585034013602,-0.04761904761904767,time,1.47,BULL,,,,
KULR,2022-06-29,C,SEEN,KULR|1d|inverse|2022-04-28|2022-05-12,True,True,True,14.4,13.893333333333333,18.773333333333333,9.44,10.96,0.3037037037037036,horizontal,failed_breakout,NEITHER,STOP,,47.0,,BREAKOUT→FAILURE,0.015833333333333366,-0.23888888888888882,0.2333333333333334,-0.43333333333333335,-0.13888888888888884,-0.15000000000000002,-0.21111111111111114,-0.17222222222222228,-0.1611111111111111,-0.15000000000000002,-0.10555555555555551,-0.27222222222222225,-0.08888888888888902,-0.25555555555555554,stop,1.8,BEAR,,,,
KULR,2024-10-08,C,SEEN,KULR|1d|inverse|2024-08-05|2024-08-13,True,True,True,2.6192,2.5599999999999983,3.2079999999999984,1.6,1.7688,0.2248014660965174,horizontal,failed_breakout,CLEAN,CLEAN,24.0,,,BREAKOUT→STOP→TARGET,0.526878436163714,-0.17532070861331706,15.768478924862553,-0.17532070861331706,-0.041844838118509586,-0.0693341478313989,-0.04978619425778874,-0.06200366524129519,-0.10781918142944413,-0.11453879047037274,0.00030543677458760854,9.140500916310323,5.108735491753206,0.25839951130116057,target,0.3274,BULL,,,,
KULR,2026-09-30,C,SEEN,KULR|1d|inverse|2026-09-01|2026-09-15,True,True,True,2.53,2.5171428571428573,2.8671428571428574,2.23,2.4,0.1332580463015247,descending,pending,,,,,,,,,,,0.01976284584980248,,,,,,,,,,,2.53,BULL,,,,
LCTX,2019-06-19,C,TEST,LCTX|1d|inverse|2019-05-14|2019-06-06,True,True,True,1.11,1.0989473684210527,1.341263157894737,0.904,0.98,0.2083451872925557,descending,failed_breakout,STOP,STOP,,32.0,47.0,BREAKOUT→FAILURE,0.1351351351351351,-0.10810810810810823,0.1351351351351351,-0.26126126126126137,-0.03603603603603611,-0.027027027027027084,-0.08108108108108114,-0.09009009009009017,-0.07207207207207211,0.02702702702702675,-0.05405405405405406,-0.08108108108108114,-0.2323423423423424,-0.11792792792792806,stop,1.11,BULL,,,,
LCTX,2023-03-08,C,SEEN,LCTX|1d|inverse|2023-02-13|2023-02-24,True,True,True,1.46,1.43625,1.6425,1.22,1.34,0.125,horizontal,failed_breakout,NEITHER,STOP,,33.0,,BREAKOUT→FAILURE,0.06164383561643838,-0.08904109589041087,0.0746575342465754,-0.15068493150684925,0.0,-0.020547945205479423,-0.0273972602739726,-0.07534246575342463,-0.06164383561643827,-0.0547945205479452,-0.03424657534246578,-0.09589041095890405,0.0,-0.09589041095890405,stop,1.46,BULL,,,,
LCTX,2025-12-16,C,SEEN,LCTX|1d|inverse|2025-11-20|2025-12-03,True,True,True,1.8,1.7827272727272727,2.0118181818181817,1.57,1.654,0.1176767676767676,horizontal,failed_breakout,STOP,STOP,,7.0,30.0,BREAKOUT→FAILURE,0.019444444444444375,-0.18888888888888888,0.10277777777777786,-0.21111111111111114,-0.01666666666666672,-0.02777777777777779,-0.06666666666666676,-0.07777777777777783,-0.0722222222222223,-0.08333333333333337,-0.1777777777777778,-0.11111111111111105,-0.1333333333333333,-0.08333333333333337,stop,1.8,BULL,,,,
LGL,2018-01-02,C,VAL,LGL|1d|inverse|2017-11-15|2017-12-08,True,True,True,5.75,5.687729411764706,6.182835294117647,5.35,5.52,0.07527570332480815,descending,failed_breakout,STOP,STOP,,30.0,38.0,BREAKOUT→FAILURE,0.019130434782608674,-0.04173913043478261,0.019130434782608674,-0.09043478260869553,-0.03130434782608693,-0.006956521739130417,-0.022782608695652184,-0.00521739130434784,-0.0043826086956521015,-0.014139130434782543,-0.04173913043478261,-0.05913043478260871,-0.05217391304347818,-0.04173913043478261,stop,5.75,BULL,,,,
LGL,2019-01-24,C,TEST,LGL|1d|inverse|2018-11-20|2018-12-24,True,True,True,7.079,6.975862068965518,8.053793103448278,5.76,6.445,0.13770209117788923,ascending,failed_breakout,NEITHER,NEITHER,,,,BREAKOUT→FAILURE,0.06512219240005646,-0.05636389320525503,0.36318689080378586,-0.11002966520695012,0.01426755191411222,0.008617036304562786,0.0057917784997880695,0.015157508122616292,-0.030936572962282693,0.037575928803503356,0.00014126289023885796,-0.005509252719310576,0.17954513349343126,-0.005509252719310576,time,7.079,BEAR,,,,
LGL,2021-08-27,C,,LGL|1d|inverse|2021-06-25|2021-08-05,True,True,True,11.25,10.8845,12.133,9.9,10.22,0.07848888888888883,descending,success,CLEAN,CLEAN,5.0,,,BREAKOUT→RETEST→TARGET,0.28800000000000003,-0.0444444444444444,0.28800000000000003,-0.11555555555555563,-0.025777777777777677,-0.008000000000000007,0.03466666666666662,0.03111111111111109,0.09777777777777774,0.08711111111111114,0.13866666666666672,0.07777777777777772,-0.033777777777777795,0.07848888888888883,target,11.25,BULL,,,,
LGL,2023-01-30,C,SEEN,LGL|1d|inverse|2022-11-21|2022-12-13,True,True,True,4.4579,4.441563636363636,5.341496969696969,3.88,4.22,0.19820923970860016,descending,none,NEITHER,STOP,,30.0,,BREAKOUT→NEITHER,0.0879562125664548,-0.0802844388613474,0.0879562125664548,-0.09150048228986751,0.01168711725251792,0.03187599542385411,0.04533524753807838,0.0610377083380067,0.0610377083380067,0.034119204109558376,-0.07355481280423526,-0.04663630857578693,0.03187599542385411,-0.07355481280423526,stop,4.4579,BULL,,,,
LGPS,2026-03-10,C,SEEN,LGPS|1d|inverse|2026-02-09|2026-02-24,True,True,True,0.837,0.7858666666666666,0.9525499999999999,0.6681,0.71,0.13805256869772986,descending,failed_retest,DIRTY,DIRTY,31.0,10.0,16.0,BREAKOUT→STOP→TARGET,0.12305854241338121,-0.4623655913978494,0.7084826762246117,-0.4623655913978494,0.005854241338112409,-0.01505376344086018,-0.07945041816009557,-0.03225806451612889,-0.16367980884109923,-0.12783751493428908,0.0035842293906809264,-0.1357825567502986,0.36200716845878134,-0.16367980884109923,stop,0.837,BULL,,,,
LODE,2016-11-18,C,TRAIN,LODE|1d|inverse|2016-10-31|2016-11-11,True,True,True,62.15,59.6875,76.5625,47.5,53.75,0.2318986323411103,descending,touch_no_follow,CLEAN,CLEAN,13.0,,,BREAKOUT→RETEST→TARGET,0.24698310539018498,-0.170957361222848,0.24698310539018498,-0.170957361222848,0.012067578439259874,0.04786806114239739,-0.024537409493161633,-0.058728881737731276,0.016090104585679832,-0.03459372485921153,0.11786001609010444,0.0860820595333871,-0.09895414320193074,0.2318986323411103,target,0.24860000000000004,BULL,,,,
LODE,2020-05-20,C,TEST,LODE|1d|inverse|2020-02-27|2020-03-19,True,True,True,5.978,5.687428571428571,8.316885714285714,3.3,4.45,0.3912488648855328,horizontal,success,CLEAN,CLEAN,24.0,,,BREAKOUT→RETEST→TARGET,0.8400802944128472,-0.14135162261625955,2.5463365674138507,-0.14135162261625955,-0.07494145199063229,-0.06323185011709609,-0.07711609233857464,-0.06323185011709609,0.0005018400802945244,0.1809969889595182,0.3568082970893276,0.32151221144195397,0.9069923051187689,0.3912488648855328,target,0.5978,BEAR,,,,
LODE,2020-11-16,C,TEST,LODE|1d|inverse|2020-09-24|2020-10-28,True,True,True,11.5,11.013043478260869,13.001173913043479,9.251,10.0,0.13053686200378078,descending,failed_breakout,CLEAN,DIRTY,50.0,2.0,,BREAKOUT→STOP→TARGET,0.13043478260869557,-0.17391304347826086,7.565217391304348,-0.17391304347826086,-0.11304347826086958,-0.13478260869565228,-0.14052173913043475,-0.12173913043478268,-0.10434782608695647,-0.11304347826086958,-0.07826086956521738,0.8521739130434782,2.9130434782608696,-0.13478260869565228,stop,1.1500000000000001,BULL,,,,
LODE,2021-06-04,C,,LODE|1d|inverse|2021-04-19|2021-05-13,True,True,True,42.9,41.935,54.595,29.2,36.2,0.2726107226107226,horizontal,failed_retest,STOP,STOP,,9.0,29.0,BREAKOUT→FAILURE,0.1118881118881121,-0.36363636363636365,0.1118881118881121,-0.4825174825174825,0.02331002331002341,-0.01864801864801857,-0.027972027972027913,-0.04895104895104896,-0.18181818181818177,-0.21212121212121215,-0.2843822843822844,-0.2913752913752914,-0.4289044289044289,-0.16083916083916083,stop,4.29,BULL,,,,
LODE,2025-12-04,C,SEEN,LODE|1d|inverse|2025-10-23|2025-11-07,True,True,True,3.75,3.68716,4.609999999999999,2.61,3.04,0.22933333333333317,ascending,failed_breakout,CLEAN,CLEAN,32.0,38.0,42.0,BREAKOUT→STOP→TARGET,0.11199999999999988,-0.16533333333333333,0.2799733333333334,-0.3733333333333333,-0.09599999999999997,-0.15466666666666673,-0.1253333333333334,-0.07999999999999996,-0.06933333333333325,0.07199999999999984,0.06133333333333324,-0.10133333333333328,-0.18666666666666676,0.22933333333333317,target,3.75,BULL,,,,
LSF,2024-06-04,C,SEEN,LSF|1d|inverse|2024-04-05|2024-04-26,True,True,True,3.75,3.240457142857143,4.3342857142857145,1.9,2.39,0.15580952380952384,ascending,none,CLEAN,CLEAN,1.0,,,BREAKOUT→TARGET,0.7226666666666666,0.005333333333333412,0.776,-0.09333333333333338,0.30933333333333346,0.07199999999999984,0.15999999999999992,0.248,0.16266666666666674,0.27733333333333343,0.06933333333333325,0.06666666666666665,0.5919999999999999,0.15580952380952384,target,3.75,BULL,,,,
LSF,2025-07-10,C,SEEN,LSF|1d|inverse|2025-06-02|2025-06-18,True,True,True,7.0,6.635428571428572,7.635057142857144,5.87,6.32,0.09072244897959192,descending,none,CLEAN,CLEAN,9.0,20.0,22.0,BREAKOUT→TARGET,0.11428571428571432,-0.20714285714285718,0.11428571428571432,-0.6407142857142857,0.028571428571428692,0.024285714285714244,0.0014285714285713347,-0.03285714285714292,0.05428571428571427,-0.13714285714285712,-0.20000000000000007,-0.18571428571428572,-0.6185714285714285,0.09072244897959192,target,7.0,SIDE,,,,
LSF,2026-04-15,C,SEEN,LSF|1d|inverse|2026-03-09|2026-03-27,True,True,True,2.77,2.5649,3.2298000000000004,1.96,2.25,0.16599277978339355,descending,success,CLEAN,CLEAN,8.0,,,BREAKOUT→RETEST→TARGET,0.3285198555956679,-0.07942238267148016,0.8447653429602888,-0.07942238267148016,0.028880866425992746,0.10108303249097461,0.13357400722021673,0.07942238267148016,0.10830324909747291,0.08303249097472931,0.19494584837545137,0.6462093862815883,0.36101083032490977,0.16599277978339355,target,2.77,BULL,,,,
MAIA,2026-09-14,C,SEEN,MAIA|1d|inverse|2026-06-11|2026-07-29,True,True,True,1.39,1.378235294117647,1.6794117647058824,1.19,1.27,0.20820990266610262,descending,failed_breakout,,,,,,,,,,,-0.03597122302158262,0.007194244604316502,0.007194244604316502,-0.04316546762589912,-0.15107913669064743,,,,,,,1.39,BULL,,,,
MCRP,2026-01-02,C,SEEN,MCRP|1d|inverse|2025-11-07|2025-12-02,True,True,True,1.62,1.3686521739130435,2.2855826086956523,0.6882,1.09,0.41085346215780993,descending,none,CLEAN,CLEAN,9.0,,,BREAKOUT→TARGET,1.308641975308642,-0.08024691358024694,1.8487654320987654,-0.08024691358024694,0.05555555555555536,0.1049382716049383,0.24691358024691357,0.2901234567901232,0.32098765432098775,0.9506172839506173,1.0493827160493825,0.574074074074074,0.7962962962962963,0.41085346215780993,target,1.62,BULL,,,,
MHH,2019-07-31,C,TEST,MHH|1d|inverse|2019-05-09|2019-06-12,True,True,True,6.01,5.638760526315789,6.6661473684210515,4.51,4.82,0.10917593484543286,ascending,failed_retest,CLEAN,CLEAN,60.0,,,BREAKOUT→STOP→TARGET,0.058236272878535944,-0.12041597337770382,0.577371048252912,-0.12041597337770382,0.016638935108153063,0.05445923460898494,-0.0016638935108153063,0.006655574043261225,-0.08652246256239593,-0.03494176372712143,-0.01830282861896826,0.14309484193011657,0.577371048252912,0.10917593484543286,target,6.01,BULL,,,,
MINE,2023-10-11,C,SEEN,MINE|1d|inverse|2023-08-14|2023-09-01,True,True,True,3.18,3.164615384615385,3.4369230769230774,2.92,3.04,0.08079342041606208,horizontal,failed_breakout,CLEAN,DIRTY,23.0,6.0,,BREAKOUT→STOP→TARGET,0.21069182389937113,-0.05031446540880502,0.26415094339622613,-0.05660377358490576,-0.018867924528301883,-0.012578616352201255,-0.02515723270440251,-0.009433962264151052,0.01025157232704399,0.05031446540880502,0.21069182389937113,0.014276729559748347,0.11006289308176087,-0.05031446540880502,stop,3.18,SIDE,,,,
MINE,2024-04-12,C,SEEN,MINE|1d|inverse|2024-02-20|2024-03-19,True,True,True,3.6,3.5541176470588236,4.055294117647058,3.0,3.27,0.1264705882352939,ascending,failed_breakout,STOP,STOP,,19.0,23.0,BREAKOUT→FAILURE,0.061111111111111116,-0.21111111111111114,0.061111111111111116,-0.3205555555555555,0.022222222222222143,0.03611111111111098,0.0277777777777779,-0.03372000000000008,0.016666666666666607,-0.12888888888888883,-0.20277777777777772,-0.24444444444444446,-0.18888888888888888,-0.11111111111111105,stop,3.6,BULL,,,,
MITQ,2022-08-19,C,SEEN,MITQ|1d|inverse|2022-07-01|2022-07-26,True,True,True,1.48,1.407595652173913,1.7655739130434782,1.045,1.25,0.19295534665099878,horizontal,success,STOP,STOP,,24.0,36.0,BREAKOUT→FAILURE,0.16885135135135143,-0.28378378378378377,0.16885135135135143,-0.3581081081081081,0.013513513513513598,0.09459459459459474,0.027027027027026973,0.04729729729729737,0.07432432432432434,-0.108108108108108,-0.2567567567567567,-0.15067567567567575,-0.32114864864864867,-0.2432432432432432,stop,1.48,BEAR,,,,
MITQ,2024-05-30,C,SEEN,MITQ|1d|inverse|2024-04-30|2024-05-06,True,True,True,0.4975,0.4803999999999998,0.6677749999999998,0.4201,0.4666,0.34226130653266296,descending,success,CLEAN,CLEAN,3.0,,,BREAKOUT→RETEST→TARGET,1.8944723618090453,-0.13567839195979903,1.8944723618090453,-0.13567839195979903,0.01306532663316573,0.1256281407035178,0.40703517587939686,0.3467336683417086,0.23075376884422094,0.2510552763819094,0.4188944723618091,0.2536683417085428,0.07055276381909548,0.34226130653266296,target,0.4975,BULL,,,,
MLSS,2016-10-21,C,TRAIN,MLSS|1d|inverse|2016-09-22|2016-10-12,True,True,True,2.05,2.008,2.354,1.76,1.9,0.1482926829268294,descending,failed_breakout,STOP,STOP,,3.0,12.0,BREAKOUT→FAILURE,0.0,-0.31463414634146336,0.04878048780487809,-0.4634146341463413,-0.04878048780487798,-0.07317073170731703,-0.09756097560975596,-0.07317073170731703,-0.09756097560975596,-0.1707317073170731,-0.2682926829268292,-0.31707317073170727,-0.24390243902439013,-0.09756097560975596,stop,2.05,BULL,,,,
MLSS,2017-08-30,C,TRAIN,MLSS|1d|inverse|2017-08-02|2017-08-21,True,True,True,1.3,1.2785714285714287,1.5321428571428573,1.075,1.15,0.1785714285714286,descending,failed_breakout,CLEAN,CLEAN,28.0,39.0,,BREAKOUT→STOP→TARGET,0.23076923076923084,-0.11538461538461553,0.23076923076923084,-0.30000000000000004,0.0,0.0,-0.07692307692307698,-0.03846153846153855,0.0,-0.03846153846153855,0.07692307692307687,0.0,-0.10000000000000009,0.1785714285714286,target,1.3,BULL,,,,
MLSS,2018-05-22,C,VAL,MLSS|1d|inverse|2018-04-27|2018-05-09,True,True,True,0.88,0.804875,0.9475875,0.64,0.67,0.07680397727272736,ascending,success,CLEAN,CLEAN,3.0,,,BREAKOUT→RETEST→TARGET,0.25,-0.15909090909090906,0.25,-0.25795454545454544,-0.05681818181818188,0.056704545454545396,0.06704545454545441,-0.02579545454545462,-0.125,-0.06818181818181823,-0.11363636363636365,-0.15340909090909094,-0.1647727272727273,0.0794318181818181,target,0.88,BULL,,,,
MLSS,2021-10-04,C,,MLSS|1d|inverse|2021-07-19|2021-08-20,True,True,True,2.15,2.1276,2.7732,1.47,1.66,0.2898604651162793,horizontal,failed_retest,CLEAN,CLEAN,33.0,,,BREAKOUT→STOP→TARGET,0.20465116279069773,-0.11162790697674418,0.39534883720930236,-0.46046511627906983,0.023255813953488413,-0.04651162790697683,0.04186046511627928,0.04651162790697683,-0.0046511627906975495,-0.0604651162790697,0.13953488372093026,-0.04651162790697683,-0.41860465116279066,0.35813953488372086,target,2.15,SIDE,,,,
MLSS,2024-02-15,C,SEEN,MLSS|1d|inverse|2023-12-18|2024-01-08,True,True,True,0.676899,0.6628571428571429,0.8539285714285715,0.52,0.605,0.2615302599480447,descending,none,NEITHER,STOP,,36.0,,BREAKOUT→NEITHER,0.15231371297638208,-0.12867355395708968,0.255726482089647,-0.20667632837395233,0.004581185671717725,0.010341276911326469,-0.014180845295974742,0.019354438402183982,0.12276720751544912,0.0394460621156183,-0.04328415317499368,-0.02703357517148064,-0.036783921973588374,-0.12837808890248037,stop,0.676899,BULL,,,,
MLSS,2024-05-21,C,SEEN,MLSS|1d|inverse|2024-03-26|2024-04-25,True,True,True,0.785,0.7110035714285714,0.8799285714285714,0.537,0.643,0.12092811646951773,horizontal,failed_retest,CLEAN,CLEAN,34.0,,,BREAKOUT→STOP→TARGET,0.08280254777070062,-0.1719745222929936,0.4012738853503186,-0.2663694267515925,-0.015923566878981,-0.019363057324840782,-0.04458598726114649,-0.035031847133758065,-0.033757961783439594,-0.14649681528662417,-0.15923566878980888,0.23885350318471343,0.159872611464968,0.12092811646951773,target,0.785,BULL,,,,
MLSS,2026-04-21,C,SEEN,MLSS|1d|inverse|2025-12-30|2026-01-22,True,True,True,0.3152,0.31,0.40190000000000003,0.2181,0.24,0.2750634517766499,horizontal,success,CLEAN,CLEAN,11.0,,,BREAKOUT→RETEST→TARGET,0.5310913705583757,-0.056154822335025334,0.8388324873096449,-0.08692893401015223,0.07868020304568546,0.027918781725888353,0.019987309644670104,0.03394670050761439,0.26269035532994933,0.10088832487309651,0.2373096446700509,0.3864213197969544,0.5926395939086295,0.2750634517766499,target,0.3152,BULL,,,,
MMA,2025-04-11,C,SEEN,MMA|1d|inverse|2025-02-14|2025-03-13,True,True,True,1.52,0.9575,1.3937500000000003,0.6,0.7355,-0.0830592105263156,descending,failed_retest,CLEAN,CLEAN,36.0,,,BREAKOUT→STOP→TARGET,-0.17763157894736847,-0.5263157894736843,0.03947368421052633,-0.5263157894736843,-0.24342105263157898,-0.3486842105263158,-0.3486828947368421,-0.3810526315789474,-0.45394736842105265,-0.48677631578947367,-0.45953947368421055,-0.11184210526315785,-0.42947368421052634,-0.0830592105263156,target,1.52,BEAR,,,,
MPTI,2024-04-30,C,SEEN,MPTI|1d|inverse|2024-04-05|2024-04-18,True,True,True,27.76,27.3075,34.07,23.0,25.67,0.22730547550432267,descending,none,CLEAN,CLEAN,17.0,,,BREAKOUT→SIDEWAYS→TARGET,0.42939481268011526,-0.03837536023054755,0.42939481268011526,-0.03837536023054755,-0.032780979827089385,-0.00648414985590795,-0.02053314121037464,0.050792507204610926,0.021974063400576282,0.3256484149855905,0.282420749279539,0.2244236311239194,0.2168587896253602,0.22730547550432267,target,27.76,BULL,,,,
MPU,2021-08-04,C,,MPU|1d|inverse|2021-04-12|2021-05-13,True,True,True,98.76,72.9793103448276,101.20689655172416,26.04,36.04,0.024776190276672327,ascending,failed_retest,CLEAN,CLEAN,1.0,,,BREAKOUT→TARGET,0.6192790603483189,-0.36249493722154724,1.7019036046982579,-0.36249493722154724,0.10085054678007288,-0.06844876468205752,-0.18631024706358856,0.012150668286755595,0.1725394896719319,0.10733090319967586,0.4074524098825434,0.8671526933981368,0.4985824220332118,0.024776190276672327,target,493.8,BULL,,,,
MSN,2019-07-10,C,TEST,MSN|1d|inverse|2019-05-15|2019-06-14,True,True,True,1.08,1.0619333333333334,1.2779190476190476,0.9101,1.02,0.18325837742504403,descending,failed_breakout,NEITHER,STOP,,36.0,,BREAKOUT→FAILURE,0.0092592592592593,-0.05555555555555558,0.059814814814814765,-0.31944444444444453,-0.03703703703703709,-0.04629629629629628,-0.01851851851851849,-0.03703703703703709,-0.0092592592592593,-0.0092592592592593,-0.03703703703703709,-0.07407407407407418,-0.25555555555555554,-0.06481481481481488,stop,1.08,BULL,,,,
MSN,2021-10-18,C,,MSN|1d|inverse|2021-09-21|2021-10-06,True,True,True,1.19,1.1363374999999998,1.3225749999999996,1.0,1.07,0.11140756302520982,descending,none,CLEAN,CLEAN,6.0,26.0,28.0,BREAKOUT→TARGET,0.24369747899159666,-0.31663865546218484,0.24369747899159666,-0.4285714285714285,0.0,0.0,0.008403361344537785,-0.01680672268907568,0.03361344537815136,0.0,-0.2098319327731092,-0.31592436974789906,-0.40726890756302514,0.11140756302520982,target,1.19,BULL,,,,
MSN,2023-01-18,C,SEEN,MSN|1d|inverse|2022-11-10|2022-12-21,True,True,True,0.5705,0.5659176470588235,0.6559352941176471,0.5101,0.5251,0.14975511677063458,descending,failed_breakout,CLEAN,CLEAN,15.0,41.0,41.0,BREAKOUT→STOP→TARGET,0.15232252410166525,-0.07887817703768629,0.15232252410166525,-0.10604732690622265,-0.03575810692375103,-0.024715162138475022,-0.03978965819456626,-0.018404907975460016,-0.018229623137598572,0.05494303242769494,0.007887817703768452,-0.07098860648553895,0.021034180543382908,0.14975511677063458,target,0.5705,SIDE,,,,
MSN,2026-01-22,C,SEEN,MSN|1d|inverse|2025-12-16|2026-01-06,True,True,True,0.439,0.43370000000000003,0.5000666666666667,0.36,0.385101,0.13910402429764623,ascending,failed_breakout,STOP,STOP,,2.0,29.0,BREAKOUT→FAILURE,-0.042369020501139,-0.22756264236902046,0.13872437357630973,-0.22756264236902046,-0.10774487471526195,-0.12596810933940783,-0.1132118451025057,-0.13667425968109337,-0.17517084282460138,-0.11776765375854215,-0.20045558086560367,0.0205011389521641,-0.05011389521640097,-0.12596810933940783,stop,0.439,BULL,,,,
MTA,2022-05-24,C,SEEN,MTA|1d|inverse|2022-04-28|2022-05-10,True,True,True,5.61,5.475149999999999,6.785799999999999,4.7,5.25,0.20959001782531184,descending,success,STOP,STOP,,14.0,27.0,BREAKOUT→FAILURE,0.09625668449197855,-0.22638146167557938,0.09625668449197855,-0.39037433155080214,-0.02317290552584672,-0.028520499108734443,0.007130124777183555,-0.03208556149732633,-0.012477718360071388,-0.0980392156862746,-0.17647058823529416,-0.25668449197860965,-0.23885918003565076,-0.07486631016042777,stop,5.61,BEAR,,,,
MTA,2024-07-11,C,SEEN,MTA|1d|inverse|2024-06-17|2024-07-02,True,True,True,3.1,2.9955555555555557,3.307777777777778,2.69,2.81,0.06702508960573472,horizontal,success,CLEAN,CLEAN,4.0,16.0,17.0,BREAKOUT→RETEST→TARGET,0.07096774193548372,-0.25161290322580654,0.31612903225806455,-0.25161290322580654,-0.006451612903225823,0.006451612903225712,0.048387096774193505,-0.006451612903225823,-0.07741935483870976,-0.1806451612903226,-0.1064516129032258,0.05483870967741944,-0.08064516129032262,0.06702508960573472,target,3.1,BULL,,,,
MTA,2026-05-06,C,SEEN,MTA|1d|inverse|2026-03-19|2026-03-30,True,True,True,7.15,7.042222222222222,8.365455555555556,5.9501,6.37,0.16999378399378395,horizontal,success,NEITHER,NEITHER,,,,BREAKOUT→NEITHER,0.1328671328671327,-0.12027972027972034,0.6223776223776223,-0.12027972027972034,-0.004195804195804231,0.016783216783216703,0.0573426573426572,0.06573426573426566,-0.06013986013986017,0.07692307692307687,0.03916083916083912,0.04895104895104896,0.38181818181818183,0.04895104895104896,time,7.15,BULL,,,,
MTNB,2018-08-30,C,VAL,MTNB|1d|inverse|2018-07-12|2018-08-02,True,True,True,371.7,337.5,416.25,258.75,277.5,0.11985472154963683,horizontal,failed_retest,CLEAN,CLEAN,16.0,,,BREAKOUT→STOP→TARGET,1.9862792574656982,-0.19289749798224376,1.9862792574656982,-0.19289749798224376,-0.07183212267958028,-0.01735270379338172,-0.10835351089588374,-0.08313155770782887,-0.13236481033091196,0.8563357546408394,0.6297417271993544,0.5458030669895078,0.75544794188862,0.11985472154963683,target,7.434,BULL,,,,
MTNB,2020-05-19,C,TEST,MTNB|1d|inverse|2020-04-24|2020-05-07,True,True,True,668.55,620.3571428571429,743.5714285714286,480.0,513.75,0.11221513510048409,ascending,failed_retest,CLEAN,CLEAN,46.0,,,BREAKOUT→STOP→TARGET,0.11061251963203955,-0.14740857078752523,0.20035898586493173,-0.25846982275072916,-0.013237603769351458,0.012564505272605109,-0.0015705631590755553,0.03163562934709452,-0.036796051155485565,-0.08548350908682967,-0.12250392640789765,-0.04879964101413503,-0.11263181512227949,0.11221513510048409,target,13.370999999999999,BEAR,,,,
MTNB,2021-09-13,C,,MTNB|1d|inverse|2021-07-08|2021-07-27,True,True,True,787.5,649.4378571428572,754.4785714285715,500.625,577.575,-0.041931972789115535,ascending,none,CLEAN,CLEAN,1.0,,,BREAKOUT→TARGET,0.5333333333333334,-0.02857142857142858,0.5333333333333334,-0.19047619047619047,0.12380952380952381,0.03809523809523818,0.10476190476190483,0.04761904761904767,0.4095238095238096,0.10476190476190483,0.03809523809523818,-0.03809523809523807,-0.18971428571428572,0.02857142857142847,target,15.75,BULL,,,,
MTNB,2022-06-02,C,SEEN,MTNB|1d|inverse|2022-04-28|2022-05-12,True,True,True,592.425,585.0,718.8,451.2,480.0,0.21331814153690343,horizontal,success,NEITHER,NEITHER,,,,BREAKOUT→NEITHER,0.13938473224458803,-0.16407140144322052,0.19002405367768072,-0.23724522091403966,0.04620838080769718,-0.021395113305481606,0.04570198759336641,0.06177997214837316,-0.16407140144322052,0.00012659830358274782,0.02278769464489172,-0.11381187492087597,-0.15052538295986828,-0.11381187492087597,time,11.8485,BEAR,,,,
MTNB,2022-10-21,C,SEEN,MTNB|1d|inverse|2022-08-29|2022-09-26,True,True,True,640.35,547.5,666.875,451.875,488.25,0.04142265948309509,descending,failed_retest,CLEAN,CLEAN,1.0,30.0,31.0,BREAKOUT→TARGET,0.04239868821738102,-0.2972593113141251,0.04239868821738102,-0.49250409932068395,-0.05926446474584224,-0.06078706957132829,-0.09920356055282264,-0.07472475989693139,-0.10986179433122512,-0.2152728976341064,-0.28554696650269384,-0.32068400093698757,-0.4167252283907238,0.04142265948309509,target,12.807,BEAR,,,,
MTNB,2024-02-12,C,SEEN,MTNB|1d|inverse|2024-01-08|2024-01-25,True,True,True,158.25,155.8096153846154,187.18269230769232,135.375,148.8,0.18282901932191042,descending,success,CLEAN,CLEAN,5.0,45.0,48.0,BREAKOUT→RETEST→TARGET,1.037914691943128,-0.03791469194312791,1.037914691943128,-0.2926587677725119,-0.01516587677725123,-0.004739336492891044,0.040758293838862425,0.13222748815165875,0.2682464454976303,0.23222748815165883,0.3540284360189574,-0.15876777251184837,-0.2706161137440758,0.18282901932191042,target,3.165,BULL,,,,
MTNB,2024-02-26,C,SEEN,MTNB|1d|inverse|2023-11-29|2023-12-15,True,True,True,201.75,179.7,238.95,127.5,135.375,0.18438661710037163,horizontal,touch_no_follow,CLEAN,CLEAN,19.0,39.0,49.0,BREAKOUT→RETEST→TARGET,0.5985130111524164,-0.24758364312267656,0.5985130111524164,-0.4451710037174721,-0.005204460966542812,0.014869888475836479,0.04126394052044602,0.00037174721189581206,0.0074349442379182396,0.07881040892193303,-0.20855018587360585,-0.38661710037174724,-0.379182156133829,0.18438661710037163,target,4.035,BULL,,,,
MXC,2019-07-31,C,TEST,MXC|1d|inverse|2019-05-15|2019-06-17,True,True,True,4.5,4.332800000000001,5.648040000000001,3.26,3.7,0.25512000000000024,descending,failed_breakout,CLEAN,DIRTY,31.0,10.0,,BREAKOUT→STOP→TARGET,0.05555555555555558,-0.19999999999999996,0.28888888888888875,-0.21333333333333337,-0.03111111111111109,-0.09326666666666661,-0.11111111111111116,-0.10000000000000009,-0.17786666666666662,-0.14444444444444438,-0.0822222222222222,-0.05555555555555558,-0.12888888888888894,-0.17786666666666662,stop,4.5,BULL,,,,
MXC,2022-07-18,C,SEEN,MXC|1d|inverse|2022-06-22|2022-07-05,True,True,True,16.12,15.96865714285714,18.304328571428567,14.52,15.1022,0.13550425381070497,descending,success,CLEAN,CLEAN,8.0,49.0,,BREAKOUT→RETEST→TARGET,0.29280397022332494,-0.020471464019851227,0.29280397022332494,-0.12580645161290327,-0.009305210918114204,0.014888337468982549,0.021091811414392092,-0.008684863523573227,0.19106699751861034,0.16997518610421825,0.24193548387096775,-0.02667493796526066,-0.07444168734491319,0.13550425381070497,target,16.12,BEAR,,,,
MXC,2023-01-18,C,SEEN,MXC|1d|inverse|2022-12-12|2023-01-03,True,True,True,13.5,13.262938461538463,14.734407692307695,12.2,12.8092,0.09143760683760704,descending,touch_no_follow,CLEAN,CLEAN,15.0,21.0,35.0,BREAKOUT→RETEST→TARGET,0.14000000000000012,-0.08814814814814809,0.14000000000000012,-0.2348148148148148,0.020000000000000018,-0.00592592592592589,0.010740740740740717,0.01925925925925931,-0.033333333333333326,-0.022222222222222254,-0.0444444444444444,-0.08407407407407408,-0.16296296296296287,0.09143760683760704,target,13.5,SIDE,,,,
MXC,2023-04-17,C,SEEN,MXC|1d|inverse|2023-02-24|2023-03-16,True,True,True,13.84,13.647083333333335,16.470416666666665,10.5,12.2001,0.1900590077071289,ascending,failed_breakout,STOP,STOP,,6.0,18.0,BREAKOUT→FAILURE,-0.0036127167630057855,-0.2536127167630058,-0.0036127167630057855,-0.2557803468208092,-0.10040462427745667,-0.10657514450867045,-0.10786127167630055,-0.11127167630057799,-0.14884393063583823,-0.21170520231213874,-0.20592485549132944,-0.09684248554913288,-0.10622109826589599,-0.11921965317919081,stop,13.84,SIDE,,,,
MYO,2019-07-31,C,TEST,MYO|1d|inverse|2019-06-13|2019-07-03,True,True,True,25.2,24.2,30.5,19.8,21.0,0.21031746031746046,descending,failed_retest,CLEAN,DIRTY,15.0,12.0,42.0,BREAKOUT→STOP→TARGET,0.40476190476190466,-0.2713095238095238,0.40476190476190466,-0.48297619047619045,-0.007261904761904803,-0.0019047619047618536,-0.023809523809523725,-0.06899642857142851,-0.1529761904761905,-0.09499999999999997,-0.09202380952380951,-0.2501190476190477,-0.4151190476190476,-0.2024999999999999,stop,0.84,BULL,,,,
MYO,2023-09-05,C,SEEN,MYO|1d|inverse|2023-08-03|2023-08-17,True,True,True,0.9041,0.855,1.1294,0.4966,0.707,0.2491980975555801,ascending,none,CLEAN,CLEAN,3.0,,,BREAKOUT→TARGET,0.5816834420971131,-0.0744386682889061,5.171773033956421,-0.0744386682889061,0.017586550160380465,0.013162260811857118,0.1724366773586994,0.371529698042252,0.34940825129963504,0.08395089038823134,0.43789403827010287,2.583674372303949,3.5238358588651693,0.2491980975555801,target,0.9041,BULL,,,,
MYO,2024-05-02,C,SEEN,MYO|1d|inverse|2024-04-02|2024-04-16,True,True,True,3.92,3.773,4.8072,2.5108,3.17,0.22632653061224484,ascending,failed_retest,CLEAN,DIRTY,45.0,33.0,,BREAKOUT→STOP→TARGET,0.1171683673469388,-0.17091836734693877,0.43877551020408156,-0.29591836734693877,-0.04081632653061229,0.005102040816326481,-0.07653061224489788,-0.09183673469387754,-0.061224489795918324,-0.13010204081632648,-0.1377551020408163,0.13265306122448983,0.04081632653061229,-0.19897959183673464,stop,3.92,BULL,,,,
MYO,2025-07-24,C,SEEN,MYO|1d|inverse|2025-07-01|2025-07-16,True,True,True,2.16,2.1400000000000006,2.5950000000000006,1.845,2.06,0.20138888888888906,descending,failed_breakout,STOP,STOP,,2.0,10.0,BREAKOUT→FAILURE,0.0185185185185186,-0.5719907407407407,0.0185185185185186,-0.6708333333333334,-0.02314814814814825,-0.06481481481481488,-0.08333333333333337,-0.10648148148148162,-0.17129629629629628,-0.4814814814814815,-0.5380555555555555,-0.5231481481481481,-0.5856018518518519,-0.06481481481481488,stop,2.16,SIDE,,,,
NAK,2021-09-07,C,,NAK|1d|inverse|2021-07-27|2021-08-19,True,True,True,0.4896,0.41317894736842103,0.4701894736842105,0.37,0.3913,-0.0396456828345374,descending,success,CLEAN,CLEAN,1.0,52.0,,BREAKOUT→TARGET,0.27450980392156876,-0.16360294117647056,0.27450980392156876,-0.3402777777777777,-0.051062091503267903,-0.02961601307189532,0.033700980392156854,-0.12745098039215674,-0.04738562091503273,-0.11315359477124187,-0.12888071895424835,-0.1421568627450981,-0.30555555555555547,0.0006127450980393245,target,0.4896,BULL,,,,
NAK,2025-12-11,C,SEEN,NAK|1d|inverse|2025-10-22|2025-11-21,True,True,True,2.15,2.127807407407407,2.8223407407407404,1.43,1.91,0.31271662360034447,horizontal,failed_breakout,STOP,STOP,,37.0,45.0,BREAKOUT→FAILURE,0.23720930232558146,-0.12558139534883728,0.23720930232558146,-0.5,0.0,-0.051162790697674376,-0.03255813953488362,0.0046511627906977715,0.013953488372093092,-0.037209302325581395,0.16744186046511622,-0.37209302325581384,-0.0604651162790697,-0.1441860465116278,stop,2.15,BULL,,,,
NBH,2020-11-19,C,TEST,NBH|1d|inverse|2020-10-16|2020-10-28,True,True,True,15.04,15.0,15.95,14.05,14.7,0.0605053191489362,horizontal,touch_no_follow,CLEAN,CLEAN,34.0,,,BREAKOUT→RETEST→TARGET,0.03191489361702127,-0.013297872340425454,0.13031914893617036,-0.013297872340425454,0.007313829787234161,0.011303191489361764,0.020611702127659504,0.017952127659574657,0.013297872340425565,-0.007978723404255317,0.02393617021276606,0.05053191489361719,0.07180851063829796,0.0605053191489362,target,15.04,BULL,,,,
NFGC,2022-03-24,C,SEEN,NFGC|1d|inverse|2022-03-03|2022-03-15,True,True,True,6.19,5.9477142857142855,6.755928571428572,5.52,5.82,0.09142626355873529,descending,none,CLEAN,CLEAN,14.0,32.0,33.0,BREAKOUT→SIDEWAYS→TARGET,0.2358642972536349,-0.07108239095315028,0.2358642972536349,-0.41518578352180935,0.012924071082390798,-0.001615508885298933,-0.016155088852988775,-0.011308562197092087,-0.024232633279483107,0.07915993537964439,0.051696284329563635,-0.14216478190630055,-0.3651050080775444,0.09369951534733434,target,6.19,BEAR,,,,
NFGC,2023-07-12,C,SEEN,NFGC|1d|inverse|2023-04-25|2023-05-25,True,True,True,5.25,5.050909090909091,6.065227272727273,4.1,4.58,0.15528138528138524,horizontal,failed_breakout,STOP,STOP,,11.0,54.0,BREAKOUT→FAILURE,0.003809523809523707,-0.19998095238095237,0.003809523809523707,-0.35619047619047617,-0.015238095238095273,-0.04190476190476189,-0.05142857142857138,-0.043809523809523854,-0.11238095238095236,-0.17904761904761912,-0.13142857142857145,-0.26476190476190475,-0.30666666666666664,-0.14857142857142858,stop,5.25,BULL,,,,
NFGC,2023-11-28,C,SEEN,NFGC|1d|inverse|2023-10-31|2023-11-13,True,True,True,3.89,3.724090909090909,4.1454545454545455,3.38,3.6,0.0656695489600374,descending,failed_retest,STOP,STOP,,5.0,10.0,BREAKOUT→FAILURE,0.00385604113110527,-0.16282776349614392,0.06169665809768632,-0.2236503856041131,-0.028277634961439646,-0.03856041131105392,-0.02313624678663251,-0.07712082262210807,-0.13881748071979438,-0.07969151670951158,-0.1516709511568124,-0.19794344473007708,0.0025706940874035134,-0.07712082262210807,stop,3.89,BEAR,,,,
NFGC,2024-09-26,C,SEEN,NFGC|1d|inverse|2024-07-02|2024-08-05,True,True,True,2.77,2.73,3.8446153846153845,2.27,2.4,0.38794779227992215,descending,failed_breakout,STOP,STOP,,9.0,22.0,BREAKOUT→FAILURE,0.014440433212996373,-0.2490974729241877,0.014440433212996373,-0.4548736462093863,-0.06137184115523464,-0.08664259927797846,-0.04693140794223827,-0.06859205776173283,-0.12635379061371843,-0.10108303249097461,-0.14440433212996384,-0.4115523465703972,-0.3898916967509025,-0.1480144404332131,stop,2.77,BULL,,,,
NG,2017-06-23,C,TRAIN,NG|1d|inverse|2017-04-26|2017-05-31,True,True,True,4.57,4.471578947368421,5.207894736842105,3.78,3.96,0.13958309340089814,horizontal,touch_no_follow,NEITHER,NEITHER,,,,BREAKOUT→NEITHER,0.06927789934354478,-0.0940919037199126,0.06927789934354478,-0.1444201312910285,0.0,0.05251641137855567,0.03501094091903734,-0.002188183807440014,0.02188183807439814,-0.03719912472647702,-0.0940919037199126,-0.10284463894967188,-0.10940919037199126,-0.10284463894967188,time,4.57,BULL,,,,
NG,2019-01-03,C,TEST,NG|1d|inverse|2018-11-13|2018-11-27,True,True,True,4.14,4.083529411764706,4.448235294117648,3.62,3.7,0.0744529695936349,ascending,failed_breakout,DIRTY,DIRTY,55.0,11.0,11.0,BREAKOUT→STOP→TARGET,-0.007246376811594013,-0.17391304347826086,0.09661835748792269,-0.17391304347826086,-0.01207729468599028,-0.033816425120772875,-0.03623188405797084,-0.048309178743961345,-0.10628019323671489,-0.07004830917874383,-0.0845410628019323,-0.019323671497584516,-0.05072463768115931,-0.15458937198067624,stop,4.14,BEAR,,,,
NG,2021-11-11,C,,NG|1d|inverse|2021-08-20|2021-09-28,True,True,True,8.2,8.167857142857143,9.347142857142856,6.48,7.1,0.13989547038327532,ascending,failed_breakout,STOP,STOP,,10.0,38.0,BREAKOUT→FAILURE,0.01768292682926842,-0.21951219512195108,0.01768292682926842,-0.272560975609756,-0.0012195121951219523,-0.01707317073170722,-0.03780487804878041,-0.05365853658536579,-0.1426829268292682,-0.16097560975609748,-0.15731707317073162,-0.19024390243902434,-0.05487804878048774,-0.1426829268292682,stop,8.2,BULL,,,,
NG,2026-08-05,C,SEEN,NG|1d|inverse|2026-06-29|2026-07-17,True,True,True,6.89,6.595769230769231,8.141538461538461,5.075,5.64,0.18164564028134422,horizontal,success,,,,,,,0.43251088534107396,-0.030478955007256836,,,0.0014513788098695635,0.10159651669085634,0.10885341074020327,0.142235123367199,0.22786647314949215,0.18577648766328014,0.07837445573294621,,,,,6.89,BULL,,,,
NHC,2019-11-01,C,TEST,NHC|1d|inverse|2019-08-27|2019-10-08,True,True,True,82.56,81.9808,88.26,77.48,80.02,0.06904069767441867,descending,none,CLEAN,CLEAN,28.0,,,BREAKOUT→SIDEWAYS→TARGET,0.07933624031007747,-0.007994186046511587,0.07933624031007747,-0.24588178294573648,0.005813953488372103,0.0008478682170540708,0.001816860465116088,0.007267441860465018,0.025920542635659016,0.019622093023255793,0.05971414728682167,0.02967538759689936,-0.23183139534883723,0.06904069767441867,target,82.56,SIDE,,,,
NHC,2020-10-05,C,TEST,NHC|1d|inverse|2020-09-11|2020-09-24,True,True,True,64.02,61.64666666666667,67.39,58.68,59.83,0.05263980006248059,descending,none,CLEAN,CLEAN,21.0,,,BREAKOUT→SIDEWAYS→TARGET,0.1560449859418933,-0.06248047485160879,0.1605748203686348,-0.06248047485160879,-0.00781005935645096,0.005310840362386715,0.022492970946579094,0.011090284286160657,-0.009996875976257313,0.02592939706341779,0.10231177756950949,0.04248672289909394,0.02202436738519231,0.05263980006248059,target,64.02,BULL,,,,
NHS,2018-12-12,C,VAL,NHS|1d|inverse|2018-10-29|2018-11-20,True,True,True,10.34,10.31,10.86,9.97,10.2,0.05029013539651839,descending,failed_breakout,DIRTY,DIRTY,36.0,2.0,4.0,BREAKOUT→STOP→TARGET,0.021276595744680993,-0.11508704061895547,0.1460348162475822,-0.11508704061895547,-0.0019342359767891004,-0.01644100580270791,-0.03481624758220503,-0.06286266924564798,-0.06963249516441017,0.0009671179883945502,0.01740812379110257,0.08220502901353965,0.1460348162475822,-0.01644100580270791,stop,10.34,BEAR,,,,
NHS,2022-11-15,C,SEEN,NHS|1d|inverse|2022-09-26|2022-10-14,True,True,True,8.41,8.38857142857143,9.346190476190477,7.41,8.07,0.1113187248740164,horizontal,none,CLEAN,CLEAN,53.0,,,BREAKOUT→SIDEWAYS→TARGET,0.09393579072532687,-0.015457788347205792,0.11771700356718195,-0.07609988109393584,0.019024970273483932,0.026159334126040434,0.029726516052318575,0.04280618311533879,0.08204518430439944,0.057074910820451796,0.010701545778834642,0.09393579072532687,-0.03567181926278251,0.1113187248740164,target,8.41,SIDE,,,,
NINE,2022-08-09,C,SEEN,NINE|1d|inverse|2022-06-23|2022-07-14,True,True,True,2.82,2.7790909090909093,3.6590909090909096,2.03,2.22,0.297549967762734,descending,success,CLEAN,CLEAN,10.0,,,BREAKOUT→RETEST→TARGET,0.34397163120567376,-0.034078014184397154,2.9698936170212766,-0.18439716312056742,0.02127659574468077,0.1063829787234043,0.09219858156028371,-0.0035460992907800915,0.14539007092198597,0.1028368794326242,0.02127659574468077,1.0496453900709222,2.6028368794326244,0.297549967762734,target,2.82,BEAR,,,,
NINE,2024-10-01,C,SEEN,NINE|1d|inverse|2024-08-20|2024-09-10,True,True,True,1.29,1.23943125,1.52314375,1.04,1.11,0.1807315891472867,descending,failed_breakout,DIRTY,DIRTY,27.0,10.0,16.0,BREAKOUT→STOP→TARGET,0.2325581395348837,-0.41775193798449617,0.4496124031007753,-0.41775193798449617,-0.0852713178294574,0.007751937984496138,-0.054263565891472965,-0.054263565891472965,-0.1705426356589147,-0.36457364341085274,-0.0852713178294574,-0.1937984496124031,-0.03100775193798455,-0.1705426356589147,stop,1.29,BULL,,,,
NINE,2026-01-13,C,SEEN,NINE|1d|inverse|2025-11-20|2025-12-16,True,True,True,0.4739,0.4536,0.65674,0.2897,0.36,0.38581979320531756,descending,touch_no_follow,CLEAN,CLEAN,1.0,,,BREAKOUT→TARGET,21.156573116691284,-0.09263557712597592,26.917282127031022,-0.09263557712597592,0.16058240135049595,0.05887317999577979,-0.00822958430048537,-0.03629457691496096,0.17113315045368238,17.379404937750582,18.79320531757755,20.54462966870648,24.11078286558346,0.38581979320531756,target,0.4739,BULL,,,,
NML,2018-05-04,C,VAL,NML|1d|inverse|2018-03-08|2018-03-28,True,True,True,8.61,8.55578947368421,9.402105263157896,7.86,8.1473,0.09199828840393698,descending,none,NEITHER,NEITHER,,,,BREAKOUT→NEITHER,0.08478513356562134,0.004645760743321903,0.09044134727061559,0.004645760743321903,0.013937282229965264,0.018583042973286945,0.02205574912891972,0.030197444831591147,0.058072009291521454,0.06852497096399524,0.024390243902439046,0.051103368176539155,0.03445993031358907,0.051103368176539155,time,8.61,BULL,,,,
NML,2020-11-11,C,TEST,NML|1d|inverse|2020-09-11|2020-10-02,True,True,True,2.8,2.7487500000000002,3.1625000000000005,2.3,2.37,0.12946428571428603,horizontal,success,CLEAN,CLEAN,6.0,,,BREAKOUT→RETEST→TARGET,0.3250000000000002,-0.017857142857142794,0.5642857142857143,-0.017857142857142794,-0.0035714285714284477,0.028571428571428692,0.06785714285714306,0.08928571428571419,0.20714285714285707,0.3035714285714286,0.2142857142857144,0.38928571428571446,0.4357142857142857,0.12946428571428603,target,2.8,BULL,,,,
NML,2022-05-23,C,SEEN,NML|1d|inverse|2022-04-25|2022-05-12,True,True,True,6.53,6.4485,7.1805,5.93,6.25,0.09961715160796336,descending,none,CLEAN,CLEAN,10.0,17.0,17.0,BREAKOUT→TARGET,0.12404287901990796,-0.1332312404287902,0.14225114854517606,-0.1332312404287902,0.0015313935681469104,0.030627871362940207,0.05206738131699851,0.05666156202143946,0.1179173047473201,-0.10719754977029095,-0.0735068912710567,0.11332312404287892,-0.06278713629402755,0.09961715160796336,target,6.53,BEAR,,,,
NML,2025-09-26,C,SEEN,NML|1d|inverse|2025-07-22|2025-08-19,True,True,True,8.81,8.778823529411765,9.219411764705884,8.37,8.44,0.04647125592575296,horizontal,failed_breakout,STOP,STOP,,10.0,10.0,BREAKOUT→FAILURE,0.0011350737797957144,-0.10442678774120329,0.06583427922814988,-0.10442678774120329,-0.009080590238365494,-0.010215664018161208,-0.010215664018161208,-0.02156640181611824,-0.07037457434733263,-0.07491486946651538,-0.05107832009080604,-0.05334846765039736,0.04653802497162318,-0.07037457434733263,stop,8.81,BULL,,,,
NNVC,2019-07-19,C,TEST,NNVC|1d|inverse|2019-06-10|2019-06-24,True,True,True,4.95078,4.881,5.73,4.41,4.6,0.15739338043702222,descending,failed_breakout,STOP,STOP,,6.0,9.0,BREAKOUT→FAILURE,0.030140705101014298,-0.2958685298074243,0.030140705101014298,-0.7432121807068786,-0.01833650455079794,-0.06762166769680744,-0.05065464431867295,-0.05469441178965739,-0.10317162144146974,-0.08095290035105585,-0.1516488310932822,-0.6929776722051879,-0.36504954774803167,-0.0813568770981542,stop,0.247539,BULL,,,,
NNVC,2021-06-23,C,,NNVC|1d|inverse|2021-04-20|2021-05-13,True,True,True,4.76,4.525833333333333,5.958233333333332,3.0701,3.8,0.25172969187675065,horizontal,failed_retest,NEITHER,STOP,,28.0,,BREAKOUT→FAILURE,0.14915966386554613,-0.22268907563025198,0.6512605042016808,-0.2647058823529411,-0.02310924369747891,-0.021008403361344463,-0.008403361344537785,-0.025210084033613467,-0.14075630252100835,-0.08403361344537807,-0.1785714285714285,-0.15546218487394958,-0.004201680672268782,-0.2100840336134454,stop,4.76,BULL,,,,
NNVC,2021-09-02,C,,NNVC|1d|inverse|2021-08-04|2021-08-20,True,True,True,4.02,3.9611666666666667,4.492233333333333,3.5,3.7403,0.11747097844112786,descending,success,CLEAN,CLEAN,7.0,,,BREAKOUT→RETEST→TARGET,0.9552238805970152,-0.06218905472636804,0.9552238805970152,-0.26119402985074613,0.0,-0.01990049751243772,-0.01492537313432829,-0.01990049751243772,0.0,0.09452736318407973,0.2139303482587065,0.17164179104477628,-0.20646766169154218,0.2213930348258708,target,4.02,BULL,,,,
NNVC,2021-12-08,C,,NNVC|1d|inverse|2021-11-10|2021-11-24,True,True,True,4.65,4.3925,5.3175,4.12,4.35,0.14354838709677398,descending,touch_no_follow,STOP,STOP,,2.0,6.0,BREAKOUT→FAILURE,-0.004301075268817289,-0.5161075268817203,-0.004301075268817289,-0.6408602150537634,-0.053763440860215006,-0.0795698924731183,-0.09677419354838712,-0.10322580645161294,-0.1483870967741936,-0.3290322580645162,-0.5053763440860215,-0.6107526881720431,-0.6236559139784946,-0.0795698924731183,stop,4.65,BULL,,,,
NRO,2016-12-07,C,TRAIN,NRO|1d|inverse|2016-11-04|2016-11-14,True,True,True,5.34,5.242307692307693,5.610769230769232,4.96,5.08,0.050705848458657554,descending,touch_no_follow,NEITHER,NEITHER,,,,BREAKOUT→NEITHER,0.033707865168539186,-0.02621722846441943,0.033707865168539186,-0.05056179775280889,-0.0018726591760299671,0.009363295880149725,0.013108614232209881,-0.01310861423220977,-0.016853932584269593,0.029962546816479474,-0.005617977528089901,0.0,0.029962546816479474,0.0,time,5.59632,BULL,,,,
NRO,2022-03-29,C,SEEN,NRO|1d|inverse|2022-01-24|2022-02-24,True,True,True,4.92,4.873333333333334,5.537777777777779,4.26,4.5,0.1255645889792234,horizontal,failed_retest,STOP,STOP,,28.0,52.0,BREAKOUT→FAILURE,0.028455284552845406,-0.11788617886178865,0.028455284552845406,-0.23170731707317072,0.014227642276422925,0.014227642276422925,0.024390243902439046,0.004065040650406582,-0.016260162601625994,-0.04065040650406504,-0.0934959349593496,-0.16463414634146334,-0.11585365853658547,-0.1097560975609756,stop,5.15616,BEAR,,,,
NRO,2022-11-10,C,SEEN,NRO|1d|inverse|2022-09-27|2022-10-21,True,True,True,3.54,3.3975000000000004,3.7900000000000005,3.11,3.27,0.07062146892655385,descending,touch_no_follow,STOP,STOP,,29.0,32.0,BREAKOUT→FAILURE,0.039548022598870025,-0.11016949152542377,0.06497175141242928,-0.19488700564971762,0.02824858757062154,-0.012711864406779627,-0.01412429378531066,-0.0423728813559322,-0.011299435028248594,-0.02824858757062154,-0.08757062146892658,0.024011299435028333,-0.18926553672316382,-0.096045197740113,stop,3.7099200000000003,BEAR,,,,
NRO,2026-01-12,C,SEEN,NRO|1d|inverse|2025-11-20|2025-12-17,True,True,True,3.05,3.04,3.21,2.91,3.0,0.05245901639344264,descending,failed_breakout,STOP,STOP,,9.0,46.0,BREAKOUT→FAILURE,0.022950819672131306,-0.02950819672131144,0.022950819672131306,-0.10160655737704916,0.0,0.004918032786885185,0.0,-0.003278688524590123,-0.01967213114754085,0.0,-0.0016393442622950616,-0.016393442622950727,-0.026229508196721207,-0.01967213114754085,stop,3.05,BULL,,,,
NRXS,2024-07-12,C,SEEN,NRXS|1d|inverse|2024-06-11|2024-06-25,True,True,True,2.94,2.810833333333333,3.601666666666666,2.31,2.56,0.22505668934240353,descending,none,NEITHER,NEITHER,,,,BREAKOUT→NEITHER,0.12585034013605445,-0.18367346938775508,0.2857142857142856,-0.30272108843537415,0.023809523809523725,0.017006802721088565,-0.015306122448979553,0.013605442176870763,0.08503401360544216,0.05782312925170063,0.04761904761904767,0.030612244897959107,0.1054421768707483,0.030612244897959107,time,2.94,BULL,,,,
NRXS,2026-06-26,C,SEEN,NRXS|1d|inverse|2026-05-26|2026-06-09,True,True,True,7.27,7.226875,8.36625,6.38,6.74,0.15079092159559848,descending,failed_retest,STOP,STOP,,21.0,22.0,BREAKOUT→FAILURE,0.02751031636863832,-0.20495185694635476,,,-0.017881705639614887,0.005502063273727709,-0.026134800550206227,-0.015130674002750921,-0.05364511691884455,-0.0729023383768912,-0.05502063273727642,0.005502063273727709,,-0.10178817056396139,stop,7.27,BULL,,,,
NTIP,2019-03-28,C,TEST,NTIP|1d|inverse|2019-03-11|2019-03-18,True,True,True,2.59,2.57,2.7299999999999995,2.41,2.48,0.054054054054053946,horizontal,failed_retest,STOP,STOP,,11.0,31.0,BREAKOUT→FAILURE,0.04247104247104261,-0.07722007722007718,0.04247104247104261,-0.21621621621621623,0.0038610038610038533,0.02316602316602312,0.0347490347490349,-0.01158301158301156,-0.03474903474903468,-0.030888030888030937,-0.04239382239382239,-0.06949806949806936,-0.06563706563706562,-0.04633204633204624,stop,2.59,BEAR,,,,
OBE,2017-02-15,C,TRAIN,OBE|1d|inverse|2017-01-30|2017-02-08,True,True,True,12.04,11.829999999999998,13.019999999999998,10.99,11.62,0.08139534883720922,descending,failed_retest,STOP,STOP,,7.0,14.0,BREAKOUT→FAILURE,0.04651162790697683,-0.17441860465116277,0.04651162790697683,-0.31976744186046513,0.0,0.01744186046511631,0.03488372093023262,0.011627906976744207,-0.05232558139534871,-0.023255813953488302,-0.03488372093023251,-0.09883720930232553,-0.255813953488372,-0.046511627906976605,stop,1.7199999999999998,BULL,,,,
OBE,2017-07-26,C,TRAIN,OBE|1d|inverse|2017-06-21|2017-07-10,True,True,True,8.82,8.7675,10.482500000000002,7.42,8.12,0.1884920634920637,descending,failed_breakout,STOP,STOP,,4.0,11.0,BREAKOUT→FAILURE,0.01587301587301604,-0.35269841269841273,0.1428571428571428,-0.35269841269841273,-0.00793650793650802,-0.031746031746031855,-0.0634920634920636,-0.07936507936507953,-0.15873015873015872,-0.29333333333333333,-0.19841269841269837,-0.19841269841269837,0.03174603174603163,-0.09523809523809523,stop,1.26,BULL,,,,
OBE,2022-05-23,C,SEEN,OBE|1d|inverse|2022-04-25|2022-05-09,True,True,True,8.62,8.067777777777778,10.106111111111112,6.685,7.6,0.17240268110337742,descending,success,CLEAN,CLEAN,6.0,21.0,33.0,BREAKOUT→RETEST→TARGET,0.4524361948955917,-0.25522041763341063,0.4524361948955917,-0.29638051044083524,-0.024361948955916368,0.022041763341067444,0.042923433874710204,0.10556844547563804,0.360788863109049,-0.009280742459396807,-0.14965197215777248,0.061484918793503596,-0.1682134570765661,0.17240268110337742,target,8.62,BEAR,,,,
OBE,2022-08-23,C,SEEN,OBE|1d|inverse|2022-06-24|2022-07-14,True,True,True,9.73,9.369565217391303,12.357408695652172,6.0652,7.54,0.2700317261718572,horizontal,failed_retest,NEITHER,STOP,,22.0,,BREAKOUT→FAILURE,0.058581706063720373,-0.3350462487153135,0.06166495375128456,-0.35765673175745116,0.019527235354573458,0.012332990750256956,-0.0010277492291880241,-0.0349434737923946,-0.1736896197327853,-0.16752312435765682,-0.14799588900308336,-0.20657759506680373,-0.3175745118191162,-0.27646454265159304,stop,9.73,BEAR,,,,
OBE,2022-10-26,C,SEEN,OBE|1d|inverse|2022-09-08|2022-09-26,True,True,True,8.97,8.673529411764706,11.006470588235295,6.47,7.66,0.2270312807397208,horizontal,failed_retest,STOP,STOP,,18.0,31.0,BREAKOUT→FAILURE,0.15161649944258637,-0.2642140468227425,0.15161649944258637,-0.3612040133779264,-0.010033444816053505,-0.01783723522853964,0.018952062430323213,0.007803790412485911,-0.1393534002229655,-0.15496098104793765,-0.26086956521739135,-0.27201783723522854,-0.19063545150501682,-0.1594202898550725,stop,8.97,BEAR,,,,
OBE,2024-03-13,C,SEEN,OBE|1d|inverse|2023-12-12|2024-01-18,True,True,True,7.36,7.220000000000001,8.234285714285715,6.26,6.78,0.1187888198757765,horizontal,none,CLEAN,CLEAN,11.0,,,BREAKOUT→SIDEWAYS→TARGET,0.20040760869565233,0.009877717391304275,0.2316576086956521,-0.06114130434782605,0.04619565217391308,0.044836956521739246,0.07608695652173902,0.0910326086956521,0.10597826086956519,0.17663043478260865,0.1942934782608694,-0.05570652173913049,-0.009510869565217406,0.1187888198757765,target,7.36,BULL,,,,
OBE,2025-02-20,C,SEEN,OBE|1d|inverse|2025-01-27|2025-02-03,True,True,True,6.14,5.6625000000000005,6.19,4.97,5.22,0.008143322475570258,ascending,failed_breakout,DIRTY,DIRTY,24.0,3.0,8.0,BREAKOUT→STOP→TARGET,0.012214983713355165,-0.2280130293159608,0.012214983713355165,-0.3680781758957654,-0.024429967426709998,-0.05211726384364812,-0.15146579804560256,-0.11563517915309451,-0.20032573289902278,-0.05048859934853411,-0.13355048859934848,-0.2247557003257329,-0.08957654723127029,-0.15146579804560256,stop,6.14,BULL,,,,
OGEN,2017-09-11,C,TRAIN,OGEN|1d|inverse|2017-08-10|2017-08-24,True,True,True,6822.0,6727.371428571429,8268.685714285715,5041.8,5760.0,0.2120618168111572,ascending,failed_breakout,CLEAN,DIRTY,9.0,5.0,,BREAKOUT→STOP→TARGET,0.7941952506596306,-0.22823218997361483,0.7941952506596306,-0.841688654353562,0.0026385224274405594,0.0026385224274405594,-0.1029023746701847,-0.1899736147757256,0.42480211081794206,0.0023746701846965035,0.029023746701847042,-0.04221635883905017,-0.5255936675461741,-0.1899736147757256,stop,0.379,BULL,,,,
OGEN,2024-12-19,C,SEEN,OGEN|1d|inverse|2024-10-15|2024-11-19,True,True,True,11.28,10.910526315789475,15.687157894736846,7.626,9.6,0.39070548712206077,descending,success,CLEAN,DIRTY,30.0,15.0,,BREAKOUT→RETEST→TARGET,0.6752659574468085,-0.3239361702127659,0.6752659574468085,-0.5699468085106383,-0.05531914893617007,-0.027925531914893553,0.005319148936170359,0.20611702127659592,0.09042553191489366,-0.24388297872340425,-0.21276595744680837,-0.3199468085106383,-0.48164893617021265,-0.211968085106383,stop,0.376,BULL,,,,
OGEN,2026-01-15,C,SEEN,OGEN|1d|inverse|2025-12-16|2025-12-31,True,True,True,0.9372,0.9239222222222223,1.0929555555555557,0.735,0.8101,0.16619244084032836,ascending,failed_retest,DIRTY,DIRTY,37.0,6.0,14.0,BREAKOUT→STOP→TARGET,0.09901835253947922,-0.3479513444302177,0.18437900128040985,-0.4624413145539906,0.013657703798548804,0.03499786598378152,0.05633802816901401,-0.084400341442595,-0.10285958173282117,-0.2995091762697397,-0.11256935552710201,-0.30110968843363206,-0.3715322236448998,-0.14073836961160902,stop,0.9372,BULL,,,,
OPHC,2021-10-15,C,,OPHC|1d|inverse|2021-08-19|2021-09-17,True,True,True,5.86,5.348947368421052,6.0826315789473675,4.51,4.94,0.037991737021735084,ascending,failed_retest,CLEAN,CLEAN,4.0,25.0,28.0,BREAKOUT→RETEST→TARGET,0.06482935153583602,-0.36348122866894206,0.06482935153583602,-0.36348122866894206,-0.03071672354948818,-0.06655290102389089,-0.027303754266211677,-0.07167235494880542,-0.10409556313993173,-0.11092150170648474,-0.2730375426621161,-0.2764505119453925,-0.3063139931740614,0.037991737021735084,target,5.86,BULL,,,,
OPTT,2021-07-02,C,,OPTT|1d|inverse|2021-04-20|2021-05-11,True,True,True,88.8,81.21290322580646,109.97419354838709,54.6,67.8,0.2384481255448998,horizontal,failed_retest,NEITHER,STOP,,5.0,,BREAKOUT→FAILURE,0.0033783783783782884,-0.4054054054054054,0.0033783783783782884,-0.4054054054054054,-0.04391891891891886,-0.17905405405405395,-0.21283783783783772,-0.2533783783783784,-0.3614864864864864,-0.3547297297297297,-0.3682432432432432,-0.18581081081081086,-0.2668918918918919,-0.2533783783783784,stop,2.96,BULL,,,,
OPTT,2024-03-18,C,SEEN,OPTT|1d|inverse|2024-02-22|2024-03-05,True,True,True,9.216,9.100000000000001,11.000000000000002,7.5,8.511,0.19357638888888906,descending,failed_retest,STOP,STOP,,4.0,15.0,BREAKOUT→FAILURE,0.04166666666666674,-0.42513020833333326,0.853190104166667,-0.609375,-0.02343749999999989,-0.06901041666666663,-0.07226562499999989,-0.1630859374999999,-0.13736979166666663,-0.3134765625,-0.37174479166666663,-0.5013020833333333,0.0035807291666667407,-0.11783854166666652,stop,0.3072,BULL,,,,
PED,2018-04-03,C,VAL,PED|1d|inverse|2018-01-22|2018-02-08,True,True,True,6.632,6.414451612903226,8.858064516129032,5.16,5.8,0.3356550838554029,descending,touch_no_follow,CLEAN,CLEAN,60.0,,,BREAKOUT→RETEST→TARGET,0.16103739445114607,-0.09529553679131475,12.38962605548854,-0.09529553679131475,-0.029553679131483657,-0.02020506634499386,-0.06544028950542813,-0.03558504221954162,-0.01055488540410121,-0.05006031363088059,-0.019601930036188153,6.147165259348613,5.332931242460797,0.3356550838554029,target,0.3316,BULL,,,,
PED,2018-09-24,C,VAL,PED|1d|inverse|2018-07-25|2018-08-17,True,True,True,56.0,49.772571428571425,69.01478571428571,32.6,39.16,0.232406887755102,descending,failed_breakout,STOP,STOP,,21.0,30.0,BREAKOUT→FAILURE,0.08571428571428563,-0.4392857142857143,0.08571428571428563,-0.8293178571428572,-0.22499999999999998,-0.20714285714285718,-0.21785714285714286,-0.21785714285714286,-0.2571428571428571,-0.27142857142857146,-0.42499999999999993,-0.6571071428571429,-0.4928571428571429,-0.3142857142857143,stop,2.8000000000000003,BULL,,,,
PED,2021-05-04,C,TEST,PED|1d|inverse|2021-03-29|2021-04-20,True,True,True,28.4,27.900000000000002,35.75,21.8,25.4,0.2588028169014085,descending,touch_no_follow,NEITHER,STOP,,50.0,,BREAKOUT→NEITHER,0.23943661971830998,-0.08450704225352113,0.23943661971830998,-0.34521197183098584,0.014084507042253502,-0.04929577464788726,-0.035211267605633756,0.021126760563380254,-0.014084507042253502,0.06338028169014098,0.05633802816901423,-0.18309859154929575,-0.15492957746478864,-0.11971830985915488,stop,1.42,BULL,,,,
PED,2021-09-13,C,,PED|1d|inverse|2021-07-19|2021-08-19,True,True,True,27.0,25.303448275862067,32.231606206896544,18.59598,22.2,0.19376319284802013,horizontal,none,CLEAN,CLEAN,14.0,54.0,,BREAKOUT→SIDEWAYS→TARGET,0.7925185185185186,-0.029629629629629672,0.7925185185185186,-0.2872592592592592,0.0,0.03703703703703698,0.059259259259259345,0.04444444444444451,0.06666666666666665,0.4444444444444444,0.11111111111111116,-0.09629629629629632,-0.15555555555555556,0.19376319284802013,target,1.35,BULL,,,,
PLAG,2017-01-17,C,TRAIN,PLAG|1d|inverse|2016-12-01|2016-12-23,True,True,True,152.5,147.005,186.9925,117.5,125.0,0.22618032786885256,descending,stalled,NEITHER,NEITHER,,,,BREAKOUT→NEITHER,0.004262295081967293,-0.16393442622950816,0.004262295081967293,-0.38081967213114754,0.0,-0.06557377049180324,-0.032786885245901676,-0.016393442622950838,-0.049180327868852514,-0.016393442622950838,-0.032786885245901676,-0.0821311475409836,-0.25409836065573765,-0.0821311475409836,time,0.61,BULL,,,,
PLAG,2022-04-11,C,SEEN,PLAG|1d|inverse|2021-12-20|2022-01-18,True,True,True,11.0,10.0,13.827571428571428,7.001,7.5,0.257051948051948,descending,failed_breakout,STOP,STOP,,11.0,16.0,BREAKOUT→FAILURE,0.1454545454545455,-0.6909090909090909,0.1454545454545455,-0.6909090909090909,-0.25436363636363635,-0.054545454545454564,-0.09090909090909094,-0.15181818181818185,-0.2452727272727273,-0.5910009090909091,-0.5825454545454546,-0.25,-0.2859090909090909,-0.33818181818181814,stop,1.1,BEAR,,,,
PLAG,2022-12-01,C,SEEN,PLAG|1d|inverse|2022-10-28|2022-11-09,True,True,True,5.89401,5.747571428571428,6.581214285714285,5.17,5.52,0.1165936748859071,descending,none,CLEAN,CLEAN,3.0,,,BREAKOUT→TARGET,0.67967139519614,-0.06345594934518273,0.67967139519614,-0.2702760938647881,-0.016628746812441753,0.05530869475959488,0.11978093013075997,0.5189997981001049,0.3158494810833372,0.051915419213744096,0.08483019200849684,0.0010162860259823603,-0.19409705786043796,0.1165936748859071,target,0.589401,SIDE,,,,
PLG,2026-08-21,C,SEEN,PLG|1d|inverse|2026-06-09|2026-07-17,True,True,True,1.64,1.601794871794872,2.0492307692307694,1.18,1.4,0.24953095684803017,horizontal,failed_breakout,,,,,,,,,,,-0.012195121951219412,-0.030487804878048697,-0.07926829268292679,-0.08536585365853655,-0.07926829268292679,-0.1402439024390244,,,,,,1.64,BULL,,,,
PLX,2020-06-08,C,TEST,PLX|1d|inverse|2020-05-04|2020-05-14,True,True,True,3.85,3.6325,4.495,2.81,3.22,0.16753246753246764,horizontal,success,NEITHER,NEITHER,,,,BREAKOUT→NEITHER,0.12467532467532472,-0.1298701298701299,0.12467532467532472,-0.1350649350649351,0.0,-0.01558441558441559,-0.051948051948051965,-0.023376623376623495,0.04675324675324677,-0.06493506493506496,-0.04415584415584417,-0.04675324675324677,-0.03376623376623378,-0.04675324675324677,time,3.85,SIDE,,,,
PLX,2020-09-28,C,TEST,PLX|1d|inverse|2020-08-27|2020-09-10,True,True,True,3.68,3.634,4.022,3.33,3.44,0.0929347826086957,descending,none,CLEAN,CLEAN,1.0,23.0,24.0,BREAKOUT→TARGET,0.1005434782608694,-0.15217391304347827,0.3342391304347825,-0.15217391304347827,0.059782608695652106,0.05163043478260865,0.048913043478260754,0.05163043478260865,0.021739130434782483,-0.05163043478260865,-0.1059782608695653,-0.057065217391304324,0.3342391304347825,0.0929347826086957,target,3.68,BULL,,,,
PLX,2021-04-09,C,TEST,PLX|1d|inverse|2021-02-17|2021-03-05,True,True,True,5.26,5.191111111111112,7.095555555555556,3.82,4.395,0.34896493451626553,descending,none,STOP,STOP,,13.0,14.0,BREAKOUT→FAILURE,0.2623574144486691,-0.5038022813688212,0.2623574144486691,-0.752851711026616,0.0076045627376426506,0.081749049429658,0.1539923954372624,0.17870722433460084,0.18250950570342206,-0.42205323193916344,-0.4467680608365019,-0.6596958174904943,-0.7395437262357414,-0.25285171102661586,stop,5.26,BULL,,,,
PLX,2021-10-19,C,,PLX|1d|inverse|2021-10-01|2021-10-11,True,True,True,1.24,1.2275,1.4200000000000002,1.14,1.2,0.14516129032258074,descending,failed_breakout,STOP,STOP,,1.0,4.0,BREAKOUT→FAILURE,0.040322580645161255,-0.3063709677419355,0.040322580645161255,-0.435483870967742,-0.040322580645161366,-0.05645161290322587,-0.06451612903225812,-0.08870967741935487,-0.08870967741935487,-0.11290322580645151,-0.2833870967741936,-0.28629032258064513,-0.3233870967741935,-0.040322580645161366,stop,1.24,BULL,,,,
PRK,2016-07-08,C,TRAIN,PRK|1d|inverse|2016-06-17|2016-06-27,True,True,True,91.24,89.86,97.352,85.44,87.553,0.06698816308636579,descending,none,NEITHER,NEITHER,,,,BREAKOUT→NEITHER,0.05419772029811498,-0.039894782989916666,0.2457255589653662,-0.039894782989916666,0.014905743095133817,0.03562034195528274,0.0363875493204735,0.05370451556334954,0.0485532661113548,0.008768084173608193,0.0023016220955722755,0.03529153879877245,0.2201885138097326,0.03529153879877245,time,91.24,BULL,,,,
PRK,2018-02-26,C,VAL,PRK|1d|inverse|2018-01-26|2018-02-09,True,True,True,104.83,103.92550909090909,111.94513636363635,97.6967,102.0,0.0678730932331999,descending,failed_breakout,CLEAN,DIRTY,48.0,2.0,,BREAKOUT→STOP→TARGET,0.056949346561098846,-0.04120957741104636,0.13517122960984462,-0.04120957741104636,-0.013545740723075461,-0.036344557855575665,-0.03119336067919487,0.0019078508060670352,0.02041400362491652,-0.014881236287322408,-0.008012973385481237,0.09844510159305542,0.0598111227701994,-0.036344557855575665,stop,104.83,BULL,,,,
PRK,2026-06-04,C,SEEN,PRK|1d|inverse|2026-04-27|2026-05-15,True,True,True,172.97,171.26500000000001,182.8475,162.9,167.75,0.0571052783719721,descending,none,CLEAN,CLEAN,14.0,,,BREAKOUT→SIDEWAYS→TARGET,0.11447071746545645,-0.007573567670694392,,,0.00040469445568591667,0.0031219286581487538,0.017517488581834995,0.02769266346765331,0.021101925189339177,0.07001214083367069,0.08325143088396825,0.12903971787015078,,0.0571052783719721,target,172.97,BULL,,,,
PW,2021-03-26,C,TEST,PW|1d|inverse|2021-02-26|2021-03-05,True,True,True,460.8,439.07142857142856,537.745,324.755,396.6,0.1669813368055555,ascending,success,NEITHER,STOP,,32.0,,BREAKOUT→NEITHER,0.10264756944444442,-0.12152777777777779,0.10264756944444442,-0.23849826388888895,-0.03190104166666663,-0.05598958333333337,-0.01822916666666674,0.04839409722222232,0.04383680555555558,-0.03493923611111116,-0.10915798611111116,-0.16688368055555558,-0.21571180555555558,-0.19314236111111116,stop,46.080000000000005,BULL,,,,
PW,2021-11-08,C,,PW|1d|inverse|2021-10-18|2021-10-27,True,True,True,563.5,513.0333333333334,587.4000000000001,470.0,490.0,0.042413487133984296,descending,none,CLEAN,CLEAN,3.0,,,BREAKOUT→TARGET,0.2582058562555458,-0.09387755102040807,0.4550133096716946,-0.29671694764862466,0.004081632653061051,0.0078083407275952865,0.02395740905057675,0.19645075421472935,-0.01437444543034605,-0.008340727595386066,0.03904170363797688,0.09050576752440098,-0.1604259094942324,0.042413487133984296,target,56.35,BULL,,,,
PW,2024-03-25,C,SEEN,PW|1d|inverse|2023-11-13|2023-12-11,True,True,True,7.85827,7.118363636363637,9.553,5.0,5.35,0.2156619714008301,horizontal,failed_breakout,DIRTY,DIRTY,48.0,7.0,22.0,BREAKOUT→STOP→TARGET,0.04348667073032608,-0.49047309395070426,1.4178349687653897,-0.49047309395070426,0.00556611060704193,-0.01326882379964045,-0.032738758021803815,-0.26561444185552296,-0.3382767453905249,-0.3637276397985816,-0.45267851575473994,0.06690149358573838,0.27254472040283684,-0.3376404730303235,stop,0.785827,BULL,,,,
PW,2026-03-17,C,SEEN,PW|1d|inverse|2026-02-04|2026-02-17,True,True,True,8.971,8.878769230769231,11.72723076923077,7.298,8.301,0.3072378518817045,descending,failed_breakout,DIRTY,DIRTY,59.0,2.0,35.0,BREAKOUT→STOP→TARGET,0.025526697135213272,-0.21970794783190284,0.4401961877159737,-0.44264853416564487,-0.03912607290157177,-0.08594359603165769,-0.08594359603165769,-0.1595139895217924,-0.05250250808159629,-0.027477427265633625,-0.15934678408204217,0.26184371864898015,0.004347341433508012,-0.08594359603165769,stop,0.8971,BULL,,,,
PZG,2025-01-17,C,SEEN,PZG|1d|inverse|2024-12-11|2024-12-30,True,True,True,0.3977,0.3808470588235294,0.4471529411764706,0.312,0.3515,0.12434735020485443,horizontal,failed_retest,NEITHER,STOP,,14.0,,BREAKOUT→FAILURE,0.07643952728187076,-0.19512195121951226,0.4458134272064369,-0.19512195121951226,0.056072416394266966,-0.0344480764395273,-0.04450590897661555,-0.0641186824239377,-0.024390243902438935,-0.03168217249182803,-0.09831531305003782,-0.03193361830525521,0.4055820970580841,-0.1174251948705054,stop,0.3977,BULL,,,,
QNC,2022-01-18,C,SEEN,QNC|1d|inverse|2021-12-06|2021-12-20,True,True,True,0.19958,0.17053157894736842,0.24358868421052632,0.095685,0.1231,0.22050648467043943,horizontal,failed_breakout,CLEAN,CLEAN,33.0,,,BREAKOUT→STOP→TARGET,0.12736747169055018,-0.3283395129772523,0.903998396632929,-0.430303637639042,-0.01643451247620009,0.06400941978154107,-0.07856498647159038,-0.21084276981661487,-0.007916624912315817,-0.1301733640645355,-0.09960917927648061,0.3408157129972942,0.19601162441126352,0.25162841968133076,target,0.19958,SIDE,,,,
QNC,2023-04-14,C,SEEN,QNC|1d|inverse|2023-03-10|2023-03-30,True,True,True,0.0614,0.05586666666666667,0.07053333333333334,0.0427,0.04985,0.14875135722041266,descending,failed_breakout,STOP,STOP,,4.0,56.0,BREAKOUT→FAILURE,0.03908794788273595,-0.33061889250814336,0.07003257328990209,-0.5879478827361564,-0.0016286644951140072,-0.04967426710097722,-0.039087947882736285,-0.23371335504885993,-0.14332247557003264,-0.0912052117263844,-0.10423452768729646,-0.46416938110749195,-0.3894951140065147,-0.21824104234527686,stop,0.0614,SIDE,,,,
QNC,2025-09-18,C,SEEN,QNC|1d|inverse|2025-08-01|2025-08-20,True,True,True,1.06,1.0258533333333333,1.3216333333333332,0.69314,0.78,0.24682389937106897,horizontal,success,CLEAN,CLEAN,13.0,,,BREAKOUT→RETEST→TARGET,2.4716981132075473,-0.05660377358490576,3.0566037735849054,-0.05660377358490576,-0.013207547169811318,0.037735849056603765,0.01037735849056598,-0.009433962264150941,-0.009433962264150941,0.5033603773584905,2.188679245283019,0.8867924528301885,2.641509433962264,0.24682389937106897,target,1.06,BULL,,,,
QNC,2026-08-12,C,SEEN,QNC|1d|inverse|2026-07-20|2026-07-29,True,True,True,2.41,2.327142857142857,2.7299999999999995,1.91,2.14,0.13278008298755162,horizontal,failed_retest,,,,,,,0.056016597510373245,-0.32157676348547726,,,-0.008298755186721962,0.008298755186721962,-0.07468879668049799,-0.07468879668049799,-0.13278008298755195,-0.2904564315352698,-0.2157676348547719,,,,,2.41,BULL,,,,
RCG,2017-12-05,C,TRAIN,RCG|1d|inverse|2017-11-10|2017-11-20,True,True,True,1.44,1.40446,1.56912,1.26,1.32,0.08966666666666678,horizontal,failed_breakout,CLEAN,CLEAN,9.0,59.0,,BREAKOUT→STOP→TARGET,0.5277777777777779,-0.06756944444444446,0.5277777777777779,-0.2152777777777778,-0.0412499999999999,-0.00694444444444442,0.01388888888888884,-0.02777777777777779,0.2708333333333335,0.12500000000000022,0.18055555555555558,-0.07638888888888884,-0.02777777777777779,0.08966666666666678,target,1.44,BULL,,,,
RCG,2019-01-07,C,TEST,RCG|1d|inverse|2018-12-10|2018-12-26,True,True,True,1.5,1.491,1.64,1.36,1.45,0.09333333333333327,descending,touch_no_follow,CLEAN,CLEAN,3.0,58.0,,BREAKOUT→TARGET,0.28,-0.033333333333333326,0.28,-0.06000000000000005,0.03333333333333344,0.08000000000000007,0.07333333333333347,0.08000000000000007,0.08000000000000007,0.11333333333333329,0.2666666666666666,0.013400000000000079,0.046666666666666634,0.09333333333333327,target,1.5,BEAR,,,,
RCG,2026-06-30,C,SEEN,RCG|1d|inverse|2026-05-08|2026-05-20,True,True,True,2.9904,2.9803,3.2944000000000004,2.5501,2.63,0.10165864098448374,ascending,failed_retest,NEITHER,NEITHER,,,,BREAKOUT→FAILURE,0.03999464954521126,-0.06367041198501888,,,0.019261637239165186,0.006554307116104718,0.006554307116104718,0.009898341359015461,-0.0018057784911718056,-0.013476457998929936,-0.04360620652755498,0.006554307116104718,,0.006554307116104718,time,2.9904,BULL,,,,
REED,2017-01-20,C,TRAIN,REED|1d|inverse|2016-11-03|2016-12-15,True,True,True,387000.0,376961.53846153844,425925.0,337950.0,351000.0,0.10058139534883725,descending,failed_retest,STOP,STOP,,29.0,30.0,BREAKOUT→FAILURE,0.011627906976744207,-0.17441860465116277,0.10465116279069764,-0.313953488372093,0.0,0.011627906976744207,0.011627906976744207,0.011627906976744207,-0.046511627906976716,-0.06976744186046513,-0.12790697674418605,-0.023255813953488413,-0.2790697674418605,-0.11627906976744184,stop,1290.0,BULL,,,,
REED,2023-08-25,C,SEEN,REED|1d|inverse|2023-02-15|2023-05-08,True,True,True,135.0,124.65999999999998,203.67999999999995,54.0,79.2,0.5087407407407403,horizontal,stalled,NEITHER,STOP,,56.0,,BREAKOUT→NEITHER,0.0,-0.19999999999999996,0.0,-0.6,-0.12,-0.07999999999999996,-0.1173333333333334,-0.1146666666666667,-0.09599999999999997,-0.09066666666666667,-0.19733333333333336,-0.4666666666666667,-0.4973333333333333,-0.4666666666666667,stop,22.5,BULL,,,,
REI,2017-12-01,C,TRAIN,REI|1d|inverse|2017-10-12|2017-10-25,True,True,True,14.5,14.394117647058824,16.290588235294116,11.58,12.47,0.12348884381338743,ascending,failed_retest,NEITHER,NEITHER,,,,BREAKOUT→FAILURE,0.09999310344827572,-0.1162344827586207,0.10965517241379308,-0.11931034482758629,0.020689655172413834,-0.0055172413793103114,-0.0868965517241379,-0.0772413793103448,-0.11448275862068968,0.0034482758620690834,0.07241379310344831,-0.05034482758620695,0.02137931034482765,-0.05034482758620695,time,14.5,BULL,,,,
REI,2020-05-26,C,TEST,REI|1d|inverse|2020-03-09|2020-04-21,True,True,True,1.18,1.01495,1.40506,0.5182,0.68,0.19072881355932214,ascending,success,CLEAN,CLEAN,9.0,,,BREAKOUT→RETEST→TARGET,0.745762711864407,-0.10169491525423724,0.745762711864407,-0.46584745762711866,0.05932203389830515,0.016949152542372836,0.008474576271186418,-0.008474576271186418,0.6101694915254237,0.15254237288135597,-0.07627118644067787,-0.14406779661016944,-0.42432203389830503,0.4661016949152543,target,1.18,BEAR,,,,
REI,2022-01-03,C,SEEN,REI|1d|inverse|2021-12-02|2021-12-15,True,True,True,2.61,2.5634615384615382,3.111538461538461,2.02,2.235,0.19216033009136457,horizontal,touch_no_follow,CLEAN,CLEAN,31.0,,,BREAKOUT→RETEST→TARGET,0.17624521072796928,-0.10467432950191558,0.9501915708812261,-0.10467432950191558,0.04597701149425282,0.011494252873563315,0.06896551724137945,0.015325670498084198,0.06130268199233724,0.00766283524904221,0.11877394636015337,0.5057471264367817,0.48275862068965525,0.19216033009136457,target,2.61,BULL,,,,
REI,2026-01-14,C,SEEN,REI|1d|inverse|2025-11-21|2025-12-16,True,True,True,0.973,0.9494736842105262,1.0829473684210527,0.831,0.876,0.11299832314599456,descending,success,CLEAN,CLEAN,7.0,,,BREAKOUT→RETEST→TARGET,0.4594039054470709,-0.05292908530318596,1.0554984583761562,-0.05292908530318596,-0.0030832476875641834,-0.0030832476875641834,-0.031449126413155115,0.027749229188078095,0.19218910585817062,0.2435765673175745,0.4491264131551902,0.4182939362795477,0.35662898252826314,0.11299832314599456,target,0.973,BULL,,,,
REPX,2017-09-07,C,TRAIN,REPX|1d|inverse|2017-07-28|2017-08-16,True,True,True,8.764704,8.106319434782609,9.909074739130435,6.60264,7.20288,0.1305658170692856,descending,touch_no_follow,CLEAN,DIRTY,60.0,25.0,,BREAKOUT→RETEST→TARGET,0.07848251349960012,-0.20558823207264043,0.6299137997130309,-0.21928498669207763,-0.00013691278108207694,-0.013833667400519167,-0.06862068587826808,-0.028352240988400834,-0.10930009729934986,-0.1371044589754542,-0.1695657948060768,0.30119168884653713,0.06834686031610437,-0.18791940948604768,stop,0.7303919999999999,BULL,,,,
REPX,2021-09-15,C,,REPX|1d|inverse|2021-07-20|2021-08-19,True,True,True,22.92,22.187777777777775,28.43222222222222,16.25,20.025,0.24049835175489598,horizontal,failed_retest,STOP,STOP,,48.0,57.0,BREAKOUT→FAILURE,0.19982547993019195,-0.06786212914485179,0.29755671902268754,-0.3224258289703317,0.05977312390924938,0.02617801047120416,-0.021815008726003504,-0.041884816753926746,0.018760907504362878,0.12827225130890052,0.12347294938917974,-0.22513089005235598,-0.002617801047120505,-0.1627399650959861,stop,22.92,BULL,,,,
REPX,2022-08-22,C,SEEN,REPX|1d|inverse|2022-07-26|2022-08-10,True,True,True,28.31,27.849615384615383,31.519999999999996,25.05,26.72,0.11338749558459904,descending,failed_retest,DIRTY,DIRTY,54.0,4.0,6.0,BREAKOUT→STOP→TARGET,0.038873189685623366,-0.4380077711056164,0.20063581773225025,-0.4380077711056164,-0.012363122571529384,-0.014482515012363084,-0.022253620628753024,-0.09007417873542911,-0.12857647474390665,-0.22606852702225355,-0.2652772871776756,0.15542211232779946,0.05581066760861897,-0.07453196750264923,stop,28.31,BEAR,,,,
REPX,2022-10-18,C,SEEN,REPX|1d|inverse|2022-09-16|2022-09-26,True,True,True,25.7,24.398,32.65133333333333,15.91,21.3077,0.2704798962386512,horizontal,success,CLEAN,CLEAN,18.0,,,BREAKOUT→RETEST→TARGET,0.3225680933852142,-0.030739299610894943,0.41984046692607,-0.030739299610894943,0.05214007782101171,0.03151750972762657,0.04280155642023353,0.12529182879377432,0.16070038910505824,0.27276264591439703,0.26498054474708166,0.36031128404669266,0.19066147859922178,0.2704798962386512,target,25.7,BEAR,,,,
REPX,2026-08-20,C,SEEN,REPX|1d|inverse|2026-05-29|2026-07-06,True,True,True,37.97,37.829655172413794,43.20537931034483,31.646,32.52,0.137881993951668,ascending,failed_breakout,,,,,,,,,,,0.005267316302344005,-0.009217803529101953,-0.016065314722149004,0.008164340268633108,0.10850671582828553,0.1493284171714513,,,,,,37.97,BULL,,,,
RLGT,2018-01-22,C,VAL,RLGT|1d|inverse|2017-12-12|2017-12-20,True,True,True,5.12,4.976,5.410733333333334,4.3546,4.58,0.05678385416666676,ascending,failed_retest,STOP,STOP,,10.0,14.0,BREAKOUT→FAILURE,0.005859375,-0.3144531250000001,0.005859375,-0.32421875,0.0,-0.013671875,-0.009765625,-0.01953125000000011,-0.123046875,-0.296875,-0.26171875,-0.232421875,-0.208984375,-0.123046875,stop,5.12,BULL,,,,
RLGT,2018-05-17,C,VAL,RLGT|1d|inverse|2018-04-12|2018-05-01,True,True,True,4.08,3.783333333333333,4.246666666666666,3.46,3.68,0.040849673202614234,descending,none,CLEAN,CLEAN,39.0,,,BREAKOUT→SIDEWAYS→TARGET,0.03676470588235303,-0.06127450980392157,0.3848039215686274,-0.06127450980392157,-0.01715686274509809,0.014705882352941124,-0.004901960784313819,-0.004901960784313819,0.007352941176470562,0.004901960784313708,-0.04166666666666663,0.022058823529411686,0.34558823529411775,0.040849673202614234,target,4.08,BULL,,,,
RLGT,2021-11-01,C,,RLGT|1d|inverse|2021-09-20|2021-10-13,True,True,True,7.08,6.995000000000001,7.827000000000002,6.02,6.37,0.10550847457627133,ascending,none,CLEAN,CLEAN,7.0,58.0,60.0,BREAKOUT→TARGET,0.2344632768361583,-0.026836158192090398,0.2344632768361583,-0.19985875706214684,-0.01412429378531066,-0.008474576271186529,-0.01412429378531066,0.039548022598870025,0.18926553672316393,0.06497175141242928,0.004237288135593209,-0.153954802259887,-0.11864406779661019,0.10550847457627133,target,7.08,BULL,,,,
RLGT,2022-06-06,C,SEEN,RLGT|1d|inverse|2022-03-14|2022-04-27,True,True,True,7.14,6.865428571428572,8.033828571428572,5.66,6.21,0.12518607442977192,horizontal,failed_retest,CLEAN,CLEAN,49.0,,,BREAKOUT→STOP→TARGET,0.08823529411764697,-0.08823529411764708,0.13303921568627453,-0.23389355742296913,-0.011204481792717047,-0.03501400560224088,-0.0056022408963585235,-0.04621848739495804,-0.01680672268907568,0.0014005602240896309,0.050420168067226934,-0.019607843137254832,-0.19467787114845936,0.12518607442977192,target,7.14,BEAR,,,,
RVP,2023-07-19,C,SEEN,RVP|1d|inverse|2023-06-27|2023-07-10,True,True,True,1.23,1.198888888888889,1.3433333333333333,1.07,1.13,0.09214092140921415,descending,failed_breakout,NEITHER,STOP,,4.0,,BREAKOUT→FAILURE,0.08943089430894324,-0.14634146341463405,0.08943089430894324,-0.22764227642276424,-0.04878048780487809,-0.0325203252032521,-0.056910569105691144,-0.06504065040650409,-0.07317073170731714,-0.08943089430894302,-0.04878048780487809,-0.06504065040650409,-0.08130081300813019,-0.08943089430894302,stop,1.23,BULL,,,,
RVP,2023-10-16,C,SEEN,RVP|1d|inverse|2023-08-28|2023-09-25,True,True,True,1.2,1.1846666666666665,1.3458333333333332,1.0935,1.13,0.12152777777777768,descending,failed_breakout,STOP,STOP,,8.0,8.0,BREAKOUT→FAILURE,0.025000000000000133,-0.20833333333333337,0.1166666666666667,-0.20833333333333337,-0.033333333333333326,-0.025000000000000022,-0.008333333333333304,0.008333333333333304,-0.08333333333333326,-0.1916658333333333,-0.09999999999999987,-0.05008333333333337,0.07500000000000018,-0.10833333333333328,stop,1.2,BEAR,,,,
RVP,2024-01-12,C,SEEN,RVP|1d|inverse|2023-10-25|2023-11-09,True,True,True,1.2,1.1752631578947368,1.377894736842105,0.95,1.0419,0.14824561403508763,horizontal,touch_no_follow,NEITHER,NEITHER,,,,BREAKOUT→NEITHER,0.1166666666666667,-0.04166666666666674,0.1166666666666667,-0.27583333333333326,-0.025000000000000022,-0.01666666666666672,0.004166666666666874,0.016666666666666607,0.025000000000000133,0.025000000000000133,0.07500000000000018,-0.08333333333333326,-0.2354166666666666,-0.08333333333333326,time,1.2,BULL,,,,
RVP,2025-05-13,C,SEEN,RVP|1d|inverse|2025-03-05|2025-04-04,True,True,True,0.76,0.7544705882352941,0.8665882352941177,0.65,0.7,0.14024767801857596,horizontal,failed_breakout,STOP,STOP,,6.0,6.0,BREAKOUT→FAILURE,0.05263157894736836,-0.18342105263157893,0.14473684210526305,-0.1842105263157895,0.001315789473684159,-0.013157894736842146,-0.052631578947368474,-0.06447368421052635,-0.09868421052631571,-0.10684342105263156,-0.12960526315789478,0.019736842105263275,0.0926315789473684,-0.1757894736842106,stop,0.76,BEAR,,,,
RYDE,2025-11-26,C,SEEN,RYDE|1d|inverse|2025-10-17|2025-11-03,True,True,True,0.52,0.4910000000000001,0.6805000000000001,0.4035,0.45,0.3086538461538464,descending,failed_retest,STOP,STOP,,12.0,13.0,BREAKOUT→FAILURE,0.009807692307692184,-0.5384615384615385,1.5192307692307692,-0.6057692307692308,0.009807692307692184,-0.02423076923076939,-0.04038461538461546,-0.052115384615384674,-0.0986538461538462,-0.45288461538461544,-0.41326923076923083,-0.5596153846153846,1.25,-0.15403846153846157,stop,0.52,BULL,,,,
SACH,2019-10-01,C,TEST,SACH|1d|inverse|2019-08-22|2019-09-09,True,True,True,4.74,4.713333333333334,5.103333333333334,4.51,4.61,0.07665260196905788,descending,touch_no_follow,STOP,STOP,,10.0,23.0,BREAKOUT→FAILURE,0.03375527426160341,-0.135,0.03375527426160341,-0.135,-0.012658227848101333,0.002109704641350074,0.0,0.02320675105485215,-0.03375527426160341,-0.02320675105485237,-0.09704641350210974,-0.08227848101265833,-0.10337552742616041,-0.03375527426160341,stop,4.74,SIDE,,,,
SACH,2020-07-22,C,TEST,SACH|1d|inverse|2020-06-24|2020-07-13,True,True,True,3.45,2.959590909090909,3.2257545454545458,2.75,2.84,-0.06499868247694329,descending,none,CLEAN,CLEAN,1.0,,,BREAKOUT→TARGET,0.08405797101449286,-0.08695652173913049,0.2753623188405798,-0.08695652173913049,0.017391304347825987,0.008695652173912993,0.03478260869565197,0.03188405797101446,-0.02898550724637683,0.02898550724637672,0.005797101449275477,0.1942028985507247,0.20904347826086944,-0.01449275362318847,target,3.45,SIDE,,,,
SACH,2025-01-24,C,SEEN,SACH|1d|inverse|2024-12-20|2025-01-10,True,True,True,1.25,1.225,1.4525,1.11,1.2,0.16199999999999992,descending,failed_retest,STOP,STOP,,4.0,9.0,BREAKOUT→FAILURE,0.07200000000000006,-0.19999999999999996,0.07200000000000006,-0.35952000000000006,0.016000000000000014,-0.02400000000000002,-0.03200000000000003,-0.03200000000000003,-0.17599999999999993,-0.1359999999999999,-0.04800000000000004,-0.17599999999999993,-0.20623999999999998,-0.06400000000000006,stop,1.25,BULL,,,,
SDEV,2017-06-20,C,TRAIN,SDEV|1d|inverse|2017-05-22|2017-06-02,True,True,True,18987.5,17976.875,21805.0,13781.25,15006.25,0.1483870967741936,horizontal,none,CLEAN,CLEAN,2.0,,,BREAKOUT→TARGET,0.37096774193548376,0.016129032258064502,0.6129032258064515,0.016129032258064502,0.06451612903225801,0.08064516129032251,0.14516129032258074,0.24193548387096775,0.17741935483870974,0.22580645161290325,0.37096774193548376,0.35483870967741926,0.4193548387096775,0.1483870967741936,target,3.1,BULL,,,,
SEB,2016-07-12,C,TRAIN,SEB|1d|inverse|2016-06-16|2016-06-27,True,True,True,2907.46,2891.1425000000004,3187.8975000000005,2590.0,2730.0,0.0964544654096704,horizontal,failed_retest,CLEAN,CLEAN,22.0,,,BREAKOUT→STOP→TARGET,0.12813245925997263,-0.03180095340950517,0.313861583650334,-0.03180095340950517,-0.011852269678688576,0.009472185343908368,0.01119189945863397,0.02807605263700963,0.016351041802810773,0.0731016075887545,0.10728608476126933,0.2189333645174827,0.2949447283883526,0.0964544654096704,target,2907.46,BULL,,,,
SEB,2026-09-16,C,SEEN,SEB|1d|inverse|2026-08-11|2026-08-31,True,True,True,4324.94,4301.967727272728,4905.680354545455,3850.0101,4221.3,0.13427708928804916,descending,failed_breakout,,,,,,,,,,,-0.017567873773971288,-0.012162018432625543,-0.03608373757786221,-0.08113176136547551,-0.0871549663116713,,,,,,,4324.94,BULL,,,,
SER,2021-01-12,C,TEST,SER|1d|inverse|2020-12-11|2020-12-31,True,True,True,59.4373,57.3271,64.3611,52.755,54.8652,0.08284023668639051,descending,none,CLEAN,CLEAN,1.0,,,BREAKOUT→TARGET,0.8106508875739644,0.011715976331361011,0.8106508875739644,-0.3254437869822485,0.029585798816567976,0.1479289940828401,0.08875739644970415,0.12426035502958577,0.06508875739644959,0.5976331360946745,0.23964497041420119,-0.035502958579881616,-0.23076923076923084,0.08284023668639051,target,1.6642444,BULL,,,,
SER,2021-02-03,C,TEST,SER|1d|inverse|2020-10-23|2020-11-17,True,True,True,72.4502,68.69873333333335,88.82378888888891,49.5897,52.755,0.2259978425026974,horizontal,none,CLEAN,CLEAN,3.0,50.0,52.0,BREAKOUT→TARGET,0.4854368932038835,-0.11650485436893199,0.4854368932038835,-0.44660194174757273,0.01941747572815533,0.01941747572815533,0.30097087378640786,0.3106796116504855,0.14077669902912637,0.08252427184466038,-0.08737864077669888,-0.33009708737864074,-0.27184466019417464,0.2259978425026974,target,2.0286056,BULL,,,,
SER,2026-06-15,C,SEEN,SER|1d|inverse|2026-03-30|2026-05-12,True,True,True,1.91,1.8903448275862067,2.504827586206896,1.49,1.7,0.31142805560570475,descending,touch_no_follow,CLEAN,CLEAN,38.0,,,BREAKOUT→RETEST→TARGET,0.19424083769633516,-0.10465968586387431,,,0.0680628272251309,0.03664921465968596,0.09947643979057608,0.005235602094240788,0.015706806282722585,0.020942408376963373,0.08376963350785327,0.3089005235602096,,0.31142805560570475,target,1.91,BULL,,,,
SIF,2018-08-01,C,VAL,SIF|1d|inverse|2018-06-14|2018-06-27,True,True,True,5.45,5.383333333333334,5.966666666666668,5.05,5.15,0.09480122324159046,descending,failed_breakout,STOP,STOP,,4.0,4.0,BREAKOUT→FAILURE,0.0641467889908256,-0.11926605504587162,0.0641467889908256,-0.44036697247706424,0.01284403669724754,0.0,-0.05504587155963303,-0.05574311926605502,-0.0825688073394496,-0.08809174311926604,0.0641467889908256,-0.12205504587155969,-0.3449357798165138,-0.08165137614678908,stop,5.45,BULL,,,,
SIM,2018-10-12,C,VAL,SIM|1d|inverse|2018-08-21|2018-09-10,True,True,True,9.58,9.5384,10.7712,8.2,8.93,0.12434237995824637,horizontal,failed_breakout,STOP,STOP,,5.0,12.0,BREAKOUT→FAILURE,0.0052192066805847315,-0.1576200417536534,0.11064718162839249,-0.1576200417536534,-0.018789144050104345,-0.008350730688935326,-0.034446764091858095,-0.06889352818371608,-0.14300626304801667,-0.0772442588726514,-0.06054279749478075,0.035490605427974886,-0.115866388308977,-0.06889352818371608,stop,9.58,SIDE,,,,
SLI,2018-01-08,C,VAL,SLI|1d|inverse|2017-12-07|2017-12-18,True,True,True,2.01,1.949753846153846,2.371707692307692,1.42,1.6325,0.17995407577497113,ascending,failed_retest,STOP,STOP,,22.0,53.0,BREAKOUT→FAILURE,0.044776119402985204,-0.2588557213930347,0.044776119402985204,-0.5223880597014925,-0.0015422885572138334,-0.01492537313432829,-0.025273631840795896,-0.07462686567164167,-0.06850746268656704,-0.17412935323383083,-0.111641791044776,-0.3414427860696516,-0.353731343283582,-0.2039800995024874,stop,2.01,BULL,,,,
SLI,2022-05-26,C,SEEN,SLI|1d|inverse|2022-05-02|2022-05-12,True,True,True,5.88,5.795555555555556,7.438888888888888,4.73,5.33,0.2651171579743008,descending,failed_retest,STOP,STOP,,10.0,11.0,BREAKOUT→FAILURE,0.07738095238095233,-0.3537414965986395,0.1462585034013606,-0.3537414965986395,0.0714285714285714,-0.010204081632652962,-0.04931972789115646,-0.020408163265306145,-0.1020408163265305,-0.20068027210884354,-0.29931972789115646,0.022108843537415046,-0.19557823129251695,-0.1020408163265305,stop,5.88,BEAR,,,,
SLI,2022-11-11,C,SEEN,SLI|1d|inverse|2022-09-26|2022-10-25,True,True,True,4.33,4.256666666666666,5.794999999999999,3.0,3.8,0.3383371824480368,descending,touch_no_follow,STOP,STOP,,19.0,32.0,BREAKOUT→FAILURE,0.13852193995381068,-0.27944572748267893,0.1497921478060047,-0.3464203233256351,0.07852193995381063,0.023094688221708903,-0.018475750577367167,-0.0484988452655889,-0.07390300230946889,-0.13163972286374137,-0.26327944572748274,0.06004618937644346,-0.2494226327944573,-0.17090069284064668,stop,4.33,SIDE,,,,
SLND,2025-04-29,C,SEEN,SLND|1d|inverse|2025-03-11|2025-04-04,True,True,True,3.3,3.2366666666666664,3.9266666666666663,2.68,2.91,0.1898989898989898,descending,success,CLEAN,CLEAN,11.0,,,BREAKOUT→RETEST→TARGET,0.2787878787878788,-0.05757575757575761,0.4848484848484851,-0.05757575757575761,-0.018181818181818077,0.0,-0.021212121212121127,-0.018181818181818077,0.12121212121212133,0.12727272727272743,0.12727272727272743,0.3181818181818181,0.303030303030303,0.1898989898989898,target,3.3,BEAR,,,,
SLSR,2023-04-14,C,SEEN,SLSR|1d|inverse|2023-02-24|2023-03-22,True,True,True,5.377,5.132295,6.270510000000001,3.67,4.46,0.16617258694439285,ascending,failed_retest,NEITHER,STOP,,25.0,,BREAKOUT→FAILURE,0.03496373442440026,-0.2449321182815697,0.03496373442440026,-0.2642551608703737,0.020085549562953497,0.03496373442440026,0.002417705039985174,-0.019899572252185305,-0.03384787055979166,-0.09057095034405804,-0.2353542867770131,-0.1705411939743351,-0.2467918913892505,-0.18541937883578197,stop,5.377,SIDE,,,,
SLSR,2024-03-13,C,SEEN,SLSR|1d|inverse|2024-01-19|2024-02-14,True,True,True,3.328,3.134,3.599,2.65,2.95,0.08143028846153855,horizontal,failed_retest,CLEAN,CLEAN,14.0,,,BREAKOUT→STOP→TARGET,0.1628605769230771,-0.08653846153846145,0.33713942307692313,-0.27884615384615385,-0.038461538461538325,-0.015925480769230727,-0.03996394230769229,-0.014423076923076983,0.042668269230769384,0.06373197115384621,0.09975961538461542,0.05769230769230771,-0.23377403846153844,0.0877403846153848,target,3.328,BULL,,,,
SRXH,2022-08-05,C,SEEN,SRXH|1d|inverse|2022-06-16|2022-07-19,True,True,True,293882.9979644,291515.13556061196,382655.4997818589,197470.78914604,242772.91136189,0.30206749771966224,horizontal,failed_breakout,STOP,STOP,,5.0,20.0,BREAKOUT→FAILURE,0.0474308300395061,-0.4861660079051511,0.0474308300395061,-0.8023715415019839,-0.03952569169961673,-0.0592885375494252,-0.08695652173915702,-0.2806324110672116,-0.2490118577075181,-0.36758893280633465,-0.39525691699606635,-0.5928853754940826,-0.7707505928844809,-0.2806324110672116,stop,165.309186354975,BEAR,,,,
SRXH,2025-10-02,C,SEEN,SRXH|1d|inverse|2025-08-20|2025-09-10,True,True,True,21.14396503,19.67096745,28.18195337,16.19997321,17.69997073,0.3328603849852281,descending,touch_no_follow,DIRTY,DIRTY,46.0,23.0,23.0,BREAKOUT→STOP→TARGET,0.12939841113613504,-0.42962542584190044,1.0153234963045148,-0.7769580022806157,-0.008796821681084643,0.041430192906443564,-0.059307604709938344,0.03518728719728692,-0.10187287185463156,-0.0002837684413252717,-0.3081725310628741,-0.35499432435449885,-0.619466515453275,-0.23950056731625224,stop,0.3523994171666667,BULL,,,,
STRW,2023-08-23,C,SEEN,STRW|1d|inverse|2023-07-25|2023-08-14,True,True,True,6.99,6.925,7.484999999999999,6.54,6.8,0.07081545064377681,descending,failed_breakout,DIRTY,DIRTY,53.0,2.0,11.0,BREAKOUT→STOP→TARGET,0.0014306151645206988,-0.15163090128755363,0.14306151645207432,-0.15163090128755363,0.0014306151645206988,-0.027896995708154515,-0.0042918454935623185,-0.03433476394849788,-0.05579399141630914,-0.09442060085836912,-0.12517882689556514,0.09155937052932761,0.1373390557939913,-0.027896995708154515,stop,6.99,BULL,,,,
STRW,2025-11-28,C,SEEN,STRW|1d|inverse|2025-10-07|2025-10-20,True,True,True,12.53,12.145217391304348,13.557826086956522,11.11,11.58,0.08202921683611519,descending,none,CLEAN,CLEAN,3.0,,,BREAKOUT→TARGET,0.1173184357541901,-0.018355945730247347,0.1173184357541901,-0.07023144453312047,0.021548284118116712,0.04469273743016755,0.06145251396648055,0.05905826017557869,0.04708699122106941,0.05027932960893855,0.06544293695131675,0.01995211492418192,0.05187549880287312,0.08202921683611519,target,12.53,BULL,,,,
STXS,2021-11-11,C,,STXS|1d|inverse|2021-09-15|2021-10-12,True,True,True,6.74,6.4325,7.62,5.08,5.5,0.13056379821958464,ascending,failed_retest,STOP,STOP,,24.0,52.0,BREAKOUT→FAILURE,0.053397626112759555,-0.20919881305637988,0.07121661721068251,-0.5623145400593472,-0.03264094955489627,-0.013353115727002929,0.014836795252225476,-0.03412462908011871,-0.1172106824925816,-0.09198813056379829,-0.05044510385756673,-0.21661721068249262,-0.456973293768546,-0.1884272997032641,stop,6.74,BULL,,,,
STXS,2022-01-03,C,SEEN,STXS|1d|inverse|2021-11-30|2021-12-15,True,True,True,6.44,6.3375,7.615,5.33,6.03,0.1824534161490683,descending,failed_breakout,STOP,STOP,,5.0,11.0,BREAKOUT→FAILURE,0.12111801242236009,-0.24068322981366475,0.12111801242236009,-0.7329192546583851,-0.052795031055900776,0.029503105590062084,0.004658385093167627,-0.09472049689440998,-0.16770186335403725,-0.1506211180124225,-0.1925465838509317,-0.4347826086956522,-0.7282608695652174,-0.09472049689440998,stop,6.44,BULL,,,,
STXS,2022-11-16,C,SEEN,STXS|1d|inverse|2022-09-26|2022-10-24,True,True,True,2.17,2.103333333333333,2.543333333333333,1.55,1.67,0.17204301075268802,ascending,success,CLEAN,CLEAN,38.0,,,BREAKOUT→RETEST→TARGET,0.11981566820276512,-0.13824884792626724,0.26506912442396313,-0.15792626728110604,0.04608294930875578,0.009216589861751112,-0.032258064516129004,0.01382488479262678,0.09216589861751157,-0.07834101382488479,-0.04608294930875578,0.11520737327188946,-0.13824884792626724,0.17204301075268802,target,2.17,BEAR,,,,
SVM,2021-05-03,C,TEST,SVM|1d|inverse|2021-03-05|2021-03-30,True,True,True,5.9,5.793529411764705,6.817647058823529,4.58,5.15,0.1555333998005981,ascending,failed_breakout,NEITHER,STOP,,51.0,,BREAKOUT→FAILURE,0.13898305084745743,-0.07118644067796609,0.13898305084745743,-0.3355932203389831,-0.03898305084745768,-0.04067796610169494,-0.0016949152542373724,-0.03220338983050852,0.06779661016949134,0.10847457627118628,0.05423728813559303,-0.16610169491525428,-0.28983050847457625,-0.12881355932203398,stop,5.9,BULL,,,,
TGB,2019-09-13,C,TEST,TGB|1d|inverse|2019-08-06|2019-08-26,True,True,True,0.466004,0.43800000000000006,0.5133333333333334,0.38,0.4,0.10156422119409592,descending,failed_retest,NEITHER,STOP,,23.0,,BREAKOUT→FAILURE,0.09226530244375586,-0.16309731246942083,0.3244521506253166,-0.16309731246942083,0.029819486528012584,0.05793083321173209,-0.006660887031012641,-0.05773341001364796,-0.08799066102436881,-0.10966429472708383,-0.0570896387155474,-0.1253293963141946,0.07295216350074263,-0.15279697169981377,stop,0.466004,BULL,,,,
TGB,2021-10-13,C,,TGB|1d|inverse|2021-07-19|2021-08-20,True,True,True,2.16,2.1009090909090906,2.543636363636363,1.49,1.67,0.17760942760942733,ascending,failed_retest,NEITHER,NEITHER,,,,BREAKOUT→FAILURE,0.11569444444444432,-0.11574074074074081,0.11569444444444432,-0.17592592592592593,0.0185185185185186,0.04166666666666652,0.07407407407407396,0.05555555555555536,-0.02314814814814825,-0.01851851851851849,0.004629629629629539,-0.04629629629629628,-0.1342592592592593,-0.04629629629629628,time,2.16,BULL,,,,
TGB,2022-08-08,C,SEEN,TGB|1d|inverse|2022-06-23|2022-07-15,True,True,True,1.13,1.1040347826086958,1.4014782608695655,0.89,0.9811,0.24024624855713772,descending,failed_breakout,NEITHER,NEITHER,,,,BREAKOUT→FAILURE,0.18584070796460206,-0.19469026548672552,0.28761061946902666,-0.19469026548672552,-0.10619469026548667,0.026548672566371723,0.017699115044247815,0.053097345132743445,-0.06194690265486713,-0.07079646017699104,0.15044247787610643,0.06194690265486735,0.14159292035398252,0.06194690265486735,time,1.13,BEAR,,,,
TGB,2022-11-01,C,SEEN,TGB|1d|inverse|2022-09-26|2022-10-18,True,True,True,1.2,1.1749999999999998,1.436,0.9765,1.085,0.19666666666666677,descending,failed_breakout,CLEAN,DIRTY,8.0,1.0,,BREAKOUT→STOP→TARGET,0.21250000000000013,-0.11250000000000004,0.5833333333333333,-0.11250000000000004,-0.10833333333333328,-0.10833333333333328,0.03333333333333344,0.03333333333333344,0.15833333333333321,0.16666666666666674,0.07500000000000018,0.4833333333333334,0.30833333333333335,-0.10833333333333328,stop,1.2,BEAR,,,,
TGB,2023-08-31,C,SEEN,TGB|1d|inverse|2023-08-08|2023-08-16,True,True,True,1.43,1.4067333333333332,1.531122222222222,1.27,1.33,0.07071484071484058,horizontal,failed_retest,CLEAN,DIRTY,9.0,5.0,17.0,BREAKOUT→STOP→TARGET,0.11888111888111896,-0.19580419580419584,0.11888111888111896,-0.2657342657342656,0.0,-0.034965034965035,-0.04195804195804187,-0.07692307692307687,0.06293706293706292,-0.11188811188811187,-0.18881118881118886,-0.1748251748251748,0.013986013986013957,-0.07692307692307687,stop,1.43,BULL,,,,
TGEN,2018-03-16,C,VAL,TGEN|1d|inverse|2018-01-23|2018-02-02,True,True,True,2.41,2.3876470588235295,2.792529411764706,2.051,2.22,0.15872589699780315,horizontal,none,CLEAN,CLEAN,3.0,,,BREAKOUT→TARGET,0.39004149377593356,-0.024896265560165998,0.7427385892116183,-0.024896265560165998,-0.016597510373444035,0.024896265560165887,0.2116182572614107,0.19502074688796678,0.19917012448132776,0.24481327800829877,0.3858921161825726,0.4273858921161824,0.41078838174273846,0.19502074688796678,target,2.41,BULL,,,,
TGEN,2020-07-08,C,TEST,TGEN|1d|inverse|2020-05-15|2020-06-09,True,True,True,0.7495,0.7099999999999999,1.02,0.6,0.65,0.3609072715143429,descending,none,CLEAN,CLEAN,60.0,,,BREAKOUT→SIDEWAYS→TARGET,0.2208138759172782,-0.0793862575050035,0.8278852568378918,-0.0793862575050035,-0.0527018012008007,-0.03268845897264849,-0.03935957304869919,-0.012675116744496395,0.02735156771180791,0.13408939292861888,0.12074716477651748,0.3342228152101401,0.3742494996664443,0.3609072715143429,target,0.7495,BEAR,,,,
TGEN,2021-06-28,C,,TGEN|1d|inverse|2021-03-15|2021-05-13,True,True,True,1.99,1.9609302325581395,2.362790697674418,1.58,1.7,0.18733200888161727,horizontal,failed_breakout,CLEAN,CLEAN,18.0,,,BREAKOUT→STOP→TARGET,0.20603015075376874,-0.14572864321608037,0.20603015075376874,-0.16080402010050254,-0.06030150753768837,-0.06030150753768837,-0.055276381909547756,-0.06030150753768837,-0.035175879396984966,0.06180904522613062,-0.08040201005025127,-0.09045226130653261,-0.10552763819095479,0.18733200888161727,target,1.99,BULL,,,,
TGEN,2022-07-29,C,SEEN,TGEN|1d|inverse|2022-06-21|2022-07-05,True,True,True,1.35,1.282,1.4965,1.06,1.11,0.10851851851851846,horizontal,failed_retest,CLEAN,CLEAN,1.0,21.0,35.0,BREAKOUT→TARGET,0.14814814814814814,-0.2592592592592593,0.16111111111111098,-0.32592592592592595,0.03703703703703698,0.03703703703703698,0.02962962962962945,0.06666666666666665,-0.029629629629629672,-0.0814814814814816,-0.14074074074074083,-0.14814814814814825,-0.02592592592592602,0.10851851851851846,target,1.35,BEAR,,,,
THM,2018-08-29,C,VAL,THM|1d|inverse|2018-07-31|2018-08-15,True,True,True,0.488,0.4720384615384616,0.5593076923076924,0.41,0.45,0.14612232030264827,descending,failed_retest,DIRTY,DIRTY,28.0,6.0,19.0,BREAKOUT→STOP→TARGET,0.3319672131147542,-0.2008196721311475,0.3934426229508199,-0.27827868852459015,-0.039090163934426214,-0.055327868852458995,-0.037295081967213095,-0.07786885245901631,-0.014598360655737608,-0.19979508196721307,0.3114754098360657,-0.18975409836065582,0.16413934426229515,-0.11188524590163929,stop,0.488,BULL,,,,
THM,2018-12-20,C,VAL,THM|1d|inverse|2018-11-13|2018-11-27,True,True,True,0.4999,0.48908571428571423,0.5917999999999999,0.3522,0.39,0.18383676735347043,ascending,failed_breakout,CLEAN,CLEAN,24.0,,,BREAKOUT→STOP→TARGET,0.32026405281056225,-0.09981996399279858,0.32026405281056225,-0.15983196639327868,-0.058017603520704175,-0.0018003600720144508,0.022204440888177635,-0.020204040808161627,0.16023204640928168,0.05481096219243842,0.1500300060012001,0.08021604320864184,-0.06201240248049611,0.18383676735347043,target,0.4999,BEAR,,,,
THM,2022-07-18,C,SEEN,THM|1d|inverse|2022-06-13|2022-06-30,True,True,True,0.6255,0.5158749999999999,0.6447124999999998,0.4584,0.5,0.030715427657873384,descending,none,CLEAN,CLEAN,1.0,24.0,43.0,BREAKOUT→TARGET,0.06314948041566759,-0.24524380495603504,0.06314948041566759,-0.3397282174260591,-0.02302158273381294,-0.11270983213429242,-0.10231814548361307,-0.11382893685051954,0.007034372501998565,-0.14756195043964815,-0.1606714628297361,-0.2882494004796162,-0.21662669864108708,0.030715427657873384,target,0.6255,BEAR,,,,
THM,2023-01-03,C,SEEN,THM|1d|inverse|2022-11-30|2022-12-16,True,True,True,0.440601,0.4364,0.5398000000000001,0.378,0.4,0.2251447454726614,descending,none,CLEAN,CLEAN,7.0,,,BREAKOUT→TARGET,0.6988159355062744,0.02133222575527527,0.6988159355062744,0.02133222575527527,0.05605752143095444,0.10076917664735197,0.13662928590720402,0.1121173124890773,0.38447257269048407,0.5390341828547824,0.3499742397316392,0.26645195993654136,0.15092793706777785,0.2251447454726614,target,0.440601,BEAR,,,,
THM,2023-07-17,C,SEEN,THM|1d|inverse|2023-06-13|2023-06-29,True,True,True,0.4673,0.46005333333333337,0.54996,0.37,0.41,0.176888508452814,horizontal,failed_breakout,STOP,STOP,,8.0,22.0,BREAKOUT→FAILURE,0.019259576289321734,-0.28461373849775307,0.019259576289321734,-0.3366145944789215,-0.06270062058634707,-0.029745345602396722,-0.07083244168628289,-0.1097795848491333,-0.1333190669805263,-0.20607746629574153,-0.14401883158570505,-0.2557243740637706,-0.251016477637492,-0.14209287395677295,stop,0.4673,BULL,,,,
TII,2024-09-30,C,SEEN,TII|1d|inverse|2024-07-03|2024-08-12,True,True,True,0.2775,0.2459,0.32294999999999996,0.19125,0.21,0.16378378378378344,descending,none,CLEAN,CLEAN,3.0,,,BREAKOUT→TARGET,0.33432432432432435,-0.09891891891891902,0.7135135135135133,-0.09891891891891902,0.06594594594594594,0.08119639639639642,0.19513513513513514,0.20594594594594584,0.13189189189189165,0.25945945945945925,-0.04259459459459458,-0.08108108108108114,0.48108108108108083,0.16378378378378344,target,0.185,BULL,,,,
TMP,2018-01-19,C,VAL,TMP|1d|inverse|2017-12-14|2018-01-03,True,True,True,85.82,83.91777777777777,90.07166666666666,79.2,82.155,0.04954167637691298,descending,failed_retest,STOP,STOP,,11.0,12.0,BREAKOUT→FAILURE,0.013400139827546065,-0.11559077138196217,0.019925425308785938,-0.13703099510603578,-0.01677930552318807,-0.0026800279655090353,-0.027382894430202698,-0.021207177814029254,-0.03961780470752729,-0.06839897459799571,-0.07247727802377069,-0.10626893498019097,-0.0026800279655090353,-0.07131204847354922,stop,85.82,BULL,,,,
TMQ,2016-04-20,C,,TMQ|1d|inverse|2016-03-14|2016-04-07,True,True,True,0.425,0.4149999999999999,0.4924999999999999,0.33,0.35,0.15882352941176436,ascending,success,CLEAN,CLEAN,6.0,,,BREAKOUT→RETEST→TARGET,1.018823529411765,-0.009411764705882342,1.018823529411765,-0.009411764705882342,0.004705882352941115,0.07858823529411763,0.09576470588235297,0.1160000000000001,0.9345882352941177,0.48235294117647065,0.07952941176470585,0.45882352941176463,0.2941176470588236,0.15882352941176436,target,0.425,SIDE,,,,
TMQ,2016-11-28,C,TRAIN,TMQ|1d|inverse|2016-10-28|2016-11-09,True,True,True,0.5552,0.5247727272727273,0.6389272727272728,0.414,0.48,0.15080560649724917,horizontal,success,NEITHER,STOP,,12.0,,BREAKOUT→NEITHER,0.06268011527377504,-0.20064841498559083,0.06268011527377504,-0.20064841498559083,0.02485590778097979,0.008645533141210526,-0.06159942363112392,-0.03097982708933711,-0.09041786743515856,-0.1444524495677234,-0.0902377521613833,-0.16246397694524495,0.014589337175792583,-0.15345821325648423,stop,0.5552,BULL,,,,
TMQ,2020-11-30,C,TEST,TMQ|1d|inverse|2020-10-01|2020-11-02,True,True,True,1.93,1.7825,2.1587500000000004,1.43,1.59,0.11852331606217636,horizontal,touch_no_follow,CLEAN,CLEAN,37.0,,,BREAKOUT→RETEST→TARGET,0.10880829015544058,-0.06735751295336778,0.34715025906735764,-0.06735751295336778,0.02590673575129543,0.020725388601036343,0.02590673575129543,0.041450777202072464,-0.04663212435233155,0.031088082901554515,0.06217616580310881,0.11398963730569944,0.1968911917098446,0.11852331606217636,target,1.93,BULL,,,,
TMQ,2023-06-16,C,SEEN,TMQ|1d|inverse|2023-05-17|2023-05-25,True,True,True,0.58,0.5654999999999999,0.6786749999999999,0.4692,0.54,0.1701293103448276,descending,failed_breakout,STOP,STOP,,19.0,40.0,BREAKOUT→FAILURE,0.11896551724137949,-0.1206896551724137,0.11896551724137949,-0.2413793103448275,-0.00017241379310339866,-0.051551724137930965,-0.05120689655172406,-0.03465517241379312,0.10172413793103452,-0.08620689655172398,-0.09482758620689646,-0.15724137931034476,-0.18086206896551715,-0.07310344827586202,stop,0.58,SIDE,,,,
TMQ,2023-12-21,C,SEEN,TMQ|1d|inverse|2023-11-30|2023-12-13,True,True,True,0.435,0.432125,0.4837,0.3888,0.41,0.11195402298850587,descending,success,CLEAN,CLEAN,22.0,,,BREAKOUT→RETEST→TARGET,0.4114942528735632,-0.04597701149425293,0.4114942528735632,-0.4250574712643679,0.01172413793103444,0.009195402298850519,-0.011494252873563204,-0.011494252873563204,0.051264367816092005,0.03931034482758622,0.1724137931034484,0.066896551724138,-0.05034482758620684,0.11195402298850587,target,0.435,SIDE,,,,
TOON,2016-08-09,C,TRAIN,TOON|1d|inverse|2016-06-28|2016-07-21,True,True,True,61.50615,60.69178285714286,69.22120714285714,55.50555,57.90579,0.1254355400696865,descending,touch_no_follow,DIRTY,DIRTY,56.0,18.0,44.0,BREAKOUT→STOP→TARGET,0.019512195121951237,-0.09268292682926826,0.30068293983609773,-0.26836584634219507,0.0,-0.014634146341463428,-0.019512195121951237,-0.029268292682926744,-0.024390243902439046,-0.024390243902439046,0.0,0.09745123048670745,-0.10443102031260287,-0.06829268292682933,stop,2.050205,BULL,,,,
TOON,2017-07-26,C,TRAIN,TOON|1d|inverse|2017-06-23|2017-07-11,True,True,True,31.8,31.166799999999995,37.614999999999995,28.1,30.5,0.18286163522012555,descending,none,CLEAN,DIRTY,36.0,11.0,,BREAKOUT→SIDEWAYS→TARGET,0.0691823899371069,-0.09025157232704406,0.37421383647798745,-0.16981132075471705,-0.022012578616352196,-0.009433962264150941,0.06603773584905648,0.012578616352201255,-0.009433962264150941,-0.05660377358490565,0.01889937106918249,0.09751572327044022,-0.07547169811320764,-0.044025157232704504,stop,3.18,BULL,,,,
TOON,2020-10-09,C,TEST,TOON|1d|inverse|2020-08-25|2020-09-14,True,True,True,14.0,13.383333333333333,17.439999999999998,9.485,10.2,0.24571428571428555,horizontal,failed_retest,CLEAN,CLEAN,42.0,,,BREAKOUT→STOP→TARGET,0.15000000000000013,-0.2785714285714286,1.185714285714286,-0.2785714285714286,0.0714285714285714,0.03571428571428581,0.0,0.014285714285714235,0.1071428571428572,-0.24642857142857133,-0.1428571428571429,-0.0357142857142857,0.3214285714285714,0.24571428571428555,target,1.4000000000000001,BULL,,,,
TOON,2025-02-18,C,SEEN,TOON|1d|inverse|2025-01-02|2025-01-29,True,True,True,0.6342,0.6184000000000001,0.7457,0.4898,0.55,0.1758120466729738,horizontal,failed_retest,NEITHER,STOP,,8.0,,BREAKOUT→FAILURE,0.16571901608325468,-0.2022232734153263,0.46515294859665723,-0.2022232734153263,-0.011352885525070966,0.024755597603279833,-0.03547776726584673,-0.10359508041627241,-0.12724692526017034,-0.09145380006307147,-0.000946073793755775,0.007095553453169368,0.16682434563229265,-0.13670766319772942,stop,0.6342,BULL,,,,
TOVX,2017-09-19,C,TRAIN,TOVX|1d|inverse|2017-04-04|2017-05-10,True,True,True,8828.6625,8653.837499999998,10860.128999999997,3583.9125,4021.849125,0.23009900990098964,ascending,failed_breakout,NEITHER,NEITHER,,,,BREAKOUT→FAILURE,0.03960396039603964,-0.23762376237623772,0.03960396039603964,-0.5246534653465347,-0.04950495049504955,-0.04673267326732666,-0.027821782178217735,-0.06475247524752481,-0.07920792079207928,-0.13356435643564357,-0.18316831683168322,-0.49504950495049505,-0.4658415841584158,-0.49504950495049505,time,1.00899,BULL,,,,
TOVX,2019-09-11,C,TEST,TOVX|1d|inverse|2019-08-05|2019-08-26,True,True,True,127.475,123.1421875,155.9109375,91.25,110.225,0.2230707001372818,horizontal,success,NEITHER,STOP,,10.0,,BREAKOUT→NEITHER,0.07864287115120616,-0.2547558344773485,0.21592469111590518,-0.2547558344773485,-0.0243184938223181,0.03941949401843514,0.058442831927829175,0.04138066287507369,-0.1655226515002941,-0.1898411453226122,-0.20003922337713276,-0.2100411845459893,0.07668170229456761,-0.1655226515002941,stop,0.5099,BULL,,,,
TOVX,2022-11-28,C,SEEN,TOVX|1d|inverse|2022-10-24|2022-11-14,True,True,True,18.375,17.589999999999996,22.087499999999995,14.375,16.502525,0.20204081632653037,descending,failed_retest,DIRTY,DIRTY,37.0,7.0,12.0,BREAKOUT→STOP→TARGET,0.06802721088435382,-0.46952380952380945,0.7142857142857142,-0.46952380952380945,0.00047755102040825115,-0.017006802721088454,-0.020408163265306145,-0.04761904761904767,-0.17006802721088432,-0.4552380952380952,-0.08068027210884365,0.28027210884353737,-0.07482993197278909,-0.18367346938775508,stop,0.735,BEAR,,,,
TPET,2025-03-26,C,SEEN,TPET|1d|inverse|2025-02-25|2025-03-04,True,True,True,13.32,12.9075,17.835,9.54,11.61,0.3389639639639641,descending,failed_retest,CLEAN,DIRTY,60.0,13.0,,BREAKOUT→STOP→TARGET,0.04729729729729715,-0.20945945945945954,0.5472972972972971,-0.277027027027027,-0.060810810810810856,-0.08108108108108103,-0.06756756756756754,0.006756756756756799,-0.08783783783783783,-0.1283783783783784,-0.1351351351351352,0.16891891891891886,-0.22972972972972971,-0.18918918918918914,stop,1.48,BEAR,,,,
TRX,2016-06-17,C,,TRX|1d|inverse|2016-05-09|2016-06-02,True,True,True,0.5,0.47784375,0.60353125,0.3899,0.425,0.20706249999999993,descending,success,CLEAN,CLEAN,9.0,,,BREAKOUT→RETEST→TARGET,1.9,-0.0676,1.98,-0.0676,0.06000000000000005,0.004999999999999893,-0.00019999999999997797,-0.0016000000000000458,0.5,1.1,1.7801999999999998,0.9834,0.5486,0.21999999999999997,target,0.5,BULL,,,,
TRX,2021-09-01,C,,TRX|1d|inverse|2021-08-09|2021-08-19,True,True,True,0.415,0.4116,0.4848,0.3627,0.3952,0.1681927710843374,descending,success,CLEAN,CLEAN,7.0,,,BREAKOUT→RETEST→TARGET,0.2771084337349399,-0.03517831325301202,0.2771084337349399,-0.18072289156626498,0.012048192771084265,0.03493975903614466,-0.017108433734939754,0.008433734939758963,0.17108433734939754,0.19277108433734935,0.221686746987952,-0.036144578313252906,-0.00867469879518068,0.1681927710843374,target,0.415,BULL,,,,
TRX,2022-05-23,C,SEEN,TRX|1d|inverse|2022-05-02|2022-05-12,True,True,True,0.3155,0.306,0.35696666666666665,0.2632,0.285,0.131431590068674,descending,success,CLEAN,CLEAN,11.0,,,BREAKOUT→RETEST→TARGET,0.2995245641838351,-0.04912836767036455,0.7432646592709986,-0.04912836767036455,0.029477020602218573,0.045958795562599075,0.007923930269413626,0.0931854199683042,0.12202852614896975,0.2678288431061808,0.14041204437400956,0.502377179080824,0.23645007923930272,0.131431590068674,target,0.3155,BEAR,,,,
TRX,2023-01-10,C,SEEN,TRX|1d|inverse|2022-11-30|2022-12-12,True,True,True,0.367549,0.3636875,0.41381249999999997,0.31,0.326404,0.12587029212431533,horizontal,none,CLEAN,CLEAN,3.0,,,BREAKOUT→TARGET,0.4011737210548798,-0.011288290812925705,0.6242732261548798,-0.011288290812925705,0.009117151726708572,0.06081093949378191,0.15658048314646478,0.17079899550808175,0.32145645886670904,0.25969598611341627,0.12474799278463555,0.42566025210244085,0.3872980201279286,0.12587029212431533,target,0.367549,BEAR,,,,
TRX,2026-08-05,C,SEEN,TRX|1d|inverse|2026-06-24|2026-07-17,True,True,True,0.95,0.8833846153846154,1.1003692307692308,0.675,0.74,0.1582834008097167,horizontal,none,,,,,,,0.3789473684210527,-0.03936842105263161,,,0.027263157894736878,0.10526315789473695,0.11578947368421066,0.1578947368421053,0.21052631578947367,0.2315789473684211,0.32631578947368434,,,,,0.95,BULL,,,,
UAVS,2019-02-26,C,TEST,UAVS|1d|inverse|2019-01-04|2019-01-23,True,True,True,511.9,494.6,642.3090909090909,400.0,440.0,0.25475501252020094,descending,success,CLEAN,CLEAN,17.0,22.0,25.0,BREAKOUT→RETEST→TARGET,0.8460636843133424,-0.28443055284235197,0.8460636843133424,-0.49208829849579994,-0.042781793319007555,-0.05274467669466698,0.09396366477827711,0.042586442664583,-0.0916194569251807,-0.0916194569251807,-0.20882984957999606,-0.4041805040046884,-0.36901738620824376,0.25475501252020094,target,0.5119,BEAR,,,,
UAVS,2020-01-22,C,TEST,UAVS|1d|inverse|2019-11-19|2019-12-26,True,True,True,720.0,645.0,926.7833333333333,370.3,470.2,0.28719907407407397,horizontal,failed_retest,DIRTY,DIRTY,58.0,23.0,36.0,BREAKOUT→STOP→TARGET,-0.01388888888888884,-0.4406944444444445,6.152777777777778,-0.7359722222222222,-0.09027777777777779,-0.18138888888888893,-0.22111111111111115,-0.24375000000000002,-0.3194444444444444,-0.2569444444444444,-0.33499999999999996,-0.21902777777777782,1.0,-0.3819444444444444,stop,0.72,BULL,,,,
UAVS,2022-06-07,C,SEEN,UAVS|1d|inverse|2022-05-02|2022-05-12,True,True,True,867.9,850.5555555555555,1132.1222222222223,635.1,760.7,0.3044385553891258,descending,failed_breakout,STOP,STOP,,4.0,7.0,BREAKOUT→FAILURE,0.13699734992510648,-0.33437031916119364,0.13699734992510648,-0.5160732803318355,-0.016015670008065475,-0.03007258900795029,-0.11026615969581743,-0.2337826938587395,-0.18688789030994346,-0.19345546721972573,-0.2048623113261896,-0.36847563083304524,-0.5002880516188501,-0.19794907247378724,stop,0.8679,BEAR,,,,
UAVS,2025-12-04,C,SEEN,UAVS|1d|inverse|2025-11-07|2025-11-21,True,True,True,1.36,1.340909090909091,1.6896000000000002,1.0504,1.16,0.24235294117647066,descending,failed_breakout,DIRTY,DIRTY,23.0,6.0,9.0,BREAKOUT→STOP→TARGET,0.5661764705882351,-0.40441176470588236,0.5661764705882351,-0.40441176470588236,-0.07352941176470595,-0.11029411764705888,-0.05882352941176472,-0.1470588235294119,-0.34316176470588244,0.0808823529411764,-0.022058823529411797,-0.21323529411764708,-0.17647058823529405,-0.17647058823529405,stop,1.36,BULL,,,,
UEC,2016-04-27,C,,UEC|1d|inverse|2016-03-16|2016-04-05,True,True,True,0.85,0.84066,0.99316,0.7,0.77,0.16842352941176486,horizontal,failed_breakout,CLEAN,DIRTY,27.0,5.0,,BREAKOUT→STOP→TARGET,0.7292941176470589,-0.18694117647058817,0.7292941176470589,-0.18694117647058817,-0.052000000000000046,-0.046117647058823596,-0.02482352941176469,-0.1047058823529411,-0.07105882352941173,-0.08235294117647052,0.17647058823529416,0.09811764705882364,0.22352941176470598,-0.1047058823529411,stop,0.85,SIDE,,,,
UEC,2020-11-25,C,TEST,UEC|1d|inverse|2020-09-23|2020-10-28,True,True,True,1.11,1.0626923076923078,1.3438461538461541,0.82,0.93425,0.21067221067221076,descending,none,CLEAN,CLEAN,7.0,,,BREAKOUT→TARGET,0.9549549549549547,-0.07207207207207211,2.306306306306306,-0.07207207207207211,-0.03603603603603611,-0.04504504504504503,-0.05405405405405406,-0.009009009009009028,0.3423423423423422,0.5855855855855854,0.7387387387387385,1.0810810810810811,1.9819819819819817,0.21067221067221076,target,1.11,BULL,,,,
UMAC,2024-06-05,C,SEEN,UMAC|1d|inverse|2024-04-04|2024-05-07,True,True,True,1.79,1.6133333333333333,2.468888888888889,0.98,1.29,0.3792675356921167,descending,failed_retest,NEITHER,STOP,,17.0,,BREAKOUT→FAILURE,0.16195530726256968,-0.36871508379888274,0.2793296089385475,-0.36871508379888274,0.005586592178770999,-0.027932960893854775,-0.011173184357541888,-0.2122905027932962,-0.22905027932960897,-0.34078212290502796,-0.06145251396648055,-0.08938547486033532,-0.17318435754189943,-0.3128491620111732,stop,1.79,BULL,,,,
UMAC,2025-08-12,C,SEEN,UMAC|1d|inverse|2025-07-22|2025-08-01,True,True,True,10.61,10.494285714285715,13.29857142857143,8.51,9.51,0.2533997576410396,descending,failed_breakout,CLEAN,DIRTY,28.0,14.0,,BREAKOUT→STOP→TARGET,0.4354382657869935,-0.18473138548539103,0.647502356267672,-0.31715362865221486,-0.012252591894439169,-0.07068803016022618,-0.06880301602262007,-0.08105560791705935,0.01413760603204528,-0.06220546654099912,0.26295947219604154,0.12252591894439213,-0.16493873704052786,-0.1366635249764373,stop,10.61,BULL,,,,
URG,2016-12-08,C,TRAIN,URG|1d|inverse|2016-11-03|2016-11-22,True,True,True,0.4847,0.4715846153846154,0.5483230769230769,0.4061,0.4253,0.1312627953849328,descending,none,CLEAN,CLEAN,1.0,,,BREAKOUT→TARGET,0.7860532288013204,0.010934598720858224,0.8774499690530224,0.010934598720858224,0.13988033835362068,0.08108108108108114,0.11202805859294407,0.11388487724365581,0.06251289457396325,0.2791417371570042,0.7742933773468124,0.46461728904476995,0.2595419847328244,0.1312627953849328,target,0.4847,BULL,,,,
URG,2022-07-26,C,SEEN,URG|1d|inverse|2022-06-23|2022-07-14,True,True,True,1.16,1.1433333333333333,1.3889999999999998,0.951,1.02,0.1974137931034481,descending,touch_no_follow,CLEAN,CLEAN,24.0,,,BREAKOUT→RETEST→TARGET,0.25,-0.09482758620689646,0.2931034482758621,-0.11206896551724133,0.06896551724137945,0.034482758620689724,0.02586206896551735,0.02586206896551735,-0.008620689655172376,-0.06034482758620674,0.2068965517241379,0.01724137931034475,0.10344827586206917,0.1974137931034481,target,1.16,BEAR,,,,
URG,2023-05-05,C,SEEN,URG|1d|inverse|2023-04-06|2023-04-25,True,True,True,0.9463,0.9395,1.0756999999999999,0.8201,0.85,0.13674310472366047,descending,failed_retest,CLEAN,CLEAN,20.0,,,BREAKOUT→STOP→TARGET,0.2046919581528055,-0.11233224136109066,0.6696607841065201,-0.11233224136109066,-0.002007819930254673,0.06731480503011733,0.04089612173729251,0.03561238507872755,0.006446158723449225,0.13071964493289667,0.08844975166437696,0.12015217161576675,0.6590933107893904,0.13674310472366047,target,0.9463,BEAR,,,,
URG,2024-04-01,C,SEEN,URG|1d|inverse|2024-02-29|2024-03-14,True,True,True,1.66,1.6375,1.924375,1.385,1.545,0.15926204819277112,descending,none,STOP,STOP,,48.0,58.0,BREAKOUT→FAILURE,0.14156626506024095,-0.04819277108433728,0.14156626506024095,-0.4209036144578313,0.006024096385542244,0.07228915662650603,0.03614457831325302,0.04216867469879526,0.01807228915662651,0.054216867469879526,0.03614457831325302,-0.1506024096385542,-0.39156626506024095,-0.09036144578313243,stop,1.66,BULL,,,,
USAS,2020-06-30,C,TEST,USAS|1d|inverse|2020-05-27|2020-06-15,True,True,True,6.6,6.21875,7.60625,5.175,5.905,0.15246212121212133,descending,touch_no_follow,CLEAN,CLEAN,13.0,,,BREAKOUT→RETEST→TARGET,0.4772727272727273,-0.0984848484848484,0.4772727272727273,-0.0984848484848484,-0.03409090909090906,-0.037878787878787845,-0.015151515151515138,-0.015151515151515138,-0.04924242424242409,0.2803030303030303,0.16666666666666674,-0.011363636363636243,0.13257575757575757,0.15246212121212133,target,2.64,BEAR,,,,
USAS,2022-10-21,C,SEEN,USAS|1d|inverse|2022-08-22|2022-09-27,True,True,True,1.175,1.151816666666667,1.5283333333333335,0.925,1.0655,0.30070921985815624,descending,success,CLEAN,CLEAN,37.0,,,BREAKOUT→RETEST→TARGET,0.1914893617021276,-0.06361702127659585,0.6168085106382979,-0.06361702127659585,0.0,0.042553191489361764,0.07127659574468082,0.010638297872340496,0.04893617021276575,0.03042553191489361,0.11702127659574457,0.3829787234042552,0.042553191489361764,0.30070921985815624,target,0.47000000000000003,BEAR,,,,
USAS,2026-04-14,C,SEEN,USAS|1d|inverse|2026-03-20|2026-03-30,True,True,True,6.03,5.858811111111111,7.450844444444445,4.56,5.42,0.23562926110189797,descending,touch_no_follow,CLEAN,CLEAN,20.0,37.0,57.0,BREAKOUT→RETEST→TARGET,0.24543946932006633,-0.10530679933665021,0.24543946932006633,-0.41459369817578784,0.011608623548921893,0.06799336650082921,0.08623548922056368,-0.008291873963515717,-0.059701492537313494,0.2288557213930349,-0.028192371475953548,-0.28689883913764513,-0.10613598673300173,0.23562926110189797,target,6.03,BULL,,,,
USBC,2024-02-13,C,SEEN,USBC|1d|inverse|2023-12-27|2024-01-24,True,True,True,21.26,20.53129411764706,27.68517647058824,14.84,18.6,0.3022190249571137,descending,failed_breakout,CLEAN,CLEAN,9.0,,,BREAKOUT→STOP→TARGET,0.7384760112888051,-0.12944496707431807,0.7384760112888051,-0.19078080903104422,0.0440263405456256,-0.0874882408278459,-0.07695202257761069,-0.0955785512699906,0.4135465663217308,0.2867356538099717,0.20037629350893682,0.12850423330197547,-0.09106302916274689,0.3734713076199434,target,0.5315000000000001,BULL,,,,
UTG,2022-03-24,C,SEEN,UTG|1d|inverse|2022-01-24|2022-02-24,True,True,True,33.31,33.22545454545455,35.981818181818184,30.76,32.65,0.08021069293960315,descending,none,STOP,STOP,,31.0,58.0,BREAKOUT→FAILURE,0.0636445511858299,-0.024317021915340797,0.0636445511858299,-0.13389372560792556,0.005703992794956481,0.018012608826178056,0.02551786250375243,0.03782647853497445,0.0348243770639447,0.022515761032722903,-0.005703992794956592,-0.12758931251876326,-0.02972080456319426,-0.02341639147403185,stop,33.31,BEAR,,,,
UUU,2026-03-13,C,SEEN,UUU|1d|inverse|2026-01-08|2026-01-20,True,True,True,5.85,5.785263157894736,8.236742105263158,3.8401,4.09,0.40799010346378783,descending,failed_retest,NEITHER,NEITHER,,,,BREAKOUT→FAILURE,0.10256410256410264,-0.0854700854700855,0.3367521367521369,-0.3897435897435897,0.0,0.05128205128205132,0.09401709401709413,0.015384615384615552,0.008547008547008739,0.042735042735042805,0.047863247863247915,0.09914529914529924,-0.3422222222222222,0.09914529914529924,time,5.85,BULL,,,,
UUUU,2019-08-30,C,TEST,UUUU|1d|inverse|2019-07-23|2019-08-15,True,True,True,1.83,1.7400941176470588,2.071811764705882,1.5,1.6,0.13213757634201206,descending,none,CLEAN,CLEAN,8.0,,,BREAKOUT→TARGET,0.20218579234972678,-0.016393442622950838,0.2786885245901638,-0.060109289617486406,0.027322404371584508,0.027322404371584508,0.016393442622950838,0.08743169398907091,0.13114754098360648,0.05464480874316924,0.07650273224043702,0.07650273224043702,-0.04371584699453557,0.13213757634201206,target,1.83,SIDE,,,,
UUUU,2021-05-26,C,TEST,UUUU|1d|inverse|2021-03-30|2021-04-20,True,True,True,6.38,6.074285714285714,8.135,4.775,5.06,0.275078369905956,descending,none,STOP,STOP,,32.0,35.0,BREAKOUT→FAILURE,0.1739811912225706,-0.1849529780564263,0.3150470219435737,-0.32288401253918486,0.06739811912225702,0.017241379310344973,0.12539184952978055,0.08150470219435735,0.08307210031347956,0.034482758620689724,-0.1520376175548589,-0.28996865203761746,0.0658307210031348,-0.21003134796238243,stop,6.38,BULL,,,,
UUUU,2022-07-14,C,SEEN,UUUU|1d|inverse|2022-06-23|2022-07-06,True,True,True,5.31,5.257142857142856,6.218571428571427,4.69,5.025,0.1711057304277641,descending,none,CLEAN,CLEAN,10.0,,,BREAKOUT→TARGET,0.4406779661016951,-0.021657250470809686,0.5527306967984933,-0.021657250470809686,0.026365348399246757,0.03578154425612068,0.10922787193973638,0.09416195856873832,0.22975517890772146,0.31450094161958586,0.38041431261770264,0.27118644067796627,0.3220338983050848,0.20715630885122427,target,5.31,BEAR,,,,
UUUU,2023-01-06,C,SEEN,UUUU|1d|inverse|2022-12-07|2022-12-16,True,True,True,6.4,6.203333333333334,6.973333333333334,5.65,5.86,0.08958333333333335,descending,none,CLEAN,CLEAN,5.0,42.0,43.0,BREAKOUT→TARGET,0.23281249999999987,-0.006249999999999978,0.23281249999999987,-0.2421875000000001,0.03281249999999991,0.06562500000000004,0.06562500000000004,0.09218749999999987,0.11093749999999991,0.11874999999999991,0.02499999999999991,-0.16093750000000007,-0.051562499999999956,0.08958333333333335,target,6.4,BEAR,,,,
UUUU,2024-04-01,C,SEEN,UUUU|1d|inverse|2024-02-23|2024-03-14,True,True,True,6.53,6.3580578947368425,7.133131578947369,5.78,5.96,0.09236318207463534,descending,success,DIRTY,DIRTY,43.0,11.0,12.0,BREAKOUT→STOP→TARGET,0.06431852986217446,-0.20980091883614094,0.09800918836140893,-0.3576722817764165,0.006125574272588086,0.05666156202143946,0.015313935681469992,-0.026033690658499253,-0.08269525267993871,-0.15620214395099552,-0.07656967840735074,-0.10413476263399701,-0.3032159264931088,-0.11179173047473212,stop,6.53,BULL,,,,
UUUU,2024-07-10,C,SEEN,UUUU|1d|inverse|2024-06-11|2024-06-25,True,True,True,6.49,6.435,7.199285714285714,5.535,5.8,0.10928901606867703,ascending,failed_retest,STOP,STOP,,6.0,10.0,BREAKOUT→FAILURE,0.03389830508474567,-0.353713405238829,0.09167950693374416,-0.353713405238829,0.024653312788905923,0.02003081664098616,-0.012326656394452962,-0.08320493066255774,-0.1479198767334361,-0.3143297380585516,-0.25115562403698,-0.13559322033898302,0.03235747303543923,-0.11402157164869031,stop,6.49,BULL,,,,
UUUU,2026-08-25,C,SEEN,UUUU|1d|inverse|2026-07-07|2026-07-29,True,True,True,15.97,15.685360000000001,19.8166,10.69,13.61,0.2408641202254227,ascending,failed_breakout,,,,,,,,,,,-0.01690670006261752,-0.01440200375704448,-0.0814026299311209,-0.10958046336881655,-0.08891671884783969,-0.27363807138384477,,,,,,15.97,BULL,,,,
VNRX,2024-07-19,C,SEEN,VNRX|1d|inverse|2024-05-28|2024-07-01,True,True,True,14.2,13.854545454545454,16.085818181818183,12.096,12.6,0.13280409731113973,descending,success,DIRTY,DIRTY,53.0,11.0,11.0,BREAKOUT→STOP→TARGET,0.08450704225352124,-0.39422535211267595,0.267605633802817,-0.39422535211267595,0.028169014084507005,0.009859154929577452,0.048591549295774694,0.06901408450704238,-0.10380281690140836,-0.1591549295774648,0.014084507042253502,0.007042253521126751,-0.008732394366197105,-0.1970422535211268,stop,0.71,BULL,,,,
VNRX,2025-06-03,C,SEEN,VNRX|1d|inverse|2025-04-24|2025-05-19,True,True,True,10.778,10.631199999999998,13.472399999999997,7.902,9.5,0.2499907218407864,horizontal,success,CLEAN,CLEAN,8.0,,,BREAKOUT→RETEST→TARGET,0.7442939320838746,-0.01651512339951766,0.7442939320838746,-0.14640935238448705,0.05845240304323607,0.07069957320467601,0.028020040823900416,0.04063833735386879,0.20987196140285747,0.3945073297457784,0.2549638151790683,0.21803674151048424,-0.13880126182965302,0.2499907218407864,target,0.5389,BEAR,,,,
VTAK,2019-06-28,C,TEST,VTAK|1d|inverse|2019-06-03|2019-06-12,True,True,True,859750.0,851687.6666666666,1031687.3333333333,688750.0,774250.0,0.19998526703499064,descending,failed_breakout,STOP,STOP,,10.0,13.0,BREAKOUT→FAILURE,0.013812154696132506,-0.350828729281768,0.013812154696132506,-0.7071823204419889,-0.03314917127071826,-0.03038674033149169,-0.06077348066298338,-0.04419889502762431,-0.12430939226519333,-0.21270718232044195,-0.22099447513812154,-0.6243093922651934,-0.580110497237569,-0.12430939226519333,stop,3.6200000000000006,BULL,,,,
VTAK,2019-10-23,C,TEST,VTAK|1d|inverse|2019-09-25|2019-10-03,True,True,True,377625.0,372875.0,516166.6666666667,251750.0,299250.0,0.36687631027253675,descending,failed_breakout,DIRTY,DIRTY,58.0,28.0,33.0,BREAKOUT→STOP→TARGET,0.16666666666666674,-0.2767295597484277,0.6905031446540881,-0.5628930817610063,0.018867924528301883,-0.012578616352201255,-0.04402515723270439,-0.05031446540880502,-0.08176100628930816,-0.08176100628930816,-0.17610062893081757,0.320754716981132,-0.09150943396226419,-0.23270440251572322,stop,1.59,SIDE,,,,
VZLA,2026-08-05,C,SEEN,VZLA|1d|inverse|2026-06-24|2026-07-08,True,True,True,3.59,3.5630769230769235,4.2,2.88,3.02,0.16991643454039007,horizontal,success,,,,,,,0.19220055710306427,-0.02785515320334253,,,-0.01671309192200554,0.04178272980501396,0.0807799442896937,0.058495821727019504,0.08356545961002793,0.15598885793871875,0.11699164345403901,,,,,3.59,BULL,,,,
WRN,2017-07-12,C,TRAIN,WRN|1d|inverse|2017-05-31|2017-06-20,True,True,True,1.04,1.02,1.1800000000000002,0.91,0.98,0.1346153846153848,descending,success,CLEAN,CLEAN,6.0,,,BREAKOUT→RETEST→TARGET,0.25,-0.028846153846153855,0.38451923076923067,-0.16826923076923084,-0.009615384615384581,-0.009615384615384581,0.00951923076923089,0.04807692307692313,0.1923076923076923,0.1923076923076923,0.06730769230769229,0.1923076923076923,-0.1561538461538461,0.1346153846153848,target,1.04,BULL,,,,
WRN,2022-08-10,C,SEEN,WRN|1d|inverse|2022-06-23|2022-07-25,True,True,True,1.47,1.4449999999999998,1.75,1.21,1.32,0.19047619047619047,descending,failed_retest,STOP,STOP,,13.0,32.0,BREAKOUT→FAILURE,0.04761904761904767,-0.1768707482993197,0.34013605442176864,-0.2108843537414966,-0.006802721088435382,0.020408163265306145,-0.03401360544217691,-0.04761904761904767,-0.061224489795918435,-0.11564625850340127,-0.14965986394557818,-0.1360544217687074,0.17006802721088432,-0.10884353741496589,stop,1.47,BEAR,,,,
WRN,2022-11-11,C,SEEN,WRN|1d|inverse|2022-09-01|2022-09-28,True,True,True,1.52,1.4734777777777777,1.7334444444444443,1.16,1.2401,0.14042397660818695,ascending,failed_retest,CLEAN,CLEAN,14.0,,,BREAKOUT→STOP→TARGET,0.29605263157894735,-0.07236842105263164,0.29605263157894735,-0.07236842105263164,0.026315789473684292,0.125,0.10526315789473673,0.07894736842105265,-0.02631578947368418,0.24342105263157876,0.19736842105263164,0.10526315789473673,0.16447368421052633,0.14042397660818695,target,1.52,SIDE,,,,
WRN,2025-01-10,C,SEEN,WRN|1d|inverse|2024-12-02|2024-12-19,True,True,True,1.13,1.1199999999999999,1.2933333333333332,0.99,1.05,0.14454277286135686,descending,failed_breakout,STOP,STOP,,3.0,58.0,BREAKOUT→FAILURE,0.017699115044247815,-0.12389380530973448,0.19469026548672574,-0.20345132743362826,-0.03539823008849541,-0.044247787610619316,-0.09734513274336276,-0.10619469026548667,-0.10619469026548667,0.017699115044247815,-0.06194690265486713,-0.19469026548672552,0.026548672566371723,-0.09734513274336276,stop,1.13,BULL,,,,
WRN,2025-06-13,C,SEEN,WRN|1d|inverse|2025-04-25|2025-05-15,True,True,True,1.37,1.3453846153846154,1.563076923076923,1.02,1.11,0.14093206064008967,ascending,failed_retest,CLEAN,CLEAN,55.0,,,BREAKOUT→STOP→TARGET,0.014598540145985162,-0.13868613138686148,0.8686131386861313,-0.13868613138686148,0.0,-0.021897810218978075,-0.021897810218978075,-0.10218978102189791,-0.08759124087591252,-0.06569343065693434,-0.04379562043795626,0.13868613138686126,0.5036496350364963,0.14093206064008967,target,1.37,BEAR,,,,
WRN,2025-11-19,C,SEEN,WRN|1d|inverse|2025-10-22|2025-11-07,True,True,True,2.2,2.173636363636364,2.494545454545455,1.86,1.96,0.13388429752066133,horizontal,failed_breakout,CLEAN,CLEAN,9.0,,,BREAKOUT→STOP→TARGET,0.3863181818181818,-0.07272727272727275,0.9363636363636361,-0.07272727272727275,-0.045454545454545525,-0.059090909090909194,0.0181818181818183,0.07272727272727253,0.14090909090909065,0.2136363636363634,0.3818181818181816,0.4454545454545453,0.19090909090909092,0.13388429752066133,target,2.2,BULL,,,,
WWR,2017-03-31,C,TRAIN,WWR|1d|inverse|2017-02-22|2017-03-03,True,True,True,94.0,93.0,113.5,82.5,87.0,0.20744680851063824,descending,failed_retest,STOP,STOP,,19.0,20.0,BREAKOUT→FAILURE,0.15957446808510634,-0.25,0.15957446808510634,-0.3085106382978723,-0.015957446808510634,-0.02659574468085102,-0.05319148936170215,0.010638297872340496,0.010638297872340496,-0.13297872340425532,-0.13829787234042556,-0.24468085106382975,-0.26595744680851063,-0.10106382978723405,stop,1.8800000000000001,BULL,,,,
WWR,2019-09-05,C,TEST,WWR|1d|inverse|2019-08-16|2019-08-28,True,True,True,3.02,2.927142857142857,3.5778571428571424,2.48,2.7548,0.18472090823084186,descending,success,CLEAN,CLEAN,10.0,23.0,,BREAKOUT→RETEST→TARGET,2.062913907284768,-0.1887417218543046,2.062913907284768,-0.3145695364238411,-0.0033112582781458233,0.026490066225165476,0.0364238410596025,0.019867549668874274,0.2549668874172186,0.019867549668874274,0.14238410596026485,-0.14238410596026496,-0.17218543046357615,0.1887417218543046,target,3.02,SIDE,,,,
WWR,2021-06-08,C,,WWR|1d|inverse|2021-04-20|2021-05-11,True,True,True,4.89,4.713961538461539,6.10208076923077,3.45,4.25,0.24786927796130276,descending,failed_retest,STOP,STOP,,25.0,51.0,BREAKOUT→FAILURE,0.16564417177914126,-0.21063394683026582,0.16564417177914126,-0.33537832310838445,-0.047034764826175746,-0.06134969325153372,-0.04498977505112467,-0.07770961145194277,0.07770961145194266,-0.12269938650306744,-0.11247443762781184,-0.20858895705521463,-0.26993865030674846,-0.1472392638036809,stop,4.89,BULL,,,,
WYY,2018-06-20,C,VAL,WYY|1d|inverse|2018-04-26|2018-05-22,True,True,True,5.58,5.370818181818183,6.584272727272729,4.521,5.0,0.1799771912675141,descending,touch_no_follow,STOP,STOP,,39.0,42.0,BREAKOUT→FAILURE,0.020609318996415826,-0.1362007168458781,0.020609318996415826,-0.2813620071684588,-0.013261648745519716,-0.005376344086021501,-0.032258064516129004,-0.032258064516129004,-0.06810035842293904,-0.08745519713261651,-0.06810035842293904,-0.14050179211469527,-0.03243727598566304,-0.15591397849462363,stop,0.558,BULL,,,,
WYY,2020-11-02,C,TEST,WYY|1d|inverse|2020-09-01|2020-10-05,True,True,False,6.052,5.808333333333334,7.1833333333333345,4.6,5.23101,0.18693544833663833,descending,none,CLEAN,CLEAN,5.0,,,BREAKOUT→TARGET,1.6247521480502316,-0.041639127561136746,1.6247521480502316,-0.041639127561136746,0.024454725710508995,0.059814937210839414,0.0692333113020489,0.12029081295439537,0.34996695307336423,0.7035690680766691,0.6176470588235294,1.0819563780568409,0.8935888962326506,0.18693544833663833,target,0.6052,BULL,,,,
WYY,2021-08-06,C,,WYY|1d|inverse|2021-07-09|2021-07-19,True,True,True,6.82,6.47616,7.535240000000001,5.8088,6.1,0.10487390029325527,descending,success,STOP,STOP,,7.0,7.0,BREAKOUT→FAILURE,0.030791788856304958,-0.285909090909091,0.030791788856304958,-0.435483870967742,-0.01026392961876832,-0.019061583577712593,-0.026392961876832932,-0.01026392961876832,-0.23460410557184752,-0.21260997067448684,-0.21700879765395897,-0.2082111436950146,-0.41788856304985333,-0.18181818181818188,stop,6.82,BULL,,,,
XPL,2021-09-13,C,,XPL|1d|inverse|2021-07-19|2021-08-23,True,True,True,0.5599,0.555657142857143,0.6490142857142859,0.5,0.525,0.15916107468170382,descending,touch_no_follow,STOP,STOP,,17.0,47.0,BREAKOUT→FAILURE,0.1428826576174318,-0.10698338989105194,0.1428826576174318,-0.2677281657438828,0.12520092873727462,0.03143418467583503,0.035899267726379636,-0.022504018574745377,0.001071619932130785,-0.08876585104482937,-0.04375781389533839,-0.15556349348097864,-0.13305947490623315,-0.06501160921593141,stop,0.5599,BULL,,,,
XPL,2025-05-28,C,SEEN,XPL|1d|inverse|2025-03-10|2025-04-07,True,True,True,0.635,0.6254053333333334,0.792429,0.538,0.58,0.24791968503937012,descending,none,CLEAN,CLEAN,58.0,,,BREAKOUT→SIDEWAYS→TARGET,0.11811023622047245,-0.061889763779527596,0.4173228346456692,-0.061889763779527596,-0.014173228346456734,0.007874015748031482,0.02992125984251981,0.0598425196850394,0.08677165354330718,0.03338582677165358,0.04708661417322846,0.2913385826771653,0.12188976377952754,0.24791968503937012,target,0.635,BEAR,,,,
XTNT,2016-06-03,C,,XTNT|1d|inverse|2016-04-11|2016-05-18,True,True,True,25.81032,25.090032,36.893552,18.128448,22.929168,0.4294108713103906,descending,none,STOP,STOP,,17.0,55.0,BREAKOUT→FAILURE,0.10232558139534875,-0.18604651162790697,0.10232558139534875,-0.5697674418604651,0.018604651162790642,0.019767441860464974,0.03260463256557844,-0.018604651162790753,-0.04651162790697683,-0.0744186046511629,-0.12558139534883728,-0.42325581395348844,-0.49302325581395356,-0.1348837209302325,stop,2.1508599999999998,BULL,,,,
ZDGE,2022-08-03,C,SEEN,ZDGE|1d|inverse|2022-07-05|2022-07-13,True,True,True,3.34,3.285555555555555,3.907777777777777,2.43,2.61,0.16999334664005317,ascending,failed_retest,STOP,STOP,,35.0,36.0,BREAKOUT→FAILURE,0.08982035928143728,-0.21257485029940115,0.08982035928143728,-0.44311377245508976,0.0029940119760478723,0.03592814371257491,-0.026946107784431073,0.03293413173652704,-0.0479041916167664,-0.15269461077844304,-0.08682634730538918,-0.3772455089820359,-0.29940119760479045,-0.22754491017964062,stop,3.34,BEAR,,,,
ZDGE,2025-04-24,C,SEEN,ZDGE|1d|inverse|2025-03-13|2025-04-07,True,True,True,2.3,2.201435294117647,2.839764705882353,1.728,1.97,0.23468030690537112,descending,success,CLEAN,CLEAN,34.0,,,BREAKOUT→RETEST→TARGET,0.21100000000000008,-0.07826086956521727,1.126086956521739,-0.07826086956521727,0.09565217391304359,0.10869565217391308,0.10000000000000009,0.0652173913043479,0.0304347826086957,0.039130434782608914,0.12608695652173907,1.0478260869565217,0.33043478260869574,0.23468030690537112,target,2.3,BEAR,,,,
ZDGE,2026-09-08,C,SEEN,ZDGE|1d|inverse|2026-07-28|2026-08-19,True,True,True,3.1,3.0323529411764705,3.2705882352941176,2.84,2.9,0.05502846299810238,descending,failed_breakout,,,,,,,,,,,-0.05483870967741933,-0.00967741935483879,0.0,-0.032258064516129115,-0.00967741935483879,,,,,,,3.1,BULL,,,,
ZONE,2025-07-22,C,SEEN,ZONE|1d|inverse|2025-06-16|2025-06-30,True,True,True,3.57,3.4941176470588236,4.700294117647059,2.31,3.077,0.31660899653979246,horizontal,success,CLEAN,CLEAN,23.0,38.0,42.0,BREAKOUT→RETEST→TARGET,1.1904761904761907,-0.27450980392156865,1.1904761904761907,-0.9282913165266107,0.12857142857142856,0.1204481792717087,0.025210084033613578,0.14845938375350132,0.12324929971988796,0.15966386554621836,-0.03361344537815114,-0.5518207282913166,-0.8997198879551821,0.31660899653979246,target,3.57,SIDE,,,,
CMT,2024-02-29,RECON,SEEN,CMT|1d|inverse|2024-01-17|2024-02-07,True,True,True,19.32,18.211111111111112,20.408888888888892,16.18,16.61,0.05636070853462183,horizontal,success,CLEAN,CLEAN,47.0,,,BREAKOUT→SIDEWAYS→TARGET,0.050724637681159424,-0.11801242236024856,0.08695652173913038,-0.2422360248447205,-0.009834368530020732,0.0020703933747412417,0.0025879917184266077,-0.006728778467908869,0.009834368530020843,-0.0905797101449275,-0.01449275362318847,-0.0041407867494824835,-0.06935817805383027,0.05636070853462183,target,18.37,BULL,False,True,0.02730030333670313,0.23660262891809863
ELA,2025-10-17,RECON,SEEN,ELA|1d|inverse|2025-09-25|2025-10-07,True,True,True,8.22,7.86625,8.662500000000001,7.14,7.625,0.05383211678832134,horizontal,success,CLEAN,CLEAN,2.0,,,BREAKOUT→TARGET,0.670316301703163,-0.008515815085158196,0.8381995133819948,-0.008515815085158196,0.03284671532846706,0.0693430656934304,0.04257907542579065,0.0936739659367396,0.1885644768856447,0.2810218978102188,0.608272506082725,0.554744525547445,0.7944038929440387,0.05383211678832134,target,8.0,BULL,False,False,0.13814756671899558,-0.23861852433280925
ELLO,2017-05-04,RECON,TRAIN,ELLO|1d|inverse|2017-02-03|2017-02-21,True,True,True,8.52,8.202307692307693,9.433076923076925,7.2,7.7618,0.10716865294330113,horizontal,success,CLEAN,CLEAN,8.0,,,BREAKOUT→TARGET,0.12676056338028174,-0.021126760563380254,0.12676056338028174,-0.11737089201877937,0.039906103286385,0.04107981220657275,0.01525821596244148,0.032863849765258246,0.045645539906103316,0.10915492957746475,0.02225352112676071,0.0,0.05633802816901423,0.10716865294330113,target,8.31,BULL,True,False,0.4532124999999995,0.0
EONR,2025-09-16,RECON,SEEN,EONR|1d|inverse|2025-06-30|2025-08-06,True,True,True,0.506,0.41,0.5534999999999999,0.2665,0.3272,0.09387351778656106,horizontal,success,CLEAN,CLEAN,9.0,,,BREAKOUT→TARGET,0.45770750988142295,-0.18972332015810278,0.45770750988142295,-0.28280632411067197,-0.031620553359683834,-0.074901185770751,-0.09703557312252975,-0.1699604743083004,0.06679841897233185,-0.08675889328063235,-0.05434782608695654,-0.22529644268774707,-0.11264822134387353,0.09387351778656106,target,0.4469,BULL,True,True,0.3637630662020905,0.515679442508711
GENC,2017-04-03,RECON,TRAIN,GENC|1d|inverse|2017-02-08|2017-03-08,True,True,True,15.7,15.039473684210527,16.801315789473684,13.325,14.5,0.0701475025142475,horizontal,success,CLEAN,CLEAN,12.0,,,BREAKOUT→SIDEWAYS→TARGET,0.09554140127388533,-0.0414012738853502,0.09554140127388533,-0.0414012738853502,-0.01273885350318471,0.01273885350318471,-0.006369426751592355,-0.01273885350318471,0.031847133757961776,0.03821656050955413,0.015923566878981,0.031847133757961776,0.0031847133757962887,0.0701475025142475,target,15.35,BULL,True,True,0.3689320388349517,0.6421687826736376
IAUX,2023-12-14,RECON,SEEN,IAUX|1d|inverse|2023-10-04|2023-11-08,True,True,True,1.81,1.6683870967741934,2.1190322580645162,1.25,1.41,0.1707360541792906,horizontal,success,STOP,STOP,,31.0,34.0,BREAKOUT→FAILURE,0.03867403314917128,-0.22099447513812165,0.03867403314917128,-0.3646408839779006,0.016574585635359185,0.03867403314917128,-0.0055248618784530246,-0.0828729281767957,-0.18232044198895025,-0.149171270718232,-0.20441988950276246,-0.21546961325966862,-0.3204419889502763,-0.23756906077348072,stop,1.73,SIDE,True,True,0.2219040801717964,0.4216177523264136
INFU,2022-10-18,RECON,SEEN,INFU|1d|inverse|2022-09-27|2022-10-03,True,True,True,8.09,7.491428571428571,8.945714285714285,6.1,7.0,0.10577432456295233,horizontal,success,CLEAN,CLEAN,4.0,,,BREAKOUT→TARGET,0.16810877626699616,-0.050679851668726794,0.3448702101359704,-0.13844252163164406,0.04820766378244756,0.06798516687268252,0.08281829419035835,0.09888751545117436,0.01977750309023496,0.08776266996291726,0.10012360939431408,0.23856613102595792,-0.08899876390605688,0.16810877626699616,target,7.68,BEAR,False,True,0.15815324165029435,0.3850687622789786
LODE,2020-05-20,RECON,TEST,LODE|1d|inverse|2020-02-27|2020-03-19,True,True,True,6.62,5.687428571428571,8.316885714285714,3.3,4.45,0.2563271471730686,horizontal,success,CLEAN,CLEAN,11.0,,,BREAKOUT→SIDEWAYS→TARGET,0.661631419939577,-0.1465256797583081,2.202416918429003,-0.1465256797583081,0.03202416918428996,-0.014048338368580104,-0.007099697885196377,0.025528700906344293,0.1906344410876133,0.3418429003021146,0.019033232628398844,0.661631419939577,0.6767371601208458,0.2563271471730686,target,0.5978,BEAR,True,False,0.2825678304049724,0.0760613271615
MITQ,2022-08-19,RECON,SEEN,MITQ|1d|inverse|2022-07-01|2022-07-26,True,True,True,1.7,1.407595652173913,1.7655739130434782,1.045,1.25,0.03857289002557551,horizontal,success,STOP,STOP,,13.0,25.0,BREAKOUT→FAILURE,0.0117647058823529,-0.4117647058823529,0.0117647058823529,-0.4411764705882353,-0.00588235294117645,-0.01764705882352946,-0.04705882352941171,-0.11176470588235288,-0.18823529411764706,-0.34705882352941164,-0.3411764705882352,-0.30000000000000004,-0.2823529411764706,-0.3411764705882352,stop,1.48,BEAR,False,False,0.13967328596587064,-0.09777130017610958
MLSS,2026-04-21,RECON,SEEN,MLSS|1d|inverse|2025-12-30|2026-01-22,True,True,True,0.3549,0.31,0.40190000000000003,0.2181,0.24,0.1324316708932094,horizontal,success,CLEAN,CLEAN,2.0,,,BREAKOUT→TARGET,0.35981966751197514,-0.11834319526627213,0.6331360946745563,-0.1890673429134967,0.12144265990419845,0.13665821358129038,0.321499013806706,0.12764158918005064,-0.08424908424908417,0.098901098901099,-0.0419836573682727,0.10200056353902509,0.2510566356720203,0.1324316708932094,target,0.3152,BULL,False,True,-0.2937976060935799,0.6071817192600651
MTA,2024-07-11,RECON,SEEN,MTA|1d|inverse|2024-06-17|2024-07-02,True,True,True,3.12,2.9955555555555557,3.307777777777778,2.69,2.81,0.06018518518518512,horizontal,success,CLEAN,CLEAN,2.0,14.0,15.0,BREAKOUT→TARGET,0.0641025641025641,-0.2564102564102565,0.3076923076923077,-0.2564102564102565,0.04166666666666674,0.022435897435897356,-0.012820512820512886,-0.03525641025641035,-0.04807692307692302,-0.14743589743589747,-0.0705128205128206,0.03525641025641013,-0.009615384615384692,0.06018518518518512,target,3.1,BULL,True,True,0.2882562277580067,0.7046263345195737
MTA,2026-05-06,RECON,SEEN,MTA|1d|inverse|2026-03-19|2026-03-30,True,True,True,7.56,7.042222222222222,8.365455555555556,5.9501,6.37,0.10654174015285145,horizontal,success,CLEAN,CLEAN,59.0,,,BREAKOUT→SIDEWAYS→TARGET,0.0714285714285714,-0.1679894179894179,0.5343915343915344,-0.1679894179894179,-0.023809523809523725,0.007936507936507908,-0.015873015873015817,-0.12962962962962954,-0.050264550264550234,-0.10978835978835966,-0.12830687830687826,0.11111111111111116,0.3465608465608465,0.10654174015285145,target,7.15,BULL,True,True,0.23427463032471002,0.9445801949769504
MTNB,2022-06-02,RECON,SEEN,MTNB|1d|inverse|2022-04-28|2022-05-12,True,True,True,629.025,585.0,718.8,451.2,480.0,0.1427208775485871,horizontal,success,NEITHER,NEITHER,,,,BREAKOUT→NEITHER,0.1207821628711101,-0.21271014665553822,0.1207821628711101,-0.281626326457613,-0.012042446643614979,-0.11565518063669966,-0.13544771670442346,-0.21271014665553822,-0.046142840109693495,-0.022296411112435854,0.08501251937522358,-0.11768212710146653,-0.15905568141170856,-0.11768212710146653,time,11.8485,BEAR,False,True,-0.004484304932735596,0.4394618834080718
NG,2026-08-05,RECON,SEEN,NG|1d|inverse|2026-06-29|2026-07-17,True,True,True,7.59,6.595769230769231,8.141538461538461,5.075,5.64,0.07266646397081189,horizontal,success,,,,,,,0.30039525691699587,-0.1027667984189724,,,0.006587615283267345,0.011857707509881354,0.03689064558629784,0.046113306982872304,0.1488801054018447,0.06324110671936767,-0.030303030303030276,,,,,6.89,BULL,True,True,0.2975864642946007,0.6307539188852948
NML,2020-11-11,RECON,TEST,NML|1d|inverse|2020-09-11|2020-10-02,True,True,True,2.99,2.7487500000000002,3.1625000000000005,2.3,2.37,0.05769230769230771,horizontal,success,CLEAN,CLEAN,3.0,,,BREAKOUT→TARGET,0.24080267558528412,-0.018394648829431537,0.4648829431438126,-0.018394648829431537,0.010033444816053505,0.020066889632106788,0.08361204013377921,0.11036789297658856,0.11036789297658856,0.21739130434782594,0.1270903010033444,0.29431438127090304,0.4013377926421404,0.05769230769230771,target,2.8,BULL,False,True,0.16918429003021204,0.4833836858006043
PLX,2020-06-08,RECON,TEST,PLX|1d|inverse|2020-05-04|2020-05-14,True,True,True,4.12,3.6325,4.495,2.81,3.22,0.09101941747572817,horizontal,success,NEITHER,NEITHER,,,,BREAKOUT→NEITHER,0.050970873786407855,-0.18689320388349517,0.050970873786407855,-0.191747572815534,0.014563106796116498,-0.021844660194174748,-0.00728155339805836,-0.05339805825242727,-0.09466019417475735,-0.11893203883495151,-0.1310679611650486,-0.15048543689320393,-0.15291262135922323,-0.15048543689320393,time,3.85,SIDE,False,False,0.1275362318840578,-0.4985507246376812
QNC,2025-09-18,RECON,SEEN,QNC|1d|inverse|2025-08-01|2025-08-20,True,True,True,1.124,1.0258533333333333,1.3216333333333332,0.69314,0.78,0.17583036773428207,horizontal,success,CLEAN,CLEAN,9.0,,,BREAKOUT→TARGET,2.274021352313167,-0.10142348754448405,2.8256227758007113,-0.10142348754448405,-0.06583629893238441,-0.05693950177935947,-0.024021352313167377,-0.030249110320284767,0.3989617437722419,0.8505338078291813,1.3487544483985765,1.9813167259786475,2.1663701067615655,0.17583036773428207,target,1.06,BULL,True,True,0.2704712962336874,0.6368246669822163
REPX,2022-10-18,RECON,SEEN,REPX|1d|inverse|2022-09-16|2022-09-26,True,True,True,28.92,24.398,32.65133333333333,15.91,21.3077,0.12902259105578606,horizontal,success,CLEAN,CLEAN,13.0,,,BREAKOUT→SIDEWAYS→TARGET,0.17531120331950212,-0.1275933609958506,0.26175311203319485,-0.132088520055325,-0.050484094052558826,-0.01970954356846477,-0.005878284923928168,0.03146611341632077,0.10892116182572598,0.14211618257261405,-0.12136929460580914,0.22026279391424608,0.15214384508990308,0.12902259105578606,target,25.7,BEAR,True,True,0.4652665589660743,0.55735056542811
TMQ,2016-11-28,RECON,TRAIN,TMQ|1d|inverse|2016-10-28|2016-11-09,True,True,True,0.57,0.5247727272727273,0.6389272727272728,0.414,0.48,0.12092503987240844,horizontal,success,NEITHER,STOP,,5.0,,BREAKOUT→NEITHER,0.03157894736842115,-0.22140350877192982,0.4035087719298247,-0.22140350877192982,-0.017192982456140204,-0.08649122807017529,-0.11403508771929816,-0.17543859649122806,-0.19157894736842096,-0.08771929824561397,-0.12087719298245603,-0.17719298245614035,0.21052631578947367,-0.17543859649122806,stop,0.5552,BULL,False,True,0.1138807039898061,0.5781635741020945
TOVX,2019-09-11,RECON,TEST,TOVX|1d|inverse|2019-08-05|2019-08-26,True,True,True,134.925,123.1421875,155.9109375,91.25,110.225,0.15553779877709828,horizontal,success,NEITHER,STOP,,7.0,,BREAKOUT→NEITHER,0.0005558643690939391,-0.295905132481008,0.1487863627941448,-0.295905132481008,-0.005002779321845563,-0.016120066703724345,-0.13822493978136008,-0.1426718547341116,-0.15934778580692988,-0.2744117102093756,-0.2204928664072634,-0.2403186955716139,0.02371687974800807,-0.21159903650176026,stop,0.5099,BULL,False,True,0.11443829868395958,0.6637421323669656
VNRX,2025-06-03,RECON,SEEN,VNRX|1d|inverse|2025-04-24|2025-05-19,True,True,True,11.54,10.631199999999998,13.472399999999997,7.902,9.5,0.1674523396880414,horizontal,success,CLEAN,CLEAN,6.0,,,BREAKOUT→TARGET,0.6291161178509534,-0.0660311958405545,0.6291161178509534,-0.2412478336221836,-0.03986135181975725,-0.03518197573656834,-0.02807625649913348,0.032928942807625816,0.5944540727902947,0.16707105719237436,0.3431542461005199,0.1493934142114386,-0.20155979202772956,0.1674523396880414,target,0.5389,BEAR,True,False,0.21680979867661543,0.17527805152752368
VZLA,2026-08-05,RECON,SEEN,VZLA|1d|inverse|2026-06-24|2026-07-08,True,True,True,4.04,3.5630769230769235,4.2,2.88,3.02,0.03960396039603964,horizontal,success,,,,,,,,,,,-0.004950495049505066,0.02970297029702973,-0.00990099009900991,-0.044554455445544594,0.012376237623762387,0.0,,,,,,3.59,BULL,False,True,0.09420289855072475,0.4474637681159424
ZONE,2025-07-22,RECON,SEEN,ZONE|1d|inverse|2025-06-16|2025-06-30,True,True,True,4.1,3.4941176470588236,4.700294117647059,2.31,3.077,0.14641319942611197,horizontal,success,CLEAN,CLEAN,18.0,33.0,37.0,BREAKOUT→SIDEWAYS→TARGET,0.9073170731707318,-0.36829268292682926,0.9073170731707318,-0.937560975609756,-0.01585365853658527,0.0,-0.01707317073170722,-0.02195121951219514,-0.04146341463414627,0.582926829268293,-0.02682926829268284,-0.7170731707317073,-0.9231463414634147,0.14641319942611197,target,3.57,SIDE,True,False,0.3394196537429893,-0.6715435259692759
EONR,2025-09-16,RECON2,SEEN,EONR|1d|inverse|2025-06-30|2025-08-06,True,True,True,0.506,0.41,0.5534999999999999,0.2665,0.3272,0.09387351778656106,horizontal,success,CLEAN,CLEAN,9.0,,,BREAKOUT→TARGET,0.45770750988142295,-0.18972332015810278,0.45770750988142295,-0.28280632411067197,-0.031620553359683834,-0.074901185770751,-0.09703557312252975,-0.1699604743083004,0.06679841897233185,-0.08675889328063235,-0.05434782608695654,-0.22529644268774707,-0.11264822134387353,0.09387351778656106,target,0.4469,BULL,True,True,0.3637630662020905,0.515679442508711
GENC,2017-04-03,RECON2,TRAIN,GENC|1d|inverse|2017-02-08|2017-03-08,True,True,True,15.7,15.039473684210527,16.801315789473684,13.325,14.5,0.0701475025142475,horizontal,success,CLEAN,CLEAN,12.0,,,BREAKOUT→SIDEWAYS→TARGET,0.09554140127388533,-0.0414012738853502,0.09554140127388533,-0.0414012738853502,-0.01273885350318471,0.01273885350318471,-0.006369426751592355,-0.01273885350318471,0.031847133757961776,0.03821656050955413,0.015923566878981,0.031847133757961776,0.0031847133757962887,0.0701475025142475,target,15.35,BULL,True,True,0.3689320388349517,0.6421687826736376
IAUX,2023-12-14,RECON2,SEEN,IAUX|1d|inverse|2023-10-04|2023-11-08,True,True,True,1.81,1.6683870967741934,2.1190322580645162,1.25,1.41,0.1707360541792906,horizontal,success,STOP,STOP,,31.0,34.0,BREAKOUT→FAILURE,0.03867403314917128,-0.22099447513812165,0.03867403314917128,-0.3646408839779006,0.016574585635359185,0.03867403314917128,-0.0055248618784530246,-0.0828729281767957,-0.18232044198895025,-0.149171270718232,-0.20441988950276246,-0.21546961325966862,-0.3204419889502763,-0.23756906077348072,stop,1.73,SIDE,True,True,0.2219040801717964,0.4216177523264136
MTA,2024-07-11,RECON2,SEEN,MTA|1d|inverse|2024-06-17|2024-07-02,True,True,True,3.12,2.9955555555555557,3.307777777777778,2.69,2.81,0.06018518518518512,horizontal,success,CLEAN,CLEAN,2.0,14.0,15.0,BREAKOUT→TARGET,0.0641025641025641,-0.2564102564102565,0.3076923076923077,-0.2564102564102565,0.04166666666666674,0.022435897435897356,-0.012820512820512886,-0.03525641025641035,-0.04807692307692302,-0.14743589743589747,-0.0705128205128206,0.03525641025641013,-0.009615384615384692,0.06018518518518512,target,3.1,BULL,True,True,0.2882562277580067,0.7046263345195737
MTA,2026-05-06,RECON2,SEEN,MTA|1d|inverse|2026-03-19|2026-03-30,True,True,True,7.56,7.042222222222222,8.365455555555556,5.9501,6.37,0.10654174015285145,horizontal,success,CLEAN,CLEAN,59.0,,,BREAKOUT→SIDEWAYS→TARGET,0.0714285714285714,-0.1679894179894179,0.5343915343915344,-0.1679894179894179,-0.023809523809523725,0.007936507936507908,-0.015873015873015817,-0.12962962962962954,-0.050264550264550234,-0.10978835978835966,-0.12830687830687826,0.11111111111111116,0.3465608465608465,0.10654174015285145,target,7.15,BULL,True,True,0.23427463032471002,0.9445801949769504
NG,2026-08-05,RECON2,SEEN,NG|1d|inverse|2026-06-29|2026-07-17,True,True,True,7.59,6.595769230769231,8.141538461538461,5.075,5.64,0.07266646397081189,horizontal,success,,,,,,,0.30039525691699587,-0.1027667984189724,,,0.006587615283267345,0.011857707509881354,0.03689064558629784,0.046113306982872304,0.1488801054018447,0.06324110671936767,-0.030303030303030276,,,,,6.89,BULL,True,True,0.2975864642946007,0.6307539188852948
QNC,2025-09-18,RECON2,SEEN,QNC|1d|inverse|2025-08-01|2025-08-20,True,True,True,1.124,1.0258533333333333,1.3216333333333332,0.69314,0.78,0.17583036773428207,horizontal,success,CLEAN,CLEAN,9.0,,,BREAKOUT→TARGET,2.274021352313167,-0.10142348754448405,2.8256227758007113,-0.10142348754448405,-0.06583629893238441,-0.05693950177935947,-0.024021352313167377,-0.030249110320284767,0.3989617437722419,0.8505338078291813,1.3487544483985765,1.9813167259786475,2.1663701067615655,0.17583036773428207,target,1.06,BULL,True,True,0.2704712962336874,0.6368246669822163
REPX,2022-10-18,RECON2,SEEN,REPX|1d|inverse|2022-09-16|2022-09-26,True,True,True,28.92,24.398,32.65133333333333,15.91,21.3077,0.12902259105578606,horizontal,success,CLEAN,CLEAN,13.0,,,BREAKOUT→SIDEWAYS→TARGET,0.17531120331950212,-0.1275933609958506,0.26175311203319485,-0.132088520055325,-0.050484094052558826,-0.01970954356846477,-0.005878284923928168,0.03146611341632077,0.10892116182572598,0.14211618257261405,-0.12136929460580914,0.22026279391424608,0.15214384508990308,0.12902259105578606,target,25.7,BEAR,True,True,0.4652665589660743,0.55735056542811
